﻿<?xml version="1.0" encoding="utf-8" standalone="no" ?>
<vehicle type="baseAttachable_attacherJointControl" xmlns:xsi="http://www.w3.org/2001/XMLSchema-instance" xsi:noNamespaceSchemaLocation="https://validation.gdn.giants-software.com/xml/schema/vehicle.xsd">
    <storeData>
        <name>$l10n_name_adattatore</name>
        <specs>
            <combination filterCategory="teleLoaderVehicles"/>
            <combination filterCategory="tractorsS"/>
            <combination filterCategory="tractorsM"/>
        </specs>
        <functions>
            <function>$l10n_function_adapterTT</function>
        </functions>
        <image>image/store_adattatore_implements.png</image>
        <price>1300</price>
        <lifetime>600</lifetime>
        <rotation>0</rotation>
        <brand>CSZ</brand>
        <category>misc</category>
        <shopTranslationOffset>0 0 -0.5</shopTranslationOffset>
        <shopLoadingDelay initial="0.4"/>
        <vertexBufferMemoryUsage>275456</vertexBufferMemoryUsage>
        <indexBufferMemoryUsage>50944</indexBufferMemoryUsage>
        <textureMemoryUsage>458752</textureMemoryUsage>
        <audioMemoryUsage>0</audioMemoryUsage>
        <instanceVertexBufferMemoryUsage>0</instanceVertexBufferMemoryUsage>
        <instanceIndexBufferMemoryUsage>0</instanceIndexBufferMemoryUsage>
    </storeData>
    <base>
        <typeDesc>$l10n_typeDesc_tool</typeDesc>
        <filename>filename/adattatoreCSZ.i3d</filename>
        <size width="2" length="2"/>
        <components>
            <component centerOfMass="0 0 0" solverIterationCount="10" mass="150"/>
        </components>
        <schemaOverlay attacherJointPosition="0 0" name="IMPLEMENT"/>
        <mapHotspot type="TOOL"/>
    </base>
    <attachable>
        <inputAttacherJoints>
            <inputAttacherJoint node="0>0" topReferenceNode="0>1" jointType="implement" isControllable="true" lowerRotLimitScale="0 0 0" upperRotLimitScale="0 0 0" lowerTransLimitScale="0 0 0" upperTransLimitScale="0 0 0" upperRotationOffset="0">
                <distanceToGround lower="0" upper="2"/>
            </inputAttacherJoint>
        </inputAttacherJoints>
    </attachable>
    <attacherJoints>
        <attacherJoint node="0>2|0" jointType="telehandler" allowsJointLimitMovement="false" allowsLowering="false" rotLimitSpring="7500 7500 7500" rotLimitDamping="2 2 2" transLimitSpring="7500 7500 7500" transLimitDamping="5 5 5">
            <schema position="1 0" rotation="0" invertX="false"/>
        </attacherJoint>
        <sounds>
            <attach template="ATTACH_01" linkNode="0>"/>
            <hydraulic template="defaultHydraulicSound" linkNode="0>"/>
        </sounds>
    </attacherJoints>
    <attacherJointControl>
        <control controlFunction="controlAttacherJointHeight" controlAxis="AXIS_HYDRAULICATTACHER1" invertControlAxis="true" mouseSpeedFactor="1" iconName="IMPLEMENT_ATTACHER_TRANS"/>
        <control controlFunction="controlAttacherJointTilt"   controlAxis="AXIS_HYDRAULICATTACHER2" invertControlAxis="true" mouseSpeedFactor="1" iconName="IMPLEMENT_ATTACHER_ROTX"/>
        <sounds>
            <hydraulic template="defaultHydraulicSound" linkNode="0>"/>
        </sounds>
    </attacherJointControl>
    <connectionHoses>
        <hose inputAttacherJointIndices="1" type="hydraulicIn" node="0>4|0|0" length="0.4" diameter="0.02" color="0.05 0.05 0.05 5" isTwoPointHose="true">
            <objectChange node="0>4|0|2" visibilityActive="false" visibilityInactive="true"/>
        </hose>
        <hose inputAttacherJointIndices="1" type="hydraulicOut" node="0>4|0|1" length="0.4" diameter="0.02" color="0.05 0.05 0.05 5" isTwoPointHose="true"/>
        <localHose>
            <hose type="hydraulicIn" node="0>4|0|2|0" length="0.4" diameter="0.02" color="0.05 0.05 0.05 5"/>
            <target type="none" node="0>4|0|2|2|1"/>
        </localHose>
        <localHose>
            <hose type="hydraulicOut" node="0>4|0|2|1" length="0.4" diameter="0.02" color="0.05 0.05 0.05 5"/>
            <target type="none" node="0>4|0|2|2|0"/>
        </localHose>
        <localHose>
            <hose type="hydraulicOut" node="0>3|0|1" length="0.2" diameter="0.02" color="0.05 0.05 0.05 5"/>
            <target type="none" node="0>4|1|0" isTwoPointHose="true"/>
        </localHose>
        <localHose>
            <hose type="hydraulicOut" node="0>3|0|2" length="0.2" diameter="0.02" color="0.05 0.05 0.05 5"/>
            <target type="none" node="0>4|1|1" isTwoPointHose="true"/>
        </localHose>
        <target attacherJointIndices="1" type="hydraulicIn" node="0>4|2|0" socket="hydraulic01"/>
        <target attacherJointIndices="1" type="hydraulicOut" node="0>4|2|1" socket="hydraulic02"/>
    </connectionHoses>
    <dynamicallyLoadedParts>
        <dynamicallyLoadedPart node="1|0" linkNode="0>4|0|2|2|1" filename="$data/shared/connectionHoses/connectors.i3d" shaderParameterName="colorMat0" shaderParameter="0.3587 0.0328 0.0352 1"/>
        <dynamicallyLoadedPart node="1|0" linkNode="0>4|0|2|2|0" filename="$data/shared/connectionHoses/connectors.i3d" shaderParameterName="colorMat0" shaderParameter="0.6730 0.4783 0.0230 1"/>
    </dynamicallyLoadedParts>
    <cylindered>
        <movingTools>
            <movingTool node="0>2" playSound="true">
                <controls axis="AXIS_FRONTLOADER_ARM2" invertAxis="false" mouseSpeedFactor="1" iconName="CRANE_ARM2_ROTATE_TOOL"/>
                <attacherJoint jointIndices="1"/>
                <rotation rotSpeed="50" rotAcceleration="300" rotMax="75" rotMin="-18" startRot="-18" syncMaxRotLimits="true"/>
                <dependentPart node="0>3|0"/>
            </movingTool>
        </movingTools>
        <movingParts>
            <movingPart node="0>3|0" referencePoint="0>2|1" referenceFrame="0>" limitedAxis="1">
                <translatingPart node="0>3|0|0"/>
            </movingPart>
        </movingParts>
        <sounds>
            <hydraulic template="defaultHydraulicSound" linkNode="0>"/>
        </sounds>
    </cylindered>
    <tensionBeltObject>
        <meshNodes>
            <meshNode node="0>2|2"/>
            <meshNode node="0>3|0"/>
            <meshNode node="0>4"/>
            <meshNode node="0>5"/>
        </meshNodes>
    </tensionBeltObject>
    <ai>
        <agentAttachment width="1" height="1" length="1.5" lengthOffset="-0.5"/>
    </ai>
    <foliageBending>
        <bendingNode minX="0.5" maxX="-0.5" minZ="1" maxZ="0" yOffset="0.02"/>
    </foliageBending>
    <wearable wearDuration="480" workMultiplier="5" fieldMultiplier="2"/>
    <washable dirtDuration="90" washDuration="1" workMultiplier="6" fieldMultiplier="2"/>
</vehicle>