﻿<?xml version="1.0" encoding="utf-8" standalone="no" ?>
<vehicle type="fuelTrailer_attacherJointControl" xmlns:xsi="http://www.w3.org/2001/XMLSchema-instance" xsi:noNamespaceSchemaLocation="https://validation.gdn.giants-software.com/xml/schema/vehicle.xsd">
    <storeData>
        <name>$l10n_name_cestello</name>
        <specs>
            <combination filterCategory="tractorsS"/>
            <combination filterCategory="tractorsM"/>
            <combination filterCategory="tractorsL"/>
        </specs>
        <functions>
            <function>$l10n_function_cestello</function>
        </functions>
        <image>image/store_cestello_implements.png</image>
        <price>700</price>
        <lifetime>600</lifetime>
        <rotation>0</rotation>
        <brand>CSZ</brand>
        <category>misc</category>
        <shopTranslationOffset>0 0.1 -0.5</shopTranslationOffset>
        <shopLoadingDelay initial="0.4"/>
        <vertexBufferMemoryUsage>594432</vertexBufferMemoryUsage>
        <indexBufferMemoryUsage>111360</indexBufferMemoryUsage>
        <textureMemoryUsage>10223616</textureMemoryUsage>
        <audioMemoryUsage>0</audioMemoryUsage>
        <instanceVertexBufferMemoryUsage>0</instanceVertexBufferMemoryUsage>
        <instanceIndexBufferMemoryUsage>0</instanceIndexBufferMemoryUsage>
    </storeData>
    <base>
        <typeDesc>$l10n_name_cestello</typeDesc>
        <filename>filename/cestello_crossplay.i3d</filename>
        <size width="3" length="3"/>
        <components>
            <component centerOfMass="0 0 0" solverIterationCount="10" mass="250"/>
        </components>
        <schemaOverlay attacherJointPosition="0 0" name="IMPLEMENT"/>
        <mapHotspot type="TOOL_TRAILED"/>
    </base>
    <configurationSets title="$l10n_infohud_fillType">
        <configurationSet name="$l10n_category_bigbags">
            <configuration name="fillUnit"      index="1"/>
            <configuration name="fillVolume"    index="1"/>
            <configuration name="dischargeable" index="1"/>
        </configurationSet>
        <configurationSet name="$l10n_category_tank">
            <configuration name="fillUnit"      index="2"/>
            <configuration name="fillVolume"    index="1"/>
            <configuration name="dischargeable" index="1"/>
        </configurationSet>
        <configurationSet name="$l10n_fillTypeGroup_bulk">
            <configuration name="fillUnit"      index="3"/>
            <configuration name="fillVolume"    index="2"/>
            <configuration name="dischargeable" index="2"/>
        </configurationSet>
        <configurationSet name="$l10n_fillType_silageAdditive">
            <configuration name="fillUnit"      index="4"/>
            <configuration name="fillVolume"    index="1"/>
            <configuration name="dischargeable" index="2"/>
        </configurationSet>
    </configurationSets>
    <attachable>
        <inputAttacherJointConfigurations>
            <inputAttacherJointConfiguration name="$l10n_configuration_inputAttacher3Point" vehicleIcon="image/store_cestello_implements.png" price="0">
                <inputAttacherJoint node="0>1|0" topReferenceNode="0>1|1" jointType="implement" isControllable="true" lowerRotLimitScale="0 0 0" upperRotLimitScale="0 0 0" lowerTransLimitScale="0 0 0" upperTransLimitScale="0 0 0" upperRotationOffset="0">
                    <distanceToGround lower="0" upper="2"/>
                </inputAttacherJoint>
                <objectChange node="0>" massActive="250"/>
                <objectChange node="0>1" scaleActive="1 1 1" visibilityActive="true" scaleInactive="0 0 0" visibilityInactive="false"/>
                <objectChange node="0>1|3|0" compoundChildActive="true" compoundChildInactive="false"/>
                <objectChange node="0>1|3|1" compoundChildActive="true" compoundChildInactive="false"/>
                <objectChange node="0>1|3|2" compoundChildActive="true" compoundChildInactive="false"/>
                <objectChange node="0>1|3|3" compoundChildActive="true" compoundChildInactive="false"/>
                <objectChange node="0>1|3|4" compoundChildActive="true" compoundChildInactive="false"/>
                <objectChange node="0>5" scaleActive="1 1 1"/>
            </inputAttacherJointConfiguration>
            <inputAttacherJointConfiguration name="$l10n_configuration_inputAttacherFrontLoader" vehicleIcon="image/store_cestello_frontLoaders.png" price="0">
                <inputAttacherJoint node="0>2|0" jointType="frontloader"/>
                <objectChange node="0>" massActive="150"/>
                <objectChange node="0>2" scaleActive="1 1 1" visibilityActive="true" scaleInactive="0 0 0" visibilityInactive="false"/>
                <objectChange node="0>2|2|0" compoundChildActive="true" compoundChildInactive="false"/>
                <objectChange node="0>2|2|1" compoundChildActive="true" compoundChildInactive="false"/>
                <objectChange node="0>2|2|2" compoundChildActive="true" compoundChildInactive="false"/>
                <objectChange node="0>2|2|3" compoundChildActive="true" compoundChildInactive="false"/>
                <objectChange node="0>2|2|4" compoundChildActive="true" compoundChildInactive="false"/>
                <objectChange node="0>5" scaleActive="0.825 0.825 0.825"/>
            </inputAttacherJointConfiguration>
            <inputAttacherJointConfiguration name="$l10n_configuration_inputAttacherTeleLoaders" vehicleIcon="image/store_cestello_teleLoaders.png" price="0">
                <inputAttacherJoint node="0>3|0" jointType="telehandler"/>
                <objectChange node="0>" massActive="200"/>
                <objectChange node="0>3" scaleActive="1 1 1" visibilityActive="true" scaleInactive="0 0 0" visibilityInactive="false"/>
                <objectChange node="0>3|2|0" compoundChildActive="true" compoundChildInactive="false"/>
                <objectChange node="0>3|2|1" compoundChildActive="true" compoundChildInactive="false"/>
                <objectChange node="0>3|2|2" compoundChildActive="true" compoundChildInactive="false"/>
                <objectChange node="0>3|2|3" compoundChildActive="true" compoundChildInactive="false"/>
                <objectChange node="0>3|2|4" compoundChildActive="true" compoundChildInactive="false"/>
                <objectChange node="0>5" scaleActive="0.95 0.95 0.95"/>
            </inputAttacherJointConfiguration>
            <inputAttacherJointConfiguration name="$l10n_configuration_inputAttacherWheelLoader" vehicleIcon="image/store_cestello_wheelLoaders.png" price="0">
                <inputAttacherJoint node="0>4|0" jointType="wheelLoader"/>
                <objectChange node="0>" massActive="250"/>
                <objectChange node="0>4" scaleActive="1 1 1" visibilityActive="true" scaleInactive="0 0 0" visibilityInactive="false"/>
                <objectChange node="0>4|2|0" compoundChildActive="true" compoundChildInactive="false"/>
                <objectChange node="0>4|2|1" compoundChildActive="true" compoundChildInactive="false"/>
                <objectChange node="0>4|2|2" compoundChildActive="true" compoundChildInactive="false"/>
                <objectChange node="0>4|2|3" compoundChildActive="true" compoundChildInactive="false"/>
                <objectChange node="0>4|2|4" compoundChildActive="true" compoundChildInactive="false"/>
                <objectChange node="0>5" scaleActive="1 1 1"/>
            </inputAttacherJointConfiguration>
        </inputAttacherJointConfigurations>
        <toolCameras>
            <toolCamera node="0>0|2|1|0" rotatable="true" rotateNode="0>0|2|1" limit="true" useWorldXZRotation="true" useWorldXZTranslation="true" rotMinX="-1.4" rotMaxX="1" transMin="1.5" transMax="18" translation="0 0 5.5" rotation="-17.5 180 0">
                <raycastNode node="0>0|2|1"/>
                <raycastNode node="0>0|2|2"/>
                <raycastNode node="0>0|2|3"/>
            </toolCamera>
        </toolCameras>
    </attachable>
    <attacherJointControl>
        <control controlFunction="controlAttacherJointHeight" controlAxis="AXIS_HYDRAULICATTACHER1" invertControlAxis="true" mouseSpeedFactor="0.3" iconName="IMPLEMENT_ATTACHER_TRANS"/>
        <sounds>
            <hydraulic template="defaultHydraulicSound" linkNode="0>"/>
        </sounds>
    </attacherJointControl>
    <animations>
        <animation name="bigBagAnimation0">
            <part node="0>5|2|0" startTime="0.000" endTime="0.001" visibility="false"/>
            <part node="0>5|2|0" startTime="0.001" endTime="1.000" visibility="true"/>
        </animation>
        <animation name="bigBagAnimation1">
            <part node="0>5|2|1" startTime="0.000" endTime="0.001" visibility="false"/>
            <part node="0>5|2|1" startTime="0.001" endTime="1.000" visibility="true"/>
        </animation>
        <animation name="tankAnimation0">
            <part node="0>5|3|0" startTime="0.000" endTime="0.001" visibility="false"/>
            <part node="0>5|3|0" startTime="0.001" endTime="1.000" visibility="true"/>
        </animation>
        <animation name="tankAnimation1">
            <part node="0>5|3|1" startTime="0.000" endTime="0.001" visibility="false"/>
            <part node="0>5|3|1" startTime="0.001" endTime="1.000" visibility="true"/>
        </animation>
        <animation name="silage_additive0">
            <part node="0>5|5|0" startTime="0.000" endTime="0.001" visibility="false"/>
            <part node="0>5|5|0" startTime="0.001" endTime="1.000" visibility="true"/>
            <part node="0>5|5|0|0|0|1|3" startTime="0.000" endTime="0.001" visibility="false"/>
            <part node="0>5|5|0|0|0|1|3" startTime="0.001" endTime="0.600" visibility="true"/>
            <part node="0>5|5|0|0|0|1|2" startTime="0.000" endTime="0.151" visibility="false"/>
            <part node="0>5|5|0|0|0|1|2" startTime="0.151" endTime="0.600" visibility="true"/>
            <part node="0>5|5|0|0|0|1|1" startTime="0.000" endTime="0.301" visibility="false"/>
            <part node="0>5|5|0|0|0|1|1" startTime="0.301" endTime="0.600" visibility="true"/>
            <part node="0>5|5|0|0|0|1|0" startTime="0.000" endTime="0.451" visibility="false"/>
            <part node="0>5|5|0|0|0|1|0" startTime="0.451" endTime="0.600" visibility="true"/>
            <part node="0>5|5|0|0|0|0|5" startTime="0.000" endTime="0.001" visibility="false"/>
            <part node="0>5|5|0|0|0|0|5" startTime="0.001" endTime="0.600" visibility="true"/>
            <part node="0>5|5|0|0|0|0|4" startTime="0.000" endTime="0.101" visibility="false"/>
            <part node="0>5|5|0|0|0|0|4" startTime="0.101" endTime="0.600" visibility="true"/>
            <part node="0>5|5|0|0|0|0|3" startTime="0.000" endTime="0.201" visibility="false"/>
            <part node="0>5|5|0|0|0|0|3" startTime="0.201" endTime="0.600" visibility="true"/>
            <part node="0>5|5|0|0|0|0|2" startTime="0.000" endTime="0.301" visibility="false"/>
            <part node="0>5|5|0|0|0|0|2" startTime="0.301" endTime="0.600" visibility="true"/>
            <part node="0>5|5|0|0|0|0|1" startTime="0.000" endTime="0.401" visibility="false"/>
            <part node="0>5|5|0|0|0|0|1" startTime="0.401" endTime="0.600" visibility="true"/>
            <part node="0>5|5|0|0|0|0|0" startTime="0.000" endTime="0.501" visibility="false"/>
            <part node="0>5|5|0|0|0|0|0" startTime="0.501" endTime="0.600" visibility="true"/>
        </animation>
        <animation name="silage_additive1">
            <part node="0>5|5|1" startTime="0.000" endTime="0.001" visibility="false"/>
            <part node="0>5|5|1" startTime="0.001" endTime="1.000" visibility="true"/>
            <part node="0>5|5|1|0|0|1|3" startTime="0.000" endTime="0.001" visibility="false"/>
            <part node="0>5|5|1|0|0|1|3" startTime="0.001" endTime="0.600" visibility="true"/>
            <part node="0>5|5|1|0|0|1|2" startTime="0.000" endTime="0.151" visibility="false"/>
            <part node="0>5|5|1|0|0|1|2" startTime="0.151" endTime="0.600" visibility="true"/>
            <part node="0>5|5|1|0|0|1|1" startTime="0.000" endTime="0.301" visibility="false"/>
            <part node="0>5|5|1|0|0|1|1" startTime="0.301" endTime="0.600" visibility="true"/>
            <part node="0>5|5|1|0|0|1|0" startTime="0.000" endTime="0.451" visibility="false"/>
            <part node="0>5|5|1|0|0|1|0" startTime="0.451" endTime="0.600" visibility="true"/>
            <part node="0>5|5|1|0|0|0|5" startTime="0.000" endTime="0.001" visibility="false"/>
            <part node="0>5|5|1|0|0|0|5" startTime="0.001" endTime="0.600" visibility="true"/>
            <part node="0>5|5|1|0|0|0|4" startTime="0.000" endTime="0.101" visibility="false"/>
            <part node="0>5|5|1|0|0|0|4" startTime="0.101" endTime="0.600" visibility="true"/>
            <part node="0>5|5|1|0|0|0|3" startTime="0.000" endTime="0.201" visibility="false"/>
            <part node="0>5|5|1|0|0|0|3" startTime="0.201" endTime="0.600" visibility="true"/>
            <part node="0>5|5|1|0|0|0|2" startTime="0.000" endTime="0.301" visibility="false"/>
            <part node="0>5|5|1|0|0|0|2" startTime="0.301" endTime="0.600" visibility="true"/>
            <part node="0>5|5|1|0|0|0|1" startTime="0.000" endTime="0.401" visibility="false"/>
            <part node="0>5|5|1|0|0|0|1" startTime="0.401" endTime="0.600" visibility="true"/>
            <part node="0>5|5|1|0|0|0|0" startTime="0.000" endTime="0.501" visibility="false"/>
            <part node="0>5|5|1|0|0|0|0" startTime="0.501" endTime="0.600" visibility="true"/>
        </animation>
    </animations>
    <fillUnit>
        <fillUnitConfigurations title="$l10n_infohud_fillType">
            <fillUnitConfiguration name="$l10n_category_bigbags" price="0">
                <fillUnits>
                    <unloading node="0>6" width="5" offset="0 0 0"/>
                    <fillUnit unitTextOverride="$l10n_unit_literShort" fillTypes="wheat fertilizer oat lime pigFood roadSalt seeds" capacity="1000" allowAILoading="true">
                        <fillLevelAnimation name="bigBagAnimation0" resetOnEmpty="true"/>
                        <exactFillRootNode node="0>7"/>
                        <fillTypeMaterials>
                            <material fillType="wheat" node="0>5|2|0|0" refNode="0>5|2|0|5"/>
                            <material fillType="fertilizer" node="0>5|2|0|0" refNode="0>5|2|0|7"/>
                            <material fillType="oat" node="0>5|2|0|0" refNode="0>5|2|0|4"/>
                            <material fillType="lime" node="0>5|2|0|0" refNode="0>5|2|0|3"/>
                            <material fillType="pigFood" node="0>5|2|0|0" refNode="0>5|2|0|2"/>
                            <material fillType="roadSalt" node="0>5|2|0|0" refNode="0>5|2|0|6"/>
                            <material fillType="seeds" node="0>5|2|0|0" refNode="0>5|2|0|1"/>
                        </fillTypeMaterials>
                    </fillUnit>
                    <fillUnit unitTextOverride="$l10n_unit_literShort" fillTypes="wheat fertilizer oat lime pigFood roadSalt seeds" capacity="1000" allowAILoading="true">
                        <fillLevelAnimation name="bigBagAnimation1" resetOnEmpty="true"/>
                        <exactFillRootNode node="0>7"/>
                        <fillTypeMaterials>
                            <material fillType="wheat" node="0>5|2|1|0" refNode="0>5|2|0|5"/>
                            <material fillType="fertilizer" node="0>5|2|1|0" refNode="0>5|2|0|7"/>
                            <material fillType="oat" node="0>5|2|1|0" refNode="0>5|2|0|4"/>
                            <material fillType="lime" node="0>5|2|1|0" refNode="0>5|2|0|3"/>
                            <material fillType="pigFood" node="0>5|2|1|0" refNode="0>5|2|0|2"/>
                            <material fillType="roadSalt" node="0>5|2|1|0" refNode="0>5|2|0|6"/>
                            <material fillType="seeds" node="0>5|2|1|0" refNode="0>5|2|0|1"/>
                        </fillTypeMaterials>
                    </fillUnit>
                    <fillTrigger litersPerSecond="1000"/>
                </fillUnits>
                <objectChange node="0>5|2" visibilityActive="true" visibilityInactive="false"/>
            </fillUnitConfiguration>
            <fillUnitConfiguration name="$l10n_category_tank" price="0">
                <fillUnits>
                    <unloading node="0>6" width="5" offset="0 0 0"/>
                    <fillUnit unitTextOverride="$l10n_unit_literShort" fillTypes="liquidFertilizer herbicide" capacity="2000" allowAILoading="true">
                        <fillLevelAnimation name="tankAnimation0" resetOnEmpty="true"/>
                        <exactFillRootNode node="0>7"/>
                        <fillTypeMaterials>
                            <material fillType="liquidFertilizer" node="0>5|3|0|0" refNode="0>5|3|0|0"/>
                            <material fillType="herbicide" node="0>5|3|0|0" refNode="0>5|3|0|1"/>
                        </fillTypeMaterials>
                    </fillUnit>
                    <fillUnit unitTextOverride="$l10n_unit_literShort" fillTypes="liquidFertilizer herbicide" capacity="2000" allowAILoading="true">
                        <fillLevelAnimation name="tankAnimation1" resetOnEmpty="true"/>
                        <exactFillRootNode node="0>7"/>
                        <fillTypeMaterials>
                            <material fillType="liquidFertilizer" node="0>5|3|1|0" refNode="0>5|3|0|0"/>
                            <material fillType="herbicide" node="0>5|3|1|0" refNode="0>5|3|0|1"/>
                        </fillTypeMaterials>
                    </fillUnit>
                    <fillTrigger litersPerSecond="1000"/>
                </fillUnits>
                <objectChange node="0>5|3" visibilityActive="true" visibilityInactive="false"/>
            </fillUnitConfiguration>
            <fillUnitConfiguration name="$l10n_fillTypeGroup_bulk" price="0">
                <fillUnits>
                    <unloading node="0>6" width="5" offset="0 0 0"/>
                    <fillUnit unitTextOverride="$l10n_unit_literShort" fillTypeCategories="BULK" capacity="1000">
                        <exactFillRootNode node="0>5|4|0|0|0|0"/>
                    </fillUnit>
                    <fillUnit unitTextOverride="$l10n_unit_literShort" fillTypeCategories="BULK" capacity="1000">
                        <exactFillRootNode node="0>5|4|1|0|0|0"/>
                    </fillUnit>
                    <fillTrigger litersPerSecond="1000"/>
                </fillUnits>
                <objectChange node="0>5|4" visibilityActive="true" visibilityInactive="false"/>
            </fillUnitConfiguration>
            <fillUnitConfiguration name="$l10n_fillType_silageAdditive" price="0">
                <fillUnits>
                    <unloading node="0>6" width="5" offset="0 0 0"/>
                    <fillUnit unitTextOverride="$l10n_unit_literShort" fillTypes="silage_additive" capacity="59.5">
                        <fillLevelAnimation name="silage_additive0" resetOnEmpty="true"/>
                        <exactFillRootNode node="0>7"/>
                    </fillUnit>
                    <fillUnit unitTextOverride="$l10n_unit_literShort" fillTypes="silage_additive" capacity="59.5">
                        <fillLevelAnimation name="silage_additive1" resetOnEmpty="true"/>
                        <exactFillRootNode node="0>7"/>
                    </fillUnit>
                    <fillTrigger litersPerSecond="2"/>
                </fillUnits>
                <objectChange node="0>5|5" visibilityActive="true" visibilityInactive="false"/>
            </fillUnitConfiguration>
        </fillUnitConfigurations>
    </fillUnit>
    <fillTriggerVehicle triggerNode="0>7" litersPerSecond="1000"/>
    <fillVolume>
        <fillVolumeConfigurations>
            <fillVolumeConfiguration/>
            <fillVolumeConfiguration>
                <volumes>
                    <volume node="0>5|4|0|0|0|1" maxAllowedHeapAngle="10" fillUnitIndex="1"/>
                    <volume node="0>5|4|1|0|0|1" maxAllowedHeapAngle="10" fillUnitIndex="2"/>
                </volumes>
            </fillVolumeConfiguration>
        </fillVolumeConfigurations>
    </fillVolume>
    <dischargeable>
        <dischargeableConfigurations>
            <dischargeableConfiguration/>
            <dischargeableConfiguration>
                <dischargeNode node="0>8|0" emptySpeed="250" fillUnitIndex="1" maxDistance="6" canStartDischargeAutomatically="true"/>
                <dischargeNode node="0>8|1" emptySpeed="250" fillUnitIndex="2" maxDistance="6" canStartDischargeAutomatically="true"/>
            </dischargeableConfiguration>
        </dischargeableConfigurations>
    </dischargeable>
    <tensionBeltObject>
        <meshNodes>
            <meshNode node="0>1|3|0"/>
            <meshNode node="0>1|3|1"/>
            <meshNode node="0>1|3|2"/>
            <meshNode node="0>1|3|3"/>
            <meshNode node="0>1|3|4"/>
        </meshNodes>
    </tensionBeltObject>
    <ai>
        <agentAttachment width="2.2" height="1.5" length="1" lengthOffset="-0.5"/>
    </ai>
    <foliageBending>
        <bendingNode minX="1.1" maxX="-1.1" minZ="0" maxZ="0.5" yOffset="0.02"/>
    </foliageBending>
    <wearable wearDuration="480" workMultiplier="5" fieldMultiplier="2"/>
    <washable dirtDuration="90" washDuration="1" workMultiplier="6" fieldMultiplier="2"/>
</vehicle>
