<?xml version="1.0" encoding="utf-8" standalone="no" ?>
<vehicle type="leveler" xmlns:xsi="http://www.w3.org/2001/XMLSchema-instance" xsi:noNamespaceSchemaLocation="https://validation.gdn.giants-software.com/xml/schema/vehicle.xsd">
    <parentFile xmlFilename="xmlFilename/lamaDozer.xml">
        <attributes>
            <set path="vehicle.storeData.storePacks.storePack" value="STARTER_CHAFF"/>
            <set path="vehicle.storeData.category" value="leveler"/>
            <set path="vehicle.storeData.showInStore" value="true"/>
         </attributes>
    </parentFile>
    <storeData>
        <name>$l10n_name_lamaDozer</name>
        <image>image/store_lamaDozer.png</image>
        <brand>CSZ</brand>
        <category>leveler</category>
        <vertexBufferMemoryUsage>0</vertexBufferMemoryUsage>
        <indexBufferMemoryUsage>0</indexBufferMemoryUsage>
        <textureMemoryUsage>0</textureMemoryUsage>
        <audioMemoryUsage>0</audioMemoryUsage>
        <instanceVertexBufferMemoryUsage>0</instanceVertexBufferMemoryUsage>
        <instanceIndexBufferMemoryUsage>0</instanceIndexBufferMemoryUsage>
    </storeData>
</vehicle>
