﻿<?xml version="1.0" encoding="utf-8" standalone="no" ?>
<vehicle type="turnOnShovel_attacherJointControl" xmlns:xsi="http://www.w3.org/2001/XMLSchema-instance" xsi:noNamespaceSchemaLocation="https://validation.gdn.giants-software.com/xml/schema/vehicle.xsd">
    <storeData>
        <name>$l10n_name_miscelatore</name>
        <specs>
            <combination filterCategory="tractorsS"/>
            <combination filterCategory="tractorsM"/>
            <combination filterCategory="tractorsL"/>
        </specs>
        <functions>
            <function>$l10n_function_decoration</function>
        </functions>
        <image>image/store_miscelatore_implements.png</image>
        <price>1000</price>
        <lifetime>600</lifetime>
        <rotation>180</rotation>
        <brand>CSZ</brand>
        <category>misc</category>
        <shopTranslationOffset>0 0.1 -2</shopTranslationOffset>
        <shopRotationOffset>0 180 0</shopRotationOffset>
        <shopLoadingDelay initial="0.4"/>
        <vertexBufferMemoryUsage>308992</vertexBufferMemoryUsage>
        <indexBufferMemoryUsage>51968</indexBufferMemoryUsage>
        <textureMemoryUsage>851968</textureMemoryUsage>
        <audioMemoryUsage>0</audioMemoryUsage>
        <instanceVertexBufferMemoryUsage>0</instanceVertexBufferMemoryUsage>
        <instanceIndexBufferMemoryUsage>0</instanceIndexBufferMemoryUsage>
    </storeData>
    <base>
        <typeDesc>$l10n_name_miscelatore</typeDesc>
        <filename>filename/miscelatore.i3d</filename>
        <size width="1.5" length="4"/>
        <components>
            <component centerOfMass="0 0 0" solverIterationCount="10" mass="300"/>
        </components>
        <schemaOverlay attacherJointPosition="0 0" name="IMPLEMENT"/>
        <mapHotspot type="TOOL"/>
    </base>
    <attachable>
        <inputAttacherJointConfigurations>
            <inputAttacherJointConfiguration name="$l10n_configuration_inputAttacher3Point" vehicleIcon="image/store_miscelatore_implements.png" price="0">
                <inputAttacherJoint node="0>1|0" topReferenceNode="0>1|1" jointType="implement" isControllable="true" lowerRotLimitScale="0 0 0" upperRotLimitScale="0 0 0" lowerTransLimitScale="0 0 0" upperTransLimitScale="0 0 0" upperRotationOffset="0">
                    <distanceToGround lower="0" upper="2"/>
                </inputAttacherJoint>
                <objectChange node="0>1" scaleActive="1 1 1" visibilityActive="true"/>
                <objectChange node="0>2" scaleActive="0 0 0" visibilityActive="false"/>
                <objectChange node="0>3" scaleActive="0 0 0" visibilityActive="false"/>
                <objectChange node="0>4" scaleActive="0 0 0" visibilityActive="false"/>
            </inputAttacherJointConfiguration>
            <inputAttacherJointConfiguration name="$l10n_configuration_inputAttacherTeleLoaders" vehicleIcon="image/store_miscelatore_teleLoaders.png" price="0">
                <inputAttacherJoint node="0>3|0" jointType="telehandler"/>
                <objectChange node="0>1" scaleActive="0 0 0" visibilityActive="false"/>
                <objectChange node="0>2" scaleActive="0 0 0" visibilityActive="false"/>
                <objectChange node="0>3" scaleActive="1 1 1" visibilityActive="true"/>
                <objectChange node="0>4" scaleActive="0 0 0" visibilityActive="false"/>
            </inputAttacherJointConfiguration>
            <inputAttacherJointConfiguration name="$l10n_configuration_inputAttacherWheelLoader" vehicleIcon="image/store_miscelatore_wheelLoaders.png" price="0">
                <inputAttacherJoint node="0>4|0" jointType="wheelLoader"/>
                <objectChange node="0>1" scaleActive="0 0 0" visibilityActive="false"/>
                <objectChange node="0>2" scaleActive="0 0 0" visibilityActive="false"/>
                <objectChange node="0>3" scaleActive="0 0 0" visibilityActive="false"/>
                <objectChange node="0>4" scaleActive="1 1 1" visibilityActive="true"/>
            </inputAttacherJointConfiguration>
        </inputAttacherJointConfigurations>
        <inputAttacherJoints>
            <inputAttacherJoint node="0>0|0" jointType="hookLift"/>
            <inputAttacherJoint node="0>0|1" jointType="hookLift"/>
            <inputAttacherJoint node="0>0|3" jointType="hookLift"/>
            <inputAttacherJoint node="0>0|4" jointType="hookLift"/>
        </inputAttacherJoints>
        <toolCameras>
            <toolCamera node="0>0|2|1|0" rotatable="true" rotateNode="0>0|2|1" limit="true" useWorldXZRotation="true" useWorldXZTranslation="true" rotMinX="-1.4" rotMaxX="1" transMin="1.5" transMax="18" translation="0 0 5.5" rotation="-17.5 180 0">
                <raycastNode node="0>0|2|1"/>
                <raycastNode node="0>0|2|2"/>
                <raycastNode node="0>0|2|3"/>
            </toolCamera>
        </toolCameras>
    </attachable>
    <configurationSets title="$l10n_configuration_attacherJoint">
        <configurationSet name="$l10n_configuration_inputAttacher3Point">
            <configuration name="inputAttacherJoint" index="1"/>
        </configurationSet>
        <configurationSet name="$l10n_configuration_inputAttacherTeleLoaders">
            <configuration name="inputAttacherJoint" index="2"/>
        </configurationSet>
        <configurationSet name="$l10n_configuration_inputAttacherWheelLoader">
            <configuration name="inputAttacherJoint" index="3"/>
        </configurationSet>
    </configurationSets>
    <attacherJointControl maxTiltAngle="35">
        <control controlFunction="controlAttacherJointHeight" controlAxis="AXIS_HYDRAULICATTACHER1" invertControlAxis="true" mouseSpeedFactor="0.3" iconName="IMPLEMENT_ATTACHER_TRANS"/>
        <control controlFunction="controlAttacherJointTilt"   controlAxis="AXIS_HYDRAULICATTACHER2" invertControlAxis="true" mouseSpeedFactor="0.3" iconName="IMPLEMENT_ATTACHER_ROTX"/>
        <sounds>
            <hydraulic template="defaultHydraulicSound" linkNode="0>"/>
        </sounds>
    </attacherJointControl>
    <connectionHoses>
        <hose inputAttacherJointIndices="5" type="hydraulicIn" node="0>5|1|0" length="1" diameter="0.02" color="0.05 0.05 0.05 5" straighteningFactor="3.5">
            <objectChange node="0>5|1|2|0" visibilityActive="false" visibilityInactive="true"/>
            <objectChange node="0>5|1|2|2|0" visibilityActive="false" visibilityInactive="true"/>
        </hose>
        <hose inputAttacherJointIndices="5" type="hydraulicOut" node="0>5|1|1" length="1" diameter="0.02" color="0.05 0.05 0.05 5" straighteningFactor="3">
            <objectChange node="0>5|1|2|1" visibilityActive="false" visibilityInactive="true"/>
            <objectChange node="0>5|1|2|2|1" visibilityActive="false" visibilityInactive="true"/>
        </hose>
        <localHose>
            <hose type="hydraulicIn" node="0>5|1|2|0" length="2" diameter="0.02" color="0.05 0.05 0.05 5" isTwoPointHose="true" straighteningFactor="3.5"/>
            <target type="none" node="0>5|1|2|2|0"/>
        </localHose>
        <localHose>
            <hose type="hydraulicOut" node="0>5|1|2|1" length="2" diameter="0.02" color="0.05 0.05 0.05 5" isTwoPointHose="true" straighteningFactor="3"/>
            <target type="none" node="0>5|1|2|2|1"/>
        </localHose>
        <localHose>
            <hose type="hydraulicIn" node="0>5|1|3" length="0.2" diameter="0.02" color="0.05 0.05 0.05 5" isTwoPointHose="true"/>
            <target type="none" node="0>5|1|3|0"/>
        </localHose>
        <localHose>
            <hose type="hydraulicOut" node="0>5|1|4" length="0.2" diameter="0.02" color="0.05 0.05 0.05 5" isTwoPointHose="true"/>
            <target type="none" node="0>5|1|4|0"/>
        </localHose>
    </connectionHoses>
    <dynamicallyLoadedParts>
        <dynamicallyLoadedPart node="1|0" linkNode="0>5|1|2|2|0" filename="$data/shared/connectionHoses/connectors.i3d" shaderParameterName="colorMat0" shaderParameter="0.3587 0.0328 0.0352 1"/>
        <dynamicallyLoadedPart node="1|0" linkNode="0>5|1|2|2|1" filename="$data/shared/connectionHoses/connectors.i3d" shaderParameterName="colorMat0" shaderParameter="0.6730 0.4783 0.0230 1"/>
    </dynamicallyLoadedParts>
    <fillUnit>
        <fillUnitConfigurations>
            <fillUnitConfiguration>
                <fillUnits>
                    <fillUnit unitTextOverride="$l10n_unit_literShort" fillTypes="liquidManure" capacity="1" showOnHud="false" showInShop="false" showOnInfoHud="false"/>
                </fillUnits>
            </fillUnitConfiguration>
        </fillUnitConfigurations>
    </fillUnit>
    <turnOnVehicle>
        <animationNodes>
            <animationNode node="0>5|0|0|0" rotSpeed="1500" rotAxis="3" turnOnFadeTime="1" turnOffFadeTime="3"/>
        </animationNodes>
        <sounds>
            <work template="SILAGE_MIX_LOOP_01" linkNode="0>5|0|0"/>
            <start template="SILAGE_MIX_START_01" linkNode="0>5|0|0"/>
            <stop template="SILAGE_MIX_STOP_01" linkNode="0>5|0|0"/>
        </sounds>
    </turnOnVehicle>
    <tensionBeltObject>
        <meshNodes>
            <meshNode node="0>3|1"/>
            <meshNode node="0>4|1"/>
            <meshNode node="0>5"/>
            <meshNode node="0>5|0|0|0"/>
            <meshNode node="0>5|0|1"/>
        </meshNodes>
    </tensionBeltObject>
    <ai>
        <agentAttachment width="1.5" height="1.5" length="4" lengthOffset="-0.5"/>
    </ai>
    <foliageBending>
        <bendingNode minX="-0.2" maxX="0.2" minZ="-3.8" maxZ="0" yOffset="0.1"/>
    </foliageBending>
    <wearable wearDuration="480" workMultiplier="5" fieldMultiplier="2"/>
    <washable dirtDuration="90" washDuration="1" workMultiplier="6" fieldMultiplier="2"/>
</vehicle>
