﻿<?xml version="1.0" encoding="utf-8" standalone="no" ?>
<vehicle type="Devourer">
    <annotation>Copyright (C) raulycristi1 All Rights Reserved.</annotation>
	
    <storeData>
        <name>
            <en>Devour Trees</en>
            <de>Baumverschlinger</de>
            <es>Devora Arboles</es>
		</name>
        <functions>
            <function>$l10n_function_forestryWoodCrusher</function>
        </functions>
        <specs>
            <neededPower>150</neededPower>
        </specs>		
        <rotation>0</rotation>
        <image>store.dds</image>
        <price>25000</price>
        <lifetime>600</lifetime>
        <brand>LIZARD</brand>
        <category>wood</category>
        <shopTranslationOffset>0 1 0</shopTranslationOffset>
        <shopRotationOffset>0 0 0</shopRotationOffset>
        <vertexBufferMemoryUsage>822528</vertexBufferMemoryUsage>
        <indexBufferMemoryUsage>143360</indexBufferMemoryUsage>
        <textureMemoryUsage>983040</textureMemoryUsage>
        <audioMemoryUsage>0</audioMemoryUsage>
        <instanceVertexBufferMemoryUsage>0</instanceVertexBufferMemoryUsage>
        <instanceIndexBufferMemoryUsage>0</instanceIndexBufferMemoryUsage>
    </storeData>

    <base>
        <typeDesc>$l10n_typeDesc_woodCrusher</typeDesc>
        <filename>cometroncos.i3d</filename>
        <size width="3.5" length="7" lengthOffset="1" />
        <sounds volumeFactor="1.8"/>
        <components>
            <component centerOfMass="0 0 0" solverIterationCount="15" mass="950" />
        </components>
		
        <schemaOverlay name="IMPLEMENT" attacherJointPosition="0 0"/>
    </base>
	
    <configurationSets>
        <configurationSet name="$l10n_configuration_capacityX" params="50000" isDefault="true">
            <configuration name="fillUnit"      index="1" />
        </configurationSet>
		<configurationSet name="$l10n_configuration_0L">
            <configuration name="fillUnit"      index="2" />
        </configurationSet>
    </configurationSets>
	
	<attachable>
        <inputAttacherJoints>
            <inputAttacherJoint node="3punto2" jointType="implement" topReferenceNode="3punto1" lowerRotLimitScale="0 0 0" upperRotationOffset="1" lowerRotationOffset="0" needsLowering="false">
                <distanceToGround lower="0.5" upper="1" />
            </inputAttacherJoint>
        </inputAttacherJoints>
		
        <support animationName="moveSupport" />
    </attachable>	
	
    <powerTakeOffs>
        <input inputAttacherJointIndices="1" inputNode="ptoNode" aboveAttacher="true"/>
	</powerTakeOffs>
	
    <powerConsumer ptoRpm="600" neededMinPtoPower="5" neededMaxPtoPower="10" />

    <cylindered>
        <movingTools>
            <movingTool node="tubo">
            </movingTool>
            <movingTool node="pipe2EndBase_0">
            </movingTool>			
        </movingTools>	
		
        <sounds>
            <actionSound template="hydraulicLayerTone"    pitchScale="0.6" volumeScale="2"   linkNode="pipe2EndBase_0"      actionNames="TOOL_MOVE_POS TOOL_MOVE_NEG" nodes="pipe2EndBase_0" fadeIn="0.1" fadeOut="0.1"/>
            <actionSound template="defaultHydraulicSound" pitchScale="0.8" volumeScale="1.6" linkNode="pipe2EndBase_0"      actionNames="TOOL_MOVE_POS TOOL_MOVE_NEG" nodes="pipe2EndBase_0" fadeIn="0.1" fadeOut="0.1"/>
            <actionSound template="sheetImp02"            pitchScale="0.8" volumeScale="2"   linkNode="pipe2EndBase_0"      actionNames="TOOL_MOVE_END_POS_LIMIT"     nodes="pipe2EndBase_0"/>
            <actionSound template="clackVar6"             pitchScale="0.7" volumeScale="2"   linkNode="pipe2EndBase_0"      actionNames="TOOL_MOVE_END_POS_LIMIT"     nodes="pipe2EndBase_0"/>
            <actionSound template="clackVar6"             pitchScale="0.6" volumeScale="1.7" linkNode="pipe2EndBase_0"      actionNames="TOOL_MOVE_END_NEG_LIMIT"     nodes="pipe2EndBase_0"/>
            <actionSound template="sheetImp02"            pitchScale="0.8" volumeScale="2.3" linkNode="pipe2EndBase_0"      actionNames="TOOL_MOVE_END_NEG_LIMIT"     nodes="pipe2EndBase_0"/>
            <actionSound template="sheetImp02"            pitchScale="1"   volumeScale="2.3" linkNode="pipe2EndBase_0"      actionNames="TOOL_MOVE_END_NEG_LIMIT"     nodes="pipe2EndBase_0"/>
            <actionSound template="clackVar6"             pitchScale="1"   volumeScale="1"   linkNode="pipe2EndBase_0"      actionNames="TOOL_MOVE_END_NEG_LIMIT"     nodes="pipe2EndBase_0"/>
            <actionSound template="sheetImp02"            pitchScale="1.4" volumeScale="2.3" linkNode="pipe2EndBase_0"      actionNames="TOOL_MOVE_END_POS_LIMIT"     nodes="pipe2EndBase_0"/>
        </sounds>
    </cylindered>
	

	<connectionHoses>
        <hose inputAttacherJointIndices="1" type="hydraulicIn"        node="referencePoint_0"     length="1.5"     diameter="0.02"  minDeltaY="-0.3" />
        <hose inputAttacherJointIndices="1" type="hydraulicOut"       node="referencePoint_1"        length="1.5"     diameter="0.02"  minDeltaY="-0.3" />
    </connectionHoses>
	
    <treeSaw>
        <cutNode node="treeCutNode" sizeX=".01" sizeY="1.5" sizeZ="1.8" maxRadius="8" />
        
		<effects>
            <effectNode effectClass="ParticleEffect" effectNode="woodChipsEmitter1" particleType="CRUSHER_DUST" emitCountScale="500"/>
            <effectNode effectClass="ParticleEffect" effectNode="woodDustEmitter1" particleType="CRUSHER_DUST" emitCountScale="220"/>
        </effects>
        
		<sounds>
            <cut template="STUMP_CUTTER_WORK" linkNode="0>" />
        </sounds>
    </treeSaw>	
	
    <woodCrusher automaticallyTurnOn="false" cutNode="crusherCutNode" cutSizeY="1" cutSizeZ="1" moveColDisableCollisionPairs="false" mainDrumRefNode="drumMainRefNode" moveMaxForce="9" fillUnitIndex="1">
        <moveCollisions>
            <collision node="cube"/>
        </moveCollisions>
		
        <moveTriggers>
            <trigger node="moveTrigger"/>
        </moveTriggers>
		
        <downForceNodes>
            <downForceNode node="crusherCutNode" force="10"/>
        </downForceNodes>
		
		<animationNodes>
            <animationNode node="rulo1" rotSpeed="600"  rotAxis="3" turnOnFadeTime="2" turnOffFadeTime="5"/>
            <animationNode node="rulo2" rotSpeed="-800" rotAxis="3" turnOnFadeTime="2" turnOffFadeTime="5"/>
            <animationNode node="rulo3" rotSpeed="600"  rotAxis="3" turnOnFadeTime="2" turnOffFadeTime="5"/>
        </animationNodes>
		
		<sounds>
            <start template="WOOD_CHIPPER_START" 	linkNode="cometronco_component" />
            <idle  template="WOOD_CHIPPER_IDLE" 	linkNode="cometronco_component" />
            <work  template="WOOD_CHIPPER_WORK" 	linkNode="cometronco_component" />
            <stop  template="WOOD_CHIPPER_STOP" 	linkNode="cometronco_component" />
        </sounds>
    </woodCrusher>
	
    <stumpCutter>
		<cutNode node="stumpGrinderNode" cutSizeY="1.8" cutSizeZ="3.5" maxCutTime="1" maxRadius="20" maxResetCutTime="0.001"/>
		
        <effects>
            <effectNode effectClass="ParticleEffect" effectNode="woodChipsEmitter2" particleType="CRUSHER_WOOD" emitCountScale="500"/>
            <effectNode effectClass="ParticleEffect" effectNode="woodDustEmitter2" particleType="CRUSHER_WOOD" emitCountScale="220"/>
            <effectNode effectClass="ParticleEffect" effectNode="woodChipsEmitter3" particleType="CRUSHER_WOOD" emitCountScale="500"/>
            <effectNode effectClass="ParticleEffect" effectNode="woodDustEmitter3" particleType="CRUSHER_WOOD" emitCountScale="220"/>			
        </effects>
        
		<animationNodes>
            <animationNode node="rulo4" rotSpeed="1000"  rotAxis="3" turnOnFadeTime="2" turnOffFadeTime="5"/>
		</animationNodes>
        
		<sounds>
            <start template="STUMP_CUTTER_START" linkNode="cometronco_component" />
            <idle  template="STUMP_CUTTER_IDLE"  linkNode="cometronco_component" />
            <work file="$data/vehicles/prinoth/m650/sounds/mulcher_work_loop.wav" linkNode="cometronco_component" innerRadius="5.0" outerRadius="80.0" fadeOut="0.1">
                <volume indoor="0.5" outdoor="1.50" />
                <pitch indoor="1.0" outdoor="1.0" />
                <lowpassGain indoor="0.50" outdoor="1.00" />
            </work>
            <stop  template="STUMP_CUTTER_STOP"  linkNode="cometronco_component" />
        </sounds>
    </stumpCutter>	

    <fillUnit>
        <fillUnitConfigurations>
			<fillUnitConfiguration name="$l10n_configuration_capacityX" price="0" params="50000" >
                <fillUnits> 
                    <fillUnit shopDisplayUnit="CUBICMETER" fillTypes="woodChips" capacity="50000" showOnHud="true" updateMass="false"/>
                </fillUnits>
                <objectChange node="partebaja" visibilityActive="true" />
                <objectChange node="tubo" visibilityActive="true" />
                <objectChange node="trailerTriggers" visibilityActive="true" />
                <objectChange node="dischargeNode" visibilityActive="true" />
            </fillUnitConfiguration>
			<fillUnitConfiguration name="$l10n_configuration_0L" price="0" >
                <fillUnits>
                    <fillUnit shopDisplayUnit="CUBICMETER" fillTypes="woodChips" capacity="0" showOnHud="false" updateMass="false"/>
                </fillUnits>
                <objectChange node="partebaja" visibilityActive="false" />
                <objectChange node="tubo" visibilityActive="false" />
                <!--<objectChange node="trailerTriggers" visibilityActive="false" />
                <objectChange node="dischargeNode" visibilityActive="false" />-->
				<objectChange node="trailerTriggers" scaleActive="0 0 0" />
                <objectChange node="dischargeNode" scaleActive="0 0 0" />
            </fillUnitConfiguration>
        </fillUnitConfigurations>
    </fillUnit>

    <dischargeable>
		<dischargeNode node="dischargeNode" emptySpeed="5000" fillUnitIndex="1" maxDistance="32" stopDischargeOnEmpty="false">
            <info width="0.2" length="0.2" useRaycastHitPosition="true"/>
			<rayCast extraDistance="-1" maxDistance="18"/>

            <effects>
                <effectNode effectClass="PipeEffect" effectNode="effectGrain"     delay="0.6" materialType="pipe" 	   materialTypeId="1" maxBending="0.08" shapeScaleSpread="1.09 1 1 0" />
            </effects>
        </dischargeNode>
    </dischargeable>

    <pipe unloadingEffectStopTime="0.75" delay="2">
        <states num="2" unloading="2" autoAiming="2" turnOnAllowed="2"/>	
        <pipeNodes Index="2">
            <pipeNode node="tubo" rotationSpeeds="0 35 0" autoAimYRotation="true" autoAimInvertZ="false" foldPriority="1">
                <state rotation="0 0 0" />
                <state rotation="0 180 0"/>
            </pipeNode>
			
            <pipeNode node="pipe2EndBase_0" rotationSpeeds="20 0 0" autoAimXRotation="true" maxBending="0.08">
                <state rotation="-10 0 0"/>
                <state rotation="-10 0 0"/>
                <bendingRegulationNode node="raycastNode_0" axis="1" direction="1"/>
            </pipeNode>
         </pipeNodes>

        <unloadingTriggers>
            <unloadingTrigger node="trailerTrigger"  pipeState="2"/>
			<unloadingTrigger node="trailerTriggerL" pipeState="2"/>
			<unloadingTrigger node="trailerTriggerR" pipeState="2"/>
        </unloadingTriggers>
		
        <sounds>
            <actionSound template="hydraulicLayerTone"    pitchScale="0.6" volumeScale="2"   linkNode="tubo"      actionNames="TOOL_MOVE_POS TOOL_MOVE_NEG" nodes="tubo" fadeIn="0.1" fadeOut="0.1"/>
            <actionSound template="defaultHydraulicSound" pitchScale="0.8" volumeScale="1.6" linkNode="tubo"      actionNames="TOOL_MOVE_POS TOOL_MOVE_NEG" nodes="tubo" fadeIn="0.1" fadeOut="0.1"/>
            <actionSound template="sheetImp02"            pitchScale="0.8" volumeScale="2"   linkNode="tubo"      actionNames="TOOL_MOVE_END_POS_LIMIT"     nodes="tubo"/>
            <actionSound template="clackVar6"             pitchScale="0.7" volumeScale="2"   linkNode="tubo"      actionNames="TOOL_MOVE_END_POS_LIMIT"     nodes="tubo"/>
            <actionSound template="clackVar6"             pitchScale="0.6" volumeScale="1.7" linkNode="tubo"      actionNames="TOOL_MOVE_END_NEG_LIMIT"     nodes="tubo"/>
            <actionSound template="sheetImp02"            pitchScale="0.8" volumeScale="2.3" linkNode="tubo"      actionNames="TOOL_MOVE_END_NEG_LIMIT"     nodes="tubo"/>
            <actionSound template="sheetImp02"            pitchScale="1"   volumeScale="2.3" linkNode="tubo"      actionNames="TOOL_MOVE_END_NEG_LIMIT"     nodes="tubo"/>
            <actionSound template="clackVar6"             pitchScale="1"   volumeScale="1"   linkNode="tubo"      actionNames="TOOL_MOVE_END_NEG_LIMIT"     nodes="tubo"/>
            <actionSound template="sheetImp02"            pitchScale="1.4" volumeScale="2.3" linkNode="tubo"      actionNames="TOOL_MOVE_END_POS_LIMIT"     nodes="tubo"/>
        </sounds>
    </pipe>
	
    <animations>
        <animation name="moveSupport">
            <part node="support" startTime="0.0" endTime="0.15" startScale="0 0 0" endScale="1 1 1" startTrans="0 0 0" endTrans="0 0 0" />
        </animation>
    </animations>

    <turnOnVehicle turnOffIfNotAllowed="true"/>

    <foliageBending>
        <bendingNode minX="-0.805" maxX="0.805" minZ="-0.594" maxZ="0.956" yOffset="-0.389" />
    </foliageBending>
	
    <ai>
        <agentAttachment width="2.6" height="1.7" length="2.1" lengthOffset="0"/>
    </ai>
	
    <designConfigurations title="$l10n_configuration_real_unreal">
        <designConfiguration name="$l10n_configuration_real" price="0" >
            <objectChange node="partebaja" visibilityActive="false" visibilityInactive="true"/>
            <objectChange node="tubo" visibilityActive="false" visibilityInactive="true"/>
            <objectChange node="trailerTriggers" visibilityActive="false" visibilityInactive="true"/>
            <objectChange node="soporte_cables" visibilityActive="true" visibilityInactive="false"/>
        </designConfiguration>
        <designConfiguration name="$l10n_configuration_unreal" price="100000">
            <objectChange node="partebaja" visibilityActive="true" visibilityInactive="false"/>
            <objectChange node="tubo" visibilityActive="true" visibilityInactive="false"/>
            <objectChange node="trailerTriggers" visibilityActive="true" visibilityInactive="false"/>
            <objectChange node="soporte_cables" visibilityActive="false" visibilityInactive="true"/>
        </designConfiguration>
    </designConfigurations>	

    <baseMaterial>
        <material name="base_mat_ryc1" baseNode="base">
            <shaderParameter name="colorMat0" value="0.12 0.13 0.02 11"/>
        </material>
        <material name="soporte_cables_mat_ryc1" baseNode="soporte_cables">
            <shaderParameter name="colorMat0" value="0.12 0.13 0.02 11"/>
        </material>
    </baseMaterial>
	
	<baseMaterialConfigurations useDefaultColors="true" price="100" defaultColorIndex="8">
        <material name="base_mat_ryc1" shaderParameter="colorMat0" />
        <material name="soporte_cables_mat_ryc1" shaderParameter="colorMat0" />
    </baseMaterialConfigurations>
	
    <wearable wearDuration="2480" workMultiplier="5" fieldMultiplier="2"/>
    <washable dirtDuration="90" washDuration="1" workMultiplier="6" fieldMultiplier="2"/>

<i3dMappings>
  <i3dMapping id="cometronco_component" node="0>" />
  <i3dMapping id="base" node="0>0" />
  <i3dMapping id="Rollers" node="0>0|0" />
  <i3dMapping id="rulo1" node="0>0|0|0" />
  <i3dMapping id="drumMainRefNode" node="0>0|0|0|0" />
  <i3dMapping id="rulo2" node="0>0|0|1" />
  <i3dMapping id="rulo3" node="0>0|0|2" />
  <i3dMapping id="rulo4" node="0>0|0|3" />
  <i3dMapping id="tubo" node="0>0|1" />
  <i3dMapping id="pipe2EndBase_0" node="0>0|1|0" />
  <i3dMapping id="pipe2EndBase_1" node="0>0|1|0|0" />
  <i3dMapping id="pipeEffects" node="0>0|1|0|0|0" />
  <i3dMapping id="effectGrain" node="0>0|1|0|0|0|0" />
  <i3dMapping id="raycastNode_0" node="0>0|1|0|0|0|1" />
  <i3dMapping id="dischargeNode" node="0>0|1|0|0|0|2" />
  <i3dMapping id="raycastNode_1" node="0>0|1|0|0|0|3" />
  <i3dMapping id="attachers" node="0>0|2" />
  <i3dMapping id="3Punto" node="0>0|2|0" />
  <i3dMapping id="3punto1" node="0>0|2|0|0" />
  <i3dMapping id="3punto2" node="0>0|2|0|1" />
  <i3dMapping id="sphere_0" node="0>0|2|0|2" />
  <i3dMapping id="sphere_1" node="0>0|2|0|3" />
  <i3dMapping id="sphere_2" node="0>0|2|0|4" />
  <i3dMapping id="support" node="0>0|2|1" />
  <i3dMapping id="tipOcclusionArea" node="0>0|3" />
  <i3dMapping id="tipOcclusionAreaStart" node="0>0|3|0" />
  <i3dMapping id="tipOcclusionAreaWidth" node="0>0|3|1" />
  <i3dMapping id="tipOcclusionAreaHeight" node="0>0|3|2" />
  <i3dMapping id="oldAttachersNode" node="0>0|4" />
  <i3dMapping id="pto" node="0>0|5" />
  <i3dMapping id="ptoShroud" node="0>0|5|0" />
  <i3dMapping id="ptoNode" node="0>0|5|1" />
  <i3dMapping id="bruks" node="0>0|6" />
  <i3dMapping id="crusher" node="0>0|6|0" />
  <i3dMapping id="crusherCutNode" node="0>0|6|0|0" />
  <i3dMapping id="cube" node="0>0|6|0|0|0" />
  <i3dMapping id="crusherDownForceNode" node="0>0|6|0|1" />
  <i3dMapping id="crushParticles" node="0>0|6|0|2" />
  <i3dMapping id="woodEmitter" node="0>0|6|0|2|0" />
  <i3dMapping id="dustEmitter" node="0>0|6|0|2|1" />
  <i3dMapping id="woodEmitter1" node="0>0|6|0|2|2" />
  <i3dMapping id="dustEmitter1" node="0>0|6|0|2|3" />
  <i3dMapping id="moveTrigger" node="0>0|6|0|3" />
  <i3dMapping id="tableMoveCol" node="0>0|6|0|4" />
  <i3dMapping id="treeSaw" node="0>0|6|1" />
  <i3dMapping id="treeCutNode" node="0>0|6|1|0" />
  <i3dMapping id="cutWidth" node="0>0|6|1|0|0" />
  <i3dMapping id="stumpGrinder" node="0>0|6|2" />
  <i3dMapping id="stumpGrinderNode" node="0>0|6|2|0" />
  <i3dMapping id="effects" node="0>0|6|2|1" />
  <i3dMapping id="woodEmitter2" node="0>0|6|2|1|0" />
  <i3dMapping id="dustEmitter2" node="0>0|6|2|1|1" />
  <i3dMapping id="woodEmitter3" node="0>0|6|2|1|2" />
  <i3dMapping id="dustEmitter3" node="0>0|6|2|1|3" />
  <i3dMapping id="woodChipsEmitter1" node="0>0|6|2|1|4" />
  <i3dMapping id="woodDustEmitter1" node="0>0|6|2|1|5" />
  <i3dMapping id="woodChipsEmitter2" node="0>0|6|2|1|6" />
  <i3dMapping id="woodDustEmitter2" node="0>0|6|2|1|7" />
  <i3dMapping id="woodChipsEmitter3" node="0>0|6|2|1|8" />
  <i3dMapping id="woodDustEmitter3" node="0>0|6|2|1|9" />
  <i3dMapping id="trailerTriggers" node="0>0|6|3" />
  <i3dMapping id="trailerTrigger" node="0>0|6|3|0" />
  <i3dMapping id="trailerTriggerL" node="0>0|6|3|1" />
  <i3dMapping id="trailerTriggerR" node="0>0|6|3|2" />
  <i3dMapping id="oldBearingLocation" node="0>0|7" />
  <i3dMapping id="linkableSockets" node="0>0|8" />
  <i3dMapping id="hydraulic01" node="0>0|8|0" />
  <i3dMapping id="referencePoint_0" node="0>0|8|0|0" />
  <i3dMapping id="detachedCab_0" node="0>0|8|0|1" />
  <i3dMapping id="attachedCab_0" node="0>0|8|0|2" />
  <i3dMapping id="hydraulic02" node="0>0|8|1" />
  <i3dMapping id="referencePoint_1" node="0>0|8|1|0" />
  <i3dMapping id="detachedCab_1" node="0>0|8|1|1" />
  <i3dMapping id="attachedCab_1" node="0>0|8|1|2" />
  <i3dMapping id="mangeras" node="0>0|9" />
  <i3dMapping id="partebaja" node="0>0|10" />
  <i3dMapping id="soporte_cables" node="0>0|11" />
</i3dMappings>	
</vehicle>