﻿<?xml version="1.0" encoding="utf-8" standalone="no"?>
<modDesc descVersion="66">
    <author>raulycristi1 [VSR Modding Sur]</author>
    <version>1.0.0.0</version>
    <title>
        <en>Devour Trees</en>
        <de>Baumverschlinger</de>
        <es>Devora Arboles</es>
    </title>
<description>
<en><![CDATA[This Machine is capable of devouring hundreds of trees and trunks in a few seconds, so its price is quite high.

- Main Colour Selection

- Price: $ 25,000
- Capacity: 0 L

Configurations
- Price (unreal): $ 125,000
- Capacity (unreal): 50,000 L
]]></en>
<de><![CDATA[Diese Maschine ist in der Lage, hunderte von Bäumen und Stämmen in wenigen Sekunden zu zerstören, daher ist ihr Preis ziemlich hoch.

- Hauptfarbauswahl

- Preis: 25.000 €
- Kapazität: 0 L

Konfigurationen
- Preis (fiktiv): 125.000 €
- Kapazität (fiktiv): 50.000 Liter
]]></de>
<es><![CDATA[Esta Máquina es Capaz de Devorar Cientos de Árboles y los Troncones en Pocos Segundos, Por eso su Precio es Elevado.

- Selección Color Principal

- Precio: 25.000 €
- Capacidad: 0 L

Configurationes
- Precio (irreal): 125.000 €
- Capacidad (irreal): 50.000 L
]]></es>
</description>
    <iconFilename>icon.dds</iconFilename>
    <multiplayer supported="true"/>
	
	<vehicleTypes>
        <type name="Devourer" parent="baseFillable" className="Vehicle" filename="$dataS/scripts/vehicles/Vehicle.lua">
			<specialization name="woodCrusher" />
			<specialization name="dischargeable" />
			<specialization name="pipe" />
			<specialization name="treeSaw" /> 
			<specialization name="stumpCutter" />
            <specialization name="logGrab" />
			<specialization name="turnOnVehicle" />
        </type>
    </vehicleTypes>
	
    <storeItems>
        <storeItem xmlFilename="eat_logs.xml"/>
    </storeItems>	
	
	<l10n>
        <text name="configuration_real_unreal">
            <en>Real or Unreal</en>
            <de>Real oder Fiktiv</de>
            <es>Real o Irreal</es>
        </text>
        <text name="configuration_unreal">
            <en>Unreal</en>
            <de>Fiktiv</de>
            <es>Irreal</es>
        </text>
        <text name="configuration_real">
            <en>Real</en>
            <de>Real</de>
            <es>Real</es>
        </text>
        <text name="configuration_0L">
            <en>No Capacity</en>
            <de>Keine Kapazität</de>
            <es>Sin Capacidad</es>
        </text>
    </l10n>	
</modDesc>
