<?xml version="1.0" encoding="utf-8" standalone="no" ?>
<modDesc descVersion="67">
    <author>Fernand24</author>
    <version>1.0.0.0</version>
    <title>
            <en>Selling Stations</en>
            <de>Verkaufsstationen</de>
            <fr>Station De Vente</fr>

			
    </title>
    <description>
        <en><![CDATA[This placeable point of sale allows with the use of progressive maps a placement on a flat ground at the place of your choice.
Forage Dealer: £25000        
Accepted products
TMR, Silage, Hay, Straw, Sugarbeet, Cut Sugarbeet and Potatoes.
- Contribution of the FS11 barn

Selling Station:
Price: £15000 
]]></en>
        <de><![CDATA[Diese Verkaufsstelle ermöglicht ein platzieren auf ebenem Gelände zum Verkauf von vielen Fruchtarten.
Futterhändler: 25000 €
Akzeptierte Produkte
TMR, Silage, Hay, Straw, Sugarbeet, Cut Sugarbeet and Potatoes.
- Contribution of the FS11 barn

Verkaufsstation
Preis: 15000 €
]]></de>
		<fr><![CDATA[ Bienvenue
Ce point de vente plaçable permet avec l'utilisation de maps évolutives un placement sur un sol plat à l'endroit de votre choix.
Marchand De Fourrage: 25000 €
Cultures acceptées : RTM, Ensilage, Foin, Paille, Betterave, Betterave coupée et Pomme de terre.
Cultures en vrac et balles acceptées
- Apport de la grange FS11.

Station De Vente 
Prix: 15000 €
Bon jeu    
]]></fr>
    </description>
    <iconFilename>icon_forage.dds</iconFilename>
    <multiplayer supported="true" />

    <l10n>
        <text name="storeitem_foragedealer">
           <en>Selling Stations</en>
           <de>Verkaufsstationen</de>
           <fr>Station De Vente</fr>

        </text>

        <text name="storeitem_foragesellpoint">
           <de>Verkaufsstelle</de>
           <en>Sellpoint</en>
           <fr>Point de vente </fr>

        </text>
        <text name="function_foragedealer">
           <en>Selling Stations</en>
           <de>Verkaufsstationen</de>
           <fr>Station De Vente</fr>

        </text>
    
	   <text name="function_foragesellpoint">
           <de>Verkaufsstelle</de>
           <en>Sellpoint</en>
           <fr>Point de vente </fr>

        </text>
	
	
    </l10n>

    <storeItems>
        <storeItem xmlFilename="xml/dealer.xml" />
        <storeItem xmlFilename="xml/sellpoint.xml" />
		
    </storeItems>
	
	<fillTypes filename="xml/fillTypes.xml" />
</modDesc>
