﻿<?xml version="1.0" encoding="utf-8" standalone="no" ?>
<modDesc descVersion="79">
    <author>farmerfivetom</author>
    <version>1.2.0.0</version>
    <iconFilename>icon_FS22_silohall.dds</iconFilename>
    
<title>
<de>Halle Mit Kühlraum</de>
<en>Hall With Cooling Chamber</en>
<fr>Hall Avec Chambre Froide</fr>
</title>
    <description>
<en><![CDATA[
An old silage silo on the farm has become obsolete. But what to do with it now? To debris it, was no question for your farm. So, the silage silo was turned into a grain hall.

This pack includes four different versions:
With gates:
- Price: $30,000
- Maintenance: $20
- Two gates to open
- Switchable Light in the hall

Without gates:
- Price: $28,000
- Maintenance: $18
- Switchable Light in the hall

With gates and small cooling:
- Price: $35,000
- Maintenance: $70
- Two gates to open
- Switchable Light in the hall
- integrated small cold room for storing pallet goods
- Cooling door can be opened and is also passable

With gates and large cooling:
- Price: $40,000
- Maintenance: $100
- Two gates to open
- Switchable Light in the hall
- integrated large cold room for storing pallet goods
- Cooling door can be opened and is also passable


each of the four buildings also is included as an inverted Version
matching decorations for the building


Changelog 1.0.0.1
- added "boughtWithFarmland" -tag
- added: each building now available in a metal version. This Version can be recouloured.
- added: placeable Sound
- raised Moddesc


Changelog 1.1.0.0
- New: Object storage installed in the cooling systems
- Changed: The halls with cooling and object storage can now be found under silos.
Changelog 1.2.0.0
- New: Object storage installed to the other buildings, for storing Bales and pallets
- New: New Doors
- Changed: All halls can now be found under silos.
]]></en>
<de><![CDATA[
Ein altes Silagesilo auf dem Hof hat ausgedient. Doch was nun? Es wegzureißen kam für deinen Hof nicht infrage. Daher wurde das Silagesilo umgebaut zu einer Getreidehalle.

In diesem Pack sind vier Verschiedene Versionen enthalten:
Mit Toren:
- Preis: 30.000 €
- Unterhalt: 20 €/Tag
- Zwei Tore zum öffnen
- Licht zum anschalten in der Halle

Ohne Tore:
- Preis: 28.000 €
- Unterhalt: 18 €/Tag
- Licht zum anschalten in der Halle

Mit Toren und kleiner Kühlung:
- Preis: 35.000 €
- Unterhalt: 70 €/Tag
- Zwei Tore zum öffnen
- Licht zum anschalten in der Halle
- integrierter kleiner Kühlraum zum lagern von Palettenware
- Kühltür kann geöffnet werden und ist auch befahrbar

Mit Toren und großer Kühlung:
- Preis: 40.000 €
- Unterhalt: 100 €/Tag
- Zwei Tore zum öffnen
- Licht zum anschalten in der Halle
- integrierter großer Kühlraum zum lagern von Palettenware
- Kühltür kann geöffnet werden und ist auch befahrbar

Jedes der vier Gebäude ist nochmals als gespiegelte Version erhältlich
Passende Dekos zu den Gebäuden


Changelog 1.0.0.1
- Neu: "boughtWithFarmland" -Tag (Gebäude darf gerne in Maps genutzt werden)
- Neu: Jede Variante hat nun eine Metallversion. Diese kann lackiert werden.
- Neu: Sound beim platzieren
- Verbessert: Farbpalette für Tore erweitert.
- ModDesc erhöht

Changelog 1.1.0.0
- Neu: Object-Storage in den Kühlungen verbaut
- Geändert: Die Hallen mit Kühlung und Objectstorage sind nun unter Silos zu finden.


Changelog 1.2.0.0
- Neu: Object-Storage in allen Hallen verbaut, um auch Ballen lagern zu können.
- Neu: Neue Tore
- Geändert: Alle Hallen  sind nun unter Silos zu finden.
]]></de>
<fr><![CDATA[Un vieux silo d’ensilage dans la cour a fait son temps. Et maintenant ? Il n’était pas question de l’arracher dans ta cour. Par conséquent, le siloum a été transformé en halle à grains.

Ce pack contient deux versions différentes:
Avec des portes:
- Prix : 30.000€
- Entretien: 20€
- Deux portes à ouvrir
- Lumière pour s’allumer dans le hall

Sans portes:
- Prix : 28.000€
- Entretien: 18€
- Lumière pour s’allumer dans le hall

Avec portails et petit refroidissement:
- Prix: 35.000€
- Entretien : 70€
- Deux portes à ouvrir
- Lumière pour s’allumer dans le hall
- petite chambre froide intégrée pour le stockage des marchandises en palettes
- La porte de refroidissement peut être ouverte et est également passable

Avec portails et grand refroidissement:
- Prix: 40.000€
- Entretien : 100€
- Deux portes à ouvrir
- Lumière pour s’allumer dans le hall
- grande chambre froide intégrée pour le stockage des marchandises en palettes
- La porte de refroidissement peut être ouverte et est également passable


- chacun des quatre mammifères est à nouveau inclus sous forme de version réfléchie
- décoration adaptée au bâtiment


Journal des modifications :
V1.0.0.1
- Nouveau: acheté avec l’étiquette Farmland (le bâtiment peut être utilisé dans Maps)
- Nouveau: Chaque variante a maintenant une version métal. Cela peut être peint.
- Nouveau: Son lors du placement
- Amélioration : palette de couleurs étendue pour les portes.
- ModDesc augmenté

Journal des modifications 1.1.0.0
- Nouveau : Stockage de palettes installé dans les systèmes de refroidissement
- Modifié : Les halls de réfrigération et le stockage des palettes sont désormais situés sous des silos.

Journal des modifications 1.2.0.0
- Nouveau : Stockage d’objets installé dans tous les halls pour pouvoir également stocker des balles.
- Nouveau : Nouvelles portes
- Modifié : Tous les halls se trouvent désormais sous des silos.
]]></fr>
</description>

	<multiplayer supported="true"/>
<l10n>
<text name="action_LIGHTSWITCH_CLICK"> <en>Lightswitch on/off</en> <de>Lichtschalter an/aus</de> <fr>Lumière allumée / éteinte</fr> </text>
<text name="action_closeRollingGate"> <en>Close the rolling gate</en> <de>Rolltor schließen</de> <fr>Fermer la porte roulante</fr> </text>
<text name="action_openRollingGateLeft"> <en>Open the rolling gate to the left side</en> <de>Rolltor nach links öffnen</de> <fr>Ouvrez la porte roulante vers la gauche</fr> </text>
<text name="action_openRollingGateRight"> <en>Open the rolling gate to the right side</en> <de>Rolltor nach rechts öffnen</de> <fr>Ouvrez la porte roulante vers la droite</fr> </text>
<text name="action_openSchrank"> <en>Open the cabinet</en> <de>Schrank öffnen </de> <fr>Ouvrir l'armoire</fr> </text>
<text name="action_openKuhlung"> <en>Open cooling chamber</en> <de>Kühlraum öffnen</de> <fr>Ouvrez la salle de refroidissement</fr> </text>
<text name="action_closeKuhlung"> <en>Close cooling chamber</en> <de>Kühlraum schließen</de> <fr>Fermer la salle de refroidissement</fr> </text>
<text name="function_silohalleZu"> <en>An old silagesilo, which has been turned into a grain hall. Now this is a shed for storing grain. This version have closable doors.</en> <de>Ein altes Silagesilo, welches eine Überdachung bekommen hat, und nun als Getreidesilo dient. Diese Version hat Türen zum schließen.</de> <fr>Un vieux silo d’ensilage qui a eu une couverture et qui sert maintenant de silo à grains. Cette version a des portes à fermer.</fr> </text>
<text name="function_silohalleOffen"> <en>An old silagesilo, which has been turned into a grain hall. Now this is a shed for storing grain.</en> <de>Ein altes Silagesilo, welches eine Überdachung bekommen hat, und nun als Getreidesilo dient.</de> <fr>Un vieux silo d’ensilage qui a eu une couverture et qui sert maintenant de silo à grains.</fr> </text>
<text name="function_silohalleKuhlung"> <en>A cooling chamber has been built in this building. It can be used to store pallets.</en> <de>Ein Kühlraum wurde in dieses Gebäude integriert. Es kann benutzt werden, um Paletten darin zu Lagern.</de> <fr>Une chambre froide a été intégrée à ce bâtiment. Il peut être utilisé pour y stocker des palettes.</fr> </text>

<text name="shopItem_silohalleZu"> <en>Silagesilo with doors</en> <de>Silohalle mit Türen</de> <fr>Silo hall avec portes</fr> </text>
<text name="shopItem_silohalleZuInvert"> <en>Silagesilo with doors. Inverted version</en> <de>Silohalle mit Türen. Gespiegelte Version</de> <fr>Silo hall avec portes. Version réfléchie</fr> </text>
<text name="shopItem_silohalleOffen"> <en>Silagesilo without doors</en> <de>Silohalle ohne Türen</de> <fr>Silo hall sans portes</fr> </text>
<text name="shopItem_silohalleOffenInvert"> <en>Silagesilo without doors. Inverted version</en> <de>Silohalle ohne Türen. Gespiegelte Version</de> <fr>Silo hall sans portes. Version réfléchie</fr> </text>
<text name="shopItem_silohalleKuhlung"> <en>Hall with big cooling chamber</en> <de>Halle mit großem Kühlraum</de> <fr>hall avec grande chambre froide</fr> </text>
<text name="shopItem_silohalleKuhlungInvert"> <en>Hall with big cooling chamber. Inverted version</en> <de>Halle mit großem Kühlraum. Gespiegelte Version</de> <fr>hall avec grande chambre froide. Version réfléchie</fr> </text>
<text name="shopItem_silohalleKuhlungSmall"> <en>Hall with small cooling chamber</en> <de>Halle mit kleinem Kühlraum</de> <fr>Hall avec petite chambre froide</fr> </text>
<text name="shopItem_silohalleKuhlungSmallInvert"> <en>Hall with small cooling chamber. Inverted version</en> <de>Halle mit kleinem Kühlraum. Gespiegelte Version</de> <fr>Hall avec petite chambre froide. Version réfléchie</fr> </text>

<text name="shopItem_silohalleZuMetal"> <en>Silagesilo with doors - Metal Version</en> <de>Silohalle mit Türen - Metal Version</de> <fr>Silo hall avec portes - Metal Version</fr> </text>
<text name="shopItem_silohalleZuInvertMetal"> <en>Silagesilo with doors. Inverted version - Metal Version</en> <de>Silohalle mit Türen. Gespiegelte Version - Metal Version</de> <fr>Silo hall avec portes. Version réfléchie - Metal Version</fr> </text>
<text name="shopItem_silohalleOffenMetal"> <en>Silagesilo without doors - Metal Version</en> <de>Silohalle ohne Türen - Metal Version</de> <fr>Silo hall sans portes - Metal Version</fr> </text>
<text name="shopItem_silohalleOffenInvertMetal"> <en>Silagesilo without doors. Inverted version - Metal Version</en> <de>Silohalle ohne Türen. Gespiegelte Version - Metal Version</de> <fr>Silo hall sans portes. Version réfléchie - Metal Version</fr> </text>
<text name="shopItem_silohalleKuhlungMetal"> <en>Hall with big cooling chamber - Metal Version</en> <de>Halle mit großem Kühlraum - Metal Version</de> <fr>hall avec grande chambre froide - Metal Version</fr> </text>
<text name="shopItem_silohalleKuhlungInvertMetal"> <en>Hall with big cooling chamber. Inverted version - Metal Version</en> <de>Halle mit großem Kühlraum. Gespiegelte Version - Metal Version</de> <fr>hall avec grande chambre froide. Version réfléchie - Metal Version</fr> </text>
<text name="shopItem_silohalleKuhlungSmallMetal"> <en>Hall with small cooling chambe - Metal Versionr</en> <de>Halle mit kleinem Kühlraum - Metal Version</de> <fr>Hall avec petite chambre froide - Metal Version</fr> </text>
<text name="shopItem_silohalleKuhlungSmallInvertMetal"> <en>Hall with small cooling chamber. Inverted version - Metal Version</en> <de>Halle mit kleinem Kühlraum. Gespiegelte Version - Metal Version</de> <fr>Hall avec petite chambre froide. Version réfléchie - Metal Version</fr> </text>
</l10n>
	
   <storeItems>
        <storeItem rootNode="placeable" xmlFilename="silohalleZu.xml"/>
        <storeItem rootNode="placeable" xmlFilename="silohalleZuInvert.xml"/>
        <storeItem rootNode="placeable" xmlFilename="silohalleOffen.xml"/>
        <storeItem rootNode="placeable" xmlFilename="silohalleOffenInvert.xml"/>
        <storeItem rootNode="placeable" xmlFilename="silohalleKuhlung.xml"/>
        <storeItem rootNode="placeable" xmlFilename="silohalleKuhlungInvert.xml"/>
        <storeItem rootNode="placeable" xmlFilename="silohalleKuhlungSmall.xml"/>
        <storeItem rootNode="placeable" xmlFilename="silohalleKuhlungSmallInvert.xml"/>
		
        <storeItem rootNode="placeable" xmlFilename="silohalleZuMetal.xml"/>
        <storeItem rootNode="placeable" xmlFilename="silohalleZuInvertMetal.xml"/>
        <storeItem rootNode="placeable" xmlFilename="silohalleOffenMetal.xml"/>
        <storeItem rootNode="placeable" xmlFilename="silohalleOffenInvertMetal.xml"/>
        <storeItem rootNode="placeable" xmlFilename="silohalleKuhlungMetal.xml"/>
        <storeItem rootNode="placeable" xmlFilename="silohalleKuhlungInvertMetal.xml"/>
        <storeItem rootNode="placeable" xmlFilename="silohalleKuhlungSmallMetal.xml"/>
        <storeItem rootNode="placeable" xmlFilename="silohalleKuhlungSmallInvertMetal.xml"/>
    </storeItems>

</modDesc>
