<?xml version="1.0" encoding="utf-8" standalone="no" ?>
<placeable type="objectStorage" xmlns:xsi="http://www.w3.org/2001/XMLSchema-instance" xsi:noNamespaceSchemaLocation="$data/../shared/xml/schema/placeable.xsd">
    <storeData>
        <name>$l10n_shopItem_silohalleOffenInvertMetal</name>
        <functions>
            <function>$l10n_function_silohalleOffen</function>
        </functions>
        <image>store/store_silohalleOffenInvertMetal.dds</image>
        <price>28000</price>
        <dailyUpkeep>18</dailyUpkeep>
        <lifetime>1000</lifetime>
        <rotation>0</rotation>
        <brand>NONE</brand>
        <species>placeable</species>
        <category>storages</category>
        <brush>
            <type>placeable</type>
            <category>buildings</category>
            <tab>silos</tab>
        </brush>
        <canBeSold>true</canBeSold>
        <showInStore>true</showInStore>
        <vertexBufferMemoryUsage>273408</vertexBufferMemoryUsage>
        <indexBufferMemoryUsage>44032</indexBufferMemoryUsage>
        <textureMemoryUsage>7667712</textureMemoryUsage>
        <audioMemoryUsage>0</audioMemoryUsage>
        <instanceVertexBufferMemoryUsage>0</instanceVertexBufferMemoryUsage>
        <instanceIndexBufferMemoryUsage>0</instanceIndexBufferMemoryUsage>
    </storeData>

    <base>
        <filename>silohalleOffenInvertMetal.i3d</filename>
        <canBeRenamed>true</canBeRenamed>
        <boughtWithFarmland>true</boughtWithFarmland>
    </base>

    <placement useRandomYRotation="false" useManualYRotation="true" placementPositionSnapSize="0.5" placementRotationSnapAngle="90">
        <testAreas>
            <testArea startNode="testArea1Start" endNode="testArea1End" />
        </testAreas>
		
        <sounds>
            <place template="medImp" />
        </sounds>
    </placement>

    <clearAreas>
        <clearArea startNode="clearArea01Start" widthNode="clearArea01Width" heightNode="clearArea01Height"/>
    </clearAreas>

    <leveling requireLeveling="true" maxSmoothDistance="3" maxSlope="75" maxEdgeAngle="30">
        <levelAreas>
            <levelArea startNode="levelingArea01Start" widthNode="levelingArea01Width" heightNode="levelingArea01Height" groundType="asphalt"/>
        </levelAreas>
    </leveling>

    <indoorAreas>
        <indoorArea startNode="indoorArea01Start" widthNode="indoorArea01Width" heightNode="indoorArea01Height"/>
    </indoorAreas>

    <tipOcclusionUpdateAreas>
        <tipOcclusionUpdateArea startNode="tipOcclusionUpdateArea1Start" endNode="tipOcclusionUpdateArea1End" />
    </tipOcclusionUpdateAreas>

    <ai>
        <updateAreas>
            <updateArea startNode="tipOcclusionUpdateArea1Start" endNode="tipOcclusionUpdateArea1End" />
        </updateAreas>
    </ai>

	<colorable>
        <nodes>
            <node node="0>0|0|0" />
            <node node="0>0|1|0" />
        </nodes>

        <colors>
            <color value="0.439 0.439 0.321 1" />
            <color value="0.42 0.33 0.26 1" />
            <color value="0.48 0.42 0.35 1" />
            <color value="0.8 0.33 1 1" /> <!--lila-->
            <color value="0.8 0.33 0.05 1" /> <!--olive-->
            <color value="0.23 0.18 0.13 1" /> <!--braun-->
            <color value="0.22 0.09 0.06 1" /> <!--Falltuerbraun-->
            <color value="0.48 0.58 1 1.2" /> <!--blau-->
            <color value="0.0 0.5 0.05 0.6" /> <!--gruen-->
            <color value="0.15 0.5 0.0 0.5" /> 
            <color value="RUDOLFHOERMANN_GREEN" />
            <color value="RUDOLFHOERMANN_BEIGE" />
            <color value="RUDOLFHOERMANN_RED" />
            <color value="RUDOLFHOERMANN_BLUE" />
            <color value="RUDOLFHOERMANN_DARKGREY" />
            <color value="RUDOLFHOERMANN_LIGHTGREY" />
            <color value="RUDOLFHOERMANN_WHITEALU" />
            <color value="RUDOLFHOERMANN_GREYALU" />
            <color value="RUDOLFHOERMANN_OXIDRED" />
            <color value="RUDOLFHOERMANN_WOODDARK" />
            <color value="RUDOLFHOERMANN_WOODBRIGHT" />
            <color value="RUDOLFHOERMANN_LIGHTGREEN" />
            <color value="RUDOLFHOERMANN_BROWN" />
            <color value="RUDOLFHOERMANN_DARKBEIGE" />
        </colors>
    </colorable>

    <animatedObjects>
		<animatedObject saveId="LampIndoor">
			<animation duration="0.25">
				<part node="0>0|2|0|0|1|0">	<!-- rotate the switch -->
					<keyFrame time="0.00" rotation="0 0 7.5" />
					<keyFrame time="1.00" rotation="0 0 0" />
				</part>
				<part node="0>0|2|0|0|1|0|0">	<!-- small light on lightswitch-->
					<keyFrame time="0.50" visibility="false" />
					<keyFrame time="0.51" visibility="true" />
				</part>
				<part node="0>0|2|0|0|2|0">	<!-- activate the lamp -->
					<keyFrame time="0.50" visibility="false" />
					<keyFrame time="0.51" visibility="true" />
				</part>
				<part node="0>0|2|0|0|3|0">	<!-- activate the lamp 2 -->
					<keyFrame time="0.50" visibility="false" />
					<keyFrame time="0.51" visibility="true" />
				</part>
				<part node="0>0|2|0|0|4|0">	<!-- activate the lamp 3 -->
					<keyFrame time="0.50" visibility="false" />
					<keyFrame time="0.51" visibility="true" />
				</part>
			</animation>
			<controls triggerNode="0>0|2|0|0|0" posAction="ACTIVATE_HANDTOOL" posText="action_LIGHTSWITCH_CLICK" negText="action_LIGHTSWITCH_CLICK" />
			<sounds>
				<moving file="sounds/switch_1sec.ogg" loops="0" linkNode="0>0|2|0|0|1|0" volume="0.40" radius="25" innerRadius="3" fadeOut="0.25"/>
			</sounds>
		</animatedObject>
	</animatedObjects>
	 
 <objectStorage supportsBales="true" supportsPallets="true" maxLength="8.5" maxWidth="6" maxHeight="3.5">
        <playerTrigger node="playerTrigger" />
        <objectTrigger node="objectTrigger" />
        <spawnAreas>
            <spawnArea startNode="spawnArea1Start" endNode="spawnArea1End"/>
        </spawnAreas>
        <storageAreas>
            <storageArea startNode="storageArea1Start" endNode="storageArea1End"/>
        </storageAreas>
    </objectStorage>

    <pointOfInterest>
        <point triggerNode="objectTrigger" text="$l10n_poi_objectStorageUnload" showOwner="true"  showEveryone="false"/>
        <point triggerNode="playerTrigger" text="$l10n_poi_objectStorageLoad"   showOwner="true"  showEveryone="false" />
    </pointOfInterest>	
	
	<triggerMarkers>
        <triggerMarker node="warningStripes" />
        <triggerMarker node="playerTriggerMarker" filename="$data/shared/assets/marker/markerIcons.xml" id="LOAD"   adjustToGround="true" />
        <triggerMarker node="objectTriggerMarker" filename="$data/shared/assets/marker/markerIcons.xml" id="UNLOAD" adjustToGround="true" />
    </triggerMarkers>

    <i3dMappings>
        <i3dMapping id="testArea1Start" node="0>1|0" />
        <i3dMapping id="testArea1End" node="0>1|0|0" />
		
        <i3dMapping id="clearArea01Start" node="0>2|0" />
        <i3dMapping id="clearArea01Width" node="0>2|0|0" />
        <i3dMapping id="clearArea01Height" node="0>2|0|1" />
		
        <i3dMapping id="levelingArea01Start" node="0>3|0" />
        <i3dMapping id="levelingArea01Width" node="0>3|0|0" />
        <i3dMapping id="levelingArea01Height" node="0>3|0|1" />
		
        <i3dMapping id="indoorArea01Start" node="0>4|0" />
        <i3dMapping id="indoorArea01Width" node="0>4|0|0" />
        <i3dMapping id="indoorArea01Height" node="0>4|0|1" />
		
        <i3dMapping id="tipOcclusionUpdateArea1Start" node="0>6|0" />
        <i3dMapping id="tipOcclusionUpdateArea1End" node="0>6|0|0" />
		<i3dMapping id="spawnArea1Start" node="0>8|0|0" />
        <i3dMapping id="spawnArea1End" node="0>8|0|0|0" />
        <i3dMapping id="storageArea1Start" node="0>8|0|1" />
        <i3dMapping id="storageArea1End" node="0>8|0|1|0" />
        <i3dMapping id="objectTrigger" node="0>8|1" />
        <i3dMapping id="objectTriggerMarker" node="0>8|1|0" />
        <i3dMapping id="warningStripes" node="0>8|1|1" />
        <i3dMapping id="playerTrigger" node="0>8|2" />
        <i3dMapping id="playerTriggerMarker" node="0>8|2|0" />
        <i3dMapping id="infoTrigger" node="0>8|3" />
	</i3dMappings>
</placeable>
