﻿<?xml version="1.0" encoding="utf-8" standalone="no"?>
<modDesc descVersion="80">
	<author>Dusty, Kasztan18</author>
	
	<version>1.0.0.0</version>

	<title>
		<en>MAN TGS 18 Pack</en>
	</title>
	
	<contributors>
		- Kasztan18: Grundmod - Modhub FS19
		- Dusty: Umbau, Konvertierung der Modifikation
		- XER0X: Skins, Modellierung, Optimierung
		- MinewarsLP: Bereitstellung der Anhängerkupplung
		- Manuel5065: Bereitstellung der Anbauplatte
		- TschiZack: Bereitstellung der Positionsleuchten und Rücklichter
		- MXND: Bereitstellung der Rundumleuchten
	</contributors>

	<description>
<en><![CDATA[
MAN TGS 18 Kipper & Semi
Price: $190,000; $150,000
Horsepower: 480 hp
Capacity: 9,310 liters; 17,150 liters

Configurations:
- Tires (road / forest) Optional steering axle
- Mounting plate (without function)
- Warning stripes
- Design (Fire department Ostbeck - Königsberg)
- Rotating beacons
- Front flasher
- Rotating beacon bracket
- Position lights
]]></en>
<de><![CDATA[
MAN TGS 18 Kipper & Semi
Preis: 190.000 €; 150.000 €
Leistung: 480 PS
Kapazität: 9.310 Liter; 17.150 Liter

Konfigurationen:
- Reifen (Straße / Forst) Optional Lenkachse
- Anbauplatte(ohne Funktion)
- Warnstreifen
- Design (Feuerwehr Ostbeck - Königsberg)
- Rundumleuchten
- Frontblitzer
- Rundumleuchten Halterung
- Positionsleuchten
]]></de>
	</description>

	<iconFilename>icon_TGS.dds</iconFilename>
	<multiplayer supported="true"/>

	<vehicleTypes>
		<type name="kipper" parent="baseDrivable" className="Vehicle" filename="$dataS/scripts/vehicles/Vehicle.lua">
			<specialization name="fillVolume"/>
			<specialization name="dischargeable"/>
			<specialization name="foldable"/>
			<specialization name="cylinderedFoldable"/>
			<specialization name="trailer"/>
            <specialization name="tensionBelts" />
			<specialization name="powerConsumer" />
			<specialization name="cover" />
		</type>
	</vehicleTypes>

	<l10n>
		<text name="Horn_On">
            <en>Switch on siren</en>
            <de>Martinshorn Einschalten</de>
        </text>
		<text name="Horn_Off">
            <en>Switch off siren</en>
            <de>Martinshorn Ausschalten</de>
        </text>
        <text name="steeringRearAxle6x6">
            <en>Steering rear axle 6x6</en>
            <de>Hinterachse lenkbar 6x6</de>
        </text>
		<text name="No_Mounting_plate"> 
		    <en>Without mounting plate</en>
			<de>Ohne Anbauplatte</de>	
		</text>	
		<text name="Mounting_plate"> 
		    <en>With mounting plate</en>
			<de>Mit Anbauplatte</de>
		</text>	
		<text name="Title_Mounting_plate"> 
		    <en>Mounting plate</en>
			<de>Anbauplatte</de>
		</text>	
		<text name="White"> 
		    <en>White</en>
			<de>Weiß</de>
		</text>
		<text name="Gray"> 
		    <en>Gray</en>
			<de>Grau</de>
		</text>
		<text name="Green"> 
		    <en>Green</en>
			<de>Grün</de>
		</text>	
		<text name="Red"> 
		    <en>Red</en>
			<de>Rot</de>
		</text>	
		<text name="Silver"> 
		    <en>Silver</en>
			<de>Silber</de>
		</text>
		<text name="Orange"> 
		    <en>Orange</en>
			<de>Orange</de>
		</text>
		<text name="Magnetic_Grau"> 
		    <en>Magnetic Grey</en>
			<de>Magnetisches Grau</de>
		</text>
		<text name="Magnetic_Metallic"> 
		    <en>Metallic Grey</en>
			<de>Metallisch Grau</de>
		</text>
		<text name="Mineral_Silber"> 
		    <en>Magnetic Metallic</en>
			<de>Magnetisches Silber</de>
		</text>
		<text name="Dynamic_Blau"> 
		    <en>Dynamic blue</en>
			<de>Dynamisches Blau</de>
		</text>
		<text name="Race_Red"> 
		    <en>Race Red</en>
			<de>Rennrot</de>
		</text>
		<text name="category_MANTGSPack">
			<en>MAN TGS Pack</en>
			<de>MAN TGS Pack</de>
		</text>
		<text name="NoDesign">
			<en>No Company Logo</en>
			<de>Kein Firmen Logo</de>
		</text>
		<text name="Logo">
			<en>Company Logo</en>
			<de>Firmen Logo</de>
		</text>
		<text name="No_Warning_Strips">
			<en>No Warning Strips</en>
			<de>Ohne Warnstreifen</de>
		</text>
		<text name="Warning_Strips">
			<en>With Warning Strips</en>
			<de>Mit Warnstreifen</de>
		</text>
		<text name="Title_Warning_Strips">
			<en>Warning stripes</en>
			<de>Warnstreifen</de>
		</text>
		<text name="Titel_RUL">
			<en>Rotating beacon</en>
			<de>Rundumleuchten</de>
		</text>
		<text name="RUL">
			<en>With rotating beacons</en>
			<de>Mit Rundumleuchten</de>
		</text>
		<text name="NO_RUL">
			<en>Without rotating beacons</en>
			<de>Ohne Rundumleuchten</de>
		</text>
		<text name="Title_RUL_Halterung">
			<en>Rotating beacon bracket</en>
			<de>Rundumleuchten Halterung</de>
		</text>
		<text name="RUL_Halterung1">
			<en>Bracket 1</en>
			<de>Halterung 1</de>
		</text>
		<text name="RUL_Halterung2">
			<en>Bracket 2</en>
			<de>Halterung 2</de>
		</text>
		<text name="Titel_FB">
			<en>Front strobe</en>
			<de>Frontblitzer</de>
		</text>
		<text name="FB">
			<en>With front flasher</en>
			<de>Mit Frontblitzer</de>
		</text>
		<text name="NO_FB">
			<en>Without front flasher</en>
			<de>Ohne Frontblitzer</de>
		</text>
		<text name="Wheel_Standard">
			<en>Standard</en>
			<de>Standard</de>
		</text>
		<text name="Wheel_Standard_Schnee">
			<en>Standard with Snow chains</en>
			<de>Standard mit Schneeketten</de>
		</text>		
		<text name="Wheel_Standard_Lenk">
			<en>Standard with steering axle</en>
			<de>Standard mit Lenkachse</de>
		</text>
		<text name="Wheel_Standard_Lenk_Schnee">
			<en>Standard with steering axle and snow chains</en>
			<de>Standard mit Lenkachse und Schneeketten</de>
		</text>		
		<text name="Wheel_Forst">
			<en>Forest</en>
			<de>Forst</de>
		</text>
		<text name="Wheel_Forst_Schnee">
			<en>Forest with snow chains</en>
			<de>Forst mit Schneeketten</de>
		</text>		
		<text name="Wheel_Forst_Lenk">
			<en>Forest with steering axle</en>
			<de>Forst mit Lenkachse</de>
		</text>
		<text name="Wheel_Forst_Lenk_Schnee">
			<en>Forest with steering axle and snow chains</en>
			<de>Forst mit Lenkachse und Schneeketten</de>
		</text>		
		<text name="FW_Ostbeck">
			<en>Fire department Ostbeck</en>
			<de>Feuerwehr Ostbeck</de>
		</text>
		<text name="FW_Koenigsberg">
			<en>Fire department Königsberg</en>
			<de>Feuerwehr Königsberg</de>
		</text>
		<text name="Titel_PosiLight">
			<en>Position lights</en>
			<de>Positionsleuchten</de>
		</text>
		<text name="PosiLight">
			<en>With position lights</en>
			<de>Mit Positionsleuchten</de>
		</text>
		<text name="NO_PosiLight">
			<en>Without position lights</en>
			<de>Ohne Positionsleuchten</de>
		</text>
		
		<text name="actionIC_onInnenbeleuchtung">
			<en>Switching the cabin lighting on</en>
			<de>Kabinenbeleuchtung Einschalten</de>
		</text>
		<text name="actionIC_offInnenbeleuchtung">
			<en>Switching the cabin lighting off</en>
			<de>Kabinenbeleuchtung Ausschalten</de>
		</text>
		
		<text name="actionIC_onKlappe">
			<en>Open flap</en>
			<de>Klappe Öffnen</de>
		</text>
		<text name="actionIC_offKlappe">
			<en>Close flap</en>
			<de>Klappe Schliessen</de>
		</text>
    </l10n>

	<storeItems>
		<storeItem xmlFilename="TGSSemi.xml" rootNode="vehicle"/>
		<storeItem xmlFilename="TGSKipper.xml" rootNode="vehicle"/>
	</storeItems>

</modDesc>