﻿<?xml version="1.0" encoding="utf-8" standalone="no" ?>
<vehicle type="kipper">
	<annotation>Copyright (C) GIANTS Software GmbH, All Rights Reserved.</annotation>

	<storeData>
        <name>TGS Kipper</name>
		<specs>
			<power>500</power>
			<maxSpeed>80</maxSpeed>
		</specs>
		<functions>
            <function>$l10n_function_truck</function>
		</functions>
		<image>store_Kipper.dds</image>
		<price>190000</price>
		<lifetime>600</lifetime>
		<rotation>0</rotation>
		<brand>MAN</brand>
		<category>Trucks</category>
        <vertexBufferMemoryUsage>6758144</vertexBufferMemoryUsage>
        <indexBufferMemoryUsage>1045760</indexBufferMemoryUsage>
        <textureMemoryUsage>10420224</textureMemoryUsage>
        <audioMemoryUsage>467580</audioMemoryUsage>
        <instanceVertexBufferMemoryUsage>0</instanceVertexBufferMemoryUsage>
        <instanceIndexBufferMemoryUsage>0</instanceIndexBufferMemoryUsage>
	</storeData>

	<base>
		<typeDesc>$l10n_typeDesc_truck</typeDesc>
		<filename>TGSKipper.i3d</filename>
		<sounds filename="$data/vehicles/man/tgs18500/sounds/tgs18500.xml"/>
		<size width="3.5" length="7" lengthOffset="-0.2"/>
		<components>
			<component centerOfMass="0 0.5 1" solverIterationCount="12" mass="10000"/>
			<component solverIterationCount="20" mass="5"/>
			<joint component1="1" component2="2" node="1>" rotLimit="20 0 0" transLimit="0 0 0" rotLimitSpring="20.0 0 0" rotLimitDamping="20.0 0 0" enableCollision="false"/>
		</components> 
		<schemaOverlay attacherJointPosition="0 0" name="TRUCK" />
		<mapHotspot type="TRUCK" />
	</base>

    <configurationSets>
        <!-- 1 -->
        <configurationSet name="$l10n_configuration_capacityX" params="9400" isDefault="true">
            <configuration name="tensionBelts" index="1" />
            <configuration name="fillVolume"   index="1" />
            <configuration name="fillUnit"     index="1" />
            <configuration name="trailer"      index="1" />
        </configurationSet>
        <!-- 2 -->
        <configurationSet name="$l10n_configuration_capacityX" params="17000">
            <configuration name="tensionBelts" index="2" />
            <configuration name="fillVolume"   index="2" />
            <configuration name="fillUnit"     index="2" />
            <configuration name="trailer"      index="1" />
        </configurationSet>
    </configurationSets>

    <wheels>
        <wheelConfigurations>
			<wheelConfiguration name="$l10n_Wheel_Standard" price="0" brand="CONTINENTAL" saveId="CONTINENTAL_DEFAULT">
                <wheels autoRotateBackSpeed="2.2">
                    <wheel filename="$data/shared/wheels/tires/continental/contiCrossTracHS3/385_65R22_5.xml" configId="truckTrailer02" isLeft="true"  hasTireTracks="true" hasParticles="true">
                        <physics rotSpeed="1"  restLoad="1.8" repr="0>0|0"  driveNode="0>0|0|0|0"  forcePointRatio="0.5" initialCompression="25" suspTravel="0.18" spring="30" damper="20" frictionScale="3"/>
                    </wheel>
                    <wheel filename="$data/shared/wheels/tires/continental/contiCrossTracHS3/385_65R22_5.xml" configId="truckTrailer02" isLeft="false" hasTireTracks="true" hasParticles="true">
                        <physics rotSpeed="1"  restLoad="1.8" repr="0>0|1" driveNode="0>0|1|0|0" forcePointRatio="0.5" initialCompression="25" suspTravel="0.18" spring="30" damper="20" frictionScale="3"/>
                    </wheel>
                    <wheel filename="$data/shared/wheels/tires/continental/contiHybridHD3/315_80R22_5.xml" configId="dual" isLeft="true" hasTireTracks="true" hasParticles="true">
                        <physics rotSpeed="0"  restLoad="1.1" repr="0>0|2"  forcePointRatio="0.5" initialCompression="15" suspTravel="0.18" spring="35" damper="25" frictionScale="2.1" yOffset="0.003"/>
                        <additionalWheel filename="$data/shared/wheels/tires/continental/contiHybridHD3/315_80R22_5.xml" configId="dualConnector" isLeft="true" offset="0.108"/>
                    </wheel>
                    <wheel filename="$data/shared/wheels/tires/continental/contiHybridHD3/315_80R22_5.xml" configId="dual" isLeft="false" hasTireTracks="true" hasParticles="true">
                        <physics rotSpeed="0"  restLoad="1.1" repr="0>0|3" forcePointRatio="0.5" initialCompression="15" suspTravel="0.18" spring="35" damper="25" frictionScale="2.1" yOffset="0.003"/>
                        <additionalWheel filename="$data/shared/wheels/tires/continental/contiHybridHD3/315_80R22_5.xml" configId="dualConnector" isLeft="false" offset="0.108"/>
                    </wheel>
                    <wheel filename="$data/shared/wheels/tires/continental/contiHybridHD3/315_80R22_5.xml" configId="dual" isLeft="true" hasTireTracks="true" hasParticles="true">
                        <physics rotSpeed="0"  restLoad="1.1" repr="0>0|4"  forcePointRatio="0.5" initialCompression="15" suspTravel="0.18" spring="35" damper="25" frictionScale="2.1" yOffset="0.003"/>
                        <additionalWheel filename="$data/shared/wheels/tires/continental/contiHybridHD3/315_80R22_5.xml" configId="dualConnector" isLeft="true" offset="0.108"/>
                    </wheel>
                    <wheel filename="$data/shared/wheels/tires/continental/contiHybridHD3/315_80R22_5.xml" configId="dual" isLeft="false" hasTireTracks="true" hasParticles="true">
                        <physics rotSpeed="0"  restLoad="1.1" repr="0>0|5" forcePointRatio="0.5" initialCompression="15" suspTravel="0.18" spring="35" damper="25" frictionScale="2.1" yOffset="0.003"/>
                        <additionalWheel filename="$data/shared/wheels/tires/continental/contiHybridHD3/315_80R22_5.xml" configId="dualConnector" isLeft="false" offset="0.108"/>
                    </wheel>
                </wheels>
				<objectChange node="0>0|6|0"   visibilityActive="false" />
				<objectChange node="0>0|6|1"   visibilityActive="false" />
				<objectChange node="0>0|6|2|0" visibilityActive="true" />
				<objectChange node="0>0|6|2|1" visibilityActive="false" />
				<objectChange node="0>0|4"     visibilityActive="true" />
				<objectChange node="0>0|5"     visibilityActive="true" />			
            </wheelConfiguration>
			<wheelConfiguration name="$l10n_Wheel_Standard_Lenk" price="1900" brand="CONTINENTAL" saveId="CONTINENTAL_DEFAULT2">
                <wheels autoRotateBackSpeed="2.2">
                    <wheel filename="$data/shared/wheels/tires/continental/contiCrossTracHS3/385_65R22_5.xml" configId="truckTrailer02" isLeft="true"  hasTireTracks="true" hasParticles="true">
                        <physics rotSpeed="1"  restLoad="1.8" repr="0>0|0"  driveNode="0>0|0|0|0"  forcePointRatio="0.5" initialCompression="25" suspTravel="0.18" spring="30" damper="20" frictionScale="3"/>
                    </wheel>
                    <wheel filename="$data/shared/wheels/tires/continental/contiCrossTracHS3/385_65R22_5.xml" configId="truckTrailer02" isLeft="false" hasTireTracks="true" hasParticles="true">
                        <physics rotSpeed="1"  restLoad="1.8" repr="0>0|1" driveNode="0>0|1|0|0" forcePointRatio="0.5" initialCompression="25" suspTravel="0.18" spring="30" damper="20" frictionScale="3"/>
                    </wheel>
                    <wheel filename="$data/shared/wheels/tires/continental/contiHybridHD3/315_80R22_5.xml" configId="dual" isLeft="true" hasTireTracks="true" hasParticles="true">
                        <physics rotSpeed="0"  restLoad="1.1" repr="0>0|2"  forcePointRatio="0.5" initialCompression="15" suspTravel="0.18" spring="35" damper="25" frictionScale="2.1" yOffset="0.003"/>
                        <additionalWheel filename="$data/shared/wheels/tires/continental/contiHybridHD3/315_80R22_5.xml" configId="dualConnector" isLeft="true" offset="0.108"/>
                    </wheel>
                    <wheel filename="$data/shared/wheels/tires/continental/contiHybridHD3/315_80R22_5.xml" configId="dual" isLeft="false" hasTireTracks="true" hasParticles="true">
                        <physics rotSpeed="0"  restLoad="1.1" repr="0>0|3" forcePointRatio="0.5" initialCompression="15" suspTravel="0.18" spring="35" damper="25" frictionScale="2.1" yOffset="0.003"/>
                        <additionalWheel filename="$data/shared/wheels/tires/continental/contiHybridHD3/315_80R22_5.xml" configId="dualConnector" isLeft="false" offset="0.108"/>
                    </wheel>
                    <wheel filename="$data/shared/wheels/tires/continental/contiCrossTracHS3/385_65R22_5.xml" configId="truckTrailer02" isLeft="true"  hasTireTracks="true" hasParticles="true">
                        <physics rotSpeed="1"  restLoad="1.8" repr="0>0|6|0"  driveNode="0>0|6|0|0|0"  forcePointRatio="0.5" initialCompression="25" suspTravel="0.18" spring="30" damper="20" frictionScale="3"/>
                    </wheel>
                    <wheel filename="$data/shared/wheels/tires/continental/contiCrossTracHS3/385_65R22_5.xml" configId="truckTrailer02" isLeft="false" hasTireTracks="true" hasParticles="true">
                        <physics rotSpeed="1"  restLoad="1.8" repr="0>0|6|1" driveNode="0>0|6|1|0|0" forcePointRatio="0.5" initialCompression="25" suspTravel="0.18" spring="30" damper="20" frictionScale="3"/>
                    </wheel>
                </wheels>
				<objectChange node="0>0|6|0"   visibilityActive="true" />
				<objectChange node="0>0|6|1"   visibilityActive="true" />
				<objectChange node="0>0|6|2|0" visibilityActive="false" />
				<objectChange node="0>0|6|2|1" visibilityActive="true" />
				<objectChange node="0>0|4"     visibilityActive="false" />
				<objectChange node="0>0|5"     visibilityActive="false" />			
            </wheelConfiguration>
			<wheelConfiguration name="$l10n_Wheel_Forst" price="2000" brand="CONTINENTAL" saveId="CONTINENTAL_DEFAULT3">
                <wheels baseConfig="CONTINENTAL_DEFAULT">
                    <wheel filename="$data/shared/wheels/tires/continental/contiCrossTracHD3/315_80R22_5.xml"/>
                    <wheel filename="$data/shared/wheels/tires/continental/contiCrossTracHD3/315_80R22_5.xml"/>
                    <wheel filename="$data/shared/wheels/tires/continental/contiCrossTracHD3/315_80R22_5.xml">
                        <additionalWheel filename="$data/shared/wheels/tires/continental/contiCrossTracHD3/315_80R22_5.xml" offset="0.09"/>
                    </wheel>
                    <wheel filename="$data/shared/wheels/tires/continental/contiCrossTracHD3/315_80R22_5.xml">
                        <additionalWheel filename="$data/shared/wheels/tires/continental/contiCrossTracHD3/315_80R22_5.xml" offset="0.09"/>
                    </wheel>
                    <wheel filename="$data/shared/wheels/tires/continental/contiCrossTracHD3/315_80R22_5.xml">
                        <additionalWheel filename="$data/shared/wheels/tires/continental/contiCrossTracHD3/315_80R22_5.xml" offset="0.09"/>
                    </wheel>
                    <wheel filename="$data/shared/wheels/tires/continental/contiCrossTracHD3/315_80R22_5.xml">
                        <additionalWheel filename="$data/shared/wheels/tires/continental/contiCrossTracHD3/315_80R22_5.xml" offset="0.09"/>
                    </wheel>
                </wheels>
				<objectChange node="0>0|6|0"   visibilityActive="false" />
				<objectChange node="0>0|6|1"   visibilityActive="false" />
				<objectChange node="0>0|6|2|0" visibilityActive="true" />
				<objectChange node="0>0|6|2|1" visibilityActive="false" />
				<objectChange node="0>0|4"     visibilityActive="true" />
				<objectChange node="0>0|5"     visibilityActive="true" />		
            </wheelConfiguration>
            <wheelConfiguration name="$l10n_Wheel_Forst_Lenk" price="2000" brand="CONTINENTAL" saveId="CONTINENTAL_DEFAULT4">
                <wheels baseConfig="CONTINENTAL_DEFAULT2">
                    <wheel filename="$data/shared/wheels/tires/continental/contiCrossTracHD3/315_80R22_5.xml"/>
                    <wheel filename="$data/shared/wheels/tires/continental/contiCrossTracHD3/315_80R22_5.xml"/>
                    <wheel filename="$data/shared/wheels/tires/continental/contiCrossTracHD3/315_80R22_5.xml">
                        <additionalWheel filename="$data/shared/wheels/tires/continental/contiCrossTracHD3/315_80R22_5.xml" offset="0.09"/>
                    </wheel>
                    <wheel filename="$data/shared/wheels/tires/continental/contiCrossTracHD3/315_80R22_5.xml">
                        <additionalWheel filename="$data/shared/wheels/tires/continental/contiCrossTracHD3/315_80R22_5.xml" offset="0.09"/>
                    </wheel>
                    <wheel filename="$data/shared/wheels/tires/continental/contiCrossTracHD3/315_80R22_5.xml"/>
                    <wheel filename="$data/shared/wheels/tires/continental/contiCrossTracHD3/315_80R22_5.xml"/>
                </wheels>
				<objectChange node="0>0|6|0"   visibilityActive="true" />
				<objectChange node="0>0|6|1"   visibilityActive="true" />
				<objectChange node="0>0|6|2|0" visibilityActive="false" />
				<objectChange node="0>0|6|2|1" visibilityActive="true" />
				<objectChange node="0>0|4"     visibilityActive="false" />
				<objectChange node="0>0|5"     visibilityActive="false" />
					
            </wheelConfiguration>
        </wheelConfigurations>

        <ackermannSteeringConfigurations>
            <ackermannSteering rotSpeed="35" rotMax="45" rotCenterWheel1="3" rotCenterWheel2="4" />
        </ackermannSteeringConfigurations>

        <hubs>
            <color0>SHARED_DA_METAL_BLACK</color0>
            <color1>SHARED_GREY1</color1>
            <hub linkNode="0>0|2"   filename="$data/shared/wheels/hubs/hub_n10_13.xml" isLeft="true"  scale="0.33 0.33 0.33" />
            <hub linkNode="0>0|3"  filename="$data/shared/wheels/hubs/hub_n10_13.xml" isLeft="false" scale="0.33 0.33 0.33" />
            <hub linkNode="0>0|4"   filename="$data/shared/wheels/hubs/hub_n10_13.xml" isLeft="true"  scale="0.33 0.33 0.33" />
            <hub linkNode="0>0|5"  filename="$data/shared/wheels/hubs/hub_n10_13.xml" isLeft="false" scale="0.33 0.33 0.33" />
        </hubs>
    </wheels>

	<lights>
		<sharedLight linkNode="0>5|0|1|0" node="0" lightTypes="1" filename="assets/hellaWorkingLightSquare_01_back.xml" >
			<rotationNode name="rotationNode1" rotation="36 0 0" />
		</sharedLight>
		<sharedLight linkNode="0>5|0|1|1" node="0" lightTypes="1" filename="assets/hellaWorkingLightSquare_01_back.xml" >
			<rotationNode name="rotationNode1" rotation="36 0 0" />
		</sharedLight>
		
		<sharedLight linkNode="0>18|0" node="0" lightTypes="0 1 2" filename="assets/MAN_TG_Posi_LED.xml" >
			<rotationNode name="rotationNode1" rotation="0 0 0" />
		</sharedLight>
		<sharedLight linkNode="0>18|1" node="0" lightTypes="0 1 2" filename="assets/MAN_TG_Posi_LED.xml" >
			<rotationNode name="rotationNode1" rotation="0 0 0" />
		</sharedLight>
		<sharedLight linkNode="0>18|2" node="0" lightTypes="0 1 2" filename="assets/MAN_TG_Posi_LED.xml" >
			<rotationNode name="rotationNode1" rotation="0 0 0" />
		</sharedLight>
		<sharedLight linkNode="0>18|3" node="0" lightTypes="0 1 2" filename="assets/MAN_TG_Posi_LED.xml" >
			<rotationNode name="rotationNode1" rotation="0 0 0" />
		</sharedLight>
		<sharedLight linkNode="0>18|4" node="0" lightTypes="0 1 2" filename="assets/MAN_TG_Posi_LED.xml" >
			<rotationNode name="rotationNode1" rotation="0 0 0" />
		</sharedLight>
		<sharedLight linkNode="0>18|5" node="0" lightTypes="0 1 2" filename="assets/MAN_TG_Posi_LED.xml" >
			<rotationNode name="rotationNode1" rotation="0 0 0" />
		</sharedLight>
		
		<sharedLight linkNode="0>14|0|0" filename="assets/Vignal_LC8_Taillight_MAN_Left.xml"/>
        <sharedLight linkNode="0>14|1|0" filename="assets/Vignal_LC8_Taillight_MAN_Right.xml"/>

		<states>
			<state lightTypes="0" />
		</states>

		<realLights>
			<low>
				<light node="0>2|2|0"	lightTypes="0"/>
				<light node="0>5|0|4|8"	lightTypes="0"/>
				<light node="0>2|2|1"	lightTypes="3"/>
				<light node="0>2|2|4"	lightTypes="0 3"/>
				
				<light node="0>5|0|1|11"	lightTypes="1"/>
				<light node="0>5|0|1|22"	lightTypes="2"/>
			</low>
			
			<high>
				<light node="0>2|2|2"	lightTypes="0"/>
				<light node="0>5|0|4|8"	lightTypes="0"/>
				<light node="0>2|2|3"	lightTypes="3"/>
				<light node="0>2|2|4"	lightTypes="0 3"/>
				
				<light node="0>5|0|1|10"	lightTypes="1"/>
				<light node="0>5|0|1|23"	lightTypes="2"/>
			
                <brakeLight node="0>2|3|0" />
				<turnLightLeft node="0>2|4|0" />
				<turnLightRight node="0>2|4|1" />
				<reverseLight node="0>2|5|0" />
			</high>
		</realLights>

		<defaultLights>
			<defaultLight shaderNode="0>2|1|4" 		lightTypes="0" intensity="5"		/>
			<defaultLight shaderNode="0>2|1|5" 		lightTypes="0" intensity="10"		/>
			
			<defaultLight shaderNode="0>2|1|6" 		lightTypes="3" intensity="5"		/>
			<defaultLight shaderNode="0>2|1|7" 		lightTypes="3" intensity="10"		/>
			
			<defaultLight shaderNode="0>5|0|1|12|3" lightTypes="1" intensity="5" 		/>
			
			<defaultLight shaderNode="0>5|0|1|12|4" lightTypes="0 3"/>
		</defaultLights>

		<turnLights>
			<turnLightLeft shaderNode="0>5|0|1|12|1" />
			<turnLightLeft shaderNode="0>2|7|0" />
			<turnLightLeft shaderNode="0>2|1|0" />
			<turnLightRight shaderNode="0>2|1|1" />
			<turnLightRight shaderNode="0>5|0|1|12|0" />
			<turnLightRight shaderNode="0>2|8|0" />
		</turnLights>
		
		<beaconLights>
			<beaconLight node="0>5|0|9|0" 		filename="beaconLights/BST_Orange.xml" />
			<beaconLight node="0>5|0|9|1" 		filename="beaconLights/BST_Orange.xml" />
			
			<beaconLight node="0>5|0|12|0" 		filename="beaconLights/BST.xml" />
			<beaconLight node="0>5|0|12|1" 		filename="beaconLights/BST.xml" />
			
			<beaconLight node="0>5|0|10|0|2" 		filename="beaconLights/NovaLED.xml" />
			<beaconLight node="0>5|0|10|1|2" 		filename="beaconLights/NovaLED1.xml" />
			
			<beaconLight node="0>5|0|10|4|2" 		filename="beaconLights/NovaLED_Blau.xml" />
			<beaconLight node="0>5|0|10|5|2" 		filename="beaconLights/NovaLED_Blau1.xml" />
		</beaconLights>

		<sounds>
			<switchLight template="SWITCH_01" linkNode="0>" />
			<turnLight template="SWITCH_TURNLIGHT" linkNode="0>" />
		</sounds>

		<dashboards>
			<dashboard displayType="EMITTER" valueType="lightState"     node="0>5|0|4|6" baseColor="GREY"  emitColor="GREY" intensity="0.5" lightTypes="0 1 2 3" groups="MOTOR_ACTIVE"/>
			<dashboard displayType="EMITTER" valueType="turnLightLeft"  node="0>5|0|4|4" baseColor="BLACK" emitColor="GREEN" groups="MOTOR_ACTIVE"/>
			<dashboard displayType="EMITTER" valueType="turnLightRight" node="0>5|0|4|5" baseColor="BLACK" emitColor="GREEN" groups="MOTOR_ACTIVE"/>
			
			<dashboard displayType="EMITTER" valueType="lightState" node="0>5|0|4|9|1" baseColor="BLACK" emitColor="BLUE" intensity="0.5" lightTypes="2" groups="MOTOR_ACTIVE"/>
			<dashboard displayType="EMITTER" valueType="lightState" node="0>5|0|4|9|2" baseColor="BLACK" emitColor="BLUE" intensity="0.5" lightTypes="3" groups="MOTOR_ACTIVE"/>
			<dashboard displayType="EMITTER" valueType="beaconLight" node="0>5|0|4|9|5" baseColor="BLACK" emitColor="ORANGE" intensity="4" groups="MOTOR_ACTIVE"/>
            <dashboard displayType="EMITTER" valueType="lightState" node="0>5|0|4|9|0" baseColor="BLACK" emitColor="GREEN" intensity="0.5" lightTypes="0" groups="MOTOR_ACTIVE"/>
			
			<dashboard displayType="EMITTER" valueType="lightState"      node="0>5|0|4|1|0" intensity="1.1" lightTypes="0" groups="MOTOR_ACTIVE"/>
            <dashboard displayType="EMITTER" valueType="lightState"      node="0>5|0|4|0|0" intensity="1.1" lightTypes="0" groups="MOTOR_ACTIVE"/>
            <dashboard displayType="EMITTER" valueType="lightState"      node="0>5|0|4|2|0" intensity="1.1" lightTypes="0" groups="MOTOR_ACTIVE"/>
            <dashboard displayType="EMITTER" valueType="lightState"      node="0>5|0|4|12" intensity="1.1" lightTypes="0" groups="MOTOR_ACTIVE"/>
            <dashboard displayType="EMITTER" valueType="lightState"      node="0>5|0|4|3|0" intensity="1.1" lightTypes="0" groups="MOTOR_ACTIVE"/>
			<dashboard displayType="EMITTER" valueType="turnLightHazard" node="0>5|0|4|13" intensity="0.1" emitColor="RED" groups="MOTOR_ACTIVE"/>
		</dashboards>
	</lights>
	
	<beaconLights>
			<beaconLight node="0>12|3|1" 		filename="beaconLights/frontblitzer_gelb.xml" />
			<beaconLight node="0>12|3|2" 		filename="beaconLights/frontblitzer_gelb.xml" />
    </beaconLights>
	
    <speedRotatingParts>
        <speedRotatingPart node="0>6|0|0" radius="0.1" />
        <speedRotatingPart node="0>6|1|0" radius="0.1" />
        <speedRotatingPart node="0>6|2" radius="0.1" />
        <speedRotatingPart node="0>6|3|0" radius="0.1" />
        <speedRotatingPart node="0>6|4" radius="0.1" />
        <speedRotatingPart node="0>6|5" radius="0.1" />
        <speedRotatingPart node="0>6|6|0" radius="0.1" />
        <speedRotatingPart node="0>6|7" radius="0.1" />
        <speedRotatingPart node="0>6|8" radius="0.1" />
        <speedRotatingPart node="0>6|9|0" radius="0.1" />
        <speedRotatingPart node="0>6|10" radius="0.1" />
    </speedRotatingParts>

    <connectionHoses>
        <target attacherJointIndices="1" type="airDoubleRed" node="0>11|0"/>
        <target attacherJointIndices="1" type="airDoubleYellow" node="0>11|1"/>
        <target attacherJointIndices="1" type="hydraulicIn" node="0>11|6"/>
        <target attacherJointIndices="1" type="hydraulicOut" node="0>11|5"/>
        <target attacherJointIndices="1" type="hydraulicIn" node="0>11|4"/>
        <target attacherJointIndices="1" type="hydraulicOut" node="0>11|3"/>
        <target attacherJointIndices="1" type="electric" node="0>11|2" socket="electric"/>
        <target attacherJointIndices="2" type="electric" node="0>11|7" socket="electric"/>
    </connectionHoses>

	<enterable isTabbable="true" >
		<enterReferenceNode node="0>" />
		<exitPoint node="0>3" />

		<cameras>
			<camera node="0>1|0|0" rotatable="true" rotateNode="0>1|0" limit="true" useWorldXZRotation="true" rotMinX="-1.4" rotMaxX="1" transMin="4.5" transMax="40" translation="0 0 9" rotation="-20 180 0">
				<raycastNode node="0>1|2"/>
				<raycastNode node="0>1|3"/>
				<raycastNode node="0>1|4"/>
			</camera>
			<camera node="0>5|0|0|2|3" rotatable="true" limit="true" rotMinX="-1.1" rotMaxX="0.4" transMin="0" transMax="0" useMirror="true" isInside="true" shadowFocusBox="0>1|5" />
		</cameras>

		<characterNode node="0>5|0|0|2|0" cameraMinDistance="1.5" spineRotation="-90 0 90" >
			<target ikChain="rightFoot" targetNode="0>5|0|3|3" />
			<target ikChain="leftFoot"  targetNode="0>5|0|3|2" />
			<target ikChain="rightArm"  targetNode="0>5|0|2|0|0" />
			<target ikChain="leftArm"   targetNode="0>5|0|2|0|1" />
		</characterNode>

		<mirrors>
			<mirror node="0>5|0|0|1|0" prio="1" />
			<mirror node="0>5|0|0|1|1" prio="1" />
			<mirror node="0>5|0|0|1|2" prio="2" />
			<mirror node="0>5|0|0|1|3" prio="2" />
		</mirrors>
		
		<dashboards>
            <dashboard displayType="NUMBER" valueType="time"          numbers="0>5|0|4|10"          numberColor="0.75 0.75 0.75 1" precision="2" font="GENERIC" groups="MOTOR_ACTIVE"/>
            <dashboard displayType="NUMBER" valueType="operatingTime" numbers="0>5|0|4|11" numberColor="0.75 0.75 0.75 1" precision="1" font="GENERIC" groups="MOTOR_ACTIVE"/>
        </dashboards>
		
        <passengerSeats>
            <passengerSeat node="0>5|0|11|0" exitPoint="0>5|0|11|0|6" outdoorCameraIndex="1">
                <camera node="0>5|0|11|0|0" rotatable="true" limit="true" rotMinX="-1.1" rotMaxX="0.4" transMin="0" transMax="0" useMirror="true" isInside="true" positionSmoothingParameter="0" shadowFocusBox="0>1|5"/>
                <characterNode node="0>5|0|11|0|1" cameraMinDistance="0.5" spineRotation="-90 0 90">
                    <target ikChain="leftArm"   targetNode="0>5|0|11|0|4" />
                    <target ikChain="rightArm"  targetNode="0>5|0|11|0|5" poseId="narrowFingers"/>
                    <target ikChain="leftFoot"  targetNode="0>5|0|11|0|2" />
                    <target ikChain="rightFoot" targetNode="0>5|0|11|0|3" />
                </characterNode>
            </passengerSeat>			
        </passengerSeats>		
	</enterable>

	<motorized>
		<consumerConfigurations>
			<consumerConfiguration>
				<consumer fillUnitIndex="1" usage="150" fillType="diesel" />
				<consumer fillUnitIndex="2" usage="3.5" fillType="def" />
				<consumer fillUnitIndex="3" usage="300" fillType="air" permanentConsumption="false" refillLitersPerSecond="350" refillCapacityPercentage="0.5" />
			</consumerConfiguration>
		</consumerConfigurations>

        <differentialConfigurations>
            <differentialConfiguration>
                <differentials>
                    <differential torqueRatio="0.5" maxSpeedRatio="1.6" wheelIndex1="3" wheelIndex2="4" />
                    <differential torqueRatio="0.5" maxSpeedRatio="1.6" wheelIndex1="5" wheelIndex2="6" /> 
                    <differential torqueRatio="0.5" maxSpeedRatio="1.6" differentialIndex1="1" differentialIndex2="2" />
                    <differential torqueRatio="0.5" maxSpeedRatio="1.6" wheelIndex1="1" wheelIndex2="2" />
                    <differential torqueRatio="0.5" maxSpeedRatio="1.6" differentialIndex1="3" differentialIndex2="4" />
                </differentials>
            </differentialConfiguration>
        </differentialConfigurations>

		<motorConfigurations>
            <motorConfiguration name="TGS 18.500 6x6" hp="500" price="0">
                <motor torqueScale="2.394" minRpm="850" maxRpm="2200" maxForwardSpeed="83" maxBackwardSpeed="15" brakeForce="7" lowBrakeForceScale="0.22" rotInertia="0.004788">
                    <torque rpm="850" torque="0.9"/>
                    <torque rpm="1000" torque="1"/>
                    <torque rpm="1450" torque="1"/>
                    <torque rpm="1900" torque="0.75"/>
                    <torque rpm="2200" torque="0.63"/>
                    <torque rpm="2500" torque="0.2"/>
                </motor>

                <transmission autoGearChangeTime="0.2" gearChangeTime="0.1" axleRatio="10" startGearThreshold="1.0" name="$l10n_info_transmission_automatic">
                    <directionChange useGear="true" useGroup="false" changeTime="0.5"/>

                    <forwardGear gearRatio="12.92" actionName="SHIFT_GEAR_SELECT_1"/>
                    <forwardGear gearRatio="9.98" actionName="-"/>
                    <forwardGear gearRatio="7.69" actionName="SHIFT_GEAR_SELECT_2"/>
                    <forwardGear gearRatio="5.94" actionName="-"/>
                    <forwardGear gearRatio="4.57" actionName="SHIFT_GEAR_SELECT_3"/>
                    <forwardGear gearRatio="3.53" actionName="-"/>
                    <forwardGear gearRatio="2.83" actionName="SHIFT_GEAR_SELECT_4"/>
                    <forwardGear gearRatio="2.19" actionName="-"/>
                    <forwardGear gearRatio="1.68" actionName="SHIFT_GEAR_SELECT_5"/>
                    <forwardGear gearRatio="1.30" actionName="SHIFT_GEAR_SELECT_6"/>
                    <forwardGear gearRatio="1.00" actionName="SHIFT_GEAR_SELECT_7"/>
                    <forwardGear gearRatio="0.77" actionName="SHIFT_GEAR_SELECT_8"/>
                    <backwardGear gearRatio="12.03" name="R1"/>
                    <backwardGear gearRatio="9.29" name="R2"/>
                    <backwardGear gearRatio="6.64" name="R3"/>
                    <backwardGear gearRatio="4.04" name="R4"/>
                </transmission>
            </motorConfiguration>
        </motorConfigurations>

        <motorStartDuration>3300</motorStartDuration>

		<exhaustEffects>
            <exhaustEffect node="0>8" filename="$data/effects/exhaust/exhaust.i3d" minRpmColor="0.9 0.9 0.9 0.2" maxRpmColor="0.9 0.9 0.9 0.4" minRpmScale="0.05" maxRpmScale="0.5" />
        </exhaustEffects>

		<dashboards>
			<dashboard displayType="ANIMATION" valueType="speed"            animName="speedDisplay"  minValueAnim="0" maxValueAnim="120" groups="MOTOR_ACTIVE"/>
			<dashboard displayType="ANIMATION" valueType="motorTemperature" animName="tempDisplay"  minValueAnim="0" maxValueAnim="120" groups="MOTOR_ACTIVE"/>
			<dashboard displayType="ANIMATION" valueType="rpm"              animName="rpmDisplay"  minValueAnim="500" maxValueAnim="3000" groups="MOTOR_ACTIVE"/>
		</dashboards>
	</motorized>

	<drivable>
		<sounds>
			<waterSplash template="WATER_SPLASH_01" linkNode="0>" />
		</sounds>
		<steeringWheel node="0>5|0|2|0" indoorRotation="360" outdoorRotation="25" />
	</drivable>

    <fillUnit>
        <fillUnitConfigurations>
            <fillUnitConfiguration name="$l10n_configuration_capacityX" price="0" params="9400" >
                <fillUnits>
                    <fillUnit unitTextOverride="$l10n_unit_literShort" showOnHud="false" showInShop="false" fillTypes="diesel" capacity="400">
                        <dashboard displayType="ANIMATION" valueType="fillLevel" animName="fuelDisplay" groups="MOTOR_ACTIVE"/>
						<dashboard displayType="EMITTER" valueType="fillLevelWarning" node="0>5|0|4|9|4" baseColor="BLACK" emitColor="RED" intensity="1" warningThresholdMax="20" groups="MOTOR_ACTIVE"/>
                    </fillUnit>
                    <fillUnit unitTextOverride="$l10n_unit_literShort" showOnHud="false" showInShop="false" fillTypes="def" capacity="60"/>
                    <fillUnit unitTextOverride="$l10n_unit_literShort" showOnHud="false" showInShop="false" fillTypes="air" capacity="4000"/>
                    <fillUnit unitTextOverride="$l10n_unit_literShort" fillTypeCategories="bulk" capacity="9400">
                        <exactFillRootNode node="0>12|0|0|0|7|0"/>
                        <autoAimTargetNode node="0>12|0|0|0|7|1" startZ="1.5" endZ="-2.5" invert="false" fillUnitIndex="4" startPercentage="25"/>
                    </fillUnit>
                </fillUnits>
                <objectChange node="0>12|0|0|0|3"     visibilityActive="false" />
                <objectChange node="0>12|0|0|0|3|0|0" compoundChildActive="false" />
                <objectChange node="0>12|0|0|0|3|0|1" compoundChildActive="false" />
                <objectChange node="0>12|0|0|0|3|0|2" compoundChildActive="false" />
                <objectChange node="0>12|0|0|0|0|2" visibilityActive="true" />
                <objectChange node="0>12|0|0|0|1|3" visibilityActive="true" />
                <objectChange node="0>12|0|0|0|2|3" visibilityActive="true" />
            </fillUnitConfiguration>
            <fillUnitConfiguration name="$l10n_configuration_capacityX" price="5000" params="17150" >
                <fillUnits>
                    <fillUnit unitTextOverride="$l10n_unit_literShort" showOnHud="false" showInShop="false" fillTypes="diesel" capacity="400">
                        <dashboard displayType="ANIMATION" valueType="fillLevel" animName="fuelDisplay" groups="MOTOR_ACTIVE"/>
                    </fillUnit>
                    <fillUnit unitTextOverride="$l10n_unit_literShort" showOnHud="false" showInShop="false" fillTypes="def" capacity="60"/>
                    <fillUnit unitTextOverride="$l10n_unit_literShort" showOnHud="false" showInShop="false" fillTypes="air" capacity="4000"/>
                    <fillUnit unitTextOverride="$l10n_unit_literShort" fillTypeCategories="bulk" capacity="17150">
                        <exactFillRootNode node="0>12|0|0|0|7|2"/>
                        <autoAimTargetNode node="0>12|0|0|0|7|1" startZ="1.5" endZ="-2.5" invert="false" fillUnitIndex="4" startPercentage="25"/>
                    </fillUnit>
                </fillUnits>
                <objectChange node="0>12|0|0|0|3"     visibilityActive="true" />
                <objectChange node="0>12|0|0|0|3|0|0" compoundChildActive="true" />
                <objectChange node="0>12|0|0|0|3|0|1" compoundChildActive="true" />
                <objectChange node="0>12|0|0|0|3|0|2" compoundChildActive="true" />
				<objectChange node="0>12|0|0|0|0|2" visibilityActive="false" />
				<objectChange node="0>12|0|0|0|1|3" visibilityActive="false" />
				<objectChange node="0>12|0|0|0|2|3" visibilityActive="false" />
            </fillUnitConfiguration>
        </fillUnitConfigurations>
    </fillUnit>

    <fillVolume>
        <fillVolumeConfigurations>
            <fillVolumeConfiguration>
                <volumes>
                    <volume node="0>12|0|0|0|5|0" maxDelta="0.23" maxAllowedHeapAngle="18" fillUnitIndex="4" />
                </volumes>
            </fillVolumeConfiguration>
            <fillVolumeConfiguration>
                <volumes>
                    <volume node="0>12|0|0|0|5|3" maxDelta="0.23" maxAllowedHeapAngle="18" fillUnitIndex="4" />
                </volumes>
            </fillVolumeConfiguration>
        </fillVolumeConfigurations>
        <unloadInfos>
            <unloadInfo>
                <node node="0>12|0|0|0|5|1|0" width="2" length="1.0" />
            </unloadInfo>
            <unloadInfo>
                <node node="0>12|0|0|0|5|1|1" width="1" length="4.0" />
            </unloadInfo>
            <unloadInfo>
                <node node="0>12|0|0|0|5|1|2" width="1" length="4.0" />
            </unloadInfo>
        </unloadInfos>
    </fillVolume>

    <trailer>
        <trailerConfigurations>
            <trailerConfiguration>
                <trailer>
                    <tipSide name="$l10n_info_tipSideBack" dischargeNodeIndex="1">
                        <animation name="tipAnimationBack" speedScale="1.0" startTipTime="0.15"/>
                    </tipSide>
                    <tipSide name="$l10n_info_tipSideLeft" dischargeNodeIndex="2" >
                        <animation name="tipAnimationLeft" speedScale="1.0" startTipTime="0.15"/>
                    </tipSide>
                    <tipSide name="$l10n_info_tipSideRight" dischargeNodeIndex="3" >
                        <animation name="tipAnimationRight" speedScale="1.0" startTipTime="0.15"/>
                    </tipSide>
                </trailer>
            </trailerConfiguration>
        </trailerConfigurations>
    </trailer>

    <dischargeable>
        <dischargeNode node="0>12|3|0" emptySpeed="550" fillUnitIndex="4" unloadInfoIndex="1" >
            <info width="2.0" length="0.5" />
            <effects>
                <effectNode effectClass="TipEffect">
                    <effectNode effectNode="0>12|0|0|0|6|0|1|0" effectClass="ParticleEffect" materialType="unloadingParticle" emitCountScale="4"/>
                    <effectNode effectNode="0>12|0|0|0|6|0|0|0" materialType="unloading" materialTypeId="1" fadeTime="0.5" extraDistanceNode="0>12|3|0" extraDistance="0"/>
                </effectNode>
                <effectNode effectNode="0>12|0|0|0|6|0|0|1" materialType="unloadingSmoke"     materialTypeId="1" fadeTime="0.5" />
            </effects>
        </dischargeNode>
        <dischargeNode node="0>12|3|1" emptySpeed="550" fillUnitIndex="4" unloadInfoIndex="2" >
            <info width="4" length="0.5" />
            <effects>
                <effectNode effectClass="TipEffect">
                    <effectNode effectNode="0>12|0|0|0|6|1|1|0" effectClass="ParticleEffect" materialType="unloadingParticle" emitCountScale="4"/>
                    <effectNode effectNode="0>12|0|0|0|6|1|0|0" materialType="unloading" materialTypeId="1" fadeTime="0.5" extraDistanceNode="0>12|3|1" extraDistance="0"/>
                </effectNode>
                <effectNode effectNode="0>12|0|0|0|6|1|0|1" materialType="unloadingSmoke"     materialTypeId="1" fadeTime="0.5" />
            </effects>
        </dischargeNode>
        <dischargeNode node="0>12|3|2" emptySpeed="550" fillUnitIndex="4" unloadInfoIndex="3" >
            <info width="4" length="0.5" />
            <effects>
                <effectNode effectClass="TipEffect">
                    <effectNode effectNode="0>12|0|0|0|6|2|1|0" effectClass="ParticleEffect" materialType="unloadingParticle" emitCountScale="4"/>
                    <effectNode effectNode="0>12|0|0|0|6|2|0|0" materialType="unloading" materialTypeId="1" fadeTime="0.5" extraDistanceNode="0>12|3|2" extraDistance="0"/>
                </effectNode>
                <effectNode effectNode="0>12|0|0|0|6|2|0|1" materialType="unloadingSmoke"     materialTypeId="1" fadeTime="0.5" />
            </effects>
        </dischargeNode>
    </dischargeable>

    <attacherJoints>
        <attacherJointConfigurations>
            <attacherJointConfiguration>
                <attacherJoint node="0>4|1|0|0" jointType="trailer" lowerRotLimit="10 50 50" lowerTransLimit="0 0 0" upperRotRotationOffset="0" allowsJointLimitMovement="false" comboTime="1">
                    <schema position="1 0" rotation="0" invertX="false" />
                </attacherJoint>
				<attacherJoint node="0>15|0|0" jointType="trailerLow" lowerRotLimit="10 50 50" lowerTransLimit="0 0 0" upperRotRotationOffset="0" allowsJointLimitMovement="false" comboTime="1">
                    <schema position="1 0" rotation="0" invertX="false" />
                </attacherJoint>
                <attacherJoint node="0>4|0" jointType="trailer" lowerRotLimit="10 50 50" lowerTransLimit="0 0 0" upperRotRotationOffset="0" allowsJointLimitMovement="false" comboTime="0">
                    <schema position="1 0" rotation="0" invertX="true" />
                </attacherJoint>
		        <attacherJoint node="0>13|3" upperRotationOffset="-0.16" moveTime="2.5" comboTime="0">
                    <distanceToGround lower="0.30" upper="0.90" />
                    <rotationNode  node="0>13|4" lowerRotation="22 0 0" upperRotation="-24 0 0" />
                    <rotationNode2 node="0>13|5" />
                    <schema position="1 0" rotation="0" invertX="true" />
               </attacherJoint>
            </attacherJointConfiguration>
        </attacherJointConfigurations>
    </attacherJoints>

	<honk>
		<sound template="HONK_TRUCK" linkNode="0>" />
	</honk>

	<animations>
		<animation name="tempDisplay">
			<part node="0>5|0|4|0|0" startTime="0" endTime="1" startRot="0 0 0" endRot="0 0 -50" />
		</animation>
		<animation name="fuelDisplay">
			<part node="0>5|0|4|3|0" startTime="0" endTime="1" startRot="0 0 0" endRot="0 0 -50" />
		</animation>
		<animation name="rpmDisplay">
			<part node="0>5|0|4|1|0" startTime="0" endTime="1" startRot="0 0 0" endRot="0 0 -197" />
		</animation>
		<animation name="speedDisplay">
			<part node="0>5|0|4|2|0" startTime="0" endTime="1" startRot="0 0 0" endRot="0 0 -216" />
		</animation>
		<animation name="wiperFrontAnimation">
			<part node="0>5|0|0|3|0" startTime="0" endTime="1" startRot="0 0 0"     endRot="0 -12 -90"/>
			<part node="0>5|0|0|3|0" startTime="1" endTime="2" startRot="0 -12 -90" endRot="0 0 0"/>
			<part node="0>5|0|0|3|1" startTime="0" endTime="1" startRot="0 0 0"     endRot="0 -12 -90"/>
			<part node="0>5|0|0|3|1" startTime="1" endTime="2" startRot="0 -12 -90" endRot="0 0 0"/>
		</animation>
        <animation name="tipAnimationBack">
            <part node="0>12|0|0|0|0" startTime="0.3"     endTime="1.5" startRot="0 0 0"    endRot="-185 0 0"/>
            <part node="0>12|0|0|0|0" startTime="1.5"     endTime="8"   startRot="-185 0 0" endRot="-140 0 0"/>
            <part node="0>12|0|0|0"   startTime="1.5"     endTime="8"   startRot="0 0 0"    endRot="-45 0 0"/>
            <part node="0>12|0|0|0|6|0|0" startTime="0.3" endTime="8"   startRot="0 0 0"    endRot="45 0 0"/>
			
			<sound template="metalLowVar2"           startTime="0.15"  direction="-1"  volumeScale="2.2" pitchScale="1.2"/>
            <sound template="metalClose"             startTime="0.15"  direction="-1"  volumeScale="1.2" pitchScale="0.8"/>
            <sound template="metalOpen"              startTime="0.15"  direction="1"   volumeScale="1.5" pitchScale="0.6"/>
            <sound template="metalLowVar2"           startTime="13.99" direction="1"   volumeScale="2.5" pitchScale="1.2"/>
            <sound template="metalClose"             startTime="13.99" direction="1"   volumeScale="1.2" pitchScale="0.7"/>
            <sound template="thudVar2"               startTime="13.9"  direction="-1"  volumeScale="1.4" pitchScale="0.7"/>
            <sound template="clackVar6"              startTime="13.99" direction="-1"  volumeScale="0.7" pitchScale="0.3"/>
            <sound template="latchSmall"             startTime="0.01"  direction="-1"  volumeScale="0.1" pitchScale="0.9"/>
            <sound template="clackVar2"              startTime="0.01"  direction="0"   volumeScale="1.0" pitchScale="1.7"/>
            <sound template="metalOpen"              startTime="5.1"   direction="1"   volumeScale="2.5" pitchScale="0.7"/>
            <sound template="metalClose"             startTime="0.01"  direction="-1"  volumeScale="1.5" pitchScale="0.7"/>
            <sound template="hingeMedium"            startTime="5.1"   direction="1"   volumeScale="1.4" pitchScale="0.8"/>
            <sound template="cylinderPunch" startTime="0.01"  direction="0" volumeScale="2.5"/>
            <sound template="cylinderPunch" startTime="13.99" direction="1" volumeScale="3.5"/>
        </animation>
        <animation name="tipAnimationLeft">
            <part node="0>12|0|0|0|1"  startTime="0.3"    endTime="1.5" startRot="0 0 0"    endRot="0 0 -177"/>
            <part node="0>12|0|0|0|1"  startTime="1.5"    endTime="8"   startRot="0 0 -177" endRot="0 0 -127"/>
            <part node="0>12|0"        startTime="1.5"    endTime="8"   startRot="0 0 0"    endRot="0 0 -50"/>
            <part node="0>12|0|0|0|6|1|0" startTime="0.3" endTime="8"   startRot="0 -90 0"  endRot="50 -90 0"/>
        </animation>
        <animation name="tipAnimationRight">
            <part node="0>12|0|0|0|2"  startTime="0.3"    endTime="1.5" startRot="0 0 0"   endRot="0 0 177"/>
            <part node="0>12|0|0|0|2"  startTime="1.5"    endTime="8"   startRot="0 0 177" endRot="0 0 127"/>
            <part node="0>12|0|0"      startTime="1.5"    endTime="8"   startRot="0 0 0"   endRot="0 0 50"/>
            <part node="0>12|0|0|0|6|2|0" startTime="0.3" endTime="8"   startRot="0 -90 0" endRot="50 -90 0"/>
        </animation>
		<animation name="Bordwand_Heck">
            <part node="0>12|0|0|0|0"  startTime="0.3"    endTime="1.5" startRot="0 0 0"   endRot="-177 0 0"/>
        </animation>
		<animation name="Bordwand_Links">
            <part node="0>12|0|0|0|1"  startTime="0.3"    endTime="1.5" startRot="0 0 0"   endRot="0 0 -177"/>
        </animation>
		<animation name="Bordwand_Rechts">
            <part node="0>12|0|0|0|2"  startTime="0.3"    endTime="1.5" startRot="0 0 0"   endRot="0 0 177"/>
        </animation>
		<animation name="Innenbeleuchtung">
			<part node="0>5|0|1|12|5" startTime="0" endTime="0.01" visibility="false"/>
            <part node="0>5|0|1|12|5" startTime="0.01" endTime="0.02" visibility="true"/>
			<part node="0>5|0|1|12|2" startTime="0" endTime="0.01" visibility="true"/>
            <part node="0>5|0|1|12|2" startTime="0.01" endTime="0.02" visibility="false"/>
			<part node="0>5|0|1|20" startTime="0" endTime="0.01" visibility="false"/>
            <part node="0>5|0|1|20" startTime="0.01" endTime="0.02" visibility="true"/>
		</animation>
		
		<animation name="HornAnimation">
			<part node="0>17|0" startTime="0" endTime="0.01" visibility="false"/>
            <part node="0>17|0" startTime="0.01" endTime="0.02" visibility="true"/>
		</animation>		
	</animations>
	
	<interactiveControl>
		<interactiveControlConfigurations>			
			<interactiveControlConfiguration>
				<interactiveControls>
					<outdoorTrigger node="0>16"/>
					
					<interactiveControl posText="$l10n_actionIC_offInnenbeleuchtung" negText="$l10n_actionIC_onInnenbeleuchtung" >
						<clickPoint node="0>5|0|1|21" size="0.03" type="INDOOR" iconType="CROSS" alignToCamera="false"/>
						<animation name="Innenbeleuchtung" speedScale="1.0" initTime="0.0" />
					</interactiveControl>	

					<interactiveControl posText="$l10n_actionIC_offKlappe" negText="$l10n_actionIC_onKlappe" >
						<clickPoint node="0>12|0|0|0|0|2" size="0.1" type="OUTDOOR" iconType="CROSS" alignToCamera="false"/>
						<clickPoint node="0>12|0|0|0|0|4" size="0.1" type="OUTDOOR" iconType="CROSS" alignToCamera="false"/>
						<animation name="Bordwand_Heck" speedScale="1.0" initTime="0.0" />
					</interactiveControl>		

					<interactiveControl posText="$l10n_actionIC_offKlappe" negText="$l10n_actionIC_onKlappe" >
						<clickPoint node="0>12|0|0|0|1|3" size="0.1" type="OUTDOOR" iconType="CROSS" alignToCamera="false"/>
						<clickPoint node="0>12|0|0|0|1|5" size="0.1" type="OUTDOOR" iconType="CROSS" alignToCamera="false"/>
						<animation name="Bordwand_Links" speedScale="1.0" initTime="0.0" />
					</interactiveControl>

					<interactiveControl posText="$l10n_actionIC_offKlappe" negText="$l10n_actionIC_onKlappe"	>
						<clickPoint node="0>12|0|0|0|2|3" size="0.1" type="OUTDOOR" iconType="CROSS" alignToCamera="false"/>
						<clickPoint node="0>12|0|0|0|2|5" size="0.1" type="OUTDOOR" iconType="CROSS" alignToCamera="false"/>
						<animation name="Bordwand_Rechts" speedScale="1.0" initTime="0.0" />
					</interactiveControl>				
					
				</interactiveControls>		
			</interactiveControlConfiguration>
		</interactiveControlConfigurations>
	</interactiveControl>
	
	<foldable>
        <foldingConfigurations>
            <foldingConfiguration>
                <foldingParts posDirectionText="$l10n_Horn_Off" negDirectionText="$l10n_Horn_On" requiresPower="false">
                    <foldingPart animationName="HornAnimation" speedScale="1" />
                </foldingParts>
            </foldingConfiguration>
        </foldingConfigurations>
    </foldable>	

	<wipers>
		<wiper animName="wiperFrontAnimation" >
			<state animSpeed="0.75" animPause="2.0" />
			<state animSpeed="0.75" animPause="0.0" />
			<state animSpeed="1.10" animPause="0.0" />
		</wiper>
	</wipers>

	<cylindered>
        <movingTools>
            <movingTool node="0>12|0" playSound="true">
                <dependentPart node="0>12|1"/>
            </movingTool>
            <movingTool node="0>12|0|0" playSound="true">
                <dependentPart node="0>12|1"/>
            </movingTool>
            <movingTool node="0>12|0|0|0" playSound="true">
                <dependentPart node="0>12|1"/>
            </movingTool>
        </movingTools>
		<movingParts>	
			<movingPart node="0>0|1|1" referencePoint="0>0|0|1" referenceFrame="0>0|0|1" isActiveDirty="true" maxUpdateDistance="50">
			</movingPart>
			<movingPart node="0>0|6|1|1" referencePoint="0>0|6|0|1" referenceFrame="0>0|6|0|1" isActiveDirty="true" maxUpdateDistance="50">
			</movingPart>
            <movingPart node="0>12|1" referencePoint="0>12|0|0|0|8" referenceFrame="0>12|2" limitedAxis="3" maxUpdateDistance="50">
                <dependentPart node="0>12|1|0"/>
            </movingPart>
            <movingPart node="0>12|1|0" referencePoint="0>12|0|0|0|8" referenceFrame="0>12|2">
                <translatingPart node="0>12|1|0|0"/>
                <translatingPart node="0>12|1|0|0|0"/>
                <translatingPart node="0>12|1|0|0|0|0"/>
                <translatingPart node="0>12|1|0|0|0|0|0"/>
            </movingPart>
		</movingParts>
	</cylindered>

	<suspensions>
		<suspension node="0>5"               weight="400" minRotation="-6 0 -6"     maxRotation="6 0 6"      suspensionParametersX="120 10" suspensionParametersZ="120 10"/>
		<suspension node="0>5|0|0|2"         weight="150" minTranslation="0 -0.2 0" maxTranslation="0 0.2 0" suspensionParametersX="20 4"   suspensionParametersY="5 1" suspensionParametersZ="20 4"/>
		<suspension useCharacterTorso="true" weight="90"  minRotation="0 -5 -5"     maxRotation="0 5 5"      suspensionParametersY="7 1"    suspensionParametersZ="7 1"/>
	</suspensions>
	
	<ai>
        <agent width="2.85" length="7.1" height="3.5" lengthOffset="1.2" frontOffset="3.07"/>
        <collisionTrigger node="0>7|0" width="3.2" height="4.0"/>
		<turningRadiusLimitation radius="7"/>
    </ai>
	
	<licensePlates>
        <licensePlate node="0>5|0|7" position="FRONT" preferedType="ELONGATED" placementArea="0.055 0.25 0.25 0.25"/>
        <licensePlate node="0>5|0|6|3|2" position="FRONT" preferedType="ELONGATED" placementArea="0.055 0.25 0.25 0.25"/>
        <licensePlate node="0>5|0|6|4|2" position="FRONT" preferedType="ELONGATED" placementArea="0.055 0.25 0.25 0.25"/>
        <licensePlate node="0>9|4"   position="BACK"  preferedType="ELONGATED" placementArea="0.055 0.25 0.25 0.25"/>
    </licensePlates>

	<dashboard>
		<groups>
			<group name="MOTOR_STARTING" isMotorStarting="true"/>
			<group name="MOTOR_ACTIVE"   isMotorStarting="true" isMotorRunning="true"/>
		</groups>
		<default>
			<dashboard displayType="EMITTER" node="0>5|0|4|7" idleValue="0"  intensity="0.3" groups="MOTOR_ACTIVE" />
			<dashboard displayType="EMITTER" node="0>5|0|4|9|3" baseColor="BLACK" emitColor="RED" idleValue="-1" intensity="0.5" groups="MOTOR_STARTING" />
			<dashboard displayType="EMITTER" 	node="0>2|1|2" 		idleValue="0" intensity="10" 	groups="MOTOR_ACTIVE"/>
			<dashboard displayType="EMITTER" 	node="0>2|1|3" 		idleValue="0" intensity="10" 	groups="MOTOR_ACTIVE"/>
		</default>
	</dashboard>

	<foliageBending>
		<bendingNode minX="-1.35" maxX="1.35" minZ="-3.15" maxZ="3.1" yOffset="0.5" />
		<bendingNode minX="-0.3" maxX="0.3" minZ="-3.5" maxZ="-3.05" yOffset="0.4" />
	</foliageBending>

	<tensionBelts>
        <tensionBeltsConfigurations>
            <tensionBeltsConfiguration>
                <tensionBelts linkNode="0>12|0|0|0|9" jointNode="0>" width="0.055" maxEdgeLength="0.1" geometryBias="0.01" ratchetPosition="0.2" defaultOffset="0.1" defaultOffsetSide="0.1" defaultHeight="3.5" activationTrigger="0>12|0|0|0|9|0">
                    <tensionBelt startNode="0>12|0|0|0|9|1" endNode="0>12|0|0|0|9|1|0" offsetLeft="1.75">
                        <intersectionNode node="0>12|0|0|0|1|1|0|0" />
                        <intersectionNode node="0>12|0|0|0|2|1|0|0" />
                    </tensionBelt>
                    <tensionBelt startNode="0>12|0|0|0|9|2" endNode="0>12|0|0|0|9|2|0" >
                        <intersectionNode node="0>12|0|0|0|1|1|1|0" />
                        <intersectionNode node="0>12|0|0|0|2|1|1|0" />
                    </tensionBelt>
                    <tensionBelt startNode="0>12|0|0|0|9|3" endNode="0>12|0|0|0|9|3|0" >
                        <intersectionNode node="0>12|0|0|0|1|1|2|0" />
                        <intersectionNode node="0>12|0|0|0|2|1|2|0" />
                    </tensionBelt>
                    <tensionBelt startNode="0>12|0|0|0|9|4" endNode="0>12|0|0|0|9|4|0" >
                        <intersectionNode node="0>12|0|0|0|1|1|3|0" />
                        <intersectionNode node="0>12|0|0|0|2|1|3|0" />
                    </tensionBelt>
                </tensionBelts>
            </tensionBeltsConfiguration>
		    <tensionBeltsConfiguration />
        </tensionBeltsConfigurations>
	</tensionBelts>

    <designConfigurations title="$l10n_Title_Mounting_plate">
        <designConfiguration name="$l10n_No_Mounting_plate">
            <objectChange node="0>13" visibilityActive="false" />
        </designConfiguration>
        <designConfiguration name="$l10n_Mounting_plate" price="1300">
            <objectChange node="0>13" visibilityActive="true" />
        </designConfiguration>
    </designConfigurations>
	
	<design2Configurations title="$l10n_Title_Warning_Strips">
		<design2Configuration name="$l10n_No_Warning_Strips" price="0">
            <objectChange node="0>5|0|6|0" visibilityActive="false" />
            <objectChange node="0>12|0|0|0|0|1" visibilityActive="false" />
            <objectChange node="0>12|0|0|0|1|2" visibilityActive="false" />
            <objectChange node="0>12|0|0|0|2|2" visibilityActive="false" />
			<objectChange node="0>12|0|0|0|0|3" visibilityActive="false" />
            <objectChange node="0>12|0|0|0|1|4" visibilityActive="false" />
            <objectChange node="0>12|0|0|0|2|4" visibilityActive="false" />
        </design2Configuration>
		<design2Configuration name="$l10n_Warning_Strips" price="250">
            <objectChange node="0>5|0|6|0" 		visibilityActive="true" 	/>
            <objectChange node="0>12|0|0|0|0|1" visibilityActive="true" 	/>
            <objectChange node="0>12|0|0|0|1|2" visibilityActive="true" 	/>
            <objectChange node="0>12|0|0|0|2|2" visibilityActive="true" 	/>
        </design2Configuration>
	</design2Configurations>
	
	<design3Configurations title="$l10n_Logo">
		<design3Configuration name="$l10n_NoDesign" price="0">
            <objectChange node="0>5|0|6|1" visibilityActive="false" />
			<objectChange node="0>12|0|0|0|0|3" visibilityActive="false" 	/>
            <objectChange node="0>12|0|0|0|1|4" visibilityActive="false" 	/>
            <objectChange node="0>12|0|0|0|2|4" visibilityActive="false" 	/>
        </design3Configuration>
		
		<design3Configuration name="$l10n_FW_Koenigsberg" price="850">
			<objectChange node="0>5|0|12" 		visibilityActive="true" 	/>
			<objectChange node="0>5|0|12" 		visibilityActive="true" 	/>
            <objectChange node="0>5|0|7" 		visibilityActive="false" 	/>
            <objectChange node="0>5|0|10|0" 	visibilityActive="false" 	/>
            <objectChange node="0>5|0|10|1" 	visibilityActive="false" 	/>
            <objectChange node="0>5|0|10|4" 	visibilityActive="true" 	/>
            <objectChange node="0>5|0|10|5" 	visibilityActive="true" 	/>
            <objectChange node="0>17" 			visibilityActive="true" 	/>
            <objectChange node="0>12|0|0|0|0|3|0" visibilityActive="true" 	/>
            <objectChange node="0>12|0|0|0|1|4|0" visibilityActive="true" 	/>
            <objectChange node="0>12|0|0|0|2|4|0" visibilityActive="true" 	/>
            <objectChange node="0>5|0|6|0" 		visibilityActive="false" 	/>
			<objectChange node="0>5|0|6|3" 		visibilityActive="true" 	/>
			<objectChange node="0>5|0|9" 		visibilityActive="false" 	/> 
			<objectChange node="0>5|0|9|0" 		visibilityActive="false" 	/> 
			<objectChange node="0>5|0|9|1" 		visibilityActive="false" 	/> 
        </design3Configuration>
		
		<design3Configuration name="$l10n_FW_Ostbeck" price="850">
            <objectChange node="0>5|0|12" 		visibilityActive="true" 	/>
			<objectChange node="0>5|0|12" 		visibilityActive="true" 	/>
            <objectChange node="0>5|0|7" 		visibilityActive="false" 	/>
            <objectChange node="0>5|0|10|0" 	visibilityActive="false" 	/>
            <objectChange node="0>5|0|10|1" 	visibilityActive="false" 	/>
            <objectChange node="0>5|0|10|4" 	visibilityActive="true" 	/>
            <objectChange node="0>5|0|10|5" 	visibilityActive="true" 	/>
            <objectChange node="0>17" 			visibilityActive="true" 	/>
            <objectChange node="0>12|0|0|0|0|3|0" visibilityActive="true" 	/>
            <objectChange node="0>12|0|0|0|1|4|0" visibilityActive="true" 	/>
            <objectChange node="0>12|0|0|0|2|4|0" visibilityActive="true" 	/>
			<objectChange node="0>5|0|6|0" 		visibilityActive="false" 	/>
            <objectChange node="0>5|0|6|4" 		visibilityActive="true" 	/>
			<objectChange node="0>5|0|9" 		visibilityActive="false" 	/> 
			<objectChange node="0>5|0|9|0" 		visibilityActive="false" 	/> 
			<objectChange node="0>5|0|9|1" 		visibilityActive="false" 	/> 
        </design3Configuration>
	</design3Configurations>
	
	<design4Configurations title="$l10n_Titel_RUL">
		<design4Configuration name="$l10n_NO_RUL" price="0">
            <objectChange node="0>5|0|10" visibilityActive="false" />
			<objectChange node="0>5|0|4|9|5" visibilityActive="false" />
        </design4Configuration>
		<design4Configuration name="$l10n_RUL" price="650">
            <objectChange node="0>5|0|10" visibilityActive="true" />
        </design4Configuration>
	</design4Configurations>
	
	<design5Configurations title="$l10n_Titel_FB">
		<design5Configuration name="$l10n_NO_FB" price="0">
            <objectChange node="0>5|0|9" visibilityActive="false" />
            <objectChange node="0>5|0|9" visibilityActive="false" />
        </design5Configuration>
		<design5Configuration name="$l10n_FB" price="220">
            <objectChange node="0>5|0|9" visibilityActive="true" />
        </design5Configuration>
	</design5Configurations>
	
	<design6Configurations title="$l10n_Title_RUL_Halterung">
		<design6Configuration name="$l10n_RUL_Halterung1" price="80">
            <objectChange node="0>5|0|10|2" visibilityActive="true" 		/>
            <objectChange node="0>5|0|10|3" visibilityActive="false" 	/>
        </design6Configuration>
		<design6Configuration name="$l10n_RUL_Halterung2" price="80">
            <objectChange node="0>5|0|10|3" visibilityActive="true" 		/>
            <objectChange node="0>5|0|10|2" visibilityActive="false" 	/>
        </design6Configuration>
	</design6Configurations>
	
	<design7Configurations title="$l10n_Titel_PosiLight">
		<design7Configuration name="$l10n_NO_PosiLight" price="0">
            <objectChange node="0>18" visibilityActive="false" 		/>
        </design7Configuration>
		<design7Configuration name="$l10n_PosiLight" price="120">
            <objectChange node="0>18" visibilityActive="true" 		/>
        </design7Configuration>
	</design7Configurations>

	<wearable wearDuration="980" workMultiplier="4" fieldMultiplier="2"/>
	<washable dirtDuration="90" washDuration="1" workMultiplier="3" fieldMultiplier="2"/>
	
	<baseMaterial>
		<material name="tgs18500_mat" baseNode="0>5|0|5">
            <shaderParameter name="colorMat0" value="SHARED_GREY2"/>
        </material>
		<material name="zabudowa_mat" baseNode="0>12|0|0|0">
            <shaderParameter name="colorMat1" value="SHARED_GREY2"/>
        </material>
    </baseMaterial>
	
	<baseMaterialConfigurations price="500" useDefaultColors="true" defaultColorIndex="0">
        <material name="tgs18500_mat" shaderParameter="colorMat0" />
		<baseMaterialConfiguration  name="$l10n_White"  color="1 1 1" material="32"/>
		<baseMaterialConfiguration  name="$l10n_Orange"  color="1 0.2 0" material="32"/>
		<baseMaterialConfiguration name="$l10n_Magnetic_Grau"  color="0.14 0.14 0.14" material="32" price="631"/>
		<baseMaterialConfiguration name="$l10n_Mineral_Silber"  color="0.28 0.28 0.3" material="32" price="508"/>
		<baseMaterialConfiguration name="$l10n_Dynamic_Blau"  color="0.01 0.15 0.8" material="32" price="631"/>
		<baseMaterialConfiguration name="$l10n_Magnetic_Metallic"  color="0.1 0.1 0.1" material="32"/>
		<baseMaterialConfiguration name="$l10n_Race_Red"  color="0.7 0 0" material="32"/>
    </baseMaterialConfigurations>
	
	<rimColorConfigurations useDefaultColors="true" price="200" >
        <rimColorConfiguration name="$l10n_ui_colorChrome" color="SHARED_WHITE2" material="3" />
        <rimColorConfiguration name="$l10n_ui_colorSilver" color="SHARED_WHITE1" material="18" />
        <rimColorConfiguration name="$l10n_ui_colorBlack"  color="SHARED_BLACK2" material="1" />
		<rimColorConfiguration name="$l10n_Silver" color="1 1 1 0" material="8" />
		<rimColorConfiguration name="$l10n_White"  color="0.264 0.264 0.264 0" />
		<rimColorConfiguration name="$l10n_Red"    color="0.7 0 0 0" />
	</rimColorConfigurations>
	
	<designMaterialConfigurations  price="500" useDefaultColors="true" defaultColorIndex="0">
        <material name="zabudowa_mat" shaderParameter="colorMat1" />
		<designMaterialConfiguration  name="$l10n_White"  color="1 1 1" material="32"/>
		<designMaterialConfiguration  name="$l10n_Orange"  color="1 0.2 0" material="32"/>
		<designMaterialConfiguration name="$l10n_Magnetic_Grau"  color="0.14 0.14 0.14" material="32" price="631"/>
		<designMaterialConfiguration name="$l10n_Mineral_Silber"  color="0.28 0.28 0.3" material="32" price="508"/>
		<designMaterialConfiguration name="$l10n_Dynamic_Blau"  color="0.01 0.15 0.8" material="32" price="631"/>
		<designMaterialConfiguration name="$l10n_Magnetic_Metallic"  color="0.1 0.1 0.1" material="32"/>
		<designMaterialConfiguration name="$l10n_Race_Red"  color="0.7 0 0" material="32"/>
    </designMaterialConfigurations>

</vehicle>