<?xml version="1.0" encoding="utf-8" standalone="no" ?>
<modDesc descVersion="80">
    <author>Dogface, BDBSSB</author>
    <version>1.0.1.0</version>
    <title>
        <en>WSVS Planter</en>
		<de>WSVS Pflanzer</de>
		<fr>WSVS Planteur</fr>
    </title>
    <description>
        <en>
            <![CDATA[This is the Planter module for the Lizard Wide-Span Vehicle System (WSVS). This implement operates like a standard Planter when attached to the WSVS tractor.  This Planter holds seeds and solid fertilizer. 

Wide span vehicle systems are a specialized type of farming vehicle that significantly exceeds the width of typical vehicles. The primary purpose behind using wide span vehicles in agriculture is to minimize soil damage caused by farm vehicles. 

WSVS PL16
Price: 73,500 $
Working width: 13 m
Capacity: 16,000 liters

Changelog v1.0.1.0
- Fix failure to plant on rough ground. ]]>
</en>
        <de>
            <![CDATA[Dies ist das Pflanzermodul für das Lizard Wide-Span-Fahrzeugsystem (WSVS). Dieses Implementierung arbeitet wie ein Standard -Pflanzer, wenn sie an den WSVS -Traktor beigefügt ist. Dieser Pflanzer hält Samen und feste Dünger.

Fahrzeugsysteme mit breiten Spannwaren sind eine spezielle Art von Landwirtschaftsfahrzeug, die die Breite typischer Fahrzeuge erheblich überschreitet. Der Hauptzweck für die Verwendung von Fahrzeugen in der Landwirtschaft, die die durch landwirtschaftliche Fahrzeuge verursachte Bodenschäden minimieren.

WSVS PL16
Preis: 73.500 €
Arbeitsbreite: 13 m
Kapazität: 16.000 Liter

Changelog v1.0.1.0
- Fehler beim Pflanzen auf unebenem Boden behoben.]]>
</de>
        <fr>
            <![CDATA[Il s'agit du module de jardinière pour le système de véhicules large de Lézard (WSVS). Cet implémentation fonctionne comme un planteur standard lorsqu'il est attaché au tracteur WSVS. Ce planteur contient des graines et des engrais solides.

Les systèmes de véhicules à large portée sont un type spécialisé de véhicule agricole qui dépasse considérablement la largeur des véhicules typiques. Le principal objectif derrière l'utilisation de véhicules à large portée dans l'agriculture est de minimiser les dommages causés par le sol causés par les véhicules agricoles.

WSVS PL16
Prix: 73 500 €
Largeur de travail: 13 m
Capacité: 16 000 litres

Changelog v1.0.1.0
- Correction d'un échec de plantation sur un sol accidenté.]]>
</fr>
    </description>	
	
    <iconFilename>icon_wsvsPlanter.dds</iconFilename>
    <multiplayer supported="true" />
	
    <dependencies>
        <dependency>FS22_wsvsTractorComDfBd</dependency>
    </dependencies>

    <storeItems>
        <storeItem xmlFilename="wsvsPlanter.xml" />
    </storeItems>
	
    <l10n>
        <text name="title_containers">
            <en>Containers</en>
            <de>Behälter</de>
            <fr>Conteneurs</fr>
        </text>
        <text name="title_fertilizer_seed">
            <en>2 Seed + 2 Fertilizer</en>
            <de>2 Samen + 2 Dünger</de>
            <fr>2 graines + 2 engrais</fr>
        </text>
        <text name="title_seed_only">
            <en>4 Seeds</en>
            <de>4 Samen</de>
            <fr>4 graines</fr>
        </text>		
        <text name="color_wsvs_tank_yellow">
            <en>WSVS Yellow</en>
            <de>WSVS Gelb</de>
            <fr>WSVS jaune</fr>
        </text>
        <text name="color_wsvs_tank_white">
            <en>WSVS White</en>
            <de>WSVS Weiß</de>
            <fr>WSVS blanc</fr>
        </text>
        <text name="color_wsvs_tank_green">
            <en>WSVS Green</en>
            <de>WSVS Grün</de>
            <fr>WSVS vert</fr>
        </text>
        <text name="title_main_tank">
            <en>Main Tank</en>
            <de>Haupttank</de>
            <fr>Réservoir principal</fr>
        </text>
        <text name="title_cover">
            <en>Cover</en>
            <de>Abdeckung</de>
            <fr>Couverture</fr>
        </text>
        <text name="title_seeder">
            <en>Seeder</en>
            <de>Sämaschine</de>
            <fr>Semoir</fr>
        </text>
	</l10n>
</modDesc>
