﻿<?xml version="1.0" encoding="utf-8" standalone="no" ?>
<vehicle type="fertilizingSowingMachine" xmlns:xsi="http://www.w3.org/2001/XMLSchema-instance" xsi:noNamespaceSchemaLocation="../../../../shared/xml/schema/vehicle.xsd">
    <annotation>Copyright (C) GIANTS Software GmbH, All Rights Reserved.</annotation>

    <storeData>
        <name>WSVS PL16</name>
        <specs>
            <workingWidth>13.0</workingWidth>
        </specs>
        <functions>
            <function>$l10n_function_planter</function>
            <function>$l10n_function_sowingMachineDirect</function>
        </functions>
        <image>store_wsvsPlanter.png</image>
        <price>73500</price>
        <lifetime>600</lifetime>
        <rotation>0</rotation>
        <brand>LIZARD</brand>
        <category>planters</category>
        <shopTranslationOffset>0 0 0</shopTranslationOffset>
		
        <vertexBufferMemoryUsage>10821632</vertexBufferMemoryUsage>
        <indexBufferMemoryUsage>1172224</indexBufferMemoryUsage>
        <textureMemoryUsage>8912896</textureMemoryUsage>
        <audioMemoryUsage>0</audioMemoryUsage>
        <instanceVertexBufferMemoryUsage>0</instanceVertexBufferMemoryUsage>
        <instanceIndexBufferMemoryUsage>0</instanceIndexBufferMemoryUsage>
    </storeData>

    <base>
        <typeDesc>$l10n_typeDesc_sowingMachine</typeDesc>
        <filename>wsvsPlanter.i3d</filename>
        <size width="13" length="4.25" lengthOffset="-1.1"/>
        <speedLimit value="16" />		
        <components>
            <component centerOfMass="-1 0.5 0" solverIterationCount="20" mass="2600" />
            <component centerOfMass="0 -0.5 -0.5" solverIterationCount="20" mass="500" />
            <component centerOfMass="0 -0.5 -0.5" solverIterationCount="20" mass="500" />
            <joint component1="1" component2="2" node="componentJoint1" rotLimit="0 0 0" transLimit="0 0 0" />
            <joint component1="1" component2="3" node="componentJoint2" rotLimit="0 0 0" transLimit="0 0 0" />
        </components>
        <schemaOverlay attacherJointPosition="-2.5 0" name="IMPLEMENT" />
        <mapHotspot type="TOOL" />
    </base>
	
    <wheels>
        <wheelConfigurations>
            <wheelConfiguration name="$l10n_configuration_valueDefault">
                <wheels>
                    <wheel>
                        <physics restLoad="0.3" repr="wheel1" useReprDirection="true"  radius="0.3" width="0.2" mass="0.1" forcePointRatio="0.5" initialCompression="20" suspTravel="0.05" spring="80" damper="40" brakeFactor="0" isSynchronized="false"/>
                    </wheel>
                   <wheel>
                        <physics restLoad="0.3" repr="wheel2" useReprDirection="true" radius="0.3" width="0.2" mass="0.1" forcePointRatio="0.5" initialCompression="20" suspTravel="0.05" spring="80" damper="40" brakeFactor="0" isSynchronized="false"/>
                    </wheel>
                    <wheel>
                        <physics restLoad="0.3" repr="wheel3" useReprDirection="true"  radius="0.3" width="0.2" mass="0.1" forcePointRatio="0.5" initialCompression="20" suspTravel="0.05" spring="80" damper="40" brakeFactor="0" isSynchronized="false"/>
                    </wheel>
                   <wheel>
                        <physics restLoad="0.3" repr="wheel4" useReprDirection="true" radius="0.3" width="0.2" mass="0.1" forcePointRatio="0.5" initialCompression="20" suspTravel="0.05" spring="80" damper="40" brakeFactor="0" isSynchronized="false"/>
                    </wheel>
                    <wheel>
                        <physics restLoad="0.3" repr="wheel21" useReprDirection="true"  radius="0.3" width="0.2" mass="0.1" forcePointRatio="0.5" initialCompression="20" suspTravel="0.05" spring="80" damper="40" brakeFactor="0" isSynchronized="false"/>
                    </wheel>
                   <wheel>
                        <physics restLoad="0.3" repr="wheel22" useReprDirection="true" radius="0.3" width="0.2" mass="0.1" forcePointRatio="0.5" initialCompression="20" suspTravel="0.05" spring="80" damper="40" brakeFactor="0" isSynchronized="false"/>
                    </wheel>
                    <wheel>
                        <physics restLoad="0.3" repr="wheel23" useReprDirection="true"  radius="0.3" width="0.2" mass="0.1" forcePointRatio="0.5" initialCompression="20" suspTravel="0.05" spring="80" damper="40" brakeFactor="0" isSynchronized="false"/>
                    </wheel>
                   <wheel>
                        <physics restLoad="0.3" repr="wheel24" useReprDirection="true" radius="0.3" width="0.2" mass="0.1" forcePointRatio="0.5" initialCompression="20" suspTravel="0.05" spring="80" damper="40" brakeFactor="0" isSynchronized="false"/>
                    </wheel>
                </wheels>
            </wheelConfiguration>
		</wheelConfigurations>
	</wheels>

    <attachable>
        <inputAttacherJoints>
            <inputAttacherJoint node="attacherJoint" topReferenceNode="topReferenceNode" jointType="implement" upperRotationOffset="0" lowerRotLimitScale="0 0 0.2">
                <distanceToGround lower="0.62" upper="1.2" />
            </inputAttacherJoint>
            <inputAttacherJoint node="attacherJoint02" jointType="frontloader" fixedRotation="true" allowFolding="false" allowTurnOn="false" canBeTurnedOn="false" allowAI="false" allowsLowering="false" />
        </inputAttacherJoints>
        <support animationName="moveSupport" />
    </attachable>

    <speedRotatingParts>
        <speedRotatingPart shaderNode="frontDiscsLeft"  radius="-0.14" groundReferenceNodeIndex="1" useRotation="true" />
        <speedRotatingPart shaderNode="frontDiscsRight" radius="-0.14" groundReferenceNodeIndex="2" useRotation="true" />
        <speedRotatingPart shaderNode="middleDiscsLeft"  radius="0.19" groundReferenceNodeIndex="1" useRotation="true" />
        <speedRotatingPart shaderNode="middleDiscsRight" radius="-0.19" groundReferenceNodeIndex="2" useRotation="true" />
        <speedRotatingPart node="grabbingWheelsLeft"  radius="0.25" groundReferenceNodeIndex="1" />
        <speedRotatingPart node="grabbingWheelsRight" radius="0.25" groundReferenceNodeIndex="2" />
        <speedRotatingPart node="bigWheelsLeft"  radius="0.223" groundReferenceNodeIndex="1" />
        <speedRotatingPart node="bigWheelsRight" radius="0.223" groundReferenceNodeIndex="2" />
        <speedRotatingPart node="smallWheelsLeft"  radius="0.15" groundReferenceNodeIndex="1" />
        <speedRotatingPart node="smallWheelsRight" radius="0.15" groundReferenceNodeIndex="2" />
        <speedRotatingPart shaderNode="finishingWheelsLeft"  radius="-0.15" groundReferenceNodeIndex="1" />
        <speedRotatingPart shaderNode="finishingWheelsRight" radius="-0.15" groundReferenceNodeIndex="2" />
		
        <speedRotatingPart shaderNode="frontDiscsLeft2"  radius="-0.14" groundReferenceNodeIndex="1" useRotation="true" />
        <speedRotatingPart shaderNode="frontDiscsRight2" radius="-0.14" groundReferenceNodeIndex="2" useRotation="true" />
        <speedRotatingPart shaderNode="middleDiscsLeft2"  radius="0.19" groundReferenceNodeIndex="1" useRotation="true" />
        <speedRotatingPart shaderNode="middleDiscsRight2" radius="-0.19" groundReferenceNodeIndex="2" useRotation="true" />
        <speedRotatingPart node="grabbingWheelsLeft2"  radius="0.25" groundReferenceNodeIndex="1" />
        <speedRotatingPart node="grabbingWheelsRight2" radius="0.25" groundReferenceNodeIndex="2" />
        <speedRotatingPart node="bigWheelsLeft2"  radius="0.223" groundReferenceNodeIndex="1" />
        <speedRotatingPart node="bigWheelsRight2" radius="0.223" groundReferenceNodeIndex="2" />
        <speedRotatingPart node="smallWheelsLeft2"  radius="0.15" groundReferenceNodeIndex="1" />
        <speedRotatingPart node="smallWheelsRight2" radius="0.15" groundReferenceNodeIndex="2" />
        <speedRotatingPart shaderNode="finishingWheelsLeft2"  radius="-0.15" groundReferenceNodeIndex="1" />
        <speedRotatingPart shaderNode="finishingWheelsRight2" radius="-0.15" groundReferenceNodeIndex="2" />
    </speedRotatingParts>

    <groundReferenceNodes>
        <groundReferenceNode node="groundReferenceNodeLeft"  forceFactor="0.50" threshold="0.05" depthNode="groundReferenceNodeLeft" chargeValue="0.25"/>
        <groundReferenceNode node="groundReferenceNodeRight"  forceFactor="0.50" threshold="0.05" depthNode="groundReferenceNodeRight" chargeValue="0.25"/>
    </groundReferenceNodes>

    <workAreas>
        <workArea type="sowingMachine" functionName="processSowingMachineArea">
            <area startNode="areaStartLeft" widthNode="areaWidthLeft" heightNode="areaHeightLeft" />
            <groundReferenceNode index="1" />
            <onlyActiveWhenLowered value="true"/>
        </workArea>
        <workArea type="sowingMachine" functionName="processSowingMachineArea">
            <area startNode="areaStartRight" widthNode="areaWidthRight" heightNode="areaHeightRight" />
            <groundReferenceNode index="2" />
            <onlyActiveWhenLowered value="true"/>
        </workArea>
    </workAreas>

    <workParticles>
        <effect workAreaIndex="1">
            <effectNode effectClass="CultivatorMotionPathEffect" effectType="CULTIVATOR" linkNode="seederEffect01LinkNode">
                <motionPathEffect textureFilename="$data/vehicles/lemken/azurit9/seederEffect01Array.dds" numRows="10" rowLength="18" minFade="0.07" density="0.5" shapeScale="0.5" maxShapeScale="1"/>
            </effectNode>
            <effectNode effectClass="CultivatorMotionPathEffect" effectType="CULTIVATOR" linkNode="seederEffect02LinkNode">
                <motionPathEffect textureFilename="$data/vehicles/lemken/azurit9/seederEffect01Array.dds" numRows="10" rowLength="18" minFade="0.07" density="0.5" shapeScale="0.5" maxShapeScale="1"/>
            </effectNode>
            <effectNode effectClass="CultivatorMotionPathEffect" effectType="CULTIVATOR" linkNode="seederEffect03LinkNode">
                <motionPathEffect textureFilename="$data/vehicles/lemken/azurit9/seederEffect01Array.dds" numRows="10" rowLength="18" minFade="0.07" density="0.5" shapeScale="0.5" maxShapeScale="1"/>
            </effectNode>
            <effectNode effectClass="CultivatorMotionPathEffect" effectType="CULTIVATOR" linkNode="seederEffect04LinkNode">
                <motionPathEffect textureFilename="$data/vehicles/lemken/azurit9/seederEffect01Array.dds" numRows="10" rowLength="18" minFade="0.07" density="0.5" shapeScale="0.5" maxShapeScale="1"/>
            </effectNode>
            <effectNode effectClass="CultivatorMotionPathEffect" effectType="CULTIVATOR" linkNode="seederEffect05LinkNode">
                <motionPathEffect textureFilename="$data/vehicles/lemken/azurit9/seederEffect01Array.dds" numRows="10" rowLength="18" minFade="0.07" density="0.5" shapeScale="0.5" maxShapeScale="1"/>
            </effectNode>
            <effectNode effectClass="CultivatorMotionPathEffect" effectType="CULTIVATOR" linkNode="seederEffect06LinkNode">
                <motionPathEffect textureFilename="$data/vehicles/lemken/azurit9/seederEffect01Array.dds" numRows="10" rowLength="18" minFade="0.07" density="0.5" shapeScale="0.5" maxShapeScale="1"/>
            </effectNode>
            <effectNode effectClass="CultivatorMotionPathEffect" effectType="CULTIVATOR" linkNode="seederEffect07LinkNode">
                <motionPathEffect textureFilename="$data/vehicles/lemken/azurit9/seederEffect01Array.dds" numRows="10" rowLength="18" minFade="0.07" density="0.5" shapeScale="0.5" maxShapeScale="1"/>
            </effectNode>
            <effectNode effectClass="CultivatorMotionPathEffect" effectType="CULTIVATOR" linkNode="seederEffect08LinkNode">
                <motionPathEffect textureFilename="$data/vehicles/lemken/azurit9/seederEffect01Array.dds" numRows="10" rowLength="18" minFade="0.07" density="0.5" shapeScale="0.5" maxShapeScale="1"/>
            </effectNode>			
            <effectNode effectClass="CultivatorMotionPathEffect" effectType="CULTIVATOR" linkNode="seederEffect01LinkNode2">
                <motionPathEffect textureFilename="$data/vehicles/lemken/azurit9/seederEffect01Array.dds" numRows="10" rowLength="18" minFade="0.07" density="0.5" shapeScale="0.5" maxShapeScale="1"/>
            </effectNode>
            <effectNode effectClass="CultivatorMotionPathEffect" effectType="CULTIVATOR" linkNode="seederEffect02LinkNode2">
                <motionPathEffect textureFilename="$data/vehicles/lemken/azurit9/seederEffect01Array.dds" numRows="10" rowLength="18" minFade="0.07" density="0.5" shapeScale="0.5" maxShapeScale="1"/>
            </effectNode>
            <effectNode effectClass="CultivatorMotionPathEffect" effectType="CULTIVATOR" linkNode="seederEffect03LinkNode2">
                <motionPathEffect textureFilename="$data/vehicles/lemken/azurit9/seederEffect01Array.dds" numRows="10" rowLength="18" minFade="0.07" density="0.5" shapeScale="0.5" maxShapeScale="1"/>
            </effectNode>
            <effectNode effectClass="CultivatorMotionPathEffect" effectType="CULTIVATOR" linkNode="seederEffect04LinkNode2">
                <motionPathEffect textureFilename="$data/vehicles/lemken/azurit9/seederEffect01Array.dds" numRows="10" rowLength="18" minFade="0.07" density="0.5" shapeScale="0.5" maxShapeScale="1"/>
            </effectNode>
            <effectNode effectClass="CultivatorMotionPathEffect" effectType="CULTIVATOR" linkNode="seederEffect05LinkNode2">
                <motionPathEffect textureFilename="$data/vehicles/lemken/azurit9/seederEffect01Array.dds" numRows="10" rowLength="18" minFade="0.07" density="0.5" shapeScale="0.5" maxShapeScale="1"/>
            </effectNode>
            <effectNode effectClass="CultivatorMotionPathEffect" effectType="CULTIVATOR" linkNode="seederEffect06LinkNode2">
                <motionPathEffect textureFilename="$data/vehicles/lemken/azurit9/seederEffect01Array.dds" numRows="10" rowLength="18" minFade="0.07" density="0.5" shapeScale="0.5" maxShapeScale="1"/>
            </effectNode>
            <effectNode effectClass="CultivatorMotionPathEffect" effectType="CULTIVATOR" linkNode="seederEffect07LinkNode2">
                <motionPathEffect textureFilename="$data/vehicles/lemken/azurit9/seederEffect01Array.dds" numRows="10" rowLength="18" minFade="0.07" density="0.5" shapeScale="0.5" maxShapeScale="1"/>
            </effectNode>
            <effectNode effectClass="CultivatorMotionPathEffect" effectType="CULTIVATOR" linkNode="seederEffect08LinkNode2">
                <motionPathEffect textureFilename="$data/vehicles/lemken/azurit9/seederEffect01Array.dds" numRows="10" rowLength="18" minFade="0.07" density="0.5" shapeScale="0.5" maxShapeScale="1"/>
            </effectNode>
        </effect>

        <particle>
            <node node="smokeEmitter01" refNodeIndex="1" particleType="SOIL_SMOKE" emitCountScale="2.5"/>
            <node node="smokeEmitter02" refNodeIndex="1" particleType="SOIL_SMOKE" emitCountScale="2.5"/>
        </particle>
    </workParticles>

    <foldable>
        <foldingConfigurations>
            <foldingConfiguration>
                <foldingParts startMoveDirection="1" foldMiddleAnimTime="0.70" turnOnFoldMaxLimit="0.71" loweringMaxLimit="0.16" ignoreFoldMiddleWhileFolded="false" detachingMinLimit="1" detachingMaxLimit="1" >
                    <foldingPart animationName="folding" speedScale="1" />
                </foldingParts>
            </foldingConfiguration>
        </foldingConfigurations>
    </foldable>

    <animations>
        <animation name="moveSupport" soundVolumeFactor="2.4">			
            <part node="supportFoot01"		startTime="0" endTime="1" startTrans="0 1.25 0" endTrans="0 0 0" />
            <part node="supportFoot02"		startTime="0" endTime="1" startTrans="0 1.25 0" endTrans="0 0 0" />
            <part node="supportFoot03"		startTime="0" endTime="1" startTrans="0 1.25 0" endTrans="0 0 0" />
            <part node="supportFoot04"		startTime="0" endTime="1" startTrans="0 1.25 0" endTrans="0 0 0" />
			
            <part node="supportCol01"		startTime="0" endTime="0.2" startTrans="0 1.403 -0.332" endTrans="0 0 0" />
            <part node="supportCol02"		startTime="0" endTime="0.2" startTrans="0 1.403 -0.332" endTrans="0 0 0" />
            <part node="supportCol03"		startTime="0" endTime="0.2" startTrans="0 1.403 0.332" endTrans="0 0 0" />
            <part node="supportCol04"		startTime="0" endTime="0.2" startTrans="0 1.403 0.332" endTrans="0 0 0" />			
						
            <part node="leftFrontSupports"		startTime="0" endTime="0.02" visibility="false" />
            <part node="rightFrontSupports"		startTime="0" endTime="0.02" visibility="false" />
            <part node="leftRearSupports"		startTime="0" endTime="0.02" visibility="false" />
            <part node="rightRearSupports"		startTime="0" endTime="0.02" visibility="false" />			
            <part node="leftFrontSupports"		startTime="0.02" endTime="1.5" visibility="true" />
            <part node="rightFrontSupports"		startTime="0.02" endTime="1.5" visibility="true" />
            <part node="leftRearSupports"		startTime="0.02" endTime="1.5" visibility="true" />
            <part node="rightRearSupports"		startTime="0.02" endTime="1.5" visibility="true" />			
			
            <sound template="cylinderPunch"  startTime="0.8" direction="-1" volumeScale="0.6" pitchScale="1"/>
            <sound template="clackVar6"      startTime="0.8" direction="-1" volumeScale="1.2" pitchScale="0.6"/>
            <sound template="foldStartMed02" startTime="0.8" direction="-1" volumeScale="1.9" pitchScale="0.6"/>
            <sound template="latchSmall"     startTime="0.8" direction="-1" volumeScale="0.2" pitchScale="1.6"/>
        </animation>

        <animation name="folding">
            <part componentJointIndex="1" startTime="0" endTime=".65" startRotLimit="10 0 10" endRotLimit="0 0 0" startTransLimit="0 0.3 0" endTransLimit="0 0 0" />
            <part componentJointIndex="2" startTime="0" endTime=".65"  startRotLimit="10 0 10" endRotLimit="0 0 0" startTransLimit="0 0.3 0" endTransLimit="0 0 0" />
            <part node="componentJoint1" startTime="0" endTime="1" startTrans="3 -.55 1.529" endTrans="3 0 1.529" />
            <part node="componentJoint2" startTime="0" endTime="1" startTrans="-3 -.55 1.529" endTrans="-3 0 1.529" />

            <sound template="hydraulicLayerTone"    startTime="3.01" endTime="8.49" volumeScale="1.5" pitchScale="0.8" fadeIn="0.01" fadeOut="0.01"/>
            <sound template="hydraulicLayerTone"    startTime="2.51" endTime="7.99" volumeScale="1.3" pitchScale="1"   fadeIn="0.01" fadeOut="0.01"/>
            <sound template="defaultHydraulicSound" startTime="0.01" endTime="1.49" volumeScale="1.3" pitchScale="1.3" fadeIn="0.01" fadeOut="0.01"/>
            <sound template="foldStartMed01"        startTime="7.99" direction="-1" volumeScale="1.5" pitchScale="1.3" />
            <sound template="sheetImp02"            startTime="7.99" direction="-1" volumeScale="2.5" pitchScale="0.8" />
            <sound template="foldStartMed02"        startTime="8.49" direction="-1" volumeScale="1.5" pitchScale="1" />
            <sound template="sheetImp02"            startTime="8.49" direction="-1" volumeScale="2.5" pitchScale="0.7" />
            <sound template="foldStartMed02"        startTime="8.49" direction="-1" volumeScale="1.5" pitchScale="0.7" />
            <sound template="foldStopMed01"         startTime="3"    direction="-1" volumeScale="1.5" pitchScale="1.3" />
            <sound template="sheetImp01"            startTime="3"    direction="-1" volumeScale="1.1" pitchScale="0.7" />
            <sound template="clackVar3"             startTime="3"    direction="-1" volumeScale="1.8" pitchScale="0.7" />
            <sound template="foldStopMed02"         startTime="2.5"  direction="-1" volumeScale="1.5" pitchScale="1.3" />
            <sound template="sheetImp02"            startTime="2.5"  direction="-1" volumeScale="2.5" pitchScale="0.8" />
            <sound template="foldStartMed02"        startTime="2.5"  direction="1"  volumeScale="1.5" pitchScale="1.3" />
            <sound template="clackVar2"             startTime="2.5"  direction="1"  volumeScale="1.5" pitchScale="0.8" />
            <sound template="foldStartMed01"        startTime="3"    direction="1"  volumeScale="1.5" pitchScale="1.4" />
            <sound template="sheetImp06"            startTime="3"    direction="1"  volumeScale="1.5" pitchScale="0.7" />
            <sound template="foldStopMed01"         startTime="7.99" direction="1"  volumeScale="1.5" pitchScale="1.4" />
            <sound template="sheetImp01"            startTime="7.99" direction="1"  volumeScale="1.5" pitchScale="0.8" />
            <sound template="foldStopMed02"         startTime="8.49" direction="1"  volumeScale="1.5" pitchScale="1.3" />
            <sound template="sheetImp02"            startTime="8.49" direction="1"  volumeScale="2.5" pitchScale="0.7" />
            <sound template="clackVar4"             startTime="1.5"                 volumeScale="1"   pitchScale="1.8" />
            <sound template="clackVar6"             startTime="0.01" direction="-1" volumeScale="0.5" pitchScale="1.8" />
        </animation>
		
        <animation name="toggleCoverSeed">
            <part node="seedCover01" startTime="0"    endTime="1.5" startTrans="-4.813 3.441 1.015" endTrans="-4.813 3.500 1.015" 	startRot="0 0 0" endRot="0 780 0" />
            <part node="seedCover02" startTime="0"    endTime="1.5" startTrans="4.813 3.441 1.015" 	endTrans="4.813 3.500 1.015" 	startRot="0 0 0" endRot="0 780 0" />
            <part node="seedCover01" startTime="1.5"    endTime="1.75" startTrans="-4.813 3.52 1.015" endTrans="-4.813 3.52 0.189" />
            <part node="seedCover02" startTime="1.5"    endTime="1.75" startTrans="4.813 3.52 1.015" endTrans="4.813 3.52 0.189" />
            <part node="seedCover01" startTime="1.75"    endTime="2" startTrans="-4.813 3.52 0.189" endTrans="-4.813 3.345 0.189" />
            <part node="seedCover02" startTime="1.75"    endTime="2" startTrans="4.813 3.52 0.189" endTrans="4.813 3.345 0.189" />
			
            <sound template="coverMetalOpen" startTime="1.999"  direction="-1" volumeScale="10" pitchScale=".5"/>
            <sound template="metalOpen" startTime=".5"  direction="1" volumeScale="10" pitchScale=".5"/>
            <sound template="clackVar6" startTime="1.999"  direction="1" volumeScale="10" pitchScale="1.5"/>
        </animation>
		
        <animation name="toggleCoverFert">
            <part node="fertCover01" startTime="0"    endTime="1.5" startTrans="-1.176 3.441 1.015" endTrans="-1.176 3.52 1.015" 	startRot="0 0 0" endRot="0 780 0" />
            <part node="fertCover02" startTime="0"    endTime="1.5" startTrans="1.176 3.441 1.015" 	endTrans="1.176 3.52 1.015" 	startRot="0 0 0" endRot="0 780 0" />
            <part node="fertCover01" startTime="1.5"    endTime="1.75" startTrans="-1.176 3.52 1.015" endTrans="-1.176 3.52 0.189" />
            <part node="fertCover02" startTime="1.5"    endTime="1.75" startTrans="1.176 3.52 1.015" endTrans="1.176 3.52 0.189" />
            <part node="fertCover01" startTime="1.75"    endTime="2" startTrans="-1.176 3.52 0.189" endTrans="-1.176 3.345 0.189" />
            <part node="fertCover02" startTime="1.75"    endTime="2" startTrans="1.176 3.52 0.189" endTrans="1.176 3.345 0.189" />
			
            <sound template="coverMetalOpen" startTime="1.999"  direction="-1" volumeScale="10" pitchScale=".5"/>
            <sound template="metalOpen" startTime=".5"  direction="1" volumeScale="10" pitchScale=".5"/>
            <sound template="clackVar6" startTime="1.999"  direction="1" volumeScale="10" pitchScale="1.5"/>
        </animation>
		
        <animation name="toggleCovers">
            <part node="seedCover01" startTime="0"    endTime="1.5" startTrans="-4.813 3.441 1.015" endTrans="-4.813 3.500 1.015" 	startRot="0 0 0" endRot="0 780 0" />
            <part node="seedCover02" startTime="0"    endTime="1.5" startTrans="4.813 3.441 1.015" 	endTrans="4.813 3.500 1.015" 	startRot="0 0 0" endRot="0 780 0" />
            <part node="seedCover01" startTime="1.5"    endTime="1.75" startTrans="-4.813 3.52 1.015" endTrans="-4.813 3.52 0.189" />
            <part node="seedCover02" startTime="1.5"    endTime="1.75" startTrans="4.813 3.52 1.015" endTrans="4.813 3.52 0.189" />
            <part node="seedCover01" startTime="1.75"    endTime="2" startTrans="-4.813 3.52 0.189" endTrans="-4.813 3.345 0.189" />
            <part node="seedCover02" startTime="1.75"    endTime="2" startTrans="4.813 3.52 0.189" endTrans="4.813 3.345 0.189" />
            <part node="fertCover01" startTime="0"    endTime="1.5" startTrans="-1.176 3.441 1.015" endTrans="-1.176 3.52 1.015" 	startRot="0 0 0" endRot="0 780 0" />
            <part node="fertCover02" startTime="0"    endTime="1.5" startTrans="1.176 3.441 1.015" 	endTrans="1.176 3.52 1.015" 	startRot="0 0 0" endRot="0 780 0" />
            <part node="fertCover01" startTime="1.5"    endTime="1.75" startTrans="-1.176 3.52 1.015" endTrans="-1.176 3.52 0.189" />
            <part node="fertCover02" startTime="1.5"    endTime="1.75" startTrans="1.176 3.52 1.015" endTrans="1.176 3.52 0.189" />
            <part node="fertCover01" startTime="1.75"    endTime="2" startTrans="-1.176 3.52 0.189" endTrans="-1.176 3.345 0.189" />
            <part node="fertCover02" startTime="1.75"    endTime="2" startTrans="1.176 3.52 0.189" endTrans="1.176 3.345 0.189" />
			
            <sound template="coverMetalOpen" startTime="1.999"  direction="-1" volumeScale="10" pitchScale=".5"/>
            <sound template="metalOpen" startTime=".5"  direction="1" volumeScale="10" pitchScale=".5"/>
            <sound template="clackVar6" startTime="1.999"  direction="1" volumeScale="10" pitchScale="1.5"/>
        </animation>
    </animations>

    <dynamicallyLoadedParts>		
        <dynamicallyLoadedPart node="1|0" linkNode="dummyConnection01" filename="$data/shared/connectionHoses/connectors.i3d"/>
        <dynamicallyLoadedPart node="1|0" linkNode="dummyConnection02" filename="$data/shared/connectionHoses/connectors.i3d"/>
        <dynamicallyLoadedPart node="0|0" linkNode="dummyConnection03" filename="$data/shared/connectionHoses/connectors.i3d"/>
        <dynamicallyLoadedPart node="0|0" linkNode="dummyConnection04" filename="$data/shared/connectionHoses/connectors.i3d"/>
        <dynamicallyLoadedPart node="1|4" linkNode="dummyConnection05" filename="$data/shared/connectionHoses/connectors.i3d"/>
        <dynamicallyLoadedPart node="1|4" linkNode="dummyConnection06" filename="$data/shared/connectionHoses/connectors.i3d"/>
        <dynamicallyLoadedPart node="1|4" linkNode="dummyConnection07" filename="$data/shared/connectionHoses/connectors.i3d"/>
        <dynamicallyLoadedPart node="1|4" linkNode="dummyConnection08" filename="$data/shared/connectionHoses/connectors.i3d"/>
        <dynamicallyLoadedPart node="1|5" linkNode="dummyConnection09" filename="$data/shared/connectionHoses/connectors.i3d"/>
        <dynamicallyLoadedPart node="2|8" linkNode="dummyConnection10" filename="$data/shared/connectionHoses/connectors.i3d"/>
        <dynamicallyLoadedPart node="0"   linkNode="powerswitchNode"   filename="$data/shared/assets/lights/rudolfHormann/powerSwitch.i3d"/>
        <dynamicallyLoadedPart node="0"   linkNode="redRound_01"   		filename="$data/shared/assets/reflectors/lizard/redRound_01.i3d"/>
        <dynamicallyLoadedPart node="0"   linkNode="whiteRound_01"		filename="$data/shared/assets/reflectors/lizard/whiteRound_01.i3d"/>
        <dynamicallyLoadedPart node="0"   linkNode="yellowRound_01"		filename="$data/shared/assets/reflectors/lizard/yellowRound_01.i3d"/>
    </dynamicallyLoadedParts>

    <cylindered>
        <movingTools>
            <movingTool node="componentJoint1" playSound="true">
                <componentJoint index="1" />
            </movingTool>
            <movingTool node="componentJoint2" playSound="true">
                <componentJoint index="2" />
            </movingTool>
            <movingTool node="planter_component2"  wheelIndices="1 2 3 4" />
            <movingTool node="planter_component3"  wheelIndices="5 6 7 8" />
        </movingTools>

        <movingParts>
        </movingParts>
    </cylindered>

    <configurationSets title="$l10n_title_containers" >
        <configurationSet name="$l10n_title_fertilizer_seed" >
            <configuration name="vehicleType" index="1"/>
            <configuration name="fillUnit" index="1"/>
            <configuration name="fillVolume" index="1"/>
            <configuration name="cover" index="1"/>			
        </configurationSet>
        <configurationSet name="$l10n_title_seed_only" >
            <configuration name="vehicleType" index="2"/>
            <configuration name="fillUnit" index="2"/>
            <configuration name="fillVolume" index="2"/>
            <configuration name="cover" index="2"/>
        </configurationSet>
    </configurationSets>
	
    <vehicleTypeConfigurations>
        <vehicleTypeConfiguration price="0" vehicleType="fertilizingSowingMachine">

        </vehicleTypeConfiguration>
        <vehicleTypeConfiguration price="0" vehicleType="sowingMachine">
        </vehicleTypeConfiguration>
    </vehicleTypeConfigurations>
	
    <fillUnit>
        <fillUnitConfigurations>
            <fillUnitConfiguration>
                <fillUnits>
                    <unloading node="dischargeNode" width="18" />
                    <fillUnit unitTextOverride="$l10n_unit_literShort" fillTypes="seeds" capacity="8000">
                        <exactFillRootNode node="exactFillRootNodeSeedSplit" />
                    </fillUnit>
                    <fillUnit unitTextOverride="$l10n_unit_literShort" fillTypes="fertilizer" capacity="8000">
                        <exactFillRootNode node="exactFillRootNodeFertilizerMiddle" />
                    </fillUnit>
                </fillUnits>
            </fillUnitConfiguration>
            <fillUnitConfiguration>
                <fillUnits>
                    <unloading node="dischargeNode" width="18" />
                    <fillUnit unitTextOverride="$l10n_unit_literShort" fillTypes="seeds" capacity="16000">
                        <exactFillRootNode node="exactFillRootNodeSeedsWide"  />
                    </fillUnit>
                </fillUnits>
            </fillUnitConfiguration>
        </fillUnitConfigurations>
    </fillUnit>
	
    <fillVolume>
        <fillVolumeConfigurations>
            <fillVolumeConfiguration>
                <volumes>
                    <volume node="fillVolume01" fillUnitIndex="1" maxDelta="0.1"/>
                    <volume node="fillVolume02" fillUnitIndex="2" maxDelta="0.1"/>
                    <volume node="fillVolume03" fillUnitIndex="2" maxDelta="0.1"/>
                    <volume node="fillVolume04" fillUnitIndex="1" maxDelta="0.1"/>
                </volumes>
				<objectChange node="seedsDecals" visibilityActive="false"/>
				<objectChange node="seedsFertilizerDecals" visibilityActive="true"/>
            </fillVolumeConfiguration>
            <fillVolumeConfiguration>
                <volumes>
                    <volume node="fillVolume01" fillUnitIndex="1" maxDelta="0.1"/>
                    <volume node="fillVolume02" fillUnitIndex="1" maxDelta="0.1"/>
                    <volume node="fillVolume03" fillUnitIndex="1" maxDelta="0.1"/>
                    <volume node="fillVolume04" fillUnitIndex="1" maxDelta="0.1"/>
                </volumes>
				<objectChange node="seedsDecals" visibilityActive="true"/>
				<objectChange node="seedsFertilizerDecals" visibilityActive="false"/>
            </fillVolumeConfiguration>
        </fillVolumeConfigurations>
    </fillVolume>
	

    <sowingMachine fillUnitIndex="1">
        <seedFruitTypeCategories>planter</seedFruitTypeCategories>
        <needsActivation value="true" />
        <fieldGroundType value="SOWN" />
        <useDirectPlanting value="true" />

        <sounds>
            <work template="DEFAULT_SOWING_WORK" linkNode="0>" />
            <airBlower template="DEFAULT_SOWING_AIR_BLOWER" linkNode="0>" />
        </sounds>
    </sowingMachine>

    <sprayer fillUnitIndex="2" >
        <usageScales workingWidth="13" scale="1" />
    </sprayer>

    <cover>
        <coverConfigurations>
            <coverConfiguration openCoverWhileTipping="true">
                <cover openAnimation="toggleCoverSeed" fillUnitIndices="1" />
                <cover openAnimation="toggleCoverFert" fillUnitIndices="2" />
            </coverConfiguration>
            <coverConfiguration openCoverWhileTipping="true">
                <cover openAnimation="toggleCovers" fillUnitIndices="1" />
            </coverConfiguration>
        </coverConfigurations>
    </cover>

    <turnOnVehicle turnOffIfNotAllowed="true"/>

    <ai>
        <needsLowering value="true" />
        <areaMarkers leftNode="aiMarkerLeft" rightNode="aiMarkerRight" backNode="aiMarkerBack" />
        <collisionTrigger node="aiCollisionNode" width="13" height="2.4"/>
        <agentAttachment width="3.2" height="3.5" length="2.9" lengthOffset="-0.6"/>
    </ai>

    <foliageBending>
        <bendingNode minX="-5.8" maxX="5.8" minZ="0.15" maxZ="2.2" yOffset="1.4" />
        <bendingNode minX="-2.8" maxX="2.8" minZ="-1.41" maxZ="0.38" yOffset="0.0" node="planter_component2" />
        <bendingNode minX="-2.8" maxX="2.8" minZ="-1.41" maxZ="0.38" yOffset="0.0" node="planter_component3" />
    </foliageBending>

    <baseMaterial>
        <material name="wsvsPlanter_mat" baseNode="wsvsPlanter_vis">
             <shaderParameter name="colorMat0" value="SHARED_GREY2"/>
             <shaderParameter name="colorMat1" value="SHARED_GREY2"/>
        </material>
        <material name="wsvsPlanter02_mat" baseNode="headHouseLeft">
             <shaderParameter name="colorMat0" value="SHARED_GREY2"/>
        </material>
        <material name="azurit9_mat" baseNode="azurit9FrontLeft">
             <shaderParameter name="colorMat0" value="SHARED_GREY2"/>
        </material>
        <material name="azurit9Alpha_mat" baseNode="alpha_parts_0">
             <shaderParameter name="colorMat0" value="SHARED_GREY2"/>
        </material>		
    </baseMaterial>

    <baseMaterialConfigurations useDefaultColors="true" price="50" title="$l10n_title_main_tank" >
        <material name="wsvsPlanter_mat" shaderParameter="colorMat0"/>
		
		<baseMaterialConfiguration  name="$l10n_color_wsvs_tank_yellow" 				color="0.7386 0.4678 0.0123"	material="34" />
        <baseMaterialConfiguration	name="Lizard %s" params="$l10n_ui_colorRed"			color="LIZARD_RED1"/>	
        <baseMaterialConfiguration	name="John Deere %s"  params="$l10n_ui_colorGreen"  color="JOHNDEERE_GREEN1" />
        <baseMaterialConfiguration	name="Lizard %s" params="$l10n_ui_colorGreenOlive"	color="LIZARD_OLIVE1"/>
        <baseMaterialConfiguration	name="Lizard %s" params="$l10n_ui_colorBlue"		color="LIZARD_BLUE1"/>
        <baseMaterialConfiguration	name="Lizard %s" params="$l10n_ui_colorBlueLight"	color="LIZARD_BLUE2"/>
        <baseMaterialConfiguration	name="Lizard %s" params="$l10n_ui_colorGrey"		color="LIZARD_BLUE3"/>
        <baseMaterialConfiguration	name="Lizard %s" params="$l10n_ui_colorBeige"		color="LIZARD_ECRU1"/>	
    </baseMaterialConfigurations>	
	
	<designMaterialConfigurations useDefaultColors="true" price="50" title="$l10n_title_seeder" >
        <material name="azurit9_mat" shaderParameter="colorMat0" />
        <material name="azurit9Alpha_mat" shaderParameter="colorMat0" />
        <material name="wsvsPlanter02_mat" shaderParameter="colorMat0" />
		
        <designMaterialConfiguration	name="Lizard %s" params="$l10n_ui_colorRed"			color="LIZARD_RED1"/>		
		<designMaterialConfiguration  	name="$l10n_color_wsvs_tank_white" 					color="0.98 0.8 0.8" />
        <designMaterialConfiguration	name="John Deere %s"  params="$l10n_ui_colorGreen"  color="JOHNDEERE_GREEN1" />
        <designMaterialConfiguration	name="Lizard %s" params="$l10n_ui_colorGreenOlive"	color="LIZARD_OLIVE1"/>
        <designMaterialConfiguration	name="Lizard %s" params="$l10n_ui_colorBlue"		color="LIZARD_BLUE1"/>
        <designMaterialConfiguration	name="Lizard %s" params="$l10n_ui_colorBlueLight"	color="LIZARD_BLUE2"/>
        <designMaterialConfiguration	name="Lizard %s" params="$l10n_ui_colorGrey"		color="LIZARD_BLUE3"/>
        <designMaterialConfiguration	name="Lizard %s" params="$l10n_ui_colorBeige"		color="LIZARD_ECRU1"/>
    </designMaterialConfigurations>
	
	<designMaterial2Configurations useDefaultColors="true" price="50" title="$l10n_title_cover">
        <material name="wsvsPlanter_mat" shaderParameter="colorMat1" />

        <designMaterial2Configuration	name="Lizard %s" params="$l10n_ui_colorBlueLight"	color="LIZARD_BLUE2"/>
        <designMaterial2Configuration	name="$l10n_color_wsvs_tank_green" 					color="0 0.40 0" />
		<designMaterial2Configuration  	name="$l10n_color_wsvs_tank_white" 					color="0.98 0.8 0.8" />
		<designMaterial2Configuration  	name="$l10n_color_wsvs_tank_yellow" 				color="0.9386 0.5678 0.0123" />
        <designMaterial2Configuration	name="Lizard %s" params="$l10n_ui_colorRed"			color="LIZARD_RED1"/>		
        <designMaterial2Configuration	name="John Deere %s"  params="$l10n_ui_colorGreen"  color="JOHNDEERE_GREEN1" />
        <designMaterial2Configuration	name="Lizard %s" params="$l10n_ui_colorGreenOlive"	color="LIZARD_OLIVE1"/>
        <designMaterial2Configuration	name="Lizard %s" params="$l10n_ui_colorBlue"		color="LIZARD_BLUE1"/>
        <designMaterial2Configuration	name="Lizard %s" params="$l10n_ui_colorGrey"		color="LIZARD_BLUE3"/>
        <designMaterial2Configuration	name="Lizard %s" params="$l10n_ui_colorBeige"		color="LIZARD_ECRU1"/>
    </designMaterial2Configurations>
	
    <wearable wearDuration="480" workMultiplier="5" fieldMultiplier="2"/>
    <washable dirtDuration="90" washDuration="1" workMultiplier="6" fieldMultiplier="2"/>

<i3dMappings>
  <i3dMapping id="wsvsPlanter_main_component1" node="0>" />
  <i3dMapping id="attachable" node="0>0" />
  <i3dMapping id="attacherJoint" node="0>0|0" />
  <i3dMapping id="attacherJoint02" node="0>0|0|0" />
  <i3dMapping id="topReferenceNode" node="0>0|1" />
  <i3dMapping id="supportCols" node="0>0|2" />
  <i3dMapping id="leftFrontSupports" node="0>0|2|0" />
  <i3dMapping id="leftFrontSupportTrans_0" node="0>0|2|0|0" />
  <i3dMapping id="supportFoot01" node="0>0|2|0|0|0" />
  <i3dMapping id="supportCol01" node="0>0|2|0|0|1" />
  <i3dMapping id="supportBase01" node="0>0|2|0|1" />
  <i3dMapping id="rightFrontSupports" node="0>0|2|1" />
  <i3dMapping id="rightFrontSupportTrans" node="0>0|2|1|0" />
  <i3dMapping id="supportFoot02" node="0>0|2|1|0|0" />
  <i3dMapping id="supportCol02" node="0>0|2|1|0|1" />
  <i3dMapping id="supportBase02" node="0>0|2|1|1" />
  <i3dMapping id="leftRearSupports" node="0>0|2|2" />
  <i3dMapping id="leftFrontSupportTrans_1" node="0>0|2|2|0" />
  <i3dMapping id="supportFoot03" node="0>0|2|2|0|0" />
  <i3dMapping id="supportCol03" node="0>0|2|2|0|1" />
  <i3dMapping id="supportBase03" node="0>0|2|2|1" />
  <i3dMapping id="rightRearSupports" node="0>0|2|3" />
  <i3dMapping id="rightRearSupportTrans" node="0>0|2|3|0" />
  <i3dMapping id="supportFoot04" node="0>0|2|3|0|0" />
  <i3dMapping id="supportCol04" node="0>0|2|3|0|1" />
  <i3dMapping id="supportBase04" node="0>0|2|3|1" />
  <i3dMapping id="componentJointParent" node="0>0|3" />
  <i3dMapping id="componentJoint1" node="0>0|3|0" />
  <i3dMapping id="groundReferenceNodeLeft" node="0>0|3|0|0" />
  <i3dMapping id="componentJoint2" node="0>0|3|1" />
  <i3dMapping id="groundReferenceNodeRight" node="0>0|3|1|0" />
  <i3dMapping id="connectors" node="0>0|4" />
  <i3dMapping id="dummyConnection01" node="0>0|4|0" />
  <i3dMapping id="dummyConnection02" node="0>0|4|1" />
  <i3dMapping id="dummyConnection03" node="0>0|4|2" />
  <i3dMapping id="dummyConnection04" node="0>0|4|3" />
  <i3dMapping id="dummyConnection05" node="0>0|4|4" />
  <i3dMapping id="dummyConnection06" node="0>0|4|5" />
  <i3dMapping id="dummyConnection07" node="0>0|4|6" />
  <i3dMapping id="dummyConnection08" node="0>0|4|7" />
  <i3dMapping id="dummyConnection09" node="0>0|4|8" />
  <i3dMapping id="dummyConnection10" node="0>0|4|9" />
  <i3dMapping id="dynamicNodes" node="0>0|4|10" />
  <i3dMapping id="powerswitchNode" node="0>0|4|10|0" />
  <i3dMapping id="redRound_01" node="0>0|4|10|1" />
  <i3dMapping id="whiteRound_01" node="0>0|4|10|2" />
  <i3dMapping id="yellowRound_01" node="0>0|4|10|3" />
  <i3dMapping id="workAreas" node="0>1" />
  <i3dMapping id="workAreaLeft" node="0>1|0" />
  <i3dMapping id="areaStartLeft" node="0>1|0|0" />
  <i3dMapping id="areaWidthLeft" node="0>1|0|1" />
  <i3dMapping id="areaHeightLeft" node="0>1|0|2" />
  <i3dMapping id="workAreaRight" node="0>1|1" />
  <i3dMapping id="areaStartRight" node="0>1|1|0" />
  <i3dMapping id="areaWidthRight" node="0>1|1|1" />
  <i3dMapping id="areaHeightRight" node="0>1|1|2" />
  <i3dMapping id="ai" node="0>2" />
  <i3dMapping id="aiMarker" node="0>2|0" />
  <i3dMapping id="aiMarkerLeft" node="0>2|0|0" />
  <i3dMapping id="aiMarkerRight" node="0>2|0|1" />
  <i3dMapping id="aiMarkerBack" node="0>2|0|2" />
  <i3dMapping id="aiCollisionNode" node="0>2|1" />
  <i3dMapping id="fillUnit" node="0>3" />
  <i3dMapping id="exactFillRootNodeSeedsWide" node="0>3|0" />
  <i3dMapping id="exactFillRootNodeFertilizerMiddle" node="0>3|1" />
  <i3dMapping id="exactFillRootNodeSeedSplit" node="0>3|2" />
  <i3dMapping id="dischargeNode" node="0>3|3" />
  <i3dMapping id="fillVolumes" node="0>3|4" />
  <i3dMapping id="fillVolume01" node="0>3|4|0" />
  <i3dMapping id="fillVolume02" node="0>3|4|1" />
  <i3dMapping id="fillVolume03" node="0>3|4|2" />
  <i3dMapping id="fillVolume04" node="0>3|4|3" />
  <i3dMapping id="cover" node="0>4" />
  <i3dMapping id="seedCovers" node="0>4|0" />
  <i3dMapping id="seedCover01" node="0>4|0|0" />
  <i3dMapping id="seedCover02" node="0>4|0|1" />
  <i3dMapping id="fertCovers" node="0>4|1" />
  <i3dMapping id="fertCover01" node="0>4|1|0" />
  <i3dMapping id="fertCover02" node="0>4|1|1" />
  <i3dMapping id="visuals_0" node="0>5" />
  <i3dMapping id="wsvsPlanter_vis" node="0>5|0" />
  <i3dMapping id="harness" node="0>5|1" />
  <i3dMapping id="hoses" node="0>5|2" />
  <i3dMapping id="tankFrameGrid" node="0>5|3" />
  <i3dMapping id="ladderZgts" node="0>5|4" />
  <i3dMapping id="manualTube" node="0>5|5" />
  <i3dMapping id="decalManual" node="0>5|5|0" />
  <i3dMapping id="decals_0" node="0>5|6" />
  <i3dMapping id="decalPinch01_0" node="0>5|6|0" />
  <i3dMapping id="decalList01" node="0>5|6|1" />
  <i3dMapping id="decalManual02" node="0>5|6|2" />
  <i3dMapping id="decalList03" node="0>5|6|3" />
  <i3dMapping id="decalManual03" node="0>5|6|4" />
  <i3dMapping id="decalPinch02_0" node="0>5|6|5" />
  <i3dMapping id="decalManual.001" node="0>5|6|6" />
  <i3dMapping id="decalExcalmation02" node="0>5|6|7" />
  <i3dMapping id="decalElectric01" node="0>5|6|8" />
  <i3dMapping id="decalElectric02" node="0>5|6|9" />
  <i3dMapping id="decalExcalmation03" node="0>5|6|10" />
  <i3dMapping id="decalPinch01_1" node="0>5|6|11" />
  <i3dMapping id="decalPinch02_1" node="0>5|6|12" />
  <i3dMapping id="decalScrew_0" node="0>5|6|13" />
  <i3dMapping id="front" node="0>5|6|14" />
  <i3dMapping id="decalManual04" node="0>5|6|14|0" />
  <i3dMapping id="decalManual05" node="0>5|6|14|1" />
  <i3dMapping id="decalFall" node="0>5|6|14|2" />
  <i3dMapping id="decalExcalmation01" node="0>5|6|14|3" />
  <i3dMapping id="decalList02_0" node="0>5|6|14|4" />
  <i3dMapping id="decalManual01_0" node="0>5|6|14|5" />
  <i3dMapping id="decalList02_1" node="0>5|6|14|6" />
  <i3dMapping id="decalManual01_1" node="0>5|6|14|7" />
  <i3dMapping id="decalScrew_1" node="0>5|6|14|8" />
  <i3dMapping id="decalScrew_2" node="0>5|6|14|9" />
  <i3dMapping id="brand" node="0>5|6|15" />
  <i3dMapping id="decalBrand01" node="0>5|6|15|0" />
  <i3dMapping id="decalLizard01" node="0>5|6|15|1" />
  <i3dMapping id="decalBrand02" node="0>5|6|15|2" />
  <i3dMapping id="decalLizard02" node="0>5|6|15|3" />
  <i3dMapping id="configurationIcon" node="0>5|6|16" />
  <i3dMapping id="seedsDecals" node="0>5|6|16|0" />
  <i3dMapping id="iconSeedsDecal_0" node="0>5|6|16|0|0" />
  <i3dMapping id="iconSeedsDecal_1" node="0>5|6|16|0|1" />
  <i3dMapping id="iconSeedsDecal_2" node="0>5|6|16|0|2" />
  <i3dMapping id="iconSeedsDecal_3" node="0>5|6|16|0|3" />
  <i3dMapping id="seedsFertilizerDecals" node="0>5|6|16|1" />
  <i3dMapping id="iconSeedsDecal_4" node="0>5|6|16|1|0" />
  <i3dMapping id="iconFertilizerDecal_0" node="0>5|6|16|1|1" />
  <i3dMapping id="iconFertilizerDecal_1" node="0>5|6|16|1|2" />
  <i3dMapping id="iconSeedsDecal_5" node="0>5|6|16|1|3" />
  <i3dMapping id="screwsDecals" node="0>5|6|17" />
  <i3dMapping id="collisions" node="0>6" />
  <i3dMapping id="colPart01" node="0>6|0" />
  <i3dMapping id="colPart02" node="0>6|1" />
  <i3dMapping id="planter_component2" node="1>" />
  <i3dMapping id="wsvsPlanter_Group" node="1>0" />
  <i3dMapping id="hydraulics" node="1>0|0" />
  <i3dMapping id="leftArm" node="1>0|0|0" />
  <i3dMapping id="dummyRrMGA.Left" node="1>0|0|0|0" />
  <i3dMapping id="dummySTAL" node="1>0|0|0|1" />
  <i3dMapping id="dummySBAL" node="1>0|0|0|2" />
  <i3dMapping id="rotatingParts_0" node="1>0|0|0|3" />
  <i3dMapping id="frontDiscsLeft" node="1>0|0|0|3|0" />
  <i3dMapping id="middleDiscsLeft" node="1>0|0|0|3|1" />
  <i3dMapping id="grabbingWheelsLeft" node="1>0|0|0|3|2" />
  <i3dMapping id="bigWheelsLeft" node="1>0|0|0|3|3" />
  <i3dMapping id="smallWheelsLeft" node="1>0|0|0|3|4" />
  <i3dMapping id="finishingWheelsLeft" node="1>0|0|0|3|5" />
  <i3dMapping id="dummySTARF.left" node="1>0|0|0|4" />
  <i3dMapping id="visuals_1" node="1>0|0|0|5" />
  <i3dMapping id="alpha_parts_0" node="1>0|0|0|5|0" />
  <i3dMapping id="bolt_decals_0" node="1>0|0|0|5|1" />
  <i3dMapping id="decals_1" node="1>0|0|0|5|2" />
  <i3dMapping id="azurit9Group" node="1>0|0|0|5|3" />
  <i3dMapping id="azurit9FrontLeft" node="1>0|0|0|5|3|0" />
  <i3dMapping id="headHouseLeft" node="1>0|0|0|5|3|1" />
  <i3dMapping id="azurit9RearLeft" node="1>0|0|0|5|3|2" />
  <i3dMapping id="seedHosesL1" node="1>0|0|0|5|3|3" />
  <i3dMapping id="leftArmColPart" node="1>0|0|0|6" />
  <i3dMapping id="rightArm" node="1>0|0|1" />
  <i3dMapping id="dummy" node="1>0|0|1|0" />
  <i3dMapping id="rotatingParts_1" node="1>0|0|1|1" />
  <i3dMapping id="frontDiscsRight" node="1>0|0|1|1|0" />
  <i3dMapping id="middleDiscsRight" node="1>0|0|1|1|1" />
  <i3dMapping id="grabbingWheelsRight" node="1>0|0|1|1|2" />
  <i3dMapping id="bigWheelsRight" node="1>0|0|1|1|3" />
  <i3dMapping id="smallWheelsRight" node="1>0|0|1|1|4" />
  <i3dMapping id="finishingWheelsRight" node="1>0|0|1|1|5" />
  <i3dMapping id="visuals_2" node="1>0|0|1|2" />
  <i3dMapping id="alpha_parts_1" node="1>0|0|1|2|0" />
  <i3dMapping id="bolt_decals_1" node="1>0|0|1|2|1" />
  <i3dMapping id="decals_2" node="1>0|0|1|2|2" />
  <i3dMapping id="alpha_parts_2" node="1>0|0|1|2|3" />
  <i3dMapping id="alpha_parts_3" node="1>0|0|1|2|4" />
  <i3dMapping id="rightArmColPart" node="1>0|0|1|3" />
  <i3dMapping id="effects" node="1>0|1" />
  <i3dMapping id="smokeEmitter01" node="1>0|1|0" />
  <i3dMapping id="seederEffect01LinkNode" node="1>0|1|1" />
  <i3dMapping id="seederEffect02LinkNode" node="1>0|1|2" />
  <i3dMapping id="seederEffect03LinkNode" node="1>0|1|3" />
  <i3dMapping id="seederEffect04LinkNode" node="1>0|1|4" />
  <i3dMapping id="seederEffect05LinkNode" node="1>0|1|5" />
  <i3dMapping id="seederEffect06LinkNode" node="1>0|1|6" />
  <i3dMapping id="seederEffect07LinkNode" node="1>0|1|7" />
  <i3dMapping id="seederEffect08LinkNode" node="1>0|1|8" />
  <i3dMapping id="visuals_3" node="1>0|2" />
  <i3dMapping id="hoses_vis" node="1>0|2|0" />
  <i3dMapping id="alpha_parts_4" node="1>0|2|1" />
  <i3dMapping id="bolt_decals_2" node="1>0|2|2" />
  <i3dMapping id="sticker_decals" node="1>0|2|3" />
  <i3dMapping id="decals_3" node="1>0|2|4" />
  <i3dMapping id="wheels" node="1>0|3" />
  <i3dMapping id="wheel1" node="1>0|3|0" />
  <i3dMapping id="wheel2" node="1>0|3|1" />
  <i3dMapping id="wheel3" node="1>0|3|2" />
  <i3dMapping id="wheel4" node="1>0|3|3" />
  <i3dMapping id="planter_component3" node="2>" />
  <i3dMapping id="wsvsPlanter_Group2" node="2>0" />
  <i3dMapping id="hydraulics2" node="2>0|0" />
  <i3dMapping id="leftArm2" node="2>0|0|0" />
  <i3dMapping id="dummy2_0" node="2>0|0|0|0" />
  <i3dMapping id="dummy2_1" node="2>0|0|0|1" />
  <i3dMapping id="rotatingParts2_0" node="2>0|0|0|2" />
  <i3dMapping id="frontDiscsLeft2" node="2>0|0|0|2|0" />
  <i3dMapping id="middleDiscsLeft2" node="2>0|0|0|2|1" />
  <i3dMapping id="grabbingWheelsLeft2" node="2>0|0|0|2|2" />
  <i3dMapping id="bigWheelsLeft2" node="2>0|0|0|2|3" />
  <i3dMapping id="smallWheelsLeft2" node="2>0|0|0|2|4" />
  <i3dMapping id="finishingWheelsLeft2" node="2>0|0|0|2|5" />
  <i3dMapping id="dummy2_2" node="2>0|0|0|3" />
  <i3dMapping id="visuals2_0" node="2>0|0|0|4" />
  <i3dMapping id="alpha_parts2_0" node="2>0|0|0|4|0" />
  <i3dMapping id="bolt_decals2_0" node="2>0|0|0|4|1" />
  <i3dMapping id="decals2_0" node="2>0|0|0|4|2" />
  <i3dMapping id="azurit9Group2" node="2>0|0|0|4|3" />
  <i3dMapping id="azurit9Front2" node="2>0|0|0|4|3|0" />
  <i3dMapping id="headHouse2" node="2>0|0|0|4|3|1" />
  <i3dMapping id="azurit9Rear2" node="2>0|0|0|4|3|2" />
  <i3dMapping id="seedHoses2A" node="2>0|0|0|4|3|3" />
  <i3dMapping id="leftArmColPart2" node="2>0|0|0|5" />
  <i3dMapping id="rightArm2" node="2>0|0|1" />
  <i3dMapping id="rotatingParts2_1" node="2>0|0|1|0" />
  <i3dMapping id="frontDiscsRight2" node="2>0|0|1|0|0" />
  <i3dMapping id="middleDiscsRight2" node="2>0|0|1|0|1" />
  <i3dMapping id="grabbingWheelsRight2" node="2>0|0|1|0|2" />
  <i3dMapping id="bigWheelsRight2" node="2>0|0|1|0|3" />
  <i3dMapping id="smallWheelsRight2" node="2>0|0|1|0|4" />
  <i3dMapping id="finishingWheelsRight2" node="2>0|0|1|0|5" />
  <i3dMapping id="visuals2_1" node="2>0|0|1|1" />
  <i3dMapping id="alpha_parts2_1" node="2>0|0|1|1|0" />
  <i3dMapping id="bolt_decals2_1" node="2>0|0|1|1|1" />
  <i3dMapping id="decals2_1" node="2>0|0|1|1|2" />
  <i3dMapping id="rightArmColPart2" node="2>0|0|1|2" />
  <i3dMapping id="effects2" node="2>0|1" />
  <i3dMapping id="smokeEmitter02" node="2>0|1|0" />
  <i3dMapping id="seederEffect01LinkNode2" node="2>0|1|1" />
  <i3dMapping id="seederEffect02LinkNode2" node="2>0|1|2" />
  <i3dMapping id="seederEffect03LinkNode2" node="2>0|1|3" />
  <i3dMapping id="seederEffect04LinkNode2" node="2>0|1|4" />
  <i3dMapping id="seederEffect05LinkNode2" node="2>0|1|5" />
  <i3dMapping id="seederEffect06LinkNode2" node="2>0|1|6" />
  <i3dMapping id="seederEffect07LinkNode2" node="2>0|1|7" />
  <i3dMapping id="seederEffect08LinkNode2" node="2>0|1|8" />
  <i3dMapping id="visual2" node="2>0|2" />
  <i3dMapping id="hoses_vis2" node="2>0|2|0" />
  <i3dMapping id="alpha_parts2_2" node="2>0|2|1" />
  <i3dMapping id="bolt_decals2_2" node="2>0|2|2" />
  <i3dMapping id="sticker_decals2" node="2>0|2|3" />
  <i3dMapping id="decals2_2" node="2>0|2|4" />
  <i3dMapping id="wheels2" node="2>0|3" />
  <i3dMapping id="wheel21" node="2>0|3|0" />
  <i3dMapping id="wheel22" node="2>0|3|1" />
  <i3dMapping id="wheel23" node="2>0|3|2" />
  <i3dMapping id="wheel24" node="2>0|3|3" />
</i3dMappings>
</vehicle>
