﻿<?xml version="1.0" encoding="utf-8" standalone="no" ?>

<modDesc descVersion="64">
    <author>MistiCat</author>
    <version>1.5.0.0</version>

	<title>
        <en>Amazone ZA-TS 3200 Trio</en>
    </title>

	<description>
        <en>
<![CDATA[
The Amazone ZA-TS 3200 Trio by MistiCat.

The trio consists of the original, a lime and road salt spreader.

It fits well between the rows of grapes and olives to lime them.

Capacity original: 10,000 liters
Limescale and spreader capacity: 15,000 litres
Added main colors

Changelog:
- Added Decals
- Added Category
]]>
		</en>
		<de>
<![CDATA[
Das Amazone ZA-TS 3200 Trio von MistiCat.

Das Trio besteht aus dem Original, einem Kalker und Streusalz Verteiler.

Er passt gut zwischen die Trauben und Oliven Reihen, um diese zu kalken.

Fassungsvermögen Original: 10.000 Liter
Fassungsvermögen Kalker & Streuer: 15.000 Liters
Hauptfarben hinzugefügt

Changelog:
- Decals hinzugefügt
- Kategorie hinzugefügt
]]>
        </de>
    </description>

	<iconFilename>textures/icon_zats3200.dds</iconFilename>

	<multiplayer supported="true"/>
	
	<storeItems>
		<newStoreCategories>
          <newStoreCategory type="VEHICLE" name="MistiCat1" title="$l10n_category_MistiCat" image="textures/store_mcVehicles.dds"/>
		  <newStoreCategory type="TOOL" name="MistiCat2" title="$l10n_category_MistiCat" image="textures/store_mcTools.dds"/>
        </newStoreCategories>
        <storeItem xmlFilename="zats3200.xml"/>
		<storeItem xmlFilename="zats3200Lime.xml"/>
		<storeItem xmlFilename="zats3200Roadsalt.xml"/>
    </storeItems>

	<specializations>
		<specialization name="AddStoreCategory" className="AddStoreCategory" filename="scripts/AddStoreCategory.lua"/>		
    </specializations>
	
	<l10n>
		<text name="category_MistiCat">
			<en>MistiCat Mods</en>
			<de>MistiCat Mods</de>
		</text>	
    </l10n>

	<brands>
        <brand name="MistiCat" title="MistiCat" image="brand_MistiCat.dds"/>
    </brands>
</modDesc>
