﻿<?xml version="1.0" encoding="utf-8" standalone="no" ?>
<modDesc descVersion="67">
    <author>Marcus (LS Modding Team)</author>
    <version>1.0.1.1</version>
    <title>
        <en>AGCO IDEAL</en>
    </title>
    <description>
	<en>
<![CDATA[
- Choice of main color and rim color
- Choice of colors and materials for the seats (fabric or leather)
- Brand choice (Fendt, Massey Ferguson and Challenger)
- Front tire or tape drive selectable
- Warning signs can be selected
- Tablet can be bought
- Animated display
- PowerFlow cutting unit with stalk divider, rapeseed knife, choice of color and brand selection (Fendt, Massey Ferguson and Challenger)

- Price from 419,500 - 612,900 Euros
- Output from 451 - 790 hp
- Grain tank volumes from 12500 - 17100 liter
- Travel speed 40 km/h
- Working speed 10 km/h

Version 1.0.0.1
- various adjustments
- Added Power Flow 30FT
- Added Diamant 12 AGCO style corn head
- Added AGCO-style Helianthus 12000 header
- Display's further animated
- Extended color palette
]]>
    </en>
	<de>
<![CDATA[
- Farbwahl Hauptfarbe und Felgenfarbe
- Farbwahl und Materialwahl der Sitze (Stoff oder Leder)
- Markenwahl (Fendt, Massey Ferguson und Challenger)
- Vorderreifen oder Bandlaufwerk wählbar
- Warntafeln wählbar
- Tablet kaufbar 
- Displays animiert
- Schneidwerk PowerFlow mit Halmteiler, Rapsmesser, Farbwahl und Markenauswahl (Fendt, Massey Ferguson und Challenger)

- Preis von 419500 - 612900 Euro
- Leistung von 451 - 790 PS
- Korntankvolumen von 12500 - 17100 Liter
- Fahrtgeschwindigkeit 40 km/h
- Arbeitsgeschwindigkeit 10 km/h

Version 1.0.0.1
- diverse Anpassungen
- Power Flow 30FT hinzugefügt
- Diamant 12 Maispflücker im AGCO-Style hinzugefügt
- Helianthus 12000 Schneidwerk im AGCO-Style hinzugefügt
- Display´s weiter animiert
- Farbpalette erweitert
]]>
    </de>
	</description>
    <iconFilename>modIcon.dds</iconFilename>
	<multiplayer supported="true" />
	<l10n>
		<text name="configuration_Fendt_black"><en>Fendt Black</en><de>Fendt Schwarz</de></text>
		<text name="configuration_Old_green"><en>Fendt Green (Old)</en><de>Fendt Grün (Alt)</de></text>
		<text name="configuration_New_green"><en>Fendt Green (New)</en><de>Fendt Grün (Neu)</de></text>
		<text name="configuration_Fendt_brightgreen"><en>Fendt Brightgreen</en><de>Fendt Hellgrün</de></text>
		<text name="configuration_Fendt_darkgreen"><en>Fendt Darkgreen</en><de>Fendt Dunkelgrün</de></text>
		<text name="configuration_Fendt_blue"><en>Fendt Blue</en><de>Fendt Blau</de></text>
		<text name="configuration_Fendt_white1"><en>Fendt White 1</en><de>Fendt Weiß 1</de></text>
		<text name="configuration_Fendt_white2"><en>Fendt White 2</en><de>Fendt Weiß 2</de></text>
		<text name="configuration_Fendt_yellow"><en>Fendt Yellow</en><de>Fendt Gelb</de></text>		
		<text name="configuration_Fendt_biege"><en>Fendt Beige</en><de>Fendt Beige</de></text>
		<text name="configuration_Fendt_grey1"><en>Fendt Grey 1</en><de>Fendt Grau 1</de></text>
		<text name="configuration_Fendt_grey2"><en>Fendt Grey 2</en><de>Fendt Grau 2</de></text>
		<text name="configuration_Fendt_grill"><en>Fendt Grill</en><de>Fendt Grill</de></text> <!--?-->
		<text name="configuration_Fendt_orange"><en>Fendt Orange</en><de>Fendt Orange</de></text>
		<text name="configuration_Fendt_red"><en>Fendt Red</en><de>Fendt Rot</de></text>
		<text name="configuration_Fendt_violet"><en>Fendt Violet</en><de>Fendt Violett</de></text>
		<text name="configuration_MasseyFerguson_green"><en>Massey Ferguson Green</en><de>Massey Ferguson Grün</de></text>
		<text name="configuration_MasseyFerguson_orange"><en>Massey Ferguson Orange</en><de>Massey Ferguson Orange</de></text>
		<text name="configuration_MasseyFerguson_grey1"><en>Massey Ferguson Grey 1</en><de>Massey Ferguson Grau 1</de></text>
		<text name="configuration_MasseyFerguson_grey2"><en>Massey Ferguson Grey 2</en><de>Massey Ferguson Grau 2</de></text>		
		<text name="configuration_MasseyFerguson_lightgrey"><en>Massey Ferguson Lightgrey</en><de>Massey Ferguson Hellgrau</de></text>
		<text name="configuration_MasseyFerguson_darkgrey"><en>Massey Ferguson Darkgrey</en><de>Massey Ferguson Dunkelgrau</de></text>		
		<text name="configuration_MasseyFerguson_red"><en>Massey Ferguson Red</en><de>Massey Ferguson Rot</de></text>
		<text name="configuration_MasseyFerguson_beige"><en>Massey Ferguson Beige</en><de>Massey Ferguson Beige</de></text>		
		<text name="configuration_Challenger_orange"><en>Challenger Orange</en><de>Challenger Orange</de></text>
		<text name="configuration_Challenger_yellow"><en>Challenger Yellow</en><de>Challenger Gelb</de></text>
		<text name="configuration_Challenger_red"><en>Challenger Red</en><de>Challenger Rot</de></text>
		<text name="configuration_Black"><en>Black</en><de>Schwarz</de></text>
		<text name="configuration_Chromed"><en>Chromed</en><de>Verchromt</de></text>		
		<text name="configuration_Fabric_grey"><en>Grey Fabric</en><de>Grauer Stoff</de></text>
		<text name="configuration_Leather_grey"><en>Grey Leather</en><de>Graues Leder</de></text>
		<text name="configuration_Fabric_green"><en>Green Fabric</en><de>Grüner Stoff</de></text>			
		<text name="configuration_Leather_green"><en>Green Leather</en><de>Grünes Leder</de></text>		
		<text name="configuration_Fabric_black"><en>Black Fabric</en><de>Schwarzer Stoff</de></text>	
		<text name="configuration_Leather_black"><en>Black Leather</en><de>Schwarzes Leder</de></text>
		<text name="configuration_Fabric_red"><en>Red Fabric</en><de>Roter Stoff</de></text>
		<text name="configuration_Leather_red"><en>Red Leather</en><de>Rotes Leder</de></text>
		<text name="configuration_Fabric_blue"><en>Blue Fabric</en><de>Blauer Stoff</de></text>
		<text name="configuration_Leather_blue"><en>Blue Leather</en><de>Blaues Leder</de></text>
		<text name="configuration_Fabric_white"><en>White Fabric</en><de>Weißer Stoff</de></text>
		<text name="configuration_Leather_white"><en>White Leather</en><de>Weißes Leder</de></text>
		<text name="configuration_Fabric_yellow"><en>Yellow Fabric</en><de>Gelber Stoff</de></text>
		<text name="configuration_Leather_yellow"><en>Yellow Leather</en><de>Gelbes Leder</de></text>
		<text name="configuration_Fabric_orange"><en>Orange Fabric</en><de>Orangener Stoff</de></text>
		<text name="configuration_Leather_orange"><en>Orange Leather</en><de>Orangenes Leder</de></text>			
		<text name="configuration_no"><en>No</en><de>Nein</de></text>	
		<text name="configuration_yes"><en>Yes</en><de>Ja</de></text>
		<text name="configuration_NoWarnSign"><en>No Warning Signs</en><de>Keine</de></text>	
		<text name="configuration_WarnSignFront"><en>Front Warning Signs</en><de>Vorne</de></text>	
		<text name="configuration_WarnSignBack"><en>Rear Warning Signs</en><de>Hinten</de></text>	
		<text name="configuration_WarnSignAll"><en>All Warning Signs</en><de>Alle Warntafeln</de></text>		
		<text name="configuration_modules"><en>Modules</en><de>Module</de></text>		
		<text name="configuration_No_Modules"><en>No Module</en><de>Keine Modul</de></text>	
		<text name="configuration_Corn_Module"><en>Straw Divider</en><de>Halmteiler</de></text>
		<text name="configuration_Knife_Module"><en>Rapeseed Knife</en><de>Rapsmesser</de></text>					
		<text name="configuration_wheel"><en>Steering Wheel</en><de>Lenkrad</de></text>	
		<text name="configuration_joystick"><en>Joystick</en><de>Joystick</de></text>	
		<text name="configuration_idealDrive"><en>Ideal Drive System</en><de>Ideal Drive System</de></text>
		<text name="configuration_Tablet"><en>Tablet</en><de>Tablet</de></text>
		<text name="configuration_warnSigns"><en>Warn Signs</en><de>Warntafeln</de></text>
		<text name="configuration_brand"><en>Brand</en><de>Marke</de></text>		
		<text name="configuration_seats"><en>Seats</en><de>Sitze</de></text>		 	
	</l10n>	
    <storeItems>
        <storeItem xmlFilename="ideal.xml"/>
		<storeItem xmlFilename="powerFlow30FT.xml"/>
		<storeItem xmlFilename="powerFlow.xml"/>
		<storeItem xmlFilename="diamant12.xml"/>
		<storeItem xmlFilename="helianthus12000.xml"/>
    </storeItems>
</modDesc>