<?xml version="1.0" encoding="utf-8" standalone="no" ?>
<modDesc descVersion="80">
    <author>Dogface, BDBSSB</author>
    <version>1.0.0.0</version>
    <title>
        <en>WSVS - Slurry Spreader</en>
		<de>WSVS - Güllestreuer</de>
		<fr>WSVS - Épandeur De Lisier</fr>
    </title>
    <description>
        <en>
            <![CDATA[This is the Slurry Tank module for the Lizard Wide-Span Vehicle System (WSVS). This implement operates like a standard slurry tank when attached to the WSVS tractor.  This slurry tank has an integrated trailing shoe spreader. 

Wide span vehicle systems, like the Nexat project or gantry tractors, are a specialized type of farming vehicle that significantly exceeds the width of typical vehicles. The primary purpose behind using wide span vehicles in agriculture is to minimize soil damage caused by farm vehicles. 

Required mod: Wide Span Vehicle System

WSVS SS24
Price: 75,000 $
working width: 13 m
Capacity: 24,500 liters]]>
</en>
        <de>
            <![CDATA[Dies ist das Gülletankmodul für das Lizard Wide-Span Vehicle System (WSVS). Dieses Gerät funktioniert wie ein Standard-Gülletank, wenn es an den WSVS-Traktor angeschlossen wird. Dieser Gülletank verfügt über einen integrierten Schleppschuhverteiler.

Weitspannfahrzeugsysteme wie das Nexat-Projekt oder Portaltraktoren sind ein spezieller Typ landwirtschaftlicher Fahrzeuge, der die Breite typischer Fahrzeuge deutlich übertrifft. Der Hauptzweck des Einsatzes von Breitspannfahrzeugen in der Landwirtschaft besteht darin, durch landwirtschaftliche Fahrzeuge verursachte Bodenschäden zu minimieren.

Erforderlicher Mod: Wide Span Vehicle System

WSVS SS24
Preis: 75.000 €
Arbeitsbreite: 13 m
Fassungsvermögen: 24.500 Liter]]>
</de>
        <fr>
            <![CDATA[Il s'agit du module de réservoir à lisier pour le système de véhicule à grande portée Lizard (WSVS). Cet outil fonctionne comme un réservoir à lisier standard lorsqu'il est attaché au tracteur WSVS. Cette cuve à lisier est équipée d'un épandeur à sabots traînant intégré.

Les systèmes de véhicules à grande portée, comme le projet Nexat ou les tracteurs à portique, sont un type spécialisé de véhicule agricole qui dépasse considérablement la largeur des véhicules typiques. L’objectif principal de l’utilisation de véhicules à grande portée en agriculture est de minimiser les dommages au sol causés par les véhicules agricoles.

Mod requis : Système de véhicule à grande portée

WSVS SS24
Prix : 75 000 €
largeur de travail : 13 m
Capacité : 24 500 litres]]>
</fr>
    </description>
    <iconFilename>icon_wsvsSpreader.dds</iconFilename>
    <multiplayer supported="true" />
	
    <dependencies>
        <dependency>FS22_wsvsTractorComDfBd</dependency>
    </dependencies>

    <storeItems>
        <storeItem xmlFilename="wsvsSpreader.xml" />
    </storeItems>
</modDesc>
