﻿<?xml version="1.0" encoding="utf-8" standalone="no" ?>
<vehicle type="manureBarrel" xmlns:xsi="http://www.w3.org/2001/XMLSchema-instance" xsi:noNamespaceSchemaLocation="https://validation.gdn.giants-software.com/xml/fs22/vehicle.xsd">
    <annotation>Copyright (C) GIANTS Software GmbH, All Rights Reserved.</annotation>

    <storeData>
        <name>WSVS SS24</name>
        <specs>
            <workingWidth>13</workingWidth>
        </specs>
        <functions>
            <function>$l10n_function_slurrySpreaderTool</function>
        </functions>
        <image>store_wsvsSpreader.png</image>
        <price>75000</price>
        <lifetime>600</lifetime>
        <rotation>0</rotation>
        <brand>LIZARD</brand>
        <category>slurryTanks</category>
        <shopTranslationOffset>0 -0.2 0</shopTranslationOffset>
        <shopRotationOffset>-2.145 0 0</shopRotationOffset>
		
        <vertexBufferMemoryUsage>5857024</vertexBufferMemoryUsage>
        <indexBufferMemoryUsage>891392</indexBufferMemoryUsage>
        <textureMemoryUsage>4718592</textureMemoryUsage>
        <audioMemoryUsage>0</audioMemoryUsage>
        <instanceVertexBufferMemoryUsage>0</instanceVertexBufferMemoryUsage>
        <instanceIndexBufferMemoryUsage>0</instanceIndexBufferMemoryUsage>
    </storeData>

    <base>
        <typeDesc>$l10n_typeDesc_manureDistributor</typeDesc>
        <filename>wsvsSpreader.i3d</filename>
        <speedLimit value="16" />
        <size width="13" length="5.5" />
        <components>
            <component centerOfMass="0 0 1.266" solverIterationCount="10" mass="7675" />
        </components>
        <schemaOverlay attacherJointPosition="-2.5 0" name="IMPLEMENT" />
        <mapHotspot type="TOOL" />
    </base>

    <attachable>
        <inputAttacherJoints>
            <inputAttacherJoint node="attacherJoint" jointType="implement" lowerRotLimitScale="0 0 0" upperRotLimitScale="0 0 0" upperRotationOffset="0" lowerTransLimitScale="0 0 0" upperTransLimitScale="0 0 0">
                <distanceToGround lower="0.3" upper="0.9" />
            </inputAttacherJoint>			
            <inputAttacherJoint node="attacherJoint02" jointType="frontloader" fixedRotation="true" allowFolding="false" allowTurnOn="false" canBeTurnedOn="false"  />
        </inputAttacherJoints>
        <support animationName="moveSupport" delayedOnAttach="false" detachAfterAnimation="false"/>
    </attachable>

    <dynamicallyLoadedParts>
        <dynamicallyLoadedPart node="0|0" linkNode="hydraulicIn01Wand2Bottomf"  filename="$data/shared/connectionHoses/connectors.i3d" />
        <dynamicallyLoadedPart node="0|0" linkNode="hydraulicOut01Wand2Bottomf"  filename="$data/shared/connectionHoses/connectors.i3d" />
        <dynamicallyLoadedPart node="0|0" linkNode="hydraulicIn02Wand2Bottomf"  filename="$data/shared/connectionHoses/connectors.i3d" />
        <dynamicallyLoadedPart node="0|0" linkNode="hydraulicOut02Wand2Bottomf"  filename="$data/shared/connectionHoses/connectors.i3d" />
		
        <dynamicallyLoadedPart node="2|7" linkNode="hydraulicIn01Bottom2Frame"  rotation="0 90 0" rotationNode="2|7|1" filename="$data/shared/connectionHoses/connectors.i3d" />
        <dynamicallyLoadedPart node="2|7" linkNode="hydraulicOut01Bottom2Frame"  rotation="0 90 0" rotationNode="2|7|1" filename="$data/shared/connectionHoses/connectors.i3d" />
        <dynamicallyLoadedPart node="2|7" linkNode="hydraulicIn02Bottom2Frame"  rotation="0 90 0" rotationNode="2|7|1" filename="$data/shared/connectionHoses/connectors.i3d" />
        <dynamicallyLoadedPart node="2|7" linkNode="hydraulicOut02Bottom2Frame"  rotation="0 90 0" rotationNode="2|7|1" filename="$data/shared/connectionHoses/connectors.i3d" />
		
        <dynamicallyLoadedPart node="1|0" linkNode="dummyConnection01" filename="$data/shared/connectionHoses/connectors.i3d"/>
        <dynamicallyLoadedPart node="1|0" linkNode="dummyConnection02" filename="$data/shared/connectionHoses/connectors.i3d"/>
        <dynamicallyLoadedPart node="0|0" linkNode="dummyConnection03" filename="$data/shared/connectionHoses/connectors.i3d"/>
        <dynamicallyLoadedPart node="0|0" linkNode="dummyConnection04" filename="$data/shared/connectionHoses/connectors.i3d"/>
        <dynamicallyLoadedPart node="1|4" linkNode="dummyConnection05" filename="$data/shared/connectionHoses/connectors.i3d"/>
        <dynamicallyLoadedPart node="1|4" linkNode="dummyConnection06" filename="$data/shared/connectionHoses/connectors.i3d"/>
        <dynamicallyLoadedPart node="1|4" linkNode="dummyConnection07" filename="$data/shared/connectionHoses/connectors.i3d"/>
        <dynamicallyLoadedPart node="1|4" linkNode="dummyConnection08" filename="$data/shared/connectionHoses/connectors.i3d"/>
        <dynamicallyLoadedPart node="1|5" linkNode="dummyConnection09" filename="$data/shared/connectionHoses/connectors.i3d"/>
        <dynamicallyLoadedPart node="2|8" linkNode="dummyConnection10" filename="$data/shared/connectionHoses/connectors.i3d"/>
        <dynamicallyLoadedPart node="0"   linkNode="powerswitchNode"   filename="$data/shared/assets/lights/rudolfHormann/powerSwitch.i3d"/>
        <dynamicallyLoadedPart node="0"   linkNode="redRound_01"   		filename="$data/shared/assets/reflectors/lizard/redRound_01.i3d"/>
        <dynamicallyLoadedPart node="0"   linkNode="whiteRound_01"		filename="$data/shared/assets/reflectors/lizard/whiteRound_01.i3d"/>
        <dynamicallyLoadedPart node="0"   linkNode="yellowRound_01"		filename="$data/shared/assets/reflectors/lizard/yellowRound_01.i3d"/>
    </dynamicallyLoadedParts>

    <connectionHoses>
		<localHose>
			<hose type="hydraulicIn"  node="hydraulicIn01Wand"  length="0.25" diameter="0.015" straighteningFactor="1"  />
				<target   type="hydraulicIn" node="hydraulicIn01Wand2Bottomb"  socket="hydraulicIn" length="0.25" straighteningFactor="1"/>
		</localHose>
		<localHose>
			<hose type="hydraulicIn"  node="hydraulicOut01Wand"  length="0.2" diameter="0.015" straighteningFactor="1"  />
				<target   type="hydraulicIn" node="hydraulicOut01Wand2Bottomb"  socket="hydraulicIn" length="0.2" straighteningFactor="1"/>
		</localHose>
		<localHose>
			<hose type="hydraulicIn"  node="hydraulicIn02Wand"  length="0.25" diameter="0.015" straighteningFactor="1"  />
				<target   type="hydraulicIn" node="hydraulicIn02Wand2Bottomb"  socket="hydraulicIn" length="0.25" straighteningFactor="1"/>
		</localHose>
		<localHose>
			<hose type="hydraulicIn"  node="hydraulicOut02Wand"  length="0.1" diameter="0.015" straighteningFactor="1"  />
				<target   type="hydraulicIn" node="hydraulicOut02Wand2Bottomb"  socket="hydraulicIn" length="0.1" straighteningFactor="1"/>
		</localHose>		
		<localHose>
			<hose type="hydraulicIn"  node="hydraulicIn01Wand2BottomfAdaptor"  length="1" isTwoPointHose="true" diameter="0.015" straighteningFactor="4"  />
				<target   type="hydraulicIn" node="hydraulicIn01Bottom2FrameHose"  straighteningFactor="4"/>
		</localHose>
		<localHose>
			<hose type="hydraulicIn"  node="hydraulicOut01Wand2BottomfAdaptor"  length="1" isTwoPointHose="true" diameter="0.015" straighteningFactor="4"  />
				<target   type="hydraulicIn" node="hydraulicOut01Bottom2FrameHose"  straighteningFactor="4"/>
		</localHose>
		<localHose>
			<hose type="hydraulicOut"  node="hydraulicIn02Wand2BottomfAdaptor"  length="1" isTwoPointHose="true" diameter="0.015" straighteningFactor="4"  />
				<target   type="hydraulicOut" node="hydraulicIn02Bottom2FrameHose"  straighteningFactor="4"/>
		</localHose>
		<localHose>
			<hose type="hydraulicOut"  node="hydraulicOut02Wand2BottomfAdaptor"  length="1" isTwoPointHose="true" diameter="0.015" straighteningFactor="4"  />
				<target   type="hydraulicOut" node="hydraulicOut02Bottom2FrameHose" straighteningFactor="4"/>
		</localHose>
		<localHose>
			<hose type="hydraulicIn"  node="backArmHydraulicOut"  length="0.1" diameter="0.01" straighteningFactor="1"  />
				<target   type="hydraulicIn" node="backArm2HydroOut"  socket="hydraulicIn" length="0.1" straighteningFactor="3"/>
		</localHose>
    </connectionHoses>

    <groundReferenceNodes>
        <groundReferenceNode node="groundReferenceNode" forceFactor="1" threshold="0.55"/>
    </groundReferenceNodes>

    <workAreas>
        <workArea type="sprayer" functionName="processSprayerArea" disableBackwards="false">
            <area startNode="workAreaStart" widthNode="workAreaWidth" heightNode="workAreaHeight" />
            <groundReferenceNode index="1" />
            <onlyActiveWhenLowered value="true"/>
        </workArea>
    </workAreas>

    <foldable>
        <foldingConfigurations>
            <foldingConfiguration>
                <foldingParts startMoveDirection="1" foldMiddleAnimTime="0.7" loweringMaxLimit="0.16" ignoreFoldMiddleWhileFolded="false" detachingMinLimit="1" detachingMaxLimit="1" turnOnFoldMinLimit="0" turnOnFoldMaxLimit="0.15" unfoldWarning="$l10n_warning_firstFoldUpTheTool" >
                    <foldingPart animationName="folding" speedScale="1.1" />
                </foldingParts>
            </foldingConfiguration>
        </foldingConfigurations>
    </foldable>

    <animations>
        <animation name="folding" soundVolumeFactor="2">
            <part node="backArmParent"  startTime="0"   endTime="2.5" startRot="0 0 0"   endRot="50 0 0" />
            <part node="slider"   startTime="0" endTime="2.5"  startTrans="0 0 0" endTrans="0 -0.136 0" />
			
            <sound template="defaultHydraulicSound"    startTime="0.01" endTime="2.5"    volumeScale="1.1" pitchScale="0.6" fadeIn="0.01" fadeOut="0.01" />
            <sound template="clackVar6"                startTime="2.5" direction="1" volumeScale="0.7" pitchScale="0.7" />
            <sound template="sheetImp02"               startTime="2.3" direction="1" volumeScale="1.6" pitchScale="0.9" />
            <sound template="clackVar6"                startTime="0.0" direction="-1" volumeScale="0.7" pitchScale="0.7" />
            <sound template="sheetImp02"               startTime="0.2" direction="-1" volumeScale="1.6" pitchScale="0.9" />
        </animation>
        <animation name="moveSupport" soundVolumeFactor="2.4">			
            <part node="supportFoot01"		startTime="0" endTime="1" startTrans="0 1.25 0" endTrans="0 0 0" />
            <part node="supportFoot02"		startTime="0" endTime="1" startTrans="0 1.25 0" endTrans="0 0 0" />
            <part node="supportFoot03"		startTime="0" endTime="1" startTrans="0 1.25 0" endTrans="0 0 0" />
            <part node="supportFoot04"		startTime="0" endTime="1" startTrans="0 1.25 0" endTrans="0 0 0" />
			
            <part node="supportCol01"		startTime="0" endTime="0.2" startTrans="0 1.403 -0.332" endTrans="0 0 0" />
            <part node="supportCol02"		startTime="0" endTime="0.2" startTrans="0 1.403 -0.332" endTrans="0 0 0" />
            <part node="supportCol03"		startTime="0" endTime="0.2" startTrans="0 1.403 -0.332" endTrans="0 0 0" />
            <part node="supportCol04"		startTime="0" endTime="0.2" startTrans="0 1.403 -0.332" endTrans="0 0 0" />			
						
            <part node="leftFrontSupports"		startTime="0" endTime="0.02" visibility="false" />
            <part node="rightFrontSupports"		startTime="0" endTime="0.02" visibility="false" />
            <part node="leftRearSupports"		startTime="0" endTime="0.02" visibility="false" />
            <part node="rightRearSupports"		startTime="0" endTime="0.02" visibility="false" />			
            <part node="leftFrontSupports"		startTime="0.02" endTime="1.5" visibility="true" />
            <part node="rightFrontSupports"		startTime="0.02" endTime="1.5" visibility="true" />
            <part node="leftRearSupports"		startTime="0.02" endTime="1.5" visibility="true" />
            <part node="rightRearSupports"		startTime="0.02" endTime="1.5" visibility="true" />			
			
            <sound template="cylinderPunch"  startTime="0.8" direction="-1" volumeScale="0.6" pitchScale="1"/>
            <sound template="clackVar6"      startTime="0.8" direction="-1" volumeScale="1.2" pitchScale="0.6"/>
            <sound template="foldStartMed02" startTime="0.8" direction="-1" volumeScale="1.9" pitchScale="0.6"/>
            <sound template="latchSmall"     startTime="0.8" direction="-1" volumeScale="0.2" pitchScale="1.6"/>
        </animation>
		
        <animation name="fillLevelAnim">
            <part node="measurementArm" startTime="0" endTime="0.2" startRot="90 -90 0" endRot="-128 -90 0"/>
        </animation>
    </animations>

    <cylindered>
        <movingTools>
            <movingTool node="backArmParent" playSound="true">
                <dependentPart node="backArmHydraulic" />
            </movingTool>
            <movingTool node="slider">
                <dependentPart node="sliderArm01" />
            </movingTool>
        </movingTools>

        <movingParts>
            <movingPart node="backArmHydraulic" referencePoint="backArmHydraulicRef" referenceFrame="backArmHydraulicRefFrame" isActiveDirty="true" maxUpdateDistance="150">
                <translatingPart node="backArmHydraulicPunch" />
            </movingPart>
            <movingPart node="rotArmHydraulic" referencePoint="rotArmHydraulicRef" referenceFrame="rotArmHydraulicRef" isActiveDirty="true" maxUpdateDistance="150">
                <translatingPart node="rotArmHydraulicPunch" />
            </movingPart>
            <movingPart node="sliderArm01" localReferencePoint="sliderArm02" referencePoint="sliderArm02Ref" referenceFrame="sliderArm01RefFrame" isActiveDirty="true" maxUpdateDistance="150">
                <dependentPart node="sliderArm02" />
            </movingPart>
            <movingPart node="sliderArm02" referencePoint="sliderArm02Ref" referenceFrame="sliderArm02Ref" />

            <movingPart node="effectSlurry01" referenceFrame="harness_main_component1" isActiveDirty="true" maxUpdateDistance="75"/>
            <movingPart node="effectSlurry02" referenceFrame="harness_main_component1" isActiveDirty="true" maxUpdateDistance="75"/>
            <movingPart node="effectSlurry03" referenceFrame="harness_main_component1" isActiveDirty="true" maxUpdateDistance="75"/>
            <movingPart node="effectSlurry04" referenceFrame="harness_main_component1" isActiveDirty="true" maxUpdateDistance="75"/>
            <movingPart node="effectSlurry05" referenceFrame="harness_main_component1" isActiveDirty="true" maxUpdateDistance="75"/>
            <movingPart node="effectSlurry06" referenceFrame="harness_main_component1" isActiveDirty="true" maxUpdateDistance="75"/>
            <movingPart node="effectSlurry07" referenceFrame="harness_main_component1" isActiveDirty="true" maxUpdateDistance="75"/>
            <movingPart node="effectSlurry08" referenceFrame="harness_main_component1" isActiveDirty="true" maxUpdateDistance="75"/>
            <movingPart node="effectSlurry09" referenceFrame="harness_main_component1" isActiveDirty="true" maxUpdateDistance="75"/>
        </movingParts>
    </cylindered>

    <groundAdjustedNodes>
        <groundAdjustedNode node="leftArmHoseArm01Adjust" yOffset="0" minY="0" maxY="0.3" moveSpeed="1">
            <foldable minLimit="0" maxLimit="0.1" />
            <raycastNode node="leftArmHoseArm01Raycast" />
        </groundAdjustedNode>
        <groundAdjustedNode node="leftArmHoseArm02Adjust" yOffset="0" minY="0" maxY="0.3" moveSpeed="1">
            <foldable minLimit="0" maxLimit="0.1" />
            <raycastNode node="leftArmHoseArm02Raycast" />
        </groundAdjustedNode>
        <groundAdjustedNode node="leftArmHoseArm03Adjust" yOffset="0" minY="0" maxY="0.3" moveSpeed="1">
            <foldable minLimit="0" maxLimit="0.1" />
            <raycastNode node="leftArmHoseArm03Raycast" />
        </groundAdjustedNode>
        <groundAdjustedNode node="leftArmHoseArm04Adjust" yOffset="0" minY="0" maxY="0.3" moveSpeed="1">
            <foldable minLimit="0" maxLimit="0.1" />
            <raycastNode node="leftArmHoseArm04Raycast" />
        </groundAdjustedNode>
        <groundAdjustedNode node="leftArmHoseArm05Adjust" yOffset="0" minY="0" maxY="0.3" moveSpeed="1">
            <foldable minLimit="0" maxLimit="0.1" />
            <raycastNode node="leftArmHoseArm05Raycast" />
        </groundAdjustedNode>
        <groundAdjustedNode node="rightArmHoseArm01Adjust" yOffset="0" minY="0" maxY="0.3" moveSpeed="1">
            <foldable minLimit="0" maxLimit="0.1" />
            <raycastNode node="rightArmHoseArm01Raycast" />
        </groundAdjustedNode>
        <groundAdjustedNode node="rightArmHoseArm02Adjust" yOffset="0" minY="0" maxY="0.3" moveSpeed="1">
            <foldable minLimit="-0.05" maxLimit="0.1" />
            <raycastNode node="rightArmHoseArm02Raycast" />
        </groundAdjustedNode>
        <groundAdjustedNode node="rightArmHoseArm03Adjust" yOffset="0" minY="0" maxY="0.3" moveSpeed="1">
            <foldable minLimit="-0.05" maxLimit="0.1" />
            <raycastNode node="rightArmHoseArm03Raycast" />
        </groundAdjustedNode>
        <groundAdjustedNode node="rightArmHoseArm04Adjust" yOffset="0" minY="0" maxY="0.3" moveSpeed="1">
            <foldable minLimit="-0.05" maxLimit="0.1" />
            <raycastNode node="rightArmHoseArm04Raycast" />
        </groundAdjustedNode>
    </groundAdjustedNodes>

    <fillUnit>
        <fillUnitConfigurations>
            <fillUnitConfiguration>
                <fillUnits>
                    <fillUnit shopDisplayUnit="CUBICMETER" fillTypeCategories="slurryTank" capacity="24500">
                        <exactFillRootNode node="exactFillRootNode" />
                        <dashboard displayType="ANIMATION" valueType="fillLevel" animName="fillLevelAnim"/>
                        <measurementNodes>
                            <measurementNode node="fillMeasurementNode" />
                        </measurementNodes>
                    </fillUnit>
                    <fillTrigger consumePtoPower="false" litersPerSecond="775"/>
                </fillUnits>
            </fillUnitConfiguration>
        </fillUnitConfigurations>
        <sounds>
            <fill template="SLURRY_01" />
        </sounds>
    </fillUnit>

    <fillTriggerVehicle triggerNode="fillTrigger" fillUnitIndex="1" litersPerSecond="775"/>

    <dischargeable requiresTipOcclusionArea="false">
        <dischargeNode node="dischargeNode" emptySpeed="775" fillUnitIndex="1" allowAIDischarge="true" canDischargeToGround="false">
            <info width="1.0" length="0.5" zOffset="0.4" />
            <trigger node="dischargeTrigger" />
            <dischargeSound template="SLURRY_01"/>
        </dischargeNode>
    </dischargeable>

    <sprayer activateOnLowering="true" >
        <usageScales workingWidth="12.5" scale="1" />
        <effects>
            <effectNode effectNode="effectSlurry01" materialType="slurry" delay="0" dynamicFillType="false"/>
            <effectNode effectNode="effectSlurry02" materialType="slurry" delay="0" dynamicFillType="false"/>
            <effectNode effectNode="effectSlurry03" materialType="slurry" delay="0" dynamicFillType="false"/>
            <effectNode effectNode="effectSlurry04" materialType="slurry" delay="0" dynamicFillType="false"/>
            <effectNode effectNode="effectSlurry05" materialType="slurry" delay="0" dynamicFillType="false"/>
            <effectNode effectNode="effectSlurry06" materialType="slurry" delay="0" dynamicFillType="false"/>
            <effectNode effectNode="effectSlurry07" materialType="slurry" delay="0" dynamicFillType="false"/>
            <effectNode effectNode="effectSlurry08" materialType="slurry" delay="0" dynamicFillType="false"/>
            <effectNode effectNode="effectSlurry09" materialType="slurry" delay="0" dynamicFillType="false"/>
        </effects>
        <sounds>
            <work template="DEFAULT_REFUEL_SOUND" linkNode="0>" pitchScale="0.5" volumeScale="1.1"/>
        </sounds>
    </sprayer>
	
    <turnOnVehicle turnOffIfNotAllowed="true">
        <activatableFillUnits>
            <activatableFillUnit index="1" />
        </activatableFillUnits>
        <sounds>
            <work template="SLURRY_03">
                <pitch indoor="0.75" outdoor="0.75" />
            </work>
        </sounds>
    </turnOnVehicle>

    <ai>
        <needsLowering value="true" />
        <areaMarkers leftNode="aiMarkerLeft" rightNode="aiMarkerRight" backNode="aiMarkerBack" />
        <collisionTrigger node="aiCollisionNode" width="15.3" height="3.55"/>
        <agentAttachment width="3.1" height="3.8" length="6.8" lengthOffset="2.75"/>
    </ai>

    <foliageBending>
        <bendingNode minX="-6.2" maxX="6.2" minZ="-1" maxZ="0" yOffset="-1.2" node="bendingNodeBackArm" />
        <bendingNode minX="-6.15" maxX="6.15" minZ="0.20" maxZ="2.5" yOffset="1.3" node="wsvsSlurry_main_component1" />		
    </foliageBending>

    <baseMaterial>
        <material name="tsa_mat" baseNode="tankParts">
            <shaderParameter name="colorMat0" value="ZUNHAMMER_RED2"/>
        </material>
        <material name="wsvsSpreader_mat" baseNode="harness">
            <shaderParameter name="colorMat0" value="SHARED_GREY2"/>
            <shaderParameter name="colorMat1" value="SHARED_GREY2"/>
        </material>
        <material name="glideFix15_mat" baseNode="glideFix15_vis">
            <shaderParameter name="colorMat0" value="SHARED_GREY2"/>
        </material>
    </baseMaterial>

    <baseMaterialConfigurations useDefaultColors="true" price="50" >
        <material name="tsa_mat" shaderParameter="colorMat0"/>
        <material name="wsvsSpreader_mat" shaderParameter="colorMat0"/>
        <material name="glideFix15_mat" shaderParameter="colorMat0"/>
		
        <baseMaterialConfiguration	name="Lizard %s" params="$l10n_ui_colorRed"			color="LIZARD_RED1"/>	
        <baseMaterialConfiguration	name="John Deere %s"  params="$l10n_ui_colorGreen"  color="JOHNDEERE_GREEN1" />
        <baseMaterialConfiguration	name="Lizard %s" params="$l10n_ui_colorGreenOlive"	color="LIZARD_OLIVE1"/>
        <baseMaterialConfiguration	name="Lizard %s" params="$l10n_ui_colorBlue"		color="LIZARD_BLUE1"/>
        <baseMaterialConfiguration	name="Lizard %s" params="$l10n_ui_colorBlueLight"	color="LIZARD_BLUE2"/>
        <baseMaterialConfiguration	name="Lizard %s" params="$l10n_ui_colorGrey"		color="LIZARD_BLUE3"/>
        <baseMaterialConfiguration	name="Lizard %s" params="$l10n_ui_colorBeige"		color="LIZARD_ECRU1"/>	
    </baseMaterialConfigurations>	
	
	<designMaterialConfigurations useDefaultColors="true" price="50" >
        <material name="wsvsSpreader_mat" shaderParameter="colorMat1" />
		
		<designMaterialConfiguration 	name="Lizard %s" params="$l10n_ui_colorWhite"		color="OXBO_WHITE1"/>
        <designMaterialConfiguration	name="Lizard %s" params="$l10n_ui_colorRed"			color="LIZARD_RED1"/>		
        <designMaterialConfiguration	name="John Deere %s"  params="$l10n_ui_colorGreen"  color="JOHNDEERE_GREEN1" />
        <designMaterialConfiguration	name="Lizard %s" params="$l10n_ui_colorGreenOlive"	color="LIZARD_OLIVE1"/>
        <designMaterialConfiguration	name="Lizard %s" params="$l10n_ui_colorBlue"		color="LIZARD_BLUE1"/>
        <designMaterialConfiguration	name="Lizard %s" params="$l10n_ui_colorBlueLight"	color="LIZARD_BLUE2"/>
        <designMaterialConfiguration	name="Lizard %s" params="$l10n_ui_colorGrey"		color="LIZARD_BLUE3"/>
        <designMaterialConfiguration	name="Lizard %s" params="$l10n_ui_colorBeige"		color="LIZARD_ECRU1"/>
    </designMaterialConfigurations>

    <wearable wearDuration="480" workMultiplier="5" fieldMultiplier="2"/>
    <washable dirtDuration="90" washDuration="1" workMultiplier="4" fieldMultiplier="2"/>

	<i3dMappings>
		<i3dMapping id="wsvsSlurry_main_component1" node="0>" />  
		<i3dMapping id="harnessManureHoseConnector" node="0>0|0|3|0" />
  
		<i3dMapping id="attacherJoint" node="0>0|0|0" />
		<i3dMapping id="attacherJoint02" node="0>0|0|0|0" />  
		<i3dMapping id="leftFrontSupports" node="0>0|0|2|0" />
		<i3dMapping id="supportFoot01" node="0>0|0|2|0|0|0" />
		<i3dMapping id="supportCol01" node="0>0|0|2|0|0|1" />
		<i3dMapping id="rightFrontSupports" node="0>0|0|2|1" />
		<i3dMapping id="supportFoot03" node="0>0|0|2|1|0|0" />
		<i3dMapping id="supportCol03" node="0>0|0|2|1|0|1" />
		<i3dMapping id="leftRearSupports" node="0>0|0|2|2" />
		<i3dMapping id="supportFoot02" node="0>0|0|2|2|0|0" />
		<i3dMapping id="supportCol02" node="0>0|0|2|2|0|1" />
		<i3dMapping id="rightRearSupports" node="0>0|0|2|3" />
		<i3dMapping id="supportFoot04" node="0>0|0|2|3|0|0" />
		<i3dMapping id="supportCol04" node="0>0|0|2|3|0|1" />
		<i3dMapping id="hydraulicIn01Bottom2Frame" node="0>0|0|3|1" />
		<i3dMapping id="hydraulicIn01Bottom2FrameHose" node="0>0|0|3|1|0" />
		<i3dMapping id="hydraulicOut01Bottom2Frame" node="0>0|0|3|2" />
		<i3dMapping id="hydraulicOut01Bottom2FrameHose" node="0>0|0|3|2|0" />
		<i3dMapping id="hydraulicIn02Bottom2Frame" node="0>0|0|3|3" />
		<i3dMapping id="hydraulicIn02Bottom2FrameHose" node="0>0|0|3|3|0" />
		<i3dMapping id="hydraulicOut02Bottom2Frame" node="0>0|0|3|4" />
		<i3dMapping id="hydraulicOut02Bottom2FrameHose" node="0>0|0|3|4|0" />
		<i3dMapping id="glideFix15_vis" node="0>0|1" />
		<i3dMapping id="wandManureHoseConnector" node="0>0|1|0" />
		<i3dMapping id="backArmHydraulicRefFrame" node="0>0|1|2|0|0" />
		<i3dMapping id="backArmParent" node="0>0|1|2|0|1" />
		<i3dMapping id="leftArmHydraulic" node="0>0|1|2|0|1|0|0" />
		<i3dMapping id="rightArmHydraulic" node="0>0|1|2|0|1|0|1" />
		<i3dMapping id="rightArmHydraulicPunch" node="0>0|1|2|0|1|0|1|0" />
		<i3dMapping id="leftArm" node="0>0|1|2|0|1|0|2|0" />
		<i3dMapping id="leftArmHydraulicRef" node="0>0|1|2|0|1|0|2|0|0|0" />
		<i3dMapping id="leftArmHoseArm01Raycast" node="0>0|1|2|0|1|0|2|0|0|13|0|0" />
		<i3dMapping id="leftArmHoseArm01Adjust" node="0>0|1|2|0|1|0|2|0|0|13|0|1" />
		<i3dMapping id="effectSlurry01" node="0>0|1|2|0|1|0|2|0|0|13|0|1|0" />
		<i3dMapping id="leftArmHoseArm02Raycast" node="0>0|1|2|0|1|0|2|0|0|13|1|0" />
		<i3dMapping id="leftArmHoseArm02Adjust" node="0>0|1|2|0|1|0|2|0|0|13|1|1" />
		<i3dMapping id="effectSlurry02" node="0>0|1|2|0|1|0|2|0|0|13|1|1|0" />
		<i3dMapping id="leftArmHoseArm03Raycast" node="0>0|1|2|0|1|0|2|0|0|13|2|0" />
		<i3dMapping id="leftArmHoseArm03Adjust" node="0>0|1|2|0|1|0|2|0|0|13|2|1" />
		<i3dMapping id="effectSlurry03" node="0>0|1|2|0|1|0|2|0|0|13|2|1|0" />
		<i3dMapping id="leftArmHoseArm04Raycast" node="0>0|1|2|0|1|0|2|0|0|13|3|0" />
		<i3dMapping id="leftArmHoseArm04Adjust" node="0>0|1|2|0|1|0|2|0|0|13|3|1" />
		<i3dMapping id="effectSlurry04" node="0>0|1|2|0|1|0|2|0|0|13|3|1|0" />
		<i3dMapping id="bendingNodeLeftArm" node="0>0|1|2|0|1|0|2|0|0|16" />
		<i3dMapping id="rightArm" node="0>0|1|2|0|1|0|3|0" />
		<i3dMapping id="rightArmHydraulicRef" node="0>0|1|2|0|1|0|3|0|0|0" />
		<i3dMapping id="rightArmHoseArm01Raycast" node="0>0|1|2|0|1|0|3|0|0|13|0|0" />
		<i3dMapping id="rightArmHoseArm01Adjust" node="0>0|1|2|0|1|0|3|0|0|13|0|1" />
		<i3dMapping id="effectSlurry06" node="0>0|1|2|0|1|0|3|0|0|13|0|1|1" />
		<i3dMapping id="rightArmHoseArm02Raycast" node="0>0|1|2|0|1|0|3|0|0|13|1|0" />
		<i3dMapping id="rightArmHoseArm02Adjust" node="0>0|1|2|0|1|0|3|0|0|13|1|1" />
		<i3dMapping id="effectSlurry07" node="0>0|1|2|0|1|0|3|0|0|13|1|1|1" />
		<i3dMapping id="rightArmHoseArm03Raycast" node="0>0|1|2|0|1|0|3|0|0|13|2|0" />
		<i3dMapping id="rightArmHoseArm03Adjust" node="0>0|1|2|0|1|0|3|0|0|13|2|1" />
		<i3dMapping id="effectSlurry08" node="0>0|1|2|0|1|0|3|0|0|13|2|1|1" />
		<i3dMapping id="rightArmHoseArm04Raycast" node="0>0|1|2|0|1|0|3|0|0|13|3|0" />
		<i3dMapping id="rightArmHoseArm04Adjust" node="0>0|1|2|0|1|0|3|0|0|13|3|1" />
		<i3dMapping id="effectSlurry09" node="0>0|1|2|0|1|0|3|0|0|13|3|1|1" />
		<i3dMapping id="bendingNodeRightArm" node="0>0|1|2|0|1|0|3|0|1" />
		<i3dMapping id="backArmHydraulicRef" node="0>0|1|2|0|1|0|4" />
		<i3dMapping id="groundReferenceNode" node="0>0|1|2|0|1|0|5|0" />
		<i3dMapping id="leftArmHoseArm05Raycast" node="0>0|1|2|0|1|0|6|0|0" />
		<i3dMapping id="leftArmHoseArm05Adjust" node="0>0|1|2|0|1|0|6|0|1" />
		<i3dMapping id="effectSlurry05" node="0>0|1|2|0|1|0|6|0|1|1" />
		<i3dMapping id="bendingNodeBackArm" node="0>0|1|2|0|1|0|8" />
		<i3dMapping id="hydraulicIn01Wand" node="0>0|1|2|0|1|0|10|0" />
		<i3dMapping id="hydraulicOut01Wand" node="0>0|1|2|0|1|0|10|1" />
		<i3dMapping id="hydraulicIn02Wand" node="0>0|1|2|0|1|0|10|2" />
		<i3dMapping id="hydraulicOut02Wand" node="0>0|1|2|0|1|0|10|3" />
		<i3dMapping id="backArm2HydroOut" node="0>0|1|2|0|1|0|10|4" />
		<i3dMapping id="backArmHydraulic" node="0>0|1|2|0|2" />
		<i3dMapping id="backArmHydraulicPunch" node="0>0|1|2|0|2|1" />
		<i3dMapping id="backArmHydraulicOut" node="0>0|1|2|0|2|2" />
		<i3dMapping id="rotArmHydraulicRef" node="0>0|1|2|0|3" />
		<i3dMapping id="rotArmHydraulic" node="0>0|1|2|1" />
		<i3dMapping id="rotArmHydraulicPunch" node="0>0|1|2|1|0" />
		<i3dMapping id="slider" node="0>0|1|2|2" />
		<i3dMapping id="sliderArm02Ref" node="0>0|1|2|2|0" />
		<i3dMapping id="sliderArm01RefFrame" node="0>0|1|2|3" />
		<i3dMapping id="sliderArm01" node="0>0|1|2|4" />
		<i3dMapping id="sliderArm02" node="0>0|1|2|4|1" />
		<i3dMapping id="hydraulicIn01Wand2Bottomb" node="0>0|1|5|0|0" />
		<i3dMapping id="hydraulicOut01Wand2Bottomb" node="0>0|1|5|0|1" />
		<i3dMapping id="hydraulicIn02Wand2Bottomb" node="0>0|1|5|0|2" />
		<i3dMapping id="hydraulicOut02Wand2Bottomb" node="0>0|1|5|0|3" />
		<i3dMapping id="hydraulicIn01Wand2Bottomf" node="0>0|1|5|0|4" />
		<i3dMapping id="hydraulicIn01Wand2BottomfAdaptor" node="0>0|1|5|0|4|0" />
		<i3dMapping id="hydraulicOut01Wand2Bottomf" node="0>0|1|5|0|5" />
		<i3dMapping id="hydraulicOut01Wand2BottomfAdaptor" node="0>0|1|5|0|5|0" />
		<i3dMapping id="hydraulicIn02Wand2Bottomf" node="0>0|1|5|0|6" />
		<i3dMapping id="hydraulicIn02Wand2BottomfAdaptor" node="0>0|1|5|0|6|0" />
		<i3dMapping id="hydraulicOut02Wand2Bottomf" node="0>0|1|5|0|7" />
		<i3dMapping id="hydraulicOut02Wand2BottomfAdaptor" node="0>0|1|5|0|7|0" />
		<i3dMapping id="dischargeNode" node="0>0|2|0" />
		<i3dMapping id="exactFillRootNode" node="0>0|2|1" />
		<i3dMapping id="dischargeTrigger" node="0>0|2|2" />
		<i3dMapping id="fillTrigger" node="0>0|2|3" />
        <i3dMapping id="measurementArm" node="0>0|2|4|0" />
        <i3dMapping id="fillMeasurementNode" node="0>0|2|4|1" />
		<i3dMapping id="aiMarkerLeft" node="0>0|4|0" />
		<i3dMapping id="aiMarkerRight" node="0>0|4|1" />
		<i3dMapping id="aiMarkerBack" node="0>0|4|2" />
		<i3dMapping id="aiCollisionNode" node="0>0|4|3" />  
        <i3dMapping id="harness" node="0>0|5|0" />
        <i3dMapping id="tankParts" node="0>0|5|3" />  
		<i3dMapping id="harness_main_component1" node="0>" />
		<i3dMapping id="workAreaStart" node="0>0|3|0" />
		<i3dMapping id="workAreaWidth" node="0>0|3|1" />
		<i3dMapping id="workAreaHeight" node="0>0|3|2" />  
		<i3dMapping id="dummyConnection01" node="0>0|6|0" />
		<i3dMapping id="dummyConnection02" node="0>0|6|1" />
		<i3dMapping id="dummyConnection03" node="0>0|6|2" />
		<i3dMapping id="dummyConnection04" node="0>0|6|3" />
		<i3dMapping id="dummyConnection05" node="0>0|6|4" />
		<i3dMapping id="dummyConnection06" node="0>0|6|5" />
		<i3dMapping id="dummyConnection07" node="0>0|6|6" />
		<i3dMapping id="dummyConnection08" node="0>0|6|7" />
		<i3dMapping id="dummyConnection09" node="0>0|6|8" />
		<i3dMapping id="dummyConnection10" node="0>0|6|9" />  
		<i3dMapping id="powerswitchNode" node="0>0|6|10|0" />
		<i3dMapping id="redRound_01" node="0>0|6|10|1" />
		<i3dMapping id="whiteRound_01" node="0>0|6|10|2" />
		<i3dMapping id="yellowRound_01" node="0>0|6|10|3" />
	</i3dMappings>
</vehicle>
