<?xml version="1.0" encoding="utf-8" standalone="no" ?>
<crawler>
    <file name="wheels/crawlers/JE_crawler_rear.i3d" leftNode="0|1" rightNode="0|0"/>
    <scrollerNodes>
        <scrollerNode node="0" scrollSpeed="0.148" scrollLength="6.76" shaderParameterName="offsetUV" shaderParameterComponent="1"/>
    </scrollerNodes>
    <rotatingParts>
        <rotatingPart node="1" radius="0.578" />
        <rotatingPart node="2" radius="0.331" />
        <rotatingPart node="3" radius="0.331" />
        <rotatingPart node="4" radius="0.171" />
        <rotatingPart node="5" radius="0.171" />
        <rotatingPart node="6" radius="0.171" />
    </rotatingParts>
	<rimColorNodes>
        <rimColorNode node="1" shaderParameter="colorMat0"/>
        <rimColorNode node="2" shaderParameter="colorMat0"/>
        <rimColorNode node="3" shaderParameter="colorMat0"/>
        <rimColorNode node="4" shaderParameter="colorMat0"/>
        <rimColorNode node="5" shaderParameter="colorMat0"/>
        <rimColorNode node="6" shaderParameter="colorMat0"/>
    </rimColorNodes>
</crawler>