﻿<?xml version="1.0" encoding="utf-8" standalone="no" ?>
<modDesc descVersion="63">
	<author>KR-Softwares</author>	
    <version>1.0.0.0</version>    
	<title>
        <en>Horsehelper</en>
        <de>Pferdehelfer</de>
    </title>    
    <description>
        <en><![CDATA[Don't feel like going for a horse ride any more? This helper will do the job for you!]]></en>		
        <de><![CDATA[Keine Lust mehr auf das ausreiten der Pferde? Dieser Helfer nimmt dir diese Aufgabe ab!]]></de>	
    </description>
	<iconFilename>FSSE_HorseHelper.dds</iconFilename>
    <multiplayer supported="true"/>	
	<extraSourceFiles>	
		<sourceFile filename="FSSE_HorseHelper.lua" /> 
	</extraSourceFiles>
</modDesc>