﻿<?xml version="1.0" encoding="utf-8" standalone="no" ?>
<modDesc descVersion="63">
    <author>Homealone / Moosey</author>
    <version>1.0.6.1</version>
	    <title>
        <en>BigX1100Cargo</en>
    </title>
  
    <description>
<en>
 <![CDATA[Krone BigX 1100 Cargo
 Power 1156 hp
 Selectable Capacity 
 Selectable wheels
 Selectable wheel brand
 Selectable license plate
  Version 1.0.6.1
Fixed light  on SILAGE_ADDITIVE Tank
(By Homealone)

 Version 1.0.6.0
 
 add collisions to the trailer
 (By Homealone)
 Version 1.0.5.0
 
 Added hydraulic steering cylinders
 added SILAGE_ADDITIVE Tank
 added Rim callers
 (By Homealone)
 
 Version 1.0.4.6
 
small fixes
Pipe out can no longer fold the machine  
the helper end of field turn smoother
(By Homealone)
 
 Version 1.0.4.5
 made TestRunner_public error free
 change location license plate
 add rim option vredestein wheel
 add crawlers vredestein 
 cleared warnings
 removed obsolite files
 tailer slightly moved back
 nice job Moosey
 (By Homealone)
 
 version 1.0.4.4
 Fixed inadvertent tracking to the left.
 Added "truck" horn sound.
 (By Moosey)
 
 version 1.0.4.3
 Increased silage additive capacity from 20L to 60L for all configurations.
 (By Moosey)
 
 version 1.0.4.2
 Tweaked cab height and wheel position to better see header snout.
 Fixed silage additive showing up in cargo box capacity.
 (By Moosey)
 
 version 1.0.4.1
 Tweaked Trelleborg Duals, were too low to the ground.
 500k and 600k capacities now have mass updtae disabled.
 (By Moosey)
 
 version 1.0.4.0
 Added cargo box capacity configurations. 60k 80k 100k 500k 600k.
 (By Moosey)
 
 version 1.0.3.3
 Tweaked pipe unfolding sounds.
 (By Moosey)
 
 version 1.0.3.2
 Tweaked unfolding sounds volumes. Added metal clanking sounds to end positions of box vertical movement
 and end positions of box rotation.
 (By Moosey)
 
 version 1.0.3.1
 Added hydraulic and metal clanking sounds to the cargo box 3 position rotation function.
 (By Moosey)
 
 version 1.0.3.0
 Added animations to rotate the cargo box to 3 positions while loaded. Left, right and back. Lctl+G & Lctrl+H
 Thanks to HoFFi for the script.
 (By Moosey) 
 
 version 1.0.2.1
 add crawlers
 increase the bunker content
 cabin up and over separately, thanks HoFFi for the script Toggle Animations 
 
 version 1.0.1.0
 enabled  multiplayer
 wheel options added 
 
 version 1.0.0.1
 fix some warnings
 add crabSteering
 
 Version 1.0.0.0
 Krone Big X1100 Cargo is based on the ingame Krone BigX 1100 with converted cargo from Fs19 is still a Beta.
 if there is someone who can do improvement , please do.
]]>
</en>
 </description>

    <iconFilename>Icon_BigX1100Cargo.dds</iconFilename>
	 <multiplayer supported="true"/>
	
		
	<specializations>
        <specialization name="toggleAnimation"		className="toggleAnimation"	filename="data/toggleAnimation.lua"/>
    </specializations>
	
	<vehicleTypes>
		<type name="BigxCargo" className="Vehicle" filename="$dataS/scripts/vehicles/Vehicle.lua"  parent="combineDrivable">
			<specialization name="toggleAnimation" />
		</type>
	</vehicleTypes>
	
	
	<actions>
		<action name="TA_amim1" category="VEHICLE" axisType="HALF"/>
		<!--action name="TA_amim2" category="VEHICLE" axisType="HALF"/-->
		<action name="TA_amim3" category="VEHICLE" axisType="HALF"/>
		<action name="TA_amim4" category="VEHICLE" axisType="HALF"/>
		<!--<action name="TA_amim5" category="VEHICLE" axisType="HALF"/>
		<action name="TA_amim6" category="VEHICLE" axisType="HALF"/>
		<action name="TA_amim7" category="VEHICLE" axisType="HALF"/>
		<action name="TA_amim8" category="VEHICLE" axisType="HALF"/>
		<action name="TA_amim9" category="VEHICLE" axisType="HALF"/>
		<action name="TA_amim10" category="VEHICLE" axisType="HALF"/> -->
	</actions>
	
	<!-- here you change the button to use -->
	<inputBinding>
		<actionBinding action="TA_amim1">
			<binding device="KB_MOUSE_DEFAULT" input="KEY_lctrl KEY_a" axisComponent="+" neutralInput="0" index="1"/>
		</actionBinding>
		<!--actionBinding action="TA_amim2">
			<binding device="KB_MOUSE_DEFAULT" input="KEY_lctrl KEY_y" axisComponent="+" neutralInput="0" index="1"/>
		</actionBinding-->
		<actionBinding action="TA_amim3">
			<binding device="KB_MOUSE_DEFAULT" input="KEY_lctrl KEY_g" axisComponent="+" neutralInput="0" index="1"/>
		</actionBinding>
		<actionBinding action="TA_amim4">
			<binding device="KB_MOUSE_DEFAULT" input="KEY_lctrl KEY_h" axisComponent="+" neutralInput="0" index="1"/>
		</actionBinding>
		<!--<actionBinding action="TA_amim5">
			<binding device="KB_MOUSE_DEFAULT" input="KEY_lctrl KEY_t" axisComponent="+" neutralInput="0" index="1"/>
		</actionBinding>
		<actionBinding action="TA_amim6">
			<binding device="KB_MOUSE_DEFAULT" input="KEY_lctrl KEY_b" axisComponent="+" neutralInput="0" index="1"/>
		</actionBinding>
		<actionBinding action="TA_amim7">
			<binding device="KB_MOUSE_DEFAULT" input="KEY_lctrl KEY_c" axisComponent="+" neutralInput="0" index="1"/>
		</actionBinding>
		<actionBinding action="TA_amim8">
			<binding device="KB_MOUSE_DEFAULT" input="KEY_lctrl KEY_d" axisComponent="+" neutralInput="0" index="1"/>
		</actionBinding>
		<actionBinding action="TA_amim9">
			<binding device="KB_MOUSE_DEFAULT" input="KEY_lctrl KEY_e" axisComponent="+" neutralInput="0" index="1"/>
		</actionBinding>
		<actionBinding action="TA_amim10">
			<binding device="KB_MOUSE_DEFAULT" input="KEY_lctrl KEY_f" axisComponent="+" neutralInput="0" index="1"/>
		</actionBinding>  -->
	</inputBinding>
	
	<l10n>
		<text name="input_TA_amim1">
			<en>Cabin up/down</en>
			<de>Kabine oben/unten</de>
			<nl>Cabine omhoog/omlaag</nl>
			<fr>Cabine haut/bas</fr>
		</text>
		<!--text name="input_TA_amim2">
			<en>none</en>
			<de>none</de>
		</text-->
		<text name="input_TA_amim3">
			<en>Rot Left</en>
			<de>Rot Left</de>
		</text>
		<text name="input_TA_amim4">
			<en>Rot Right</en>
			<de>Rot Right</de>
		</text>
		<!--<text name="input_TA_amim5">
			<en>Description of action</en>
			<de>Beschreibung der Aktion</de>
		</text>
		<text name="input_TA_amim6">
			<en>Description of action</en>
			<de>Beschreibung der Aktion</de>
		</text>
		<text name="input_TA_amim7">
			<en>Description of action</en>
			<de>Beschreibung der Aktion</de>
		</text>
		<text name="input_TA_amim8">
			<en>Description of action</en>
			<de>Beschreibung der Aktion</de>
		</text>
		<text name="input_TA_amim9">
			<en>Description of action</en>
			<de>Beschreibung der Aktion</de>
		</text>
		<text name="input_TA_amim10">
			<en>Description of action</en>
			<de>Beschreibung der Aktion</de>
		</text> -->
	</l10n>
			
    <storeItems>
        <storeItem xmlFilename="bigX1180.xml"/>
    </storeItems>
</modDesc>
