<?xml version="1.0" encoding="utf-8" standalone="no" ?>
<vehicle type="pallet" xmlns:xsi="http://www.w3.org/2001/XMLSchema-instance" xsi:noNamespaceSchemaLocation="../../../../shared/xml/schema/vehicle.xsd">
    <storeData>
        <name><en>Seed ProBox</en>
			  <de>ProBox Saatgut</de></name>
        <image>pallets/store.dds</image>
        <showInStore>false</showInStore>
		<allowLeasing>false</allowLeasing>
		<canBeSold>false</canBeSold>
        <brand>PIONEER</brand>
        <category>pallets</category>
        <financeCategory>PURCHASE_SEEDS</financeCategory>
        <vertexBufferMemoryUsage>1147392</vertexBufferMemoryUsage>
        <indexBufferMemoryUsage>149248</indexBufferMemoryUsage>
        <textureMemoryUsage>1835008</textureMemoryUsage>
        <audioMemoryUsage>0</audioMemoryUsage>
        <instanceVertexBufferMemoryUsage>0</instanceVertexBufferMemoryUsage>
        <instanceIndexBufferMemoryUsage>0</instanceIndexBufferMemoryUsage>
    </storeData>
	

    <base>
		<typeDesc>$l10n_typeDesc_pallet</typeDesc>
        <filename>pallets/ProBox.i3d</filename>
        <size width="1.6" length="1.6" height="1.2" />
        <input allowed="false"/>
        <canBeReset>false</canBeReset>
        <components>
            <component centerOfMass="0 0.1 0" solverIterationCount="10" mass="120"/>
        </components>
        <schemaOverlay attacherJointPosition="0 0" name="IMPLEMENT"/>
		<showInVehicleMenu>false</showInVehicleMenu>
        <mapHotspot available="false"/>
	</base>
	
	<fillUnit>
        <fillUnitConfigurations>
            <fillUnitConfiguration name="$l10n_configuration_valueDefault">
                <fillUnits removeVehicleIfEmpty="true">
                    <fillUnit unitTextOverride="$l10n_unit_literShort" fillTypes="wheat fertilizer oat lime pigFood roadSalt seeds" capacity="1584" ignoreFillLimit="true">
                        <fillRootNode node="0>" />
                    </fillUnit>
                </fillUnits>
            </fillUnitConfiguration>
        </fillUnitConfigurations>
    </fillUnit>
	
	<fillVolume>
        <fillVolumeConfigurations>
            <fillVolumeConfiguration>
                <volumes>
                    <volume node="fillVolume" fillUnitIndex="1"/>
                </volumes>
            </fillVolumeConfiguration>
        </fillVolumeConfigurations>
    </fillVolume>

    <dischargeable requiresTipOcclusionArea="false">
        <dischargeNode node="raycastNode" emptySpeed="200" fillUnitIndex="1" maxDistance="6" canStartDischargeAutomatically="true">
            <raycast useWorldNegYDirection="true" />
            <info width="0.4" length="0.4" />
            <activationTrigger node="dischargeActivationTrigger" />

            <effects>
                <effectNode effectClass="PipeEffect" effectNode="pipeEffect"  materialType="pipe"           delay="0"   maxBending="1"  positionUpdateNodes="smokeEffect"/>
                <effectNode                          effectNode="smokeEffect" materialType="unloadingSmoke" delay="0.1" alignToWorldY="true"/>
            </effects>
        </dischargeNode>
    </dischargeable>

    <fillTriggerVehicle triggerNode="fillTrigger" fillUnitIndex="1" litersPerSecond="200"/>

    <dynamicMount triggerNode="dynamicMountTrigger" />

    <tensionBeltObject>
        <meshNodes>
            <meshNode node="LAC_proBox_main"/>
        </meshNodes>
    </tensionBeltObject>

	<i3dMappings>
		<i3dMapping id="LAC_proBox_main" node="0>"/>
		<i3dMapping id="pipeEffect" node="0>1|0"/>
		<i3dMapping id="smokeEffect" node="0>1|1"/>
		<i3dMapping id="dischargeActivationTrigger" node="0>2|0"/>
		<i3dMapping id="fillTrigger" node="0>2|1"/>
		<i3dMapping id="exactFillRootNode" node="0>2|2"/>
		<i3dMapping id="raycastNode" node="0>2|3"/>
		<i3dMapping id="dynamicMountTrigger" node="0>5"/>
		<i3dMapping id="fillVolume" node="0>2|4"/>
	</i3dMappings>
</vehicle>
