﻿<?xml version="1.0" encoding="utf-8" standalone="no" ?>
<modDesc descVersion="63">
    <author>OmaTana</author>
    <version>1.1.0.1</version>
	<iconFilename>modIcon.dds</iconFilename>
    <title>
        <en>Silos Multi Fruit</en>
        <de>Silo Multifrucht</de>
    </title>
    <description>
<en><![CDATA[Wooden farm silos for multiple fruit types.
Here you can't only store wheat, potatoes or hay, but nearly everything you want to store on a farm.

Capacity: 700,000,000 Liter
Price per silo: 30,000 $

Changelog 1.1.0.1:
- The silos are recognized by the AI-helpers and can be used for load and deliver.
]]>
</en>
<de><![CDATA[Farm-Silos aus Holz für Multifrucht.
Hier passen nicht nur Getreide, Kartoffeln und Heu rein, sondern nahezu alles, was man auf einem Hof lagern will.

Kapazität: 700.000.000 Liter
Preis pro Silo: 30.000 €

Changelog 1.1.0.1:
- Die Silos werden jetzt auch von den AI-Helfern erkannt und können zum Laden und Liefern angefahren werden.

]]>
</de></description>
    <multiplayer supported="true"/>    
	
	<storeItems>
        <storeItem rootNode="placeable" xmlFilename="siloWoodBrown.xml"/>
        <storeItem rootNode="placeable" xmlFilename="siloWoodRed.xml"/>
        <storeItem rootNode="placeable" xmlFilename="siloWoodWhite.xml"/>
    </storeItems>




</modDesc>