<?xml version="1.0" encoding="utf-8" standalone="no" ?>
<modDesc descVersion="80">
    <author>Dogface, BDBSSB</author>
    <version>1.0.0.0</version>
    <title>
        <en>WSVS Sprayer</en>
		<de>WSVS Sprühgerät</de>
		<fr>WSVS Pulvérisateur</fr>
    </title>
    <description>
        <en>
            <![CDATA[This is the Sprayer module for the Lizard Wide-Span Vehicle System (WSVS). This implement operates like a standard Sprayer when attached to the WSVS tractor.  This Sprayer holds liquid fertilizer or herbicide. 

Wide span vehicle systems are a specialized type of farming vehicle that significantly exceeds the width of typical vehicles. The primary purpose behind using wide span vehicles in agriculture is to minimize soil damage caused by farm vehicles. 

Required mod: Wide Span Vehicle System

WSVS SP20
Price: 75,500 $
Working width: 40 m
Capacity: 19,800 liters]]>
</en>
        <de>
            <![CDATA[Dies ist das Sprühmodul für das Lizard Wide-Span-Fahrzeugsystem (WSVS). Dieses Implementierung arbeitet wie ein Standard -Sprühgerät, wenn er am WSVS -Traktor angebracht ist. Dieses Sprühgerät hält Flüssigkeitsdünger oder Herbizid.

Fahrzeugsysteme mit breiten Spannwaren sind eine spezielle Art von Landwirtschaftsfahrzeug, die die Breite typischer Fahrzeuge erheblich überschreitet. Der Hauptzweck für die Verwendung von Fahrzeugen in der Landwirtschaft, die die durch landwirtschaftliche Fahrzeuge verursachte Bodenschäden minimieren.

Erforderlicher Mod: Weitspannungsfahrzeugsystem

WSVS SP20
Preis: 75.500 €
Arbeitsbreite: 40 m
Kapazität: 19.800 Liter]]>
</de>
        <fr>
            <![CDATA[Il s'agit du module pulvérisateur du système de véhicules larges de Lézard (WSVS). Cet implémentation fonctionne comme un pulvérisateur standard lorsqu'il est attaché au tracteur WSVS. Ce pulvérisateur contient des engrais ou des herbicides liquides.

Les systèmes de véhicules à large portée sont un type spécialisé de véhicule agricole qui dépasse considérablement la largeur des véhicules typiques. Le principal objectif derrière l'utilisation de véhicules à large portée dans l'agriculture est de minimiser les dommages causés par le sol causés par les véhicules agricoles.

Mod requis: système de véhicules à large portée

WSVS SP20
Prix: 75 500 €
Largeur de travail: 40 m
Capacité: 19 800 litres]]>
</fr>
    </description>
    <iconFilename>icon_wsvsSprayer.dds</iconFilename>
    <multiplayer supported="true" />
    
    <dependencies>
        <dependency>FS22_wsvsTractorComDfBd</dependency>
    </dependencies>

    <storeItems>
        <storeItem xmlFilename="wsvsSprayer.xml" />
    </storeItems>
	
    <l10n>
        <text name="color_wsvs_tank_yellow">
            <en>WSVS Yellow</en>
            <de>WSVS Gelb</de>
            <fr>WSVS jaune</fr>
        </text>
        <text name="color_wsvs_tank_white">
            <en>WSVS White</en>
            <de>WSVS Weiß</de>
            <fr>WSVS blanc</fr>
        </text>
        <text name="color_wsvs_tank_green">
            <en>WSVS Green</en>
            <de>WSVS Grün</de>
            <fr>WSVS vert</fr>
        </text>
        <text name="title_main_tank">
            <en>Main Tank</en>
            <de>Haupttank</de>
            <fr>Réservoir principal</fr>
        </text>
        <text name="title_small_tank">
            <en>Small Tank</en>
            <de>Kleiner Panzer</de>
            <fr>Petit réservoir</fr>
        </text>
        <text name="title_spray_arm">
            <en>Spray Arm</en>
            <de>Sprüharm</de>
            <fr>Bras d'aspersion</fr>
        </text>
	</l10n>
</modDesc>
