﻿<?xml version="1.0" encoding="utf-8" standalone="no" ?>
<vehicle type="sprayer" xmlns:xsi="http://www.w3.org/2001/XMLSchema-instance" xsi:noNamespaceSchemaLocation="https://validation.gdn.giants-software.com/xml/fs22/vehicle.xsd">
    <annotation>Copyright (C) GIANTS Software GmbH, All Rights Reserved.</annotation>

    <storeData>
        <name>WSVS SP20</name>
        <functions>
            <function>$l10n_function_sprayer</function>
        </functions>
        <image>store_wsvsSprayer.png</image>
        <price>75500</price>
        <lifetime>600</lifetime>
        <rotation>0</rotation>
        <brand>LIZARD</brand>
        <category>sprayers</category>
        <shopTranslationOffset>0 0.292 0</shopTranslationOffset>
        <shopRotationOffset>1.179 0 0</shopRotationOffset>
		
        <vertexBufferMemoryUsage>6272256</vertexBufferMemoryUsage>
        <indexBufferMemoryUsage>974080</indexBufferMemoryUsage>
        <textureMemoryUsage>7471104</textureMemoryUsage>
        <audioMemoryUsage>0</audioMemoryUsage>
        <instanceVertexBufferMemoryUsage>0</instanceVertexBufferMemoryUsage>
        <instanceIndexBufferMemoryUsage>0</instanceIndexBufferMemoryUsage>
    </storeData>

    <base>
        <typeDesc>$l10n_typeDesc_sprayer</typeDesc>
        <filename>wsvsSprayer.i3d</filename>
        <size width="13.5" length="9" lengthOffset="0.3"/>
        <speedLimit value="12" />
        <components maxMass="10000">
            <component centerOfMass="0 1.25 1.5" solverIterationCount="10" mass="6520" />
        </components>
        <schemaOverlay attacherJointPosition="-2.5 0" name="IMPLEMENT" />
        <sounds volumeFactor="1.3" />
        <mapHotspot type="TOOL" />
    </base>

    <attachable>
        <inputAttacherJoints>
            <inputAttacherJoint node="attacherJoint" jointType="implement" lowerRotLimitScale="0 0 0" upperRotLimitScale="0 0 0" upperRotationOffset="0" lowerTransLimitScale="0 0 0" upperTransLimitScale="0 0 0">
                <distanceToGround lower="0.3" upper="0.9" />
            </inputAttacherJoint>
            <inputAttacherJoint node="attacherJoint02" jointType="frontloader" fixedRotation="true" allowFolding="false" allowTurnOn="false" canBeTurnedOn="false" allowAI="false" allowsLowering="false" >			
				<objectChange node="movingParts" visibilityActive="false" visibilityInactive="true"/>
				<objectChange node="skinnedMeshs" visibilityActive="false" visibilityInactive="true"/>				
				<objectChange node="wsvsSprayer_main_component1"  massActive="0" massInactive="6520" />		
				<objectChange node="movingParts"    translationActive="-0.05 0 0.77556521" translationInactive="-0.05 0 -1.85" />
			</inputAttacherJoint>
        </inputAttacherJoints>
        <support animationName="moveSupport" delayedOnAttach="false" detachAfterAnimation="false"/>
    </attachable>

    <dynamicallyLoadedParts>		
        <dynamicallyLoadedPart node="1|0" linkNode="dummyConnection01" filename="$data/shared/connectionHoses/connectors.i3d"/>
        <dynamicallyLoadedPart node="1|0" linkNode="dummyConnection02" filename="$data/shared/connectionHoses/connectors.i3d"/>
        <dynamicallyLoadedPart node="0|0" linkNode="dummyConnection03" filename="$data/shared/connectionHoses/connectors.i3d"/>
        <dynamicallyLoadedPart node="0|0" linkNode="dummyConnection04" filename="$data/shared/connectionHoses/connectors.i3d"/>
        <dynamicallyLoadedPart node="1|4" linkNode="dummyConnection05" filename="$data/shared/connectionHoses/connectors.i3d"/>
        <dynamicallyLoadedPart node="1|4" linkNode="dummyConnection06" filename="$data/shared/connectionHoses/connectors.i3d"/>
        <dynamicallyLoadedPart node="1|4" linkNode="dummyConnection07" filename="$data/shared/connectionHoses/connectors.i3d"/>
        <dynamicallyLoadedPart node="1|4" linkNode="dummyConnection08" filename="$data/shared/connectionHoses/connectors.i3d"/>
        <dynamicallyLoadedPart node="1|5" linkNode="dummyConnection09" filename="$data/shared/connectionHoses/connectors.i3d"/>
        <dynamicallyLoadedPart node="2|8" linkNode="dummyConnection10" filename="$data/shared/connectionHoses/connectors.i3d"/>
        <dynamicallyLoadedPart node="0"   linkNode="powerswitchNode"   filename="$data/shared/assets/lights/rudolfHormann/powerSwitch.i3d"/>
        <dynamicallyLoadedPart node="0"   linkNode="redRound_01"   		filename="$data/shared/assets/reflectors/lizard/redRound_01.i3d"/>
        <dynamicallyLoadedPart node="0"   linkNode="whiteRound_01"		filename="$data/shared/assets/reflectors/lizard/whiteRound_01.i3d"/>
        <dynamicallyLoadedPart node="0"   linkNode="yellowRound_01"		filename="$data/shared/assets/reflectors/lizard/yellowRound_01.i3d"/>
    </dynamicallyLoadedParts>

    <lights>
        <sharedLight linkNode="redTriangle_12" filename="$data/shared/assets/reflectors/lizard/whiteTriangle_01.xml" />
        <sharedLight linkNode="redTriangle_13" filename="$data/shared/assets/reflectors/lizard/whiteTriangle_01.xml" />
		
        <sharedLight linkNode="m40_workingLight09_01" lightTypes="1" filename="$data/shared/assets/lights/lizard/workingLight08.xml" />
        <sharedLight linkNode="m40_workingLight09_02" lightTypes="1" filename="$data/shared/assets/lights/lizard/workingLight08.xml" />
        <sharedLight linkNode="m40_workingLight09_03" lightTypes="1" filename="$data/shared/assets/lights/lizard/workingLight08.xml" />
        <sharedLight linkNode="m40_workingLight09_04" lightTypes="1" filename="$data/shared/assets/lights/lizard/workingLight08.xml" />
		
        <sharedLight linkNode="markerLightOrange01" lightTypes="0" filename="$data/shared/assets/lights/lizard/rearLight23Orange.xml" />
        <sharedLight linkNode="markerLightOrange02" lightTypes="0" filename="$data/shared/assets/lights/lizard/rearLight23Orange.xml" />

        <realLights>
            <high>
                <light node="m40_workLight01" lightTypes="1"/>
                <light node="m40_workLight02" lightTypes="1"/>
                <light node="m40_workLight03" lightTypes="1"/>
                <light node="m40_workLight04" lightTypes="1"/>
            </high>
        </realLights>
    </lights>

    <workAreas>
        <workArea type="sprayer" functionName="processSprayerArea" disableBackwards="false" requiresGroundContact="false">
            <area startNode="workAreaStart" widthNode="workAreaWidth" heightNode="workAreaHeight" />
            <onlyActiveWhenLowered value="false"/>
        </workArea>
    </workAreas>

    <foldable>
        <foldingConfigurations title="$l10n_shop_workingWidth">		
            <foldingConfiguration name="40m" price="0" workingWidth="40">
                <foldingParts startMoveDirection="1" turnOnFoldMaxLimit="0" turnOnFoldMinLimit="0">
                    <foldingPart animationName="folding40" speedScale="1" />
                </foldingParts>

                <objectChange node="boomRaycastLeftRot" translationActive="19.5 -1.2 0.037"/>
                <objectChange node="boomRaycastRightRot" translationActive="-19.5 -1.2 0.037"/>
                <objectChange node="m40" visibilityActive="true" visibilityInactive="false"/>
                <objectChange node="hoseConnectionSmall" visibilityActive="false"/>
                <objectChange node="hoseConnectionBig" visibilityActive="true"/>
                <objectChange node="effectCenterSmallRot" visibilityActive="false"/>
                <objectChange node="effectCenterBigRot" visibilityActive="true"/>
                <objectChange node="hoses40" visibilityActive="true" visibilityInactive="false"/>
                <objectChange node="colPart40_01" compoundChildActive="true" compoundChildInactive="false"/>
                <objectChange node="colPart40_02" compoundChildActive="true" compoundChildInactive="false"/>
                <objectChange node="colPart40_03" compoundChildActive="true" compoundChildInactive="false"/>
                <objectChange node="colPart40_04" compoundChildActive="true" compoundChildInactive="false"/>
                <objectChange node="colPart40_05" compoundChildActive="true" compoundChildInactive="false"/>
                <objectChange node="colPart40_06" compoundChildActive="true" compoundChildInactive="false"/>
            </foldingConfiguration>
        </foldingConfigurations>
    </foldable>

    <animations>		
        <animation name="folding40">
            <part node="mainArm"                    startTime="0" 	endTime="3"   	startRot="-20 0 0" 	endRot="0 0 0" />
			
            <part node="m40_leftArm04"              startTime="1.2" endTime="4.2"   startRot="0 0 0" 	endRot="0 0 179.9" />	<!-- arm 3+4 -->
            <part node="m40_leftArm03"              startTime="4.2" endTime="10.2"  startRot="0 0 0" 	endRot="0 0 176.6" />	<!-- arm 2 -->
            <part node="m40_leftArm02"              startTime="0" endTime="4.2"  	startRot="0 0 0" 	endRot="0 0 7.8" />		<!-- arm 1 tip up -->
            <part node="m40_leftArm01"              startTime="9.2" endTime="11.2"  startRot="0 0 0" 	endRot="0 -10 0" />		<!-- swing forward -->
			
            <part node="m40_rightArm04"             startTime="1" 	endTime="4"   	startRot="0 0 0" 	endRot="0 0 -179.9" />
            <part node="m40_rightArm03"             startTime="4" 	endTime="10"  	startRot="0 0 0" 	endRot="0 0 -176.6" />
            <part node="m40_rightArm02"             startTime="0" 	endTime="4"  	startRot="0 0 0" 	endRot="0 0 -7.8" />			
            <part node="m40_rightArm01"             startTime="9" 	endTime="11"  	startRot="0 0 0" 	endRot="0 10 0" />

            <sound template="hydraulicLayerTone"    startTime="10.2"  endTime="11.19" volumeScale="0.8" pitchScale="0.5"   fadeIn="0.1"  fadeOut="0.1"/>
            <sound template="hydraulicLayerTone"    startTime="10"    endTime="11"    volumeScale="0.8" pitchScale="0.7"   fadeIn="0.1"  fadeOut="0.1"/>
            <sound template="hydraulicLayerTone"    startTime="4.2"   endTime="10.19" volumeScale="0.8" pitchScale="0.8"   fadeIn="0.01" fadeOut="0.01"/>
            <sound template="hydraulicLayerTone"    startTime="4"     endTime="10"    volumeScale="0.7" pitchScale="1"     fadeIn="0.01" fadeOut="0.01"/>
            <sound template="defaultHydraulicSound" startTime="1"     endTime="4"     volumeScale="0.6" pitchScale="1"     fadeIn="0.1"  fadeOut="0.1" linkNode="m40_leftArm04Hydraulic"/>
            <sound template="defaultHydraulicSound" startTime="1.2"   endTime="4.2"   volumeScale="0.8" pitchScale="0.8"   fadeIn="0.1"  fadeOut="0.1" linkNode="m40_rightArm04Hydraulic"/>
            <sound template="sheetImp02"            startTime="10.19"                 volumeScale="2.5" pitchScale="0.7" />
            <sound template="sheetImp01"            startTime="10.19"                 volumeScale="1.1" pitchScale="0.8" />
            <sound template="clackVar4"             startTime="10"                    volumeScale="1.1" pitchScale="1.2" />
            <sound template="sheetImp02"            startTime="10"                    volumeScale="1.1" pitchScale="1.3" />
            <sound template="cylinderPunch"         startTime="10.19" direction="1"   volumeScale="0.4" pitchScale="1.8" />
            <sound template="clackVar6"             startTime="10.19" direction="1"   volumeScale="1"   pitchScale="0.8" />
            <sound template="clackVar6"             startTime="10"    direction="1"   volumeScale="0.8" pitchScale="1" />
            <sound template="cylinderPunch"         startTime="10"    direction="1"   volumeScale="0.3" pitchScale="1.5" />
            <sound template="sheetImp02"            startTime="1.2"   direction="-1"  volumeScale="0.3" pitchScale="2.5"   linkNode="m40_leftArm04Hydraulic"/>
            <sound template="clackVar6"             startTime="1.2"   direction="-1"  volumeScale="0.5" pitchScale="1.2"   linkNode="m40_leftArm04Hydraulic"/>
            <sound template="sheetImp01"            startTime="1.2"   direction="-1"  volumeScale="0.4" pitchScale="1.2"   linkNode="m40_leftArm04Hydraulic"/>
            <sound template="sheetImp01"            startTime="1"     direction="-1"  volumeScale="0.6" pitchScale="0.7"   linkNode="m40_rightArm04Hydraulic"/>
            <sound template="clackVar6"             startTime="1"     direction="-1"  volumeScale="0.4" pitchScale="1"     linkNode="m40_rightArm04Hydraulic"/>
            <sound template="sheetImp02"            startTime="1"     direction="-1"  volumeScale="0.5" pitchScale="1.5"   linkNode="m40_rightArm04Hydraulic"/>
            <sound template="sheetImp02"            startTime="4"     direction="-1"  volumeScale="0.3" pitchScale="2.5"   linkNode="m40_rightArm03Hydraulic"/>
            <sound template="clackVar6"             startTime="4"     direction="-1"  volumeScale="0.5" pitchScale="1.2"   linkNode="m40_rightArm03Hydraulic"/>
            <sound template="sheetImp01"            startTime="4"     direction="-1"  volumeScale="0.5" pitchScale="0.9"   linkNode="m40_rightArm03Hydraulic"/>
            <sound template="sheetImp01"            startTime="4.2"   direction="-1"  volumeScale="0.6" pitchScale="0.7"   linkNode="m40_leftArm03Hydraulic"/>
            <sound template="clackVar6"             startTime="4.2"   direction="-1"  volumeScale="0.4" pitchScale="1"     linkNode="m40_leftArm03Hydraulic"/>
            <sound template="sheetImp02"            startTime="4.2"   direction="-1"  volumeScale="0.5" pitchScale="1.5"   linkNode="m40_leftArm03Hydraulic"/>
            <sound template="sheetImp02"            startTime="4"     direction="1"   volumeScale="0.3" pitchScale="2.5"   linkNode="m40_rightArm04Hydraulic"/>
            <sound template="clackVar6"             startTime="4"     direction="1"   volumeScale="0.5" pitchScale="1.2"   linkNode="m40_rightArm04Hydraulic"/>
            <sound template="sheetImp01"            startTime="4"     direction="1"   volumeScale="0.5" pitchScale="0.9"   linkNode="m40_rightArm04Hydraulic"/>
            <sound template="sheetImp01"            startTime="4.2"   direction="1"   volumeScale="0.6" pitchScale="0.7"   linkNode="m40_leftArm04Hydraulic"/>
            <sound template="clackVar6"             startTime="4.2"   direction="1"   volumeScale="0.4" pitchScale="1"     linkNode="m40_leftArm04Hydraulic"/>
            <sound template="sheetImp02"            startTime="4.2"   direction="1"   volumeScale="0.5" pitchScale="1.5"   linkNode="m40_leftArm04Hydraulic"/>
            <sound template="clackVar6"             startTime="11.1"  direction="1"   volumeScale="1.2" pitchScale="0.8" />
            <sound template="sheetImp01"            startTime="11.1"  direction="1"   volumeScale="0.7" pitchScale="0.6" />
            <sound template="cylinderPunch"         startTime="11.1"  direction="1"   volumeScale="0.2" pitchScale="1.6" />
        </animation>		
		
        <animation name="moveSupport" soundVolumeFactor="2.4">			
            <part node="supportFoot01"		startTime="0" endTime="1" startTrans="0 0.9 0" endTrans="0 0 0" />
            <part node="supportFoot02"		startTime="0" endTime="1" startTrans="0 0.9 0" endTrans="0 0 0" />
            <part node="supportFoot03"		startTime="0" endTime="1" startTrans="0 0.9 0" endTrans="0 0 0" />
            <part node="supportFoot04"		startTime="0" endTime="1" startTrans="0 0.9 0" endTrans="0 0 0" />
			
            <part node="supportCol01"		startTime="0" endTime="0.2" startTrans="0 1.403 0.332" endTrans="0 0 0" />
            <part node="supportCol02"		startTime="0" endTime="0.2" startTrans="0 1.403 0.332" endTrans="0 0 0" />
            <part node="supportCol03"		startTime="0" endTime="0.2" startTrans="0 1.403 -0.849" endTrans="0 0 0" />
            <part node="supportCol04"		startTime="0" endTime="0.2" startTrans="0.868 1.403 -0.691" endTrans="0 0 0" />			
						
            <part node="leftFrontSupports"		startTime="0" endTime="0.02" visibility="false" />
            <part node="rightFrontSupports"		startTime="0" endTime="0.02" visibility="false" />
            <part node="leftRearSupports"		startTime="0" endTime="0.02" visibility="false" />
            <part node="rightRearSupports"		startTime="0" endTime="0.02" visibility="false" />			
            <part node="leftFrontSupports"		startTime="0.02" endTime="1.5" visibility="true" />
            <part node="rightFrontSupports"		startTime="0.02" endTime="1.5" visibility="true" />
            <part node="leftRearSupports"		startTime="0.02" endTime="1.5" visibility="true" />
            <part node="rightRearSupports"		startTime="0.02" endTime="1.5" visibility="true" />			
			
            <sound template="cylinderPunch"  startTime="0.8" direction="-1" volumeScale="0.6" pitchScale="1"/>
            <sound template="clackVar6"      startTime="0.8" direction="-1" volumeScale="1.2" pitchScale="0.6"/>
            <sound template="foldStartMed02" startTime="0.8" direction="-1" volumeScale="1.9" pitchScale="0.6"/>
            <sound template="latchSmall"     startTime="0.8" direction="-1" volumeScale="0.2" pitchScale="1.6"/>
        </animation>
    </animations>

    <cylindered>
        <movingTools>
            <movingTool node="mainArm" playSound="true" foldMinLimit="0" foldMaxLimit="0">
                <controls axis="AXIS_SPRAYER_ARM" invertAxis="false" mouseSpeedFactor="0.25" iconName="SPRAYER_ARM_TRANSLATE_Y" />
                <rotation rotSpeed="10" rotAcceleration="120" rotMax="0" rotMin="-55" startRot="0" rotationAxis="1"/>
                <dependentPart node="mainArmHydraulic" />
                <dependentPart node="mainArmPart" />
                <dependentPart node="backArm" />
            </movingTool>

            <movingTool node="m40_leftArm01" playSound="true">
                <dependentPart node="m40_leftArm01Part01Hydraulic" />
                <dependentPart node="m40_leftArm01Hydraulic" />
            </movingTool>
            <movingTool node="m40_leftArm02" playSound="true">
                <dependentPart node="m40_leftArm01Part01Hydraulic" />
            </movingTool>
            <movingTool node="m40_leftArm03" playSound="true">
                <dependentPart node="m40_leftArm03Arm01" />
                <dependentPart node="m40_leftArm03Hydraulic" />
            </movingTool>
            <movingTool node="m40_leftArm04" playSound="true">
                <dependentPart node="m40_leftArm04Arm01" />
                <dependentPart node="m40_leftArm04Hydraulic" />
            </movingTool>
            <movingTool node="m40_rightArm01" playSound="true">
                <dependentPart node="m40_rightArm01Part01Hydraulic" />
                <dependentPart node="m40_rightArm01Hydraulic" />
            </movingTool>
            <movingTool node="m40_rightArm02" playSound="true">
                <dependentPart node="m40_rightArm01Part01Hydraulic" />
            </movingTool>
            <movingTool node="m40_rightArm03" playSound="true">
                <dependentPart node="m40_rightArm03Arm01" />
                <dependentPart node="m40_rightArm03Hydraulic" />
            </movingTool>
            <movingTool node="m40_rightArm04" playSound="true">
                <dependentPart node="m40_rightArm04Arm01" />
                <dependentPart node="m40_rightArm04Hydraulic" />
            </movingTool>

            <movingTool node="boomAlignLeft">
                <dependentPart node="boomAlignCenterLeft" />
                <dependentPart node="boomAlignLeftRot" />
            </movingTool>
            <movingTool node="boomAlignRight">
                <dependentPart node="boomAlignCenterRight" />
                <dependentPart node="boomAlignLeftRot" />
            </movingTool>
            <movingTool node="boomAlignCenter">
                <dependentPart node="boomAlignCenterLeft" />
                <dependentPart node="boomAlignCenterRight" />
            </movingTool>
        </movingTools>

        <movingParts>
            <movingPart node="boomAlignCenterLeft" referencePoint="boomAlignCenterLeftRef" referenceFrame="boomAlignCenterLeftRef">
                <dependentPart node="m40_leftArm02Rot" />
            </movingPart>

            <movingPart node="m40_leftArm02Rot" referenceFrame="leftArm02Ref" foldMinLimit="0" foldMaxLimit="0"/>

            <movingPart node="boomAlignCenterRight" referencePoint="boomAlignCenterRightRef" referenceFrame="boomAlignCenterRightRef">
                <dependentPart node="m40_rightArm02Rot" />
            </movingPart>

            <movingPart node="m40_rightArm02Rot" referenceFrame="rightArm02Ref" foldMinLimit="0" foldMaxLimit="0"/>

            <movingPart node="mainArmHydraulic" referencePoint="mainArmHydraulicRef" referenceFrame="mainArmHydraulicRef" >
                <translatingPart node="mainArmHydraulicPunch" />
            </movingPart>
            <movingPart node="mainArmPart" referencePoint="mainArmPartRef" referenceFrame="mainArmPartRef"/>
            <movingPart node="backArm"  referenceFrame="mainArm" doDirectionAlignment="false" doRotationAlignment="true" rotMultiplier="-1"/>
			
            <movingPart node="m40_leftArm01Part01Hydraulic" referencePoint="m40_leftArm01Part01HydraulicRef" referenceFrame="m40_leftArm01Part01HydraulicRef" isActiveDirty="true" maxUpdateDistance="20">
              <translatingPart node="m40_leftArm01Part01HydraulicPunch" />
            </movingPart>
            <movingPart node="m40_rightArm01Part01Hydraulic" referencePoint="m40_rightArm01Part01HydraulicRef" referenceFrame="m40_rightArm01Part01HydraulicRef" isActiveDirty="true" maxUpdateDistance="20">
              <translatingPart node="m40_rightArm01Part01HydraulicPunch" />
            </movingPart>
            <movingPart node="m40_leftArm01Hydraulic" referencePoint="m40_leftArm01HydraulicRef" referenceFrame="m40_leftArm01HydraulicRef" >
                <translatingPart node="m40_leftArm01HydraulicPunch" />
            </movingPart>
            <movingPart node="m40_rightArm01Hydraulic" referencePoint="m40_rightArm01HydraulicRef" referenceFrame="m40_rightArm01HydraulicRef">
              <translatingPart node="m40_rightArm01HydraulicPunch" />
            </movingPart>
            <movingPart node="m40_leftArm03Arm01" localReferencePoint="m40_leftArm03Arm02" referencePoint="m40_leftArm03Arm02Ref" referenceFrame="m40_leftArm03Arm01RefFrame" limitedAxis="1">
                <dependentPart node="m40_leftArm03Arm02" />
            </movingPart>
            <movingPart node="m40_leftArm03Arm02" referencePoint="m40_leftArm03Arm02Ref" referenceFrame="m40_leftArm03Arm02RefFrame" limitedAxis="2"/>
            <movingPart node="m40_leftArm03Hydraulic" referencePoint="m40_leftArm03HydraulicRef" referenceFrame="m40_leftArm03HydraulicRef">
              <translatingPart node="m40_leftArm03HydraulicPunch" />
            </movingPart>
            <movingPart node="m40_leftArm04Arm01" localReferencePoint="m40_leftArm04Arm02" referencePoint="m40_leftArm04Arm02Ref" referenceFrame="m40_leftArm04Arm01RefFrame" limitedAxis="1">
                <dependentPart node="m40_leftArm04Arm02" />
            </movingPart>
            <movingPart node="m40_leftArm04Arm02" referencePoint="m40_leftArm04Arm02Ref" referenceFrame="m40_leftArm04Arm02RefFrame" limitedAxis="2"/>
            <movingPart node="m40_leftArm04Hydraulic" referencePoint="m40_leftArm04HydraulicRef" referenceFrame="m40_leftArm04HydraulicRef">
              <translatingPart node="m40_leftArm04HydraulicPunch" />
            </movingPart>
            <movingPart node="m40_rightArm03Arm01" localReferencePoint="m40_rightArm03Arm02" referencePoint="m40_rightArm03Arm02Ref" referenceFrame="m40_rightArm03Arm01RefFrame" limitedAxis="1">
                <dependentPart node="m40_rightArm03Arm02" />
            </movingPart>
            <movingPart node="m40_rightArm03Arm02" referencePoint="m40_rightArm03Arm02Ref" referenceFrame="m40_rightArm03Arm02RefFrame" limitedAxis="2"/>
            <movingPart node="m40_rightArm03Hydraulic" referencePoint="m40_rightArm03HydraulicRef" referenceFrame="m40_rightArm03HydraulicRef">
              <translatingPart node="m40_rightArm03HydraulicPunch" />
            </movingPart>
            <movingPart node="m40_rightArm04Arm01" localReferencePoint="m40_rightArm04Arm02" referencePoint="m40_rightArm04Arm02Ref" referenceFrame="m40_rightArm04Arm01RefFrame" limitedAxis="1">
                <dependentPart node="m40_rightArm04Arm02" />
            </movingPart>
            <movingPart node="m40_rightArm04Arm02" referencePoint="m40_rightArm04Arm02Ref" referenceFrame="m40_rightArm04Arm02RefFrame" limitedAxis="2"/>
            <movingPart node="m40_rightArm04Hydraulic" referencePoint="m40_rightArm04HydraulicRef" referenceFrame="m40_rightArm04HydraulicRef">
              <translatingPart node="m40_rightArm04HydraulicPunch" />
            </movingPart>
        </movingParts>
        <sounds>
            <actionSound template="hydraulicLayerTone2"  pitchScale="1.4" volumeScale="1"   linkNode="mainArm" actionNames="TOOL_MOVE_POS TOOL_MOVE_NEG"                     nodes="mainArm" fadeIn="0.1" fadeOut="0.1"/>
            <actionSound template="clackVar6"            pitchScale="0.8" volumeScale="1"   linkNode="mainArm" actionNames="TOOL_MOVE_END_NEG_LIMIT TOOL_MOVE_END_POS_LIMIT" nodes="mainArm"/>
            <actionSound template="cylinderPunch"        pitchScale="1.3" volumeScale="0.2" linkNode="mainArm" actionNames="TOOL_MOVE_END_NEG_LIMIT TOOL_MOVE_END_POS_LIMIT" nodes="mainArm"/>
            <actionSound template="sheetImp01"           pitchScale="0.6" volumeScale="0.9" linkNode="mainArm" actionNames="TOOL_MOVE_END_NEG_LIMIT TOOL_MOVE_END_POS_LIMIT" nodes="mainArm"/>
        </sounds>
    </cylindered>

    <fillUnit>
        <fillUnitConfigurations>
            <fillUnitConfiguration>
                <fillUnits>
					<unloading node="dischargeNode" width="18" />
                    <fillUnit unitTextOverride="$l10n_unit_literShort" fillTypeCategories="sprayer" capacity="19800">
                        <exactFillRootNode node="exactFillRootNode"/>
                    </fillUnit>
                </fillUnits>
            </fillUnitConfiguration>
        </fillUnitConfigurations>
    </fillUnit>
	
    <fillTriggerVehicle triggerNode="fillTrigger" fillUnitIndex="1" litersPerSecond="350"/>

    <dischargeable requiresTipOcclusionArea="false">
        <dischargeNode node="dischargeTrigger" emptySpeed="200" fillUnitIndex="1" allowAIDischarge="true">
            <info width="1.0" length="0.5" zOffset="0.4" />
            <trigger node="dischargeTrigger" />
        </dischargeNode>
    </dischargeable>

    <sprayer fillUnitIndex="1">
        <usageScales workAreaIndex="1" scale="1"/>
        <effects>
            <effectNode effectNode="effectCenterSmall" delay="0" materialType="sprayer"/>
            <effectNode effectNode="effectCenterBig" delay="0" materialType="sprayer"/>

            <effectNode effectNode="effect_40_left01" delay="0.8" materialType="sprayer"/>
            <effectNode effectNode="effect_40_left02" delay="0.7" materialType="sprayer"/>
            <effectNode effectNode="effect_40_left03" delay="0.6" materialType="sprayer"/>
            <effectNode effectNode="effect_40_left04" delay="0.5" materialType="sprayer"/>
            <effectNode effectNode="effect_40_left05" delay="0.4" materialType="sprayer"/>
            <effectNode effectNode="effect_40_left06" delay="0.3" materialType="sprayer"/>
            <effectNode effectNode="effect_40_left07" delay="0.2" materialType="sprayer"/>
            <effectNode effectNode="effect_40_left08" delay="0.1" materialType="sprayer"/>
            <effectNode effectNode="effect_40_right01" delay="0.1" materialType="sprayer"/>
            <effectNode effectNode="effect_40_right02" delay="0.2" materialType="sprayer"/>
            <effectNode effectNode="effect_40_right03" delay="0.3" materialType="sprayer"/>
            <effectNode effectNode="effect_40_right04" delay="0.4" materialType="sprayer"/>
            <effectNode effectNode="effect_40_right05" delay="0.5" materialType="sprayer"/>
            <effectNode effectNode="effect_40_right06" delay="0.6" materialType="sprayer"/>
            <effectNode effectNode="effect_40_right07" delay="0.7" materialType="sprayer"/>
            <effectNode effectNode="effect_40_right08" delay="0.8" materialType="sprayer"/>
        </effects>
    </sprayer>

    <variableWorkWidth>
        <variableWorkWidthConfigurations>
            <variableWorkWidthConfiguration name="40m">
                <sections>
                    <section isLeft="true" maxWidthNode="section40_01">
                        <effect node="effect_40_left01" />
                    </section>
                    <section isLeft="true" maxWidthNode="section40_02">
                        <effect node="effect_40_left02" />
                    </section>
                    <section isLeft="true" maxWidthNode="section40_03">
                        <effect node="effect_40_left03" />
                    </section>
                    <section isLeft="true" maxWidthNode="section40_04">
                        <effect node="effect_40_left04" />
                    </section>
                    <section isLeft="true" maxWidthNode="section40_05">
                        <effect node="effect_40_left05" />
                    </section>
                    <section isLeft="true" maxWidthNode="section40_06">
                        <effect node="effect_40_left06" />
                    </section>
                    <section isLeft="true" maxWidthNode="section40_07">
                        <effect node="effect_40_left07" />
                    </section>
                    <section isLeft="true" maxWidthNode="section40_08">
                        <effect node="effect_40_left08" />
                    </section>
                    <section isCenter="true" />
                    <section isLeft="false" maxWidthNode="section40_09">
                        <effect node="effect_40_right01" />
                    </section>
                    <section isLeft="false" maxWidthNode="section40_10">
                        <effect node="effect_40_right02" />
                    </section>
                    <section isLeft="false" maxWidthNode="section40_11">
                        <effect node="effect_40_right03" />
                    </section>
                    <section isLeft="false" maxWidthNode="section40_12">
                        <effect node="effect_40_right04" />
                    </section>
                    <section isLeft="false" maxWidthNode="section40_13">
                        <effect node="effect_40_right05" />
                    </section>
                    <section isLeft="false" maxWidthNode="section40_14">
                        <effect node="effect_40_right06" />
                    </section>
                    <section isLeft="false" maxWidthNode="section40_15">
                        <effect node="effect_40_right07" />
                    </section>
                    <section isLeft="false" maxWidthNode="section40_16">
                        <effect node="effect_40_right08" />
                    </section>
                </sections>

                <sectionNodes>
                    <sectionNode node="workAreaStart"  isLeft="true"  minTransX="1"  maxTransX="20"/>
                    <sectionNode node="workAreaWidth"  isLeft="false" minTransX="-1" maxTransX="-20"/>
                    <sectionNode node="workAreaHeight" isLeft="true"  minTransX="1"  maxTransX="20"/>
                    <sectionNode node="aiMarkerLeft"   isLeft="true"  minTransX="1"  maxTransX="20"/>
                    <sectionNode node="aiMarkerRight"  isLeft="false" minTransX="-1" maxTransX="-20"/>
                </sectionNodes>
            </variableWorkWidthConfiguration>
        </variableWorkWidthConfigurations>
    </variableWorkWidth>

    <groundAdjustedNodes>
        <groundAdjustedNode node="boomAlignLeft" yOffset="2" minY="-4" maxY="2" moveSpeed="10" moveSpeedStateChange="0.5" activationTime="3">
            <raycastNode node="boomRaycastLeft" distance="6"/>
            <foldable minLimit="0" maxLimit="0.1"/>
        </groundAdjustedNode>
        <groundAdjustedNode node="boomAlignRight" yOffset="2" minY="-4" maxY="2" moveSpeed="10" moveSpeedStateChange="0.5" activationTime="3">
            <raycastNode node="boomRaycastRight" distance="6"/>
            <foldable minLimit="0" maxLimit="0.1"/>
        </groundAdjustedNode>
        <groundAdjustedNode node="boomAlignCenter" yOffset="0" minY="-3" maxY="0" moveSpeed="10" moveSpeedStateChange="0.5" activationTime="3">
            <raycastNode node="boomRaycastCenter" distance="3"/>
            <foldable minLimit="0" maxLimit="0.1"/>
        </groundAdjustedNode>
    </groundAdjustedNodes>

    <turnOnVehicle turnOffIfNotAllowed="true" >
        <sounds>
            <work template="DEFAULT_SPRAYER" linkNode="wsvsSprayer_main_component1" />
        </sounds>
    </turnOnVehicle>

    <ai>
		<areaMarkers leftNode="aiMarkerLeft" rightNode="aiMarkerRight" backNode="aiMarkerBack" />
		<needsLowering value="false"/>
		<collisionTrigger node="aiCollisionNode" width="40" height="3.7"/>
		<allowTurnBackward value="true" />
        <agentAttachment jointNode="attacherJoint" width="2.6" height="4" length="7.5" lengthOffset="0.7"/>
    </ai>

    <foliageBending>
        <bendingNode minX="-1.1" maxX="1.1" minZ="-2" maxZ="2.5" yOffset="0.5" />
        <bendingNode minX="-0.3" maxX="0.3" minZ="2.5" maxZ="4" yOffset="0.5" />
        <bendingNode minX="-0.3" maxX="0.3" minZ="0" maxZ="1.5" yOffset="0" node="mainArmPart" />
        <bendingNode minX="-0.8" maxX="0.8" minZ="-1" maxZ="0" yOffset="-1" node="backArm" />

        <bendingNode minX="0" maxX="6.0" minZ="-0.1" maxZ="0.1" yOffset="-0.05" node="m40_leftArm02BendingNode" />
        <bendingNode minX="0" maxX="7.0" minZ="0" maxZ="0.2" yOffset="-0.08" node="m40_leftArm03BendingNode" />
        <bendingNode minX="0" maxX="6.1" minZ="0" maxZ="0.2" yOffset="-0.08" node="m40_leftArm04BendingNode" />
        <bendingNode minX="-6.0" maxX="0" minZ="-0.1" maxZ="0.1" yOffset="-0.05" node="m40_rightArm02BendingNode" />
        <bendingNode minX="-7.0" maxX="0" minZ="0" maxZ="0.2" yOffset="-0.08" node="m40_rightArm03BendingNode" />
        <bendingNode minX="-6.1" maxX="0" minZ="0" maxZ="0.2" yOffset="-0.08" node="m40_rightArm04BendingNode" />
    </foliageBending>

    <baseMaterial>
        <material name="wsvsSprayer_mat" baseNode="tankMain">
             <shaderParameter name="colorMat0" value="SHARED_GREY2"/>
             <shaderParameter name="colorMat2" value="1 1 1 34"/>
        </material>
        <material name="iXtrackT4_mat" baseNode="mainArm">
             <shaderParameter name="colorMat1" value="SHARED_GREY2"/>
        </material>
        <material name="iXtrackT4Alpha_mat" baseNode="arm1A_alpha3">
             <shaderParameter name="colorMat0" value="SHARED_GREY2"/>
        </material>
        <material name="waterTrailer550_mat" baseNode="tankSmall_550">
             <shaderParameter name="colorMat0" value="1 1 1 34"/>
        </material>
    </baseMaterial>

    <baseMaterialConfigurations useDefaultColors="true" price="50" title="$l10n_title_main_tank" >
        <material name="wsvsSprayer_mat" shaderParameter="colorMat0"/>
		
		<baseMaterialConfiguration  name="$l10n_color_wsvs_tank_yellow" 				color="0.9386 0.5678 0.0123"	material="34" />
        <baseMaterialConfiguration	name="Lizard %s" params="$l10n_ui_colorRed"			color="LIZARD_RED1"/>	
        <baseMaterialConfiguration	name="John Deere %s"  params="$l10n_ui_colorGreen"  color="JOHNDEERE_GREEN1" />
        <baseMaterialConfiguration	name="Lizard %s" params="$l10n_ui_colorGreenOlive"	color="LIZARD_OLIVE1"/>
        <baseMaterialConfiguration	name="Lizard %s" params="$l10n_ui_colorBlue"		color="LIZARD_BLUE1"/>
        <baseMaterialConfiguration	name="Lizard %s" params="$l10n_ui_colorBlueLight"	color="LIZARD_BLUE2"/>
        <baseMaterialConfiguration	name="Lizard %s" params="$l10n_ui_colorGrey"		color="LIZARD_BLUE3"/>
        <baseMaterialConfiguration	name="Lizard %s" params="$l10n_ui_colorBeige"		color="LIZARD_ECRU1"/>	
    </baseMaterialConfigurations>	
	
	<designMaterialConfigurations useDefaultColors="true" price="50" title="$l10n_title_small_tank" >
        <material name="wsvsSprayer_mat" shaderParameter="colorMat2" />
        <material name="waterTrailer550_mat" shaderParameter="colorMat0" />
		
		<designMaterialConfiguration  	name="$l10n_color_wsvs_tank_white" 					color="0.98 0.8 0.8"		material="34" />
        <designMaterialConfiguration	name="Lizard %s" params="$l10n_ui_colorRed"			color="LIZARD_RED1"/>		
        <designMaterialConfiguration	name="John Deere %s"  params="$l10n_ui_colorGreen"  color="JOHNDEERE_GREEN1" />
        <designMaterialConfiguration	name="Lizard %s" params="$l10n_ui_colorGreenOlive"	color="LIZARD_OLIVE1"/>
        <designMaterialConfiguration	name="Lizard %s" params="$l10n_ui_colorBlue"		color="LIZARD_BLUE1"/>
        <designMaterialConfiguration	name="Lizard %s" params="$l10n_ui_colorBlueLight"	color="LIZARD_BLUE2"/>
        <designMaterialConfiguration	name="Lizard %s" params="$l10n_ui_colorGrey"		color="LIZARD_BLUE3"/>
        <designMaterialConfiguration	name="Lizard %s" params="$l10n_ui_colorBeige"		color="LIZARD_ECRU1"/>
    </designMaterialConfigurations>
	
	<designMaterial2Configurations useDefaultColors="true" price="50" title="$l10n_title_spray_arm">
        <material name="iXtrackT4_mat" shaderParameter="colorMat1" />
        <material name="iXtrackT4Alpha_mat" shaderParameter="colorMat0" />

        <designMaterial2Configuration	name="$l10n_color_wsvs_tank_green" 					color="0 0.40 0" />
		<designMaterial2Configuration  	name="$l10n_color_wsvs_tank_white" 					color="0.98 0.8 0.8" />
		<designMaterial2Configuration  	name="$l10n_color_wsvs_tank_yellow" 				color="0.9386 0.5678 0.0123" />
        <designMaterial2Configuration	name="Lizard %s" params="$l10n_ui_colorRed"			color="LIZARD_RED1"/>		
        <designMaterial2Configuration	name="John Deere %s"  params="$l10n_ui_colorGreen"  color="JOHNDEERE_GREEN1" />
        <designMaterial2Configuration	name="Lizard %s" params="$l10n_ui_colorGreenOlive"	color="LIZARD_OLIVE1"/>
        <designMaterial2Configuration	name="Lizard %s" params="$l10n_ui_colorBlue"		color="LIZARD_BLUE1"/>
        <designMaterial2Configuration	name="Lizard %s" params="$l10n_ui_colorBlueLight"	color="LIZARD_BLUE2"/>
        <designMaterial2Configuration	name="Lizard %s" params="$l10n_ui_colorGrey"		color="LIZARD_BLUE3"/>
        <designMaterial2Configuration	name="Lizard %s" params="$l10n_ui_colorBeige"		color="LIZARD_ECRU1"/>
    </designMaterial2Configurations>
	
    <wearable wearDuration="480" workMultiplier="5" fieldMultiplier="2"/>
    <washable dirtDuration="90" washDuration="1" workMultiplier="2" fieldMultiplier="2"/>

    <i3dMappings>
        <i3dMapping id="wsvsSprayer_main_component1" node="0>" />
        <i3dMapping id="iXtrackT4_vis" node="0>0" />
        <i3dMapping id="attacherJoint" node="0>0|0|0" />
        <i3dMapping id="attacherJoint02" node="0>0|0|0|0" />
        <i3dMapping id="componentJoint0" node="0>0|1" />				
        <i3dMapping id="mainArm" node="0>0|3|0" />
        <i3dMapping id="backArm" node="0>0|3|0|0" />
        <i3dMapping id="m18" node="0>0|3|0|0|0|0" />
        <i3dMapping id="m40" node="0>0|3|0|0|0|5" />
        <i3dMapping id="m40_vis" node="0>0|3|0|0|0|5|0" />
        <i3dMapping id="m40_leftArm01" node="0>0|3|0|0|0|5|0|1|0" />
        <i3dMapping id="m40_leftArm02Rot" node="0>0|3|0|0|0|5|0|1|0|0|0" />
        <i3dMapping id="m40_leftArm02" node="0>0|3|0|0|0|5|0|1|0|0|0|0|0" />
        <i3dMapping id="m40_leftArm03" node="0>0|3|0|0|0|5|0|1|0|0|0|0|0|0|0" />
        <i3dMapping id="m40_leftArm04" node="0>0|3|0|0|0|5|0|1|0|0|0|0|0|0|0|0|0" />
        <i3dMapping id="m40_leftArm04_nozzleNode01" node="0>0|3|0|0|0|5|0|1|0|0|0|0|0|0|0|0|0|0|0" />
        <i3dMapping id="m40_leftArm04_nozzleNode02" node="0>0|3|0|0|0|5|0|1|0|0|0|0|0|0|0|0|0|0|1" />
        <i3dMapping id="m40_leftArm04_nozzleNode03" node="0>0|3|0|0|0|5|0|1|0|0|0|0|0|0|0|0|0|0|2" />
        <i3dMapping id="m40_leftArm04_nozzleNode04" node="0>0|3|0|0|0|5|0|1|0|0|0|0|0|0|0|0|0|0|3" />
        <i3dMapping id="m40_leftArm04_nozzleNode05" node="0>0|3|0|0|0|5|0|1|0|0|0|0|0|0|0|0|0|0|4" />
        <i3dMapping id="m40_leftArm04_nozzleNode06" node="0>0|3|0|0|0|5|0|1|0|0|0|0|0|0|0|0|0|0|5" />
        <i3dMapping id="m40_leftArm04_nozzleNode07" node="0>0|3|0|0|0|5|0|1|0|0|0|0|0|0|0|0|0|0|6" />
        <i3dMapping id="m40_leftArm04_nozzleNode08" node="0>0|3|0|0|0|5|0|1|0|0|0|0|0|0|0|0|0|0|7" />
        <i3dMapping id="m40_leftArm04_nozzleNode09" node="0>0|3|0|0|0|5|0|1|0|0|0|0|0|0|0|0|0|0|8" />
        <i3dMapping id="m40_leftArm04_nozzleNode10" node="0>0|3|0|0|0|5|0|1|0|0|0|0|0|0|0|0|0|0|9" />
        <i3dMapping id="m40_leftArm04_nozzleNode11" node="0>0|3|0|0|0|5|0|1|0|0|0|0|0|0|0|0|0|0|10" />
        <i3dMapping id="m40_leftArm04_nozzleNode12" node="0>0|3|0|0|0|5|0|1|0|0|0|0|0|0|0|0|0|0|11" />
        <i3dMapping id="m40_leftArm04Arm02Ref" node="0>0|3|0|0|0|5|0|1|0|0|0|0|0|0|0|0|0|2" />
        <i3dMapping id="colPart40_03" node="0>0|3|0|0|0|5|0|1|0|0|0|0|0|0|0|0|0|3" />
        <i3dMapping id="m40_leftArm04BendingNode" node="0>0|3|0|0|0|5|0|1|0|0|0|0|0|0|0|0|0|4" />
        <i3dMapping id="m40_leftArm03_nozzleNode01" node="0>0|3|0|0|0|5|0|1|0|0|0|0|0|0|0|1|0" />
        <i3dMapping id="m40_leftArm03_nozzleNode02" node="0>0|3|0|0|0|5|0|1|0|0|0|0|0|0|0|1|1" />
        <i3dMapping id="m40_leftArm03_nozzleNode03" node="0>0|3|0|0|0|5|0|1|0|0|0|0|0|0|0|1|2" />
        <i3dMapping id="m40_leftArm03_nozzleNode04" node="0>0|3|0|0|0|5|0|1|0|0|0|0|0|0|0|1|3" />
        <i3dMapping id="m40_leftArm03_nozzleNode05" node="0>0|3|0|0|0|5|0|1|0|0|0|0|0|0|0|1|4" />
        <i3dMapping id="m40_leftArm03_nozzleNode06" node="0>0|3|0|0|0|5|0|1|0|0|0|0|0|0|0|1|5" />
        <i3dMapping id="m40_leftArm03_nozzleNode07" node="0>0|3|0|0|0|5|0|1|0|0|0|0|0|0|0|1|6" />
        <i3dMapping id="m40_leftArm03_nozzleNode08" node="0>0|3|0|0|0|5|0|1|0|0|0|0|0|0|0|1|7" />
        <i3dMapping id="m40_leftArm03_nozzleNode09" node="0>0|3|0|0|0|5|0|1|0|0|0|0|0|0|0|1|8" />
        <i3dMapping id="m40_leftArm03_nozzleNode10" node="0>0|3|0|0|0|5|0|1|0|0|0|0|0|0|0|1|9" />
        <i3dMapping id="m40_leftArm03_nozzleNode11" node="0>0|3|0|0|0|5|0|1|0|0|0|0|0|0|0|1|10" />
        <i3dMapping id="m40_leftArm03_nozzleNode12" node="0>0|3|0|0|0|5|0|1|0|0|0|0|0|0|0|1|11" />
        <i3dMapping id="m40_leftArm03_nozzleNode13" node="0>0|3|0|0|0|5|0|1|0|0|0|0|0|0|0|1|12" />
        <i3dMapping id="m40_leftArm03_nozzleNode14" node="0>0|3|0|0|0|5|0|1|0|0|0|0|0|0|0|1|13" />
        <i3dMapping id="m40_leftArm03Arm02Ref" node="0>0|3|0|0|0|5|0|1|0|0|0|0|0|0|0|3" />
        <i3dMapping id="m40_leftArm04Arm01RefFrame" node="0>0|3|0|0|0|5|0|1|0|0|0|0|0|0|0|4|0" />
        <i3dMapping id="m40_leftArm04Arm01" node="0>0|3|0|0|0|5|0|1|0|0|0|0|0|0|0|4|1" />
        <i3dMapping id="m40_leftArm04Arm02" node="0>0|3|0|0|0|5|0|1|0|0|0|0|0|0|0|4|1|0|0" />
        <i3dMapping id="m40_leftArm04HydraulicRef" node="0>0|3|0|0|0|5|0|1|0|0|0|0|0|0|0|4|1|0|0|0" />
        <i3dMapping id="m40_leftArm04Arm02RefFrame" node="0>0|3|0|0|0|5|0|1|0|0|0|0|0|0|0|4|1|1" />
        <i3dMapping id="m40_leftArm04Hydraulic" node="0>0|3|0|0|0|5|0|1|0|0|0|0|0|0|0|5" />
        <i3dMapping id="m40_leftArm04HydraulicPunch" node="0>0|3|0|0|0|5|0|1|0|0|0|0|0|0|0|5|0" />
        <i3dMapping id="m40_workingLight09_01" node="0>0|3|0|0|0|5|0|1|0|0|0|0|0|0|0|6" />
        <i3dMapping id="colPart40_02" node="0>0|3|0|0|0|5|0|1|0|0|0|0|0|0|0|7" />
        <i3dMapping id="m40_leftArm03BendingNode" node="0>0|3|0|0|0|5|0|1|0|0|0|0|0|0|0|8" />
        <i3dMapping id="m40_workLight04" node="0>0|3|0|0|0|5|0|1|0|0|0|0|0|0|0|10" />
        <i3dMapping id="m40_leftArm02_nozzleNode01" node="0>0|3|0|0|0|5|0|1|0|0|0|0|0|1|0" />
        <i3dMapping id="m40_leftArm02_nozzleNode02" node="0>0|3|0|0|0|5|0|1|0|0|0|0|0|1|1" />
        <i3dMapping id="m40_leftArm02_nozzleNode03" node="0>0|3|0|0|0|5|0|1|0|0|0|0|0|1|2" />
        <i3dMapping id="m40_leftArm02_nozzleNode04" node="0>0|3|0|0|0|5|0|1|0|0|0|0|0|1|3" />
        <i3dMapping id="m40_leftArm02_nozzleNode05" node="0>0|3|0|0|0|5|0|1|0|0|0|0|0|1|4" />
        <i3dMapping id="m40_leftArm02_nozzleNode06" node="0>0|3|0|0|0|5|0|1|0|0|0|0|0|1|5" />
        <i3dMapping id="m40_leftArm02_nozzleNode07" node="0>0|3|0|0|0|5|0|1|0|0|0|0|0|1|6" />
        <i3dMapping id="m40_leftArm02_nozzleNode08" node="0>0|3|0|0|0|5|0|1|0|0|0|0|0|1|7" />
        <i3dMapping id="m40_leftArm02_nozzleNode09" node="0>0|3|0|0|0|5|0|1|0|0|0|0|0|1|8" />
        <i3dMapping id="m40_leftArm02_nozzleNode10" node="0>0|3|0|0|0|5|0|1|0|0|0|0|0|1|9" />
        <i3dMapping id="m40_leftArm02_nozzleNode11" node="0>0|3|0|0|0|5|0|1|0|0|0|0|0|1|10" />
        <i3dMapping id="m40_leftArm02_nozzleNode12" node="0>0|3|0|0|0|5|0|1|0|0|0|0|0|1|11" />
        <i3dMapping id="m40_leftArm01Part01Hydraulic" node="0>0|3|0|0|0|5|0|1|0|0|0|0|0|3" />
        <i3dMapping id="m40_leftArm01Part01HydraulicPunch" node="0>0|3|0|0|0|5|0|1|0|0|0|0|0|3|0" />
        <i3dMapping id="m40_leftArm03Arm01RefFrame" node="0>0|3|0|0|0|5|0|1|0|0|0|0|0|4|0" />
        <i3dMapping id="m40_leftArm03Arm01" node="0>0|3|0|0|0|5|0|1|0|0|0|0|0|4|1" />
        <i3dMapping id="m40_leftArm03Arm02" node="0>0|3|0|0|0|5|0|1|0|0|0|0|0|4|1|0|0" />
        <i3dMapping id="m40_leftArm03HydraulicRef" node="0>0|3|0|0|0|5|0|1|0|0|0|0|0|4|1|0|0|0" />
        <i3dMapping id="m40_leftArm03Arm02RefFrame" node="0>0|3|0|0|0|5|0|1|0|0|0|0|0|4|1|1" />
        <i3dMapping id="m40_leftArm03Hydraulic" node="0>0|3|0|0|0|5|0|1|0|0|0|0|0|5" />
        <i3dMapping id="m40_leftArm03HydraulicPunch" node="0>0|3|0|0|0|5|0|1|0|0|0|0|0|5|0" />
        <i3dMapping id="m40_workingLight09_03" node="0>0|3|0|0|0|5|0|1|0|0|0|0|0|6" />
        <i3dMapping id="colPart40_01" node="0>0|3|0|0|0|5|0|1|0|0|0|0|0|7" />
        <i3dMapping id="m40_leftArm02BendingNode" node="0>0|3|0|0|0|5|0|1|0|0|0|0|0|8" />
        <i3dMapping id="m40_workLight03" node="0>0|3|0|0|0|5|0|1|0|0|0|0|0|10" />
        <i3dMapping id="effect_40_left01" node="0>0|3|0|0|0|5|0|1|0|0|0|0|0|11|0" />
        <i3dMapping id="effect_40_left02" node="0>0|3|0|0|0|5|0|1|0|0|0|0|0|11|1" />
        <i3dMapping id="effect_40_left03" node="0>0|3|0|0|0|5|0|1|0|0|0|0|0|11|2" />
        <i3dMapping id="effect_40_left04" node="0>0|3|0|0|0|5|0|1|0|0|0|0|0|11|3" />
        <i3dMapping id="effect_40_left05" node="0>0|3|0|0|0|5|0|1|0|0|0|0|0|11|4" />
        <i3dMapping id="effect_40_left06" node="0>0|3|0|0|0|5|0|1|0|0|0|0|0|11|5" />
        <i3dMapping id="effect_40_left07" node="0>0|3|0|0|0|5|0|1|0|0|0|0|0|11|6" />
        <i3dMapping id="effect_40_left08" node="0>0|3|0|0|0|5|0|1|0|0|0|0|0|11|7" />
        <i3dMapping id="m40_leftArm01HydraulicRef" node="0>0|3|0|0|0|5|0|1|0|1" />
        <i3dMapping id="m40_rightArm01" node="0>0|3|0|0|0|5|0|1|1" />
        <i3dMapping id="m40_rightArm02Rot" node="0>0|3|0|0|0|5|0|1|1|0|0" />
        <i3dMapping id="m40_rightArm02" node="0>0|3|0|0|0|5|0|1|1|0|0|0|0" />
        <i3dMapping id="m40_rightArm03" node="0>0|3|0|0|0|5|0|1|1|0|0|0|0|0|0" />
        <i3dMapping id="m40_rightArm04" node="0>0|3|0|0|0|5|0|1|1|0|0|0|0|0|0|0|0" />
        <i3dMapping id="m40_rightArm04_nozzleNode01" node="0>0|3|0|0|0|5|0|1|1|0|0|0|0|0|0|0|0|0|0" />
        <i3dMapping id="m40_rightArm04_nozzleNode02" node="0>0|3|0|0|0|5|0|1|1|0|0|0|0|0|0|0|0|0|1" />
        <i3dMapping id="m40_rightArm04_nozzleNode03" node="0>0|3|0|0|0|5|0|1|1|0|0|0|0|0|0|0|0|0|2" />
        <i3dMapping id="m40_rightArm04_nozzleNode04" node="0>0|3|0|0|0|5|0|1|1|0|0|0|0|0|0|0|0|0|3" />
        <i3dMapping id="m40_rightArm04_nozzleNode05" node="0>0|3|0|0|0|5|0|1|1|0|0|0|0|0|0|0|0|0|4" />
        <i3dMapping id="m40_rightArm04_nozzleNode06" node="0>0|3|0|0|0|5|0|1|1|0|0|0|0|0|0|0|0|0|5" />
        <i3dMapping id="m40_rightArm04_nozzleNode07" node="0>0|3|0|0|0|5|0|1|1|0|0|0|0|0|0|0|0|0|6" />
        <i3dMapping id="m40_rightArm04_nozzleNode08" node="0>0|3|0|0|0|5|0|1|1|0|0|0|0|0|0|0|0|0|7" />
        <i3dMapping id="m40_rightArm04_nozzleNode09" node="0>0|3|0|0|0|5|0|1|1|0|0|0|0|0|0|0|0|0|8" />
        <i3dMapping id="m40_rightArm04_nozzleNode10" node="0>0|3|0|0|0|5|0|1|1|0|0|0|0|0|0|0|0|0|9" />
        <i3dMapping id="m40_rightArm04_nozzleNode11" node="0>0|3|0|0|0|5|0|1|1|0|0|0|0|0|0|0|0|0|10" />
        <i3dMapping id="m40_rightArm04_nozzleNode12" node="0>0|3|0|0|0|5|0|1|1|0|0|0|0|0|0|0|0|0|11" />
        <i3dMapping id="m40_rightArm04Arm02Ref" node="0>0|3|0|0|0|5|0|1|1|0|0|0|0|0|0|0|0|2" />
        <i3dMapping id="colPart40_06" node="0>0|3|0|0|0|5|0|1|1|0|0|0|0|0|0|0|0|3" />
        <i3dMapping id="m40_rightArm04BendingNode" node="0>0|3|0|0|0|5|0|1|1|0|0|0|0|0|0|0|0|4" />
        <i3dMapping id="m40_rightArm03_nozzleNode01" node="0>0|3|0|0|0|5|0|1|1|0|0|0|0|0|0|1|0" />
        <i3dMapping id="m40_rightArm03_nozzleNode02" node="0>0|3|0|0|0|5|0|1|1|0|0|0|0|0|0|1|1" />
        <i3dMapping id="m40_rightArm03_nozzleNode03" node="0>0|3|0|0|0|5|0|1|1|0|0|0|0|0|0|1|2" />
        <i3dMapping id="m40_rightArm03_nozzleNode04" node="0>0|3|0|0|0|5|0|1|1|0|0|0|0|0|0|1|3" />
        <i3dMapping id="m40_rightArm03_nozzleNode05" node="0>0|3|0|0|0|5|0|1|1|0|0|0|0|0|0|1|4" />
        <i3dMapping id="m40_rightArm03_nozzleNode06" node="0>0|3|0|0|0|5|0|1|1|0|0|0|0|0|0|1|5" />
        <i3dMapping id="m40_rightArm03_nozzleNode07" node="0>0|3|0|0|0|5|0|1|1|0|0|0|0|0|0|1|6" />
        <i3dMapping id="m40_rightArm03_nozzleNode08" node="0>0|3|0|0|0|5|0|1|1|0|0|0|0|0|0|1|7" />
        <i3dMapping id="m40_rightArm03_nozzleNode09" node="0>0|3|0|0|0|5|0|1|1|0|0|0|0|0|0|1|8" />
        <i3dMapping id="m40_rightArm03_nozzleNode10" node="0>0|3|0|0|0|5|0|1|1|0|0|0|0|0|0|1|9" />
        <i3dMapping id="m40_rightArm03_nozzleNode11" node="0>0|3|0|0|0|5|0|1|1|0|0|0|0|0|0|1|10" />
        <i3dMapping id="m40_rightArm03_nozzleNode12" node="0>0|3|0|0|0|5|0|1|1|0|0|0|0|0|0|1|11" />
        <i3dMapping id="m40_rightArm03_nozzleNode13" node="0>0|3|0|0|0|5|0|1|1|0|0|0|0|0|0|1|12" />
        <i3dMapping id="m40_rightArm03_nozzleNode14" node="0>0|3|0|0|0|5|0|1|1|0|0|0|0|0|0|1|13" />
        <i3dMapping id="m40_rightArm03Arm02Ref" node="0>0|3|0|0|0|5|0|1|1|0|0|0|0|0|0|3" />
        <i3dMapping id="m40_rightArm04Hydraulic" node="0>0|3|0|0|0|5|0|1|1|0|0|0|0|0|0|4" />
        <i3dMapping id="m40_rightArm04HydraulicPunch" node="0>0|3|0|0|0|5|0|1|1|0|0|0|0|0|0|4|0" />
        <i3dMapping id="m40_rightArm04Arm01RefFrame" node="0>0|3|0|0|0|5|0|1|1|0|0|0|0|0|0|5|0" />
        <i3dMapping id="m40_rightArm04Arm01" node="0>0|3|0|0|0|5|0|1|1|0|0|0|0|0|0|5|1" />
        <i3dMapping id="m40_rightArm04Arm02" node="0>0|3|0|0|0|5|0|1|1|0|0|0|0|0|0|5|1|0|0" />
        <i3dMapping id="m40_rightArm04HydraulicRef" node="0>0|3|0|0|0|5|0|1|1|0|0|0|0|0|0|5|1|0|0|0" />
        <i3dMapping id="m40_rightArm04Arm02RefFrame" node="0>0|3|0|0|0|5|0|1|1|0|0|0|0|0|0|5|1|1" />
        <i3dMapping id="m40_workingLight09_02" node="0>0|3|0|0|0|5|0|1|1|0|0|0|0|0|0|6" />
        <i3dMapping id="colPart40_05" node="0>0|3|0|0|0|5|0|1|1|0|0|0|0|0|0|7" />
        <i3dMapping id="m40_rightArm03BendingNode" node="0>0|3|0|0|0|5|0|1|1|0|0|0|0|0|0|8" />
        <i3dMapping id="m40_workLight01" node="0>0|3|0|0|0|5|0|1|1|0|0|0|0|0|0|10" />
        <i3dMapping id="m40_rightArm02_nozzleNode01" node="0>0|3|0|0|0|5|0|1|1|0|0|0|0|1|0" />
        <i3dMapping id="m40_rightArm02_nozzleNode02" node="0>0|3|0|0|0|5|0|1|1|0|0|0|0|1|1" />
        <i3dMapping id="m40_rightArm02_nozzleNode03" node="0>0|3|0|0|0|5|0|1|1|0|0|0|0|1|2" />
        <i3dMapping id="m40_rightArm02_nozzleNode04" node="0>0|3|0|0|0|5|0|1|1|0|0|0|0|1|3" />
        <i3dMapping id="m40_rightArm02_nozzleNode05" node="0>0|3|0|0|0|5|0|1|1|0|0|0|0|1|4" />
        <i3dMapping id="m40_rightArm02_nozzleNode06" node="0>0|3|0|0|0|5|0|1|1|0|0|0|0|1|5" />
        <i3dMapping id="m40_rightArm02_nozzleNode07" node="0>0|3|0|0|0|5|0|1|1|0|0|0|0|1|6" />
        <i3dMapping id="m40_rightArm02_nozzleNode08" node="0>0|3|0|0|0|5|0|1|1|0|0|0|0|1|7" />
        <i3dMapping id="m40_rightArm02_nozzleNode09" node="0>0|3|0|0|0|5|0|1|1|0|0|0|0|1|8" />
        <i3dMapping id="m40_rightArm02_nozzleNode10" node="0>0|3|0|0|0|5|0|1|1|0|0|0|0|1|9" />
        <i3dMapping id="m40_rightArm02_nozzleNode11" node="0>0|3|0|0|0|5|0|1|1|0|0|0|0|1|10" />
        <i3dMapping id="m40_rightArm02_nozzleNode12" node="0>0|3|0|0|0|5|0|1|1|0|0|0|0|1|11" />
        <i3dMapping id="m40_rightArm01Part01Hydraulic" node="0>0|3|0|0|0|5|0|1|1|0|0|0|0|3" />
        <i3dMapping id="m40_rightArm01Part01HydraulicPunch" node="0>0|3|0|0|0|5|0|1|1|0|0|0|0|3|0" />
        <i3dMapping id="m40_rightArm03Arm01RefFrame" node="0>0|3|0|0|0|5|0|1|1|0|0|0|0|4|0" />
        <i3dMapping id="m40_rightArm03Arm01" node="0>0|3|0|0|0|5|0|1|1|0|0|0|0|4|1" />
        <i3dMapping id="m40_rightArm03Arm02" node="0>0|3|0|0|0|5|0|1|1|0|0|0|0|4|1|0|0" />
        <i3dMapping id="m40_rightArm03HydraulicRef" node="0>0|3|0|0|0|5|0|1|1|0|0|0|0|4|1|0|0|0" />
        <i3dMapping id="m40_rightArm03Arm02RefFrame" node="0>0|3|0|0|0|5|0|1|1|0|0|0|0|4|1|1" />
        <i3dMapping id="m40_rightArm03Hydraulic" node="0>0|3|0|0|0|5|0|1|1|0|0|0|0|5" />
        <i3dMapping id="m40_rightArm03HydraulicPunch" node="0>0|3|0|0|0|5|0|1|1|0|0|0|0|5|0" />
        <i3dMapping id="m40_workingLight09_04" node="0>0|3|0|0|0|5|0|1|1|0|0|0|0|6" />
        <i3dMapping id="colPart40_04" node="0>0|3|0|0|0|5|0|1|1|0|0|0|0|7" />
        <i3dMapping id="m40_rightArm02BendingNode" node="0>0|3|0|0|0|5|0|1|1|0|0|0|0|8" />
        <i3dMapping id="m40_workLight02" node="0>0|3|0|0|0|5|0|1|1|0|0|0|0|10" />
        <i3dMapping id="effect_40_right01" node="0>0|3|0|0|0|5|0|1|1|0|0|0|0|11|0" />
        <i3dMapping id="effect_40_right02" node="0>0|3|0|0|0|5|0|1|1|0|0|0|0|11|1" />
        <i3dMapping id="effect_40_right03" node="0>0|3|0|0|0|5|0|1|1|0|0|0|0|11|2" />
        <i3dMapping id="effect_40_right04" node="0>0|3|0|0|0|5|0|1|1|0|0|0|0|11|3" />
        <i3dMapping id="effect_40_right05" node="0>0|3|0|0|0|5|0|1|1|0|0|0|0|11|4" />
        <i3dMapping id="effect_40_right06" node="0>0|3|0|0|0|5|0|1|1|0|0|0|0|11|5" />
        <i3dMapping id="effect_40_right07" node="0>0|3|0|0|0|5|0|1|1|0|0|0|0|11|6" />
        <i3dMapping id="effect_40_right08" node="0>0|3|0|0|0|5|0|1|1|0|0|0|0|11|7" />
        <i3dMapping id="m40_rightArm01HydraulicRef" node="0>0|3|0|0|0|5|0|1|1|1" />
        <i3dMapping id="m40_leftArm01Part01HydraulicRef" node="0>0|3|0|0|0|5|0|1|2" />
        <i3dMapping id="m40_rightArm01Part01HydraulicRef" node="0>0|3|0|0|0|5|0|1|3" />
        <i3dMapping id="m40_leftArm01Hydraulic" node="0>0|3|0|0|0|5|0|1|4" />
        <i3dMapping id="m40_leftArm01HydraulicPunch" node="0>0|3|0|0|0|5|0|1|4|0" />
        <i3dMapping id="m40_rightArm01Hydraulic" node="0>0|3|0|0|0|5|0|1|5" />
        <i3dMapping id="m40_rightArm01HydraulicPunch" node="0>0|3|0|0|0|5|0|1|5|0" />
        <i3dMapping id="m40_centerArm02_nozzleNode01" node="0>0|3|0|0|0|5|0|2|0" />
        <i3dMapping id="m40_centerArm02_nozzleNode02" node="0>0|3|0|0|0|5|0|2|1" />
        <i3dMapping id="m40_centerArm02_nozzleNode03" node="0>0|3|0|0|0|5|0|2|2" />
        <i3dMapping id="m40_centerArm02_nozzleNode04" node="0>0|3|0|0|0|5|0|2|3" />
        <i3dMapping id="effectNode40" node="0>0|3|0|0|0|5|1" />
        <i3dMapping id="redTriangle_12" node="0>0|3|0|0|0|5|2" />
        <i3dMapping id="redTriangle_13" node="0>0|3|0|0|0|5|3" />
        <i3dMapping id="boomAligment" node="0>0|3|0|0|0|6" />
        <i3dMapping id="boomRaycastLeftRot" node="0>0|3|0|0|0|6|0" />
        <i3dMapping id="boomRaycastLeft" node="0>0|3|0|0|0|6|0|0" />
        <i3dMapping id="boomAlignLeft" node="0>0|3|0|0|0|6|0|1" />
        <i3dMapping id="boomAlignLeftRot" node="0>0|3|0|0|0|6|0|1|0" />
        <i3dMapping id="mainArmRotPart01Ref" node="0>0|3|0|0|0|6|0|1|0|0" />
        <i3dMapping id="boomAlignCenterLeftRef" node="0>0|3|0|0|0|6|0|1|1" />
        <i3dMapping id="boomRaycastRightRot" node="0>0|3|0|0|0|6|1" />
        <i3dMapping id="boomRaycastRight" node="0>0|3|0|0|0|6|1|0" />
        <i3dMapping id="boomAlignRight" node="0>0|3|0|0|0|6|1|1" />
        <i3dMapping id="boomAlignLeftRotRef" node="0>0|3|0|0|0|6|1|1|0" />
        <i3dMapping id="boomAlignCenterRightRef" node="0>0|3|0|0|0|6|1|1|1" />
        <i3dMapping id="boomRaycastCenterRot" node="0>0|3|0|0|0|6|2" />
        <i3dMapping id="boomRaycastCenter" node="0>0|3|0|0|0|6|2|0" />
        <i3dMapping id="boomAlignCenter" node="0>0|3|0|0|0|6|2|1" />
        <i3dMapping id="boomAlignCenterLeft" node="0>0|3|0|0|0|6|2|1|0" />
        <i3dMapping id="leftArm02Ref" node="0>0|3|0|0|0|6|2|1|0|0" />
        <i3dMapping id="boomAlignCenterRight" node="0>0|3|0|0|0|6|2|1|1" />
        <i3dMapping id="rightArm02Ref" node="0>0|3|0|0|0|6|2|1|1|0" />
        <i3dMapping id="effectCenterBigRot" node="0>0|3|0|0|0|7" />
        <i3dMapping id="effectCenterBig" node="0>0|3|0|0|0|7|0" />
        <i3dMapping id="effectCenterSmallRot" node="0>0|3|0|0|0|8" />
        <i3dMapping id="effectCenterSmall" node="0>0|3|0|0|0|8|0" />
        <i3dMapping id="mainArmPartRef" node="0>0|3|0|0|2" />
        <i3dMapping id="mainArmHydraulic" node="0>0|3|0|1" />
        <i3dMapping id="mainArmHydraulicPunch" node="0>0|3|0|1|0" />
        <i3dMapping id="mainArmPart" node="0>0|3|1" />
        <i3dMapping id="mainArmHydraulicRef" node="0>0|3|2" />
        <i3dMapping id="aiMarkerLeft" node="0>0|4|0" />
        <i3dMapping id="aiMarkerRight" node="0>0|4|1" />
        <i3dMapping id="aiMarkerBack" node="0>0|4|2" />
        <i3dMapping id="aiCollisionNode" node="0>0|4|3" />
        <i3dMapping id="workAreaStart" node="0>0|5|0" />
        <i3dMapping id="workAreaWidth" node="0>0|5|1" />
        <i3dMapping id="workAreaHeight" node="0>0|5|2" />
        <i3dMapping id="section40_01" node="0>0|5|3|5|0" />
        <i3dMapping id="section40_02" node="0>0|5|3|5|1" />
        <i3dMapping id="section40_03" node="0>0|5|3|5|2" />
        <i3dMapping id="section40_04" node="0>0|5|3|5|3" />
        <i3dMapping id="section40_05" node="0>0|5|3|5|4" />
        <i3dMapping id="section40_06" node="0>0|5|3|5|5" />
        <i3dMapping id="section40_07" node="0>0|5|3|5|6" />
        <i3dMapping id="section40_08" node="0>0|5|3|5|7" />
        <i3dMapping id="section40_09" node="0>0|5|3|5|8" />
        <i3dMapping id="section40_10" node="0>0|5|3|5|9" />
        <i3dMapping id="section40_11" node="0>0|5|3|5|10" />
        <i3dMapping id="section40_12" node="0>0|5|3|5|11" />
        <i3dMapping id="section40_13" node="0>0|5|3|5|12" />
        <i3dMapping id="section40_14" node="0>0|5|3|5|13" />
        <i3dMapping id="section40_15" node="0>0|5|3|5|14" />
        <i3dMapping id="section40_16" node="0>0|5|3|5|15" />
        <i3dMapping id="dischargeTrigger" node="0>0|6|0" />
        <i3dMapping id="exactFillRootNode" node="0>0|6|1" />
        <i3dMapping id="dischargeNode" node="0>0|6|2" />
        <i3dMapping id="fillTrigger" node="0>0|6|3" />
        <i3dMapping id="hoseConnectionSmall" node="0>2|0" />
        <i3dMapping id="hoseConnectionBig" node="0>2|0" />
        <i3dMapping id="hoses40" node="0>2|1" />				
        <i3dMapping id="dummyConnection01" node="0>1|0" />
        <i3dMapping id="dummyConnection02" node="0>1|1" />
        <i3dMapping id="dummyConnection03" node="0>1|2" />
        <i3dMapping id="dummyConnection04" node="0>1|3" />
        <i3dMapping id="dummyConnection05" node="0>1|4" />
        <i3dMapping id="dummyConnection06" node="0>1|5" />
        <i3dMapping id="dummyConnection07" node="0>1|6" />
        <i3dMapping id="dummyConnection08" node="0>1|7" />
        <i3dMapping id="dummyConnection09" node="0>1|8" />
        <i3dMapping id="dummyConnection10" node="0>1|9" />  
        <i3dMapping id="powerswitchNode" node="0>1|10|0" />
        <i3dMapping id="redRound_01" node="0>1|10|1" />
        <i3dMapping id="whiteRound_01" node="0>1|10|2" />
        <i3dMapping id="yellowRound_01" node="0>1|10|3" />				
        <i3dMapping id="leftFrontSupports" node="0>0|0|1|0"/>
        <i3dMapping id="leftFrontSupportTrans" node="0>0|0|1|0|0"/>
        <i3dMapping id="supportFoot01" node="0>0|0|1|0|0|0"/>
        <i3dMapping id="supportCol01" node="0>0|0|1|0|0|1"/>
        <i3dMapping id="supportArms01" node="0>0|0|1|0|1"/>
        <i3dMapping id="rightFrontSupports" node="0>0|0|1|1"/>
        <i3dMapping id="rightFrontSupportTrans" node="0>0|0|1|1|0"/>
        <i3dMapping id="supportFoot03" node="0>0|0|1|1|0|0"/>
        <i3dMapping id="supportCol03" node="0>0|0|1|1|0|1"/>
        <i3dMapping id="supportArms03" node="0>0|0|1|1|1"/>
        <i3dMapping id="leftRearSupports" node="0>0|0|1|2"/>
        <i3dMapping id="leftRearSupportTrans" node="0>0|0|1|2|0"/>
        <i3dMapping id="supportFoot02" node="0>0|0|1|2|0|0"/>
        <i3dMapping id="supportCol02" node="0>0|0|1|2|0|1"/>
        <i3dMapping id="supportArms02" node="0>0|0|1|2|1"/>
        <i3dMapping id="rightRearSupports" node="0>0|0|1|3"/>
        <i3dMapping id="rightRearSupportTrans" node="0>0|0|1|3|0"/>
        <i3dMapping id="supportFoot04" node="0>0|0|1|3|0|0"/>
        <i3dMapping id="supportCol04" node="0>0|0|1|3|0|1"/>
        <i3dMapping id="supportArms04" node="0>0|0|1|3|1"/>
        <i3dMapping id="tankMain" node="0>0|7|0"/>
        <i3dMapping id="tankSmall_550" node="0>0|7|2"/>
        <i3dMapping id="arm1A_alpha3" node="0>0|3|0|0|0|5|0|1|0|0|0|0|0|2|0"/>				
        <i3dMapping id="markerLightOrange01" node="0>0|3|0|0|0|5|4"/>
        <i3dMapping id="markerLightOrange02" node="0>0|3|0|0|0|5|5"/>
        <i3dMapping id="skinnedMeshs" node="0>2"/>
        <i3dMapping id="movingParts" node="0>0|3"/>
        <i3dMapping id="colPart01" node="0>0|3|0|3"/>
        <i3dMapping id="colPart02" node="0>0|3|1|1"/>		
    </i3dMappings>
</vehicle>
