<?xml version="1.0" encoding="utf-8" standalone="no" ?>
<vehicle type="pallet" xmlns:xsi="http://www.w3.org/2001/XMLSchema-instance" xsi:noNamespaceSchemaLocation="../../../../shared/xml/schema/vehicle.xsd">
    <annotation>Copyright (C) GIANTS Software GmbH, All Rights Reserved.</annotation>

    <storeData>
        <name>Supply Pallet</name>
        <image>$data/store/store_empty.png</image>
        <category>pallets</category>
        <brand>LIZARD</brand>
        <showInStore>false</showInStore>
        <canBeSold>false</canBeSold>
        <financeCategory>OTHER</financeCategory>
        <vertexBufferMemoryUsage>36352</vertexBufferMemoryUsage>
        <indexBufferMemoryUsage>4864</indexBufferMemoryUsage>
        <textureMemoryUsage>1835008</textureMemoryUsage>
        <audioMemoryUsage>0</audioMemoryUsage>
        <instanceVertexBufferMemoryUsage>0</instanceVertexBufferMemoryUsage>
        <instanceIndexBufferMemoryUsage>0</instanceIndexBufferMemoryUsage>
    </storeData>

    <base>
        <typeDesc>$l10n_typeDesc_pallet</typeDesc>
        <filename>Pallet/clothesBoxPallet.i3d</filename>
        <size width="1.4" length="1" height="1.1" />
        <canBeReset>false</canBeReset>
        <components>
            <component centerOfMass="0 0.1 0" solverIterationCount="10" mass="60"/>
        </components>
        <showInVehicleMenu>false</showInVehicleMenu>
        <mapHotspot available="false" />
        <input allowed="false"/>
    </base>

    <fillUnit>
        <fillUnitConfigurations>
            <fillUnitConfiguration>
                <fillUnits removeVehicleIfEmpty="true">
                    <fillUnit unitTextOverride="$l10n_unit_literShort" fillTypes="TABLEWARE" capacity="1000"/>
                </fillUnits>
            </fillUnitConfiguration>
        </fillUnitConfigurations>
    </fillUnit>

    <dischargeable requiresTipOcclusionArea="false">
        <dischargeNode node="dischargeNode" emptySpeed="1000" fillUnitIndex="1" maxDistance="6" canStartDischargeAutomatically="true" playSound="false"/>
    </dischargeable>

    <pallet fillUnitIndex="1" node="pallet_vis">
        <content>
            <object node="clothesBox01"/>
            <object node="clothesBox02"/>
            <object node="clothesBox03"/>
            <object node="clothesBox04"/>
            <object node="clothesBox05"/>
            <object node="clothesBox06"/>
            <object node="clothesBox07"/>
            <object node="clothesBox08"/>
        </content>

        <sounds>
            <unload template="palletsFillPaper" pitchScale="0.8" />
        </sounds>
    </pallet>

    <dynamicMount triggerNode="dynamicMountTrigger" triggerForceAcceleration="4" additionalMountDistance="0.95" jointTransY="0.11" jointLimitToRotY="true"/>

    <i3dMappings>
        <i3dMapping id="clothesBoxPallet_component1" node="0>" />
        <i3dMapping id="pallet_vis" node="0>0" />
        <i3dMapping id="dynamicMountTrigger" node="0>0|0" />
        <i3dMapping id="dischargeNode" node="0>0|1" />
        <i3dMapping id="clothesBox01" node="0>0|2|0" />
        <i3dMapping id="clothesBox02" node="0>0|2|1" />
        <i3dMapping id="clothesBox03" node="0>0|2|2" />
        <i3dMapping id="clothesBox04" node="0>0|2|3" />
        <i3dMapping id="clothesBox05" node="0>0|2|4" />
        <i3dMapping id="clothesBox06" node="0>0|2|5" />
        <i3dMapping id="clothesBox07" node="0>0|2|6" />
        <i3dMapping id="clothesBox08" node="0>0|2|7" />
    </i3dMappings>
</vehicle>
