<?xml version="1.0" encoding="utf-8" standalone="no" ?>
<placeable type="simplePlaceable" xmlns:xsi="http://www.w3.org/2001/XMLSchema-instance" xsi:noNamespaceSchemaLocation="../../../../../shared/xml/schema/placeable.xsd">
    <storeData>
        <name>
	    <en>Three Barrels</en>
	    <de>Drei Fässer</de>
	</name>
        <functions>
            <function>$l10n_function_decoration</function>
        </functions>
        <image>storePics/store_barrels.dds</image>
        <price>30</price>
        <lifetime>1000</lifetime>
        <rotation>0</rotation>
        <brand>NONE</brand>
        <species>placeable</species>
        <category>placeableMisc</category>
        <brush>
            <type>placeable</type>
            <category>decoration</category>
            <tab>uncategorized</tab>
        </brush>
        <canBeSold>true</canBeSold>
        <showInStore>true</showInStore>
        <vertexBufferMemoryUsage>83456</vertexBufferMemoryUsage>
        <indexBufferMemoryUsage>14336</indexBufferMemoryUsage>
        <textureMemoryUsage>1245184</textureMemoryUsage>
        <audioMemoryUsage>0</audioMemoryUsage>
        <instanceVertexBufferMemoryUsage>0</instanceVertexBufferMemoryUsage>
        <instanceIndexBufferMemoryUsage>0</instanceIndexBufferMemoryUsage>
    </storeData>

    <base>
        <filename>i3ds/barrels.i3d</filename>
	<boughtWithFarmland>true</boughtWithFarmland>
    </base>

    <placement useRandomYRotation="false" useManualYRotation="true" >
        <testAreas>
            <testArea startNode="testArea1Start" endNode="testArea1End" />
        </testAreas>
    </placement>

    <clearAreas>
        <clearArea startNode="clearArea1Start" widthNode="clearArea1Width" heightNode="clearArea1Height"/>
    </clearAreas>

    <leveling requireLeveling="false" maxSmoothDistance="1" maxSlope="75" maxEdgeAngle="30">
    </leveling>

    <indoorAreas />

    <ai>
        <updateAreas>
            <updateArea startNode="testArea1Start" endNode="testArea1End" />
        </updateAreas>
    </ai>

    <i3dMappings>
        <i3dMapping id="clearArea1Start" node="0>0|0" />
        <i3dMapping id="clearArea1Width" node="0>0|0|0" />
        <i3dMapping id="clearArea1Height" node="0>0|0|1" />
        <i3dMapping id="testArea1Start" node="0>1|0" />
        <i3dMapping id="testArea1End" node="0>1|0|0" />
    </i3dMappings>
</placeable>
