﻿<?xml version="1.0" encoding="utf-8" standalone="no" ?>
<modDesc descVersion="64">
    <author>MISSYB</author>
    <version>1.0.0.0</version>
    <title>
        <en>Slurry Yard</en>
        <de>Güllehof</de>
    </title>
<description>
<en><![CDATA[Slurry yard to sell all of your under want manure,slurry and digestate.
Great demand are now supported as well price-drop too. When selling watch the price as they WILL drop quite fast.

Price: £50000 
]]></en>

<de><![CDATA[Güllehof für den Verkauf von Mist, Gülle und Gärresten.
Die große Nachfrage wird nun auch durch den Preisverfall unterstützt. Achten Sie beim Verkauf auf den Preis, da dieser recht schnell fallen wird.

Preis: 50000 €
]]></de>
</description>
    <iconFilename>icon.dds</iconFilename>
    <multiplayer supported="true" />
    <storeItems>
        <storeItem xmlFilename="slurryYard.xml"/>
    </storeItems>
</modDesc>