<?xml version="1.0" encoding="utf-8" standalone="no" ?>
<placeable type="sellingStation" xmlns:xsi="http://www.w3.org/2001/XMLSchema-instance" xsi:noNamespaceSchemaLocation="../../../shared/xml/schema/placeable.xsd">
    <storeData>
        <name>
            <en>Slurry Yard</en>
            <de>Güllehof</de>
        </name>
        <functions>
            <function>$l10n_function_sellingPoint</function>
        </functions>
        <image>store.dds</image>
        <price>50000</price>
        <lifetime>1000</lifetime>
        <rotation>0</rotation>
        <brand>NONE</brand>
        <species>placeable</species>
        <category>sellingPoints</category>
        <brush>
            <type>placeable</type>
            <category>production</category>
            <tab>sellingPoints</tab>
        </brush>
        <vertexBufferMemoryUsage>72192</vertexBufferMemoryUsage>
        <indexBufferMemoryUsage>12800</indexBufferMemoryUsage>
        <textureMemoryUsage>3604480</textureMemoryUsage>
        <audioMemoryUsage>0</audioMemoryUsage>
        <instanceVertexBufferMemoryUsage>0</instanceVertexBufferMemoryUsage>
        <instanceIndexBufferMemoryUsage>0</instanceIndexBufferMemoryUsage>
    </storeData>

    <base>
        <filename>slurryYard.i3d</filename>
        <canBeRenamed>true</canBeRenamed>
    </base>

    <placement useRandomYRotation="false" useManualYRotation="true" >
        <testAreas>
            <testArea startNode="testStart" endNode="testEnd" />
        </testAreas>

        <sounds>
            <place template="largeImp" />
        </sounds>
    </placement>

    <clearAreas>
        <clearArea startNode="clearStart" widthNode="clearWidth" heightNode="clearHeight"/>
    </clearAreas>

    <leveling requireLeveling="true" maxSmoothDistance="5" maxSlope="30" maxEdgeAngle="20">
        <levelAreas>
            <levelArea startNode="clearStart" widthNode="clearWidth" heightNode="clearHeight" groundType="asphalt"/>
        </levelAreas>
    </leveling>

    <indoorAreas/>

    <ai>
        <updateAreas>
            <updateArea startNode="testStart" endNode="testEnd" />
        </updateAreas>
        <splines>
            <spline node="spline" />
        </splines>
    </ai>

    <hotspots>
        <hotspot type="UNLOADING" linkNode="0>0|5" teleportNode="0>0|5" />
    </hotspots>

    <sellingStation stationName="Slurry Yard" supportsExtension="false" litersForFullPriceDrop="1200000" fullPriceRecoverHours="72">
        <unloadTrigger exactFillRootNode="fill" fillTypes="LIQUIDMANURE DIGESTATE MANURE" />
            <fillType name="liquidManure"     priceScale="10" supportsGreatDemand="true" disablePriceDrop="true" />
            <fillType name="digestate"        priceScale="20" supportsGreatDemand="true" disablePriceDrop="true" />
            <fillType name="manure"           priceScale="10" supportsGreatDemand="true" disablePriceDrop="true" />
    </sellingStation>

    <i3dMappings>
        <i3dMapping id="playerTrigger" node="0>0|0" />
        <i3dMapping id="fill" node="0>0|1" />
        <i3dMapping id="aiNodeLeft" node="0>0|2" />
        <i3dMapping id="aiNodeRight" node="0>0|3" />
        <i3dMapping id="unloadTriggerMarker" node="0>0|4" />
        <i3dMapping id="clearStart" node="0>3|0" />        
        <i3dMapping id="clearWidth" node="0>3|0|0" />
        <i3dMapping id="clearHeight" node="0>3|0|1" />
        <i3dMapping id="testStart" node="0>5|0" />
        <i3dMapping id="testEnd" node="0>5|0|0" />
        <i3dMapping id="spline" node="0>0|7" />
    </i3dMappings>
</placeable>
