<?xml version="1.0" encoding="utf-8" standalone="no" ?>
<map xmlns:xsi="http://www.w3.org/2001/XMLSchema-instance" xsi:noNamespaceSchemaLocation="../../shared/xml/schema/fillTypes.xsd">
	<fillTypes>
        <fillType name="HERBICIDE" title="$l10n_fillType_herbicide" showOnPriceTable="true" unitShort="$l10n_unit_literShort">
            <physics massPerLiter="1.0" maxPhysicalSurfaceAngle="0" />
            <economy pricePerLiter="1.07" />
            <image      hud     ="$dataS/menu/hud/fillTypes/hud_fill_herbicide.png" />
			<textures   diffuse ="textures/herbicide_diffuse.png"
                        normal  ="$data/fillPlanes/liquidManure_normal.png"
                        specular="$data/fillPlanes/liquidManure_specular.png"/>
        </fillType>
		<fillType name="LIME" title="$l10n_fillType_lime" showOnPriceTable="true" unitShort="$l10n_unit_literShort">
            <physics massPerLiter="1.0" maxPhysicalSurfaceAngle="15" />
            <economy pricePerLiter="0.35" />
			<image      hud     ="$dataS/menu/hud/fillTypes/hud_fill_lime.png" />
            <pallet     filename="$data/objects/bigBagPallet/lime/bigBagPallet_lime.xml" />
            <textures   diffuse ="$data/fillPlanes/lime_diffuse.png"
                        normal  ="$data/fillPlanes/lime_normal.png"
                        specular="$data/fillPlanes/lime_specular.png"
                        distance="$data/fillPlanes/distance/limeDistance_diffuse.png" />
        </fillType>
	</fillTypes>	
</map>