<?xml version="1.0" encoding="utf-8" standalone="no" ?>
<placeable type="productionPoint" xmlns:xsi="http://www.w3.org/2001/XMLSchema-instance" xsi:noNamespaceSchemaLocation="../../../../../shared/xml/schema/placeable.xsd">
    <storeData>
        <name>$l10n_hp</name>
        <functions>
            <function>$l10n_function_hp</function>
        </functions>
        <image>store_factory.png</image>
        <price>170000</price>
        <dailyUpkeep>120</dailyUpkeep>
        <lifetime>1000</lifetime>
        <rotation>0</rotation>
        <brand>NONE</brand>
		<species>placeable</species>
        <category>productionPoints</category>
        <brush>
            <type>placeable</type>
            <category>production</category>
            <tab>factories</tab>
		</brush>
        <vertexBufferMemoryUsage>856576</vertexBufferMemoryUsage>
        <indexBufferMemoryUsage>132096</indexBufferMemoryUsage>
        <textureMemoryUsage>11862016</textureMemoryUsage>
        <audioMemoryUsage>0</audioMemoryUsage>
        <instanceVertexBufferMemoryUsage>0</instanceVertexBufferMemoryUsage>
        <instanceIndexBufferMemoryUsage>0</instanceIndexBufferMemoryUsage>
    </storeData>

    <base>
        <filename>herbicide_production.i3d</filename>
        <canBeRenamed>true</canBeRenamed>
    </base>

    <placement useRandomYRotation="false" useManualYRotation="true" >
        <testAreas>
            <testArea startNode="testArea1Start" endNode="testArea1End" />
            <testArea startNode="testArea2Start" endNode="testArea2End" />
        </testAreas>
		<sounds>
            <place template="smallImp" />
        </sounds>
    </placement>

    <clearAreas>
        <clearArea startNode="clearArea1Start" widthNode="clearArea1Width" heightNode="clearArea1Height"/>
        <clearArea startNode="clearArea2Start" widthNode="clearArea2Width" heightNode="clearArea2Height"/>
    </clearAreas>

    <leveling requireLeveling="true" maxSmoothDistance="1" maxSlope="75" maxEdgeAngle="30">
        <levelAreas>
            <levelArea startNode="levelArea1Start" widthNode="levelArea1Width" heightNode="levelArea1Height" groundType="asphalt"/>
            <levelArea startNode="levelArea2Start" widthNode="levelArea2Width" heightNode="levelArea2Height" groundType="asphalt"/>
        </levelAreas>
    </leveling>

    <tipOcclusionUpdateAreas>
        <tipOcclusionUpdateArea startNode="tipOcclusionUpdateArea1Start" endNode="tipOcclusionUpdateArea1End" />
    </tipOcclusionUpdateAreas>

    <ai>
        <updateAreas>
            <updateArea startNode="tipOcclusionUpdateArea1Start" endNode="tipOcclusionUpdateArea1End" />
        </updateAreas>
		<splines>
            <spline node="aiSpline" />
        </splines>
    </ai>

	<indoorAreas>
        <indoorArea startNode="indoorArea1Start" widthNode="indoorArea1Width" heightNode="indoorArea1Height" />
    </indoorAreas>
	
    <dynamicallyLoadedParts>
        <dynamicallyLoadedPart filename="$data/placeables/sellingStationGeneric/sellingStationGenericNoCover.i3d" node="0" linkNode="grainGutterLinkNode" />
    </dynamicallyLoadedParts>

    <infoTrigger triggerNode="infoTrigger"/>

	<productionPoint>
        <productions sharedThroughputCapacity="false">
			<production id="HERBICIDE" name="$l10n_fillType_herbicide" cyclesPerHour="2" costsPerActiveHour="20">
                 <inputs>
                    <input fillType="CANOLA"      amount="250" />
					<input fillType="MANURE"         amount="250" />
					<input fillType="POTATO"      	amount="350" />
					<input fillType="LIME"        amount="150" />
                </inputs>
                <outputs>
                    <output fillType="HERBICIDE" amount="1200" />
                </outputs>
            </production>
			<production id="LIME" name="$l10n_fillType_lime" cyclesPerHour="2" costsPerActiveHour="20">
                 <inputs>
                    <input fillType="STONE"      amount="100" />
                </inputs>
                <outputs>
                    <output fillType="LIME" amount="150" />
                </outputs>
            </production>
        </productions>

   

        <sellingStation node="sellingStation" appearsOnStats="true" supportsExtension="false">
            <unloadTrigger exactFillRootNode="exactFillRootNode" aiNode="aiUnloadingNode" fillTypes="MANURE STONE POTATO CANOLA LIME"/>
        </sellingStation>
        <loadingStation>
			<loadTrigger triggerNode="loadingTrigger" fillLitersPerSecond="450" dischargeNode="dischargeNode" fillTypes="HERBICIDE LIME" aiNode="aiLoadingNode">
                <effectNode effectClass="PipeEffect" effectNode="pipeEffect"      materialType="pipe"           fadeTime="0.5" maxBending="0" controlPoint="4.8 0 0 0" />
                <effectNode                          effectNode="pipeEffectSmoke" materialType="unloadingSmoke" fadeTime="0.5" />
            </loadTrigger>
        </loadingStation>

        <storage isExtension="false" fillLevelSyncThreshold="100">
			<capacity fillType="CANOLA"         capacity="100000" />
			<capacity fillType="MANURE" 		capacity="100000" />
			<capacity fillType="POTATO" 		capacity="100000" />
			<capacity fillType="STONE" 			capacity="100000" />
			<capacity fillType="LIME" 			capacity="300000" />
			<capacity fillType="HERBICIDE" 		capacity="300000" />
        </storage>
		
		<playerTrigger node="playerTrigger" />
	</productionPoint>

    <hotspots>
		<hotspot type="PRODUCTION_POINT" linkNode="mapPosition" teleportNode="markerUnloading"/>
    </hotspots>

    <triggerMarkers>
        <triggerMarker node="markerLoading"   filename="$data/shared/assets/marker/markerIcons.xml" id="LOAD" adjustToGround="true" />
        <triggerMarker node="markerUnloading" filename="$data/shared/assets/marker/markerIcons.xml" id="UNLOAD" adjustToGround="true" />
		<triggerMarker node="playerTriggerMarker" filename="$data/shared/assets/marker/markerIcons.xml" id="WRENCH" adjustToGround="true" />
    </triggerMarkers>
	
	<lights>
        <group weatherRequiredFlags="NIGHT" />

        <sharedLight filename="$data/shared/assets/lights/lizard/buildings/industrialWallLight.xml" linkNode="linkedLight1" groupIndex="1"/>
        <sharedLight filename="$data/shared/assets/lights/lizard/buildings/industrialWallLight.xml" linkNode="linkedLight2" groupIndex="1"/>
        <sharedLight filename="$data/shared/assets/lights/lizard/buildings/industrialWallLight.xml" linkNode="linkedLight3" groupIndex="1"/>
        <sharedLight filename="$data/shared/assets/lights/terraLed/fluorescentTube50W.xml"          linkNode="linkedLight4" groupIndex="1"/>
        <sharedLight filename="$data/shared/assets/lights/terraLed/fluorescentTube50W.xml"          linkNode="linkedLight5" groupIndex="1"/>

        <lightShape node="interiorDay" groupIndex="1"/>
        <lightShape node="interiorDayLOD" groupIndex="1"/>

        <realLights>
            <low>
                <light node="realLightsLow" groupIndex="1"/>
            </low>
            <high>
                <light node="realLightsHigh" groupIndex="1"/>
            </high>
        </realLights>
    </lights>
	
    <i3dMappings>
        <i3dMapping id="mapPosition" node="0>0|0" />
        <i3dMapping id="storage" node="0>0|1" />
        <i3dMapping id="loadingTrigger" node="0>0|2|0|0" />
        <i3dMapping id="dischargeNode" node="0>0|2|0|1" />
        <i3dMapping id="dischargeEffect" node="0>0|2|0|2" />
        <i3dMapping id="pipeEffect" node="0>0|2|0|2|0" />
        <i3dMapping id="pipeEffectSmoke" node="0>0|2|0|2|1" />
        <i3dMapping id="aiLoadingNode" node="0>0|2|0|3" />
        <i3dMapping id="markerLoading" node="0>5" />
        <i3dMapping id="exactFillRootNode" node="0>0|3|0" />
        <i3dMapping id="grainGutterLinkNode" node="0>0|3|1" />
        <i3dMapping id="aiUnloadingNode" node="0>0|3|2" />
        <i3dMapping id="markerUnloading" node="0>6" />
        <i3dMapping id="infoTrigger" node="0>0|4" />
        <i3dMapping id="clearArea1Start" node="0>1|0" />
        <i3dMapping id="clearArea1Width" node="0>1|0|0" />
        <i3dMapping id="clearArea1Height" node="0>1|0|1" />
        <i3dMapping id="clearArea2Start" node="0>1|1" />
        <i3dMapping id="clearArea2Width" node="0>1|1|0" />
        <i3dMapping id="clearArea2Height" node="0>1|1|1" />
        <i3dMapping id="levelArea1Start" node="0>2|0" />
        <i3dMapping id="levelArea1Width" node="0>2|0|0" />
        <i3dMapping id="levelArea1Height" node="0>2|0|1" />
        <i3dMapping id="levelArea2Start" node="0>2|1" />
        <i3dMapping id="levelArea2Width" node="0>2|1|0" />
        <i3dMapping id="levelArea2Height" node="0>2|1|1" />
        <i3dMapping id="testArea1Start" node="0>3|0" />
        <i3dMapping id="testArea1End" node="0>3|0|0" />
        <i3dMapping id="testArea2Start" node="0>3|1" />
        <i3dMapping id="testArea2End" node="0>3|1|0" />
        <i3dMapping id="tipOcclusionUpdateArea1Start" node="0>4|0" />
        <i3dMapping id="tipOcclusionUpdateArea1End" node="0>4|0|0" />
		<i3dMapping id="playerTrigger" node="0>11" />
        <i3dMapping id="playerTriggerMarker" node="0>11|0" />
		<i3dMapping id="indoorArea1Start" node="0>12|0" />
        <i3dMapping id="indoorArea1Width" node="0>12|0|0" />
        <i3dMapping id="indoorArea1Height" node="0>12|0|1" />
		<i3dMapping id="aiSpline" node="0>0|3|3" />
		<i3dMapping id="realLightsLow" node="0>13|0|0" />
        <i3dMapping id="realLightsHigh" node="0>13|0|1" />
        <i3dMapping id="linkedLight1" node="0>13|1|0" />
        <i3dMapping id="linkedLight2" node="0>13|1|1" />
        <i3dMapping id="linkedLight3" node="0>13|1|2" />
        <i3dMapping id="linkedLight4" node="0>13|1|3" />
        <i3dMapping id="linkedLight5" node="0>13|1|4" />
		<i3dMapping id="interiorDay" node="0>7|0|0|2|0" />
        <i3dMapping id="interiorDayLOD" node="0>7|1|0|0" />
    </i3dMappings>
</placeable>
