﻿<?xml version="1.0" encoding="utf-8" standalone="no" ?>
<modDesc descVersion="72">
    <author>MTL Modding Team</author>
    <version>1.0.0.0</version>
    <title>
		<en>Herbicide Production</en>
		<de>Herbizid-Produktion</de>
	</title>
<description>
<en><![CDATA[This is the herbicide production with which you can produce your own herbicide but also the required lime.

Info herbicide production:

Construction costs: 170.000 $
Maintenance per day: 120 $
Fruits required: rapeseed, manure, potatoes and lime
Capacity per fruit: 100.000 L
Cycles per hour: 2
Cost per hour: 20 $]]></en>
<de><![CDATA[Hierbei handelt es sich um eine Herbizid-Produktion, mit der du dein eigenes Herbizid, aber auch den benötigten Kalk herstellen kannst.

Infos Herbizid-Produktion:

Baukosten: 170000 €
Unterhalt: 120 €/Tag
Eingehende Produkte: Raps, Mist, Kartoffeln und Kalk
Kapazität pro Fruchtart: 100000 L
Zyklen: 2/Std
Produktionskosten: 20 €/Std]]></de>
<fr><![CDATA[C'est la production d'herbicide avec laquelle vous pouvez produire votre propre herbicide mais aussi la chaux nécessaire.

Info production d'herbicide:

Coûts de construction : 170 000 €
Entretien par jour : 120 €
Fruits recherchés : colza, fumier, pommes de terre et citron vert
Capacité par fruit : 100 000 L
Cycles par heure : 2
Tarif horaire : 20 €]]></fr>
</description>
    <iconFilename>icon_herbicide_production.png</iconFilename>
    <multiplayer supported="true"/>
	<storeItems>
		<storeItem xmlFilename="herbicide_production.xml" />
    </storeItems>
	<fillTypes filename="herbicidefilltypes.xml" />
	<l10n filenamePrefix="textures/l10n"/>
</modDesc>
