﻿<?xml version="1.0" encoding="utf-8" standalone="no" ?>
<vehicle type="teleHandler" xmlns:xsi="http://www.w3.org/2001/XMLSchema-instance" xsi:noNamespaceSchemaLocation="../../../../shared/xml/schema/vehicle.xsd">
    <annotation>Copyright (C) GIANTS Software GmbH, All Rights Reserved.</annotation>
    <storeData>
        <name>
            <en>BigLift 3500</en></name>
        <specs>
            <power>146</power>
            <maxSpeed>35</maxSpeed>
            <combination filterCategory="teleLoaderTools"/>
        </specs>
        <functions>
            <function>$l10n_function_telehandler</function>
        </functions>
        <image>store_biglift3500.dds</image>
        <price>109000</price>
        <lifetime>600</lifetime>
        <rotation>0</rotation>
        <brand>KRONE</brand>
        <category>teleLoaderVehicles</category>
        <shopTranslationOffset>0 0.009 0</shopTranslationOffset>
        <shopRotationOffset>0.007 0 0</shopRotationOffset>
        <vertexBufferMemoryUsage>6637056</vertexBufferMemoryUsage>
        <indexBufferMemoryUsage>1078528</indexBufferMemoryUsage>
        <textureMemoryUsage>7077888</textureMemoryUsage>
        <instanceVertexBufferMemoryUsage>0</instanceVertexBufferMemoryUsage>
        <instanceIndexBufferMemoryUsage>0</instanceIndexBufferMemoryUsage>
        <audioMemoryUsage>502477</audioMemoryUsage>
    </storeData>
    <base>
        <typeDesc>$l10n_typeDesc_telehandler</typeDesc>
        <filename>BIGLift3500.i3d</filename>
        <sounds filename="$data/vehicles/newHolland/th742/sounds/th742.xml"/>
        <size width="3.6" length="6" height="2.9" lengthOffset="0.1"/>
        <components>
            <component centerOfMass="0 0.6 0" solverIterationCount="28" mass="3770"/>
            <component centerOfMass="0 0 0" solverIterationCount="10" mass="3620"/>
            <joint component1="1" component2="2" node="axisJoint" rotLimit="0 0 10" rotLimitSpring="0 0 4000" rotLimitDamping="0 0 75" maxRotDriveForce="0 0 10" rotDriveRotation="0 0 0" rotDriveSpring="0 0 20" rotDriveDamping="0 0 15" breakable="false"/>
        </components>
        <schemaOverlay attacherJointPosition="0 0" name="LOADER"/>
        <mapHotspot type="WHEELLOADER"/>
    </base>
    <wheels>
        <wheelConfigurations>
			<wheelConfiguration name="$l10n_configuration_valueDefault" price="0" brand="TRELLEBORG" saveId="TRELLEBORG_DEFAULT">
                <wheels autoRotateBackSpeed="2.4">
                    <wheel filename="$data/shared/wheels/tires/trelleborg/TH400/440_80R24.xml" isLeft="true" hasTireTracks="true" hasParticles="true" >
                        <physics rotSpeed="1" restLoad="1.0" repr="axisFrontLeft"  driveNode="wheelFrontLeft"  forcePointRatio="0.2"  initialCompression="15" suspTravel="0.11" spring="48" damper="50" frictionScale="2" />
                        <steering node="steeringBarFront" nodeMinTransX="0.12" nodeMaxTransX="-0.12"/>
                    </wheel>
                    <wheel filename="$data/shared/wheels/tires/trelleborg/TH400/440_80R24.xml" isLeft="false" hasTireTracks="true" hasParticles="true" >
                        <physics rotSpeed="1" restLoad="1.0" repr="axisFrontRight" driveNode="wheelFrontRight" forcePointRatio="0.2"  initialCompression="15" suspTravel="0.11" spring="48" damper="50" frictionScale="2" />
                    </wheel>
                    <wheel filename="$data/shared/wheels/tires/trelleborg/TH400/440_80R24.xml" isLeft="true" hasTireTracks="true" hasParticles="true" >
                        <physics rotSpeed="1" restLoad="3.0" repr="axisBackLeft"   driveNode="wheelBackLeft"   forcePointRatio="0.3"  initialCompression="40" suspTravel="0.15" spring="47"  damper="50" frictionScale="2" />
                        <steering node="steeringBarBack" nodeMinTransX="-0.12" nodeMaxTransX="0.12" />
                    </wheel>
                    <wheel filename="$data/shared/wheels/tires/trelleborg/TH400/440_80R24.xml" isLeft="false" hasTireTracks="true" hasParticles="true" >
                        <physics rotSpeed="1" restLoad="3.0" repr="axisBackRight"  driveNode="wheelBackRight"  forcePointRatio="0.3"  initialCompression="40" suspTravel="0.15" spring="47"  damper="50" frictionScale="2" />
                    </wheel>
                </wheels>
            </wheelConfiguration>

            <wheelConfiguration name="$l10n_configuration_valueWheelBroad" price="1200" brand="TRELLEBORG" saveId="TRELLEBORG_BROAD">
                <wheels baseConfig="TRELLEBORG_DEFAULT">
                    <wheel filename="$data/shared/wheels/tires/trelleborg/TH400/500_70R24.xml">
                        <physics yOffset="-0.005"/>
                    </wheel>
                    <wheel filename="$data/shared/wheels/tires/trelleborg/TH400/500_70R24.xml">
                        <physics yOffset="-0.005"/>
                    </wheel>
                    <wheel filename="$data/shared/wheels/tires/trelleborg/TH400/500_70R24.xml">
                        <physics yOffset="-0.005"/>
                    </wheel>
                    <wheel filename="$data/shared/wheels/tires/trelleborg/TH400/500_70R24.xml">
                        <physics yOffset="-0.005"/>
                    </wheel>
                </wheels>
            </wheelConfiguration>

            <wheelConfiguration name="$l10n_configuration_valueDefault" price="1200" brand="MICHELIN" saveId="MICHELIN_DEFAULT">
                <wheels baseConfig="TRELLEBORG_DEFAULT">
                    <wheel filename="$data/shared/wheels/tires/michelin/crossgrip/500_70R24.xml"/>
                    <wheel filename="$data/shared/wheels/tires/michelin/crossgrip/500_70R24.xml"/>
                    <wheel filename="$data/shared/wheels/tires/michelin/crossgrip/500_70R24.xml"/>
                    <wheel filename="$data/shared/wheels/tires/michelin/crossgrip/500_70R24.xml"/>
                </wheels>
            </wheelConfiguration>            
			<wheelConfiguration name="$l10n_configuration_valueWheelBroad" price="1200" brand="MICHELIN" saveId="MICHELIN_BROAD">
                <wheels baseConfig="TRELLEBORG_DEFAULT">
                    <wheel filename="$data/shared/wheels/tires/michelin/multibib/540_65R24.xml"/>
                    <wheel filename="$data/shared/wheels/tires/michelin/multibib/540_65R24.xml"/>
                    <wheel filename="$data/shared/wheels/tires/michelin/multibib/540_65R24.xml"/>
                    <wheel filename="$data/shared/wheels/tires/michelin/multibib/540_65R24.xml"/>
                </wheels>
            </wheelConfiguration>

            <wheelConfiguration name="$l10n_configuration_valueDefault" price="1200" brand="CONTINENTAL" saveId="CONTINENTAL_DEFAULT">
                <wheels baseConfig="TRELLEBORG_DEFAULT">
                    <wheel filename="$data/shared/wheels/tires/continental/tractor70/480_70R24.xml">
                        <physics yOffset="-0.006"/>
                    </wheel>
                    <wheel filename="$data/shared/wheels/tires/continental/tractor70/480_70R24.xml">
                        <physics yOffset="-0.006"/>
                    </wheel>
                    <wheel filename="$data/shared/wheels/tires/continental/tractor70/480_70R24.xml">
                        <physics yOffset="-0.006"/>
                    </wheel>
                    <wheel filename="$data/shared/wheels/tires/continental/tractor70/480_70R24.xml">
                        <physics yOffset="-0.006"/>
                    </wheel>
                </wheels>
            </wheelConfiguration>

            <wheelConfiguration name="$l10n_configuration_valueDefault" price="0" brand="MITAS" saveId="MITAS_DEFAULT">
                <wheels baseConfig="TRELLEBORG_DEFAULT">
                    <wheel filename="$data/shared/wheels/tires/mitas/AC70G/480_70R24.xml"/>
                    <wheel filename="$data/shared/wheels/tires/mitas/AC70G/480_70R24.xml"/>
                    <wheel filename="$data/shared/wheels/tires/mitas/AC70G/480_70R24.xml"/>
                    <wheel filename="$data/shared/wheels/tires/mitas/AC70G/480_70R24.xml"/>
                </wheels>
            </wheelConfiguration>

            <wheelConfiguration name="$l10n_configuration_valueDefault" price="0" brand="BKT" saveId="BKT_DEFAULT">
                <wheels baseConfig="TRELLEBORG_DEFAULT">
                    <wheel filename="$data/shared/wheels/tires/bkt/multimaxMP522/440_80R24.xml"/>
                    <wheel filename="$data/shared/wheels/tires/bkt/multimaxMP522/440_80R24.xml"/>
                    <wheel filename="$data/shared/wheels/tires/bkt/multimaxMP522/440_80R24.xml"/>
                    <wheel filename="$data/shared/wheels/tires/bkt/multimaxMP522/440_80R24.xml"/>
                </wheels>
            </wheelConfiguration>            
			<wheelConfiguration name="$l10n_configuration_valueWheelBroad" price="0" brand="BKT" saveId="BKT_BROAD">
                <wheels baseConfig="TRELLEBORG_DEFAULT">
                    <wheel filename="$data/shared/wheels/tires/bkt/multimaxMP522/500_70R24.xml"/>
                        <physics yOffset="-0.005"/>
					<wheel filename="$data/shared/wheels/tires/bkt/multimaxMP522/500_70R24.xml"/>
                        <physics yOffset="-0.005"/>
                    <wheel filename="$data/shared/wheels/tires/bkt/multimaxMP522/500_70R24.xml"/>
                        <physics yOffset="-0.005"/>
                    <wheel filename="$data/shared/wheels/tires/bkt/multimaxMP522/500_70R24.xml"/>
                        <physics yOffset="-0.005"/>
                </wheels>
            </wheelConfiguration>

            <wheelConfiguration name="$l10n_configuration_valueWheelBroad" price="1200" brand="VREDESTEIN" saveId="VREDESTEIN_BROAD">
                <wheels baseConfig="TRELLEBORG_DEFAULT">
                    <wheel filename="$data/shared/wheels/tires/vredestein/traxionVersa/500_70R24.xml">
                        <physics yOffset="-0.005"/>
                    </wheel>
                    <wheel filename="$data/shared/wheels/tires/vredestein/traxionVersa/500_70R24.xml">
                        <physics yOffset="-0.005"/>
                    </wheel>
                    <wheel filename="$data/shared/wheels/tires/vredestein/traxionVersa/500_70R24.xml">
                        <physics yOffset="-0.005"/>
                    </wheel>
                    <wheel filename="$data/shared/wheels/tires/vredestein/traxionVersa/500_70R24.xml">
                        <physics yOffset="-0.005"/>
                    </wheel>
                </wheels>
            </wheelConfiguration>              
            <wheelConfiguration name="$l10n_configuration_valueWheelBroad" price="1200" brand="VREDESTEIN" saveId="VREDESTEIN_COMMUNAL">
			<wheels baseConfig="TRELLEBORG_DEFAULT">
                    <wheel filename="$data/shared/wheels/tires/vredestein/endurion/500_70R24.xml">
                        <physics yOffset="-0.005"/>
                    </wheel>
                    <wheel filename="$data/shared/wheels/tires/vredestein/endurion/500_70R24.xml">
                        <physics yOffset="-0.005"/>
                    </wheel>
                    <wheel filename="$data/shared/wheels/tires/vredestein/endurion/500_70R24.xml">
                        <physics yOffset="-0.005"/>
                    </wheel>
                    <wheel filename="$data/shared/wheels/tires/vredestein/endurion/500_70R24.xml">
                        <physics yOffset="-0.005"/>
                    </wheel>
                </wheels>
            </wheelConfiguration>
            <wheelConfiguration name="$l10n_configuration_valueWheelCommunal" price="1000" brand="NOKIAN" saveId="NOKIAN_COMMUNAL">
                <wheels baseConfig="TRELLEBORG_DEFAULT">
                    <wheel filename="$data/shared/wheels/tires/nokian/TRI2/500_70R24.xml"/>
                    <wheel filename="$data/shared/wheels/tires/nokian/TRI2/500_70R24.xml"/>
                    <wheel filename="$data/shared/wheels/tires/nokian/TRI2/500_70R24.xml"/>
                    <wheel filename="$data/shared/wheels/tires/nokian/TRI2/500_70R24.xml"/>
                </wheels>
            </wheelConfiguration>
        </wheelConfigurations>
        <ackermannSteeringConfigurations>
            <ackermannSteering rotSpeed="35" rotMax="40" rotCenter="0 0.28"/>
        </ackermannSteeringConfigurations>
        <rimColor material="18">1 1 1</rimColor>
        <hubs>
            <color0>NEWHOLLAND_BLACK1</color0>
            <color1 material="0">NEWHOLLAND_BLACK1</color1>
            <hub linkNode="wheelFrontLeft" filename="$data/shared/wheels/hubs/hub_n10_2.xml" isLeft="true" scale="0.33 0.33 0.33"/>
            <hub linkNode="wheelFrontRight" filename="$data/shared/wheels/hubs/hub_n10_2.xml" isLeft="false" scale="0.33 0.33 0.33"/>
            <hub linkNode="wheelBackLeft" filename="$data/shared/wheels/hubs/hub_n10_2.xml" isLeft="true" scale="0.33 0.33 0.33"/>
            <hub linkNode="wheelBackRight" filename="$data/shared/wheels/hubs/hub_n10_2.xml" isLeft="false" scale="0.33 0.33 0.33"/>
        </hubs>
    </wheels>
    <speedRotatingParts>
        <speedRotatingPart node="pto01" radius="0.1"/>
        <speedRotatingPart node="pto02" radius="0.1"/>
        <speedRotatingPart node="pto03" radius="0.1"/>
    </speedRotatingParts>
    <lights>
        <sharedLight linkNode="sideMarker05Orange" filename="$data/shared/assets/reflectors/lizard/yellowRectangle_01.xml"/>
        <sharedLight linkNode="sideMarker05Orange1" filename="$data/shared/assets/reflectors/lizard/yellowRectangle_01.xml"/>
        <sharedLight linkNode="yellowRound_01" filename="$data/shared/assets/reflectors/lizard/yellowRound_03.xml"/>
        <states>
            <state lightTypes="0"/>
            <state lightTypes="0 1"/>
            <state lightTypes="0 1 2"/>
        </states>
        <realLights>
            <low>
                <light node="frontLightLow" lightTypes="0 2" excludedLightTypes="2 3"/>
                <light node="highBeamLow" lightTypes="3"/>
                <light node="workLightBackLow" lightTypes="1"/>
                <light node="workLightFrontLow" lightTypes="2"/>
            </low>
            <high>
                <light node="frontLightHigh" lightTypes="0" />
                <light node="backLightsHigh1" lightTypes="0"/>
                <light node="licensePlateLightHigh" lightTypes="0" />
                <light node="highBeamHigh" lightTypes="3"/>
                <light node="workLightBackHigh1" lightTypes="1"/>
                <light node="workLightFrontHigh1" lightTypes="2"/>
                <light node="workLightFrontHigh5" lightTypes="2"/>
                <brakeLight node="backLightsHigh1"/>
                <turnLightLeft node="turnLightLeftFront"/>
                <turnLightRight node="turnLightRightFront"/>
                <interiorLight node="interiorScreenLight"/>
            </high>
        </realLights>
        <defaultLights>
            <defaultLight shaderNode="backlightStatic" lightTypes="0"/>
            <defaultLight shaderNode="backlightStatic2" lightTypes="0"/>
            <defaultLight shaderNode="frontlightStatic" lightTypes="0" intensity="100"/>
            <defaultLight shaderNode="worklightBackStatic" lightTypes="1" intensity="250" />
            <defaultLight shaderNode="worklightFrontStatic" lightTypes="2" intensity="250" />
            <defaultLight shaderNode="worklightFrontStatic2" lightTypes="2" intensity="250" />
        </defaultLights>
        <turnLights>
            <turnLightLeft shaderNode="turnlightLeftStatic01"/>
            <turnLightLeft shaderNode="turnlightLeftStatic02"/>
            <turnLightRight shaderNode="turnlightRightStatic01"/>
            <turnLightRight shaderNode="turnlightRightStatic02"/>
        </turnLights>
        <brakeLights>
            <brakeLight shaderNode="backlightStatic"/>
        </brakeLights>
        <beaconLights>
            <beaconLight node="beaconLight03" filename="$data/shared/assets/beaconLights/lizard/beaconLight09.xml"/>
        </beaconLights>
        <dashboards>
            <dashboard displayType="EMITTER" valueType="lightState" node="seatDecalsLight" intensity="0.2" lightTypes="0" groups="MOTOR_ACTIVE"/>
            <dashboard displayType="EMITTER" valueType="lightState" node="cabinDecalsLight" intensity="0.2" lightTypes="0" groups="MOTOR_ACTIVE"/>
            <dashboard displayType="EMITTER" valueType="lightState" node="worklightFrontDecal" intensity="0.2" lightTypes="2" groups="MOTOR_ACTIVE"/>
            <dashboard displayType="EMITTER" valueType="lightState" node="worklightBackDecal" intensity="0.2" lightTypes="1" groups="MOTOR_ACTIVE"/>
            <dashboard displayType="EMITTER" valueType="beaconLight" node="beaconLight_decal" intensity="0.5" groups="MOTOR_ACTIVE"/>
            <dashboard displayType="EMITTER" valueType="lightState" node="dashsboardDecals" intensity="0.2" baseColor="BLACK" groups="MOTOR_ACTIVE"/>
        </dashboards>
    </lights>
    <licensePlates>
        <licensePlate node="licensePlateFront" position="FRONT" preferedType="SQUARISH" />
        <licensePlate node="licensePlateBack" position="BACK" preferedType="SQUARISH" />
    </licensePlates>
    <enterable isTabbable="true">
        <enterReferenceNode node="th742_main_component1"/>
        <exitPoint node="exitPoint"/>
        <cameras>
            <camera node="outdoorCamera1" rotatable="true" rotateNode="outdoorCameraTarget" limit="true" useWorldXZRotation="true" rotMinX="-1.4" rotMaxX="1" transMin="3.8" transMax="40" translation="0 0 5.7" rotation="-19 180 0">
                <raycastNode node="cameraRaycastNode1"/>
                <raycastNode node="cameraRaycastNode2"/>
                <raycastNode node="cameraRaycastNode3"/>
            </camera>
            <camera node="indoorCamera1" rotatable="true" limit="true" rotMinX="-1.1" rotMaxX="0.8" transMin="0" transMax="0" useMirror="true" isInside="true" shadowFocusBox="shadowFocusBox" suspensionNodeIndex="1"/>
        </cameras>
        <characterNode node="playerSkin" cameraMinDistance="0.5" spineRotation="-90 0 90">
            <target ikChain="rightFoot" targetNode="playerRightFootTarget"/>
            <target ikChain="leftFoot" targetNode="playerLeftFootTarget"/>
            <target ikChain="rightArm" targetNode="playerRightHandTarget" poseId="wideFingers"/>
            <target ikChain="leftArm" targetNode="playerLeftHandTarget"/>
        </characterNode>
        <characterTargetNodeModifier node="playerLeftFootTarget" transitionTime="0.2">
            <state node="playerLeftFootTargetBrake" referenceNode="brakePedal"/>
        </characterTargetNodeModifier>
        <characterTargetNodeModifier node="playerRightFootTarget" transitionTime="0.1">
            <state node="playerRightFootTargetGas" referenceNode="gasPedal" directionReferenceNode="playerRightFootTargetGasRef"/>
        </characterTargetNodeModifier>
        <mirrors>
            <mirror node="mirror01Decal" prio="1"/>
            <mirror node="mirror02Decal" prio="1"/>
            <mirror node="mirror03Decal" prio="2"/>
            <mirror node="mirror04Decal" prio="2"/>
        </mirrors>
        <dashboards>
            <dashboard displayType="TEXT" valueType="time" node="numbersTime" textColor="0.2622 0.5089 0.9647 1" textSize="0.007" textMask="00:00" font="GENERIC" groups="MOTOR_ACTIVE"/>
            <dashboard displayType="TEXT" valueType="operatingTime" node="numbersOperatingTime" textColor="0.2622 0.5089 0.9647 1" textSize="0.008" textMask="00000.0h" font="GENERIC" groups="MOTOR_ACTIVE"/>
        </dashboards>
    </enterable>
    <motorized>
        <consumerConfigurations>
            <consumerConfiguration>
                <consumer fillUnitIndex="1" usage="44" fillType="diesel"/>
                <!-- usage is per hour at max load and max rpm -->
                <consumer fillUnitIndex="2" usage="8" fillType="def"/>
                <!-- usage is per hour at max load and max rpm -->
            </consumerConfiguration>
        </consumerConfigurations>
        <differentialConfigurations>
            <differentialConfiguration>
                <differentials>
                    <differential torqueRatio="0.5" maxSpeedRatio="2.0" wheelIndex1="1" wheelIndex2="2"/>
                    <!-- front left-right -->
                    <differential torqueRatio="0.5" maxSpeedRatio="1.8" wheelIndex1="3" wheelIndex2="4"/>
                    <!-- back left-right -->
                    <differential torqueRatio="0.5" maxSpeedRatio="1.3" differentialIndex1="1" differentialIndex2="2"/>
                    <!-- front-back -->
                </differentials>
            </differentialConfiguration>
        </differentialConfigurations>
        <motorConfigurations>
            <motorConfiguration name="Biglift 3500" hp="146" price="0">
                <motor torqueScale="0.618" minRpm="850" maxRpm="2200" maxForwardSpeed="43" maxBackwardSpeed="15" brakeForce="4.5" lowBrakeForceScale="0.22" dampingRateScale="0.8">
                    <torque normRpm="0.45" torque="0.9"/>
                    <torque normRpm="0.5" torque="0.97"/>
                    <torque normRpm="0.59" torque="1"/>
                    <torque normRpm="0.72" torque="1"/>
                    <torque normRpm="0.86" torque="0.88"/>
                    <torque normRpm="1" torque="0.72"/>
                </motor>
                <transmission minForwardGearRatio="15.8" maxForwardGearRatio="310" minBackwardGearRatio="45" maxBackwardGearRatio="310" name="$l10n_info_transmission_cvt"/>
            </motorConfiguration>
        </motorConfigurations>
        <exhaustEffects>
            <exhaustEffect node="exhaustParticle1" filename="$data/effects/exhaust/exhaust.i3d" minRpmColor="0.9 0.9 0.9 0.1" maxRpmColor="0.9 0.9 0.9 0.4" minRpmScale="0.05" maxRpmScale="0.5"/>
        </exhaustEffects>
        <motorStartDuration>3300</motorStartDuration>
        <dashboards>
            <dashboard displayType="ANIMATION" valueType="speed" animName="speedAnim" minValueAnim="0" maxValueAnim="40" groups="MOTOR_ACTIVE"/>
            <dashboard displayType="ANIMATION" valueType="motorTemperature" animName="tempAnim" minValueAnim="0" maxValueAnim="120" groups="MOTOR_ACTIVE"/>
            <dashboard displayType="TEXT" valueType="rpm" node="numbersRpm" textColor="0.2622 0.5089 0.9647 1" textSize="0.007" textMask="0000" font="GENERIC" groups="MOTOR_ACTIVE"/>
            <dashboard displayType="TEXT" valueType="speed" node="numbersSpeed" textColor="0.2622 0.5089 0.9647 1" textSize="0.007" textMask="00.0" font="GENERIC" groups="MOTOR_ACTIVE"/>
            <dashboard displayType="ROT" valueType="movingDirection" node="directionStick" minRot="0 12 0" maxRot="0 -12 0" doInterpolation="true" interpolationSpeed="0.01" groups="MOTOR_ACTIVE"/>
            <dashboard displayType="MULTI_STATE" valueType="ignitionState" node="ignitionKey" doInterpolation="true" groups="MOTOR_ACTIVE">
                <state value="0" rotation="0 0 0"/>
                <state value="1" rotation="-90 0 0"/>
                <state value="2" rotation="-30 0 0"/>
            </dashboard>
        </dashboards>
    </motorized>
    <fillUnit>
        <fillUnitConfigurations>
            <fillUnitConfiguration>
                <fillUnits>
                    <fillUnit unitTextOverride="$l10n_unit_literShort" showOnHud="false" showInShop="false" fillTypes="diesel" capacity="140">
                        <dashboard displayType="ANIMATION" valueType="fillLevel" animName="fillLevelAnimation" groups="MOTOR_ACTIVE"/>
                    </fillUnit>
                    <fillUnit unitTextOverride="$l10n_unit_literShort" showOnHud="false" showInShop="false" showOnInfoHud="false" fillTypes="def" capacity="27"/>
                </fillUnits>
            </fillUnitConfiguration>
        </fillUnitConfigurations>
    </fillUnit>
    <suspensions>
        <suspension node="seat" weight="150" minTranslation="-0.05 -0.15 0.0" maxTranslation="0.05 0.15 0.0" suspensionParametersX="20 4" suspensionParametersY="5 1" suspensionParametersZ="20 4"/>
        <suspension useCharacterTorso="true" weight="90" minRotation="0 -5 -5" maxRotation="0 5 5" suspensionParametersY="7 1" suspensionParametersZ="7 1"/>
    </suspensions>
    <drivable>
        <steeringWheel node="steeringWheel" indoorRotation="540" outdoorRotation="40"/>
        <dashboards>
            <dashboard displayType="ROT" valueType="accelerationAxis" node="gasPedal" minRot="0 0 0" maxRot="0 0 -18" doInterpolation="true" groups="MOTOR_ACTIVE"/>
            <dashboard displayType="ROT" valueType="decelerationAxis" node="brakePedal" minRot="0 0 0" maxRot="-20 0 0" doInterpolation="true" groups="MOTOR_ACTIVE"/>
        </dashboards>
    </drivable>
    <attacherJoints comboDuration="2">
        <attacherJoint node="trailerAttacherJoint" jointType="trailer" lowerRotLimit="25 80 50" allowsJointLimitMovement="false">
            <distanceToGround lower="0.67" upper="0.98"/>
            <transNode node="trailerAttacherNode" minY="0.662" maxY="0.968"/>
            <schema position="1 0" rotation="0" invertX="false"/>
        </attacherJoint>
        <attacherJoint node="attacherJointDummy" nodeVisual="attacherJoint" jointType="telehandler" allowsJointLimitMovement="false" allowsLowering="false" rotLimitSpring="7500 7500 7500" rotLimitDamping="5 5 5" transLimitSpring="7500 7500 7500" transLimitDamping="5 5 5">
            <schema position="1 0" rotation="0" invertX="true"/>
        </attacherJoint>
        <attacherJoint node="trailerAttacherJointFront" jointType="trailer" lowerRotLimit="25 40 50" allowsJointLimitMovement="false">
            <schema position="1 0" rotation="0" invertX="false"/>
        </attacherJoint>
    </attacherJoints>
    <connectionHoses>
        <target attacherJointIndices="1" type="electric" node="electricSocket" socket="electric"/>
        <target attacherJointIndices="1" type="airDoubleYellow" node="0>0|8|2|3" socket="air_yellow"/>
		<target attacherJointIndices="1" type="airDoubleRed" node="0>0|8|2|4"    socket="air_red"/>
        <target attacherJointIndices="1" type="hydraulicIn" node="hydraulic01_in">
            <objectChange node="hydraulic01_in_cover" rotationActive="80 0 0" rotationInactive="0 0 0"/>
        </target>
        <target attacherJointIndices="1" type="hydraulicOut" node="hydraulic01_out">
            <objectChange node="hydraulic01_out_cover" rotationActive="-80 0 0" rotationInactive="0 0 0"/>
        </target>
        <target attacherJointIndices="2" type="hydraulicIn" node="hydraulic03_in">
            <objectChange node="hydraulic03_in_cover" visibilityActive="false" visibilityInactive="true"/>
        </target>
        <target attacherJointIndices="2" type="hydraulicOut" node="hydraulic03_out">
            <objectChange node="hydraulic03_out_cover" visibilityActive="false" visibilityInactive="true"/>
        </target>
    </connectionHoses>
    <wipers>
        <wiper animName="wiperFrontAnimation">
            <state animSpeed="0.75" animPause="2.0"/>
            <state animSpeed="0.75" animPause="0.0"/>
            <state animSpeed="1.10" animPause="0.0"/>
        </wiper>
        <wiper animName="wiperBackAnimation">
            <state animSpeed="1.0" animPause="2.0"/>
        </wiper>
    </wipers>
    
	
	
    <cylindered>
        <movingTools>
            <movingTool node="mainArmDummy" delayedNode="mainArm" playSound="false">
                <controls axis="AXIS_FRONTLOADER_ARM" invertAxis="true" mouseSpeedFactor="0.4" iconName="CRANE_ARM2_ROTATE_X"/>
                <attacherJoint jointIndices="2"/>
                <rotation rotSpeed="15" rotAcceleration="100" rotMax="0" rotMin="-66" startRot="-3"/>
                <dependentMovingTool node="attacherDummy" minRotLimits="-2 -70" maxRotLimits="120 60"/>
                <dependentPart node="attacherDummyRot"/>
            </movingTool>
            <movingTool node="mainArm">
                <dependentPart node="mainArmHydraulic"/>
                <dependentPart node="mainArm2Hydraulic"/>
                <dependentPart node="attacherRot"/>
            </movingTool>
            <movingTool node="secondArmDummy" delayedNode="secondArm" playSound="true">
                <controls axis="AXIS_FRONTLOADER_ARM2" invertAxis="false" mouseSpeedFactor="0.25" iconName="CRANE_ARM2_TRANSLATE"/>
                <attacherJoint jointIndices="2"/>
                <translation transSpeed="0.9" transAcceleration="10" transMax="3" transMin="0" translationAxis="2"/>
            </movingTool>
            <movingTool node="attacherDummy" delayedNode="attacher" playSound="false">
                <controls axis="AXIS_FRONTLOADER_TOOL" invertAxis="true" mouseSpeedFactor="0.35" iconName="CRANE_ARM2_ROTATE_TOOL"/>
                <attacherJoint jointIndices="2"/>
                <rotation rotSpeed="60" rotAcceleration="300" rotMax="120" rotMin="-2" startRot="26"/>
            </movingTool>
            <movingTool node="attacher">
                <dependentPart node="attacherPart01"/>
                <dependentPart node="attacherHydraulic"/>
            </movingTool>
        </movingTools>
        <movingParts>
            <movingPart node="steeringBarFrontLeft" referencePoint="steeringBarFrontLeftRef" referenceFrame="steeringBarFrontLeftRef" isActiveDirty="true" maxUpdateDistance="40" scaleZ="true"/>
            <movingPart node="steeringBarFrontRight" referencePoint="steeringBarFrontRightRef" referenceFrame="steeringBarFrontRightRef" isActiveDirty="true" maxUpdateDistance="40" scaleZ="true"/>
            <movingPart node="steeringBarBackLeft" referencePoint="steeringBarBackLeftRef" referenceFrame="steeringBarBackLeftRef" isActiveDirty="true" maxUpdateDistance="40" scaleZ="true"/>
            <movingPart node="steeringBarBackRight" referencePoint="steeringBarBackRightRef" referenceFrame="steeringBarBackRightRef" isActiveDirty="true" maxUpdateDistance="40" scaleZ="true"/>
            <movingPart node="pto02Rot" referencePoint="pto02RotRef" referenceFrame="pto02RotRef" isActiveDirty="true" maxUpdateDistance="40"/>
            <movingPart node="mainArmHydraulic" referencePoint="mainArmHydraulicRef" referenceFrame="mainArmHydraulicRef">
                <translatingPart node="mainArmHydraulicPunch"/>
            </movingPart>
            <movingPart node="mainArm2Hydraulic" referencePoint="mainArm2HydraulicRef" referenceFrame="mainArm2HydraulicRef">
                <translatingPart node="mainArm2HydraulicPunch"/>
            </movingPart>
            <movingPart node="attacherDummyRot" referenceFrame="th742_main_component1">
                <attacherJoint jointIndices="1"/>
                <dependentPart node="attacherPart01"/>
            </movingPart>
            <movingPart node="attacherRot" referenceFrame="th742_main_component1">
                <dependentPart node="attacherHydraulic"/>
                <dependentPart node="attacherPart01"/>
            </movingPart>
            <movingPart node="attacherHydraulic" referencePoint="attacherHydraulicRef" referenceFrame="attacherHydraulicRef">
                <translatingPart node="attacherHydraulicPunch"/>
            </movingPart>
            <movingPart node="attacherPart01" localReferencePoint="attacherPart02" referencePoint="attacherPart02Ref" referenceFrame="attacherPart01RefFrame">
                <dependentPart node="attacherPart02"/>
            </movingPart>
            <movingPart node="attacherPart02" referencePoint="attacherPart02Ref" referenceFrame="attacherPart02Ref"/>
        </movingParts>
        <sounds>
            <actionSound template="hydraulicLayerTone2" pitchScale="1.0" volumeScale="1.2" linkNode="mainArmHydraulic" actionNames="TRANSLATING_POS TRANSLATING_NEG" nodes="mainArmHydraulic" fadeIn="0.1" fadeOut="0.05"/>
            <actionSound template="hydraulicLayerTone" pitchScale="0.6" volumeScale="1.2" linkNode="mainArmHydraulic" actionNames="TRANSLATING_POS" nodes="mainArmHydraulic" fadeIn="0.1" fadeOut="0.05"/>
            <actionSound template="hydraulicLayerTone2" pitchScale="2.5" volumeScale="0.4" linkNode="attacherHydraulic" actionNames="TRANSLATING_POS TRANSLATING_NEG" nodes="attacherHydraulic" fadeIn="0.1" fadeOut="0.05"/>
            <actionSound template="defaultHydraulicSound" pitchScale="1.1" volumeScale="0.8" linkNode="attacherHydraulic" actionNames="TRANSLATING_POS TRANSLATING_NEG" nodes="attacherHydraulic" fadeIn="0.1" fadeOut="0.05"/>
            <actionSound template="metalLowVar2" pitchScale="1.0" volumeScale="3" linkNode="mainArmDummy" actionNames="TOOL_MOVE_END_POS_LIMIT" nodes="mainArmDummy"/>
            <actionSound template="cylinderPunch" pitchScale="1.5" volumeScale="0.4" linkNode="mainArmDummy" actionNames="TOOL_MOVE_END_POS_LIMIT" nodes="mainArmDummy"/>
            <actionSound template="metalClose" pitchScale="2.5" volumeScale="0.6" linkNode="mainArmDummy" actionNames="TOOL_MOVE_END_POS_LIMIT" nodes="mainArmDummy"/>
            <actionSound template="clackVar4" pitchScale="1.5" volumeScale="2.0" linkNode="mainArmDummy" actionNames="TOOL_MOVE_END_POS_LIMIT" nodes="mainArmDummy"/>
            <actionSound template="metalLowVar2" pitchScale="1.3" volumeScale="3" linkNode="secondArmDummy" actionNames="TOOL_MOVE_END_NEG_LIMIT" nodes="secondArmDummy"/>
            <actionSound template="cylinderPunch" pitchScale="1.9" volumeScale="0.4" linkNode="secondArmDummy" actionNames="TOOL_MOVE_END_NEG_LIMIT" nodes="secondArmDummy"/>
            <actionSound template="clackVar4" pitchScale="2.5" volumeScale="1.0" linkNode="secondArmDummy" actionNames="TOOL_MOVE_END_NEG_LIMIT" nodes="secondArmDummy"/>
        </sounds>
        <dashboards>
            <dashboard displayType="ROT" valueType="movingTool" node="joystick" rotAxis="1" minRot="-15" maxRot="15" axis="AXIS_FRONTLOADER_ARM" doInterpolation="true" groups="MOTOR_ACTIVE"/>
            <dashboard displayType="ROT" valueType="movingTool" node="joystick" rotAxis="3" minRot="-15" maxRot="15" axis="AXIS_FRONTLOADER_TOOL" doInterpolation="true" groups="MOTOR_ACTIVE"/>
        </dashboards>
    </cylindered>
    <dashboard>
        <groups>
            <group name="MOTOR_STARTING" isMotorStarting="true"/>
            <group name="MOTOR_ACTIVE" isMotorStarting="true" isMotorRunning="true"/>
        </groups>
        <default>
            <dashboard displayType="EMITTER" node="dashsboardDisplay01" idleValue="0" intensity="0.2" groups="MOTOR_ACTIVE"/>
            <dashboard displayType="EMITTER" node="dashsboardDisplay02" idleValue="-1" intensity="0.2" groups="MOTOR_ACTIVE"/>
            <dashboard displayType="EMITTER" node="speedNeedle" idleValue="0" intensity="0.2" groups="MOTOR_ACTIVE"/>
            <dashboard displayType="EMITTER" node="tempNeedle" idleValue="0" intensity="0.2" groups="MOTOR_ACTIVE"/>
            <dashboard displayType="EMITTER" node="fillLevelNeedle" idleValue="0" intensity="0.2" groups="MOTOR_ACTIVE"/>
        </default>
    </dashboard>
    <ai>
        <agent width="2.45" length="5.5" height="2.65" lengthOffset="-0.2" frontOffset="1.185"/>
        <collisionTrigger node="aiCollisionNode" width="3.0" height="2.7"/>
    </ai>
    <foliageBending>
        <bendingNode minX="-1.22" maxX="1.22" minZ="-2.2" maxZ="2.15" yOffset="0.5"/>
        <bendingNode minX="-0.35" maxX="0.35" minZ="-2.5" maxZ="-2.2" yOffset="0.5"/>
        <bendingNode minX="-0.25" maxX="0.1" minZ="-0.5" maxZ="0.5" yOffset="-0.05" node="attacherJointDummy"/>
    </foliageBending>
    <crabSteering>
        <steeringMode name="$l10n_action_steeringModeAllWheel">
            <wheel index="1" offset="0"/>
            <wheel index="2" offset="0"/>
            <wheel index="3" offset="0"/>
            <wheel index="4" offset="0"/>
        </steeringMode>
        <steeringMode name="$l10n_action_steeringModeFrontWheel">
            <wheel index="1" offset="0" locked="false"/>
            <wheel index="2" offset="0" locked="false"/>
            <wheel index="3" offset="0" locked="true"/>
            <wheel index="4" offset="0" locked="true"/>
        </steeringMode>
        <steeringMode name="$l10n_action_steeringModeCrabLeft">
            <wheel index="1" offset="15"/>
            <wheel index="2" offset="15"/>
            <wheel index="3" offset="15"/>
            <wheel index="4" offset="15"/>
        </steeringMode>
        <steeringMode name="$l10n_action_steeringModeCrabRight">
            <wheel index="1" offset="-15"/>
            <wheel index="2" offset="-15"/>
            <wheel index="3" offset="-15"/>
            <wheel index="4" offset="-15"/>
        </steeringMode>
    </crabSteering>
    <baseMaterial>
        <material name="farmlift742Exterior_vmask_mat" baseNode="BIGLift3500">
            <shaderParameter name="colorMat0" value="NEWHOLLAND_BLACK1"/>
			<shaderParameter name="colorMat7" value="0.06191 0.12474 0.00552 1"/>
			<shaderParameter name="colorMat1" value="0.85125 0.66612 0.23883 1"/>
        </material>
    </baseMaterial>
    <wearable wearDuration="480" workMultiplier="5" fieldMultiplier="2"/>
    <washable dirtDuration="90" washDuration="1" workMultiplier="3" fieldMultiplier="2"/>
	
	
	
	
	
	<animations>
        <animation name="wiperFrontAnimation">
            <part node="wiperFrontArm01" startTime="0.0" endTime="1.0" startRot="0 0 0" endRot="10 0 70"/>
            <part node="wiperFrontArm02" startTime="0.0" endTime="1.0" startRot="0 0 0" endRot="10 0 70"/>
            <part node="wiperFront" startTime="0.0" endTime="1.0" startRot="0 0 0" endRot="0.8 0 -70"/>
            <sound template="wiper1" startTime="0" endTime="1" direction="1" volumeScale="1.2" pitchScale="0.7" fadeOut="0.1" linkNode="wiperFrontArm01"/>
            <sound template="wiper2" startTime="0" endTime="1" direction="-1" volumeScale="1.2" pitchScale="0.7" fadeOut="0.1" linkNode="wiperFrontArm01"/>
        </animation>
        <animation name="wiperBackAnimation">
            <part node="wiperBack" startTime="0.0" endTime="0.5" startRot="0 0 0" endRot="0 -5.035 70.77"/>
            <part node="wiperBack" startTime="0.5" endTime="1.0" startRot="0 -5.035 70.77" endRot="0 0 140"/>
            <part node="wiperTop" startTime="0.0" endTime="1.0" startRot="0 0 0" endRot="-3 40 0"/>
            <part node="wiperTopPart" startTime="0.0" endTime="1.0" startRot="0 0 0" endRot="0 0 -7.33"/>
            <sound template="wiper1" startTime="0" endTime="1" direction="1" volumeScale="0.8" pitchScale="0.9" fadeOut="0.1" linkNode="wiperBack"/>
            <sound template="wiper2" startTime="0" endTime="1" direction="-1" volumeScale="0.8" pitchScale="0.9" fadeOut="0.1" linkNode="wiperBack"/>
        </animation>
        <animation name="speedAnim">
            <part node="speedNeedle" startTime="0.0" endTime="0.2" startRot="0 0 0" endRot="0 0 180"/>
        </animation>
        <animation name="fillLevelAnimation">
            <part node="fillLevelNeedle" startTime="0.0" endTime="0.2" startRot="0 0 0" endRot="0 0 -105"/>
        </animation>
        <animation name="tempAnim">
            <part node="tempNeedle" startTime="0.0" endTime="0.2" startRot="0 0 0" endRot="0 0 -110"/>
        </animation>
		
		<animation name="Door_Left">
           <part node="lowerDoor_vis" startTime="0.1" endTime="1.1" startRot="0 0 0" endRot="0 179 0" />
		   <part node="IC_Window" startTime="0.0" endTime="0.1"  visibility="true" />
           <part node="IC_Window" startTime="0.1" endTime="0.2"  visibility="false" />
		   
		</animation>
		<animation name="Window_Left">

		   <part node="upperDoorLever_int" startTime="0.1" endTime="0.6" startRot="0 0 0" endRot="90 0 0" />
		   <part node="upperDoor_vis" startTime="0.7" endTime="2.7" startRot="0 0 0" endRot="0 180 0" />
		   <part node="IC_Indoor" startTime="0.0" endTime="0.1"  visibility="true" />
           <part node="IC_Indoor" startTime="0.1" endTime="0.2"  visibility="false" />
		   
		</animation>
		<animation name="Window_Back">
			<part node="windowBackLever_Int" startTime="0.1" endTime="0.6" startRot="0 0 0" endRot="-18 0 0" />
			<part node="windowBack_vis" startTime="0.7" endTime="2.7" startRot="0 0 0" endRot="7 0 0" />
			<part node="windowBackLever_Int" startTime="2.7" endTime="2.9" startRot="-18 0 0" endRot="0 0 0" />

		</animation>
		
		
		<animation name="steeringBase_anim">
            <part node="steeringBase" startTime="0.1" endTime="1.1" startRot="25 0 0" endRot="-10 0 0"/>
        </animation>
    </animations>
	
	
	<interactiveControl>
    <interactiveControlConfigurations>
        <interactiveControlConfiguration>
        <interactiveControls>

        <outdoorTrigger node="playerTrigger" />

        <interactiveControl posText="Door Close" negText="Door Open" >
            <clickPoint node="IC_Indoor" size="0.05" type="INDOOR" iconType="CROSS"/>
            <clickPoint node="IC_Outdoor" size="0.05" type="OUTDOOR" iconType="CROSS"/>
			<clickPoint node="IC_Outdoor2" size="0.05" type="OUTDOOR" iconType="CROSS"/>
            <animation name="Door_Left" speedScale="1.0" initTime="0.0" />
        </interactiveControl>
		<interactiveControl posText="Window Close" negText="Window Open" >
            <clickPoint node="IC_Window" size="0.05" type="INDOOR" iconType="CROSS"/>
            <animation name="Window_Left" speedScale="1.0" initTime="0.0" />
        </interactiveControl>
		<interactiveControl posText="Window Close" negText="Window Open" >
            <clickPoint node="IC_Window_Left" size="0.05" type="INDOOR" iconType="CROSS"/>
            <animation name="Window_Back" speedScale="1.0" initTime="0.0" />
        </interactiveControl>
		<interactiveControl posText="Steeringbase Up" negText="Steeringbase Down" >
            <clickPoint node="IC_steeringBase" size="0.05" type="INDOOR" iconType="CROSS"/>
            <animation name="steeringBase_anim" speedScale="1.0" initTime="0.0" />
        </interactiveControl>
        </interactiveControls>
        </interactiveControlConfiguration>
    </interactiveControlConfigurations>
    </interactiveControl>
	
	
	
    <i3dMappings>
        <i3dMapping id="th742_main_component1" node="0>"/>
        <i3dMapping id="axisFrontLeft" node="0>0|0|0"/>
        <i3dMapping id="wheelFrontLeft" node="0>0|0|0|0"/>
        <i3dMapping id="steeringBarFrontLeft" node="0>0|0|0|1"/>
        <i3dMapping id="axisFrontRight" node="0>0|0|1"/>
        <i3dMapping id="wheelFrontRight" node="0>0|0|1|0"/>
        <i3dMapping id="steeringBarFront" node="0>0|0|2"/>
        <i3dMapping id="steeringBarFrontRightRef" node="0>0|0|2|0"/>
        <i3dMapping id="steeringBarFrontLeftRef" node="0>0|0|2|1"/>
        <i3dMapping id="steeringBarFrontRight" node="0>0|0|2|2"/>
        <i3dMapping id="outdoorCameraTarget" node="0>0|1|0"/>
        <i3dMapping id="outdoorCamera1" node="0>0|1|0|0"/>
        <i3dMapping id="indoorCamera1" node="0>0|1|1"/>
        <i3dMapping id="cameraRaycastNode1" node="0>0|1|2"/>
        <i3dMapping id="cameraRaycastNode2" node="0>0|1|3"/>
        <i3dMapping id="cameraRaycastNode3" node="0>0|1|4"/>
        <i3dMapping id="shadowFocusBox" node="0>0|1|5"/>
        <i3dMapping id="axisJoint" node="0>0|2"/>
        <i3dMapping id="exitPoint" node="0>0|3"/>
        <i3dMapping id="exhaustParticle1" node="0>0|4"/>
        <i3dMapping id="licensePlateFront" node="0>0|5"/>
        <i3dMapping id="licensePlateBack" node="0>0|6"/>
        <i3dMapping id="yellowRound_01" node="0>0|7|0|0"/>
        <i3dMapping id="sideMarker05Orange" node="0>0|7|0|1"/>
        <i3dMapping id="sideMarker05Orange1" node="0>0|7|0|2"/>
        <i3dMapping id="frontlightStatic" node="0>0|7|1|0"/>
        <i3dMapping id="turnlightLeftStatic01" node="0>0|7|1|1"/>
        <i3dMapping id="turnlightRightStatic01" node="0>0|7|1|2"/>
        <i3dMapping id="worklightFrontStatic" node="0>0|7|1|10"/>
        <i3dMapping id="worklightBackStatic" node="0>0|7|1|11"/>
        <i3dMapping id="backlightStatic" node="0>0|7|1|5"/>
        <i3dMapping id="turnlightLeftStatic02" node="0>0|7|1|6"/>
        <i3dMapping id="turnlightRightStatic02" node="0>0|7|1|7"/>
        <i3dMapping id="backlightStatic2" node="0>0|7|1|8"/>
        <i3dMapping id="frontLightLow" node="0>0|7|2|0"/>
        <i3dMapping id="highBeamLow" node="0>0|7|2|1"/>
        <i3dMapping id="frontLightHigh" node="0>0|7|2|2"/>
        <i3dMapping id="highBeamHigh" node="0>0|7|2|3"/>
        <i3dMapping id="licensePlateLightHigh" node="0>0|7|2|4"/>
        <i3dMapping id="workLightFrontLow" node="0>0|7|3|0"/>
        <i3dMapping id="workLightBackLow" node="0>0|7|3|1"/>
        <i3dMapping id="workLightFrontHigh1" node="0>0|7|3|2"/>
        <i3dMapping id="workLightBackHigh1" node="0>0|7|3|3"/>
        <i3dMapping id="backLightsHigh1" node="0>0|7|4|0"/>
        <i3dMapping id="turnLightLeftFront" node="0>0|7|5|0"/>
        <i3dMapping id="turnLightRightFront" node="0>0|7|5|1"/>
        <i3dMapping id="beaconLight03" node="0>0|7|6|0"/>
        <i3dMapping id="trailerAttacherNode" node="0>0|8|0"/>
        <i3dMapping id="trailerAttacherJoint" node="0>0|8|0|0"/>
        <i3dMapping id="trailerAttacherJointFront" node="0>0|8|1"/>
        <i3dMapping id="hydraulic01_in" node="0>0|8|2|0"/>
		<i3dMapping id="hydraulic01_in_cover" node="0>0|8|2|0|0"/>
        <i3dMapping id="hydraulic01_out" node="0>0|8|2|1"/>
		<i3dMapping id="hydraulic01_out_cover" node="0>0|8|2|1|0"/>
        <i3dMapping id="electricSocket" node="0>0|8|2|2"/>
        <i3dMapping id="pto01" node="0>0|9|0|0"/>
        <i3dMapping id="pto02Rot" node="0>0|9|1"/>
        <i3dMapping id="pto02" node="0>0|9|1|0|0"/>
        <i3dMapping id="mainArmHydraulic" node="0>0|9|2"/>
        <i3dMapping id="mainArmHydraulicPunch" node="0>0|9|2|0"/>
        <i3dMapping id="mainArm2Hydraulic" node="0>0|9|3"/>
        <i3dMapping id="mainArm2HydraulicPunch" node="0>0|9|3|0"/>
        <i3dMapping id="mainArmDummy" node="0>0|9|4"/>
        <i3dMapping id="secondArmDummyRot" node="0>0|9|4|0"/>
        <i3dMapping id="secondArmDummy" node="0>0|9|4|0|0"/>
        <i3dMapping id="attacherDummyRot" node="0>0|9|4|0|0|0"/>
        <i3dMapping id="attacherDummy" node="0>0|9|4|0|0|0|0"/>
        <i3dMapping id="attacherJointDummy" node="0>0|9|4|0|0|0|0|0"/>
        <i3dMapping id="mainArm" node="0>0|9|5"/>
        <i3dMapping id="secondArm" node="0>0|9|5|0|0"/>
        <i3dMapping id="attacherRot" node="0>0|9|5|0|0|0"/>
        <i3dMapping id="attacher" node="0>0|9|5|0|0|0|0"/>
        <i3dMapping id="attacherJoint" node="0>0|9|5|0|0|0|0|0"/>
        <i3dMapping id="attacherPart02Ref" node="0>0|9|5|0|0|0|0|1"/>
        <i3dMapping id="attacherPart01RefFrame" node="0>0|9|5|0|0|1"/>
        <i3dMapping id="attacherPart01" node="0>0|9|5|0|0|1|0"/>
        <i3dMapping id="attacherPart02" node="0>0|9|5|0|0|1|0|0"/>
        <i3dMapping id="attacherHydraulicRef" node="0>0|9|5|0|0|1|0|1"/>
        <i3dMapping id="attacherHydraulic" node="0>0|9|5|0|0|2"/>
        <i3dMapping id="attacherHydraulicPunch" node="0>0|9|5|0|0|2|0"/>
        <i3dMapping id="hydraulic03_in" node="0>0|9|5|0|0|4|0"/>
        <i3dMapping id="hydraulic03_out" node="0>0|9|5|0|0|4|1"/>
        <i3dMapping id="hydraulic03_in_cover" node="0>0|9|5|0|0|4|2"/>
        <i3dMapping id="hydraulic03_out_cover" node="0>0|9|5|0|0|4|3"/>
        <i3dMapping id="mainArmHydraulicRef" node="0>0|9|5|1"/>
        <i3dMapping id="mainArm2HydraulicRef" node="0>0|9|5|2"/>
        <i3dMapping id="worklightFrontStatic2" node="0>0|9|5|3|0|1|2"/>
        <i3dMapping id="workLightFrontHigh5" node="0>0|9|5|3|1"/>
        <i3dMapping id="steeringWheel" node="0>0|10|0|0|0"/>
        <i3dMapping id="playerLeftHandTarget" node="0>0|10|0|0|0|0"/>
        <i3dMapping id="playerRightFootTarget" node="0>0|10|1|0"/>
        <i3dMapping id="playerLeftFootTarget" node="0>0|10|1|1"/>
        <i3dMapping id="playerRightFootTargetGas" node="0>0|10|1|2"/>
        <i3dMapping id="seat" node="0>0|10|2"/>
        <i3dMapping id="joystick" node="0>0|10|2|0"/>
        <i3dMapping id="playerRightHandTarget" node="0>0|10|2|0|0"/>
        <i3dMapping id="seatDecalsLight" node="0>0|10|2|0|1|0"/>
        <i3dMapping id="playerSkin" node="0>0|10|2|1"/>
        <i3dMapping id="gasPedal" node="0>0|10|3|0|0"/>
        <i3dMapping id="playerRightFootTargetGasRef" node="0>0|10|3|0|0|0"/>
        <i3dMapping id="brakePedal" node="0>0|10|3|1"/>
        <i3dMapping id="playerLeftFootTargetBrake" node="0>0|10|3|1|0"/>
        <i3dMapping id="directionStick" node="0>0|10|0|1|0"/>
        <i3dMapping id="mirror01Decal" node="0>0|10|4|0"/>
        <i3dMapping id="mirror02Decal" node="0>0|10|4|1"/>
        <i3dMapping id="mirror03Decal" node="0>0|10|4|2"/>
        <i3dMapping id="mirror04Decal" node="0>0|10|4|3"/>
        <i3dMapping id="wiperTop" node="0>0|10|5|0"/>
        <i3dMapping id="wiperTopPart" node="0>0|10|5|0|0|0"/>
        <i3dMapping id="wiperBack" node="0>0|10|8|1|1"/>
        <i3dMapping id="wiperFrontArm01" node="0>0|10|5|1|0"/>
        <i3dMapping id="wiperFront" node="0>0|10|5|1|0|0|0"/>
        <i3dMapping id="wiperFrontArm02" node="0>0|10|5|2|0"/>
        <i3dMapping id="fillLevelNeedle" node="0>0|10|6|0|0"/>
        <i3dMapping id="tempNeedle" node="0>0|10|6|1|0"/>
        <i3dMapping id="speedNeedle" node="0>0|10|6|2|0"/>
        <i3dMapping id="dashsboardDisplay01" node="0>0|10|6|3"/>
        <i3dMapping id="numbersTime" node="0>0|10|6|4"/>
        <i3dMapping id="numbersOperatingTime" node="0>0|10|6|5"/>
        <i3dMapping id="numbersSpeed" node="0>0|10|6|6"/>
        <i3dMapping id="numbersRpm" node="0>0|10|6|7"/>
        <i3dMapping id="ignitionKey" node="0>0|10|0|2|0"/>
        <i3dMapping id="worklightFrontDecal" node="0>0|10|6|8"/>
        <i3dMapping id="beaconLight_decal" node="0>0|10|6|9"/>
        <i3dMapping id="worklightBackDecal" node="0>0|10|6|10"/>
        <i3dMapping id="cabinDecalsLight" node="0>0|10|6|11"/>
        <i3dMapping id="dashsboardDisplay02" node="0>0|10|6|12"/>
        <i3dMapping id="interiorScreenLight" node="0>0|10|6|13"/>
        <i3dMapping id="dashsboardDecals" node="0>0|10|6|14"/>
        <i3dMapping id="aiCollisionNode" node="0>0|11|0"/>
        <i3dMapping id="BIGLift3500" node="0>0|12|4"/>
        <i3dMapping id="farmlift742_axis_component2" node="1>"/>
        <i3dMapping id="axis" node="1>0"/>
        <i3dMapping id="axisBackLeft" node="1>0|0"/>
        <i3dMapping id="wheelBackLeft" node="1>0|0|0"/>
        <i3dMapping id="steeringBarBackLeft" node="1>0|0|1"/>
        <i3dMapping id="axisBackRight" node="1>0|1"/>
        <i3dMapping id="wheelBackRight" node="1>0|1|0"/>
        <i3dMapping id="steeringBarBackRight" node="1>0|1|1"/>
        <i3dMapping id="steeringBarBack" node="1>0|2"/>
        <i3dMapping id="steeringBarBackLeftRef" node="1>0|2|0"/>
        <i3dMapping id="steeringBarBackRightRef" node="1>0|2|1"/>
        <i3dMapping id="pto02RotRef" node="1>0|3"/>
        <i3dMapping id="pto03" node="1>0|4|0"/>
	<!-- Animationen -->
		<i3dMapping id="playerTrigger" node="0>0|14"/>
		<i3dMapping id="lowerDoor_vis" node="0>0|10|8|0|0"/>
		<i3dMapping id="upperDoor_vis" node="0>0|10|8|0|0|0|6"/>
		<i3dMapping id="upperDoorLever_int" node="0>0|10|8|0|0|0|6|0"/>
		<i3dMapping id="windowBackLever_Int" node="0>0|10|8|1|0"/>
		<i3dMapping id="windowBack_vis" node="0>0|10|8|1"/>
		<i3dMapping id="steeringBase" node="0>0|10|0"/>	
	<!-- IC Points -->		
		<i3dMapping id="IC_Indoor" node="0>0|10|8|0|0|0|3"/>
		<i3dMapping id="IC_Outdoor" node="0>0|10|8|0|0|0|4"/>
		<i3dMapping id="IC_Outdoor2" node="0>0|10|8|0|0|0|5"/>
		<i3dMapping id="IC_Window" node="0>0|10|8|4"/>
		<i3dMapping id="IC_Window" node="0>0|10|8|4"/>
		<i3dMapping id="IC_steeringBase" node="0>0|10|8|3"/>
		<i3dMapping id="IC_Window_Left" node="0>0|10|8|1|0|0"/>
    </i3dMappings>
</vehicle>
