﻿<?xml version="1.0" encoding="utf-8" standalone="no" ?>
<modDesc descVersion="79">
    <author>Dachau_Agrar</author>

    <version>1.0.0.0</version>
    <title>
        <en>Krone BigLift 3500</en>
    </title>
    <description>
<en><![CDATA[Reskin of the base game New Holland TH7.42 to a Krone BIGLift 3500 prototype.
Price: 109.000€
Power: 146 HP
Top Speed: 40 kph
Animations:
-Steeringbase
-Upper Door
-Lower Door
Vertex IC Mod required!
]]></en>
<de><![CDATA[Reskin des Basegame New Holland TH7.42 zu einem Krone BIGLift 3500 Prototyp.
Preis: 109.000€
Leistung: 146 PS
Höchstgeschwindigkeit: 40 km/h
Animationen:
-Lenksäule
-Obere Tür
-Untere Tür
Vertex IC Mod erforderlich!
]]></de>
    </description>
    <iconFilename>icon_biglift3500.png</iconFilename>
    <storeItems>
        <storeItem xmlFilename="biglift3500.xml"/>
    </storeItems>
	<multiplayer supported="true" />
</modDesc>
