﻿<?xml version="1.0" encoding="utf-8" standalone="no" ?>
<modDesc descVersion="62">
     <author>Der_Mali</author>
    <version>1.0.0</version>
------------------------------------------------------------
    <title>
        <en>Diesel factory</en>
        <de>Dieselherstellung</de>
    </title>
------------------------------------------------------------
    <description>
		<en>In diesel production you can make your own diesel from canola and sunflowers</en>
        <de>In der Dieselherstellung kann man aus Raps und Sonnenblumen seinen eigenen Diesel herstellen</de>    
	</description>
------------------------------------------------------------
    <iconFilename>icon.dds</iconFilename>
------------------------------------------------------------
    <multiplayer supported="true" />
------------------------------------------------------------
    <storeItems>
        <storeItem xmlFilename="dieselherstellung.xml"/>
    </storeItems>
------------------------------------------------------------
    <l10n>
        <text name="shopItem_Dieselfactory">
            <en>Diesel factory</en>
            <de>Dieselherstellung</de>
        </text>
        <text name="function_Dieselfactory">
            <en>In diesel production you can make your own diesel from canola and sunflowers</en>
            <de>In der Dieselherstellung kann man aus Raps und Sonnenblumen seinen eigenen Diesel herstellen</de>
        </text>
    </l10n>
------------------------------------------------------------
</modDesc>
