﻿<?xml version="1.0" encoding="utf-8" standalone="no" ?>
<vehicle type="forageWagon" xmlns:xsi="http://www.w3.org/2001/XMLSchema-instance" xsi:noNamespaceSchemaLocation="../../../../shared/xml/schema/vehicle.xsd">
    <annotation>Copyright (C) GIANTS Software GmbH, All Rights Reserved.</annotation>

    <parentFile xmlFilename="forageWagonTrailer.xml">
        <attributes>
            <set path="vehicle.storeData.image" value="store_foragePickupTrailer.png"/>

            <set path="vehicle.base.speedLimit(0)#value" value="50"/>
         </attributes>
    </parentFile>

    <!-- ONLY FOR ICON GENERATION -->
    <storeData>
        <name>
			<en>Forage Pickup Trailer - Fast2</en>
			<de>Futtersammel-Anhänger - Schnell2</de>
			<fr>Remorque à fourrage - Rapide2</fr>
		</name>
        <image>store_foragePickupTrailer.png</image>
        <brand>LIZARD</brand>
        <category>loaderWagons</category>
        <vertexBufferMemoryUsage>0</vertexBufferMemoryUsage>
        <indexBufferMemoryUsage>0</indexBufferMemoryUsage>
        <textureMemoryUsage>0</textureMemoryUsage>
        <audioMemoryUsage>0</audioMemoryUsage>
        <instanceVertexBufferMemoryUsage>0</instanceVertexBufferMemoryUsage>
        <instanceIndexBufferMemoryUsage>0</instanceIndexBufferMemoryUsage>
    </storeData>
</vehicle>
