<?xml version="1.0" encoding="utf-8" standalone="no"?>
<modDesc descVersion="79">
    <author>macktrucker921</author>

    <version>1.2.1.0</version>

    <title>
        <en>Stone Picker - Forage Pickup Trailer Pack</en>
		<de>Steinpflücker - Futterpflücker Trailer Pack</de>
		<fr>Ramasseur De Pierres - Ramasseur De Fourrage Remorque Pack</fr>
    </title>

<description>
<en><![CDATA[Lizard Stone Picking Trailer and Forage Pickup Trailer.

Fictional design not based on any specific model.
- Purchase Price - $55,500
- 16 Meter work width.
- 7 mph (12 K/ph) max working speed.
- The trailer frame, rims, tipper body, and cover, are all color selectable.
- Add cover to tipper body (additional cost $1000).
- The pin hitch height can be adjusted for different vehicle heights.
- A rear trailer hitch is also an option. (cost $100).
- The standard Lizard tires and rims are custom made.
- Many different colors to choose from in addition to the standard ones.
- Many different tire and axle combinations.
- Rear work lights.
- High visibility strobe lights.
- 4 Un-realistic fill capacity configurations in addition to the standard realistic fill capacity of 43,400 liters.
_________________________________________________

Changelog 1.2.1.0:

- Fixed issue that the forage pickup trailer would not unload if not 100% full and the pickup was not raised before folding.
- Cleaned up XML files.

_________________________________________________

Changelog 1.2.0.0:

- Separated the Stone Picker and Forage Wagon configurations into separate trailers.
- Fixed the issue that the Forage Pickup stopped collecting after emptied from a 100% full load.
- Fixed the issue of the stone picker and forage wagon were not picking up the full width swath.
- Added 2 un-realistic speed versions.

*NOTE The animations may get mixed up and the arms may fold stranglely or overlap if one function is started while another animation is still in motion.
Waiting until all animations have stopped before starting another function eliminates this issue.
_________________________________________________

Changelog 1.1.0.0:
- Added a forage wagon configuration. - $5,000
- Adjusted the folding speeds.
- Added additional color choices.
*NOTE Your color configuration choices may change with the new added colors.

]]></en>

<de><![CDATA[Lizard Steinsammler-Anhänger und Futtersammel-Anhänger.

Fiktives Design, das nicht auf einem bestimmten Modell basiert.
- Kaufpreis: 55.500 €
- 16 Meter Arbeitsbreite.
- 12 km/h maximale Arbeitsgeschwindigkeit.
- Der Anhängerrahmen, die Felgen, die Kippmulde und die Plane sind in verschiedenen Farben erhältlich.
- Kippmulde kann mit einer Abdeckung versehen werden (Zusatzkosten 1000 €).
- Die Höhe der Anhängekupplung kann für verschiedene Fahrzeughöhen eingestellt werden.
- Eine hintere Anhängerkupplung ist ebenfalls eine Option. (Kosten 100 €).
- Die standardmäßigen Lizard-Reifen und -Felgen werden nach Maß gefertigt.
- Zusätzlich zu den Standardfarben können Sie aus vielen verschiedenen Farben wählen.
- Viele verschiedene Reifen- und Achskombinationen.
- Arbeitsscheinwerfer hinten.
- Gut sichtbare Bltzleuchten.
- 4 nicht-realistische Füllmengenkonfigurationen zusätzlich zur realistischen Standardfüllmenge von 43.400 Litern.
_________________________________________________

Changelog 1.2.1.0:

- Es wurde ein Problem behoben, bei dem der Anhänger des Futterwagens nicht entladen wurde, wenn er nicht zu 100% gefüllt war und der Einlass vor dem Zusammenklappen nicht angehoben wurde.
- Die XML-Dateien wurden bereinigt.

_________________________________________________

Changelog 1.2.0.0:

- Die Konfigurationen des Steinsammlers und des Futtersammelwagens wurden in separate Anhänger aufgeteilt.
- Es wurde das Problem behoben, dass die Futteraufnahme nach dem Entleeren einer zu 100 % vollen Ladung aufhörte zu sammeln.
- Das Problem, dass der Steinsammler und der Futterwagen nicht die gesamte Schwadbreite aufnehmen, wurde behoben.
- 2 unrealistische Geschwindigkeitsversionen hinzugefügt.

*Hinweis: Die Animationen können durcheinander geraten und die Arme können sich strangulieren oder überlappen, wenn eine Funktion gestartet wird, während eine andere Animation noch in Bewegung ist.
Warten Sie, bis alle Animationen gestoppt sind, bevor Sie eine andere Funktion starten, um dieses Problem zu vermeiden.
_________________________________________________

Changelog 1.1.0.0:

- Konfiguration eines Futtersammelwagens hinzugefügt. - 5,000 €
- Die Klappgeschwindigkeiten wurden angepasst.
- Zusätzliche Farbauswahl wurden hinzugefügt.

*HINWEIS Die Auswahl der Farbkonfiguration kann sich mit den neu hinzugefügten Farben ändern.
_________________________________________________

]]></de>

<fr><![CDATA[Remorque de ramassage de pierres de lézard et remorque de ramassage de fourrage.

Conception fictive non basée sur un modèle spécifique.
- Prix d'achat - 55 500€
- Largeur de travail de 16 mètres.
- Vitesse de travail maximale de 7 mph (12 K/ph).
- Le châssis de la remorque, les jantes, la benne et la bâche peuvent être colorés au choix.
- Possibilité d'ajouter une housse à la benne (coût supplémentaire : 1 000 $).
- La hauteur du crochet d'attelage peut être réglée en fonction de la hauteur du véhicule.
- Un attelage de remorque arrière est également disponible en option. (coût 100 $).
- Les pneus et les jantes standard du Lizard sont fabriqués sur mesure.
- De nombreuses couleurs différentes sont disponibles en plus des couleurs standard.
- Nombreuses combinaisons de pneus et d'essieux.
- Feux de travail arrière.
- Feux stroboscopiques à haute visibilité.
- 4 configurations de capacité de remplissage non réalistes en plus de la capacité de remplissage réaliste standard de 43 400 litres.
_________________________________________________

Changelog 1.2.1.0 :

- Correction d'un problème où la remorque du wagon de fourrage ne se déchargeait pas si elle n'était pas remplie à 100% et si l'entrée n'était pas relevée avant le pliage.
- Les fichiers XML ont été nettoyés.

_________________________________________________

Changelog 1.2.0.0 :

- Les configurations du ramasseur de pierres et du ramasseur d'aliments ont été réparties sur des remorques distinctes.
- Correction d'un problème qui empêchait la remorque d'alimentation de se remettre en marche après avoir été vidée à 100 % de sa capacité.
- Correction d'un problème à cause duquel le ramasseur de pierres et le ramasseur d'aliments ne prenaient pas toute la largeur de l'andain.
- Ajout de 2 versions de vitesse irréalistes.

*REMARQUE Les animations peuvent être perturbées et les bras peuvent se plier ou se chevaucher si une fonction est lancée alors qu'une autre animation est encore en cours.
Attendez que toutes les animations se soient arrêtées avant de lancer une autre fonction pour éviter ce problème.
_________________________________________________

Changelog 1.1.0.0

- Ajout d'une configuration pour les chariots à fourrage. - 5 000 €
- Ajustement de la vitesse de pliage de la remorque.
- Choix de couleurs supplémentaires.

*REMARQUE Vos choix de configuration de couleurs peuvent changer avec les nouvelles couleurs ajoutées.
_________________________________________________

]]></fr>
</description> 

    <iconFilename>icon_stonePickerTrailerPack.png</iconFilename>

    <multiplayer supported="true"/>
	
	<actions>
		<action name="AXIS_PINTLE_HITCH" axisType="FULL"/>
	</actions>
	
	<inputBinding>
		<actionBinding action="AXIS_PINTLE_HITCH">
			<binding device="KB_MOUSE_DEFAULT" input="KEY_period" axisComponent="+" neutralInput="0" index="1"/>
			<binding device="KB_MOUSE_DEFAULT" input="KEY_comma" axisComponent="-" neutralInput="0" index="1"/>
			<binding device="GAMEPAD_DEFAULT" input="BUTTON_5 BUTTON_6 BUTTON_20" axisComponent="+" neutralInput="0" index="1"/>
			<binding device="GAMEPAD_DEFAULT" input="BUTTON_5 BUTTON_6 BUTTON_18" axisComponent="-" neutralInput="0" index="1"/>
		</actionBinding>
	</inputBinding>
	
    <storeItems>
        <storeItem xmlFilename="stonePickerTrailer.xml"/>
		<storeItem xmlFilename="stonePickerTrailer_fast.xml"/>
		<storeItem xmlFilename="stonePickerTrailer_fast2.xml"/>
		<storeItem xmlFilename="forageWagonTrailer.xml"/>
		<storeItem xmlFilename="forageWagonTrailer_fast.xml"/>
		<storeItem xmlFilename="forageWagonTrailer_fast2.xml"/>
    </storeItems>

    <l10n>
		<text name="input_AXIS_PINTLE_HITCH_1"><en>Raise/Lower Pintle Hitch</en><de>Anheben/Absenken der Bolzenkupplung</de><fr>Montée/descente de l'attelage d'attache</fr></text>
		<text name="input_AXIS_PINTLE_HITCH_2"><en>Raise/Lower Pintle Hitch</en><de>Anheben/Absenken der Bolzenkupplung</de><fr>Montée/descente de l'attelage d'attache</fr></text>
		<text name="configuration_tipperBodyColor"><en>Tipper Body Color</en><de>Farbe Rungen</de><fr>Couleur de la carrosserie</fr></text>
		<text name="configuration_stonePickerDefault"><en>Stone Picker Standard</en><de>Steinsammler-Anhänger Standard</de><fr>Remorque Ramasseuse De Pierres Standard</fr></text>
		<text name="configuration_forageWagonDefault"><en>Forage Wagon Standard</en><de>Futtersammelwagen Standard</de><fr>Remorque à fourrage Standard</fr></text>
		<text name="configuration_trailerType"><en>Trailer Type</en><de>Anhänger Typ</de><fr>Type de remorque</fr></text>
		<text name="configuration_spikesColor"><en>Spiked Roller Color</en><de>Stachelwalzen Farbe</de><fr>Rouleau à pointes Couleur</fr></text>
		<text name="configuration_trackWheelColor"><en>Lizard Tracks Wheel Color</en><de>Lizard Spur Rad Farbe</de><fr>Lizard Roue de piste Couleur</fr></text>
		<text name="configuration_rearHitch"> <en>Rear Hitch</en> <de>Hintere Anhängevorrichtung</de> <fr>Attelage arrière</fr> </text>
		<text name="configuration_rearHitchBall"> <en>Rear Hitch - Ball</en> <de>Hintere Anhängevorrichtung - Kugel</de> <fr>Attelage arrière - Boule</fr> </text>
		<text name="configuration_rearHitchPin"> <en>Rear Hitch - Pin</en> <de>Hintere Anhängevorrichtung - Stift</de> <fr>Attelage arrière - Type à broche</fr> </text>
		<text name="configuration_stonePickerCapacity_unRealistic1"><en>Stone Picker Un-Real Cap. 1</en><de>Steinsammler Unrealistische Kapazität 1</de><fr>Ramasseur de pierres Capacité irréaliste 1</fr></text>
		<text name="configuration_stonePickerCapacity_unRealistic2"><en>Stone Picker Un-Real Cap. 2</en><de>Steinsammler Unrealistische Kapazität 2</de><fr>Ramasseur de pierres Capacité irréaliste 2</fr></text>
		<text name="configuration_stonePickerCapacity_unRealistic3"><en>Stone Picker Un-Real Cap. 3</en><de>Steinsammler Unrealistische Kapazität 3</de><fr>Ramasseur de pierres Capacité irréaliste 3</fr></text>
		<text name="configuration_stonePickerCapacity_unRealistic4"><en>Stone Picker Un-Real Cap. 4</en><de>Steinsammler Unrealistische Kapazität 4</de><fr>Ramasseur de pierres Capacité irréaliste 4</fr></text>
		<text name="configuration_stonePickerCapacity_unRealistic5"><en>Stone Picker Un-Real Cap. 5</en><de>Steinsammler Unrealistische Kapazität 5</de><fr>Ramasseur de pierres Capacité irréaliste 5</fr></text>
		<text name="configuration_forageWagonCapacity_unRealistic1"><en>Forage Wagon Un-Real Cap. 1</en><de>Futtersammelwagen Unrealistische Kapazität 1</de><fr>Remorque à fourrage Capacité irréaliste 1</fr></text>
		<text name="configuration_forageWagonCapacity_unRealistic2"><en>Forage Wagon Un-Real Cap. 2</en><de>Futtersammelwagen Unrealistische Kapazität 2</de><fr>Remorque à fourrage Capacité irréaliste 2</fr></text>
		<text name="configuration_forageWagonCapacity_unRealistic3"><en>Forage Wagon Un-Real Cap. 3</en><de>Futtersammelwagen Unrealistische Kapazität 3</de><fr>Remorque à fourrage Capacité irréaliste 3</fr></text>
		<text name="configuration_forageWagonCapacity_unRealistic4"><en>Forage Wagon Un-Real Cap. 4</en><de>Futtersammelwagen Unrealistische Kapazität 4</de><fr>Remorque à fourrage Capacité irréaliste 4</fr></text>
		<text name="configuration_forageWagonCapacity_unRealistic5"><en>Forage Wagon Un-Real Cap. 5</en><de>Futtersammelwagen Unrealistische Kapazität 5</de><fr>Remorque à fourrage Capacité irréaliste 5</fr></text>
		<text name="configuration_valueDefault2"><en>Standard Tires-Triple Axles</en><de>Standard-Bereifung - Dreifach-Achsen</de><fr>Pneus standard - Essieux triples</fr></text>
		<text name="configuration_valueDefault3"><en>Standard Tires-Quad Axles</en><de>Standard-Reifen-Vierfach-Achsen</de><fr>Essieux quadruples avec pneus standard</fr></text>
		<text name="configuration_valueWheelBroad2"><en>Wide Tires-Triple Axles</en><de>Breite Reifen - Dreifach-Achsen</de><fr>Pneus Larges - Essieux Triples</fr></text>
		<text name="configuration_valueWheelBroad3"><en>Wide Tires-Quad Axles</en><de>Breitreifen-Quad-Achse</de><fr>Pneus Larges - Essieu Quadruple</fr></text>
		<text name="configuration_valueDual"><en>Tandem Tires</en><de>Tandem-Reifen</de><fr>Pneus tandem</fr></text>
		<text name="configuration_valueDual2"><en>Tandem Tires-Triple Axles</en><de>Tandem-Reifen-Dreifach-Achsen</de><fr>Pneus Tandem - Essieux Triples</fr></text>
		<text name="configuration_valueDual3"><en>Tandem Tires-Quad Axles</en><de>Tandem-Reifen-Vierfach-Achsen</de><fr>Pneus Tandem et Essieux Quadruples</fr></text>
		
		<text name="GREYSTANDARD"> <en>Standard Grey</en> <de>Standard-Grau</de> <fr>Gris standard</fr> </text>
		<text name="JETBLACKGLOSS"> <en>Jet Black Gloss</en> <de>Tiefschwarzer Glanz</de> <fr>Noir De Jais brillant</fr> </text>
		<text name="JETBLACKFLAT"> <en>Jet Black Flat</en> <de>Tiefschwarz flach</de> <fr>Noir Jais Plat</fr> </text>
		<text name="POLISHEDALUMINUM"> <en>Polished Aluminum</en> <de>Poliertes Aluminium</de> <fr>Aluminium poli</fr> </text>
		<text name="GALVANIZED"> <en>Galvanized</en> <de>Verzinkt</de> <fr>Galvanisé</fr> </text>
		<text name="MAN_RED1"> <en>Man Red1</en> <de>MAN Rot1</de> <fr>Homme Rouge1</fr> </text>
		<text name="MAN_OLDGREEN"> <en>Man Old Green</en> <de>MAN alt grün</de> <fr>Homme Vieux Vert</fr> </text>
		<text name="MAN_BEIGE_2"> <en>Man Beige2</en> <de>Man Beige2</de> <fr>Man Beige2</fr> </text>
		<text name="BLACK"> <en>Black</en> <de>Schwarz</de> <fr>Noir</fr> </text>
		<text name="TATRA"> <en>Tatra</en> <de>Tatra</de> <fr>Tatras</fr> </text>
		<text name="BROWN"> <en>Brown</en> <de>Braun</de> <fr>Brun</fr> </text>
		<text name="BLUE1"> <en>Blue1</en> <de>Blau1</de> <fr>Bleu1</fr> </text>
		<text name="BLUE2"> <en>Blue2</en> <de>Blau2</de> <fr>Bleu2</fr> </text>
		<text name="BLUE3"> <en>Blue3</en> <de>Blau3</de> <fr>Bleu3</fr> </text>
		<text name="BLUE4"> <en>Blue4</en> <de>Blau4</de> <fr>Bleu4</fr> </text>
		<text name="BLUE5"> <en>Blue5</en> <de>Blau5</de> <fr>Bleu5</fr> </text>
		<text name="GREEN1"> <en>Green1</en> <de>Grün1</de> <fr>Vert1</fr> </text>
		<text name="GREEN2"> <en>Green2</en> <de>Grün2</de> <fr>Vert2</fr> </text>
		<text name="GREEN3"> <en>Green3</en> <de>Grün3</de> <fr>Vert3</fr> </text>
		<text name="GREEN4"> <en>Green4</en> <de>Grün4</de> <fr>Vert4</fr> </text>
		<text name="GREEN5"> <en>Green5</en> <de>Grün5</de> <fr>Vert5</fr> </text>
		<text name="PINK/RED"> <en>Pink/Red</en> <de>Pink/Rot</de> <fr>Rose/Rouge</fr> </text>
		<text name="BERRY"> <en>Berry</en> <de>Beere</de> <fr>Baie</fr> </text>
		<text name="WHITE"> <en>White</en> <de>Weiß</de> <fr>Blanc</fr> </text>
		<text name="ORANGE"> <en>Orange</en> <de>Orange</de> <fr>Orange</fr> </text>
		<text name="DARKGRAY"> <en>Dark Gray</en> <de>Dunkelgrau</de> <fr>Gris Foncé</fr> </text>
		<text name="YELLOW1"> <en>Yellow1</en> <de>Gelb1</de> <fr>Jaune1</fr> </text>
		<text name="YELLOW2"> <en>Yellow2</en> <de>Gelb2</de> <fr>Jaune2</fr> </text>
		<text name="YELLOW3"> <en>Yellow3</en> <de>Gelb3</de> <fr>Jaune3</fr> </text>
		<text name="YELLOW4"> <en>Yellow4</en> <de>Gelb4</de> <fr>Jaune4</fr> </text>
		<text name="VIOLET1"> <en>Violet1</en> <de>Violett1</de> <fr>Violet1</fr> </text>
		<text name="VIOLET2"> <en>Violet2</en> <de>Violett2</de> <fr>Violet2</fr> </text>
		<text name="NAVY"> <en>Navy Blue</en> <de>Navy Blau</de> <fr>Bleu marine</fr> </text>
		<text name="CONSTRUCTIONYELLOW"> <en>Construction Yellow</en> <de>Konstruktion Gelb</de> <fr>Construction jaune</fr> </text>
		<text name="CONSTRUCTIONBLACK"> <en>Construction Black</en> <de>Konstruktion Schwarz</de> <fr>Noir de construction</fr> </text>
	</l10n>
	
	<vehicleTypes>
		<type name="stonePickerTrailer" parent="baseGroundTool" className="Vehicle" filename="$dataS/scripts/vehicles/Vehicle.lua">
            <specialization name="cover" />
			<specialization name="fillUnit" />
			<specialization name="fillVolume" />
			<specialization name="dischargeable" />
			<specialization name="trailer" />
			<specialization name="turnOnVehicle" />
			<specialization name="stonePicker" />
        </type>
    </vehicleTypes>
	
</modDesc>