﻿<?xml version="1.0" encoding="utf-8" standalone="no" ?>
<modDesc descVersion="67">
    <author>nrxEcki</author>
    <version>1.0.0.0</version>
    <iconFilename>icon.dds</iconFilename> 
	
    <title>
		<en>German Fire Station</en>
		<de>Feuerwache</de>
        <fr>Caserne De Pompiers Allemande</fr>
    </title>

    <description>
		<en>
<![CDATA[Fire Station
Beautify their place with a walk-in fire station.
This features animated doors, lights, gates, an elevator and decoration.

Shop Category: "Building - Tools"
Price: 220000 €

Features:
- Workshop
- Garage doors with traffic lights
- Light that can be activated
- Function room
- Offices
- Living room and bedroom
- Kitchen
- Siren]]>
        </en>
        <de>
<![CDATA[Feuerwache
Verschönern Sie ihren Ort mit einem begehbaren Feuerwehrhaus. 
Dieses verfügt über animierte Türen, Lichter, Toren, einem Aufzug und Dekoration.

Shop Kategorie: "Gebäude - Tools"
Preis: 220000 €

Funktionen: 
- Werkstatt
- Garagentore mit Ampel
- Aktivierbares Licht
- Veranstaltungsraum 
- Büros 
- Wohn- und Schlafzimmer 
- Küche
- Sirene]]>
        </de>
        <fr>
<![CDATA[Caserne De Pompiers
Embellissez leur place avec une caserne de pompiers sans rendez-vous.
Cela comprend des portes animées, des lumières, des portails, un ascenseur et une décoration.

Catégorie de la boutique : "Bâtiment - Outils"
Prix ​​: 220000 €

Traits:
- Atelier
- Portes de garage avec feux de circulation
- Lumière qui peut être activée
- Salle de réception
- Des bureaux
- Salon et chambre
- Cuisine
- Sirène]]>
        </fr>
    </description>
	
	<multiplayer supported="true" /> 
	
	<l10n>	
		<text name="object_feuerwache">
			<en>German Fire Station</en>
		    <de>Feuerwache</de>
            <fr>Caserne De Pompiers Allemande</fr>
		</text>	
        <text name="function_feuerwache">
			<en>Serves as a shelter for vehicles.</en>
		    <de>Dient als Unterstand für Fahrzeuge.</de>
            <fr>Sert d'abri pour les véhicules.</fr>
		</text>	
        <text name="action_lightSwitchON">
            <en>Turn lights on</en>
            <de>Licht anschalten</de>
            <fr>Allume la lumière</fr>
        </text>
        <text name="action_lightSwitchOFF">
            <en>Turn lights off</en>
            <de>Licht ausschalten</de>
            <fr>Éteindre la lumière</fr>
        </text>
        <text name="input_aufzug">
            <en>Call elevator</en>
            <de>Aufzug rufen</de>
            <fr>Appeler l'ascenseur</fr>
        </text>
        <text name="action_activateSirene">
            <en>Turn on siren</en>
            <de>Sirene anschalten</de>
            <fr>Allume la sirène</fr>
        </text>
        <text name="action_deactivateSirene">
            <en>Turn off siren</en>
            <de>Sirene abschalten</de>
            <fr>Éteignez la sirène</fr>
        </text>
         <text name="action_lightBigRoom">
            <en>Light function room</en>
            <de>Licht Veranstaltungsraum</de>
            <fr>Salle de réception lumineuse</fr>
        </text>
    </l10n>
	
	<storeItems>  
		<storeItem xmlFilename="feuerwache.xml"/>
    </storeItems>
	

</modDesc>