﻿<?xml version="1.0" encoding="utf-8" standalone="no"?>
<modDesc descVersion="64">
    <author>Vyciokazz</author>
    <version>1.0.1.1</version>
	
    <title>
        <en>SRB35 Trailer</en>
        <de>SRB35 Trailer</de>
    </title>
    <description>
        <en>SRB35 Trailer</en>
        <de>SRB35 Trailer</de>
    </description>
	
    <iconFilename>store.dds</iconFilename>
    <multiplayer supported="true"/>
	
    <storeItems>
		<storeItem rootNode="vehicle" xmlFilename="tipper.xml"/>
		<storeItem rootNode="vehicle" xmlFilename="tippert.xml"/>		
	</storeItems>
</modDesc>
