﻿<?xml version="1.0" encoding="utf-8" standalone="no"?>
<vehicle type="trailer">
    <annotation>Copyright (C) GIANTS Software GmbH, All Rights Reserved.</annotation>
	
    <storeData>
        <name><en>SRB35T Tipper</en></name>
        <image>storet.dds</image>
		<functions>
            <function>$l10n_function_tipper</function>
            <function>$l10n_function_semiTrailer</function>
		</functions>		
        <price>50000</price>
        <lifetime>1600</lifetime>
        <rotation>0</rotation>
        <brand>LIZARD</brand>
        <category>trailers</category>
		<shopTranslationOffset>0 1.1 0</shopTranslationOffset>
        <shopRotationOffset>0 0 0</shopRotationOffset>
		<vertexBufferMemoryUsage>1645264</vertexBufferMemoryUsage>
        <indexBufferMemoryUsage>273396</indexBufferMemoryUsage>
        <textureMemoryUsage>12583272</textureMemoryUsage>
        <instanceVertexBufferMemoryUsage>96</instanceVertexBufferMemoryUsage>
        <instanceIndexBufferMemoryUsage>12</instanceIndexBufferMemoryUsage>
    </storeData>
	
	<base>
		<typeDesc>$l10n_typeDesc_tipper</typeDesc>	
        <filename>tippert.i3d</filename>
        <size width="4.5" length="14.5" lengthOffset="0"/>
        <components>
            <component centerOfMass="0.00 1.00 -0.62" solverIterationCount="4" mass="2000"/>
			<component centerOfMass="0 0 0" solverIterationCount="10" mass="1800"/>
            <component solverIterationCount="10" mass="950"/>
            <joint component1="1" component2="2" node="1>2" rotLimit="0 120 0" transLimit="0 0 0"/>
            <joint component1="2" component2="3" node="2>1" rotLimit="20 0 0" transLimit="0 0 0"/>
        </components>
		<schemaOverlay name="IMPLEMENT" attacherJointPosition="0 0"/>
		<mapHotspot type="TRAILER"/>
    </base>
	
	<baseMaterial>
        <material name="Trailer" baseNode="0>8">
            <shaderParameter name="colorMat1" value="1 0.558 0" material="0"/>
        </material>
		<material name="Door" baseNode="0>7">
            <shaderParameter name="colorMat1" value="1 0.558 0" material="0"/>
        </material>
		<material name="DoorBottom" baseNode="0>7|0|1">
            <shaderParameter name="colorMat1" value="1 0.558 0" material="0"/>
        </material>
		<material name="Fender" baseNode="1>3">
            <shaderParameter name="colorMat4" value="1 0.558 0"/>
        </material>
		<material name="Rims" baseNode="0>0|0">
            <shaderParameter name="colorMat1" value="1 0.558 0" material="0"/>
        </material>
		<material name="Rims" baseNode="0>1|0">
            <shaderParameter name="colorMat1" value="1 0.558 0" material="0"/>
        </material>
		<material name="Rims" baseNode="0>2|0">
            <shaderParameter name="colorMat1" value="1 0.558 0" material="0"/>
        </material>
		<material name="Rims" baseNode="0>3|0">
            <shaderParameter name="colorMat1" value="1 0.558 0" material="0"/>
        </material>
		<material name="Rims" baseNode="0>4|0">
            <shaderParameter name="colorMat1" value="1 0.558 0" material="0"/>
        </material>
		<material name="Rims" baseNode="0>5|0">
            <shaderParameter name="colorMat1" value="1 0.558 0" material="0"/>
        </material>
		<material name="Rims" baseNode="1>0|0|0">
            <shaderParameter name="colorMat1" value="1 0.558 0"/>
        </material>
		<material name="Rims" baseNode="1>1|0|0">
            <shaderParameter name="colorMat1" value="1 0.558 0"/>
        </material>
		<material name="Rims" baseNode="1>5|0|0">
            <shaderParameter name="colorMat1" value="1 0.558 0"/>
        </material>
		<material name="Rims" baseNode="1>6|0|0">
            <shaderParameter name="colorMat1" value="1 0.558 0"/>
        </material>
	</baseMaterial>

    <baseMaterialConfigurations price="0">
		<baseMaterialConfiguration name="Cat Yellow"  	color="1 0.558 0" 		    material="0" price="1500"/>
		<baseMaterialConfiguration name="TAN MATTE" 	color="KRONE_YELLOW1"		material="1" price="1500"/>
		<baseMaterialConfiguration name="BLACK MATTE" 	color="SHARED_BLACK2" 		material="1" price="1500"/>
		<baseMaterialConfiguration name="RED MATTE" 	color="CASEIH_RED1" 		material="1" price="1500"/>
		<baseMaterialConfiguration name="BLUE MATTE" 	color="NEWHOLLAND_BLUE1" 	material="1" price="1500"/>
		<baseMaterialConfiguration name="GREEN MATTE" 	color="KRONE_GREEN1" 		material="1" price="1500"/>
		<baseMaterialConfiguration name="YELLOW MATTE" 	color="JOHNDEERE_YELLOW1"	material="1" price="1500"/>
		<baseMaterialConfiguration name="ORANGE MATTE" 	color="STARA_ORANGE" 		material="1" price="1500"/>
		
		<baseMaterialConfiguration name="WHITE METALIC"  color="SHARED_WHITE2" 		material="3" price="3500"/>
		<baseMaterialConfiguration name="GOLD METALIC" 	 color="KRONE_YELLOW1"		material="3" price="3500"/>
		<baseMaterialConfiguration name="BLACK METALIC"  color="SHARED_BLACK2" 		material="3" price="3500"/>
		<baseMaterialConfiguration name="RED METALIC" 	 color="CASEIH_RED1" 		material="3" price="3500"/>
		<baseMaterialConfiguration name="BLUE METALIC" 	 color="NEWHOLLAND_BLUE1" 	material="3" price="3500"/>
		<baseMaterialConfiguration name="GREEN METALIC"  color="KRONE_GREEN1" 		material="3" price="3500"/>
		<baseMaterialConfiguration name="YELLOW METALIC" color="JOHNDEERE_YELLOW1"	material="3" price="3500"/>
		<baseMaterialConfiguration name="ORANGE METALIC" color="STARA_ORANGE" 		material="3" price="3500"/>
	
		<baseMaterialConfiguration name="CHROME" 		color="SHARED_WHITE2"		material="2" price="5000"/>
		<baseMaterialConfiguration name="GOLD" 			color="KRONE_YELLOW1" 		material="2" price="5000"/>
		<baseMaterialConfiguration name="BLACK CHROME" 	color="SHARED_BLACK2" 		material="2" price="5000"/>
		<baseMaterialConfiguration name="RED CHROME" 	color="CASEIH_RED1" 		material="2" price="5000"/>
		<baseMaterialConfiguration name="BLUE CHROME" 	color="NEWHOLLAND_BLUE1" 	material="2" price="5000"/>
		<baseMaterialConfiguration name="GREEN CHROME" 	color="KRONE_GREEN1" 		material="2" price="5000"/>
		<baseMaterialConfiguration name="YELLOW CHROME" color="JOHNDEERE_YELLOW1"	material="2" price="5000"/>
		<baseMaterialConfiguration name="ORANGE CHROME" color="STARA_ORANGE" 		material="2" price="5000"/>
		
		<baseMaterialConfiguration name="KRONE" 		color="KRONE_GREEN1" 		material="0" price="0"/>
		<baseMaterialConfiguration name="KRONE" 		color="KRONE_YELLOW1" 		material="0" price="0"/>
		<baseMaterialConfiguration name="BROWN" 		color="SHARED_BROWN1" 		material="0" price="0"/>
		<baseMaterialConfiguration name="DEUTZ" 		color="DEUTZ_GREEN1" 		material="0" price="0"/>
		<baseMaterialConfiguration name="KOBALT" 		color="DFM_DARKBLUE1" 		material="0" price="0"/>
		<baseMaterialConfiguration name="CYAN" 			color="KOMATSU_CYAN" 		material="0" price="0"/>
		<baseMaterialConfiguration name="NEWHOLLAND" 	color="NEWHOLLAND_YELLOW1" 	material="0" price="0"/>
		<baseMaterialConfiguration name="ROOTBEER" 		color="LELY_COPPER" 		material="3" price="3500"/>
		
		<baseMaterialConfiguration name="JOHNDEERE_YELLOW1" color="JOHNDEERE_YELLOW1"	material="0"  price="0"/>
		<baseMaterialConfiguration name="24k Gold"  		color="1 0.5 0" 			material="35" price="500"/>
		<baseMaterialConfiguration name="LINE X" 			color="0.016 0.016 0.016"	material="25" price="500"/>
		<baseMaterialConfiguration name="BLACK CHERRY" 		color="0.010 0 0 1" 		material="27" price="500"/>
		<baseMaterialConfiguration name="JOHNDEERE_GREEN1" 	color="JOHNDEERE_GREEN1" 	material="0"  price="0"/>
		<baseMaterialConfiguration name="TURQUOISE"			color="GOLDHOFER_GREEN1" 	material="27" price="500"/>
		<baseMaterialConfiguration name="MIDNIGHT BLUE" 	color="0.001 0 0.015 1" 	material="27" price="500"/>
		<baseMaterialConfiguration name="BURNT ORANGE" 		color="0.5 0.08 0.0046 1" 	material="27" price="500"/>
		
		<baseMaterialConfiguration name="FLIEGL RED1" 		color="FLIEGL_RED1"		material="0"  price="500"/>
		<baseMaterialConfiguration name="HOLMER RED1"  		color="HOLMER_RED1" 	material="0" price="500"/>
		<baseMaterialConfiguration name="HOLMER PINK" 		color="HOLMER_PINK" 	material="0" price="500"/>
		<baseMaterialConfiguration name="HOLMER BLUE" 		color="HOLMER_BLUE" 	material="0" price="500"/>
		<baseMaterialConfiguration name="FLIEGL ORANGE1" 	color="FLIEGL_ORANGE1" 	material="0"  price="500"/>
		<baseMaterialConfiguration name="GOLDHOFER RED1"	color="GOLDHOFER_RED1" 	material="0" price="500"/>
		<baseMaterialConfiguration name="KOTTE BLUE1" 		color="KOTTE_BLUE1" 	material="0" price="500"/>
		<baseMaterialConfiguration name="KOTTE RED1" 		color="KOTTE_RED1" 		material="0" price="500"/>
		
		<material name="Trailer" shaderParameter="colorMat1" />
		<material name="Door" shaderParameter="colorMat1" />
		<material name="DoorBottom" shaderParameter="colorMat1" />
		<material name="Fender" shaderParameter="colorMat4" />
	</baseMaterialConfigurations>
	
	<designMaterialConfigurations>
		<designMaterialConfiguration name="Cat Yellow"  	color="1 0.558 0" 		    material="0" price="1500"/>
		<designMaterialConfiguration name="TAN MATTE" 		color="KRONE_YELLOW1"		material="1" price="1500"/>
		<designMaterialConfiguration name="BLACK MATTE" 	color="SHARED_BLACK2" 		material="1" price="1500"/>
		<designMaterialConfiguration name="RED MATTE" 		color="CASEIH_RED1" 		material="1" price="1500"/>
		<designMaterialConfiguration name="BLUE MATTE" 		color="NEWHOLLAND_BLUE1" 	material="1" price="1500"/>
		<designMaterialConfiguration name="GREEN MATTE" 	color="KRONE_GREEN1" 		material="1" price="1500"/>
		<designMaterialConfiguration name="YELLOW MATTE" 	color="JOHNDEERE_YELLOW1"	material="1" price="1500"/>
		<designMaterialConfiguration name="ORANGE MATTE" 	color="STARA_ORANGE" 		material="1" price="1500"/>
		
		<designMaterialConfiguration name="WHITE METALIC"  	color="SHARED_WHITE2" 		material="3" price="3500"/>
		<designMaterialConfiguration name="GOLD METALIC" 	color="KRONE_YELLOW1"		material="3" price="3500"/>
		<designMaterialConfiguration name="BLACK METALIC"  	color="SHARED_BLACK2" 		material="3" price="3500"/>
		<designMaterialConfiguration name="RED METALIC" 	color="CASEIH_RED1" 		material="3" price="3500"/>
		<designMaterialConfiguration name="BLUE METALIC" 	color="NEWHOLLAND_BLUE1" 	material="3" price="3500"/>
		<designMaterialConfiguration name="GREEN METALIC"  	color="KRONE_GREEN1" 		material="3" price="3500"/>
		<designMaterialConfiguration name="YELLOW METALIC" 	color="JOHNDEERE_YELLOW1"	material="3" price="3500"/>
		<designMaterialConfiguration name="ORANGE METALIC" 	color="STARA_ORANGE" 		material="3" price="3500"/>
	
		<designMaterialConfiguration name="CHROME" 			color="SHARED_WHITE2"		material="2" price="5000"/>
		<designMaterialConfiguration name="GOLD" 			color="KRONE_YELLOW1" 		material="2" price="5000"/>
		<designMaterialConfiguration name="BLACK CHROME" 	color="SHARED_BLACK2" 		material="2" price="5000"/>
		<designMaterialConfiguration name="RED CHROME" 		color="CASEIH_RED1" 		material="2" price="5000"/>
		<designMaterialConfiguration name="BLUE CHROME" 	color="NEWHOLLAND_BLUE1" 	material="2" price="5000"/>
		<designMaterialConfiguration name="GREEN CHROME" 	color="KRONE_GREEN1" 		material="2" price="5000"/>
		<designMaterialConfiguration name="YELLOW CHROME" 	color="JOHNDEERE_YELLOW1"	material="2" price="5000"/>
		<designMaterialConfiguration name="ORANGE CHROME" 	color="STARA_ORANGE" 		material="2" price="5000"/>
		
		<designMaterialConfiguration name="KRONE" 			color="KRONE_GREEN1" 		material="0" price="0"/>
		<designMaterialConfiguration name="KRONE" 			color="KRONE_YELLOW1" 		material="0" price="0"/>
		<designMaterialConfiguration name="BROWN" 			color="SHARED_BROWN1" 		material="0" price="0"/>
		<designMaterialConfiguration name="DEUTZ" 			color="DEUTZ_GREEN1" 		material="0" price="0"/>
		<designMaterialConfiguration name="KOBALT" 			color="DFM_DARKBLUE1" 		material="0" price="0"/>
		<designMaterialConfiguration name="CYAN" 			color="KOMATSU_CYAN" 		material="0" price="0"/>
		<designMaterialConfiguration name="NEWHOLLAND" 		color="NEWHOLLAND_YELLOW1" 	material="0" price="0"/>
		<designMaterialConfiguration name="ROOTBEER" 		color="LELY_COPPER" 		material="3" price="3500"/>
		
		<designMaterialConfiguration name="JOHNDEERE_YELLOW1" color="JOHNDEERE_YELLOW1"	material="0"  price="0"/>
		<designMaterialConfiguration name="24k Gold"  		color="1 0.5 0" 			material="35" price="500"/>
		<designMaterialConfiguration name="LINE X" 			color="0.016 0.016 0.016"	material="25" price="500"/>
		<designMaterialConfiguration name="BLACK CHERRY" 		color="0.010 0 0 1" 		material="27" price="500"/>
		<designMaterialConfiguration name="JOHNDEERE_GREEN1" 	color="JOHNDEERE_GREEN1" 	material="0"  price="0"/>
		<designMaterialConfiguration name="TURQUOISE"			color="GOLDHOFER_GREEN1" 	material="27" price="500"/>
		<designMaterialConfiguration name="MIDNIGHT BLUE" 	color="0.001 0 0.015 1" 	material="27" price="500"/>
		<designMaterialConfiguration name="BURNT ORANGE" 		color="0.5 0.08 0.0046 1" 	material="27" price="500"/>
		
		<designMaterialConfiguration name="FLIEGL RED1" 		color="FLIEGL_RED1"		material="0"  price="500"/>
		<designMaterialConfiguration name="HOLMER RED1"  		color="HOLMER_RED1" 	material="0" price="500"/>
		<designMaterialConfiguration name="HOLMER PINK" 		color="HOLMER_PINK" 	material="0" price="500"/>
		<designMaterialConfiguration name="HOLMER BLUE" 		color="HOLMER_BLUE" 	material="0" price="500"/>
		<designMaterialConfiguration name="FLIEGL ORANGE1" 	color="FLIEGL_ORANGE1" 	material="0"  price="500"/>
		<designMaterialConfiguration name="GOLDHOFER RED1"	color="GOLDHOFER_RED1" 	material="0" price="500"/>
		<designMaterialConfiguration name="KOTTE BLUE1" 		color="KOTTE_BLUE1" 	material="0" price="500"/>
		<designMaterialConfiguration name="KOTTE RED1" 		color="KOTTE_RED1" 		material="0" price="500"/>
		
		
		<material name="Rims" shaderParameter="colorMat1" />
	</designMaterialConfigurations>
	
    <wheels>
        <wheelConfigurations>
            <wheelConfiguration>
                <wheels>
                    <wheel hasTireTracks="true" hasParticles="true">
                        <physics repr="0>0" radius="0.59" width="0.42" mass="1" initialCompression="35" suspTravel="0.475" spring="50" damper="70" frictionScale="2" />
						<tire tireTrackAtlasIndex="1" />
						<wheelChock parkingNode="0>27|0|0"/>
                        <wheelChock parkingNode="0>27|1|0" isInverted="true"/>
                    </wheel>
                    <wheel hasTireTracks="true" hasParticles="true">
                        <physics repr="0>1" radius="0.59" width="0.42" mass="1" initialCompression="35" suspTravel="0.475" spring="50" damper="70" frictionScale="2" />
						<tire tireTrackAtlasIndex="1" />
                    </wheel>
                    <wheel hasTireTracks="true" hasParticles="true">
                        <physics repr="0>2" radius="0.59" width="0.42" mass="1" initialCompression="35" suspTravel="0.475" spring="50" damper="70" frictionScale="2" />
						<tire tireTrackAtlasIndex="1" />
                    </wheel>
                    <wheel hasTireTracks="true" hasParticles="true">
                        <physics repr="0>3" radius="0.59" width="0.42" mass="1" initialCompression="35" suspTravel="0.475" spring="50" damper="70" frictionScale="2" />
						<tire tireTrackAtlasIndex="1" />
                    </wheel>
                    <wheel hasTireTracks="true" hasParticles="true">
                        <physics repr="0>4" radius="0.59" width="0.42" mass="1" initialCompression="35" suspTravel="0.475" spring="50" damper="70" frictionScale="2" />
						<tire tireTrackAtlasIndex="1" />
                    </wheel>
                    <wheel hasTireTracks="true" hasParticles="true">
                        <physics repr="0>5" radius="0.59" width="0.42" mass="1" initialCompression="35" suspTravel="0.475" spring="50" damper="70" frictionScale="1" />
                    	<tire tireTrackAtlasIndex="1" />
                    </wheel>
					<wheel hasTireTracks="true" hasParticles="true">
                        <physics repr="1>0" radius="0.55" width="0.42" mass="1" suspTravel="0.1" deltaY="-0.02" spring="40" damper="20" frictionScale="2"/>
						<tire tireTrackAtlasIndex="1" />
                    </wheel>
                    <wheel hasTireTracks="true" hasParticles="true">
                        <physics repr="1>1" radius="0.55" width="0.42" mass="1" suspTravel="0.1" deltaY="-0.02" spring="40" damper="20" frictionScale="2"/>
						<tire tireTrackAtlasIndex="1" />
                    </wheel>
                    <wheel hasTireTracks="true" hasParticles="true">
                        <physics repr="1>5" radius="0.55" width="0.42" mass="1" suspTravel="0.1" deltaY="-0.02" spring="40" damper="20" frictionScale="2"/>
						<tire tireTrackAtlasIndex="1" />
                    </wheel>
                    <wheel hasTireTracks="true" hasParticles="true">
                        <physics repr="1>6" radius="0.55" width="0.42" mass="1" suspTravel="0.1" deltaY="-0.02" spring="40" damper="20" frictionScale="2"/>
						<tire tireTrackAtlasIndex="1" />
                    </wheel>
                </wheels>
            </wheelConfiguration>
        </wheelConfigurations>
    </wheels>
	
	<connectionHoses>
        <hose inputAttacherJointIndices="1" type="airDoubleRed" node="0>25|1" length="1.4" diameter="0.015" straighteningFactor="1" minDeltaY="-0.410">
            <objectChange node="0>25|1|0" visibilityActive="false" visibilityInactive="true" />
        </hose>
        <hose inputAttacherJointIndices="1" type="airDoubleYellow" node="0>25|2" length="1.4" diameter="0.015" straighteningFactor="1" minDeltaY="-0.410">
            <objectChange node="0>25|2|0" visibilityActive="false" visibilityInactive="true" />
        </hose>
        <hose inputAttacherJointIndices="1" type="electric" node="0>25|0" length="1.75" diameter="0.008" minDeltaY="-0.246">
		    <objectChange node="0>25|3" visibilityActive="false" visibilityInactive="true"/>
        </hose>
		
		<target attacherJointIndices="1 2" type="airDoubleRed" node="0>26|2|0">
            <objectChange node="0>26|2|1" rotationActive="0 0 0" rotationInactive="-95 0 0"/>
        </target>
        <target attacherJointIndices="1 2" type="airDoubleYellow" node="0>26|1|0">
            <objectChange node="0>26|1|1" rotationActive="0 0 0" rotationInactive="-95 0 0"/>
        </target>
        <target attacherJointIndices="1 2" type="electric" node="0>26|0" socket="electric_metal"/>
    </connectionHoses>
	
	<dynamicallyLoadedParts>
		<dynamicallyLoadedPart node="1|3" linkNode="0>25|1|0"   filename="$data/shared/connectionHoses/connectors.i3d" />
        <dynamicallyLoadedPart node="1|2" linkNode="0>25|2|0"   filename="$data/shared/connectionHoses/connectors.i3d" />
		<dynamicallyLoadedPart node="0" linkNode="0>27|0" filename="$data/shared/assets/wheelChocks/wheelChockSupport01.i3d"/>
        <dynamicallyLoadedPart node="0" linkNode="0>27|1" filename="$data/shared/assets/wheelChocks/wheelChockSupport01.i3d"/>
    </dynamicallyLoadedParts>
	
    <attachable>
        <inputAttacherJoints>
            <inputAttacherJoint node="2>0" rootNode="2>" jointType="trailer"/>
        </inputAttacherJoints>
        <support animationName="moveSupport"/>
        <brakeForce force="0.3"/>
    </attachable>
	
    <attacherJoints>
        <attacherJoint node="0>23|0|0" jointType="trailer" lowerRotLimit="20 80 65" upperRotationOffset="0" allowsJointLimitMovement="false" canTurnOnImplement="false">
            <schema position="1 0" rotation="0" invertX="false"/>
        </attacherJoint>
        <attacherJoint node="0>23|0|1" jointType="trailerLow" lowerRotLimit="20 80 65" upperRotationOffset="0" allowsJointLimitMovement="false" canTurnOnImplement="false">
            <schema position="1 0" rotation="0" invertX="false"/>
        </attacherJoint>
		
		<sounds>
            <attach template="ATTACH_01" />
            <hydraulic template="defaultHydraulicSound" />
        </sounds>
    </attacherJoints>
	
    <lights>
		<sharedLight linkNode="0>22|4"       filename="lights/rearMultipointLight_02_left.xml" />
        <sharedLight linkNode="0>22|5"       filename="lights/rearMultipointLight_02_right.xml" />
		<sharedLight linkNode="0>22|6"       filename="lights/rearLightOvalLEDOrange_01.xml" />
        <sharedLight linkNode="0>22|7"       filename="lights/rearLightOvalLEDOrange_01.xml" />
		<sharedLight linkNode="0>22|8"       filename="lights/rearLightOvalLEDOrange_01.xml" />
        <sharedLight linkNode="0>22|9"       filename="lights/rearLightOvalLEDOrange_01.xml" />
		<sharedLight linkNode="0>22|10"       filename="lights/rearLightOvalLEDOrange_01.xml" />
        <sharedLight linkNode="0>22|11"       filename="lights/rearLightOvalLEDOrange_01.xml" />
		<sharedLight linkNode="0>22|12"       filename="lights/rearLightOvalLEDOrange_01.xml" />
        <sharedLight linkNode="0>22|13"       filename="lights/rearLightOvalLEDOrange_01.xml" />
		
        <realLights>
            <low>
                <light node="0>22|3" lightTypes="0 3"/>
                <turnLightLeft node="0>22|1"/>
                <turnLightRight node="0>22|2"/>
                <brakeLight node="0>22|3"/>
                <reverseLight node="0>22|0"/>
            </low>
            <high>
                <light node="0>22|3" lightTypes="0 3"/>
                <turnLightLeft node="0>22|1"/>
                <turnLightRight node="0>22|2"/>
                <brakeLight node="0>22|3"/>
                <reverseLight node="0>22|0"/>
            </high>
        </realLights>
	</lights>
	
    <animations>
        <animation name="moveSupport">
            <part node="0>11" startTime="0" endTime="0.2" startTrans="0 0.587 0" endTrans="0 -0.1 0"/>
		</animation>
		
		<animation name="tipAnimationBack">
            <part node="0>7" startTime="0" endTime="4" startRot="0 0 0" endRot="70 0 0"/>
			<part node="0>24|0" startTime="0" endTime="4" startTrans="0 0 0.554" endTrans="0 0 0.819"/>
        </animation>
		<animation name="tipAnimationGrainDoor">
            <part node="0>7|0|1" startTime="0" endTime="4" startTrans="0 2.028 -5.886" endTrans="0 2.765 -5.886"/>
		</animation>
		
		<animation name="toggleCover">
            <part node="0>9" startTime="0"    endTime="0.05" visibility="true" />
			<part node="0>7|0|0" startTime="0"    endTime="0.05" visibility="true" />
            <part node="0>9" startTime="0.05" endTime="0.1"    visibility="false" />
			<part node="0>7|0|0" startTime="0.05" endTime="0.1"    visibility="false" />
        </animation>
		<!-- Pin Lock -->		
		<animation name="folding" playSound="true">
            <part componentJointIndex="1" startTime="0.0" endTime="0.15" startRotLimit="0 120 0" endRotLimit="0 0 0" />	
        </animation>
    </animations>
	 
	<!-- Pin Lock -->
    <foldable>
        <foldingConfigurations title="Pin Lock System">
            <foldingConfiguration name="Pin Lock" price="2000" >
				<foldingParts startMoveDirection="0" negDirectionText="Lock Pin" posDirectionText="Unlock Pin" turnOnFoldMinLimit="0.0" turnOnFoldMaxLimit="0.12" turnOffIfNotAllowed="true">
					<foldingPart animationName="folding" speedScale=".2" />	
				</foldingParts>
            </foldingConfiguration>
            <foldingConfiguration name="No Pin Lock" 	price="0" >				
            </foldingConfiguration>			
        </foldingConfigurations>
    </foldable>	
	
    <cylindered>
        <movingTools>
            <movingTool node="0>11" playSound="true">
            </movingTool>
		</movingTools>
		
		<sounds>
            <hydraulic template="defaultHydraulicSound" linkNode="0>"/>
        </sounds>
    </cylindered>
	
	<cover>
        <coverConfigurations>
            <coverConfiguration openCoverWhileTipping="true">
                <cover openAnimation="toggleCover" fillUnitIndices="1" />
            </coverConfiguration>
        </coverConfigurations>
    </cover>
	
	<fillUnit>
        <fillUnitConfigurations>
            <fillUnitConfiguration name="CP 60k" price="0" >
                <fillUnits>
                    <fillUnit unitTextOverride="$l10n_unit_literShort" fillTypeCategories="bulk windrow" capacity="60000" allowAILoading="true" updateMass="false" >
                        <dashboard displayType="NUMBER" valueType="fillLevel" numbers="0>13|0|0" precision="1"/>
						<dashboard displayType="NUMBER" valueType="fillLevel" numbers="0>13|1|0" precision="1"/>
                        <exactFillRootNode node="0>20" />
                        <autoAimTargetNode node="0>19" startZ="3.88" endZ="-3.8" invert="false" startPercentage="25"/>
                    </fillUnit>
                </fillUnits>
            </fillUnitConfiguration>
            <fillUnitConfiguration name="CP 150k" price="0" >
                <fillUnits>
                    <fillUnit unitTextOverride="$l10n_unit_literShort" fillTypeCategories="bulk windrow" capacity="150000" allowAILoading="true" updateMass="false" >
                        <dashboard displayType="NUMBER" valueType="fillLevel" numbers="0>13|0|0" precision="1"/>
						<dashboard displayType="NUMBER" valueType="fillLevel" numbers="0>13|1|0" precision="1"/>
                        <exactFillRootNode node="0>20" />
                        <autoAimTargetNode node="0>19" startZ="3.88" endZ="-3.8" invert="false" startPercentage="25"/>
                    </fillUnit>
                </fillUnits>
            </fillUnitConfiguration>
            <fillUnitConfiguration name="CP 250k" price="0" >
                <fillUnits>
                    <fillUnit unitTextOverride="$l10n_unit_literShort" fillTypeCategories="bulk windrow" capacity="250000" allowAILoading="true" updateMass="false" >
                        <dashboard displayType="NUMBER" valueType="fillLevel" numbers="0>13|0|0" precision="1"/>
						<dashboard displayType="NUMBER" valueType="fillLevel" numbers="0>13|1|0" precision="1"/>
                        <exactFillRootNode node="0>20" />
                        <autoAimTargetNode node="0>19" startZ="3.88" endZ="-3.8" invert="false" startPercentage="25"/>
                    </fillUnit>
                </fillUnits>
            </fillUnitConfiguration>
            <fillUnitConfiguration name="CP 500k" price="0" >
                <fillUnits>
                    <fillUnit unitTextOverride="$l10n_unit_literShort" fillTypeCategories="bulk windrow" capacity="500000" allowAILoading="true" updateMass="false" >
						<dashboard displayType="NUMBER" valueType="fillLevel" numbers="0>13|0|0" precision="1"/>
						<dashboard displayType="NUMBER" valueType="fillLevel" numbers="0>13|1|0" precision="1"/>
                        <exactFillRootNode node="0>20" />
                        <autoAimTargetNode node="0>19" startZ="3.88" endZ="-3.8" invert="false" startPercentage="25"/>
                    </fillUnit>
                </fillUnits>
            </fillUnitConfiguration>
			<fillUnitConfiguration name="CP 1M" price="0" >
                <fillUnits>
                    <fillUnit unitTextOverride="$l10n_unit_literShort" fillTypeCategories="bulk windrow" capacity="1000000" allowAILoading="true" updateMass="false" >
						<dashboard displayType="NUMBER" valueType="fillLevel" numbers="0>13|0|0" precision="1"/>
						<dashboard displayType="NUMBER" valueType="fillLevel" numbers="0>13|1|0" precision="1"/>
                        <exactFillRootNode node="0>20" />
                        <autoAimTargetNode node="0>19" startZ="3.88" endZ="-3.8" invert="false" startPercentage="25"/>
                    </fillUnit>
                </fillUnits>
            </fillUnitConfiguration>
			<fillUnitConfiguration name="Non CP 2.5M" price="0" >
                <fillUnits>
                    <fillUnit unitTextOverride="$l10n_unit_literShort" fillTypeCategories="bulk windrow" capacity="2500000" allowAILoading="true" updateMass="false" >
						<dashboard displayType="NUMBER" valueType="fillLevel" numbers="0>13|0|0" precision="1"/>
						<dashboard displayType="NUMBER" valueType="fillLevel" numbers="0>13|1|0" precision="1"/>
                        <exactFillRootNode node="0>20" />
                        <autoAimTargetNode node="0>19" startZ="3.88" endZ="-3.8" invert="false" startPercentage="25"/>
                    </fillUnit>
                </fillUnits>
            </fillUnitConfiguration>
			<fillUnitConfiguration name="Non CP 5M" price="0" >
                <fillUnits>
                    <fillUnit unitTextOverride="$l10n_unit_literShort" fillTypeCategories="bulk windrow" capacity="5000000" allowAILoading="true" updateMass="false" >
						<dashboard displayType="NUMBER" valueType="fillLevel" numbers="0>13|0|0" precision="1"/>
						<dashboard displayType="NUMBER" valueType="fillLevel" numbers="0>13|1|0" precision="1"/>
                        <exactFillRootNode node="0>20" />
                        <autoAimTargetNode node="0>19" startZ="3.88" endZ="-3.8" invert="false" startPercentage="25"/>
                    </fillUnit>
                </fillUnits>
            </fillUnitConfiguration>
        </fillUnitConfigurations>
    </fillUnit>

    <fillVolume>
        <fillVolumeConfigurations>
            <fillVolumeConfiguration>
                <volumes>
                    <volume node="0>12|0" maxDelta="0.01" fillUnitIndex="1" />
                </volumes>
            </fillVolumeConfiguration>
        </fillVolumeConfigurations>

        <unloadInfos>
            <unloadInfo>
                <node node="0>29" width="1.0" length="1.7"/>
            </unloadInfo>
        </unloadInfos>

        <heightNodes>
            <heightNode fillVolumeIndex="1" >
                <refNode node="0>18|0" />
                <refNode node="0>18|1" />
				<node node="0>21|0|2" baseScale="1 0.2 1" scaleAxis="0 0.4 0" transAxis="0 0 0" />
                <node node="0>21|0|0" baseScale="1 1 1" transAxis="0 1 0"/>
            </heightNode>
        </heightNodes>
    </fillVolume>
	
	<trailer>
        <trailerConfigurations>
            <trailerConfiguration name="$l10n_configuration_valueDefault" price="0">
                <trailer>
                    <tipSide name="$l10n_info_tipSideBack" dischargeNodeIndex="1">
                        <animation name="tipAnimationBack" speedScale="1.0" startTipTime="0.2" />
                        <animationNodes>
							<animationNode node="0>10" rotSpeed="-50" rotAxis="1" shaderComponentScale="0 -1 0 0" shaderParameterName="offsetUV" />
                        </animationNodes>
                    </tipSide>
                </trailer>
            </trailerConfiguration>
			<trailerConfiguration name="$l10n_info_tipSideBackGrainDoor" price="100">
                <trailer>
                    <tipSide name="$l10n_info_tipSideBackGrainDoor" dischargeNodeIndex="1">
                        <animation name="tipAnimationGrainDoor" speedScale="1.0" startTipTime="0.2" />
                        <animationNodes>
							<animationNode node="0>10" rotSpeed="-50" rotAxis="1" shaderComponentScale="0 -1 0 0" shaderParameterName="offsetUV" />
                        </animationNodes>
                    </tipSide>
                </trailer>
            </trailerConfiguration>
        </trailerConfigurations>
    </trailer>
	
	<dischargeable>
        <dischargeNode node="0>17" emptySpeed="100000" fillUnitIndex="1" unloadInfoIndex="1">
            <info width="2.5" length="0.5" zOffset="0.5"/>
            <effects>
                <effectNode effectClass="TipEffect">
                    <effectNode effectNode="0>21|0|2" effectClass="ParticleEffect"/>
                    <effectNode effectNode="0>21|0|0" materialType="unloading" materialTypeId="1" fadeTime="0.5" extraDistanceNode="0>17" extraDistance="0.2"/>
                </effectNode>
                <effectNode effectNode="0>21|0|1"      materialType="smoke"     materialTypeId="1" fadeTime="0.5"/>
            </effects>
        </dischargeNode>
    </dischargeable>
	
    <foliageBending>
        <bendingNode minX="-1.5" maxX="1.5" minZ="-5.0" maxZ="3.5" yOffset="0.6" />
    </foliageBending>
	
	<wearable wearDuration="16000" workMultiplier="5" fieldMultiplier="2"/>
    <washable dirtDuration="90" washDuration="1" workMultiplier="3" fieldMultiplier="2"/>
</vehicle>
