﻿<?xml version="1.0" encoding="utf-8" standalone="no" ?>
<vehicle type="balerWrapper" xmlns:xsi="http://www.w3.org/2001/XMLSchema-instance" xsi:noNamespaceSchemaLocation="https://validation.gdn.giants-software.com/xml/fs22/vehicle.xsd">
    <annotation>Copyright (C) DD ModPassion, All Rights Reserved.</annotation>
    <storeData>
        <name>FastBale</name>
        <image>$data/store/store_empty.png</image>
        <brand>VICON</brand>
        <category>balers</category>
        <showInStore>false</showInStore>
    </storeData>
    <base>
        <filename>filename/foilWrapRoll.i3d</filename>
    </base>
    <fillUnit>
        <fillUnitConfigurations>
            <fillUnitConfiguration>
                <fillUnits>
                    <fillUnit unitTextOverride="$l10n_unit_mShort" fillTypeCategories="foilWrap" capacity="3000" canBeUnloaded="false" allowFoldingThreshold="6000"/>
                </fillUnits>
            </fillUnitConfiguration>
        </fillUnitConfigurations>
    </fillUnit>
    <baleWrapper>
        <foilWrapAddon>
            <baseNode node="0>0|5|9|0|0|0|0|0|0|0"/>
            <baseNode node="0>0|5|9|0|0|0|0|0|0|1"/>
            <roll node="0>0|5|9|0|0|0|0|0|0|0" translation="-1.08806 -1.87204 -0.92" rotation="90 0 -12.5" scale="0.9 0.988 0.9"/>
            <roll node="0>0|5|9|0|0|0|0|0|0|1" translation="1.08007 -2.25167 -0.975" rotation="90 0 166" scale="0.885 0.988 0.885"/>
            <material node="foilLeft"/>
            <material node="foilRight"/>
            <material node="leftOverFoilLeft" editVisibility="false"/>
            <material node="leftOverFoilRight" editVisibility="false"/>
        </foilWrapAddon>
    </baleWrapper>
    <wearable showOnHud="false"/>
    <washable/>
</vehicle>