﻿<?xml version="1.0" encoding="utf-8" standalone="no" ?>
<modDesc descVersion="79">
    <author>OmaTana</author>
    <version>1.3.1.0</version>
	<iconFilename>icon_tardisLoader.dds</iconFilename>
    <title><en>Lizard Tardis XL</en></title>
    <description>
<en><![CDATA[As a virtual farmer, haven't you longed for a loader wagon that can pick up the entire grass harvest from a medium-sized field without having to drive to the farm again and again?
Then the state-of-the-art loading wagon Tardis XL with its 200,000 liters loading capacity is made for you.
After years of research, the world-renowned agricultural machinery manufacturer Lizard has succeeded in developing the VolCompress process, for which a patent is pending, with which straw, grass and hay can be compressed in such a way that a loading wagon can carry a lot more load inside than you can see on the outside .
The Tardis XL loader wagon is now available at a sensational introductory price so that the new technology can be made available worldwide.
It is available in numerous color variants that can be freely combined with each other.
If you don't need quite as much loading capacity, you can also choose the Tardis M model, which still offers plenty of space with a capacity of 50,000 liters.

Due to the great success of the Tardis loading wagon, this concept was expanded into an entire product line.
There is now also a smaller model of the Tardis loader, two different trailers, a liquid tank and a combine harvester, each in a large capacity model and a normal capacity model.

Note: Remember to disable the "Trailer Fill Limit" option to fully enjoy the large loading capacity!

Tardis XL:
Loading capacity: 200,000 liters
Price: $55,500
Required tractor power: 220 hp
Slots on consoles: 17

Tardis M:
Loading capacity: 50,000 liters
Price: $52,500
Required tractor power: 220 hp
Slots on consoles: 17

Tardis L:
Loading capacity: 125,000 liters
Price: $30,500
Required tractor power: 60 hp
Slots on consoles: 10

Tardis S:
Loading capacity: 25,000 liters
Price: $25,500
Required tractor power: 60 hp
Slots on consoles: 10

Trailer Tardis XL:
Loading capacity: 150,000 - 200,000 liters
Price: $15,500
Slots on consoles: 5

Trailer Tardis M:
Loading capacity: 20,000 - 30,000 liters
Price: $14,500
Slots on consoles: 5

Trailer Tardis DK XL:
Loading capacity: 250,000 liters
Price: $25,000
Slots on consoles: 14

Trailer Tardis DK M:
Loading capacity: 25,000 liters
Price: $20,000
Slots on consoles: 14

Liquids tank Tardis XL:
Loading capacity: 200,000 liters
Liquids: Water, Milk, Liquid Fertilizer, Slurry, Herbicide, Diesel, Digestate, DEF
Price: $7,500
Slots on consoles: 4

Liquid tank Tardis M:
Loading capacity: 20,000 liters
Liquids: Water, Milk, Liquid Fertilizer, Slurry, Herbicide, Diesel, Digestate, DEF
Price: $5,000
Slots on consoles: 4

Harvester XL:
Capacity: 250,000 liters
Price: $129,500
Slots on consoles: 29

Harvester M:
Capacity: 10,000 liters
Price: $99,500
Slots on consoles: 29

Header Fast:
Working width: 6m
Working speed: 20 km/h
Price: $30,000
Slots on consoles: 11

Header:
Working width: 6m
Working speed: 12 km/h
Price: $25,000
Slots on consoles: 11

Corn Header Fast:
Working width: 6 m
Working speed: 20 km/h
Price: $50,000
Slots on consoles: 5

Corn Header:
Working width: 6 m
Working speed: 20 km/h
Price: $35,000
Slots on consoles: 5

Changelog 1.3.1.0:
- Two corn headers have been added: one at 20 km/h and one at 10 km/h.
- The combine harvester now also drives quickly when it is loaded.
- The unloading speed of the new trailers and the combine is now significantly faster.
- The water tank now has the color setting "galvanized metal" again.

Changelog 1.3.0.0:
- The support foot of the liquid tank now rises when it is no longer needed thanks to the tractor being attached.
- All devices have received additional color variants.
- Additional equipment: small loading wagon, trailer, combine harvester with header.

Changelog 1.2.0.0:
Thanks to further intensive research, VolCompress can now also strongly compress liquids.
This has made it possible to bring liquid tanks with an enormous capacity onto the market.

Further changes:
- Widening of the swath intake on the Tardis loading wagon to 4 m.
- The Tardis loading wagon now travels up to 22 km/h.
- Unloading the Tardis Loader Wagon and Tardis Trailer is now faster.

Changelog 1.1.0.0:
After the huge success of the Tardis XL loader wagon, due to the great demand, Lizard decided to also equip a trailer with its state-of-the-art VolCompress process, which enables particularly large filling volumes with a normal size.
The Lizard trailer Tardis XL holds up to an impressive 200,000 liters and can be pulled by a normal farm tractor.
For lesser needs, there is also the Lizard trailer Tardis M model, which can hold up to 30,000 liters.
Both models allow free choice of color and are available at sensationally low prices.
]]>
</en>
<de><![CDATA[Wünschst Du Dir als virtueller Landwirt nicht schon lange einen Ladewagen, der die gesamte Grasernte eines mittelgroßen Feldes aufnehmen kann, ohne dass man zwischendurch immer wieder zum Hof fahren muss?
Dann ist der hochmoderne Ladewagen Tardis XL mit seinen 200.000 Litern Lade-Kapazität wie für Dich geschaffen.
Dem weltbekannten Landmaschinen-Hersteller Lizard ist es in jahrelanger Forschungsarbeit gelungen, das zum Patent anstehende Verfahren VolCompress zu entwickeln, mit dem Stroh, Gras und Heu so komprimiert werden können, dass ein Ladewagen innen sehr viel mehr Ladung aufnehmen kann, als man ihm außen ansieht.
Den Ladewagen Tardis XL gibt es jetzt zu einem sensationellem Einführungspreis, um die neue Technik weltweit verfügbar machen zu können.
Es gibt ihn in zahlreichen Farbvarianten, die frei miteinander kombinierbar sind.
Wer nicht ganz so viel Ladekapazität braucht, kann auch das Modell Tardis M wählen, das mit 50.000 Litern Kapazität immer noch reichlich Platz bietet.

Aufgrund des großen Erfolgs des Tardis Ladewagens wurde dieses Konzept zu einer ganzen Produktlinie erweitert.
Es gibt jetzt auch ein kleineres Modell eines Tardis Ladewagens, zwei unterschiedliche Anhänger, ein Flüssigkeiten-Fass und einen Mähdrescher, jeweils als Modell mit großer Kapazität und eines mit normaler Kapazität.

Hinweis: Denk daran, die Option "Anhänger Füll Limit" zu deaktivieren, um in den vollen Genuss der großen Ladekapazität zu kommen!

Tardis Loader XL:
Lade-Kapazität: 200.000 Liter
Preis: 55.500 €
Benötigte Traktorleistung: 220 PS
Slots auf Konsolen: 17

Tardis Loader M:
Lade-Kapazität: 50.000 Liter
Preis: 52.500 €
Benötigte Traktorleistung: 220 PS
Slots auf Konsolen: 17

Tardis Loader L:
Lade-Kapazität: 125.000 Liter
Preis: 30.500 €
Benötigte Traktorleistung: 60 PS
Slots auf Konsolen: 10

Tardis Loader S:
Lade-Kapazität: 25.000 Liter
Preis: 25.500 €
Benötigte Traktorleistung: 60 PS
Slots auf Konsolen: 10

Anhänger Tardis XL:
Lade-Kapazität: 150.000 - 200.000 Liter
Preis: 15.500 €
Slots auf Konsolen: 5

Anhänger Tardis M:
Lade-Kapazität: 20.000 - 30.000 Liter
Preis: 14.500 €
Slots auf Konsolen: 5

Anhänger Tardis DK XL:
Lade-Kapazität: 250.000 Liter
Preis: 23.000 €
Slots auf Konsolen: 14

Anhänger Tardis DK M:
Lade-Kapazität: 25.000 Liter
Preis: 20.000 €
Slots auf Konsolen: 14

Flüssigkeiten-Tank Tardis XL:
Lade-Kapazität: 200.000 Liter
Flüssigkeiten: Wasser, Milch, Flüssigkdünger, Gülle, Herbizid, Diesel, Gärreste, DEF
Preis: 7.500 €
Slots auf Konsolen: 4

Flüssigkeiten-Tank Tardis M:
Lade-Kapazität: 20.000 Liter
Flüssigkeiten: Wasser, Milch, Flüssigkdünger, Gülle, Herbizid, Diesel, Gärreste, DEF
Preis: 5.000 €
Slots auf Konsolen: 4

Mähdrescher XL:
Lade-Kapazität: 250.000 Liter
Preis: 129.500 €
Slots auf Konsolen: 29

Mähdrescher M:
Lade-Kapazität: 10.000 Liter
Preis: 99.500 €
Slots auf Konsolen: 29

Schneidwerk Fast:
Arbeitsbreite: 6 m
Arbeitsgeschwindigkeit: 20 km/h
Preis: 30.000 €
Slots auf Konsolen: 11

Schneidwerk:
Arbeitsbreite: 6 m
Arbeitsgeschwindigkeit: 12 km/h
Preis: 25.000 €
Slots auf Konsolen: 11

Maisbegiss Fast:
Arbeitsbreite: 6 m
Arbeitsgeschwindigkeit: 20 km/h
Preis: 50.000 €
Slots auf Konsolen: 5

Maisbegiss:
Arbeitsbreite: 6 m
Arbeitsgeschwindigkeit: 20 km/h
Preis: 35.000 €
Slots auf Konsolen: 5

Changelog 1.3.1.0:
- Zwei Maisgebisse wurden hinzugefügt: eins mit 20 km/h und eins mit 10 km/h.
- Der Mähdrescher fährt jetzt auch schnell, wenn er beladen ist.
- Die Entladegeschwindigkeit der neuen Anhänger und des Mähdreschers ist jetzt deutlich schneller.
- Der Wasser-Tank hat jetzt wieder die Farbeinstellung "verzinktes Metall".

Changelog 1.3.0.0:
- Der Standfuß des Flüssigkeiten-Tanks erhebt sich jetzt, wenn er dank angekoppeltem Traktor nicht mehr gebraucht wird.
- Alle Geräte haben zusätzliche Farbvarianten bekommen.
- Zusätzliche Geräte: kleiner Ladewagen, Anhänger mit Drehschemel, Mähdrescher mit Schneidwerk

Changelog 1.2.0.0:
Weiteren intensiven Forschungen ist es zu verdanken, dass VolCompress jetzt auch Flüssigkeiten stark komprimieren kann.
Dadurch ist es möglich geworden, Flüssigkeitstanks mit einem enormen Fassungsvermögen auf den Markt zu bringen.

Weitere Änderungen:
- Vebreiterung der Schwadaufnahme beim Tardis-Ladewagen auf 4 m.
- Der Tardis-Ladewagen fährt jetzt bis zu 22 km/h.
- Das Entladen beim Tardis-Ladewagen und beim Tardis-Anhänger geht jetzt schneller.

Changelog 1.1.0.0:
Nach dem riesigen Erfolg des Ladewagen Tardis XL hat sich Lizard aufgrund der großen Nachfrage entschlossen, auch einen Anhänger mit ihrem hochmodernen Verfahren VolCompress auszustatten, das besonders große Füllvolumen bei normaler Größe ermöglicht.
Der Lizard Anhänger Tardis XL fasst bis zu stolze 200.000 Liter und kann dabei von einem normalen Hoftraktor gezogen werden.
Für den weniger großen Bedarf gibt es auch das Modell Lizard Anhänger Tardis M, der immerhin bis zu 30.000 Liter fasst.
Beide Modelle erlauben freie Farbwahl und sind zu sensationell günstigen Preisen erhältlich.
]]>
</de></description>
    <multiplayer supported="true"/>    
	
	<storeItems>
        <storeItem xmlFilename="tardisLoader.xml"/>
        <storeItem xmlFilename="tardisLoaderM.xml"/>
        <storeItem xmlFilename="tardisLoaderL.xml"/>
        <storeItem xmlFilename="tardisLoaderS.xml"/>
        <storeItem xmlFilename="tardisTrailer.xml"/>
        <storeItem xmlFilename="tardisTrailerM.xml"/>
        <storeItem xmlFilename="tardisTrailerDkXl.xml"/>
        <storeItem xmlFilename="tardisTrailerDkM.xml"/>
        <storeItem xmlFilename="liquidTardis.xml"/>
        <storeItem xmlFilename="liquidTardisM.xml"/>
        <storeItem xmlFilename="tardisHarvesterXl.xml"/>
        <storeItem xmlFilename="tardisHarvesterM.xml"/>
        <storeItem xmlFilename="tardisHeader.xml"/>
        <storeItem xmlFilename="tardisHeaderM.xml"/>
        <storeItem xmlFilename="tardisCornHeader.xml"/>
        <storeItem xmlFilename="tardisCornHeaderM.xml"/>
		

    </storeItems>
    <l10n>
        <text name="colorTardisBlue">
            <en>Tardis Blue</en>
            <de>Tardis Blau</de>
        </text>
        <text name="colorMetal">
            <en>Metal</en>
            <de>Metall</de>
        </text>
        <text name="colorOrange">
            <en>Orange Metal</en>
            <de>Orange Metall</de>
        </text>
        <text name="colorRed">
            <en>Red Metal</en>
            <de>Rot Metall</de>
        </text>
        <text name="colorPetrol">
            <en>Petrol Metal</en>
            <de>Petrol Metall</de>
        </text>
        <text name="colorDarkGreen">
            <en>Dark Green Metal</en>
            <de>Dunkelgrün Metall</de>
        </text>
        <text name="colorGreen">
            <en>Green Metal</en>
            <de>Grün Metall</de>
        </text>
        <text name="colorGold">
            <en>Gold Metal</en>
            <de>Gold Metall</de>
        </text>
    </l10n>


</modDesc>