﻿<?xml version="1.0" encoding="utf-8" standalone="no" ?>
<vehicle type="trailer" xmlns:xsi="http://www.w3.org/2001/XMLSchema-instance" xsi:noNamespaceSchemaLocation="../../../../shared/xml/schema/vehicle.xsd">
    <annotation>Copyright (C) GIANTS Software GmbH, All Rights Reserved.</annotation>

    <storeData>
        <name>TRAILER TARDIS DK M</name>
        <specs>
            <combination xmlFilename="$data/vehicles/rudolphSohn/dk280RL/dk280RL.xml"/>
            <combination xmlFilename="$data/vehicles/rudolphSohn/tdk301RP/tdk301RP.xml"/>
            <combination xmlFilename="$data/vehicles/rudolphSohn/tdk301RA/tdk301RA.xml"/>
        </specs>
        <functions>
            <function>$l10n_function_tipper</function>
        </functions>
        <image>store_tardisTrailerDkXl.dds</image>
        <price>20000</price>
        <lifetime>600</lifetime>
        <rotation>0</rotation>
        <brand>LIZARD</brand>
        <category>trailers</category>
        <shopTranslationOffset>0 -0.015 0</shopTranslationOffset>
        <shopRotationOffset>0.027 0 0</shopRotationOffset>
        <shopLoadingDelay initial="0.35"/>
        <vertexBufferMemoryUsage>2235648</vertexBufferMemoryUsage>
        <indexBufferMemoryUsage>382464</indexBufferMemoryUsage>
        <textureMemoryUsage>3014656</textureMemoryUsage>
        <audioMemoryUsage>0</audioMemoryUsage>
        <instanceVertexBufferMemoryUsage>0</instanceVertexBufferMemoryUsage>
        <instanceIndexBufferMemoryUsage>0</instanceIndexBufferMemoryUsage>
    </storeData>

    <base>
        <typeDesc>$l10n_typeDesc_tipper</typeDesc>
        <filename>tardisTrailerDkXl.i3d</filename>
        <size width="3.7" length="7.5" lengthOffset="0.65"/>
        <sounds volumeFactor="1.8"/>
        <components maxMass="18000">
            <component centerOfMass="0 0.7 -0.3"  solverIterationCount="30" mass="1210"/>
            <component centerOfMass="0 0 -0.4" solverIterationCount="15" mass="2400"/>
            <component centerOfMass="0 0 -0.4" solverIterationCount="15" mass="500"/>
            <joint component1="1" component2="2" node="axisJoint"     rotLimit="0 90 0" transLimit="0 0 0" />
            <joint component1="2" component2="3" node="drawbarJoint"  rotLimit="0 0 0" transLimit="0 0 0" />
        </components>
        <schemaOverlay attacherJointPosition="0 0" name="IMPLEMENT" />
        <mapHotspot type="TRAILER" />
    </base>

    <wheels>
        <wheelConfigurations>
            <wheelConfiguration name="$l10n_configuration_valueDefault" price="0" brand="CONTINENTAL" saveId="CONTINENTAL_DEFAULT">
                <wheels>
                    <wheel filename="$data/shared/wheels/tires/continental/contiCrossTracHS3/385_65R22_5.xml" isLeft="true" hasTireTracks="true" hasParticles="true" >
                        <physics tipOcclusionAreaGroupId="1" restLoad="1.7" repr="wheelFrontLeft"   forcePointRatio="0.3" initialCompression="22" suspTravel="0.08" spring="85" damper="50" yOffset="-0.006"/>
                    </wheel>
                    <wheel filename="$data/shared/wheels/tires/continental/contiCrossTracHS3/385_65R22_5.xml" isLeft="false" hasTireTracks="true" hasParticles="true" >
                        <physics tipOcclusionAreaGroupId="1" restLoad="1.7" repr="wheelFrontRight"  forcePointRatio="0.3" initialCompression="22" suspTravel="0.08" spring="85" damper="50" yOffset="-0.006"/>
                    </wheel>
                    <wheel filename="$data/shared/wheels/tires/continental/contiCrossTracHS3/385_65R22_5.xml" isLeft="true" hasTireTracks="true" hasParticles="true" >
                        <physics tipOcclusionAreaGroupId="1" restLoad="0.6" repr="wheelBackLeft"    forcePointRatio="0.3" initialCompression="6"  suspTravel="0.08" spring="85" damper="50" yOffset="-0.006" brakeFactor="0.3" frictionScale="1.9"/>
                        <wheelChock parkingNode="wheelChock02"/>
                        <wheelChock isInverted="true"/>
                    </wheel>
                    <wheel filename="$data/shared/wheels/tires/continental/contiCrossTracHS3/385_65R22_5.xml" isLeft="false" hasTireTracks="true" hasParticles="true" >
                        <physics tipOcclusionAreaGroupId="1" restLoad="0.6" repr="wheelBackRight"   forcePointRatio="0.3" initialCompression="6"  suspTravel="0.08" spring="85" damper="50" yOffset="-0.006" brakeFactor="0.3" frictionScale="1.9"/>
                    </wheel>
                </wheels>
            </wheelConfiguration>

            <wheelConfiguration name="$l10n_configuration_valueDefault" price="0" brand="CONTINENTAL" saveId="CONTINENTAL_DEFAULT02">
                <wheels baseConfig="CONTINENTAL_DEFAULT">
                    <wheel filename="$data/shared/wheels/tires/continental/contiHybridHT3/385_65R22_5.xml"/>
                    <wheel filename="$data/shared/wheels/tires/continental/contiHybridHT3/385_65R22_5.xml"/>
                    <wheel filename="$data/shared/wheels/tires/continental/contiHybridHT3/385_65R22_5.xml">
                        <wheelChock />
                        <wheelChock />
                    </wheel>
                    <wheel filename="$data/shared/wheels/tires/continental/contiHybridHT3/385_65R22_5.xml"/>
                </wheels>
            </wheelConfiguration>

            <wheelConfiguration name="$l10n_configuration_valueWheelBroad" price="1200" brand="TRELLEBORG" saveId="TRELLEBORG_BROAD">
                <wheels baseConfig="CONTINENTAL_DEFAULT">
                    <wheel filename="$data/shared/wheels/tires/trelleborg/T404/560_45R22_5.xml">
                        <physics yOffset="-0.004" />
                    </wheel>
                    <wheel filename="$data/shared/wheels/tires/trelleborg/T404/560_45R22_5.xml">
                        <physics yOffset="-0.004" />
                    </wheel>
                    <wheel filename="$data/shared/wheels/tires/trelleborg/T404/560_45R22_5.xml">
                        <physics yOffset="-0.004" />
                        <wheelChock />
                        <wheelChock />
                    </wheel>
                    <wheel filename="$data/shared/wheels/tires/trelleborg/T404/560_45R22_5.xml">
                        <physics yOffset="-0.004" />
                    </wheel>
                </wheels>
            </wheelConfiguration>

            <wheelConfiguration name="$l10n_configuration_valueWheelBroad" price="1200" brand="MICHELIN" saveId="MICHELIN_BROAD">
                <wheels baseConfig="CONTINENTAL_DEFAULT">
                    <wheel filename="$data/shared/wheels/tires/michelin/cargoXBibHD/560_45R22_5.xml">
                        <physics yOffset="0.002" />
                    </wheel>
                    <wheel filename="$data/shared/wheels/tires/michelin/cargoXBibHD/560_45R22_5.xml">
                        <physics yOffset="0.002" />
                    </wheel>
                    <wheel filename="$data/shared/wheels/tires/michelin/cargoXBibHD/560_45R22_5.xml">
                        <physics yOffset="0.002" />
                        <wheelChock />
                        <wheelChock />
                    </wheel>
                    <wheel filename="$data/shared/wheels/tires/michelin/cargoXBibHD/560_45R22_5.xml">
                        <physics yOffset="0.002" />
                    </wheel>
                </wheels>
            </wheelConfiguration>

            <wheelConfiguration name="$l10n_configuration_valueWheelBroad" price="1200" brand="BKT" saveId="BKT_BROAD">
                <wheels baseConfig="CONTINENTAL_DEFAULT">
                    <wheel filename="$data/shared/wheels/tires/bkt/ridemaxFL693M/560_45R22_5.xml">
                        <physics yOffset="-0.004" />
                    </wheel>
                    <wheel filename="$data/shared/wheels/tires/bkt/ridemaxFL693M/560_45R22_5.xml">
                        <physics yOffset="-0.004" />
                    </wheel>
                    <wheel filename="$data/shared/wheels/tires/bkt/ridemaxFL693M/560_45R22_5.xml">
                        <physics yOffset="-0.004" />
                        <wheelChock />
                        <wheelChock />
                    </wheel>
                    <wheel filename="$data/shared/wheels/tires/bkt/ridemaxFL693M/560_45R22_5.xml">
                        <physics yOffset="-0.004" />
                    </wheel>
                </wheels>
            </wheelConfiguration>

            <wheelConfiguration name="$l10n_configuration_valueDefault" price="0" brand="VREDESTEIN" saveId="VREDESTEIN_DEFAULT">
                <wheels baseConfig="CONTINENTAL_DEFAULT">
                    <wheel filename="$data/shared/wheels/tires/vredestein/flotationPro/560_45R22_5.xml">
                        <physics yOffset="0.003" />
                    </wheel>
                    <wheel filename="$data/shared/wheels/tires/vredestein/flotationPro/560_45R22_5.xml">
                        <physics yOffset="0.003" />
                    </wheel>
                    <wheel filename="$data/shared/wheels/tires/vredestein/flotationPro/560_45R22_5.xml">
                        <physics yOffset="0.003" />
                        <wheelChock />
                        <wheelChock />
                    </wheel>
                    <wheel filename="$data/shared/wheels/tires/vredestein/flotationPro/560_45R22_5.xml">
                        <physics yOffset="0.003" />
                    </wheel>
                </wheels>
            </wheelConfiguration>

            <wheelConfiguration name="$l10n_configuration_valueWheelBroad" price="1200" brand="VREDESTEIN" saveId="VREDESTEIN_BROAD">
                <wheels baseConfig="CONTINENTAL_DEFAULT">
                    <wheel filename="$data/shared/wheels/tires/vredestein/flotationPro/620_40R22_5.xml">
                        <physics yOffset="0.002" />
                    </wheel>
                    <wheel filename="$data/shared/wheels/tires/vredestein/flotationPro/620_40R22_5.xml">
                        <physics yOffset="0.002" />
                    </wheel>
                    <wheel filename="$data/shared/wheels/tires/vredestein/flotationPro/620_40R22_5.xml">
                        <physics yOffset="0.002" />
                        <wheelChock />
                        <wheelChock />
                    </wheel>
                    <wheel filename="$data/shared/wheels/tires/vredestein/flotationPro/620_40R22_5.xml">
                        <physics yOffset="0.002" />
                    </wheel>
                </wheels>
            </wheelConfiguration>
        </wheelConfigurations>

        <rimColor material="18">SHARED_WHITE1</rimColor>

        <hubs>
            <color0 material="18">SHARED_WHITE1</color0>
            <color1 material="1">SHARED_DA_METAL_BLACK</color1>
            <hub linkNode="wheelFrontLeft"  filename="$data/shared/wheels/hubs/hub_n10_5.xml" isLeft="true"  scale="0.25 0.35 0.35" offset="0.01"/>
            <hub linkNode="wheelFrontRight" filename="$data/shared/wheels/hubs/hub_n10_5.xml" isLeft="false" scale="0.25 0.35 0.35" offset="0.01"/>
            <hub linkNode="wheelBackLeft"   filename="$data/shared/wheels/hubs/hub_n10_5.xml" isLeft="true"  scale="0.25 0.35 0.35" offset="0.01"/>
            <hub linkNode="wheelBackRight"  filename="$data/shared/wheels/hubs/hub_n10_5.xml" isLeft="false" scale="0.25 0.35 0.35" offset="0.01"/>
        </hubs>
    </wheels>

    <attachable>
        <inputAttacherJoints>
            <inputAttacherJoint node="attacherJoint" jointType="trailer" rootNode="dk280_drawbar_component3" attacherHeight="0.93" />
        </inputAttacherJoints>
        <brakeForce force="0.8" maxForce="1.7" maxForceMass="18000"/>
        <support animationName="moveSupport" />
    </attachable>

    <attacherJoints>
        <attacherJoint node="trailerAttacherJoint" jointType="trailer" lowerRotLimit="25 70 70" upperRotationOffset="0" allowsJointLimitMovement="false" canTurnOnImplement="false" >
            <schema position="1 0" rotation="0" invertX="false" />
        </attacherJoint>
        <sounds>
            <attach template="ATTACH_01" linkNode="0>" />
        </sounds>
    </attacherJoints>

    <licensePlates>
        <licensePlate node="licensePlateNodeBack" position="BACK" preferedType="ELONGATED" placementArea="0.08 0.27 0.15 0.27"/>
    </licensePlates>

    <connectionHoses>
        <hose inputAttacherJointIndices="1" type="hydraulicIn"  node="hydraulicIn01"  length="1.7" diameter="0.015" straighteningFactor="1.5" minDeltaYComponent="dk280_drawbar_component3" minDeltaY="0.01">
           <objectChange node="hydraulicIn01_detached" visibilityActive="false" visibilityInactive="true"/>
        </hose>
        <hose inputAttacherJointIndices="1" type="hydraulicIn" node="hydraulicOut01" length="1.7" diameter="0.015" straighteningFactor="1.5" minDeltaYComponent="dk280_drawbar_component3" minDeltaY="0.01">
            <objectChange node="hydraulicOut01_detached" visibilityActive="false" visibilityInactive="true"/>
        </hose>
        <hose inputAttacherJointIndices="1" type="airDoubleRed" node="airIn" length="2.1" diameter="0.015" straighteningFactor="0.5" minDeltaYComponent="dk280_drawbar_component3" minDeltaY="0.01">
            <objectChange node="airIn_detached" visibilityActive="false" visibilityInactive="true" />
        </hose>
        <hose inputAttacherJointIndices="1" type="airDoubleYellow" node="airOut" length="2.1" diameter="0.015" straighteningFactor="0.5" minDeltaYComponent="dk280_drawbar_component3" minDeltaY="0.01">
            <objectChange node="airOut_detached" visibilityActive="false" visibilityInactive="true" />
        </hose>
        <hose inputAttacherJointIndices="1" type="electric" node="electricIn" length="2.1" diameter="0.008" straighteningFactor="0.5" minDeltaYComponent="dk280_drawbar_component3" minDeltaY="0.01">
            <objectChange node="electricIn_detached" visibilityActive="false" visibilityInactive="true" />
        </hose>
        <target attacherJointIndices="1" type="electric" node="electricAdapter" socket="electric_metal"/>
        <target attacherJointIndices="1" type="hydraulicIn" node="hydraulicInAdapter" socket="hydraulic01"/>
        <target attacherJointIndices="1" type="hydraulicOut" node="hydraulicOutAdapter" socket="hydraulic01"/>
        <target attacherJointIndices="1" type="airDoubleRed" node="airDoubleRedAdapter" socket="air_red"/>
        <target attacherJointIndices="1" type="airDoubleYellow" node="airDoubleYellowAdapter" socket="air_yellow"/>
    </connectionHoses>

    <dynamicallyLoadedParts>
        <dynamicallyLoadedPart node="0"   linkNode="chockSupport" filename="$data/shared/assets/wheelChocks/wheelChockSupport01.i3d"/>
        <dynamicallyLoadedPart node="1|0" linkNode="hydraulicIn01_detachedAdapter"  filename="$data/shared/connectionHoses/connectors.i3d" />
        <dynamicallyLoadedPart node="1|0" linkNode="hydraulicOut01_detachedAdapter"  filename="$data/shared/connectionHoses/connectors.i3d" />
        <dynamicallyLoadedPart node="1|2" linkNode="airIn01_detachedAdapter"  filename="$data/shared/connectionHoses/connectors.i3d" />
        <dynamicallyLoadedPart node="1|3" linkNode="airOut01_detachedAdapter"  filename="$data/shared/connectionHoses/connectors.i3d" />
        <dynamicallyLoadedPart node="1|1" linkNode="electricIn_detachedAdapter"  filename="$data/shared/connectionHoses/connectors.i3d" />
    </dynamicallyLoadedParts>

    <lights>
        <sharedLight linkNode="reflectorYellowRound_03"  filename="$data/shared/assets/reflectors/lizard/yellowRound_02.xml" />
        <sharedLight linkNode="reflectorYellowRound_03"  filename="$data/shared/assets/reflectors/lizard/yellowRound_02.xml" />
        <sharedLight linkNode="reflectorYellowRound_05"  filename="$data/shared/assets/reflectors/lizard/yellowRound_02.xml" />
        <sharedLight linkNode="reflectorYellowRound_06"  filename="$data/shared/assets/reflectors/lizard/yellowRound_02.xml" />
        <sharedLight linkNode="rearLight29_left"  filename="$data/shared/assets/lights/lizard/rearLight29_left.xml" />
        <sharedLight linkNode="rearLight29_right"  filename="$data/shared/assets/lights/lizard/rearLight29_right.xml" />
        <sharedLight linkNode="sideMarker03_left"  filename="$data/shared/assets/lights/lizard/sideMarker03_left.xml" />
        <sharedLight linkNode="sideMarker03_right"  filename="$data/shared/assets/lights/lizard/sideMarker03_right.xml" />
        <sharedLight linkNode="plateNumberLight01"  filename="$data/shared/assets/lights/lizard/plateNumberLight02.xml" />
        <sharedLight linkNode="plateNumberLight02"  filename="$data/shared/assets/lights/lizard/plateNumberLight02.xml" />

        <realLights>
            <high>
                <light node="backLightsHigh1" lightTypes="0" />
                <light node="licensePlateLightHigh" lightTypes="0" />
                <turnLightLeft node="turnLightLeftBack" />
                <turnLightRight node="turnLightRightBack" />
                <brakeLight node="backLightsHigh1" />
                <reverseLight node="reverseLightHigh1" />
            </high>
        </realLights>
    </lights>

    <animations>
        <animation name="tipAnimationBack">
            <part node="body"                     startTime="0.0" endTime="14" startRot="0 0 0" endRot="-40 0 0" />
            <part node="effectNodesBack"          startTime="0.0" endTime="14" startRot="0 0 0" endRot="40 0 0" />
            <part node="doorBackLock"             startTime="0.0" endTime="0.2" startRot="0 0 0" endRot="-70 0 0" />
            <part node="doorBack" direction="-1"  startTime="0.0" endTime="14" startRot="0 0 0" endRot="20 0 0" />
            <part node="doorBack" direction="1"   startTime="5.0" endTime="5.5" startRot="0 0 0" endRot="20 0 0" />
            <part node="doorBack" direction="1"   startTime="5.5" endTime="14" startRot="20 0 0" endRot="40 0 0" />

            <sound template="metalLowVar2"  startTime="0.15"  direction="-1" volumeScale="2.2" pitchScale="1.2"/>
            <sound template="metalClose"    startTime="0.15"  direction="-1" volumeScale="1.2" pitchScale="0.8"/>
            <sound template="metalOpen"     startTime="0.15"  direction="1"  volumeScale="1.5" pitchScale="0.6"/>
            <sound template="metalLowVar2"  startTime="13.99" direction="1"  volumeScale="2.5" pitchScale="1.2"/>
            <sound template="metalClose"    startTime="13.99" direction="1"  volumeScale="1.2" pitchScale="0.7"/>
            <sound template="thudVar2"      startTime="13.9"  direction="-1" volumeScale="1.4" pitchScale="0.7"/>
            <sound template="clackVar6"     startTime="13.99" direction="-1" volumeScale="0.7" pitchScale="0.3"/>
            <sound template="latchSmall"    startTime="0.01"  direction="0"  volumeScale="0.2" pitchScale="0.9"/>
            <sound template="clackVar2"     startTime="0.01"  direction="0"  volumeScale="1"   pitchScale="1.7"/>
            <sound template="metalOpen"     startTime="5.0"   direction="1"  volumeScale="2.5" pitchScale="0.7"/>
            <sound template="metalClose"    startTime="0.01"  direction="-1" volumeScale="1.5" pitchScale="0.7"/>
            <sound template="hingeMedium"   startTime="5.0"   direction="1"  volumeScale="1.4" pitchScale="0.8"/>
            <sound template="cylinderPunch" startTime="0.01"  direction="0"/>
            <sound template="cylinderPunch" startTime="13.99" direction="1"/>
        </animation>
        <animation name="tipAnimationLeft">
            <part node="doorLeftLock"          startTime="0.0" endTime="0.2" startRot="0 0 0" endRot="0 0 -75" />
            <part node="doorLeftLockArm01"        startTime="0.0" endTime="0.2" startRot="0 0 0" endRot="0 0 66" />
            <part node="doorLeft" direction="-1"  startTime="0.0" endTime="8" startRot="0 0 0" endRot="0 0 40" />
            <part node="doorLeft" direction="1"   startTime="2.2" endTime="2.5" startRot="0 0 0" endRot="0 0 30" />
            <part node="doorLeft" direction="1"   startTime="2.5" endTime="8" startRot="0 0 30" endRot="0 0 40" />
            <part node="bodyLeft"     startTime="0.0" endTime="12" startRot="0 0 0" endRot="0 0 -45" />
            <part node="effectNodesLeft" startTime="0.0" endTime="12" startRot="0 0 0" endRot="0 0 45" />

            <sound template="metalLowVar2"  startTime="0.15"  direction="-1" volumeScale="2.2" pitchScale="1.2"/>
            <sound template="metalClose"    startTime="0.15"  direction="-1" volumeScale="1.2" pitchScale="0.8"/>
            <sound template="clackVar6"     startTime="0.15"  direction="1"  volumeScale="1"   pitchScale="0.6"/>
            <sound template="cylinderPunch" startTime="0.15"  direction="1"  volumeScale="0.8" pitchScale="0.6"/>
            <sound template="metalLowVar2"  startTime="11.99" direction="0"  volumeScale="2.5" pitchScale="1.2"/>
            <sound template="metalClose"    startTime="11.99" direction="1"  volumeScale="1.2" pitchScale="0.7"/>
            <sound template="metalClose"    startTime="11.99" direction="-1" volumeScale="2"   pitchScale="0.6"/>
            <sound template="latchSmall"    startTime="0.01"  direction="0"  volumeScale="0.2" pitchScale="0.9"/>
            <sound template="clackVar2"     startTime="0.01"  direction="0"  volumeScale="1"   pitchScale="1.7"/>
            <sound template="metalOpen"     startTime="2.1"   direction="1"  volumeScale="2.5" pitchScale="0.7"/>
            <sound template="metalClose"    startTime="0.01"  direction="-1" volumeScale="1.5" pitchScale="0.7"/>
            <sound template="hingeMedium"   startTime="2.1"   direction="1"  volumeScale="1.4" pitchScale="0.8"/>
            <sound template="cylinderPunch" startTime="0.01"  direction="-1"/>
            <sound template="cylinderPunch" startTime="11.99" direction="0"/>
        </animation>
        <animation name="tipAnimationRight">
            <part node="doorRightLock"          startTime="0.0" endTime="0.2" startRot="0 0 0" endRot="0 0 75" />
            <part node="doorRightLockArm01"        startTime="0.0" endTime="0.2" startRot="0 0 0" endRot="0 0 -66" />
            <part node="doorRight" direction="-1"  startTime="0.0" endTime="8" startRot="0 0 0" endRot="0 0 -40" />
            <part node="doorRight" direction="1"   startTime="2.2" endTime="2.5" startRot="0 0 0" endRot="0 0 -30" />
            <part node="doorRight" direction="1"   startTime="2.5" endTime="8" startRot="0 0 30" endRot="0 0 -40" />
            <part node="bodyRight"     startTime="0.0" endTime="12" startRot="0 0 0" endRot="0 0 45" />
            <part node="effectNodesRight"     startTime="0.0" endTime="12" startRot="0 0 0" endRot="0 0 -45" />

            <sound template="metalLowVar2"  startTime="0.15"  direction="-1" volumeScale="2.2" pitchScale="1.2"/>
            <sound template="metalClose"    startTime="0.05"  direction="-1" volumeScale="1.2" pitchScale="0.8"/>
            <sound template="clackVar6"     startTime="0.2"   direction="1"  volumeScale="1"   pitchScale="0.6"/>
            <sound template="cylinderPunch" startTime="0.15"  direction="1"  volumeScale="0.8" pitchScale="0.6"/>
            <sound template="metalLowVar2"  startTime="11.99" direction="0"  volumeScale="2.5" pitchScale="1.2"/>
            <sound template="metalClose"    startTime="11.99" direction="1"  volumeScale="1.2" pitchScale="0.7"/>
            <sound template="metalClose"    startTime="11.99" direction="-1" volumeScale="2"   pitchScale="0.6"/>
            <sound template="latchSmall"    startTime="0.01"  direction="0"  volumeScale="0.2" pitchScale="0.9"/>
            <sound template="clackVar2"     startTime="0.01"  direction="0"  volumeScale="1"   pitchScale="1.7"/>
            <sound template="metalOpen"     startTime="2.1"   direction="1"  volumeScale="2.5" pitchScale="0.7"/>
            <sound template="metalClose"    startTime="0.01"  direction="-1" volumeScale="1.5" pitchScale="0.7"/>
            <sound template="hingeMedium"   startTime="2.1"   direction="1"  volumeScale="1.4" pitchScale="0.8"/>
            <sound template="cylinderPunch" startTime="0.01"  direction="-1"/>
            <sound template="cylinderPunch" startTime="11.99" direction="0"/>
        </animation>
        <animation name="tipAnimationGrainDoor">
            <part node="body"     startTime="0.0" endTime="35" startRot="0 0 0" endRot="-40 0 0" />
            <part node="effectNodesDoor" startTime="0.0" endTime="35" startRot="0 0 0" endRot="40 0 0" />

            <sound template="metalLowVar2"  startTime="0.15"  direction="-1" volumeScale="2.2" pitchScale="1.2"/>
            <sound template="metalClose"    startTime="0.15"  direction="-1" volumeScale="1.2" pitchScale="0.8"/>
            <sound template="metalOpen"     startTime="0.15"  direction="1"  volumeScale="1.5" pitchScale="0.6"/>
            <sound template="metalLowVar2"  startTime="34.99" direction="0"  volumeScale="2.5" pitchScale="1.2"/>
            <sound template="metalClose"    startTime="34.99" direction="1"  volumeScale="1.2" pitchScale="0.7"/>
            <sound template="metalClose"    startTime="34.99" direction="-1" volumeScale="2"   pitchScale="0.6"/>
            <sound template="cylinderPunch" startTime="0.01"  direction="0"/>
            <sound template="cylinderPunch" startTime="34.99" direction="0"/>
        </animation>
        <animation name="tipAnimationGrainDoorDoor">
            <part node="grainDoor"     startTime="0.0" endTime="0.5" startTrans="0 0 0" endTrans="0 0.176 0" />

            <sound template="latchSmall" startTime="0.01" direction="1"  volumeScale="0.4" pitchScale="0.5"/>
            <sound template="latchSmall" startTime="0.0"  direction="-1" volumeScale="0.2" pitchScale="0.7"/>
            <sound template="slideOpen"  startTime="0.01" direction="1"  volumeScale="3.5" pitchScale="2.5"/>
            <sound template="slideClose" startTime="0.49" direction="-1" volumeScale="3.5" pitchScale="2.5"/>
            <sound template="metalClose" startTime="0.49" direction="1"  volumeScale="0.8" pitchScale="2"/>
            <sound template="metalClose" startTime="0.0"  direction="-1" volumeScale="0.8" pitchScale="1.8"/>
        </animation>
        <animation name="toggleCover">
            <part node="cover_closed" startTime="0"    endTime="0.05" visibility="true" />
            <part node="cover_opened" startTime="0"    endTime="0.05" visibility="false" />
            <part node="cover_closed" startTime="0.05" endTime="0.1"  visibility="false" />
            <part node="cover_opened" startTime="0.05" endTime="0.1"  visibility="true" />

            <sound template="fabricCover2" startTime="0.01" direction="1"  volumeScale="1.4" pitchScale="1.5"/>
            <sound template="fabricCover1" startTime="0.05" direction="-1" volumeScale="1.4" pitchScale="1.8"/>
        </animation>
        <animation name="moveSupport">
            <part componentJointIndex="2" startTime="0.0" endTime="0.15" startRotLimit="25 0 0" endRotLimit="10 0 0" />

            <sound template="metalClose" startTime="0.01" direction="0" volumeScale="0.3" pitchScale="2.8" linkNode="attacherJoint"/>
            <sound template="clackVar2"  startTime="0.1"  direction="0" volumeScale="1"   pitchScale="1.7" linkNode="attacherJoint"/>
            <sound template="latchSmall" startTime="0.1"  direction="0" volumeScale="0.7" pitchScale="2.0" linkNode="attacherJoint"/>
        </animation>
    </animations>

    <cylindered>
        <movingTools>
            <movingTool node="bodyLeft" playSound="true" >
              <dependentPart node="hydraulic01Body" />
            </movingTool>
            <movingTool node="bodyRight" playSound="true" >
              <dependentPart node="hydraulic01Body" />
            </movingTool>
            <movingTool node="body" playSound="true" >
              <dependentPart node="hydraulic01Body" />
            </movingTool>
            <movingTool node="grainDoor" playSound="false" >
              <dependentPart node="grainDoorArm01" />
            </movingTool>
            <movingTool node="doorRightLockArm01" playSound="false" >
                <dependentPart node="doorRightLockArm02" />
            </movingTool>
            <movingTool node="doorLeftLockArm01" playSound="false" >
                <dependentPart node="doorLeftLockArm02" />
            </movingTool>
        </movingTools>

        <movingParts>
            <movingPart node="hydraulic01Body" referencePoint="hydraulic01BodyRef" referenceFrame="hydraulic01BodyRefFrame" limitedAxis="1" >
              <dependentPart node="hydraulic01BodyPart" />
            </movingPart>
            <movingPart node="hydraulic01BodyPart" referencePoint="hydraulic01BodyRef" referenceFrame="hydraulic01BodyRef" limitedAxis="2" divideTranslatingDistance="false">
                <translatingPart node="bodyHydraulic01Punch01" maxZTrans="0.4"/>
                <translatingPart node="bodyHydraulic01Punch02" maxZTrans="0.4"/>
                <translatingPart node="bodyHydraulic01Punch03" maxZTrans="0.4"/>
                <translatingPart node="bodyHydraulic01Punch04" maxZTrans="0.4"/>
            </movingPart>
            <movingPart node="drawbarSpringHolder" referencePoint="drawbarSpringHolderRef" referenceFrame="drawbarSpringHolderRef" isActiveDirty="true" maxUpdateDistance="300"/>
            <movingPart node="drawbarSpring" referencePoint="drawbarSpringHolderRef" referenceFrame="drawbarSpringHolderRef" scaleZ="true" isActiveDirty="true" maxUpdateDistance="300"/>
            <movingPart node="grainDoorArm01" localReferencePoint="grainDoorArm02" referencePoint="grainDoorArm02Ref" referenceFrame="grainDoorArm01RefFrame" >
                <dependentPart node="grainDoorArm02" />
            </movingPart>
            <movingPart node="grainDoorArm02" referencePoint="grainDoorArm02Ref" referenceFrame="grainDoorArm02RefFrame" />
            <movingPart node="doorRightLockArm02" referencePoint="doorRightLockArm02Ref" referenceFrame="doorRightLockArm02Ref"/>
            <movingPart node="doorLeftLockArm02" referencePoint="doorLeftLockArm02Ref" referenceFrame="doorLeftLockArm02Ref"/>
        </movingParts>
        <sounds>
            <actionSound template="hydraulicLayerTone" pitchScale="0.5" volumeScale="0.9" linkNode="hydraulic01BodyPart" actionNames="TRANSLATING_POS" nodes="hydraulic01BodyPart">
                <pitch dropOffFactor="1.1" dropOffTime="0.2" />
            </actionSound>
            <actionSound template="defaultHydraulicSound" pitchScale="0.4" volumeScale="0.8" linkNode="hydraulic01BodyPart" actionNames="TRANSLATING_NEG" nodes="hydraulic01BodyPart"/>

            <actionSound template="cylinderPunch" pitchScale="0.7" linkNode="hydraulic01BodyPart" actionNames="TRANSLATING_END_NEG" nodes="bodyHydraulic01Punch02"/>
            <actionSound template="cylinderPunch" pitchScale="0.7" linkNode="hydraulic01BodyPart" actionNames="TRANSLATING_END_NEG" nodes="bodyHydraulic01Punch03"/>
            <actionSound template="cylinderPunch" pitchScale="0.7" linkNode="hydraulic01BodyPart" actionNames="TRANSLATING_END_NEG" nodes="bodyHydraulic01Punch04"/>
        </sounds>
    </cylindered>

    <fillUnit>
        <fillUnitConfigurations>
            <fillUnitConfiguration>
                <fillUnits>
                    <fillUnit shopDisplayUnit="CUBICMETER" fillTypeCategories="BULK" capacity="25000" allowAILoading="true">
                        <exactFillRootNode node="exactFillRootNode" />
                        <autoAimTargetNode node="fillAutoAimTarget" startZ="4.08" endZ="0.49" invert="false" startPercentage="25"/>
                    </fillUnit>
                </fillUnits>
            </fillUnitConfiguration>
        </fillUnitConfigurations>
    </fillUnit>

    <fillVolume>
        <fillVolumeConfigurations>
            <fillVolumeConfiguration>
                <volumes>
                    <volume node="fillVolume" maxDelta="0.05" maxAllowedHeapAngle="10" fillUnitIndex="1" />
                </volumes>
            </fillVolumeConfiguration>
        </fillVolumeConfigurations>

        <unloadInfos>
            <unloadInfo>
                <node node="unloadInfoBack" width="1.0" length="4.5" />
            </unloadInfo>
            <unloadInfo>
                <node node="unloadInfoLeft" width="1.0" length="4.5" />
            </unloadInfo>
            <unloadInfo>
                <node node="unloadInfoRight" width="1.0" length="4.5" />
            </unloadInfo>
        </unloadInfos>
    </fillVolume>

    <trailer>
        <trailerConfigurations>
            <trailerConfiguration>
                <trailer>
                    <tipSide name="$l10n_info_tipSideBack" dischargeNodeIndex="1">
                        <animation name="tipAnimationBack" speedScale="1" closeSpeedScale="2" startTipTime="0.4"/>
                        <objectChange node="boltBackRight" visibilityActive="true" />
                        <objectChange node="boltBackLeft" visibilityActive="true" />
                        <objectChange node="boltFrontRight" visibilityActive="false" />
                        <objectChange node="boltFrontLeft" visibilityActive="false" />
                    </tipSide>
                    <tipSide name="$l10n_info_tipSideBackGrainDoor" dischargeNodeIndex="2" >
                        <animation name="tipAnimationGrainDoor" speedScale="1" closeSpeedScale="2"/>
                        <doorAnimation name="tipAnimationGrainDoorDoor" speedScale="1.0" startTipTime="0.4"/>
                        <objectChange node="boltBackRight" visibilityActive="true" />
                        <objectChange node="boltBackLeft" visibilityActive="true" />
                        <objectChange node="boltFrontRight" visibilityActive="false" />
                        <objectChange node="boltFrontLeft" visibilityActive="false" />
                    </tipSide>
                    <tipSide name="$l10n_info_tipSideLeft" dischargeNodeIndex="3">
                        <animation name="tipAnimationLeft" speedScale="1" closeSpeedScale="1.75" startTipTime="0.22"/>
                        <objectChange node="boltFrontLeft" visibilityActive="true" />
                        <objectChange node="boltBackLeft" visibilityActive="true" />
                        <objectChange node="boltBackRight" visibilityActive="false" />
                        <objectChange node="boltFrontRight" visibilityActive="false" />
                    </tipSide>
                    <tipSide name="$l10n_info_tipSideRight" dischargeNodeIndex="4">
                        <animation name="tipAnimationRight" speedScale="1" closeSpeedScale="1.75" startTipTime="0.22"/>
                        <objectChange node="boltFrontRight" visibilityActive="true" />
                        <objectChange node="boltBackRight" visibilityActive="true" />
                        <objectChange node="boltBackLeft" visibilityActive="false" />
                        <objectChange node="boltFrontLeft" visibilityActive="false" />
                    </tipSide>
                </trailer>
            </trailerConfiguration>
        </trailerConfigurations>
    </trailer>

    <dischargeable>
        <dischargeNode node="dischargeNodeBack" emptySpeed="1321"  fillUnitIndex="1" unloadInfoIndex="1" allowAIDischarge="true">
            <info width="2" length="0.5" />
            <effects>
                <effectNode effectClass="TipEffect">
                    <effectNode effectNode="effectParticleBack" effectClass="ParticleEffect" materialType="unloadingParticle" emitCountScale="2"/>
                    <effectNode effectNode="effectGrainBack" materialType="unloading" fadeTime="0.5" extraDistanceNode="dischargeNodeBack" extraDistance="0.5"/>
                </effectNode>
                <effectNode effectNode="effectSmokeBack" materialType="unloadingSmoke" fadeTime="0.5" />
            </effects>
        </dischargeNode>
        <dischargeNode node="dischargeNodeGrainDoor" emptySpeed="462"  fillUnitIndex="1" unloadInfoIndex="1" >
            <info width="0.5" length="0.5" />
            <effects>
                <effectNode effectClass="TipEffect">
                    <effectNode effectNode="effectParticleDoor" effectClass="ParticleEffect" materialType="unloadingParticle" emitCountScale="5"/>
                    <effectNode effectNode="effectGrainDoor" materialType="unloading" fadeTime="0.5" extraDistanceNode="dischargeNodeGrainDoor" extraDistance="0.65"/>
                </effectNode>
                <effectNode effectNode="effectSmokeDoor" materialType="unloadingSmoke" fadeTime="0.5" />
            </effects>
        </dischargeNode>
        <dischargeNode node="dischargeNodeLeft" emptySpeed="1321"  fillUnitIndex="1" unloadInfoIndex="2" >
            <info width="5" length="0.5" />
            <effects>
                <effectNode effectClass="TipEffect">
                    <effectNode effectNode="effectParticleLeft" effectClass="ParticleEffect" materialType="unloadingParticle" emitCountScale="2"/>
                    <effectNode effectNode="effectGrainLeft" materialType="unloading" fadeTime="0.5" extraDistanceNode="dischargeNodeLeft" extraDistance="0.45"/>
                </effectNode>
                <effectNode effectNode="effectSmokeLeft" materialType="unloadingSmoke" fadeTime="0.5" />
            </effects>
        </dischargeNode>
        <dischargeNode node="dischargeNodeRight" emptySpeed="1321"  fillUnitIndex="1" unloadInfoIndex="3" >
            <info width="5" length="0.5" />
            <effects>
                <effectNode effectClass="TipEffect">
                    <effectNode effectNode="effectParticleRight" effectClass="ParticleEffect" materialType="unloadingParticle" emitCountScale="2"/>
                    <effectNode effectNode="effectGrainRight" materialType="unloading" fadeTime="0.5" extraDistanceNode="dischargeNodeRight" extraDistance="0.45"/>
                </effectNode>
                <effectNode effectNode="effectSmokeRight" materialType="unloadingSmoke" fadeTime="0.5" />
            </effects>
        </dischargeNode>
    </dischargeable>

    <cover>
        <coverConfigurations>
            <coverConfiguration name="$l10n_configuration_valueYes" price="0" openCoverWhileTipping="true">
                <cover openAnimation="toggleCover" fillUnitIndices="1" />
            </coverConfiguration>
        </coverConfigurations>
    </cover>

    <ai>
        <allowTurnBackward value="false"/>
        <turningRadiusLimitation radius="7"/>
        <agentAttachment jointNode="attacherJoint" rotCenterWheelIndices="1 2" width="2.7" height="3.3" length="2.35" lengthOffset="0" hasCollision="false"/>
        <agentAttachment jointNode="axisJoint"     rotCenterWheelIndices="3 4" width="2.7" height="3.3" length="5.6" lengthOffset="1.85"/>
    </ai>

    <foliageBending>
        <bendingNode minX="-1.25" maxX="1.25" minZ="-2.6" maxZ="2.6" yOffset="0.6" />
        <bendingNode minX="-0.2" maxX="0.2" minZ="0" maxZ="2.2" yOffset="-0.3" node="drawbar"/>
    </foliageBending>

    <baseMaterial>
        <material name="dk280Shared01_vmask_mat" baseNode="dk280_vis">
            <shaderParameter name="colorMat0" value="RUDOLPHSOHN_RED1"/>
        </material>
        <material name="dk280RLTrailer_vmask_mat" baseNode="dk280RL_vis">
            <shaderParameter name="colorMat0" value="RUDOLPHSOHN_DARKGREEN"/>
            <shaderParameter name="colorMat1" value="RUDOLPHSOHN_LIGHTGREEN"/>
            <shaderParameter name="colorMat2" value="RUDOLPHSOHN_RED1"/>
        </material>
    </baseMaterial>

    <baseMaterialConfigurations price="1500" useDefaultColors="true" defaultColorIndex="0">
        <baseMaterialConfiguration name="$l10n_colorTardisBlue" color="0.003 0.028 0.080 1"/>
        <baseMaterialConfiguration name="$l10n_colorTardisBlue" color="0.003 0.028 0.080 1" material="4"/>
        <baseMaterialConfiguration name="$l10n_colorTardisBlue" color="0.003 0.028 0.080 1" material="2"/>
        <baseMaterialConfiguration name="$l10n_colorTardisBlue" color="0.003 0.028 0.080 1" material="27"/>
        <baseMaterialConfiguration name="$l10n_colorMetal" color="0.7 0.7 0.7 1" material="2"/>
        <baseMaterialConfiguration name="$l10n_colorOrange" color="CHALLENGER_ORANGE1" material="27"/>
        <baseMaterialConfiguration name="$l10n_colorRed" color="FENDT_RED1" material="27"/>
        <baseMaterialConfiguration name="$l10n_colorPetrol" color="0.06 0.156 0.188 1" material="27"/>
        <baseMaterialConfiguration name="$l10n_colorDarkGreen" color="KOTTE_GREEN2" material="27"/>
        <baseMaterialConfiguration name="$l10n_colorGold" color="VALTRA_GOLD1" material="27"/>
        <material name="dk280RLTrailer_vmask_mat" shaderParameter="colorMat0" />
        <material name="dk280RLTrailer_vmask_mat" shaderParameter="colorMat1" />
    </baseMaterialConfigurations>

    <designMaterialConfigurations price="500" useDefaultColors="true" defaultColorIndex="0" title="$l10n_configuration_coverColor">
        <designMaterialConfiguration name="$l10n_colorTardisBlue" color="0.003 0.028 0.080 1"/>
        <designMaterialConfiguration name="$l10n_colorTardisBlue" color="0.003 0.028 0.080 1" material="4"/>
        <designMaterialConfiguration name="$l10n_colorTardisBlue" color="0.003 0.028 0.080 1" material="2"/>
        <designMaterialConfiguration name="$l10n_colorTardisBlue" color="0.003 0.028 0.080 1" material="27"/>
        <designMaterialConfiguration name="$l10n_colorMetal" color="0.7 0.7 0.7 1" material="2"/>
        <designMaterialConfiguration name="$l10n_colorOrange" color="CHALLENGER_ORANGE1" material="27"/>
        <designMaterialConfiguration name="$l10n_colorRed" color="FENDT_RED1" material="27"/>
        <designMaterialConfiguration name="$l10n_colorPetrol" color="0.06 0.156 0.188 1" material="27"/>
        <designMaterialConfiguration name="$l10n_colorDarkGreen" color="KOTTE_GREEN2" material="27"/>
        <designMaterialConfiguration name="$l10n_colorGold" color="VALTRA_GOLD1" material="27"/>
        <material name="dk280RLTrailer_vmask_mat" shaderParameter="colorMat2" />
    </designMaterialConfigurations>

    <designMaterial2Configurations price="0" useDefaultColors="true" defaultColorIndex="0" >
        <designMaterial2Configuration name="$l10n_colorTardisBlue" color="0.003 0.028 0.080 1"/>
        <designMaterial2Configuration name="$l10n_colorTardisBlue" color="0.003 0.028 0.080 1" material="4"/>
        <designMaterial2Configuration name="$l10n_colorTardisBlue" color="0.003 0.028 0.080 1" material="2"/>
        <designMaterial2Configuration name="$l10n_colorTardisBlue" color="0.003 0.028 0.080 1" material="27"/>
        <designMaterial2Configuration name="$l10n_colorMetal" color="0.7 0.7 0.7 1" material="2"/>
        <designMaterial2Configuration name="$l10n_colorOrange" color="CHALLENGER_ORANGE1" material="27"/>
        <designMaterial2Configuration name="$l10n_colorRed" color="FENDT_RED1" material="27"/>
        <designMaterial2Configuration name="$l10n_colorPetrol" color="0.06 0.156 0.188 1" material="27"/>
        <designMaterial2Configuration name="$l10n_colorDarkGreen" color="KOTTE_GREEN2" material="27"/>
        <designMaterial2Configuration name="$l10n_colorGold" color="VALTRA_GOLD1" material="27"/>
        <material name="dk280Shared01_vmask_mat" shaderParameter="colorMat0" />
    </designMaterial2Configurations>

    <rimColorConfigurations useDefaultColors="true" price="300"/>

    <wearable wearDuration="480" workMultiplier="5" fieldMultiplier="2"/>
    <washable dirtDuration="90" washDuration="1" workMultiplier="3" fieldMultiplier="2"/>

    <i3dMappings>
        <i3dMapping id="dk280_main_component1" node="0>" />
        <i3dMapping id="dk280_vis" node="0>0" />
        <i3dMapping id="wheelBackLeft" node="0>0|0|0" />
        <i3dMapping id="wheelBackRight" node="0>0|0|1" />
        <i3dMapping id="reflectorYellowRound_04" node="0>0|1|0|0" />
        <i3dMapping id="reflectorYellowRound_03" node="0>0|1|0|1" />
        <i3dMapping id="sideMarker03_right" node="0>0|1|0|2" />
        <i3dMapping id="sideMarker03_left" node="0>0|1|0|3" />
        <i3dMapping id="rearLight29_left" node="0>0|1|0|4" />
        <i3dMapping id="rearLight29_right" node="0>0|1|0|5" />
        <i3dMapping id="plateNumberLight01" node="0>0|1|0|6" />
        <i3dMapping id="plateNumberLight02" node="0>0|1|0|7" />
        <i3dMapping id="backLightsHigh1" node="0>0|1|1|0" />
        <i3dMapping id="licensePlateLightHigh" node="0>0|1|1|1" />
        <i3dMapping id="turnLightLeftBack" node="0>0|1|2|0" />
        <i3dMapping id="turnLightRightBack" node="0>0|1|2|1" />
        <i3dMapping id="reverseLightHigh1" node="0>0|1|3|0" />
        <i3dMapping id="bodyLeft" node="0>0|2|0|0" />
        <i3dMapping id="bodyRight" node="0>0|2|0|0|0|0" />
        <i3dMapping id="body" node="0>0|2|0|0|0|0|0|0" />
        <i3dMapping id="dk280RL_vis" node="0>0|2|0|0|0|0|0|0|0" />
        <i3dMapping id="doorBack" node="0>0|2|0|0|0|0|0|0|0|0|0" />
        <i3dMapping id="grainDoor" node="0>0|2|0|0|0|0|0|0|0|0|0|0" />
        <i3dMapping id="grainDoorArm02Ref" node="0>0|2|0|0|0|0|0|0|0|0|0|0|0" />
        <i3dMapping id="grainDoorArm01" node="0>0|2|0|0|0|0|0|0|0|0|0|1" />
        <i3dMapping id="grainDoorArm02" node="0>0|2|0|0|0|0|0|0|0|0|0|1|0" />
        <i3dMapping id="grainDoorArm01RefFrame" node="0>0|2|0|0|0|0|0|0|0|0|0|2" />
        <i3dMapping id="grainDoorArm02RefFrame" node="0>0|2|0|0|0|0|0|0|0|0|0|3" />
        <i3dMapping id="doorLeft" node="0>0|2|0|0|0|0|0|0|0|0|1" />
        <i3dMapping id="doorRight" node="0>0|2|0|0|0|0|0|0|0|0|2" />
        <i3dMapping id="doorBackLock" node="0>0|2|0|0|0|0|0|0|0|0|3" />
        <i3dMapping id="doorLeftLock" node="0>0|2|0|0|0|0|0|0|0|0|4" />
        <i3dMapping id="doorLeftLockArm02Ref" node="0>0|2|0|0|0|0|0|0|0|0|4|0" />
        <i3dMapping id="doorLeftLockArm01" node="0>0|2|0|0|0|0|0|0|0|0|5" />
        <i3dMapping id="doorLeftLockArm02" node="0>0|2|0|0|0|0|0|0|0|0|5|0" />
        <i3dMapping id="doorRightLock" node="0>0|2|0|0|0|0|0|0|0|0|6" />
        <i3dMapping id="doorRightLockArm02Ref" node="0>0|2|0|0|0|0|0|0|0|0|6|0" />
        <i3dMapping id="doorRightLockArm01" node="0>0|2|0|0|0|0|0|0|0|0|7" />
        <i3dMapping id="doorRightLockArm02" node="0>0|2|0|0|0|0|0|0|0|0|7|0" />
        <i3dMapping id="effectNodesBack" node="0>0|2|0|0|0|0|0|0|0|1|0|0" />
        <i3dMapping id="effectGrainBack" node="0>0|2|0|0|0|0|0|0|0|1|0|0|0" />
        <i3dMapping id="effectSmokeBack" node="0>0|2|0|0|0|0|0|0|0|1|0|0|1" />
        <i3dMapping id="particleNodesBack" node="0>0|2|0|0|0|0|0|0|0|1|0|1" />
        <i3dMapping id="effectParticleBack" node="0>0|2|0|0|0|0|0|0|0|1|0|1|0" />
        <i3dMapping id="effectNodesDoor" node="0>0|2|0|0|0|0|0|0|0|1|1|0" />
        <i3dMapping id="effectGrainDoor" node="0>0|2|0|0|0|0|0|0|0|1|1|0|0" />
        <i3dMapping id="effectSmokeDoor" node="0>0|2|0|0|0|0|0|0|0|1|1|0|1" />
        <i3dMapping id="particleNodesDoor" node="0>0|2|0|0|0|0|0|0|0|1|1|1" />
        <i3dMapping id="effectParticleDoor" node="0>0|2|0|0|0|0|0|0|0|1|1|1|0" />
        <i3dMapping id="effectNodesLeft" node="0>0|2|0|0|0|0|0|0|0|1|2|0" />
        <i3dMapping id="effectGrainLeft" node="0>0|2|0|0|0|0|0|0|0|1|2|0|0" />
        <i3dMapping id="effectSmokeLeft" node="0>0|2|0|0|0|0|0|0|0|1|2|0|1" />
        <i3dMapping id="particleNodesLeft" node="0>0|2|0|0|0|0|0|0|0|1|2|1" />
        <i3dMapping id="effectParticleLeft" node="0>0|2|0|0|0|0|0|0|0|1|2|1|0" />
        <i3dMapping id="effectNodesRight" node="0>0|2|0|0|0|0|0|0|0|1|3|0" />
        <i3dMapping id="effectGrainRight" node="0>0|2|0|0|0|0|0|0|0|1|3|0|0" />
        <i3dMapping id="effectSmokeRight" node="0>0|2|0|0|0|0|0|0|0|1|3|0|1" />
        <i3dMapping id="particleNodesRight" node="0>0|2|0|0|0|0|0|0|0|1|3|1" />
        <i3dMapping id="effectParticleRight" node="0>0|2|0|0|0|0|0|0|0|1|3|1|0" />
        <i3dMapping id="hydraulic01BodyRef" node="0>0|2|0|0|0|0|0|0|1" />
        <i3dMapping id="chockSupport" node="0>0|2|0|0|0|0|0|0|2|1" />
        <i3dMapping id="wheelChock02" node="0>0|2|0|0|0|0|0|0|2|2" />
        <i3dMapping id="exactFillRootNode" node="0>0|2|0|0|0|0|0|0|3" />
        <i3dMapping id="fillAutoAimTarget" node="0>0|2|0|0|0|0|0|0|4" />
        <i3dMapping id="fillVolume" node="0>0|2|0|0|0|0|0|0|5" />
        <i3dMapping id="boltBackLeft" node="0>0|2|0|0|0|0|0|0|6" />
        <i3dMapping id="boltFrontLeft" node="0>0|2|0|0|0|0|0|0|7" />
        <i3dMapping id="boltFrontRight" node="0>0|2|0|0|0|0|0|0|8" />
        <i3dMapping id="boltBackRight" node="0>0|2|0|0|0|0|0|0|9" />
        <i3dMapping id="hydraulic01BodyRefFrame" node="0>0|3|0" />
        <i3dMapping id="hydraulic01Body" node="0>0|3|1" />
        <i3dMapping id="hydraulic01BodyPart" node="0>0|3|1|0" />
        <i3dMapping id="bodyHydraulic01Punch01" node="0>0|3|1|0|0" />
        <i3dMapping id="bodyHydraulic01Punch02" node="0>0|3|1|0|0|0" />
        <i3dMapping id="bodyHydraulic01Punch03" node="0>0|3|1|0|0|0|0" />
        <i3dMapping id="bodyHydraulic01Punch04" node="0>0|3|1|0|0|0|0|0" />
        <i3dMapping id="axisJoint" node="0>0|5" />
        <i3dMapping id="trailerAttacherJoint" node="0>0|6" />
        <i3dMapping id="licensePlateNodeBack" node="0>0|7" />
        <i3dMapping id="dischargeNodeBack" node="0>0|8|0" />
        <i3dMapping id="dischargeNodeGrainDoor" node="0>0|8|1" />
        <i3dMapping id="dischargeNodeLeft" node="0>0|8|2" />
        <i3dMapping id="dischargeNodeRight" node="0>0|8|3" />
        <i3dMapping id="unloadInfoBack" node="0>0|8|4" />
        <i3dMapping id="unloadInfoLeft" node="0>0|8|5" />
        <i3dMapping id="unloadInfoRight" node="0>0|8|6" />
        <i3dMapping id="electricAdapter" node="0>0|9|0" />
        <i3dMapping id="airDoubleRedAdapter" node="0>0|9|1" />
        <i3dMapping id="airDoubleYellowAdapter" node="0>0|9|2" />
        <i3dMapping id="hydraulicInAdapter" node="0>0|9|3" />
        <i3dMapping id="hydraulicOutAdapter" node="0>0|9|4" />
        <i3dMapping id="cover_opened" node="0>1|2" />
        <i3dMapping id="cover_closed" node="0>1|3" />
        <i3dMapping id="dk280_axis_component2" node="1>" />
        <i3dMapping id="drawbarJoint" node="1>0" />
        <i3dMapping id="drawbarSpringHolder" node="1>1|0" />
        <i3dMapping id="drawbarSpring" node="1>1|0|0" />
        <i3dMapping id="reflectorYellowRound_05" node="1>1|1|3|0" />
        <i3dMapping id="reflectorYellowRound_06" node="1>1|1|3|1" />
        <i3dMapping id="wheelFrontLeft" node="1>2" />
        <i3dMapping id="wheelFrontRight" node="1>3" />
        <i3dMapping id="dk280_drawbar_component3" node="2>" />
        <i3dMapping id="drawbar" node="2>0" />
        <i3dMapping id="drawbarSpringHolderRef" node="2>0|0" />
        <i3dMapping id="hydraulicIn01_detached" node="2>0|1|0" />
        <i3dMapping id="hydraulicIn01_detachedAdapter" node="2>0|1|0|0" />
        <i3dMapping id="hydraulicOut01_detached" node="2>0|1|1" />
        <i3dMapping id="hydraulicOut01_detachedAdapter" node="2>0|1|1|0" />
        <i3dMapping id="airIn_detached" node="2>0|1|2" />
        <i3dMapping id="airIn01_detachedAdapter" node="2>0|1|2|0" />
        <i3dMapping id="airOut_detached" node="2>0|1|3" />
        <i3dMapping id="airOut01_detachedAdapter" node="2>0|1|3|0" />
        <i3dMapping id="electricIn_detached" node="2>0|1|4" />
        <i3dMapping id="electricIn_detachedAdapter" node="2>0|1|4|0" />
        <i3dMapping id="electricIn" node="2>0|1|5" />
        <i3dMapping id="drawbarPositionGroup" node="2>0|1|6" />
        <i3dMapping id="hydraulicOut01" node="2>0|1|7" />
        <i3dMapping id="airOut" node="2>0|1|8" />
        <i3dMapping id="airIn" node="2>0|1|9" />
        <i3dMapping id="hydraulicIn01" node="2>0|1|10" />
        <i3dMapping id="attacherJoint" node="2>1" />
    </i3dMappings>
</vehicle>
