<?xml version="1.0" encoding="utf-8" standalone="no" ?>
<l10n>
	<texts>
		<text name="phosphorescent" text="Phosphorescent"/>
		<text name="bright_white" text="Bright white"/>
		<text name="blue_flourescent" text="Blue Flourescent"/>
		<text name="pink_flourescent" text="Pink Flourescent"/>
		<text name="red_fluorescent" text="Red Fluorescent"/>
		<text name="orange_fluorescent" text="Orange Fluorescent"/>
		<text name="yellow_fluorescent" text="Yellow Fluorescent"/>
		<text name="fendt_black_chrome" text="Fendt Black Chrome"/>
		<text name="black_galvanized" text="Black Galvanized"/>
		<text name="black_scratched" text="Black Scratched"/>
		<text name="black" text="Black"/>
		<text name="funbuggy_babyblue_chrome" text="FunBuggy babyblue Chrome"/>
		<text name="funbuggy_babyblue_scratched" text="FunBuggy babyblue Scratched"/>
		<text name="blue_chrome" text="Blue Chrome"/>
		<text name="blue_scratched" text="Blue Scratched"/>
		<text name="blue" text="Blue"/>
		<text name="bluemodding_chrome" text="BlueModding Chrome"/>
		<text name="bluemodding_scratched" text="BlueModding Scratched"/>
		<text name="chrome_RAL_midnight_blue" text="Chrome RAL Midnight blue"/>
		<text name="scratched_RAL_night_blue" text="Scratched RAL Night Blue"/>
		<text name="chrome_petrol" text="Chrome Petrol"/>
		<text name="scratched_petrol" text="Scratched Petrol"/>
		<text name="chrome_royalblue" text="Chrome RoyalBlue3"/>
		<text name="scratched_royalblue" text="Scratched RoyalBlue3"/>
		<text name="royalblue" text="RoyalBlue3"/>
		<text name="chrome_neon_pink" text="Chrome Neon Pink"/>
		<text name="zinc_plated_neon_pink" text="Zinc plated Neon Pink"/>
		<text name="scratched_neon_pink" text="Scratched Neon Pink"/>
		<text name="neon_pink" text="Neon Pink"/>
		<text name="pink_chrome" text="Pink Chrome"/>
		<text name="pink_galvanized" text="Pink Galvanized"/>
		<text name="pink_scratched" text="Pink Scratched"/>
		<text name="pink" text="Pink"/>
		<text name="chrome_fendt_orange" text="Chrome Fendt Orange"/>
		<text name="scratched_fendt_orange" text="Scratched Fendt Orange "/>
		<text name="fendt_orange" text="Fendt Orange"/>
		<text name="green_chrome" text="Green Chrome"/>
		<text name="green_scratched" text="Green Scratched"/>
		<text name="green" text="Green"/>
		<text name="claas_green_chrome" text="Claas Green Chrome"/>
		<text name="claas_green_scratched" text="Claas Green Scratched"/>
		<text name="claas_green" text="Claas Green"/>
		<text name="claas_red_chrome" text="Claas Red Chrome"/>
		<text name="claas_red_scratched" text="Claas Red Scratched"/>
		<text name="claas_red" text="Claas Red"/>
		<text name="chrome_RAL_wine_red" text="Chrome RAL Wine red"/>
		<text name="scratched_RAL_wine_red" text="Scratched RAL Wine Red"/>
		<text name="RAL_wine_red" text="RAL Wine Red"/>
		<text name="chrome_fendt_red" text="Chrome Fendt Red"/>
		<text name="scratched_fendt_red" text="Scratched Fendt Red"/>
		<text name="fendt_red" text="Fendt Red"/>
		<text name="chrome_fendt_yellow" text="Chrome Fendt Yellow"/>
		<text name="scratched_fendt_yellow" text="Scratched Fendt Yellow"/>
		<text name="fendt_yellow" text="Fendt Yellow"/>
		<text name="yellow_chrome" text="Yellow Chrome"/>
		<text name="yellow_scratched" text="Yellow Scratched"/>
		<text name="yellow" text="Yellow"/>
		<text name="chrome_gold" text="Chrome Gold"/>
		<text name="scratched_gold" text="Scratched Gold"/>
	</texts>
</l10n>
