<?xml version="1.0" encoding="utf-8" standalone="no" ?>
<l10n>
	<texts>
		<text name="phosphorescent" text="Phosphoreszierend"/>
		<text name="bright_white" text="Grelles Weiss"/>
		<text name="blue_flourescent" text="Blau Floureszendierend"/>
		<text name="pink_flourescent" text="Pink Floureszendierend"/>
		<text name="red_fluorescent" text="Rot Floureszendierend"/>
		<text name="orange_fluorescent" text="Orange Floureszendierend"/>
		<text name="yellow_fluorescent" text="Gelb Floureszendierend"/>
		<text name="fendt_black_chrome" text="Fendt Schwarz Chrome"/>
		<text name="black_galvanized" text="Schwarz Verzinkt"/>
		<text name="black_scratched" text="Schwarz Zerkratzt"/>
		<text name="black" text="Schwarz"/>
		<text name="funbuggy_babyblue_chrome" text="FunBuggy babyblau Chrom"/>
		<text name="funbuggy_babyblue_scratched" text="FunBuggy babyblau Zerkratzt"/>
		<text name="blue_chrome" text="Blau Chrom"/>
		<text name="blue_scratched" text="Blau Zerkratzt"/>
		<text name="blue" text="Blau"/>
		<text name="bluemodding_chrome" text="BlueModding Chrom"/>
		<text name="bluemodding_scratched" text="BlueModding Zerkratzt"/>
		<text name="chrome_RAL_midnight_blue" text="Chrome RAL Nachtblau"/>
		<text name="scratched_RAL_night_blue" text="Zerkratzt RAL Nachtblau"/>
		<text name="chrome_petrol" text="Chrome Petrol"/>
		<text name="scratched_petrol" text="Zerkratzt Petrol"/>
		<text name="chrome_royalblue" text="Chrome RoyalBlau3"/>
		<text name="scratched_royalblue" text="Zerkratzt RoyalBlau3"/>
		<text name="royalblue" text="RoyalBlau3"/>
		<text name="chrome_neon_pink" text="Chrome Neon Pink"/>
		<text name="zinc_plated_neon_pink" text="Verzinkt Neon Pink"/>
		<text name="scratched_neon_pink" text="Zerkratzt Neon Pink"/>
		<text name="neon_pink" text="Neon Pink"/>
		<text name="pink_chrome" text="Pink Chrom"/>
		<text name="pink_galvanized" text="Pink Verzinkt"/>
		<text name="pink_scratched" text="Pink Zerkratzt"/>
		<text name="pink" text="Pink"/>
		<text name="chrome_fendt_orange" text="Chrome Fendt Orange"/>
		<text name="scratched_fendt_orange" text="Zerkratzt Fendt Orange "/>
		<text name="fendt_orange" text="Fendt Orange"/>
		<text name="green_chrome" text="Grün Chrom"/>
		<text name="green_scratched" text="Grün Zerkratzt"/>
		<text name="green" text="Grün"/>
		<text name="claas_green_chrome" text="Claas Grün Chrom"/>
		<text name="claas_green_scratched" text="Claas Grün Zerkratzt"/>
		<text name="claas_green" text="Claas Grün"/>
		<text name="claas_red_chrome" text="Claas Rot Chrom"/>
		<text name="claas_red_scratched" text="Claas Rot Zerkratzt"/>
		<text name="claas_red" text="Claas Rot"/>
		<text name="chrome_RAL_wine_red" text="Chrome RAL Weinrot"/>
		<text name="scratched_RAL_wine_red" text="Zerkratzt RAL Weinrot"/>
		<text name="RAL_wine_red" text="RAL Weinrot"/>
		<text name="chrome_fendt_red" text="Chrome Fendt Rot"/>
		<text name="scratched_fendt_red" text="Zerkratzt Fendt Rot"/>
		<text name="fendt_red" text="Fendt Rot"/>
		<text name="chrome_fendt_yellow" text="Chrome Fendt Gelb"/>
		<text name="scratched_fendt_yellow" text="Zerkratzt Fendt Gelb"/>
		<text name="fendt_yellow" text="Fendt Gelb"/>
		<text name="yellow_chrome" text="Gelb Chrom"/>
		<text name="yellow_scratched" text="Gelb Zerkratzt"/>
		<text name="yellow" text="Gelb"/>
		<text name="chrome_gold" text="Chrome Gold"/>
		<text name="scratched_gold" text="Zerkratzt Gold"/>
	</texts>
</l10n>
