﻿<?xml version="1.0" encoding="utf-8" standalone="no" ?>
<modDesc descVersion="64">
    <author>Sebastian</author>
    <version>1.7.0.0</version>
	<contributor>GIANTS Software GmbH and PBSMods aka PitBullCH</contributor>
    <title>
        <en>Citan 15001-C-DS Multifruit Roller</en>
        <de>Citan 15001-C-DS Multifrucht Walze</de>
	</title>
     <description>
        <en>
<![CDATA[Citan 15001-C Direct seeder with roller. This direct seeder with fertilizer function and roller combines 3 work steps in one machine

- Price: 206.500 - 215.000 $
- Power requirement 300 HP
- Working width: 15m
- Roller function option
- Logo as option
- Fruit types optimized for the NF Marsch (further fruit types prepared)
]]>
		</en>
		<de>
<![CDATA[Citan 15001-C Direktsämaschine mit Walze. Diese Direktsämaschine mit Düngefunktion und Walze vereint 3 Arbeitsschritte in einer Maschine

- Preis: 206.500 - 215.000 €
- Leistungsbedarf 300 PS
- Arbeitsbreite: 15m
- Walze Funktion Option
- Logo als Option
- Fruchtarten optimiert für die NF Marsch (weitere Frucharten vorbereitet)
]]>
		</de>
    </description>
    <iconFilename>store_citan15001C.dds</iconFilename>
    <storeItems>
		<newStoreCategories>
			<newStoreCategory type="VEHICLE" name="EggersCompany" title="$l10n_EggersCompany"  image="store/EggersCompany.dds"/>
		</newStoreCategories> 
        <storeItem xmlFilename="citan15001C_a.xml"/>
    </storeItems>
<vehicleTypes>
        <type name="fertilizingSowingMachineRoller" parent="fertilizingSowingMachine" className="Vehicle" filename="$dataS/scripts/vehicles/Vehicle.lua">            
            <specialization name="roller"/>			
        </type>
    </vehicleTypes>
<brands>
        <brand name="EggersCompany" title="EggersCompany" image="EggersCompany.dds"/>
   </brands>
	<l10n filenamePrefix="l10n">
        <text name="shopConfig_CitanType">			<en>Equipment</en>	<de>Ausstattung</de>	</text>
        <text name="config_roller">					<en>Roller</en>		<de>Walze</de>			</text>
<text name="EggersCompany">
		<en>EggersCompany</en>
		<de>EggersCompany</de>
	</text>	
</l10n>
<multiplayer supported="true" />
<extraSourceFiles>
		<sourceFile filename="scripts/AddStoreCategory.lua"/>
		<sourceFile filename="scripts/ChangeModTitle.lua"/>
		<sourceFile filename="scripts/categorizer.lua" />
	</extraSourceFiles>
</modDesc>
