<?xml version="1.0" encoding="utf-8" standalone="no" ?>
<modDesc descVersion="71">

	 <author>LSMT Modding Team</author>
	<contributor>[LSMT]Stefan, [LSMT] 19BlueDragon83</contributor>
	
	<version>1.0.1.0</version>
	
	<title>
	<en>PowerPack</en>
	<de>Kraftpaket</de>
	<fr>Centrale</fr>
	</title>
	
	<description>
	<en>
<![CDATA[
Enables heavy objects to be lifted, such as bales, BigBags, pallets and vehicles.

Changelog 1.0.1.0:
Functional adjustments to patch 1.8.1.0
This function adds 1,000,000 $ to your account balance by pressing the CTRL + ALT + 0 keys.
In multiplayer, a player must first have joined a farm.
]]>
    </en>
	<de>
<![CDATA[
Ermöglicht es, schwere Objekte hochzuheben, wie zum Beispiel Ballen, BigBags, Paletten und Fahrzeuge.

Changelog 1.0.1.0:
Funktionsanpassungen zum Patch 1.8.1.0
Diese Funktion fügt durch das Betätigen der Tasten STRG + ALT + 0 eurem Kontostand 1000000 € hinzu.
Im Multiplayer muss einer Spieler erst einer Farm beigetreten sein.
]]>
    </de>
	<fr>
<![CDATA[
Permet de soulever des objets lourds, tels que des balles, des big bags, des palettes et des véhicules.

Journal des modifications 1.0.1.0 :
Ajustements fonctionnels du patch 1.8.1.0
Cette fonction ajoute 1 000 000 € au solde de votre compte en appuyant sur les touches CTRL + ALT + 0.
En multijoueur, un joueur doit d'abord avoir rejoint une ferme.
]]>
    </fr>
	</description>

   <multiplayer supported="true" />
        
	<iconFilename>icon_PowerPack.dds</iconFilename>
	
	<extraSourceFiles>
		<sourceFile filename="PowerPack.lua" />
	</extraSourceFiles>
	
</modDesc>
