<?xml version="1.0" encoding="utf-8" standalone="no" ?>
<modDesc descVersion="80">
    <author>Dogface, BDBSSB</author>
    <version>1.0.0.0</version>
    <title>
        <en>WSVS Seeder</en>
		<de>WSVS Sämaschine</de>
		<fr>WSVS Semoir</fr>
    </title>
    <description>
        <en>
            <![CDATA[This is the Seeder module for the Lizard Wide-Span Vehicle System (WSVS). This implement operates like a standard Seeder when attached to the WSVS Tractor.  This Seeder can be used without any prior soil cultivation. 

Wide span vehicle systems are a specialized type of farming vehicle that significantly exceeds the width of typical vehicles. The primary purpose behind using wide span vehicles in agriculture is to minimize soil damage caused by farm vehicles. 

WSVS SW16
Price: 73,500 $
Working width: 13 m
Capacity: 16,000 liters]]>
</en>
        <de>
            <![CDATA[Dies ist das Sämaschine-Modul für das Lizard Wide-Span Vehicle System (WSVS). Dieses Gerät funktioniert wie eine Standard-Sämaschine, wenn es an den WSVS-Traktor angeschlossen wird.   Diese Sämaschine kann ohne vorherige Bodenbearbeitung eingesetzt werden. 

Bei Fahrzeugsystemen mit breiter Spannweite handelt es sich um eine spezielle Art von landwirtschaftlichen Fahrzeugen, die deutlich über die Breite typischer Fahrzeuge hinausgehen. Der Hauptzweck des Einsatzes von Breitspannfahrzeugen in der Landwirtschaft besteht darin, durch landwirtschaftliche Fahrzeuge verursachte Bodenschäden zu minimieren. 

WSVS SW16
Preis: 73.500 €
Arbeitsbreite: 13 m
Fassungsvermögen: 16.000 Liter]]>
</de>
        <fr>
            <![CDATA[Il s'agit du module Semoir pour le système de véhicule à grande portée Lizard (WSVS). Cet outil fonctionne comme un semoir standard lorsqu'il est attaché au tracteur WSVS.   Ce semoir peut être utilisé sans aucun travail préalable du sol. 

Les systèmes de véhicules à grande portée sont un type spécialisé de véhicule agricole qui dépasse considérablement la largeur des véhicules typiques. L’objectif principal de l’utilisation de véhicules à grande portée en agriculture est de minimiser les dommages au sol causés par les véhicules agricoles. 

WSVS SW16
Prix : 73 500 €
Largeur de travail : 13 m
Capacité : 16 000 litres]]>
</fr>
    </description>
	
    <iconFilename>icon_wsvsSowing.dds</iconFilename>
    <multiplayer supported="true" />
	
    <dependencies>
        <dependency>FS22_wsvsTractorComDfBd</dependency>
    </dependencies>

    <storeItems>
        <storeItem xmlFilename="wsvsSowing.xml" />
    </storeItems>
	
    <l10n>
        <text name="color_wsvs_tank_yellow">
            <en>WSVS Yellow</en>
            <de>WSVS Gelb</de>
            <fr>WSVS jaune</fr>
        </text>
        <text name="color_wsvs_tank_white">
            <en>WSVS White</en>
            <de>WSVS Weiß</de>
            <fr>WSVS blanc</fr>
        </text>
        <text name="color_wsvs_tank_green">
            <en>WSVS Green</en>
            <de>WSVS Grün</de>
            <fr>WSVS vert</fr>
        </text>
        <text name="title_main_tank">
            <en>Main Tank</en>
            <de>Haupttank</de>
            <fr>Réservoir principal</fr>
        </text>
        <text name="title_cover">
            <en>Cover</en>
            <de>Abdeckung</de>
            <fr>Couverture</fr>
        </text>
        <text name="title_seeder">
            <en>Seeder</en>
            <de>Sämaschine</de>
            <fr>Semoir</fr>
        </text>
	</l10n>
</modDesc>
