﻿<?xml version="1.0" encoding="utf-8" standalone="no" ?>
<vehicle type="sowingMachine" xmlns:xsi="http://www.w3.org/2001/XMLSchema-instance" xsi:noNamespaceSchemaLocation="../../../../shared/xml/schema/vehicle.xsd">
    <annotation>Copyright (C) GIANTS Software GmbH, All Rights Reserved.</annotation>

    <storeData>
        <name>WSVS SW16</name>
        <specs>
            <workingWidth>13</workingWidth>
        </specs>
        <functions>
            <function>$l10n_function_sowingMachine</function>
            <function>$l10n_function_sowingMachineDirect</function>
        </functions>
        <image>store_wsvsSowing.png</image>
        <price>73500</price>
        <lifetime>600</lifetime>
        <rotation>0</rotation>
        <brand>LIZARD</brand>
        <category>seeders</category>
        <shopTranslationOffset>0 0.001 0</shopTranslationOffset>
        <shopRotationOffset>0.028 0 0</shopRotationOffset>
		
        <vertexBufferMemoryUsage>7340800</vertexBufferMemoryUsage>
        <indexBufferMemoryUsage>860928</indexBufferMemoryUsage>
        <textureMemoryUsage>6881280</textureMemoryUsage>
        <audioMemoryUsage>0</audioMemoryUsage>
        <instanceVertexBufferMemoryUsage>0</instanceVertexBufferMemoryUsage>
        <instanceIndexBufferMemoryUsage>0</instanceIndexBufferMemoryUsage>
    </storeData>

    <base>
        <typeDesc>$l10n_typeDesc_sowingMachine</typeDesc>
        <filename>wsvsSowing.i3d</filename>
        <size width="13" length="7.5"/>
        <speedLimit value="15"/>
        <components>
            <component centerOfMass="-1 0.5 0" solverIterationCount="20" mass="2600" />
            <component centerOfMass="0 -0.5 -0.5" solverIterationCount="20" mass="500" />
            <component centerOfMass="0 -0.5 -0.5" solverIterationCount="20" mass="500" />
            <joint component1="1" component2="2" node="componentJoint1" rotLimit="0 0 0" transLimit="0 0 0" />
            <joint component1="1" component2="3" node="componentJoint2" rotLimit="0 0 0" transLimit="0 0 0" />
        </components>
        <schemaOverlay attacherJointPosition="-2.5 0" name="IMPLEMENT" />
        <sounds volumeFactor="1.6"/>
        <mapHotspot type="TOOL" />
    </base>

    <wheels>
        <wheelConfigurations>
            <wheelConfiguration>
                <wheels>
                    <wheel>
                        <physics restLoad="0.3" repr="wheel11" useReprDirection="true"  radius="0.3" width="0.2" mass="0.1" forcePointRatio="0.5" initialCompression="20" suspTravel="0.05" spring="80" damper="40" brakeFactor="0" />
                    </wheel>
                   <wheel>
                        <physics restLoad="0.3" repr="wheel21" useReprDirection="true" radius="0.3" width="0.2" mass="0.1" forcePointRatio="0.5" initialCompression="20" suspTravel="0.05" spring="80" damper="40" brakeFactor="0" />
                    </wheel>
                    <wheel>
                        <physics restLoad="0.3" repr="wheel31" useReprDirection="true"  radius="0.3" width="0.2" mass="0.1" forcePointRatio="0.5" initialCompression="20" suspTravel="0.05" spring="80" damper="40" brakeFactor="0" />
                    </wheel>
                   <wheel>
                        <physics restLoad="0.3" repr="wheel41" useReprDirection="true" radius="0.3" width="0.2" mass="0.1" forcePointRatio="0.5" initialCompression="20" suspTravel="0.05" spring="80" damper="40" brakeFactor="0" />
                    </wheel>
                    <wheel>
                        <physics restLoad="0.3" repr="wheel12" useReprDirection="true"  radius="0.3" width="0.2" mass="0.1" forcePointRatio="0.5" initialCompression="20" suspTravel="0.05" spring="80" damper="40" brakeFactor="0" />
                    </wheel>
                   <wheel>
                        <physics restLoad="0.3" repr="wheel22" useReprDirection="true" radius="0.3" width="0.2" mass="0.1" forcePointRatio="0.5" initialCompression="20" suspTravel="0.05" spring="80" damper="40" brakeFactor="0" />
                    </wheel>
                    <wheel>
                        <physics restLoad="0.3" repr="wheel32" useReprDirection="true"  radius="0.3" width="0.2" mass="0.1" forcePointRatio="0.5" initialCompression="20" suspTravel="0.05" spring="80" damper="40" brakeFactor="0" />
                    </wheel>
                   <wheel>
                        <physics restLoad="0.3" repr="wheel42" useReprDirection="true" radius="0.3" width="0.2" mass="0.1" forcePointRatio="0.5" initialCompression="20" suspTravel="0.05" spring="80" damper="40" brakeFactor="0" />
                    </wheel>
                </wheels>
            </wheelConfiguration>
        </wheelConfigurations>
	</wheels>

    <speedRotatingParts>
        <speedRotatingPart node="leftArmWheelsFront" shaderNode="leftArmFirstRowDiscs" radius="0.175" foldMinLimit="0" foldMaxLimit="0.03"/>
        <speedRotatingPart node="leftArmWheelsBack" radius="0.167" foldMinLimit="0" foldMaxLimit="0.03"/>		
        <speedRotatingPart node="rightArmWheelsFront" radius="0.167" foldMinLimit="0" foldMaxLimit="0.03"/>
        <speedRotatingPart node="rightArmWheelsBack" shaderNode="rightArmFirstRowDiscs" radius="0.175" foldMinLimit="0" foldMaxLimit="0.03"/>
				
        <speedRotatingPart node="discA01" radius="-0.25" wheelIndex="1"/>
        <speedRotatingPart node="discA02" radius="0.25"  wheelIndex="1"/>
        <speedRotatingPart node="discA03" radius="-0.25" wheelIndex="1"/>
        <speedRotatingPart node="discA04" radius="0.25"  wheelIndex="1"/>
        <speedRotatingPart node="discA05" radius="-0.25" wheelIndex="1"/>
        <speedRotatingPart node="discA06" radius="0.25"  wheelIndex="1"/>
        <speedRotatingPart node="discA07" radius="-0.25" wheelIndex="1"/>
        <speedRotatingPart node="discA08" radius="0.25"  wheelIndex="1"/>
        <speedRotatingPart node="discB01" radius="-0.25" wheelIndex="1"/>
        <speedRotatingPart node="discB02" radius="0.25"  wheelIndex="1"/>
        <speedRotatingPart node="discB03" radius="-0.25" wheelIndex="1"/>
        <speedRotatingPart node="discB04" radius="0.25"  wheelIndex="1"/>
        <speedRotatingPart node="discB05" radius="-0.25" wheelIndex="1"/>
        <speedRotatingPart node="discB06" radius="0.25"  wheelIndex="1"/>
        <speedRotatingPart node="discB07" radius="-0.25" wheelIndex="1"/>
        <speedRotatingPart node="discB08" radius="0.25"  wheelIndex="1"/>		
        <speedRotatingPart node="discC01" radius="-0.25" wheelIndex="1"/>
        <speedRotatingPart node="discC02" radius="0.25"  wheelIndex="1"/>
        <speedRotatingPart node="discC03" radius="-0.25" wheelIndex="1"/>
        <speedRotatingPart node="discC04" radius="0.25"  wheelIndex="1"/>
        <speedRotatingPart node="discC05" radius="-0.25" wheelIndex="1"/>
        <speedRotatingPart node="discC06" radius="0.25"  wheelIndex="1"/>
        <speedRotatingPart node="discC07" radius="-0.25" wheelIndex="1"/>
        <speedRotatingPart node="discC08" radius="0.25"  wheelIndex="1"/>
        <speedRotatingPart node="discD01" radius="-0.25" wheelIndex="1"/>
        <speedRotatingPart node="discD02" radius="0.25"  wheelIndex="1"/>
        <speedRotatingPart node="discD03" radius="-0.25" wheelIndex="1"/>
        <speedRotatingPart node="discD04" radius="0.25"  wheelIndex="1"/>
        <speedRotatingPart node="discD05" radius="-0.25" wheelIndex="1"/>
        <speedRotatingPart node="discD06" radius="0.25"  wheelIndex="1"/>
        <speedRotatingPart node="discD07" radius="-0.25" wheelIndex="1"/>
        <speedRotatingPart node="discD08" radius="0.25"  wheelIndex="1"/>
    </speedRotatingParts>

    <attachable>
        <inputAttacherJoints>
            <inputAttacherJoint node="attacherJoint" jointType="implement" lowerRotLimitScale="0 0 0" upperRotLimitScale="0 0 0" upperRotationOffset="0" lowerTransLimitScale="0 0 0" upperTransLimitScale="0 0 0">
                <distanceToGround lower="0.3" upper="0.9" />
            </inputAttacherJoint>
			<inputAttacherJoint node="attacherJoint02" jointType="frontloader" fixedRotation="true" allowFolding="false" allowTurnOn="false" canBeTurnedOn="false" allowAI="false" allowsLowering="false" />
        </inputAttacherJoints>
        <support animationName="moveSupport" delayedOnAttach="false" detachAfterAnimation="false"/>
    </attachable>

    <dynamicallyLoadedParts>
		<dynamicallyLoadedPart node="1|0" linkNode="dummyConnection01" filename="$data/shared/connectionHoses/connectors.i3d"/>
        <dynamicallyLoadedPart node="1|0" linkNode="dummyConnection02" filename="$data/shared/connectionHoses/connectors.i3d"/>
        <dynamicallyLoadedPart node="0|0" linkNode="dummyConnection03" filename="$data/shared/connectionHoses/connectors.i3d"/>
        <dynamicallyLoadedPart node="0|0" linkNode="dummyConnection04" filename="$data/shared/connectionHoses/connectors.i3d"/>
        <dynamicallyLoadedPart node="1|4" linkNode="dummyConnection05" filename="$data/shared/connectionHoses/connectors.i3d"/>
        <dynamicallyLoadedPart node="1|4" linkNode="dummyConnection06" filename="$data/shared/connectionHoses/connectors.i3d"/>
        <dynamicallyLoadedPart node="1|4" linkNode="dummyConnection07" filename="$data/shared/connectionHoses/connectors.i3d"/>
        <dynamicallyLoadedPart node="1|4" linkNode="dummyConnection08" filename="$data/shared/connectionHoses/connectors.i3d"/>
        <dynamicallyLoadedPart node="1|5" linkNode="dummyConnection09" filename="$data/shared/connectionHoses/connectors.i3d"/>
        <dynamicallyLoadedPart node="2|8" linkNode="dummyConnection10" filename="$data/shared/connectionHoses/connectors.i3d"/>
        <dynamicallyLoadedPart node="0"   linkNode="powerswitchNode"   filename="$data/shared/assets/lights/rudolfHormann/powerSwitch.i3d"/>
        <dynamicallyLoadedPart node="0"   linkNode="redRound_01"   		filename="$data/shared/assets/reflectors/lizard/redRound_01.i3d"/>
        <dynamicallyLoadedPart node="0"   linkNode="whiteRound_01"		filename="$data/shared/assets/reflectors/lizard/whiteRound_01.i3d"/>
        <dynamicallyLoadedPart node="0"   linkNode="yellowRound_01"		filename="$data/shared/assets/reflectors/lizard/yellowRound_01.i3d"/>
    </dynamicallyLoadedParts>

    <groundReferenceNodes>
        <groundReferenceNode node="groundReferenceNode"  forceFactor="1" threshold="0.05" depthNode="depthNode" chargeValue="0.5"/>
    </groundReferenceNodes>

    <workAreas>
        <workArea type="sowingMachine" functionName="processSowingMachineArea" needsSetIsTurnedOn="false" >
            <area startNode="areaStart" widthNode="areaWidth" heightNode="areaHeight" />
            <groundReferenceNode index="1" />
            <onlyActiveWhenLowered value="true"/>
        </workArea>
    </workAreas>

    <workParticles>
		<effect workAreaIndex="1">
            <effectNode effectClass="CultivatorMotionPathEffect" effectType="CULTIVATOR" linkNode="sweepEffectLinkNode01">
                <motionPathEffect textureFilename="$data/effects/cultivator/arrays/sharedCultivatorSweepArray01.dds" numRows="20" rowLength="18" minFade="0.07" isCultivatorSweepEffect="true" />
            </effectNode>
            <effectNode effectClass="CultivatorMotionPathEffect" effectType="CULTIVATOR" linkNode="discEffect01LinkNode">
                <motionPathEffect textureFilename="$data/vehicles/horsch/terrano3FX/discEffect01Array.dds" numRows="20" rowLength="18" minFade="0.07"/>
            </effectNode>
            <effectNode effectClass="CultivatorMotionPathEffect" effectType="CULTIVATOR" linkNode="discEffect02LinkNode">
                <motionPathEffect textureFilename="$data/vehicles/horsch/terrano3FX/discEffect01Array.dds" numRows="20" rowLength="18" minFade="0.07"/>
            </effectNode>
			
            <effectNode effectClass="CultivatorMotionPathEffect" effectType="CULTIVATOR" linkNode="sweepEffectLinkNode31">
                <motionPathEffect textureFilename="$data/effects/cultivator/arrays/sharedCultivatorSweepArray01.dds" numRows="20" rowLength="18" minFade="0.07" isCultivatorSweepEffect="true" />
            </effectNode>
            <effectNode effectClass="CultivatorMotionPathEffect" effectType="CULTIVATOR" linkNode="discEffect31LinkNode">
                <motionPathEffect textureFilename="$data/vehicles/horsch/terrano3FX/discEffect01Array.dds" numRows="20" rowLength="18" minFade="0.07"/>
            </effectNode>
            <effectNode effectClass="CultivatorMotionPathEffect" effectType="CULTIVATOR" linkNode="discEffect32LinkNode">
                <motionPathEffect textureFilename="$data/vehicles/horsch/terrano3FX/discEffect01Array.dds" numRows="20" rowLength="18" minFade="0.07"/>
            </effectNode>
            <effectNode effectClass="CultivatorMotionPathEffect" effectType="CULTIVATOR" linkNode="seederEffect01LinkNode">
                <motionPathEffect textureFilename="$data/vehicles/lemken/solitair12/seederEffect01Array.dds" numRows="60" rowLength="18" minFade="0.07" density="1" shapeScale="0.5" maxShapeScale="1"/>
            </effectNode>
            <effectNode effectClass="CultivatorMotionPathEffect" effectType="CULTIVATOR" linkNode="seederEffect02LinkNode">
                <motionPathEffect textureFilename="$data/vehicles/lemken/solitair12/seederEffect02Array.dds" numRows="60" rowLength="18" minFade="0.07" density="1" shapeScale="0.5" maxShapeScale="1"/>
            </effectNode>
            <effectNode effectClass="CultivatorMotionPathEffect" effectType="CULTIVATOR" linkNode="seederEffect03LinkNode">
                <motionPathEffect textureFilename="$data/vehicles/lemken/solitair12/seederEffect03Array.dds" numRows="60" rowLength="18" minFade="0.07" density="1" shapeScale="0.5" maxShapeScale="1"/>
            </effectNode>
        </effect>
		
        <particle>
            <node node="effectParticleSmokeEmit01" refNodeIndex="1" particleType="SOIL_SMOKE" emitCountScale="2.5"/>
            <node node="effectParticleSmokeEmit02" refNodeIndex="1" particleType="SOIL_SMOKE" emitCountScale="2.5"/>
            <node node="effectParticleSmokeEmit31" refNodeIndex="1" particleType="SOIL_SMOKE" emitCountScale="2.5"/>
            <node node="effectParticleSmokeEmit32" refNodeIndex="1" particleType="SOIL_SMOKE" emitCountScale="2.5"/>
        </particle>
    </workParticles>

    <foldable>
        <foldingConfigurations>
            <foldingConfiguration>
                <foldingParts startMoveDirection="1" foldMiddleAnimTime=".7" loweringMaxLimit="0.16" ignoreFoldMiddleWhileFolded="false" detachingMinLimit="1" detachingMaxLimit="1" turnOnFoldMinLimit="0" turnOnFoldMaxLimit="0.15" unfoldWarning="$l10n_warning_firstFoldUpTheTool" >
                    <foldingPart animationName="folding" speedScale="1" />
                </foldingParts>
            </foldingConfiguration>
        </foldingConfigurations>
    </foldable>

    <animations>
        <animation name="moveSupport" soundVolumeFactor="2.4">			
            <part node="supportFoot01"		startTime="0" endTime="1" startTrans="0 1.25 0" endTrans="0 0 0" />
            <part node="supportFoot02"		startTime="0" endTime="1" startTrans="0 1.25 0" endTrans="0 0 0" />
            <part node="supportFoot03"		startTime="0" endTime="1" startTrans="0 1.25 0" endTrans="0 0 0" />
            <part node="supportFoot04"		startTime="0" endTime="1" startTrans="0 1.25 0" endTrans="0 0 0" />
			
            <part node="supportCol01"		startTime="0" endTime="0.2" startTrans="0 1.403 -0.332" endTrans="0 0 0" />
            <part node="supportCol02"		startTime="0" endTime="0.2" startTrans="0 1.403 -0.332" endTrans="0 0 0" />
            <part node="supportCol03"		startTime="0" endTime="0.2" startTrans="0 1.403 0.332" endTrans="0 0 0" />
            <part node="supportCol04"		startTime="0" endTime="0.2" startTrans="0 1.403 0.332" endTrans="0 0 0" />			
						
            <part node="leftFrontSupports"		startTime="0" endTime="0.02" visibility="false" />
            <part node="rightFrontSupports"		startTime="0" endTime="0.02" visibility="false" />
            <part node="leftRearSupports"		startTime="0" endTime="0.02" visibility="false" />
            <part node="rightRearSupports"		startTime="0" endTime="0.02" visibility="false" />			
            <part node="leftFrontSupports"		startTime="0.02" endTime="1.5" visibility="true" />
            <part node="rightFrontSupports"		startTime="0.02" endTime="1.5" visibility="true" />
            <part node="leftRearSupports"		startTime="0.02" endTime="1.5" visibility="true" />
            <part node="rightRearSupports"		startTime="0.02" endTime="1.5" visibility="true" />			
			
            <sound template="cylinderPunch"  startTime="0.8" direction="-1" volumeScale="0.6" pitchScale="1"/>
            <sound template="clackVar6"      startTime="0.8" direction="-1" volumeScale="1.2" pitchScale="0.6"/>
            <sound template="foldStartMed02" startTime="0.8" direction="-1" volumeScale="1.9" pitchScale="0.6"/>
            <sound template="latchSmall"     startTime="0.8" direction="-1" volumeScale="0.2" pitchScale="1.6"/>
        </animation>

        <animation name="folding">
            <part componentJointIndex="1" startTime="0" endTime=".65" startRotLimit="10 0 10" endRotLimit="0 0 0" startTransLimit="0 0.3 0" endTransLimit="0 0 0" />
            <part componentJointIndex="2" startTime="0" endTime=".65"  startRotLimit="10 0 10" endRotLimit="0 0 0" startTransLimit="0 0.3 0" endTransLimit="0 0 0" />
            <part node="componentJoint1" startTime="0" endTime="1" startTrans="3 -1.681 2.528" endTrans="3 -0.970 2.528" />
            <part node="componentJoint2" startTime="0" endTime="1" startTrans="-3 -1.681 2.528" endTrans="-3 -0.970 2.528" />
<!-- sound -->
<!-- sound ??? -->
<!-- sound -->
<!-- sound ??? -->
<!-- sound -->
<!-- sound ??? -->
            <sound template="hydraulicLayerTone"    startTime="3.01" endTime="8.49" volumeScale="1.5" pitchScale="0.8" fadeIn="0.01" fadeOut="0.01"/>
            <sound template="hydraulicLayerTone"    startTime="2.51" endTime="7.99" volumeScale="1.3" pitchScale="1"   fadeIn="0.01" fadeOut="0.01"/>
            <sound template="defaultHydraulicSound" startTime="0.01" endTime="1.49" volumeScale="1.3" pitchScale="1.3" fadeIn="0.01" fadeOut="0.01"/>
            <sound template="foldStartMed01"        startTime="7.99" direction="-1" volumeScale="1.5" pitchScale="1.3" />
            <sound template="sheetImp02"            startTime="7.99" direction="-1" volumeScale="2.5" pitchScale="0.8" />
            <sound template="foldStartMed02"        startTime="8.49" direction="-1" volumeScale="1.5" pitchScale="1" />
            <sound template="sheetImp02"            startTime="8.49" direction="-1" volumeScale="2.5" pitchScale="0.7" />
            <sound template="foldStartMed02"        startTime="8.49" direction="-1" volumeScale="1.5" pitchScale="0.7" />
            <sound template="foldStopMed01"         startTime="3"    direction="-1" volumeScale="1.5" pitchScale="1.3" />
            <sound template="sheetImp01"            startTime="3"    direction="-1" volumeScale="1.1" pitchScale="0.7" />
            <sound template="clackVar3"             startTime="3"    direction="-1" volumeScale="1.8" pitchScale="0.7" />
            <sound template="foldStopMed02"         startTime="2.5"  direction="-1" volumeScale="1.5" pitchScale="1.3" />
            <sound template="sheetImp02"            startTime="2.5"  direction="-1" volumeScale="2.5" pitchScale="0.8" />
            <sound template="foldStartMed02"        startTime="2.5"  direction="1"  volumeScale="1.5" pitchScale="1.3" />
            <sound template="clackVar2"             startTime="2.5"  direction="1"  volumeScale="1.5" pitchScale="0.8" />
            <sound template="foldStartMed01"        startTime="3"    direction="1"  volumeScale="1.5" pitchScale="1.4" />
            <sound template="sheetImp06"            startTime="3"    direction="1"  volumeScale="1.5" pitchScale="0.7" />
            <sound template="foldStopMed01"         startTime="7.99" direction="1"  volumeScale="1.5" pitchScale="1.4" />
            <sound template="sheetImp01"            startTime="7.99" direction="1"  volumeScale="1.5" pitchScale="0.8" />
            <sound template="foldStopMed02"         startTime="8.49" direction="1"  volumeScale="1.5" pitchScale="1.3" />
            <sound template="sheetImp02"            startTime="8.49" direction="1"  volumeScale="2.5" pitchScale="0.7" />
            <sound template="clackVar4"             startTime="1.5"                 volumeScale="1"   pitchScale="1.8" />
            <sound template="clackVar6"             startTime="0.01" direction="-1" volumeScale="0.5" pitchScale="1.8" />
        </animation>
		
        <animation name="toggleCovers">
            <part node="seedCover01" startTime="0"    endTime="1.5" startTrans="-4.813 3.441 1.015" endTrans="-4.813 3.500 1.015" 	startRot="0 0 0" endRot="0 780 0" />
            <part node="seedCover02" startTime="0"    endTime="1.5" startTrans="4.813 3.441 1.015" 	endTrans="4.813 3.500 1.015" 	startRot="0 0 0" endRot="0 780 0" />
            <part node="seedCover01" startTime="1.5"    endTime="1.75" startTrans="-4.813 3.52 1.015" endTrans="-4.813 3.52 0.189" />
            <part node="seedCover02" startTime="1.5"    endTime="1.75" startTrans="4.813 3.52 1.015" endTrans="4.813 3.52 0.189" />
            <part node="seedCover01" startTime="1.75"    endTime="2" startTrans="-4.813 3.52 0.189" endTrans="-4.813 3.345 0.189" />
            <part node="seedCover02" startTime="1.75"    endTime="2" startTrans="4.813 3.52 0.189" endTrans="4.813 3.345 0.189" />
            <part node="fertCover01" startTime="0"    endTime="1.5" startTrans="-1.176 3.441 1.015" endTrans="-1.176 3.52 1.015" 	startRot="0 0 0" endRot="0 780 0" />
            <part node="fertCover02" startTime="0"    endTime="1.5" startTrans="1.176 3.441 1.015" 	endTrans="1.176 3.52 1.015" 	startRot="0 0 0" endRot="0 780 0" />
            <part node="fertCover01" startTime="1.5"    endTime="1.75" startTrans="-1.176 3.52 1.015" endTrans="-1.176 3.52 0.189" />
            <part node="fertCover02" startTime="1.5"    endTime="1.75" startTrans="1.176 3.52 1.015" endTrans="1.176 3.52 0.189" />
            <part node="fertCover01" startTime="1.75"    endTime="2" startTrans="-1.176 3.52 0.189" endTrans="-1.176 3.345 0.189" />
            <part node="fertCover02" startTime="1.75"    endTime="2" startTrans="1.176 3.52 0.189" endTrans="1.176 3.345 0.189" />
			
            <sound template="coverMetalOpen" startTime="1.999"  direction="-1" volumeScale="10" pitchScale=".5"/>
            <sound template="metalOpen" startTime=".5"  direction="1" volumeScale="10" pitchScale=".5"/>
            <sound template="clackVar6" startTime="1.999"  direction="1" volumeScale="10" pitchScale="1.5"/>
        </animation>
    </animations>

    <cylindered>
        <movingTools>
            <movingTool node="componentJoint1" playSound="true">
                <componentJoint index="1" />
            </movingTool>
            <movingTool node="componentJoint2" playSound="true">
                <componentJoint index="2" />
            </movingTool>
            <movingTool node="wsvsSowing_component2"  wheelIndices="1 2 3 4" />
            <movingTool node="wsvsSowing_component3"  wheelIndices="5 6 7 8" />
        </movingTools>

        <movingParts>
        </movingParts>
    </cylindered>

    <fillUnit>
        <fillUnitConfigurations>
            <fillUnitConfiguration>
                <fillUnits>
                    <unloading node="dischargeNode" width="18" />
                    <fillUnit unitTextOverride="$l10n_unit_literShort" fillTypes="seeds" capacity="16000">
                        <exactFillRootNode node="exactFillRootNodeSeedsWide"  />
                    </fillUnit>
                </fillUnits>
            </fillUnitConfiguration>
        </fillUnitConfigurations>
    </fillUnit>

    <fillVolume>
        <fillVolumeConfigurations>
            <fillVolumeConfiguration>
                <volumes>
                    <volume node="fillVolume01" fillUnitIndex="1" maxDelta="0.1"/>
                    <volume node="fillVolume02" fillUnitIndex="1" maxDelta="0.1"/>
                    <volume node="fillVolume03" fillUnitIndex="1" maxDelta="0.1"/>
                    <volume node="fillVolume04" fillUnitIndex="1" maxDelta="0.1"/>
                </volumes>
            </fillVolumeConfiguration>
        </fillVolumeConfigurations>
    </fillVolume>

    <sowingMachine fillUnitIndex="1">
        <seedFruitTypeCategories>sowingMachine</seedFruitTypeCategories>
        <needsActivation value="true" />
        <useDirectPlanting value="true" />
        <fieldGroundType value="SOWN" />

        <sounds>
            <work template="DEFAULT_SOWING_WORK" linkNode="wsvsSowing_main_component1" />
            <airBlower template="DEFAULT_SOWING_AIR_BLOWER" linkNode="wsvsSowing_main_component1" />
        </sounds>
    </sowingMachine>

    <cover>
        <coverConfigurations>
            <coverConfiguration openCoverWhileTipping="true">
                <cover openAnimation="toggleCovers" fillUnitIndices="1" autoReactToTrigger="true" />
            </coverConfiguration>
        </coverConfigurations>
    </cover>

    <turnOnVehicle turnOffIfNotAllowed="true"/>

    <ai>
        <needsLowering value="true" />
        <areaMarkers leftNode="aiMarkerLeft" rightNode="aiMarkerRight" backNode="aiMarkerBack" />
        <collisionTrigger node="aiCollisionNode" width="13" height="2.4"/>
        <agentAttachment width="3.2" height="3.5" length="2.9" lengthOffset="-0.6"/>
    </ai>

    <foliageBending>		
		<bendingNode minX="-5.8" maxX="5.8" minZ="0.15" maxZ="2.2" yOffset="1.4" />
        <bendingNode minX="-2.8" maxX="2.8" minZ="-1.41" maxZ="0.38" yOffset="0.0" node="wsvsSowing_component2" />
        <bendingNode minX="-2.8" maxX="2.8" minZ="-1.41" maxZ="0.38" yOffset="0.0" node="wsvsSowing_component3" />
    </foliageBending>

    <baseMaterial>
        <material name="wsvsPlanter_mat" baseNode="wsvsPlanter_vis">
             <shaderParameter name="colorMat0" value="SHARED_GREY2"/>
             <shaderParameter name="colorMat1" value="SHARED_GREY2"/>
        </material>
        <material name="wsvsPlanter02_mat" baseNode="headerHouseLeft">
             <shaderParameter name="colorMat0" value="SHARED_GREY2"/>
        </material>
        <material name="solitair12_mat" baseNode="solitair12_vis">
             <shaderParameter name="colorMat0" value="SHARED_GREY2"/>
        </material>
        <material name="terrano3FX_mat" baseNode="terrano3FX_vis">
             <shaderParameter name="colorMat0" value="SHARED_GREY2"/>
        </material>
    </baseMaterial>

    <baseMaterialConfigurations useDefaultColors="true" price="50" title="$l10n_title_main_tank" >
        <material name="wsvsPlanter_mat" shaderParameter="colorMat0"/>
		
		<baseMaterialConfiguration  name="$l10n_color_wsvs_tank_yellow" 				color="0.7386 0.4678 0.0123"	material="34" />
        <baseMaterialConfiguration	name="Lizard %s" params="$l10n_ui_colorRed"			color="LIZARD_RED1"/>	
        <baseMaterialConfiguration	name="John Deere %s"  params="$l10n_ui_colorGreen"  color="JOHNDEERE_GREEN1" />
        <baseMaterialConfiguration	name="Lizard %s" params="$l10n_ui_colorGreenOlive"	color="LIZARD_OLIVE1"/>
        <baseMaterialConfiguration	name="Lizard %s" params="$l10n_ui_colorBlue"		color="LIZARD_BLUE1"/>
        <baseMaterialConfiguration	name="Lizard %s" params="$l10n_ui_colorBlueLight"	color="LIZARD_BLUE2"/>
        <baseMaterialConfiguration	name="Lizard %s" params="$l10n_ui_colorGrey"		color="LIZARD_BLUE3"/>
        <baseMaterialConfiguration	name="Lizard %s" params="$l10n_ui_colorBeige"		color="LIZARD_ECRU1"/>	
    </baseMaterialConfigurations>	
	
	<designMaterialConfigurations useDefaultColors="true" price="50" title="$l10n_title_seeder" >
        <material name="solitair12_mat" shaderParameter="colorMat0" />
        <material name="terrano3FX_mat" shaderParameter="colorMat0" />
        <material name="wsvsPlanter02_mat" shaderParameter="colorMat0" />
		
        <designMaterialConfiguration	name="Lizard %s" params="$l10n_ui_colorRed"			color="LIZARD_RED1"/>		
		<designMaterialConfiguration  	name="$l10n_color_wsvs_tank_white" 					color="0.98 0.8 0.8" />
        <designMaterialConfiguration	name="John Deere %s"  params="$l10n_ui_colorGreen"  color="JOHNDEERE_GREEN1" />
        <designMaterialConfiguration	name="Lizard %s" params="$l10n_ui_colorGreenOlive"	color="LIZARD_OLIVE1"/>
        <designMaterialConfiguration	name="Lizard %s" params="$l10n_ui_colorBlue"		color="LIZARD_BLUE1"/>
        <designMaterialConfiguration	name="Lizard %s" params="$l10n_ui_colorBlueLight"	color="LIZARD_BLUE2"/>
        <designMaterialConfiguration	name="Lizard %s" params="$l10n_ui_colorGrey"		color="LIZARD_BLUE3"/>
        <designMaterialConfiguration	name="Lizard %s" params="$l10n_ui_colorBeige"		color="LIZARD_ECRU1"/>
    </designMaterialConfigurations>
	
	<designMaterial2Configurations useDefaultColors="true" price="50" title="$l10n_title_cover">
        <material name="wsvsPlanter_mat" shaderParameter="colorMat1" />

        <designMaterial2Configuration	name="Lizard %s" params="$l10n_ui_colorBlueLight"	color="LIZARD_BLUE2"/>
        <designMaterial2Configuration	name="$l10n_color_wsvs_tank_green" 					color="0 0.40 0" />
		<designMaterial2Configuration  	name="$l10n_color_wsvs_tank_white" 					color="0.98 0.8 0.8" />
		<designMaterial2Configuration  	name="$l10n_color_wsvs_tank_yellow" 				color="0.9386 0.5678 0.0123" />
        <designMaterial2Configuration	name="Lizard %s" params="$l10n_ui_colorRed"			color="LIZARD_RED1"/>		
        <designMaterial2Configuration	name="John Deere %s"  params="$l10n_ui_colorGreen"  color="JOHNDEERE_GREEN1" />
        <designMaterial2Configuration	name="Lizard %s" params="$l10n_ui_colorGreenOlive"	color="LIZARD_OLIVE1"/>
        <designMaterial2Configuration	name="Lizard %s" params="$l10n_ui_colorBlue"		color="LIZARD_BLUE1"/>
        <designMaterial2Configuration	name="Lizard %s" params="$l10n_ui_colorGrey"		color="LIZARD_BLUE3"/>
        <designMaterial2Configuration	name="Lizard %s" params="$l10n_ui_colorBeige"		color="LIZARD_ECRU1"/>
    </designMaterial2Configurations>	

    <wearable wearDuration="480" workMultiplier="5" fieldMultiplier="2"/>
    <washable dirtDuration="90" washDuration="1" workMultiplier="6" fieldMultiplier="2"/>

	<i3dMappings>
		<i3dMapping id="wsvsSowing_main_component1" node="0>"/>
		<i3dMapping id="attachable" node="0>0"/>
		<i3dMapping id="attacherJoint" node="0>0|0"/>
		<i3dMapping id="attacherJoint02" node="0>0|0|0"/>
		<i3dMapping id="topReferenceNode" node="0>0|1"/>
		<i3dMapping id="supportCols" node="0>0|2"/>
		<i3dMapping id="leftFrontSupports" node="0>0|2|0"/>
		<i3dMapping id="leftFrontSupportTrans_0" node="0>0|2|0|0"/>
		<i3dMapping id="supportFoot01" node="0>0|2|0|0|0"/>
		<i3dMapping id="supportCol01" node="0>0|2|0|0|1"/>
		<i3dMapping id="supportBase01" node="0>0|2|0|1"/>
		<i3dMapping id="rightFrontSupports" node="0>0|2|1"/>
		<i3dMapping id="rightFrontSupportTrans" node="0>0|2|1|0"/>
		<i3dMapping id="supportFoot02" node="0>0|2|1|0|0"/>
		<i3dMapping id="supportCol02" node="0>0|2|1|0|1"/>
		<i3dMapping id="supportBase02" node="0>0|2|1|1"/>
		<i3dMapping id="leftRearSupports" node="0>0|2|2"/>
		<i3dMapping id="leftFrontSupportTrans_2" node="0>0|2|2|0"/>
		<i3dMapping id="supportFoot03" node="0>0|2|2|0|0"/>
		<i3dMapping id="supportCol03" node="0>0|2|2|0|1"/>
		<i3dMapping id="supportBase03" node="0>0|2|2|1"/>
		<i3dMapping id="rightRearSupports" node="0>0|2|3"/>
		<i3dMapping id="rightRearSupportTrans" node="0>0|2|3|0"/>
		<i3dMapping id="supportFoot04" node="0>0|2|3|0|0"/>
		<i3dMapping id="supportCol04" node="0>0|2|3|0|1"/>
		<i3dMapping id="supportBase04" node="0>0|2|3|1"/>
		<i3dMapping id="componentJointParent" node="0>0|3"/>
		<i3dMapping id="componentJoint1" node="0>0|3|0"/>
		<i3dMapping id="componentJoint2" node="0>0|3|1"/>
		<i3dMapping id="connectors" node="0>0|4"/>
		<i3dMapping id="dummyConnection01" node="0>0|4|0"/>
		<i3dMapping id="dummyConnection02" node="0>0|4|1"/>
		<i3dMapping id="dummyConnection03" node="0>0|4|2"/>
		<i3dMapping id="dummyConnection04" node="0>0|4|3"/>
		<i3dMapping id="dummyConnection05" node="0>0|4|4"/>
		<i3dMapping id="dummyConnection06" node="0>0|4|5"/>
		<i3dMapping id="dummyConnection07" node="0>0|4|6"/>
		<i3dMapping id="dummyConnection08" node="0>0|4|7"/>
		<i3dMapping id="dummyConnection09" node="0>0|4|8"/>
		<i3dMapping id="dummyConnection10" node="0>0|4|9"/>
		<i3dMapping id="dynamicNodes" node="0>0|4|10"/>
		<i3dMapping id="powerswitchNode" node="0>0|4|10|0"/>
		<i3dMapping id="redRound_01" node="0>0|4|10|1"/>
		<i3dMapping id="whiteRound_01" node="0>0|4|10|2"/>
		<i3dMapping id="yellowRound_01" node="0>0|4|10|3"/>
		<i3dMapping id="workAreas" node="0>1"/>
		<i3dMapping id="workArea01" node="0>1|0"/>
		<i3dMapping id="areaStart" node="0>1|0|0"/>
		<i3dMapping id="areaWidth" node="0>1|0|1"/>
		<i3dMapping id="areaHeight" node="0>1|0|2"/>
		<i3dMapping id="groundReferenceNode" node="0>1|1"/>
		<i3dMapping id="depthNode" node="0>1|2"/>
		<i3dMapping id="ai" node="0>2"/>
		<i3dMapping id="aiMarker" node="0>2|0"/>
		<i3dMapping id="aiMarkerLeft" node="0>2|0|0"/>
		<i3dMapping id="aiMarkerRight" node="0>2|0|1"/>
		<i3dMapping id="aiMarkerBack" node="0>2|0|2"/>
		<i3dMapping id="aiCollisionNode" node="0>2|1"/>
		<i3dMapping id="fillUnit" node="0>3"/>
		<i3dMapping id="exactFillRootNodeSeedsWide" node="0>3|0"/>
		<i3dMapping id="exactFillRootNodeFertilizerMiddle" node="0>3|1"/>
		<i3dMapping id="exactFillRootNodeSeedSplit" node="0>3|2"/>
		<i3dMapping id="dischargeNode" node="0>3|3"/>
		<i3dMapping id="fillVolumes" node="0>3|4"/>
		<i3dMapping id="fillVolume01" node="0>3|4|0"/>
		<i3dMapping id="fillVolume02" node="0>3|4|1"/>
		<i3dMapping id="fillVolume03" node="0>3|4|2"/>
		<i3dMapping id="fillVolume04" node="0>3|4|3"/>
		<i3dMapping id="cover" node="0>4"/>
		<i3dMapping id="seedCovers" node="0>4|0"/>
		<i3dMapping id="seedCover01" node="0>4|0|0"/>
		<i3dMapping id="seedCover02" node="0>4|0|1"/>
		<i3dMapping id="fertCovers" node="0>4|1"/>
		<i3dMapping id="fertCover01" node="0>4|1|0"/>
		<i3dMapping id="fertCover02" node="0>4|1|1"/>
		<i3dMapping id="visuals_2" node="0>5"/>
		<i3dMapping id="wsvsPlanter_vis" node="0>5|0"/>
		<i3dMapping id="harness" node="0>5|1"/>
		<i3dMapping id="hoses" node="0>5|2"/>
		<i3dMapping id="tankFrameGrid" node="0>5|3"/>
		<i3dMapping id="ladderZgts" node="0>5|4"/>
		<i3dMapping id="manualTube" node="0>5|5"/>
		<i3dMapping id="decalManual" node="0>5|5|0"/>
		<i3dMapping id="decals" node="0>5|6"/>
		<i3dMapping id="decalPinch01_2" node="0>5|6|0"/>
		<i3dMapping id="decalList01" node="0>5|6|1"/>
		<i3dMapping id="decalManual02" node="0>5|6|2"/>
		<i3dMapping id="decalList03" node="0>5|6|3"/>
		<i3dMapping id="decalManual03" node="0>5|6|4"/>
		<i3dMapping id="decalPinch02_0" node="0>5|6|5"/>
		<i3dMapping id="decalManual.001" node="0>5|6|6"/>
		<i3dMapping id="decalExcalmation02" node="0>5|6|7"/>
		<i3dMapping id="decalElectric01" node="0>5|6|8"/>
		<i3dMapping id="decalElectric02" node="0>5|6|9"/>
		<i3dMapping id="decalExcalmation03" node="0>5|6|10"/>
		<i3dMapping id="decalPinch01_1" node="0>5|6|11"/>
		<i3dMapping id="decalPinch02_3" node="0>5|6|12"/>
		<i3dMapping id="decalScrew_6" node="0>5|6|13"/>
		<i3dMapping id="front" node="0>5|6|14"/>
		<i3dMapping id="decalManual04" node="0>5|6|14|0"/>
		<i3dMapping id="decalManual05" node="0>5|6|14|1"/>
		<i3dMapping id="decalFall" node="0>5|6|14|2"/>
		<i3dMapping id="decalExcalmation01" node="0>5|6|14|3"/>
		<i3dMapping id="decalList02_1" node="0>5|6|14|4"/>
		<i3dMapping id="decalManual01_1" node="0>5|6|14|5"/>
		<i3dMapping id="decalList02_3" node="0>5|6|14|6"/>
		<i3dMapping id="decalManual01_2" node="0>5|6|14|7"/>
		<i3dMapping id="decalScrew_7" node="0>5|6|14|8"/>
		<i3dMapping id="decalScrew_1" node="0>5|6|14|9"/>
		<i3dMapping id="brand" node="0>5|6|15"/>
		<i3dMapping id="decalBrand01" node="0>5|6|15|0"/>
		<i3dMapping id="decalLizard01" node="0>5|6|15|1"/>
		<i3dMapping id="decalBrand02" node="0>5|6|15|2"/>
		<i3dMapping id="decalLizard02" node="0>5|6|15|3"/>
		<i3dMapping id="screwsDecals" node="0>5|6|16"/>
		<i3dMapping id="collisions" node="0>6"/>
		<i3dMapping id="colPart01" node="0>6|0"/>
		<i3dMapping id="colPart02" node="0>6|1"/>

		<i3dMapping id="wsvsSowing_component2" node="1>"/>
		<i3dMapping id="wsvsSowing_Group2" node="1>0"/>
		<i3dMapping id="movingParts" node="1>0|0"/>
		<i3dMapping id="discsA_group" node="1>0|0|0"/>
		<i3dMapping id="discA01Rot" node="1>0|0|0|0"/>
		<i3dMapping id="discA01" node="1>0|0|0|0|0"/>
		<i3dMapping id="discA01_decals" node="1>0|0|0|0|0|0"/>
		<i3dMapping id="discA02Rot" node="1>0|0|0|1"/>
		<i3dMapping id="discA02" node="1>0|0|0|1|0"/>
		<i3dMapping id="discA02_decals" node="1>0|0|0|1|0|0"/>
		<i3dMapping id="discA03Rot" node="1>0|0|0|2"/>
		<i3dMapping id="discA03" node="1>0|0|0|2|0"/>
		<i3dMapping id="discA03_decals" node="1>0|0|0|2|0|0"/>
		<i3dMapping id="discA04Rot" node="1>0|0|0|3"/>
		<i3dMapping id="discA04" node="1>0|0|0|3|0"/>
		<i3dMapping id="discA04_decals" node="1>0|0|0|3|0|0"/>
		<i3dMapping id="discA05Rot" node="1>0|0|0|4"/>
		<i3dMapping id="discA05" node="1>0|0|0|4|0"/>
		<i3dMapping id="discA05_decals" node="1>0|0|0|4|0|0"/>
		<i3dMapping id="discA06Rot" node="1>0|0|0|5"/>
		<i3dMapping id="discA06" node="1>0|0|0|5|0"/>
		<i3dMapping id="discA06_decals" node="1>0|0|0|5|0|0"/>
		<i3dMapping id="discA07Rot" node="1>0|0|0|6"/>
		<i3dMapping id="discA07" node="1>0|0|0|6|0"/>
		<i3dMapping id="discA07_decals" node="1>0|0|0|6|0|0"/>
		<i3dMapping id="discA08Rot" node="1>0|0|0|7"/>
		<i3dMapping id="discA08" node="1>0|0|0|7|0"/>
		<i3dMapping id="discA08_decals" node="1>0|0|0|7|0|0"/>
		<i3dMapping id="discsPart_16" node="1>0|0|0|8"/>
		<i3dMapping id="discsB_Group" node="1>0|0|1"/>
		<i3dMapping id="discB01Rot" node="1>0|0|1|0"/>
		<i3dMapping id="discB01" node="1>0|0|1|0|0"/>
		<i3dMapping id="discB01_decals" node="1>0|0|1|0|0|0"/>
		<i3dMapping id="discB02Rot" node="1>0|0|1|1"/>
		<i3dMapping id="discB02" node="1>0|0|1|1|0"/>
		<i3dMapping id="discB02_decals" node="1>0|0|1|1|0|0"/>
		<i3dMapping id="discB03Rot" node="1>0|0|1|2"/>
		<i3dMapping id="discB03" node="1>0|0|1|2|0"/>
		<i3dMapping id="discB03_decals" node="1>0|0|1|2|0|0"/>
		<i3dMapping id="discB04Rot" node="1>0|0|1|3"/>
		<i3dMapping id="discB04" node="1>0|0|1|3|0"/>
		<i3dMapping id="discB04_decals" node="1>0|0|1|3|0|0"/>
		<i3dMapping id="discB05Rot" node="1>0|0|1|4"/>
		<i3dMapping id="discB05" node="1>0|0|1|4|0"/>
		<i3dMapping id="discB05_decals" node="1>0|0|1|4|0|0"/>
		<i3dMapping id="discB06Rot" node="1>0|0|1|5"/>
		<i3dMapping id="discB06" node="1>0|0|1|5|0"/>
		<i3dMapping id="discB06_decals" node="1>0|0|1|5|0|0"/>
		<i3dMapping id="discB07Rot" node="1>0|0|1|6"/>
		<i3dMapping id="discB07" node="1>0|0|1|6|0"/>
		<i3dMapping id="discB07_decals" node="1>0|0|1|6|0|0"/>
		<i3dMapping id="discB08Rot" node="1>0|0|1|7"/>
		<i3dMapping id="discB08" node="1>0|0|1|7|0"/>
		<i3dMapping id="discB08_decals" node="1>0|0|1|7|0|0"/>
		<i3dMapping id="discsPart_6" node="1>0|0|1|8"/>
		<i3dMapping id="discsLeftArm_2" node="1>0|0|2"/>
		<i3dMapping id="leftArmWheelsFront" node="1>0|0|2|0"/>
		<i3dMapping id="leftArmWheelsFrontDiscs" node="1>0|0|2|0|0"/>
		<i3dMapping id="leftArmWheelsBack" node="1>0|0|2|1"/>
		<i3dMapping id="leftArmWheelsBackDiscs" node="1>0|0|2|1|0"/>
		<i3dMapping id="leftArmFirstRowDiscs" node="1>0|0|2|2"/>
		<i3dMapping id="wheels" node="1>0|1"/>
		<i3dMapping id="wheel11" node="1>0|1|0"/>
		<i3dMapping id="wheel21" node="1>0|1|1"/>
		<i3dMapping id="wheel31" node="1>0|1|2"/>
		<i3dMapping id="wheel41" node="1>0|1|3"/>
		<i3dMapping id="effects" node="1>0|2"/>
		<i3dMapping id="sweepEffectLinkNode01" node="1>0|2|0"/>
		<i3dMapping id="effectParticleSmokeEmit01" node="1>0|2|1"/>
		<i3dMapping id="effectParticleSmokeEmit02" node="1>0|2|2"/>
		<i3dMapping id="discEffect01LinkNode" node="1>0|2|3"/>
		<i3dMapping id="discEffect02LinkNode" node="1>0|2|4"/>
		<i3dMapping id="seederEffect01LinkNode" node="1>0|2|5"/>
		<i3dMapping id="seederEffect02LinkNode" node="1>0|2|6"/>
		<i3dMapping id="seederEffect03LinkNode" node="1>0|2|7"/>
		<i3dMapping id="depthNode_3" node="1>0|2|8"/>
		<i3dMapping id="visuals_6" node="1>0|3"/>
		<i3dMapping id="solitair12_vis" node="1>0|3|0"/>
		<i3dMapping id="terrano3FX_vis" node="1>0|3|1"/>
		<i3dMapping id="headerHouseLeft" node="1>0|3|2"/>
		<i3dMapping id="solitair12.knobs.001_0" node="1>0|3|3"/>
		<i3dMapping id="solitair12.Stub_4" node="1>0|3|4"/>
		<i3dMapping id="pipes_4" node="1>0|3|5"/>
		<i3dMapping id="hoses.002_3" node="1>0|3|6"/>

		<i3dMapping id="wsvsSowing_component3" node="2>"/>
		<i3dMapping id="wsvsSowing_Group3" node="2>0"/>
		<i3dMapping id="movingParts3" node="2>0|0"/>
		<i3dMapping id="discsC_group" node="2>0|0|0"/>
		<i3dMapping id="discC01Rot" node="2>0|0|0|0"/>
		<i3dMapping id="discC01" node="2>0|0|0|0|0"/>
		<i3dMapping id="discC01_decals" node="2>0|0|0|0|0|0"/>
		<i3dMapping id="discC02Rot" node="2>0|0|0|1"/>
		<i3dMapping id="discC02" node="2>0|0|0|1|0"/>
		<i3dMapping id="discC02_decals" node="2>0|0|0|1|0|0"/>
		<i3dMapping id="discC03Rot" node="2>0|0|0|2"/>
		<i3dMapping id="discC03" node="2>0|0|0|2|0"/>
		<i3dMapping id="discC03_decals" node="2>0|0|0|2|0|0"/>
		<i3dMapping id="discC04Rot" node="2>0|0|0|3"/>
		<i3dMapping id="discC04" node="2>0|0|0|3|0"/>
		<i3dMapping id="discC04_decals" node="2>0|0|0|3|0|0"/>
		<i3dMapping id="discC05Rot" node="2>0|0|0|4"/>
		<i3dMapping id="discC05" node="2>0|0|0|4|0"/>
		<i3dMapping id="discC05_decals" node="2>0|0|0|4|0|0"/>
		<i3dMapping id="discC06Rot" node="2>0|0|0|5"/>
		<i3dMapping id="discC06" node="2>0|0|0|5|0"/>
		<i3dMapping id="discC06_decals" node="2>0|0|0|5|0|0"/>
		<i3dMapping id="discC07Rot" node="2>0|0|0|6"/>
		<i3dMapping id="discC07" node="2>0|0|0|6|0"/>
		<i3dMapping id="discC07_decals" node="2>0|0|0|6|0|0"/>
		<i3dMapping id="discC08Rot" node="2>0|0|0|7"/>
		<i3dMapping id="discC08" node="2>0|0|0|7|0"/>
		<i3dMapping id="discC08_decals" node="2>0|0|0|7|0|0"/>
		<i3dMapping id="discsPart_15" node="2>0|0|0|8"/>
		<i3dMapping id="discsD_Group" node="2>0|0|1"/>
		<i3dMapping id="discD01Rot" node="2>0|0|1|0"/>
		<i3dMapping id="discD01" node="2>0|0|1|0|0"/>
		<i3dMapping id="discD01_decals" node="2>0|0|1|0|0|0"/>
		<i3dMapping id="discD02Rot" node="2>0|0|1|1"/>
		<i3dMapping id="discD02" node="2>0|0|1|1|0"/>
		<i3dMapping id="discD02_decals" node="2>0|0|1|1|0|0"/>
		<i3dMapping id="discD03Rot" node="2>0|0|1|2"/>
		<i3dMapping id="discD03" node="2>0|0|1|2|0"/>
		<i3dMapping id="discD03_decals" node="2>0|0|1|2|0|0"/>
		<i3dMapping id="discD04Rot" node="2>0|0|1|3"/>
		<i3dMapping id="discD04" node="2>0|0|1|3|0"/>
		<i3dMapping id="discD04_decals" node="2>0|0|1|3|0|0"/>
		<i3dMapping id="discD05Rot" node="2>0|0|1|4"/>
		<i3dMapping id="discD05" node="2>0|0|1|4|0"/>
		<i3dMapping id="discD05_decals" node="2>0|0|1|4|0|0"/>
		<i3dMapping id="discD06Rot" node="2>0|0|1|5"/>
		<i3dMapping id="discD06" node="2>0|0|1|5|0"/>
		<i3dMapping id="discD06_decals" node="2>0|0|1|5|0|0"/>
		<i3dMapping id="discD07Rot" node="2>0|0|1|6"/>
		<i3dMapping id="discD07" node="2>0|0|1|6|0"/>
		<i3dMapping id="discD07_decals" node="2>0|0|1|6|0|0"/>
		<i3dMapping id="discD08Rot" node="2>0|0|1|7"/>
		<i3dMapping id="discD08" node="2>0|0|1|7|0"/>
		<i3dMapping id="discD08_decals" node="2>0|0|1|7|0|0"/>
		<i3dMapping id="discsPart_15" node="2>0|0|1|8"/>
		<i3dMapping id="discsLeftArm_1" node="2>0|0|2"/>
		<i3dMapping id="rightArmWheelsFront" node="2>0|0|2|0"/>
		<i3dMapping id="rightArmWheelsFrontDiscs" node="2>0|0|2|0|0"/>
		<i3dMapping id="rightArmWheelsBack" node="2>0|0|2|1"/>
		<i3dMapping id="rightArmWheelsBackDiscs" node="2>0|0|2|1|0"/>
		<i3dMapping id="rightArmFirstRowDiscs" node="2>0|0|2|2"/>
		<i3dMapping id="wheels3" node="2>0|1"/>
		<i3dMapping id="wheel12" node="2>0|1|0"/>
		<i3dMapping id="wheel22" node="2>0|1|1"/>
		<i3dMapping id="wheel32" node="2>0|1|2"/>
		<i3dMapping id="wheel42" node="2>0|1|3"/>
		<i3dMapping id="effects3" node="2>0|2"/>
		<i3dMapping id="sweepEffectLinkNode31" node="2>0|2|0"/>
		<i3dMapping id="effectParticleSmokeEmit31" node="2>0|2|1"/>
		<i3dMapping id="effectParticleSmokeEmit32" node="2>0|2|2"/>
		<i3dMapping id="discEffect31LinkNode" node="2>0|2|3"/>
		<i3dMapping id="discEffect32LinkNode" node="2>0|2|4"/>
		<i3dMapping id="visuals_7" node="2>0|3"/>
		<i3dMapping id="solitair12_vis_2" node="2>0|3|0"/>
		<i3dMapping id="terrano3FX_vis.006" node="2>0|3|1"/>
		<i3dMapping id="headerHouse.007" node="2>0|3|2"/>
		<i3dMapping id="solitair12.knobs.001_1" node="2>0|3|3"/>
		<i3dMapping id="solitair12.Stub_0" node="2>0|3|4"/>
		<i3dMapping id="pipes_1" node="2>0|3|5"/>
		<i3dMapping id="hoses.002_1" node="2>0|3|6"/>		
	</i3dMappings>
</vehicle>
