<?xml version="1.0" encoding="utf-8" standalone="no" ?>
<placeable type="productionPoint" xmlns:xsi="http://www.w3.org/2001/XMLSchema-instance" xsi:noNamespaceSchemaLocation="../../../../../shared/xml/schema/placeable.xsd">
    <storeData>
        <name>$l10n_name_cropPrepBd</name>
        <functions>
            <function>$l10n_function_productionPoint</function>
        </functions>
        <image>store_fertLimeSeed.png</image>
        <price>80000</price>
        <dailyUpkeep>30</dailyUpkeep>
        <lifetime>2000</lifetime>
        <rotation>0</rotation>
        <brand>NONE</brand>
        <species>placeable</species>
        <category>productionPoints</category>
        <brush>
            <type>placeable</type>
            <category>production</category>
            <tab>factories</tab>
        </brush>
        <vertexBufferMemoryUsage>1369088</vertexBufferMemoryUsage>
        <indexBufferMemoryUsage>215808</indexBufferMemoryUsage>
        <textureMemoryUsage>19464192</textureMemoryUsage>
        <instanceVertexBufferMemoryUsage>0</instanceVertexBufferMemoryUsage>
        <instanceIndexBufferMemoryUsage>0</instanceIndexBufferMemoryUsage>
        <audioMemoryUsage>0</audioMemoryUsage>
    </storeData>

    <base>
        <filename>fertLimeSeed.i3d</filename>
        <canBeRenamed>true</canBeRenamed>
    </base>

    <placement useRandomYRotation="false" useManualYRotation="true" >
        <testAreas>
            <testArea startNode="testArea1Start" endNode="testArea1End"/>
        </testAreas>
    </placement>

    <clearAreas>
        <clearArea startNode="clearArea1Start" widthNode="clearArea1Width" heightNode="clearArea1Height"/>
        <clearArea startNode="clearArea2Start" widthNode="clearArea2Width" heightNode="clearArea2Height"/>		
        <clearArea startNode="clearArea3Start" widthNode="clearArea3Width" heightNode="clearArea3Height"/>
    </clearAreas>

    <leveling requireLeveling="true" maxSmoothDistance="10" maxSlope="75" maxEdgeAngle="30" >
        <levelAreas>
            <levelArea startNode="levelArea1Start" widthNode="levelArea1Width" heightNode="levelArea1Height" groundType="asphalt"/>
            <levelArea startNode="levelArea2Start" widthNode="levelArea2Width" heightNode="levelArea2Height" groundType="asphalt"/>
            <levelArea startNode="levelArea3Start" widthNode="levelArea3Width" heightNode="levelArea3Height" groundType="asphalt"/>
        </levelAreas>
    </leveling>

    <indoorAreas>
        <indoorArea startNode="indoorArea1Start" widthNode="indoorArea1Width" heightNode="indoorArea1Height" />
    </indoorAreas>

    <tipOcclusionUpdateAreas>
        <tipOcclusionUpdateArea startNode="tipOcclusionUpdateArea1Start" endNode="tipOcclusionUpdateArea1End" />
    </tipOcclusionUpdateAreas>

    <ai>
        <updateAreas>
            <updateArea startNode="tipOcclusionUpdateArea1Start" endNode="tipOcclusionUpdateArea1End" />
        </updateAreas>
    </ai>

    <infoTrigger triggerNode="infoTrigger"/>

    <dynamicallyLoadedParts>
        <dynamicallyLoadedPart filename="$data/placeables/lizard/productionPoints/dairyEU/props.i3d" node="0" linkNode="propsLinkNode" />
        <dynamicallyLoadedPart filename="$data/placeables/sellingStationGeneric/sellingStationGenericNoCover.i3d" node="0" linkNode="grainGutterLinkNode" />
    </dynamicallyLoadedParts>


    <lights>
        <group weatherRequiredFlags="NIGHT" />

        <sharedLight filename="$data/shared/assets/lights/terraLed/fluorescentTube50W.xml"          linkNode="linkedLight1" groupIndex="1"/>
        <sharedLight filename="$data/shared/assets/lights/terraLed/fluorescentTube50W.xml"          linkNode="linkedLight2" groupIndex="1"/>
        <sharedLight filename="$data/shared/assets/lights/lizard/buildings/industrialWallLight.xml" linkNode="linkedLight3" groupIndex="1"/>
        <sharedLight filename="$data/shared/assets/lights/lizard/buildings/industrialWallLight.xml" linkNode="linkedLight4" groupIndex="1"/>

        <lightShape node="interiorSelfIllum" groupIndex="1"/>
        <lightShape node="interiorSelfIllumLOD" groupIndex="1"/>

        <realLights>
            <low>
                <light node="realLightsLow" groupIndex="1"/>
            </low>
            <high>
                <light node="realLightsHigh" groupIndex="1"/>
            </high>
        </realLights>
    </lights>

    <productionPoint>
        <productions sharedThroughputCapacity="true">
            <production id="stoneLime" name="%s>%s" params="$l10n_fillType_stone|$l10n_fillType_lime" cyclesPerHour="1" costsPerActiveHour="0">
                <inputs>
                    <input fillType="STONE" amount="75000" />
                </inputs>
                <outputs>
                    <output fillType="LIME" amount="75000" />
                </outputs>
            </production>
            <production id="silageFertilizer" name="%s>%s|%s" params="$l10n_fillType_silage|$l10n_fillType_fertilizer|$l10n_fillType_digestate" cyclesPerHour="1" costsPerActiveHour="0">
                <inputs>
                    <input fillType="SILAGE" 	amount="75000" />
                </inputs>
                <outputs>
                    <output fillType="FERTILIZER" 	amount="75000" />
                    <output fillType="DIGESTATE" 	amount="750" />
                </outputs>
            </production>
            <production id="stoneSalt" name="%s>%s" params="$l10n_fillType_stone|$l10n_fillType_roadSalt" cyclesPerHour="1" costsPerActiveHour="0">
                <inputs>
                    <input fillType="STONE" amount="75000" />
                </inputs>
                <outputs>
                    <output fillType="ROADSALT" amount="75000" />
                </outputs>
            </production>
            <production id="saltWaterHerb" name="%s|%s>%s" params="$l10n_fillType_roadSalt|$l10n_fillType_water|$l10n_fillType_herbicide" cyclesPerHour="1" costsPerActiveHour="0">
                <inputs>
                    <input fillType="ROADSALT" amount="15000" />
                    <input fillType="WATER" amount="60000" />
                </inputs>
                <outputs>
                    <output fillType="HERBICIDE" amount="75000" />
                </outputs>
            </production>
            <production id="seedWheat" name="%s|%s>%s" params="$l10n_fillType_fertilizer|$l10n_fillType_wheat|$l10n_fillType_seeds" cyclesPerHour="1" costsPerActiveHour="0">
                <inputs>
                    <input fillType="FERTILIZER" amount="50" />
                    <input fillType="WHEAT" amount="50000" />
                </inputs>
                <outputs>
                    <output fillType="SEEDS" amount="50000" />
                </outputs>
            </production>
            <production id="seedBarley" name="%s|%s>%s" params="$l10n_fillType_fertilizer|$l10n_fillType_barley|$l10n_fillType_seeds" cyclesPerHour="1" costsPerActiveHour="0">
                <inputs>
                    <input fillType="FERTILIZER" amount="50" />
                    <input fillType="BARLEY" amount="50000" />
                </inputs>
                <outputs>
                    <output fillType="SEEDS" amount="50000" />
                </outputs>
            </production>
            <production id="seedOat" name="%s|%s>%s" params="$l10n_fillType_fertilizer|$l10n_fillType_oat|$l10n_fillType_seeds" cyclesPerHour="1" costsPerActiveHour="0">
                <inputs>
                    <input fillType="FERTILIZER" amount="50" />
                    <input fillType="OAT" amount="50000" />
                </inputs>
                <outputs>
                    <output fillType="SEEDS" amount="50000" />
                </outputs>
            </production>
            <production id="seedSoybean" name="%s|%s>%s" params="$l10n_fillType_fertilizer|$l10n_fillType_soybean|$l10n_fillType_seeds" cyclesPerHour="1" costsPerActiveHour="0">
                <inputs>
                    <input fillType="FERTILIZER" amount="50" />
                    <input fillType="SOYBEAN" amount="50000" />
                </inputs>
                <outputs>
                    <output fillType="SEEDS" amount="50000" />
                </outputs>
            </production>
            <production id="seedMaize" name="%s|%s>%s" params="$l10n_fillType_fertilizer|$l10n_fillType_maize|$l10n_fillType_seeds" cyclesPerHour="1" costsPerActiveHour="0">
                <inputs>
                    <input fillType="FERTILIZER" amount="50" />
                    <input fillType="MAIZE" amount="50000" />
                </inputs>
                <outputs>
                    <output fillType="SEEDS" amount="50000" />
                </outputs>
            </production>
        </productions>

        <storage isExtension="false" fillLevelSyncThreshold="50">
            <capacity fillType="WHEAT"       	capacity="750000" />
            <capacity fillType="BARLEY"      	capacity="750000" />
            <capacity fillType="OAT"     		capacity="750000" />
            <capacity fillType="SOYBEAN"     	capacity="750000" />
            <capacity fillType="MAIZE"  		capacity="750000" />
            <capacity fillType="SEEDS"  		capacity="750000" />
            <capacity fillType="FERTILIZER"  	capacity="750000" />
            <capacity fillType="STONE"  		capacity="750000" />
            <capacity fillType="LIME"  			capacity="750000" />
            <capacity fillType="SILAGE"  		capacity="750000" />
            <capacity fillType="DIGESTATE"  	capacity="750000" />
            <capacity fillType="ROADSALT"  		capacity="750000" />
            <capacity fillType="WATER"  		capacity="750000" />
            <capacity fillType="HERBICIDE"  	capacity="750000" />
        </storage>

        <sellingStation supportsExtension="false" >
            <unloadTrigger exactFillRootNode="exactFillRootNode" fillTypes="ROADSALT HERBICIDE WATER SEEDS FERTILIZER LIME WHEAT BARLEY OAT SOYBEAN MAIZE STONE SILAGE DIGESTATE" aiNode="aiUnloadingNode"/>
            <unloadTrigger fillTypes="SILAGE">
                <baleTrigger triggerNode="baleTrigger" deleteLitersPerSecond="50000"/>
            </unloadTrigger>
        </sellingStation>

        <loadingStation node="loadingTrigger" supportsExtension="true" storageRadius="50">
            <loadTrigger triggerNode="loadingTrigger" fillLitersPerSecond="7000" dischargeNode="dischargeNode" fillTypes="SEEDS ROADSALT FERTILIZER LIME WHEAT BARLEY OAT SOYBEAN MAIZE STONE SILAGE" aiNode="aiLoadingNode">
                <effectNode effectClass="PipeEffect" effectNode="pipeEffect"      materialType="pipe"           fadeTime="0.5" maxBending="0" controlPoint="4.8 0 0 0" />
                <effectNode                          effectNode="pipeEffectSmoke" materialType="unloadingSmoke" fadeTime="0.5" />
            </loadTrigger>
            <loadTrigger triggerNode="loadingTrigger2" fillLitersPerSecond="7000" dischargeNode="dischargeNode2" fillTypes="DIGESTATE WATER HERBICIDE" aiNode="aiLoadingNode2">

            </loadTrigger>
        </loadingStation>

        <playerTrigger node="playerTrigger" />

        <sounds>
            <idle template="dairyIdle" linkNode="0>" />
            <active template="dairyWork" linkNode="0>" />
        </sounds>

        <animationNodes>
            <animationNode node="mainRotor1"    rotSpeed="-30" rotAxis="2" turnOnFadeTime="1" turnOffFadeTime="1"/>
            <animationNode node="smallRotor1_1" rotSpeed="-60" rotAxis="2" turnOnFadeTime="1" turnOffFadeTime="1"/>
            <animationNode node="smallRotor1_2" rotSpeed= "60" rotAxis="2" turnOnFadeTime="1" turnOffFadeTime="1"/>
            <animationNode node="mainRotor2"    rotSpeed="-30" rotAxis="2" turnOnFadeTime="1" turnOffFadeTime="1"/>
            <animationNode node="smallRotor2_1" rotSpeed="-60" rotAxis="2" turnOnFadeTime="1" turnOffFadeTime="1"/>
            <animationNode node="smallRotor2_2" rotSpeed= "60" rotAxis="2" turnOnFadeTime="1" turnOffFadeTime="1"/>
            <animationNode node="interiorSeedFertPlane" rotSpeed="-45" rotAxis="2" turnOnFadeTime="1" turnOffFadeTime="1"/>
            <animationNode node="interiorSeedPlane" rotSpeed= "-45" rotAxis="2" turnOnFadeTime="1" turnOffFadeTime="1"/>
        </animationNodes>
    </productionPoint>

    <triggerMarkers>
        <triggerMarker node="markerLoading"   filename="$data/shared/assets/marker/markerIcons.xml" id="LOAD" />
        <triggerMarker node="markerUnloading" filename="$data/shared/assets/marker/markerIcons.xml" id="UNLOAD" />
        <triggerMarker node="playerTriggerMarker" filename="textures/markerIcons.xml" id="PRODUCTION" />
        <triggerMarker node="markerUnloadingliquid" filename="textures/markerIcons.xml" id="LIQUID" />
    </triggerMarkers>

    <hotspots>
        <hotspot type="PRODUCTION_POINT" linkNode="mapPosition" teleportNode="playerTriggerMarker" />
    </hotspots>

<i3dMappings>
  <i3dMapping id="interiorSeedFertPlane" node="0>1|0|0|0|11" />
  <i3dMapping id="interiorSeedPlane" node="0>1|0|0|0|12" />
  <i3dMapping id="baleTrigger" node="0>0|3|4" />
  <i3dMapping id="seedFertLime" node="0>" />
  <i3dMapping id="silo" node="0>0" />
  <i3dMapping id="mapPosition" node="0>0|0" />
  <i3dMapping id="storage" node="0>0|1" />
  <i3dMapping id="loadingStation" node="0>0|2" />
  <i3dMapping id="loadingTriggers" node="0>0|2|0" />
  <i3dMapping id="loadingTrigger" node="0>0|2|0|0" />
  <i3dMapping id="dischargeNode" node="0>0|2|0|1" />
  <i3dMapping id="dischargeEffect" node="0>0|2|0|2" />
  <i3dMapping id="pipeEffect" node="0>0|2|0|2|0" />
  <i3dMapping id="pipeEffectSmoke" node="0>0|2|0|2|1" />
  <i3dMapping id="aiLoadingNode" node="0>0|2|0|3" />
  <i3dMapping id="markerLoading" node="0>0|2|1" />
  <i3dMapping id="unloadingStation" node="0>0|3" />
  <i3dMapping id="exactFillRootNode" node="0>0|3|0" />
  <i3dMapping id="grainGutterLinkNode" node="0>0|3|1" />
  <i3dMapping id="aiUnloadingNode" node="0>0|3|2" />
  <i3dMapping id="markerUnloading" node="0>0|3|3" />
  <i3dMapping id="aiSpline" node="0>0|4" />
  <i3dMapping id="loadingStation2" node="0>0|5" />
  <i3dMapping id="loadingTriggers2" node="0>0|5|0" />
  <i3dMapping id="loadingTrigger2" node="0>0|5|0|0" />
  <i3dMapping id="dischargeNode2" node="0>0|5|0|1" />
  <i3dMapping id="aiLoadingNode2" node="0>0|5|0|2" />
  <i3dMapping id="markerUnloadingliquid" node="0>0|5|1" />
  <i3dMapping id="visual" node="0>1" />
  <i3dMapping id="LOD0" node="0>1|0" />
  <i3dMapping id="dairyEU_vis" node="0>1|0|0" />
  <i3dMapping id="interior" node="0>1|0|0|0" />
  <i3dMapping id="interiorLights" node="0>1|0|0|0|0" />
  <i3dMapping id="interiorSeed" node="0>1|0|0|0|1" />
  <i3dMapping id="interiorMeshes" node="0>1|0|0|0|2" />
  <i3dMapping id="curtains" node="0>1|0|0|0|3" />
  <i3dMapping id="garageDoors" node="0>1|0|0|0|4" />
  <i3dMapping id="industrialWindows" node="0>1|0|0|0|5" />
  <i3dMapping id="doors" node="0>1|0|0|0|6" />
  <i3dMapping id="glass" node="0>1|0|0|0|7" />
  <i3dMapping id="logos" node="0>1|0|0|0|8" />
  <i3dMapping id="logoDecals01" node="0>1|0|0|0|8|0" />
  <i3dMapping id="logoDecals02" node="0>1|0|0|0|8|1" />
  <i3dMapping id="mainRotor1" node="0>1|0|0|0|9" />
  <i3dMapping id="smallRotor1_1" node="0>1|0|0|0|9|0" />
  <i3dMapping id="smallRotor1_2" node="0>1|0|0|0|9|1" />
  <i3dMapping id="mainRotor2" node="0>1|0|0|0|10" />
  <i3dMapping id="smallRotor2_1" node="0>1|0|0|0|10|0" />
  <i3dMapping id="smallRotor2_2" node="0>1|0|0|0|10|1" />
  <i3dMapping id="illum" node="0>1|0|0|1" />
  <i3dMapping id="interiorSelfIllum" node="0>1|0|0|1|0" />
  <i3dMapping id="grungeDecals" node="0>1|0|0|2" />
  <i3dMapping id="winter" node="0>1|0|0|3" />
  <i3dMapping id="icicles" node="0>1|0|0|3|0" />
  <i3dMapping id="snow" node="0>1|0|0|3|1" />
  <i3dMapping id="tiles" node="0>1|0|0|4" />
  <i3dMapping id="propsLinkNode" node="0>1|0|1" />
  <i3dMapping id="LOD1" node="0>1|1" />
  <i3dMapping id="dairyEU_vis_LOD" node="0>1|1|0" />
  <i3dMapping id="tiles_LOD" node="0>1|1|0|0" />
  <i3dMapping id="interiorSelfIllumLOD" node="0>1|1|0|1" />
  <i3dMapping id="glass_LOD" node="0>1|1|0|2" />
  <i3dMapping id="doors_LOD" node="0>1|1|0|3" />
  <i3dMapping id="industrialWindows_LOD" node="0>1|1|0|4" />
  <i3dMapping id="garageDoors_LOD" node="0>1|1|0|5" />
  <i3dMapping id="interiorCheese_LOD" node="0>1|1|0|6" />
  <i3dMapping id="occluderMesh" node="0>1|2" />
  <i3dMapping id="uniaAga16m" node="0>1|3" />
  <i3dMapping id="silosExtra" node="0>1|4" />
  <i3dMapping id="clearArea1Start" node="0>2|0" />
  <i3dMapping id="clearArea1Width" node="0>2|1" />
  <i3dMapping id="clearArea1Height" node="0>2|2" />
  <i3dMapping id="clearArea2Start" node="0>2|3" />
  <i3dMapping id="clearArea2Width" node="0>2|4" />
  <i3dMapping id="clearArea2Height" node="0>2|5" />
  <i3dMapping id="clearArea3Start" node="0>2|6" />
  <i3dMapping id="clearArea3Width" node="0>2|7" />
  <i3dMapping id="clearArea3Height" node="0>2|8" />
  <i3dMapping id="levelArea1Start" node="0>3|0" />
  <i3dMapping id="levelArea1Width" node="0>3|1" />
  <i3dMapping id="levelArea1Height" node="0>3|2" />
  <i3dMapping id="levelArea2Start" node="0>3|3" />
  <i3dMapping id="levelArea2Width" node="0>3|4" />
  <i3dMapping id="levelArea2Height" node="0>3|5" />
  <i3dMapping id="levelArea3Start" node="0>3|6" />
  <i3dMapping id="levelArea3Width" node="0>3|7" />
  <i3dMapping id="levelArea3Height" node="0>3|8" />
  <i3dMapping id="indoorAreas" node="0>4" />
  <i3dMapping id="indoorArea1Start" node="0>4|0" />
  <i3dMapping id="indoorArea1Width" node="0>4|0|0" />
  <i3dMapping id="indoorArea1Height" node="0>4|0|1" />
  <i3dMapping id="testAreas" node="0>5" />
  <i3dMapping id="testArea1Start" node="0>5|0" />
  <i3dMapping id="testArea1End" node="0>5|0|0" />
  <i3dMapping id="tipOcclusionUpdateAreas" node="0>6" />
  <i3dMapping id="tipOcclusionUpdateArea1Start" node="0>6|0" />
  <i3dMapping id="tipOcclusionUpdateArea1End" node="0>6|0|0" />
  <i3dMapping id="infoTrigger" node="0>7" />
  <i3dMapping id="collisions" node="0>8" />
  <i3dMapping id="collision" node="0>8|0" />
  <i3dMapping id="tipCollision" node="0>8|1" />
  <i3dMapping id="lights" node="0>9" />
  <i3dMapping id="realLights" node="0>9|0" />
  <i3dMapping id="realLightsLow" node="0>9|0|0" />
  <i3dMapping id="pointLightLow" node="0>9|0|0|0" />
  <i3dMapping id="pointLightLow1" node="0>9|0|0|1" />
  <i3dMapping id="pointLight5" node="0>9|0|0|2" />
  <i3dMapping id="pointLight6" node="0>9|0|0|3" />
  <i3dMapping id="pointLight7" node="0>9|0|0|4" />
  <i3dMapping id="pointLight8" node="0>9|0|0|5" />
  <i3dMapping id="realLightsHigh" node="0>9|0|1" />
  <i3dMapping id="pointLightLow2" node="0>9|0|1|0" />
  <i3dMapping id="pointLightLow3" node="0>9|0|1|1" />
  <i3dMapping id="pointLight01" node="0>9|0|1|2" />
  <i3dMapping id="pointLight02" node="0>9|0|1|3" />
  <i3dMapping id="pointLight03" node="0>9|0|1|4" />
  <i3dMapping id="pointLight04" node="0>9|0|1|5" />
  <i3dMapping id="pointLight05" node="0>9|0|1|6" />
  <i3dMapping id="spotLightHigh" node="0>9|0|1|7" />
  <i3dMapping id="spotLightHigh1" node="0>9|0|1|8" />
  <i3dMapping id="spotLightHighLinked1" node="0>9|0|1|9" />
  <i3dMapping id="spotLightHighLinked2" node="0>9|0|1|10" />
  <i3dMapping id="spotLightHighLinked3" node="0>9|0|1|11" />
  <i3dMapping id="spotLightHighLinked4" node="0>9|0|1|12" />
  <i3dMapping id="pointLight1" node="0>9|0|1|13" />
  <i3dMapping id="pointLight2" node="0>9|0|1|14" />
  <i3dMapping id="pointLight3" node="0>9|0|1|15" />
  <i3dMapping id="pointLight4" node="0>9|0|1|16" />
  <i3dMapping id="linkedLights" node="0>9|1" />
  <i3dMapping id="linkedLight1" node="0>9|1|0" />
  <i3dMapping id="linkedLight2" node="0>9|1|1" />
  <i3dMapping id="linkedLight3" node="0>9|1|2" />
  <i3dMapping id="linkedLight4" node="0>9|1|3" />
  <i3dMapping id="lightSwitch" node="0>9|2" />
  <i3dMapping id="productionPoint" node="0>11" />
  <i3dMapping id="playerTrigger" node="0>11|0" />
  <i3dMapping id="playerTriggerMarker" node="0>11|0|0" />
  <i3dMapping id="tourIcon" node="0>11|1" />
</i3dMappings>
</placeable>
