<?xml version="1.0" encoding="utf-8" standalone="no" ?>
<modDesc descVersion="77">
    <author>BDBSSB</author>
    <version>1.0.0.0</version>
    <title>
        <en>Lime Fertilizer Salt Herbicide Seed Production</en>
        <de>Kalk Düngemittel Salz Herbizid Saatgutproduktion</de>
        <fr>Chaux Engrais Sel Herbicide Production De Semences</fr>
    </title>
    <description>
<en>
<![CDATA[Lime Fertilizer Salt Herbicide Seed Production

This building accepts silage, water, stone, wheat, barley, soybean, corn, and will produce lime, solid fertilizer, road salt, herbiced, and seed.
This building will accept pallets however does not produce pallets.
This building will accept silage bales however it will not produce a bale back.  It will need to be loaded in to a trailer that accepts silage.
All input or output product can be loaded to any tool that is compatible with such product.

Production - Factories
Price: $80,000
Daily Maintenance: $30/day

Recipe:
Lime
Input - Stone
Output - Lime 75,000L per hour

Solid Fertilizer
Input - Silage
Output - Fertilizer 75,000L per hour
Output - Digestate 750L per hour

Road Salt
Input - Stone
Output  Road Salt 75,000L per hour

Herbicide
Input - Road Salt 1.5L
Input - Water 6.0L
Output - Herbicide 75,000L per hour

Seed
Input - Fertilizer 5L
Input - Wheat 5,000L
Output - Seeds 50,000L per hour

Seed
Input - Fertilizer 5L
Input - Barley 5,000L
Output - Seeds 50,000L per hour

Seed
Input - Fertilizer 5L
Input - Oat 5,000L
Output - Seeds 50,000L per hour

Seed
Input - Fertilizer 5L
Input - Soybeans 5,000L
Output - Seeds 50,000L per hour

Seed
Input - Fertilizer 5L
Input - Corn 5,000L
Output - Seeds 50,000L per hour

Capacities:
All product 750,000L

]]>
</en>
<de>
<![CDATA[Kalk Düngemittel Salz Herbizid Saatgutproduktion

Dieses Gebäude nimmt Silage, Wasser, Steine, Weizen, Gerste, Sojabohnen und Mais an und produziert Kalk, festen Dünger, Streusalz, Kräuter und Saatgut.
Dieses Gebäude nimmt Paletten an, produziert jedoch keine Paletten.
Dieses Gebäude nimmt Silageballen an, produziert jedoch keine Ballen zurück.  Sie müssen in einen Anhänger geladen werden, der Silage annimmt.
Alle Eingangs- oder Ausgangsprodukte können in jedes Werkzeug geladen werden, das mit diesen Produkten kompatibel ist.

Produktion - Fabriken
Preis: $80,000
Tägliche Wartung: $30/Tag

Rezeptur:
Kalk
Input - Stein
Output - Kalk 75,000L pro Stunde

Fester Dünger
Input - Silage
Output - Dünger 75,000 l pro Stunde
Output - Gärreste 750 l pro Stunde

Streusalz
Input - Stein
Output Streusalz 75,000 l pro Stunde

Herbizid
Input - Streusalz 1.5L
Eingang - Wasser 6.0L
Leistung - Herbizid 75,000 l pro Stunde

Saatgut
Eingang - Dünger 5L
Input - Weizen 5,000L
Output - Saatgut 50.000 l pro Stunde

Saatgut
Input - Düngemittel 5L
Eingang - Gerste 5,000L
Output - Saatgut 50,000L pro Stunde

Saatgut
Input - Düngemittel 5L
Input - Hafer 5,000L
Output - Saatgut 50,000L pro Stunde

Saatgut
Input - Düngemittel 5L
Input - Sojabohnen 5,000L
Output - Saatgut 50,000L pro Stunde

Saatgut
Input - Düngemittel 5L
Eingang - Mais 5,000L
Output - Saatgut 50,000L pro Stunde

Kapazitäten:
Alle Produkte 750,000L
]]>
</de>
<fr><![CDATA[Chaux Engrais Sel Herbicide Production De Semences

Ce bâtiment accepte l'ensilage, l'eau, la pierre, le blé, l'orge, le soja, le maïs et produit de la chaux, des engrais solides, du sel de déneigement, de l'herbe et des semences.
Ce bâtiment accepte les palettes mais n'en produit pas.
Ce bâtiment accepte les balles d'ensilage mais ne produit pas de balles de retour.  Il devra être chargé dans une remorque qui accepte l'ensilage.
Tous les produits d'entrée ou de sortie peuvent être chargés dans n'importe quel outil compatible avec ces produits.

Production - Usines
Prix : 80,000
Entretien quotidien : 30 $/jour

Recette :
Chaux
Entrée - Pierre
Production - Chaux 75,000 L par heure

Engrais solide
Entrée - ensilage
Sortie - engrais 75,000 litres par heure
Sortie - Digestat 750L par heure

Sel de déneigement
Entrée - Pierre
Sortie - sel de déneigement 75,000L par heure

Herbicide
Entrée - sel de déneigement 1.5L
Entrée - Eau 6.0L
Sortie - Herbicide 75,000L par heure

Semences
Entrée - Engrais 5L
Entrée - Blé 5.000L
Sortie - Semences 50.000L par heure

Semences
Entrée - Engrais 5L
Entrée - Orge 5.000L
Sortie - Semences 50.000L par heure

Semences
Entrée - Engrais 5L
Intrant - Avoine 5.000L
Sortie - Semences 50,000L par heure

Semences
Entrée - Engrais 5L
Intrant - Soja 5.000L
Sortie - Semences 50,000L par heure

Semences
Entrée - Engrais 5L
Entrée - Maïs 5.000L
Sortie - Semences 50,000L par heure

Capacités :
Tous les produits 750.000L
]]>
</fr>

    </description>
	<l10n>		
		<text name="name_cropPrepBd">
		<en>Lime Fertilizer Salt Herbicide Seed Production</en>
        <de>Kalk Düngemittel Salz Herbizid Saatgutproduktion</de>
        <fr>Chaux Engrais Sel Herbicide Production de semences</fr>
		</text>
	</l10n>	
	
	 
	
    <iconFilename>icon_fertLimeSeed.dds</iconFilename>
    <multiplayer supported="true" />

    <storeItems>
        <storeItem xmlFilename="fertLimeSeed.xml" />
    </storeItems>
</modDesc>
