<?xml version="1.0" encoding="utf-8" standalone="no" ?>
<placeable type="productionPoint" xmlns:xsi="http://www.w3.org/2001/XMLSchema-instance" xsi:noNamespaceSchemaLocation="../../../../../shared/xml/schema/placeable.xsd">
    <storeData>
        <name>
		<en>Universal Crusher</en>
		<de>Universal-Brecher</de>		
		</name>
        <functions>
        <function>
		<en>Stones and wood are crushed here. Sand is packed in bags</en>
		<de>Steine und Holz werden hier zerkleinert. Sand wird in Säcken abgefüllt</de>
		</function>
        </functions>
        <image>store_Crusher.dds</image>
        <price>75000</price>
        <lifetime>1000</lifetime>
        <rotation>0</rotation>
        <brand>LIZARD</brand>
        <species>placeable</species>
        <category>productionPoints</category>
        <brush>
            <type>placeable</type>
            <category>production</category>
            <tab>factories</tab>
        </brush>
		
	
        <vertexBufferMemoryUsage>834304</vertexBufferMemoryUsage>
        <indexBufferMemoryUsage>126976</indexBufferMemoryUsage>
        <textureMemoryUsage>3080192</textureMemoryUsage>
        <audioMemoryUsage>0</audioMemoryUsage>
        <instanceVertexBufferMemoryUsage>0</instanceVertexBufferMemoryUsage>
        <instanceIndexBufferMemoryUsage>0</instanceIndexBufferMemoryUsage>
    </storeData>

    <base>
        <filename>Crusher.i3d</filename>
        <canBeRenamed>true</canBeRenamed>
        <buysFarmland>true</buysFarmland>
    </base>

    <placement useRandomYRotation="false" useManualYRotation="true" >
        <testAreas>
            <testArea startNode="testArea1Start" endNode="testArea1End" />
        </testAreas>
		<sounds>
            <active template="debrisCrusherWork" linkNode="roll" />
			<active template="DEFAULT_REFUEL_SOUND" linkNode="roll2" />
			<place template="smallImp"/>
        </sounds>
    </placement>

    <clearAreas>
        <clearArea startNode="clearArea1Start" widthNode="clearArea1Width" heightNode="clearArea1Height"/>
        <clearArea startNode="clearArea2Start" widthNode="clearArea2Width" heightNode="clearArea2Height"/>
    </clearAreas>

    <leveling requireLeveling="true" maxSmoothDistance="10" maxSlope="45" maxEdgeAngle="10" >
        <levelAreas>
            <levelArea startNode="levelArea1Start" widthNode="levelArea1Width" heightNode="levelArea1Height" groundType="asphalt"/>
            <levelArea startNode="levelArea2Start" widthNode="levelArea2Width" heightNode="levelArea2Height" groundType="asphalt"/>
        </levelAreas>
    </leveling>

    <indoorAreas/>

    <tipOcclusionUpdateAreas>
        <tipOcclusionUpdateArea startNode="tipOcclusionUpdateArea1Start" endNode="tipOcclusionUpdateArea1End" />
    </tipOcclusionUpdateAreas>

    <ai>
        <updateAreas>
            <updateArea startNode="tipOcclusionUpdateArea1Start" endNode="tipOcclusionUpdateArea1End" />
        </updateAreas>
    </ai>

    <infoTrigger triggerNode="infoTrigger"/>

    <triggerMarkers>
        <triggerMarker node="unloadTriggerUpperMarker" filename="$data/shared/assets/marker/markerIcons.xml" id="UNLOAD" />
        <triggerMarker node="unloadTriggerLowerMarker" filename="$data/shared/assets/marker/markerIcons.xml" id="UNLOAD" adjustToGround="true" />
		<triggerMarker node="playerTriggerMarker" 	   filename="$data/shared/assets/marker/markerIcons.xml" id="WRENCH" adjustToGround="true" />
        <triggerMarker node="woodSellTriggerMarker" filename="$data/shared/assets/marker/markerIcons.xml" id="EXCLAMATION_MARK" adjustToGround="true" />
        <triggerMarker node="markerWater" filename="$data/shared/assets/marker/markerIcons.xml" id="WATER" />
    </triggerMarkers>

    <hotspots>
        <hotspot type="PRODUCTION_POINT" linkNode="playerTriggerMarker" teleportNode="playerTriggerMarker" />
    </hotspots>
	
	<dynamicallyLoadedParts>
        <dynamicallyLoadedPart filename="sellingStationGeneric.i3d" node="0" linkNode="unloadTriggerLowerAINode" />
    </dynamicallyLoadedParts>

	
	<productionPoint>
		<productions sharedThroughputCapacity="false"> 
			<production id="Lime and Ore Production" name="$l10n_name_production" cyclesPerHour="20" costsPerActiveHour="5">
                <inputs>
                    <input fillType="STONE" amount="500" />
					<input fillType="WATER" amount="300" />
                </inputs>
                <outputs>
                    <output fillType="LIME" amount="150" />
					<output fillType="IRONORE" amount="50" />
					<output fillType="GRAVEL" amount="180" />
					<output fillType="GOLDORE" amount="40" />
					<output fillType="COPPERORE" amount="80" />
                </outputs>
            </production>
			<production id="Lime Production" name="$l10n_name_productiona" cyclesPerHour="10" costsPerActiveHour="5">
                <inputs>
                    <input fillType="LIMESTONE" amount="500" />
					<input fillType="WATER" amount="200" />
                </inputs>
                <outputs>
                    <output fillType="LIME" amount="450" />
                </outputs>
            </production>
			<production id="Sandbag Filling" name="$l10n_name_sandBagFilling" cyclesPerHour="10" costsPerActiveHour="3" fillUnitIndex="3">
                <inputs>
                    <input fillType="SAND" amount="500" />
                </inputs>
                <outputs>
                    <output fillType="INDUSTRIELSAND" amount="300" />
                    <output fillType="PLAYSAND" amount="150"/>
                    <output fillType="QUARTZSAND" amount="50" />
                </outputs>
            </production>
			<production id="Woodchips Production" name="$l10n_name_productionb" cyclesPerHour="20" costsPerActiveHour="3">
                <inputs>
					<input fillType="WOOD" amount="500" />
                </inputs>
                <outputs>
					<output fillType="WOODCHIPS" amount="490" />
                </outputs>
            </production>			
		</productions>


    <sellingStation appearsOnStats="true" node="sellingStation" supportsExtension="false" >
        <unloadTrigger exactFillRootNode="unloadTriggerUpper" fillTypes="STONE LIME WATER IRONORE WOOD WOODCHIPS GRAVEL LIMESTONE SAND INDUSTRIELSAND PLAYSAND QUARTZSAND GOLDORE COPPERORE GOLD COPPER"  /> 
        <unloadTrigger exactFillRootNode="unloadTriggerLower" fillTypes="STONE LIME WATER IRONORE WOOD WOODCHIPS GRAVEL LIMESTONE SAND INDUSTRIELSAND PLAYSAND QUARTZSAND GOLDORE COPPERORE GOLD COPPER" aiNode="unloadTriggerLowerAINode"/>
            <unloadTrigger fillTypes="WOOD WOODCHIPS">
                <woodTrigger triggerNode="woodTrigger" activationTriggerNode="woodSellTrigger"/>
            </unloadTrigger>
        <fillType name="STONE"         priceScale="1" supportsGreatDemand="true" disablePriceDrop="false" />
		<fillType name="LIMESTONE"     priceScale="1" supportsGreatDemand="true" disablePriceDrop="false" />
        <fillType name="WOOD"          priceScale="1" supportsGreatDemand="true" disablePriceDrop="false" />
        <fillType name="SAND"          priceScale="1" supportsGreatDemand="true" disablePriceDrop="false" />
        <fillType name="INDUSTRIELSAND"       priceScale="1" supportsGreatDemand="true" disablePriceDrop="false" />
        <fillType name="PLAYSAND"   priceScale="1" supportsGreatDemand="true" disablePriceDrop="false" />
        <fillType name="QUARTZSAND"   priceScale="1" supportsGreatDemand="true" disablePriceDrop="false" />
        <fillType name="LIME"          priceScale="1" supportsGreatDemand="true" disablePriceDrop="false" />
        <fillType name="GOLD"          priceScale="1" supportsGreatDemand="true" disablePriceDrop="false" />
        <fillType name="GOLDORE"          priceScale="1" supportsGreatDemand="true" disablePriceDrop="false" />
        <fillType name="COPPER"          priceScale="1" supportsGreatDemand="true" disablePriceDrop="false" />
        <fillType name="COPPERORE"          priceScale="1" supportsGreatDemand="true" disablePriceDrop="false" />
        <effectNodes>
            <effectNode effectNode="effectSmoke" materialType="unloadingSmoke" />
			
        </effectNodes>

        <animationNodes>
            <animationNode node="roll" rotSpeed="-40" rotAxis="1" />
            <animationNode node="roll2" rotSpeed="160" rotAxis="1" />
        </animationNodes>
    </sellingStation>	
	    	  
	  <loadingStation>
			<loadTrigger triggerNode="loadingTrigger" fillTypes="STONE LIME WOOD WOODCHIPS WATER IRONORE GRAVEL LIMESTONE SAND INDUSTRIELSAND PLAYSAND QUARTZSAND GOLDORE COPPERORE" fillLitersPerSecond="1000" dischargeNode="dischargeNode" aiNode="aiNodeLoading" >
				<effectNode effectNode="grain" materialType="unloading" materialTypeId="3" fadeTime="0.5" />
				<effectNode effectNode="smoke" materialType="smoke"     materialTypeId="1" fadeTime="0.5" />
			</loadTrigger>
        </loadingStation>
		
		<palletSpawner>
			<pallets>
				<pallet filename="pallets/sandBagPallet.xml"/>
				<pallet filename="pallets/playSandBagPallet.xml"/>
				<pallet filename="pallets/quartzSandBagPallet.xml"/>
				<pallet filename="pallets/fillablePallet.xml"/>
			</pallets>
            <spawnPlaces>
                <spawnPlace startNode="spawnSpace1start" />
				<spawnPlace startNode="spawnSpace2start" />
				<spawnPlace startNode="spawnSpace3start" />
				<spawnPlace startNode="spawnSpace4start" />
            </spawnPlaces>
        </palletSpawner>

        <storage isExtension="false" fillLevelSyncThreshold="100">            
			<capacity fillType="STONE"           capacity="150000" />      
			<capacity fillType="WOOD"           capacity="150000" />  
			<capacity fillType="WOODCHIPS"           capacity="150000" />
            <capacity fillType="LIME"            capacity="100000" />
            <capacity fillType="WATER"            capacity="60000" />
            <capacity fillType="IRONORE"    capacity="150000" />
            <capacity fillType="GRAVEL"    capacity="150000" />
            <capacity fillType="LIMESTONE"    capacity="150000" />
            <capacity fillType="SAND"    capacity="150000" />
            <capacity fillType="INDUSTRIELSAND"    capacity="150000" />
            <capacity fillType="PLAYSAND"    capacity="150000" />
            <capacity fillType="QUARTZSAND"    capacity="150000" />
            <capacity fillType="GOLDORE"    capacity="150000" />
            <capacity fillType="COPPERORE"    capacity="150000" />
        </storage>
		
		<sellingStation node="sellingStation" supportsExtension="false">
            <unloadTrigger exactFillRootNode="unloadTriggerLower" aiNode="unloadTriggerLowerAINode" fillTypes="STONE LIME WOOD WOODCHIPS WATER IRONORE GRAVEL LIMESTONE SAND INDUSTRIELSAND PLAYSAND QUARTZSAND GOLDORE COPPERORE"/>
        </sellingStation>
				
		<playerTrigger node="playerTrigger" />
		 
	</productionPoint>	
		
	

    <i3dMappings>
		<i3dMapping id="dischargeNode" node="0>2|1|1" />
		<i3dMapping id="grain" node="0>2|1|3|0" />
    	<i3dMapping id="smoke" node="0>2|1|3|1" />		
		
        <i3dMapping id="clearArea1Start" node="0>0|0|0" />
        <i3dMapping id="clearArea1Width" node="0>0|0|0|0" />
        <i3dMapping id="clearArea1Height" node="0>0|0|0|1" />
        <i3dMapping id="clearArea2Start" node="0>0|0|1" />
        <i3dMapping id="clearArea2Width" node="0>0|0|1|0" />
        <i3dMapping id="clearArea2Height" node="0>0|0|1|1" />
        <i3dMapping id="levelArea1Start" node="0>0|1|0" />
        <i3dMapping id="levelArea1Width" node="0>0|1|0|0" />
        <i3dMapping id="levelArea1Height" node="0>0|1|0|1" />
        <i3dMapping id="levelArea2Start" node="0>0|1|1" />
        <i3dMapping id="levelArea2Width" node="0>0|1|1|0" />
        <i3dMapping id="levelArea2Height" node="0>0|1|1|1" />
        <i3dMapping id="testArea1Start" node="0>0|3|0" />
        <i3dMapping id="testArea1End" node="0>0|3|0|0" />
        <i3dMapping id="tipOcclusionUpdateArea1Start" node="0>0|4|0" />
        <i3dMapping id="tipOcclusionUpdateArea1End" node="0>0|4|0|0" />
        <i3dMapping id="sellingStation" node="0>0|7" />
        <i3dMapping id="unloadTriggerUpper" node="0>0|7|0" />
        <i3dMapping id="unloadTriggerUpperMarker" node="0>0|7|1" />
        <i3dMapping id="unloadTriggerLower" node="0>0|7|2" />
        <i3dMapping id="unloadTriggerLowerAINode" node="0>0|7|3" />
        <i3dMapping id="unloadTriggerLowerMarker" node="0>0|7|4" />		
        <i3dMapping id="woodTrigger" node="0>0|7|5" />
        <i3dMapping id="woodSellTrigger" node="0>0|7|6" />
        <i3dMapping id="woodSellTriggerMarker" node="0>0|7|6|0" />  
        <i3dMapping id="markerWater" node="0>0|7|7" />    
        <i3dMapping id="teleportNode" node="0>0|7|8" />
        <i3dMapping id="roll" node="0>0|8|5" />
        <i3dMapping id="roll2" node="0>2|4" />
        <i3dMapping id="effectSmoke" node="0>0|9|0" />
		<i3dMapping id="loadingTrigger" node="0>2|1|0" />
        <i3dMapping id="aiNodeLoading" node="0>2|1|2" />
        <i3dMapping id="infoTrigger" node="0>0|5" />
		<i3dMapping id="playerTrigger" node="0>3|0" />
		<i3dMapping id="playerTriggerMarker" node="0>3|0|0" />	
        <i3dMapping id="spawnSpace1start" node="0>4|0" />
		<i3dMapping id="spawnSpace2start" node="0>4|1" />
		<i3dMapping id="spawnSpace3start" node="0>4|2" />
		<i3dMapping id="spawnSpace4start" node="0>4|3" /> 
		<i3dMapping id="warningStripes" node="0>4|4" />	
		
    </i3dMappings>
</placeable>
