﻿<?xml version="1.0" encoding="utf-8" standalone="no" ?>
<map>
    <densityMapHeightTypes firstChannel="0" numChannels="6">
		
		<!-- New Fill Types -->
		<densityMapHeightType fillTypeName="LIMESTONE" maxSurfaceAngle="40" fillToGroundScale="1.0" allowsSmoothing="true" >
            <collision scale="1.0" baseOffset="0.10" minOffset="0.20" maxOffset="0.60" />
        </densityMapHeightType>
		<densityMapHeightType fillTypeName="GRAVEL" maxSurfaceAngle="40" fillToGroundScale="1.0" allowsSmoothing="true" >
            <collision scale="0.9" baseOffset="0.10" minOffset="0.20" maxOffset="0.60" />
        </densityMapHeightType>
		<densityMapHeightType fillTypeName="SAND" maxSurfaceAngle="40" fillToGroundScale="1.0" allowsSmoothing="true" >
            <collision scale="0.9" baseOffset="0.10" minOffset="0.20" maxOffset="0.60" />
        </densityMapHeightType>	
		<densityMapHeightType fillTypeName="INDUSTRIELSAND" maxSurfaceAngle="40" fillToGroundScale="1.0" allowsSmoothing="true" >
            <collision scale="0.9" baseOffset="0.10" minOffset="0.20" maxOffset="0.60" />
        </densityMapHeightType>	
		<densityMapHeightType fillTypeName="PLAYSAND" maxSurfaceAngle="40" fillToGroundScale="1.0" allowsSmoothing="true" >
            <collision scale="0.9" baseOffset="0.10" minOffset="0.20" maxOffset="0.60" />
        </densityMapHeightType>	
		<densityMapHeightType fillTypeName="QUARTZSAND" maxSurfaceAngle="40" fillToGroundScale="1.0" allowsSmoothing="true" >
            <collision scale="0.9" baseOffset="0.10" minOffset="0.20" maxOffset="0.60" />
        </densityMapHeightType>	
		<densityMapHeightType fillTypeName="IRONORE" maxSurfaceAngle="40" fillToGroundScale="1.0" allowsSmoothing="true" >
            <collision scale="1.0" baseOffset="0.10" minOffset="0.20" maxOffset="0.60" />
        </densityMapHeightType>
		<densityMapHeightType fillTypeName="GOLDORE" maxSurfaceAngle="40" fillToGroundScale="1.0" allowsSmoothing="true" >
            <collision scale="1.0" baseOffset="0.10" minOffset="0.20" maxOffset="0.60" />
        </densityMapHeightType>
		<densityMapHeightType fillTypeName="COPPERORE" maxSurfaceAngle="40" fillToGroundScale="1.0" allowsSmoothing="true" >
            <collision scale="1.0" baseOffset="0.10" minOffset="0.20" maxOffset="0.60" />
        </densityMapHeightType>
		<densityMapHeightType fillTypeName="GOLD" maxSurfaceAngle="40" fillToGroundScale="1.0" allowsSmoothing="true" >
            <collision scale="1.0" baseOffset="0.10" minOffset="0.20" maxOffset="0.60" />
        </densityMapHeightType>
		<densityMapHeightType fillTypeName="COPPER" maxSurfaceAngle="40" fillToGroundScale="1.0" allowsSmoothing="true" >
            <collision scale="1.0" baseOffset="0.10" minOffset="0.20" maxOffset="0.60" />
        </densityMapHeightType>
		<!-- New Fill Types -->
		
    </densityMapHeightTypes>
</map>
