﻿<?xml version="1.0" encoding="utf-8" standalone="no" ?>
<map xmlns:xsi="http://www.w3.org/2001/XMLSchema-instance" xsi:noNamespaceSchemaLocation="../../shared/xml/schema/fillTypes.xsd">
    
	 <fillTypes>
        <fillType name="IRONORE" title="$l10n_fillType_ironOre" showOnPriceTable="true">
            <physics massPerLiter="1.85" maxPhysicalSurfaceAngle="38" />
            <economy pricePerLiter="0.10">
            </economy>
            <pallet     filename="$data/objects/pallets/fillablePallet/fillablePallet.xml" />
            <image hud="textures/decal_ironOre.png" />
            <textures   diffuse ="textures/ironOre_diffuse.png"
                        normal  ="$data/fillPlanes/stone_normal.png"
                        specular="$data/fillPlanes/stone_specular.png"
                        distance="$data/fillPlanes/distance/genericSeedDistance_diffuse.png" />
        </fillType>
		<fillType name="LIMESTONE" title="$l10n_fillType_limestone" showOnPriceTable="true" achievementName="DeliveryStones" unitShort="$l10n_unit_literShort">
            <physics massPerLiter="1.85" maxPhysicalSurfaceAngle="35" />
            <economy pricePerLiter="0.15" />
            <pallet     filename="$data/objects/pallets/fillablePallet/fillablePallet.xml" />
            <image      hud     ="huds/hud_fill_limestone.png" />
            <textures   diffuse ="textures/fillplanes/limestone_diffuse.dds"
                        normal  ="textures/fillplanes/limestone_normal.dds"
                        specular="textures/fillplanes/limestone_specular.png"
                        distance="$data/fillPlanes/distance/stoneDistance_diffuse.png" />
        </fillType>	
		<fillType name="GRAVEL" title="$l10n_fillType_gravel" showOnPriceTable="true" achievementName="DeliveryStones" unitShort="$l10n_unit_literShort">
            <physics massPerLiter="1.85" maxPhysicalSurfaceAngle="35" />
            <economy pricePerLiter="0.16" />
            <pallet     filename="$data/objects/pallets/fillablePallet/fillablePallet.xml" />
            <image      hud     ="huds/hud_fill_gravel.png" />
            <textures   diffuse ="textures/fillplanes/gravel_diffuse.dds"
                        normal  ="textures/fillplanes/gravel_normal.dds"
                        specular="textures/fillplanes/gravel_specular.png"
                        distance="$data/fillPlanes/distance/stoneDistance_diffuse.png" />
        </fillType>	
		<fillType name="LIME" title="$l10n_fillType_lime" showOnPriceTable="true" unitShort="$l10n_unit_literShort">
            <physics massPerLiter="1.85" maxPhysicalSurfaceAngle="15" />
            <economy pricePerLiter="0.14" />
            <pallet     filename="$data/objects/pallets/fillablePallet/fillablePallet.xml" />
            <image      hud     ="$dataS/menu/hud/fillTypes/hud_fill_lime.png" />
            <textures   diffuse ="$data/fillPlanes/lime_diffuse.png"
                        normal  ="$data/fillPlanes/lime_normal.png"
                        specular="$data/fillPlanes/lime_specular.png"
                        distance="$data/fillPlanes/distance/limeDistance_diffuse.png" />
        </fillType>	
		<fillType name="SAND" title="$l10n_fillType_sand" showOnPriceTable="true" achievementName="DeliveryStones" unitShort="$l10n_unit_literShort">
            <physics massPerLiter="1.85" maxPhysicalSurfaceAngle="35" />
            <economy pricePerLiter="0.11" />
            <pallet     filename="$data/objects/pallets/fillablePallet/fillablePallet.xml" />
            <image      hud     ="huds/hud_fill_sand.png" />
            <textures   diffuse ="textures/fillplanes/sand_diffuse.dds"
                        normal  ="textures/fillplanes/sand_normal.dds"
                        specular="textures/fillplanes/sand_specular.png"
                        distance="textures/fillplanes/sandDistance_diffuse.dds" />
        </fillType>	
		<fillType name="INDUSTRIELSAND" title="$l10n_fillType_industrielsand" showOnPriceTable="true" achievementName="DeliveryStones" unitShort="$l10n_unit_literShort">
            <physics massPerLiter="1.85" maxPhysicalSurfaceAngle="38" />
            <economy pricePerLiter="0.18"/>
            <image      hud     ="huds/hud_fill_industrielsand.png" />
            <pallet     filename="pallets/sandBagPallet.xml" />
            <textures   diffuse ="textures/fillplanes/sand_diffuse.dds"
                        normal  ="textures/fillplanes/sand_normal.dds"
                        specular="textures/fillplanes/sand_specular.png"
                        distance="textures/fillplanes/sandDistance_diffuse.dds" />
        </fillType>
		<fillType name="PLAYSAND" title="$l10n_fillType_playSand" showOnPriceTable="true" achievementName="DeliveryStones" unitShort="$l10n_unit_literShort">
            <physics massPerLiter="1.85" maxPhysicalSurfaceAngle="38" />
            <economy pricePerLiter="0.25"/>
            <image      hud     ="huds/hud_fill_playsand.png" />
            <pallet     filename="pallets/playSandBagPallet.xml" />
            <textures   diffuse ="textures/fillplanes/sand_diffuse.dds"
                        normal  ="textures/fillplanes/sand_normal.dds"
                        specular="textures/fillplanes/sand_specular.png"
                        distance="textures/fillplanes/sandDistance_diffuse.dds" />
        </fillType>
		<fillType name="QUARTZSAND" title="$l10n_fillType_quartzSand" showOnPriceTable="true" achievementName="DeliveryStones" unitShort="$l10n_unit_literShort" >
            <physics massPerLiter="1.85" maxPhysicalSurfaceAngle="35" />
            <economy pricePerLiter="0.35" />
            <image      hud     ="huds/hud_fill_quartzsand.png" />
            <pallet     filename="pallets/quartzSandBagPallet.xml" />
            <textures   diffuse ="textures/fillplanes/quartzSand_diffuse.dds"
                        normal  ="textures/fillplanes/quartzSand_normal.dds"
                        specular="textures/fillplanes/quartzSand_specular.png"
                        distance="textures/fillplanes/quartzSandDistance_diffuse.dds" />
        </fillType>
		<fillType name="GOLDORE" title="$l10n_fillType_goldore" showOnPriceTable="true">
            <physics massPerLiter="1.85" maxPhysicalSurfaceAngle="38" />
            <economy pricePerLiter="6"/>
            <pallet     filename="$data/objects/pallets/fillablePallet/fillablePallet.xml" />
            <image hud="huds/hud_fill_goldore.png" />
            <textures   diffuse ="textures/fillplanes/goldore_diffuse.png"
                        normal  ="$data/fillPlanes/stone_normal.png"
                        specular="$data/fillPlanes/stone_specular.png"
                        distance="$data/fillPlanes/distance/genericSeedDistance_diffuse.png" />
        </fillType>
		<fillType name="COPPERORE" title="$l10n_fillType_copperore" showOnPriceTable="true">
            <physics massPerLiter="1.85" maxPhysicalSurfaceAngle="38" />
            <economy pricePerLiter="3"/>
            <pallet     filename="$data/objects/pallets/fillablePallet/fillablePallet.xml" />
            <image hud="huds/hud_fill_copperore.png" />
            <textures   diffuse ="textures/fillplanes/copperore_diffuse.png"
                        normal  ="$data/fillPlanes/stone_normal.png"
                        specular="$data/fillPlanes/stone_specular.png"
                        distance="$data/fillPlanes/distance/genericSeedDistance_diffuse.png" />
        </fillType>
		<fillType name="GOLD" title="$l10n_fillType_gold" showOnPriceTable="true">
            <physics massPerLiter="19" maxPhysicalSurfaceAngle="38" />
            <economy pricePerLiter="63"/>
            <pallet     filename="pallets/fillablePallet.xml" />
            <image hud="huds/hud_fill_gold.png" />
            <textures   diffuse ="textures/fillplanes/gold_diffuse.png"
                        normal  ="$data/fillPlanes/stone_normal.png"
                        specular="$data/fillPlanes/stone_specular.png"
                        distance="$data/fillPlanes/distance/genericSeedDistance_diffuse.png" />
        </fillType>
		<fillType name="COPPER" title="$l10n_fillType_copper" showOnPriceTable="true">
            <physics massPerLiter="10" maxPhysicalSurfaceAngle="38" />
            <economy pricePerLiter="9"/>
            <pallet     filename="$data/objects/pallets/fillablePallet/fillablePallet.xml" />
            <image hud="huds/hud_fill_copper.png" />
            <textures   diffuse ="textures/fillplanes/copper_diffuse.png"
                        normal  ="$data/fillPlanes/stone_normal.png"
                        specular="$data/fillPlanes/stone_specular.png"
                        distance="$data/fillPlanes/distance/genericSeedDistance_diffuse.png" />
        </fillType>	
		 <fillType name="SILICON" title="$l10n_fillType_silicon" showOnPriceTable="true">
            <physics massPerLiter="1.85" maxPhysicalSurfaceAngle="38" />
            <economy pricePerLiter="8">
            </economy>
            <image hud="huds/hud_fill_silicon.png" />
            <pallet     filename="$data/objects/pallets/fillablePallet/fillablePallet.xml" />
            <textures   diffuse ="textures/fillplanes/silicon_diffuse.png"
                        normal  ="$data/fillPlanes/stone_normal.png"
                        specular="$data/fillPlanes/stone_specular.png"
                        distance="$data/fillPlanes/distance/genericSeed_diffuse.png" />
        </fillType>	
        <fillType name="STONE" title="$l10n_fillType_stone" showOnPriceTable="true" achievementName="DeliveryStones" unitShort="$l10n_unit_literShort">
            <physics massPerLiter="1.6" maxPhysicalSurfaceAngle="35" />
            <economy pricePerLiter="0.12" />
            <image      hud     ="$dataS/menu/hud/fillTypes/hud_fill_stone.png" />
            <textures   diffuse ="$data/fillPlanes/stone_diffuse.png"
                        normal  ="$data/fillPlanes/stone_normal.png"
                        specular="$data/fillPlanes/stone_specular.png"
                        distance="$data/fillPlanes/distance/stoneDistance_diffuse.png" />
        </fillType>
	</fillTypes>
	
    <fillTypeCategories>
        <fillTypeCategory name="BULK" >LIMESTONE GRAVEL SAND INDUSTRIELSAND PLAYSAND QUARTZSAND IRONORE GOLDORE COPPERORE GOLD COPPER SILICON</fillTypeCategory>
        <fillTypeCategory name="SHOVEL" >LIMESTONE GRAVEL SAND INDUSTRIELSAND PLAYSAND QUARTZSAND IRONORE GOLDORE COPPERORE GOLD COPPER SILICON</fillTypeCategory>
        <fillTypeCategory name="FARMSILO" >LIMESTONE GRAVEL SAND INDUSTRIELSAND PLAYSAND QUARTZSAND IRONORE GOLDORE COPPERORE GOLD COPPER SILICON</fillTypeCategory>
        <fillTypeCategory name="LOADINGVEHICLE">LIMESTONE GRAVEL SAND INDUSTRIELSAND PLAYSAND QUARTZSAND IRONORE GOLDORE COPPERORE GOLD COPPER SILICON</fillTypeCategory>
        <fillTypeCategory name="PRODUCT">GRAVEL LIME SAND INDUSTRIELSAND QUARTZSAND PLAYSAND IRONORE GOLDORE COPPERORE GOLD COPPER SILICON </fillTypeCategory>
    </fillTypeCategories>
   
    <fillTypeSounds>
        <fillTypeSound fillTypes="IRONORE GOLDORE COPPERORE">
            <sound template="ROCKS_UNLOAD"/>
        </fillTypeSound>
    </fillTypeSounds>
</map>
