<?xml version="1.0" encoding="utf-8" standalone="no" ?>
<modDesc descVersion="80">
     <author>emproLoop</author>
    <version>2.2.0.1</version>

    <title>
        <en>Universal Crusher</en>
        <de>Universal-Brecher</de>
    </title>

<description>
<en><![CDATA[
Universal crusher

The gold rush can begin.
Thanks to new processes and techniques, the universal crusher can now extract more raw materials from stones.

This universal crusher produces lime, gravel, ironore, goldore and copperore from stone by adding water.
The second production line includes the extraction of lime from limestone.
Sand filling production can now produce quartzsand in addition to the previous products industrialsand and playsand.

In order to further process the newly obtained raw materials, new factories have now been added for new productions.
This means that gold and copper can be made from goldore and copperore and silicon can also be obtained from the quartzsand.

If the universal crusher is installed on a map, the farmland is also purchased when the production is purchased.
The mod also contains a sales station that can be placed freely and where you can sell the end products from the universal crusher.

If you urgently need woodchips, you can also have your wood shredded here.

Price: 75,000 $

Lime and ore production: 20 cycles/hour stone 500/ water 300 -> lime 150/ ironore 50/ gravel 180/ goldore 40/ copperore 80 - Cost: $5/hour
Lime production: 10 cycles/hour limestone 500/ water 200 -> lime 450 - Cost: $5/hour
Sand filling: 10 cycles/hour sand 500 -> industrialsand 300/ playsand 150/ quartzsand 50 - Cost: $3/hour
Wood chip production: 20 cycles/hour wood 500 -> woodchips 490 - Cost: $3/hour

Silicon and ore production
Price: 100,000 $

Silicon production: 20 cycles/hour quartzsand 100 -> silicon 80 - $25/hour
Gold production: 20 cycles/hour goldore 500 -> gold 1 - $35/hour
Copper production: 20 cycles/hour copperore 100 -> copper 80 - $30/hour

changelog 2.2.0.1:

- sellingStationGeneric supports Gravel

changelog 2.2.0.0:

- Playsand, industrial sand, quartzsand removed from the shop
- Adjustments to the Crusher areas

changelog 2.1.0.0:

- all input products can now be purchased as a pallet in the shop
- Player spawn point changed
- All products can now be sold at the salepoint

changelog 2.0.0.0:

- new production chain / production building
- new filltypes (quartzsand, goldore, copperore, gold, copper, silicon, semiconductor)
- Productions optimized

changelog 1.1.0.0:

- Price corrected in description
- Icon position corrected
- Production output adjusted
- Added sand filling
- new filltypes sandbag and playsandbag

]]></en>
<de><![CDATA[
Universal-Brecher

Der Goldrausch kann beginnen.
Durch neue Verfahren und Techniken kann der Universal-Brecher nun mehr Rohstoffe aus Steinen gewinnen.

Dieser Universal-Brecher erzeugt unter Zugabe von Wasser aus Stein Kalk, Schotter, Eisenerz, Gold- und Kupfererz.
Als zweite Produktionslinie ist die Gewinnung von Kalk aus Kalkstein enthalten.
Die Sandabfüllproduktion kann nun neben den bisherigen Produkten Industriesand und Spielsand auch Quarzsand gewinnen.

Um die neu gewonnenen Rohstoffe weiter zu verarbeiten, wurde nun eine neue Fabrik für neue Produktionen hinzugefügt.
Somit kann aus Gold- und Kupfererz Gold und Kupfer hergestellt und zusätzlich Silizium aus dem Quarzsand gewonnen werden.

Sollte der Universal-Brecher auf einer Map verbaut sein, so wird mit dem Kauf der Produktion auch das farmland gekauft.
Zusätzlich enthält der Mod noch eine Verkaufstation, die frei platzierbar ist und wo man die Endprodukte aus dem Universal-Brecher verkaufen kann.

Wenn du dringend Hackschnitzel brauchst, kannst du hier auch dein Holz zerkleinern lassen.

Universal-Brecher
Preis: 75.000 €

Kalk- und Erzproduktion: 20 Zyklen/Std Steine 500/ Wasser 300 -> Kalk 150/ Eisenerz 50/ Schotter 180/ Golderz 40/ Kupfererz 80 - Kosten: 5 €/Std
Kalkproduktion: 10 Zyklen/Std Kalkstein 500/ Wasser 200 -> Kalk 450 - Kosten: 5 €/Std
Sandabfüllung: 10 Zyklen/Std Sand 500 -> Industriesand 300/ Spielsand 150/ Quarzsand 50 - Kosten: 3 €/Std
Hackschnitzelproduktion: 20 Zyklen/Std Holz 500 -> Hackschnitzel 490 - Kosten: 3 €/Std

Silizium und Erzproduktion
Preis: 100.000 €

Silizumproduktion: 20 Zyklen/Std Quarzsand 100 -> Silizium 80 - 25 €/Std
Goldprodukion: 20 Zyklen/Std Golderz 500 -> Gold 1 - 35 €/Std
Kupferproduktion: 20 Zyklen/Std Kupfererz 100 -> Kupfer 80 - 30 €/Std



changelog 2.2.0.1:

- Verkauspunkt unterstützt nun Schotter

changelog 2.2.0.0:

- Endprodukte wie Spielsand, Industriesand, Quartzsand aus dem Shop entfernt
- Anpassungen an den Bereich um den Crusher

changelog 2.1.0.0:

- alle Inputprodukte sind nun im Shop als Palette kaufbar
- Spawnpunkt des Spielers geändert
- alle Produkte können nun am Verkaufspunkt verkauft werden


changelog 2.0.0.0:

- neue Produktionskette / Produktionsgebäude
- neue filltypes (Quarzsand, Golderz, Kupfererz, Gold, Kupfer, Silizium)
- Produktionen optimiert


changelog 1.1.0.0:

- Preis in der Beschreibung korrigiert
- Iconposition korrigiert
- Produktionsoutput angepasst
- Sandabfüllung hinzugefügt
- neue filltypes Sandsack und Spielsandsack

]]></de>
</description> 

<iconFilename>icon_Crusher.dds</iconFilename>

 <multiplayer supported="true" />
 
    <fillTypes filename="filltypes.xml" />
	<densityMapHeightTypes filename="densityMapHeightTypes.xml" />
 
	<l10n>
		<text name="name_production">
            <en>Lime and Ore Production</en>
            <de>Kalk- und Erzproduktion</de>
        </text>
		<text name="name_productiona">
            <en>Lime Production</en>
            <de>Kalkproduktion</de>
        </text>
		<text name="name_productionb">
            <en>Woodchips Production</en>
            <de>Hackschnitzelproduktion</de>
        </text>
		<text name="name_sandBagFilling">
            <en>Sandbag Filling</en>
            <de>Sandsack Abfüllung</de>
        </text>
		<text name="storeItem_sandBagPallet">
			<en>Industriel Sand</en>
			<de>Industriesandsack</de>
		</text>
		<text name="fillType_playSand">
			<en>Playsand</en>
			<de>Spielsand</de>
		</text>
		<text name="storeItem_playSandBagPallet">
			<en>Refined Sand</en>
			<de>Spielsandsack</de>
		</text>
		<text name="storeItem_quartzSandBagPallet">
			<en>Quartz Sand</en>
			<de>Quarzsandsack</de>
		</text>
		<text name="storeItem_stonePallet">
			<en>Stone Pallet</en>
			<de>Steinpallete</de>
		</text>
		<text name="fillType_ironOre">
			<en>Iron Ore</en>
			<de>Eisenerz</de>
		</text>
		<text name="fillType_sand">
			<en>Sand</en>
			<de>Sand</de>
		</text>
		<text name="storeItem_sandpallet">
			<en>Sand</en>
			<de>Sand</de>
		</text>
		<text name="fillType_industrielsand">
			<en>Industrielsand</en>
			<de>Industriesand</de>
		</text>
		<text name="fillType_quartzSand">
			<en>Quartz sand</en>
			<de>Quarzsand</de>
		</text>
		<text name="fillType_gravel">
			<en>Gravel</en>
			<de>Schotter</de>
		</text>
		<text name="fillType_limestone">
			<en>Limestone</en>
			<de>Kalkstein</de>
		</text>
		<text name="storeItem_limestone">
			<en>Limestone</en>
			<de>Kalkstein</de>
		</text>
		<text name="fillType_gold">
			<en>Gold</en>
			<de>Gold</de>
		</text>
		<text name="fillType_goldore">
			<en>Gold ore</en>
			<de>Golderz</de>
		</text>
		<text name="fillType_copperore">
			<en>Copper ore</en>
			<de>Kupfererz</de>
		</text>
		<text name="fillType_copper">
			<en>Copper</en>
			<de>Kupfer</de>
		</text>
		<text name="fillType_silicon">
			<en>Silicon</en>
			<de>Silizium</de>
		</text>
		<text name="shopItem_elpSilicon">
			<en>ELPic Silicon Ltd.</en>
			<de>ELPic Silizium KG</de>
		</text>
		<text name="name_elpSilicon">
			<en>Silicon Production</en>
			<de>Silizium Produktion</de>
		</text>
		<text name="name_elpGold">
			<en>Gold Production</en>
			<de>Gold Produktion</de>
		</text>
		<text name="name_elpCopper">
			<en>Copper Production</en>
			<de>Kupfer Produktion</de>
		</text>
	</l10n>

 <storeItems>
 <storeItem xmlFilename="Crusher.xml"/>
 <storeItem xmlFilename="sellingStationGeneric.xml"/>
 <storeItem xmlFilename="pallets/sandBagPallet.xml" />
 <storeItem xmlFilename="pallets/playSandBagPallet.xml" />
 <storeItem xmlFilename="pallets/quartzSandBagPallet.xml" />
 <storeItem xmlFilename="pallets/fillablePallet.xml" />
 <storeItem xmlFilename="pallets/stoneFillablePallet.xml" />
 <storeItem xmlFilename="pallets/limestoneFillablePallet.xml" />
 <storeItem xmlFilename="pallets/sandFillablePallet.xml" />
 <storeItem xmlFilename="productionpoints/silicon/silicon.xml" />
 </storeItems>

</modDesc>
