<?xml version="1.0" encoding="utf-8" standalone="no" ?>
<placeable type="sellingStation" xmlns:xsi="http://www.w3.org/2001/XMLSchema-instance" xsi:noNamespaceSchemaLocation="../../../shared/xml/schema/placeable.xsd">
    <storeData>
        <name>
		<en>Universal point of sale</en>
		<de>Universalverkaufspunkt</de>
		</name>
        <image>store_sellingStationGeneric.png</image>
        <price>50</price>
        <canBeSold>true</canBeSold>
        <showInStore>true</showInStore>
        <lifetime>1000</lifetime>
        <rotation>0</rotation>
        <brand>NONE</brand>
        <species>placeable</species>
        <category>sellingPoints</category>
        <brush>
            <type>placeable</type>
            <category>production</category>
            <tab>sellingPoints</tab>
        </brush>
        <vertexBufferMemoryUsage>367104</vertexBufferMemoryUsage>
        <indexBufferMemoryUsage>36096</indexBufferMemoryUsage>
        <textureMemoryUsage>2097152</textureMemoryUsage>
        <audioMemoryUsage>0</audioMemoryUsage>
        <instanceVertexBufferMemoryUsage>0</instanceVertexBufferMemoryUsage>
        <instanceIndexBufferMemoryUsage>0</instanceIndexBufferMemoryUsage>
    </storeData>

    <base>
        <filename>sellingStationGeneric.i3d</filename>
		<canBeRenamed>true</canBeRenamed>
    </base>
	
	<triggerMarkers>
        <triggerMarker node="unloadTriggerMarker" filename="$data/shared/assets/marker/markerIcons.xml" id="UNLOAD" adjustToGround="true" />
    </triggerMarkers>

    <placement useRandomYRotation="false" useManualYRotation="true" >
        <testAreas>
            <testArea startNode="testAreaStart" endNode="testAreaEnd" />
        </testAreas>

        <sounds>
            <place template="smallImp" />
        </sounds>
    </placement>

    <clearAreas>
        <clearArea startNode="clearAreaStart" widthNode="clearAreaWidth" heightNode="clearAreaHeight"/>
    </clearAreas>

    <leveling requireLeveling="true" maxSmoothDistance="10" maxSlope="75" maxEdgeAngle="30" >
        <levelAreas>
            <levelArea startNode="levelAreaStart" widthNode="levelAreaWidth" heightNode="levelAreaHeight" groundType="asphalt"/>
        </levelAreas>
    </leveling>

    <indoorAreas>
        <indoorArea startNode="indoorAreaStart" widthNode="indoorAreaWidth" heightNode="indoorAreaHeight" />
    </indoorAreas>

    <tipOcclusionUpdateAreas>
        <tipOcclusionUpdateArea startNode="tipOcclusionUpdateAreaStart" endNode="tipOcclusionUpdateAreaEnd" />
    </tipOcclusionUpdateAreas>

    <ai>
        <updateAreas>
            <updateArea startNode="tipOcclusionUpdateAreaStart" endNode="tipOcclusionUpdateAreaEnd" />
        </updateAreas>
    </ai>
	
	<hotspots>
        <hotspot type="UNLOADING"  linkNode="hotspotNode" teleportNode="teleportNode" />
    </hotspots>

    <sellingStation supportsExtension="false" litersForFullPriceDrop="200000" fullPriceRecoverHours="48">
        <unloadTrigger exactFillRootNode="0>3"  fillTypes="STONE LIMESTONE WOOD SAND LIME IRONORE INDUSTRIELSAND PLAYSAND QUARTZSAND GOLD GRAVEL GOLDORE COPPER COPPERORE SILICON"/>
        <fillType name="STONE"         priceScale="1" supportsGreatDemand="true" disablePriceDrop="false" />
		<fillType name="LIMESTONE"     priceScale="1" supportsGreatDemand="true" disablePriceDrop="false" />
        <fillType name="WOOD"          priceScale="1" supportsGreatDemand="true" disablePriceDrop="false" />
        <fillType name="SAND"          priceScale="1" supportsGreatDemand="true" disablePriceDrop="false" />
        <fillType name="INDUSTRIELSAND"       priceScale="1.2" supportsGreatDemand="true" disablePriceDrop="false" />
        <fillType name="PLAYSAND"   priceScale="1" supportsGreatDemand="true" disablePriceDrop="false" />
        <fillType name="QUARTZSAND"   priceScale="1" supportsGreatDemand="true" disablePriceDrop="false" />
        <fillType name="LIME"          priceScale="1" supportsGreatDemand="true" disablePriceDrop="false" />
        <fillType name="GOLD"          priceScale="1" supportsGreatDemand="true" disablePriceDrop="false" />
        <fillType name="GRAVEL"          priceScale="1" supportsGreatDemand="true" disablePriceDrop="false" />
        <fillType name="GOLDORE"          priceScale="1" supportsGreatDemand="true" disablePriceDrop="false" />
        <fillType name="COPPER"          priceScale="1" supportsGreatDemand="true" disablePriceDrop="false" />
        <fillType name="COPPERORE"          priceScale="1" supportsGreatDemand="true" disablePriceDrop="false" />
        <fillType name="IRONORE"          priceScale="1" supportsGreatDemand="true" disablePriceDrop="false" />
        <fillType name="SILICON"          priceScale="1" supportsGreatDemand="true" disablePriceDrop="false" />
    </sellingStation>
	
    <i3dMappings>
        <i3dMapping id="cap" node="0>1" />
        <i3dMapping id="playerTrigger" node="0>2" />
        <i3dMapping id="unloadTrigger" node="0>3" />
        <i3dMapping id="aiNodeLeft" node="0>5" />
        <i3dMapping id="aiNodeRight" node="0>6" />
        <i3dMapping id="unloadTriggerMarker" node="0>7" />
		<i3dMapping id="hotspotNode" node="0>8" />
        <i3dMapping id="teleportNode" node="0>9" />
		<i3dMapping id="clearAreaStart" node="0>14|0" />
		<i3dMapping id="clearAreaWidth" node="0>14|0|0" />
        <i3dMapping id="clearAreaHeight" node="0>14|0|1" />
		<i3dMapping id="levelAreaStart" node="0>15|0" />
		<i3dMapping id="levelAreaWidth" node="0>15|0|0" />
        <i3dMapping id="levelAreaHeight" node="0>15|0|1" />
		<i3dMapping id="indoorAreaStart" node="0>16|0" />
		<i3dMapping id="indoorAreaWidth" node="0>16|0|0" />
        <i3dMapping id="indoorAreaHeight" node="0>16|0|1" />
		<i3dMapping id="testAreaStart" node="0>17|0" />
		<i3dMapping id="testAreaEnd" node="0>17|0|0" />
		<i3dMapping id="tipOcclusionUpdateAreaStart" node="0>18|0" />
        <i3dMapping id="tipOcclusionUpdateAreaEnd" node="0>18|0|0" />
    </i3dMappings>
</placeable>
