﻿<?xml version="1.0" encoding="utf-8" standalone="no" ?>
<vehicle type="waterTrailer" xmlns:xsi="http://www.w3.org/2001/XMLSchema-instance" xsi:noNamespaceSchemaLocation="../../../../shared/xml/schema/vehicle.xsd">
    <annotation>Copyright (C) GIANTS Software GmbH, All Rights Reserved.</annotation>
    <storeData>
        <name>
            <en>MKS 33</en></name>
        <specs>
            <combination filterCategory="trucks"/>
            <combination xmlFilename="$data/vehicles/krampe/dolly10L/dolly10L.xml"/>
        </specs>
        <functions>
            <function>$l10n_function_tank</function>
        </functions>
        <image>store_mks33.dds</image>
        <price>70000</price>
        <lifetime>550</lifetime>
        <rotation>0</rotation>
        <brand>LIZARD</brand>
        <category>animals</category>
        <shopTranslationOffset>0 0.093 0</shopTranslationOffset>
        <shopRotationOffset>-0.503 0 0</shopRotationOffset>
        <vertexBufferMemoryUsage>1872128</vertexBufferMemoryUsage>
        <indexBufferMemoryUsage>341248</indexBufferMemoryUsage>
        <textureMemoryUsage>2359296</textureMemoryUsage>
        <audioMemoryUsage>0</audioMemoryUsage>
        <instanceVertexBufferMemoryUsage>0</instanceVertexBufferMemoryUsage>
        <instanceIndexBufferMemoryUsage>0</instanceIndexBufferMemoryUsage>
    </storeData>
    <base>
        <typeDesc>$l10n_typeDesc_trailer</typeDesc>
        <filename>mks33.i3d</filename>
        <size width="3.7" length="12" height="4.1"/>
        <components maxMass="50000">
            <component centerOfMass="0 0.6 -1" solverIterationCount="10" mass="6000"/>
        </components>
        <schemaOverlay attacherJointPosition="0 0" name="IMPLEMENT"/>
        <mapHotspot type="TRAILER"/>
    </base>
    <wheels>
        <wheelConfigurations>
            <wheelConfiguration name="$l10n_configuration_valueDefault" price="0" brand="CONTINENTAL">
                <wheels>
                    <wheel filename="$data/shared/wheels/tires/continental/contiCrossTracHS3/385_65R22_5.xml" configId="truckTrailer02" isLeft="true" hasTireTracks="true" hasParticles="true">
                        <physics tipOcclusionAreaGroupId="1" rotSpeed="0" restLoad="1.1" repr="wheelFrontLeft" forcePointRatio="0.5" initialCompression="10" suspTravel="0.12" spring="73" damper="75" frictionScale="1.8" yOffset="-0.026"/>
                    </wheel>
                    <wheel filename="$data/shared/wheels/tires/continental/contiCrossTracHS3/385_65R22_5.xml" configId="truckTrailer02" isLeft="false" hasTireTracks="true" hasParticles="true">
                        <physics tipOcclusionAreaGroupId="1" rotSpeed="0" restLoad="1.1" repr="wheelFrontRight" forcePointRatio="0.5" initialCompression="10" suspTravel="0.12" spring="73" damper="75" frictionScale="1.8" yOffset="-0.026"/>
                    </wheel>
                    <wheel filename="$data/shared/wheels/tires/continental/contiCrossTracHS3/385_65R22_5.xml" configId="truckTrailer02" isLeft="true" hasTireTracks="true" hasParticles="true">
                        <physics tipOcclusionAreaGroupId="1" rotSpeed="0" restLoad="1.1" repr="wheelMiddleLeft" forcePointRatio="0.5" initialCompression="10" suspTravel="0.12" spring="73" damper="75" frictionScale="1.9" yOffset="-0.013"/>
                    </wheel>
                    <wheel filename="$data/shared/wheels/tires/continental/contiCrossTracHS3/385_65R22_5.xml" configId="truckTrailer02" isLeft="false" hasTireTracks="true" hasParticles="true">
                        <physics tipOcclusionAreaGroupId="1" rotSpeed="0" restLoad="1.1" repr="wheelMiddleRight" forcePointRatio="0.5" initialCompression="10" suspTravel="0.12" spring="73" damper="75" frictionScale="1.9" yOffset="-0.013"/>
                    </wheel>
                    <wheel filename="$data/shared/wheels/tires/continental/contiCrossTracHS3/385_65R22_5.xml" configId="truckTrailer02" isLeft="true" hasTireTracks="true" hasParticles="true">
                        <physics tipOcclusionAreaGroupId="1" rotSpeed="0" restLoad="1.1" repr="wheelBackLeft" forcePointRatio="0.5" initialCompression="10" suspTravel="0.12" spring="73" damper="75" frictionScale="2"/>
                        <wheelChock parkingNode="wheelChock02"/>
                        <wheelChock parkingNode="wheelChock03" isInverted="true"/>
                    </wheel>
                    <wheel filename="$data/shared/wheels/tires/continental/contiCrossTracHS3/385_65R22_5.xml" configId="truckTrailer02" isLeft="false" hasTireTracks="true" hasParticles="true">
                        <physics tipOcclusionAreaGroupId="1" rotSpeed="0" restLoad="1.1" repr="wheelBackRight" forcePointRatio="0.5" initialCompression="10" suspTravel="0.12" spring="73" damper="75" frictionScale="2"/>
                    </wheel>
                </wheels>
            </wheelConfiguration>
     
             <wheelConfiguration name="Narrow" price="100" brand="CONTINENTAL">
                <wheels>
                    <wheel filename="$data/shared/wheels/tires/continental/contiCrossTracHS3/315_80R22_5.xml" isLeft="true" hasTireTracks="true" hasParticles="true">
                        <physics tipOcclusionAreaGroupId="1" rotSpeed="0" restLoad="1.1" repr="wheelFrontLeft" forcePointRatio="0.5" initialCompression="10" suspTravel="0.12" spring="73" damper="75" frictionScale="1.8" yOffset="-0.026"/>
                    </wheel>
                    <wheel filename="$data/shared/wheels/tires/continental/contiCrossTracHS3/315_80R22_5.xml" isLeft="false" hasTireTracks="true" hasParticles="true">
                        <physics tipOcclusionAreaGroupId="1" rotSpeed="0" restLoad="1.1" repr="wheelFrontRight" forcePointRatio="0.5" initialCompression="10" suspTravel="0.12" spring="73" damper="75" frictionScale="1.8" yOffset="-0.026"/>
                    </wheel>
                    <wheel filename="$data/shared/wheels/tires/continental/contiCrossTracHS3/315_80R22_5.xml" isLeft="true" hasTireTracks="true" hasParticles="true">
                        <physics tipOcclusionAreaGroupId="1" rotSpeed="0" restLoad="1.1" repr="wheelMiddleLeft" forcePointRatio="0.5" initialCompression="10" suspTravel="0.12" spring="73" damper="75" frictionScale="1.9" yOffset="-0.013"/>
                    </wheel>
                    <wheel filename="$data/shared/wheels/tires/continental/contiCrossTracHS3/315_80R22_5.xml" isLeft="false" hasTireTracks="true" hasParticles="true">
                        <physics tipOcclusionAreaGroupId="1" rotSpeed="0" restLoad="1.1" repr="wheelMiddleRight" forcePointRatio="0.5" initialCompression="10" suspTravel="0.12" spring="73" damper="75" frictionScale="1.9" yOffset="-0.013"/>
                    </wheel>
                    <wheel filename="$data/shared/wheels/tires/continental/contiCrossTracHS3/315_80R22_5.xml" isLeft="true" hasTireTracks="true" hasParticles="true">
                        <physics tipOcclusionAreaGroupId="1" rotSpeed="0" restLoad="1.1" repr="wheelBackLeft" forcePointRatio="0.5" initialCompression="10" suspTravel="0.12" spring="73" damper="75" frictionScale="2"/>
                        <wheelChock parkingNode="wheelChock02"/>
                        <wheelChock parkingNode="wheelChock03" isInverted="true"/>
                    </wheel>
                    <wheel filename="$data/shared/wheels/tires/continental/contiCrossTracHS3/315_80R22_5.xml" isLeft="false" hasTireTracks="true" hasParticles="true">
                        <physics tipOcclusionAreaGroupId="1" rotSpeed="0" restLoad="1.1" repr="wheelBackRight" forcePointRatio="0.5" initialCompression="10" suspTravel="0.12" spring="73" damper="75" frictionScale="2"/>
                    </wheel>
                </wheels> 
            </wheelConfiguration>           
                               
             <wheelConfiguration name="Wide Tires" price="100" brand="TRELLEBORG">
                <wheels>
                    <wheel filename="wheels/560_45R22_5.xml" isLeft="true" hasTireTracks="true" hasParticles="true">
                        <physics tipOcclusionAreaGroupId="1" rotSpeed="0" restLoad="1.4" repr="wheelFrontLeft" forcePointRatio="0.5" initialCompression="10" suspTravel="0.12" spring="73" damper="75" frictionScale="1.60" yOffset="-0.026"/>
                    </wheel>
                    <wheel filename="wheels/560_45R22_5.xml" isLeft="false" hasTireTracks="true" hasParticles="true">
                        <physics tipOcclusionAreaGroupId="1" rotSpeed="0" restLoad="1.4" repr="wheelFrontRight" forcePointRatio="0.5" initialCompression="10" suspTravel="0.12" spring="73" damper="75" frictionScale="1.60" yOffset="-0.026"/>
                    </wheel>
                    <wheel filename="wheels/560_45R22_5.xml" isLeft="true" hasTireTracks="true" hasParticles="true">
                        <physics tipOcclusionAreaGroupId="1" rotSpeed="0" restLoad="1.1" repr="wheelMiddleLeft" forcePointRatio="0.5" initialCompression="10" suspTravel="0.12" spring="73" damper="75" frictionScale="1.60" yOffset="-0.013"/>
                    </wheel>
                    <wheel filename="wheels/560_45R22_5.xml" isLeft="false" hasTireTracks="true" hasParticles="true">
                        <physics tipOcclusionAreaGroupId="1" rotSpeed="0" restLoad="1.1" repr="wheelMiddleRight" forcePointRatio="0.5" initialCompression="10" suspTravel="0.12" spring="73" damper="75" frictionScale="1.60" yOffset="-0.013"/>
                    </wheel>
                    <wheel filename="wheels/560_45R22_5.xml" isLeft="true" hasTireTracks="true" hasParticles="true">
                        <physics tipOcclusionAreaGroupId="1" rotSpeed="0" restLoad="1.1" repr="wheelBackLeft" forcePointRatio="0.5" initialCompression="10" suspTravel="0.12" spring="73" damper="75" frictionScale="1.60"/>
                        <wheelChock parkingNode="wheelChock02"/>
                        <wheelChock parkingNode="wheelChock03" isInverted="true"/>
                    </wheel>
                    <wheel filename="wheels/560_45R22_5.xml" isLeft="false" hasTireTracks="true" hasParticles="true">
                        <physics tipOcclusionAreaGroupId="1" rotSpeed="0" restLoad="1.1" repr="wheelBackRight" forcePointRatio="0.5" initialCompression="10" suspTravel="0.12" spring="73" damper="75" frictionScale="1.60"/>
                    </wheel>
                </wheels>       
        </wheelConfiguration>                                        
        </wheelConfigurations>
    </wheels>
    <attachable>
        <inputAttacherJoints>
            <inputAttacherJoint node="attacherJoint" jointType="semitrailer" attacherHeight="1.33"/>
        </inputAttacherJoints>
        <support animationName="moveSupport"/>
        <brakeForce force="0.7" maxForce="2" maxForceMass="38000"/>
    </attachable>
    <licensePlates>
        <licensePlate node="licensePlateBack" position="BACK" preferedType="ELONGATED" placementArea="0.06 0.26 0.09 0.26"/>
    </licensePlates>
    <lights>
        <sharedLight linkNode="rear5ChamberLight_02_Left" filename="$data/shared/assets/lights/lizard/rearLight53_left.xml"/>
        <sharedLight linkNode="rear5ChamberLight_02_Right" filename="$data/shared/assets/lights/lizard/rearLight53_right.xml"/>
        <sharedLight linkNode="sideMarker_01Left" filename="$data/shared/assets/lights/lizard/sideMarker03_left.xml"/>
        <sharedLight linkNode="sideMarker_01Right" filename="$data/shared/assets/lights/lizard/sideMarker03_right.xml"/>
        <sharedLight linkNode="plateNumberLight01_left" filename="$data/shared/assets/lights/lizard/plateNumberLight01.xml" lightTypes="0"/>
        <sharedLight linkNode="plateNumberLight01_right" filename="$data/shared/assets/lights/lizard/plateNumberLight01.xml" lightTypes="0"/>
        <sharedLight linkNode="sideMarker16Orange_01" filename="$data/shared/assets/lights/lizard/sideMarker16Orange.xml" lightTypes="0"/>
        <sharedLight linkNode="sideMarker16Orange_02" filename="$data/shared/assets/lights/lizard/sideMarker16Orange.xml" lightTypes="0"/>
        <sharedLight linkNode="sideMarker16Orange_03" filename="$data/shared/assets/lights/lizard/sideMarker16Orange.xml" lightTypes="0"/>
        <sharedLight linkNode="sideMarker16Orange_04" filename="$data/shared/assets/lights/lizard/sideMarker16Orange.xml" lightTypes="0"/>
        <sharedLight linkNode="sideMarker16Orange_05" filename="$data/shared/assets/lights/lizard/sideMarker16Orange.xml" lightTypes="0"/>
        <sharedLight linkNode="sideMarker16Orange_06" filename="$data/shared/assets/lights/lizard/sideMarker16Orange.xml" lightTypes="0"/>
        <sharedLight linkNode="sideMarker16Orange_07" filename="$data/shared/assets/lights/lizard/sideMarker16Orange.xml" lightTypes="0"/>
        <sharedLight linkNode="sideMarker16Orange_08" filename="$data/shared/assets/lights/lizard/sideMarker16Orange.xml" lightTypes="0"/>
        <sharedLight linkNode="sideMarker16Orange_09" filename="$data/shared/assets/lights/lizard/sideMarker16Orange.xml" lightTypes="0"/>
        <sharedLight linkNode="sideMarker16Orange_10" filename="$data/shared/assets/lights/lizard/sideMarker16Orange.xml" lightTypes="0"/>
        <sharedLight linkNode="sideMarker16White_01" filename="$data/shared/assets/lights/lizard/rearLight24.xml" lightTypes="0"/>
        <sharedLight linkNode="sideMarker16White_02" filename="$data/shared/assets/lights/lizard/rearLight24.xml" lightTypes="0"/>
        
        <realLights>
            <high>
                <light node="backLightsHigh1"       lightTypes="0"/>
                <light node="licensePlateLightHigh" lightTypes="0"/>
                <brakeLight node="backLightsHigh1"/>
                <turnLightLeft  node="turnLightLeftBack" />
                <turnLightRight node="turnLightRightBack" />
                <reverseLight node="reverseLightHigh1" />
            </high>
        </realLights>

    	<beaconLights>
            <beaconLight node="beaconLeft" filename="$data/shared/assets/beaconLights/lizard/beaconLight10.xml" />
			<beaconLight node="beaconRight" filename="$data/shared/assets/beaconLights/lizard/beaconLight10.xml" />
        </beaconLights>

    </lights>
    <connectionHoses>
        <hose inputAttacherJointIndices="1" type="airDoubleRed" node="airRed" length="1.8" diameter="0.015" minCenterPointOffset="0 -0.2 0" maxCenterPointOffset="0 0 0" straighteningFactor="1" outgoingAdapter="DEFAULT" socket="air_red"/>
        <hose inputAttacherJointIndices="1" type="airDoubleYellow" node="airYellow" length="1.8" diameter="0.015" minCenterPointOffset="0 -0.2 0" maxCenterPointOffset="0 0 0" straighteningFactor="1" outgoingAdapter="DEFAULT" socket="air_yellow"/>
        <hose inputAttacherJointIndices="1" type="electric" node="electric" length="1.8" diameter="0.008" minCenterPointOffset="0 -0.2 0" maxCenterPointOffset="0 0 0" straighteningFactor="1" outgoingAdapter="DEFAULT">
            <objectChange node="electric_cover" rotationActive="0 0 -85" rotationInactive="0 0 0"/>
        </hose>
    </connectionHoses>
    <animations>
        <animation name="moveSupport">
            <part node="support" startTime="0.0" endTime="0.15" startTrans="0 0.23 0" endTrans="0 -0.255 0"/>
            <sound template="clackVar6" startTime="0.01" direction="-1" volumeScale="1.6" pitchScale="0.8" linkNode="attacherJoint"/>
            <sound template="clackVar4" startTime="0.01" direction="-1" volumeScale="1.2" pitchScale="1.5" linkNode="attacherJoint"/>
            <sound template="clackVar6" startTime="0.14" direction="1" volumeScale="1.6" pitchScale="0.8" linkNode="attacherJoint"/>
        </animation>
    </animations>
    <fillUnit>
        <fillUnitConfigurations>
            <fillUnitConfiguration name="$l10n_configuration_valueDefault" price="0" >
                <fillUnits>
                    <fillUnit unitTextOverride="$l10n_unit_literShort" fillTypes="MILK WATER DIESEL DEF LIQUIDMANURE DIGESTATE FERTILIZER LIME" capacity="32000" allowAILoading="true">
                        <exactFillRootNode node="exactFillRootNode"/>
                    </fillUnit>
                </fillUnits>
            </fillUnitConfiguration>
            <fillUnitConfiguration name="$l10n_configuration_Extension" price="900" >
                <fillUnits>
                    <fillUnit unitTextOverride="$l10n_unit_literShort" fillTypes="MILK WATER DIESEL DEF LIQUIDMANURE DIGESTATE FERTILIZER LIME" capacity="45000" allowAILoading="true">
                        <exactFillRootNode node="exactFillRootNode"/>
                    </fillUnit>
                </fillUnits>
            </fillUnitConfiguration>
            <fillUnitConfiguration name="$l10n_configuration_ExtensionPlus" price="1500" >
                <fillUnits>
                    <fillUnit unitTextOverride="$l10n_unit_literShort" fillTypes="MILK WATER DIESEL DEF LIQUIDMANURE DIGESTATE FERTILIZER LIME" capacity="63000" allowAILoading="true">
                        <exactFillRootNode node="exactFillRootNode"/>
                    </fillUnit>
                </fillUnits>
            </fillUnitConfiguration>                        
        </fillUnitConfigurations>
    </fillUnit>
    <fillTriggerVehicle triggerNode="fillTrigger" fillUnitIndex="1" litersPerSecond="3000"/>
    <dischargeable>
        <dischargeNode node="dischargeNode" emptySpeed="4000" fillUnitIndex="1" canDischargeToGround="false" allowAIDischarge="true">
            <info width="1.0" length="0.5" zOffset="0.4"/>
            <trigger node="dischargeTrigger"/>
        </dischargeNode>
    </dischargeable>
    <waterTrailer fillUnitIndex="1" fillLitersPerSecond="1000" fillNode="mks32_main_component1">
        <sounds>
            <refill template="DEFAULT_REFUEL_SOUND" linkNode="0>"/>
        </sounds>
    </waterTrailer>
    <foliageBending>
        <bendingNode minX="-1.25" maxX="1.25" minZ="0" maxZ="5.7" yOffset="0.8"/>
        <bendingNode minX="-1.25" maxX="1.25" minZ="-5.8" maxZ="0.1" yOffset="0.4"/>
    </foliageBending>
    <baseMaterial>
        <material name="body_mat" baseNode="mks32_vis">
            <shaderParameter name="colorMat1" value="SHARED_WHITE2" material="8"/>
        </material>       
    </baseMaterial>
    <baseMaterialConfigurations useDefaultColors="true">
        <material name="body_mat" shaderParameter="colorMat1"/>
        <baseMaterialConfiguration name="$l10n_ui_colorBlack" color="SHARED_BLACK2" material="0"/>        
        <baseMaterialConfiguration name="$l10n_ui_colorStainlessSteel" color="SHARED_WHITE2" material="3"/>
        <baseMaterialConfiguration name="$l10n_ui_colorChrome" color="SHARED_WHITE2" material="2" price="4000" uiColor="SHARED_GREY1"/>
    </baseMaterialConfigurations>


    <rimColorConfigurations useDefaultColors="true">
        <rimColorConfiguration name="$l10n_ui_colorChrome" color="SHARED_WHITE2" material="3" price="3000"/>
        <rimColorConfiguration name="$l10n_ui_colorSilver" color="SHARED_WHITE1" material="18" price="0"/>
        <rimColorConfiguration name="$l10n_ui_colorWhite" color="SHARED_WHITE2" material="0" price="0"/>
        <rimColorConfiguration name="$l10n_ui_colorBlack" color="SHARED_DA_METAL_BLACK" material="0" price="0"/>
    </rimColorConfigurations>

    <designConfigurations>
        <designConfiguration name="$l10n_configuration_valueDefault" price="0">
            <objectChange node="bigTriangle"      visibilityActive="false"/>
            <objectChange node="config_back"   visibilityActive="false"/>
        </designConfiguration>    
        <designConfiguration name="$l10n_configuration_back_signs" price="50">
            <objectChange node="bigTriangle"      visibilityActive="true"/>
            <objectChange node="config_back"   visibilityActive="true"/>
        </designConfiguration>
    </designConfigurations>

    <ai>
        <agentAttachment jointNode="attacherJoint" rotCenterWheelIndices="1 2 3 4 5 6" width="2.2" height="4" length="11.7" lengthOffset="2.3"/>
    </ai>
    <wearable wearDuration="480" workMultiplier="5" fieldMultiplier="2"/>
    <washable dirtDuration="90" washDuration="1" workMultiplier="2" fieldMultiplier="2"/>
    <i3dMappings>
        <i3dMapping id="mks32_main_component1" node="0>"/>
        <i3dMapping id="mks32_vis" node="0>0"/>
        <i3dMapping id="attacherJoint" node="0>0|0|0"/>
        <i3dMapping id="wheelChock02" node="0>0|0|1|0"/>
        <i3dMapping id="wheelChock03" node="0>0|0|1|1"/>
        <i3dMapping id="support" node="0>0|0|2"/>
        <i3dMapping id="airYellow" node="0>0|0|3|0"/>
        <i3dMapping id="airRed" node="0>0|0|3|1"/>
        <i3dMapping id="electric" node="0>0|0|3|2"/>
        <i3dMapping id="electric_cover" node="0>0|0|3|2|0|0"/>
        <i3dMapping id="wheelFrontLeft" node="0>0|1|0"/>
        <i3dMapping id="wheelFrontRight" node="0>0|1|1"/>
        <i3dMapping id="wheelMiddleLeft" node="0>0|1|2"/>
        <i3dMapping id="wheelMiddleRight" node="0>0|1|3"/>
        <i3dMapping id="wheelBackLeft" node="0>0|1|4"/>
        <i3dMapping id="wheelBackRight" node="0>0|1|5"/>
        <i3dMapping id="rear5ChamberLight_02_Left" node="0>0|2|0|0"/>
        <i3dMapping id="rear5ChamberLight_02_Right" node="0>0|2|0|1"/>
        <i3dMapping id="sideMarker_01Left" node="0>0|2|0|2"/>
        <i3dMapping id="sideMarker_01Right" node="0>0|2|0|3"/>
        <i3dMapping id="plateNumberLight01_left" node="0>0|2|0|4"/>
        <i3dMapping id="plateNumberLight01_right" node="0>0|2|0|5"/>
        <i3dMapping id="sideMarker16Orange_01" node="0>0|2|0|6"/>
        <i3dMapping id="sideMarker16Orange_02" node="0>0|2|0|7"/>
        <i3dMapping id="sideMarker16Orange_03" node="0>0|2|0|8"/>
        <i3dMapping id="sideMarker16Orange_04" node="0>0|2|0|9"/>
        <i3dMapping id="sideMarker16Orange_05" node="0>0|2|0|10"/>
        <i3dMapping id="sideMarker16Orange_06" node="0>0|2|0|11"/>
        <i3dMapping id="sideMarker16Orange_07" node="0>0|2|0|12"/>
        <i3dMapping id="sideMarker16Orange_08" node="0>0|2|0|13"/>
        <i3dMapping id="sideMarker16Orange_09" node="0>0|2|0|14"/>
        <i3dMapping id="sideMarker16Orange_10" node="0>0|2|0|15"/>
        <i3dMapping id="sideMarker16White_01" node="0>0|2|0|16"/>
        <i3dMapping id="sideMarker16White_02" node="0>0|2|0|17"/>     
        <i3dMapping id="beaconLeft" node="0>0|2|0|18"/>
        <i3dMapping id="beaconRight" node="0>0|2|0|19"/>   
        <i3dMapping id="backLightsHigh1" node="0>0|2|1|0"/>
        <i3dMapping id="licensePlateLightHigh" node="0>0|2|1|1"/>
        <i3dMapping id="turnLightLeftBack" node="0>0|2|2|0"/>
        <i3dMapping id="turnLightRightBack" node="0>0|2|2|1"/>
        <i3dMapping id="reverseLightHigh1" node="0>0|2|3|0"/>
        <i3dMapping id="exactFillRootNode" node="0>0|3|0"/>
        <i3dMapping id="fillTrigger" node="0>0|3|1"/>
        <i3dMapping id="dischargeNode" node="0>0|3|2"/>
        <i3dMapping id="dischargeTrigger" node="0>0|3|3"/>
        <i3dMapping id="licensePlateBack" node="0>0|4"/>
        <i3dMapping id="screwDecal" node="0>0|6|0|0" />
        <i3dMapping id="bigTriangle" node="0>0|6|0|1" />
        <i3dMapping id="config_back" node="0>0|6|1" />               
    </i3dMappings>
</vehicle>
