﻿<?xml version="1.0" encoding="utf-8" standalone="no" ?>
<modDesc descVersion="79">
    <author>JCB</author>
    <version>1.0.0.0</version>
    <title>
        <en>LIZARD MKS 33</en>
    </title>
<description>
<en>
<![CDATA[Price: 70000 $
Capacity: 32000l, 43000l, 65000l (Selectable)
Brand: LIZARD

- Can transport Milk, Fuel, Water, Diesel, Def, Liquidmanure, Digestate, Fertilizer, and Lime
- Rim Color configuration.
- Base color configuration.
- Beacons
- Wheel configuration - (Continental - Normal,Narrow; Trelleborg - Wide)
- Back Signs Configuration ]]></en>

<de>
<![CDATA[ Preis: 70000 €
Kapazität: 32000 l, 43000 l, 65000 l (wählbar)
Marke: LIZARD

- Kann Milch, Kraftstoff, Wasser, Diesel, Gülle, Gärreste, Düngemittel und Kalk transportieren
- Konfiguration der Felgenfarbe.
- Konfiguration der Hauptfarbe.
- RUL
- Rad-Konfiguration - (Continental - Normal, Schmal; Trelleborg - Breit)
- Konfiguration der Heckschilder ]]></de>

<fr>
<![CDATA[ Prix: 70000 €
Capacité: 32000l, 43000l, 65000l (au choix)
Marque : Lizard

- Peut transporter du lait, du carburant, de l'eau, du diesel, du déf, du fumier liquide, du digestat, de l'engrais et de la chaux.
- Configuration de la couleur de la jante.
- Configuration des couleurs de base.
- Beacons
- Configuration des roues - (Continental - Normal,Narrow; Trelleborg - Wide)
- Configuration des panneaux arrière]]></fr>
</description>
    <iconFilename>icon_mks33.dds</iconFilename>
    	<multiplayer supported="true"/>
    <storeItems>
        <storeItem xmlFilename="mks33.xml"/>
    </storeItems>

<l10n>
    <text name="configuration_ExtensionPlus"><en>Extension Plus</en><de>Erweiterung Plus</de></text>
    <text name="configuration_Extension"><en>Extension</en><de>Erweiterung</de></text>
    <text name="configuration_back_signs"><en>Back Signs</en><de>Heckschilder</de></text>
</l10n>
</modDesc>
