﻿<?xml version="1.0" encoding="utf-8" standalone="no"?>
<modDesc descVersion="80">
    <author>SMI Modding Team</author>
    <version>1.1.1.0</version>
    <title>
        <en>Cressoni CRX Series</en>
    </title>
    <description>
<en>
<![CDATA[Cressoni CRX SojaFlex Series
CRESSONI CRX is a foldable header for Harvesters suitable for cereals, rapeseeds, soybeans.
It is equipped with the SojaFlex system and the universal toe ideal for all the crops.

Cressoni CRX 6.00
Price: 55.000 $
Working speed: 10 kph
Working width: 6 meters

Cressoni CRX 6.60
Price: 62.000 $
Working speed: 10 kph
Working width: 6.6 meters

Cressoni CRX 7.20
Price: 65.000 $
Working speed: 10 kph
Working width: 7.2 meters

Changelog v. 1.1.1.0:
- Fixed hoses connections of the hydaulic tank]]>
</en>
<it>
<![CDATA[Cressoni CRX SojaFlex
CRX è una testata pieghevole per mietitrebbie adatta a cereali, colza e soia.
È dotata del sistema SojaFlex e della punta universale ideale per tutte le colture.

Cressoni CRX 6.00
Prezzo: 55.000 €
Velocità di lavoro: 10 km/h
Larghezza di lavoro: 6 metri

Cressoni CRX 6.60
Prezzo: 62.000 €
Velocità di lavoro: 10 km/h
Larghezza di lavoro: 6,6 metri

Cressoni CRX 7.20
Prezzo: 65.000 €
Velocità di lavoro: 10 km/h
Larghezza di lavoro: 7,2 metri

Changelog v. 1.1.1.0:
- Sistemati collegamenti dei tubi flessibili del serbatoio idraulico]]>
</it>
<de>
<![CDATA[Cressoni CRX Serie SojaFlex
CRESSONI CRX ist ein klappbares Schneidwerk für Erntemaschinen, das für Getreide, Raps und Sojabohnen geeignet ist.
Er ist mit dem SojaFlex-System und der universellen Spitze ausgestattet, die für alle Kulturen geeignet sind.

Cressoni CRX 6.00
Preis: 55.000 €
Arbeitsgeschwindigkeit: 10 kph
Arbeitsbreite: 6 Meter

Cressoni CRX 6.60
Preis: 62.000 €
Arbeitsgeschwindigkeit: 10 kph
Arbeitsbreite: 6,6 Meter

Cressoni CRX 7.20
Preis: 65.000 €
Arbeitsgeschwindigkeit: 10 kph
Arbeitsbreite: 7,2 Meter

Änderungsliste v. 1.1.1.0:
- Feste Schlauchverbindungen des Wassertanks]]>
</de>
<fr>
<![CDATA[Cressoni CRX Série SojaFlex
La CRESSONI CRX est une tête de récolte repliable pour moissonneuses, adaptée aux céréales, au colza et au soja.
Elle est équipée du système SojaFlex et de l'embout universel idéal pour toutes les cultures.

Cressoni CRX 6.00
Prix: 55.000 €
Vitesse de travail: 10 km/h
Largeur de travail: 6 mètres

Cressoni CRX 6.60
Prix: 62.000 €
Vitesse de travail: 10 km/h
Largeur de travail: 6.6 mètres

Cressoni CRX 7.20
Prix: 65.000 €
Vitesse de travail: 10 km/h
Largeur de travail: 7.2 mètres

Changelog v. 1.1.1.0 :
- Raccordements des tuyaux fixes du réservoir hydaulique]]>
</fr>
</description>
    <iconFilename>icon_CressoniCrx.dds</iconFilename>
    <multiplayer supported="true"/>
    <storeItems>
		<storeItem xmlFilename="xml/CressoniCRX600.xml" />
		<storeItem xmlFilename="xml/CressoniCRX660.xml" />
		<storeItem xmlFilename="xml/CressoniCRX720.xml" />
    </storeItems>
    <brands>
        <brand name="CRESSONI" title="Cressoni" image="brand_Cressoni.dds"/>
    </brands>
	<l10n>
		<text name="barraSicurezza">
            <de>Sicherheitssignalleiste</de>
            <fr>Barre de signalisation de sécurité</fr>
            <en>Safety Signal Bar</en>
            <it>Barra Segnaletica di sicurezza</it>
        </text>
		<text name="serbatoioSupplementare">
            <de>Hydrauliktank für ältere Mähdrescher</de>
            <fr>Réservoir hydraulique pour les anciennes moissonneuses-batteuses</fr>
            <en>Hydraulic tank for older combines</en>
            <it>Serbatoio Idraulico per Mietitrebbie datate</it>
        </text>
	</l10n>
</modDesc>
