﻿<?xml version="1.0" encoding="utf-8" standalone="no" ?>
<!-- COPYRIGHT
Mod is published under CC BY-NC-ND 4.0 License
Editing, reuploading and publishing is forbidden!
-->
<modDesc descVersion="79">
    <author>VertexDezign</author>
    <version>1.0.0.0</version>
    <title>
        <en>VDI Large Storage Halls</en>
		<de>VDI Große Lagerhallen</de>
    </title>
<description>
<en><![CDATA[
This large storage hall can be used to store grain and/or your mashinery.

Measurements: 41x31m
Price: $300,500
Upkeep: $75 /Day
]]></en>
<de><![CDATA[
Diese große Lagerhalle kann zum Einlagern von Getreide und/oder deinen Maschinen genutzt werden.

Maße: 41x31m
Preis: 300.500 €
Unterhalt: 75 €/Tag
]]></de>
</description>

    <iconFilename>icon_largeStorageHall.dds</iconFilename>
    <multiplayer supported="true" />

    <storeItems>
        <storeItem xmlFilename="vdiLargeStorageHall01.xml"/>
		<storeItem xmlFilename="vdiLargeStorageHall02.xml"/>
    </storeItems>
	
	<l10n>
		<text name="function_vdiLargeStorageHall">
			<en>This large storage hall can be used to store grain and/or your mashinery.</en>
			<de>Diese große Lagerhalle kann zum Einlagern von Getreide und/oder deinen Maschinen genutzt werden.</de>
		 </text>
		<text name="storeItem_vdiLargeStorageHall">
			<en>VDI Large Storage Hall</en>
			<de>VDI Große Lagerhalle</de>
		 </text>
	</l10n>
</modDesc>
