<?xml version='1.0' encoding='utf-8'?>
<placeable xmlns:xsi="http://www.w3.org/2001/XMLSchema-instance" type="simplePlaceable" xsi:noNamespaceSchemaLocation="../../../../shared/xml/schema/placeable.xsd">
    <storeData>
        <name>$l10n_storeItem_vdiLargeStorageHall</name>
        <functions>
            <function>$l10n_function_vdiLargeStorageHall</function>
        </functions>
        <image>store_vdiLargeStorageHall01.dds</image>
        <price>300500</price>
        <dailyUpkeep>75</dailyUpkeep>
        <lifetime>1000</lifetime>
        <rotation>0</rotation>
        <brand>NONE</brand>
        <species>placeable</species>
        <category>sheds</category>
        <canBeSold>true</canBeSold>
        <showInStore>true</showInStore>
        <vertexBufferMemoryUsage>941568</vertexBufferMemoryUsage>
        <indexBufferMemoryUsage>111872</indexBufferMemoryUsage>
        <textureMemoryUsage>3932160</textureMemoryUsage>
        <audioMemoryUsage>0</audioMemoryUsage>
        <instanceVertexBufferMemoryUsage>0</instanceVertexBufferMemoryUsage>
        <instanceIndexBufferMemoryUsage>0</instanceIndexBufferMemoryUsage>
    </storeData>

    <base>
        <filename>largeStorageHall01.i3d</filename>
    </base>

    <placement useRandomYRotation="false" useManualYRotation="true" >
        <testAreas>
            <testArea startNode="testArea1Start" endNode="testArea1End" />
        </testAreas>
        <sounds>
            <place template="largeImp" />
        </sounds>
    </placement>

    <clearAreas>
        <clearArea startNode="clearArea1Start" widthNode="clearArea1Width" heightNode="clearArea1Height"/>
    </clearAreas>

    <leveling requireLeveling="true" maxSmoothDistance="5" maxSlope="75" maxEdgeAngle="30">
        <levelAreas>
            <levelArea startNode="levelArea1Start" widthNode="levelArea1Width" heightNode="levelArea1Height" groundType="asphalt"/>
        </levelAreas>
    </leveling>

    <indoorAreas>
        <indoorArea startNode="indoorArea1Start" widthNode="indoorArea1Width" heightNode="indoorArea1Height"/>
    </indoorAreas>

    <tipOcclusionUpdateAreas>
        <tipOcclusionUpdateArea startNode="tipOcclusionUpdateArea1Start" endNode="tipOcclusionUpdateArea1End" />
    </tipOcclusionUpdateAreas>

    <ai>
        <updateAreas>
            <updateArea startNode="tipOcclusionUpdateArea1Start" endNode="tipOcclusionUpdateArea1End" />
        </updateAreas>
    </ai>

    <dynamicallyLoadedParts>
        <dynamicallyLoadedPart node="0" linkNode="lightSwitch01" filename="$data/shared/assets/lights/terraLed/switch.i3d" />
        <dynamicallyLoadedPart node="0" linkNode="lightSwitch02" filename="$data/shared/assets/lights/rudolfHormann/powerSwitch.i3d" />
        <dynamicallyLoadedPart node="0" linkNode="lightSwitch03" filename="$data/shared/assets/lights/rudolfHormann/powerSwitch.i3d" />
        <dynamicallyLoadedPart node="0" linkNode="lightSwitch04" filename="$data/shared/assets/lights/rudolfHormann/powerSwitch.i3d" />
    </dynamicallyLoadedParts>

  <lights>   
        <sharedLight filename="$data/shared/assets/lights/terraLed/light150W.xml" linkNode="lightNode01" groupIndex="1" />
        <sharedLight filename="$data/shared/assets/lights/terraLed/light150W.xml" linkNode="lightNode02" groupIndex="1" />
        <sharedLight filename="$data/shared/assets/lights/terraLed/light150W.xml" linkNode="lightNode03" groupIndex="1" />
        <sharedLight filename="$data/shared/assets/lights/terraLed/light150W.xml" linkNode="lightNode04" groupIndex="1" />
        <sharedLight filename="$data/shared/assets/lights/terraLed/light150W.xml" linkNode="lightNode05" groupIndex="1" />
        <sharedLight filename="$data/shared/assets/lights/terraLed/light150W.xml" linkNode="lightNode06" groupIndex="1" />
        <sharedLight filename="$data/shared/assets/lights/terraLed/light150W.xml" linkNode="lightNode07" groupIndex="1" />
        <sharedLight filename="$data/shared/assets/lights/terraLed/light150W.xml" linkNode="lightNode08" groupIndex="1" />
        <sharedLight filename="$data/shared/assets/lights/terraLed/light150W.xml" linkNode="lightNode09" groupIndex="1" />
        <sharedLight filename="$data/shared/assets/lights/terraLed/light150W.xml" linkNode="lightNode10" groupIndex="1" />
        <sharedLight filename="$data/shared/assets/lights/lizard/buildings/industrialWallLight.xml" linkNode="lightNode11" groupIndex="2"/>
        <sharedLight filename="$data/shared/assets/lights/lizard/buildings/industrialWallLight.xml" linkNode="lightNode12" groupIndex="2"/>
        <realLights>
            <low>
                <light node="realLightsLow" groupIndex="1"/>
                <light node="realLightsLowOutside" groupIndex="2"/>
            </low>
            <high>
                <light node="realLightsHigh" groupIndex="1"/>
                <light node="realLightsHighOutside" groupIndex="2"/>
            </high>
        </realLights>

        <group name="$l10n_action_placeableLightShed" triggerNode="lightTrigger">
            <sounds>
                <toggle template="lizardFloodLight" innerRadius="50" outerRadius="100" volumeScale="0.2"/>
            </sounds>
        </group>
        <group weatherRequiredFlags="NIGHT" /> 
    </lights>

    <animatedObjects>
        <animatedObject saveId="door01" >
            <animation duration="5">
                <part node="doorHandle01_vis">
                    <keyFrame time="0.0" rotation="0 0 0"/>
                    <keyFrame time="0.15" rotation="25 0 0"/>
                    <keyFrame time="0.3" rotation="0 0 0"/>
                </part>            
                <part node="door01_vis">
                    <keyFrame time="0.2" rotation="0 0 0"/>
                    <keyFrame time="1.0" rotation="0 -150 0"/>
                </part>
            </animation>
            <controls triggerNode="door01Trigger" posAction="ACTIVATE_HANDTOOL" posText="action_openGate" negText="action_closeGate" />
            <sounds>
                <moving template="metalDoorsLoop" linkNode="door01_vis" />
                <posEnd template="metalDoorsOpen" linkNode="door01_vis" />
                <negEnd template="metalDoorsClose" linkNode="door01_vis" />
            </sounds>
        </animatedObject>
        <animatedObject saveId="door02" >
            <animation duration="5">
                <part node="doorHandle02_vis">
                    <keyFrame time="0.0" rotation="0 0 0"/>
                    <keyFrame time="0.15" rotation="0 0 25"/>
                    <keyFrame time="0.3" rotation="0 0 0"/>
                </part>            
                <part node="door02_vis">
                    <keyFrame time="0.2" rotation="0 0 0"/>
                    <keyFrame time="1.0" rotation="0 -150 0"/>
                </part>
            </animation>
            <controls triggerNode="door02Trigger" posAction="ACTIVATE_HANDTOOL" posText="action_openGate" negText="action_closeGate" />
            <sounds>
                <moving template="metalDoorsLoop" linkNode="door02_vis" />
                <posEnd template="metalDoorsOpen" linkNode="door02_vis" />
                <negEnd template="metalDoorsClose" linkNode="door02_vis" />
            </sounds>
        </animatedObject>
        <animatedObject saveId="rollDoor01" >
            <animation duration="5">
                <part node="rollDoor01_vis">
                    <keyFrame time="0.0" translation="0 0 0"/>
                    <keyFrame time="1.0" translation="0 4.4 0"/>
                </part>
                <part node="rollDoor01ColPartBottom">
                    <keyFrame time="0.0" translation="0 0 0"/>
                    <keyFrame time="1.0" translation="0 4.4 0"/>
                </part>
                <part node="rollDoor01ColPartTop">
                    <keyFrame time="0.0" translation="0 0 0"/>
                    <keyFrame time="0.5" translation="0 0 0"/>
                    <keyFrame time="1.0" translation="0 2.2 0"/>
                </part>
                <shader node="rollDoor01_vis" parameterName="visibilityCutThreshold">
                    <keyFrame time="0.0" values="0 - - - " />
                    <keyFrame time="1.0" values="0.93 - - -" />
                </shader>
            </animation>
            <controls triggerNode="rollDoor01Trigger" posAction="ACTIVATE_HANDTOOL" posText="action_openGate" negText="action_closeGate" />
            <sounds>
                <moving linkNode="rollDoor01_vis" template="rollingGarageDoor" />
                <posEnd linkNode="rollDoor01_vis" template="slidingGateMetalOpen" />
                <negEnd linkNode="rollDoor01_vis" template="slidingGateMetalClose" />
            </sounds>
        </animatedObject>
        <animatedObject saveId="rollDoor02" >
            <animation duration="5">
                <part node="rollDoor02_vis">
                    <keyFrame time="0.0" translation="0 0 0"/>
                    <keyFrame time="1.0" translation="0 4.4 0"/>
                </part>
                <part node="rollDoor02ColPartBottom">
                    <keyFrame time="0.0" translation="0 0 0"/>
                    <keyFrame time="1.0" translation="0 4.4 0"/>
                </part>
                <part node="rollDoor02ColPartTop">
                    <keyFrame time="0.0" translation="0 0 0"/>
                    <keyFrame time="0.5" translation="0 0 0"/>
                    <keyFrame time="1.0" translation="0 2.2 0"/>
                </part>
                <shader node="rollDoor02_vis" parameterName="visibilityCutThreshold">
                    <keyFrame time="0.0" values="0 - - - " />
                    <keyFrame time="1.0" values="0.93 - - -" />
                </shader>
            </animation>
            <controls triggerNode="rollDoor02Trigger" posAction="ACTIVATE_HANDTOOL" posText="action_openGate" negText="action_closeGate" />
            <sounds>
                <moving linkNode="rollDoor02_vis" template="rollingGarageDoor" />
                <posEnd linkNode="rollDoor02_vis" template="slidingGateMetalOpen" />
                <negEnd linkNode="rollDoor02_vis" template="slidingGateMetalClose" />
            </sounds>
        </animatedObject>
    </animatedObjects>

    <colorable>
        <nodes>
            <node node="vdiLargeStorageHall01_vis" />
        </nodes>
        <colors>
            <color value="RUDOLFHOERMANN_GREEN" />
            <color value="RUDOLFHOERMANN_BEIGE" />
            <color value="RUDOLFHOERMANN_RED" />
            <color value="RUDOLFHOERMANN_BLUE" />
            <color value="RUDOLFHOERMANN_DARKGREY" />
            <color value="RUDOLFHOERMANN_LIGHTGREY" />
            <color value="RUDOLFHOERMANN_WHITEALU" />
            <color value="RUDOLFHOERMANN_GREYALU" />
            <color value="RUDOLFHOERMANN_OXIDRED" />
            <color value="RUDOLFHOERMANN_WOODDARK" />
            <color value="RUDOLFHOERMANN_WOODBRIGHT" />
            <color value="RUDOLFHOERMANN_LIGHTGREEN" />
            <color value="RUDOLFHOERMANN_BROWN" />
            <color value="RUDOLFHOERMANN_DARKBEIGE" />
        </colors>
    </colorable>

  <i3dMappings> 
    <i3dMapping id="clearArea1Start" node="0>0|0" />
    <i3dMapping id="clearArea1Height" node="0>0|0|0" />
    <i3dMapping id="clearArea1Width" node="0>0|0|1" />
    <i3dMapping id="door01_vis" node="0>2|0|0" />
    <i3dMapping id="doorHandle01_vis" node="0>2|0|0|1" />
    <i3dMapping id="door01Trigger" node="0>2|0|1" />
    <i3dMapping id="door02_vis" node="0>2|1|0" />
    <i3dMapping id="doorHandle02_vis" node="0>2|1|0|1" />
    <i3dMapping id="door02Trigger" node="0>2|1|1" />
    <i3dMapping id="rollDoor01_vis" node="0>2|2|0" />
    <i3dMapping id="rollDoor01ColPartBottom" node="0>2|2|1" />
    <i3dMapping id="rollDoor01ColPartTop" node="0>2|2|2" />
    <i3dMapping id="rollDoor01Trigger" node="0>2|2|3" />
    <i3dMapping id="rollDoor02_vis" node="0>2|3|0" />
    <i3dMapping id="rollDoor02ColPartBottom" node="0>2|3|1" />
    <i3dMapping id="rollDoor02ColPartTop" node="0>2|3|2" />
    <i3dMapping id="rollDoor02Trigger" node="0>2|3|3" />
    <i3dMapping id="indoorArea1Start" node="0>3|0" />
    <i3dMapping id="indoorArea1Height" node="0>3|0|0" />
    <i3dMapping id="indoorArea1Width" node="0>3|0|1" />
    <i3dMapping id="levelArea1Start" node="0>4|0" />
    <i3dMapping id="levelArea1Height" node="0>4|0|0" />
    <i3dMapping id="levelArea1Width" node="0>4|0|1" />
    <i3dMapping id="lightNode01" node="0>5|0|0" />
    <i3dMapping id="lightNode02" node="0>5|0|1" />
    <i3dMapping id="lightNode03" node="0>5|0|2" />    
    <i3dMapping id="lightNode04" node="0>5|0|3" />
    <i3dMapping id="lightNode05" node="0>5|0|4" />
    <i3dMapping id="lightNode06" node="0>5|0|5" />
    <i3dMapping id="lightNode07" node="0>5|0|6" />
    <i3dMapping id="lightNode08" node="0>5|0|7" />
    <i3dMapping id="lightNode09" node="0>5|0|8" />
    <i3dMapping id="lightNode10" node="0>5|0|9" />
    <i3dMapping id="lightNode11" node="0>5|0|10" />
    <i3dMapping id="lightNode12" node="0>5|0|11" />
    <i3dMapping id="realLightsLow" node="0>5|1|0" />
    <i3dMapping id="realLightsHigh" node="0>5|1|1" />
    <i3dMapping id="realLightsHighOutside" node="0>5|1|2" />
    <i3dMapping id="realLightsLowOutside" node="0>5|1|3" />
    <i3dMapping id="lightSwitch01" node="0>5|2|0" />
    <i3dMapping id="lightSwitch02" node="0>5|2|1" />
    <i3dMapping id="lightSwitch03" node="0>5|2|2" />
    <i3dMapping id="lightSwitch04" node="0>5|2|3" />
    <i3dMapping id="lightTrigger" node="0>5|3" />
    <i3dMapping id="testArea1Start" node="0>7|0" />
    <i3dMapping id="testArea1End" node="0>7|0|0" />
    <i3dMapping id="tipOcclusionUpdateArea1Start" node="0>9|0" />
    <i3dMapping id="tipOcclusionUpdateArea1End" node="0>9|0|0" />   
    <i3dMapping id="vdiLargeStorageHall01_vis" node="0>10|1" />   
  </i3dMappings>
</placeable>
