<?xml version="1.0" encoding="utf-8" standalone="no" ?>
<modDesc descVersion="80">
    <author>Młody98</author>
	<contributors>JMZ</contributors>
    <version>1.0.0.0</version>
    <title>
        <en>Amazone Pantera 4502</en>
    </title>
    <description>
        <en>
            <![CDATA[
Price: 275000 $
Max. power: 218 hp
Max. speed: 50 kph
Max. working speed: 20 kph
Capacity: 4500 l
Working width: 21.0-40.0 m

Configurations:
- Base Color (Grey, Light Blue, Dark Blue)
- Lights (Default, Amazone, LED)
- Interior Color (Beige, GreyDark)
- Displays (Amatron 3, CCI 200, AmaPad)
- Transport hitch.
- Added selective weed control (Precision Farming DLC)
- "Manure System" is now supported.

- Mouse control to open the left door.
]]>
        </en>
        <de>
            <![CDATA[
Preis: 275000 €
Max. Leistung: 218 PS
Höchstgeschwindigkeit: 50 km/h
Arbeitsgeschwindigkeit: 20 km/h
Kapazität: 4500 l
Arbeitsbreite: 21.0-40.0 m

Konfigurationen:
- Hauptfarbe (Grau, Hellblau, Dunkelblau)
- Lichter (Standard, Amazone, LED)
- Innenfarbe (Beige, Dunkelgrau)
- Monitore (Amatron 3, CCI 200, AmaPad)
- Transport Kupplung.
- Selektive Unkrautbekämpfung hinzugefügt (Precision Farming DLC)
- „Manure System“ wird jetzt unterstützt.

- Maussteuerung zum öffnen der linken Tür.
]]>
        </de>
    </description>
    <iconFilename>icon_amazonePantera4502.dds</iconFilename>
    <multiplayer supported="true"/>

    <storeItems>
        <storeItem xmlFilename="amazonePantera4502.xml"/>
    </storeItems>
</modDesc>
