﻿<?xml version="1.0" encoding="utf-8" standalone="no" ?>
<vehicle type="baleWrapper" xmlns:xsi="http://www.w3.org/2001/XMLSchema-instance" xsi:noNamespaceSchemaLocation="https://validation.gdn.giants-software.com/xml/schema/vehicle.xsd">
    <annotation>Copyright (C) DD ModPassion, All Rights Reserved.</annotation>
    <storeData>
        <name>SW 4014</name>
        <image>$data/store/store_empty.png</image>
        <brand>KUHN</brand>
        <category>baleWrappers</category>
        <showInStore>false</showInStore>
    </storeData>
    <base>
        <filename>filename/foilWrapRoll.i3d</filename>
    </base>
    <fillUnit>
        <fillUnitConfigurations>
            <fillUnitConfiguration>
                <fillUnits>
                    <fillUnit unitTextOverride="$l10n_unit_mShort" fillTypeCategories="foilWrap" capacity="3000" canBeUnloaded="false" allowFoldingThreshold="6000"/>
                    <fillUnit unitTextOverride="$l10n_unit_mShort" fillTypeCategories="foilWrap" capacity="15000" canBeUnloaded="false" allowFoldingThreshold="30000" showOnHud="false" showOnInfoHud="false"/>
                </fillUnits>
            </fillUnitConfiguration>
        </fillUnitConfigurations>
    </fillUnit>
    <baleWrapper>
        <foilWrapAddon storage="fillUnit" configuration="1">
            <baseNode node="0>0|2|3|3"/>
            <roll node="0>0|2|3|3" translation="-1.446 1.339 0.84"/>
            <roll node="0>0|2|3|3" translation="1.451 1.339 -0.611" rotation="0 180 0"/>
            <material node="wrapFoilLeft"/>
            <material node="wrapFoilRight"/>
            <material node="leftOverFoilLeft" editVisibility="false"/>
            <material node="leftOverFoilRight" editVisibility="false"/>
            <storage node="0>0|2|0|8" translation="-0.0691786 0.138907 0.362131"/>
            <storage node="0>0|2|0|8" translation="-0.0727313 0.221784 0.0834478"/>
            <storage node="0>0|2|0|8" translation="-0.0740504 0.304582 -0.19708"/>
            <storage node="0>0|2|0|8" translation="-0.0779232 0.387278 -0.477261"/>
            <storage node="0>0|2|0|8" translation="0.185743 -0.174228 -0.152707"/>
            <storage node="0>0|2|0|8" translation="0.181871 -0.118318 -0.432888"/>
            <storage node="0>0|2|0|8" translation="0.187062 -0.229037 0.127821"/>
            <storage node="0>0|2|0|8" translation="0.190615 -0.282157 0.406505"/>
            <storage node="0>0|2|0|8" translation="-0.344098 -0.229037 0.127821"/>
            <storage node="0>0|2|0|8" translation="-0.340545 -0.282157 0.406505"/>
        </foilWrapAddon>
    </baleWrapper>
    <wearable showOnHud="false"/>
    <washable/>
</vehicle>