<?xml version="1.0" encoding="utf-8" standalone="no" ?>
<connectionHoses xmlns:xsi="http://www.w3.org/2001/XMLSchema-instance" xsi:noNamespaceSchemaLocation="https://validation.gdn.giants-software.com/xml/schema/connectionHoses.xsd">
    <annotation>Copyright (C) DD ModPassion, All Rights Reserved.</annotation>
    <basicHoses>
        <basicHose filename="filename/hoses.i3d" node="0|0" length="1" realLength="1" diameter="0.099" startStraightening="0.5" endStraightening="0.5" minCenterPointAngle="100"/>
        <basicHose filename="filename/hoses.i3d" node="0|1" length="2" realLength="2" diameter="0.099" startStraightening="1.0" endStraightening="1.0" minCenterPointAngle="100"/>
        <basicHose filename="filename/hoses.i3d" node="0|2" length="3" realLength="3" diameter="0.099" startStraightening="1.5" endStraightening="1.5" minCenterPointAngle="100"/>
    </basicHoses>
    <connectionHoseTypes>
        <!-- air -->
        <connectionHoseType name="airDoubleRed">
            <adapter name="DEFAULT" filename="$data/shared/connectionHoses/connectors.i3d" node="0|3" detachedNode="1|3"/>
            <material name="DEFAULT" filename="$data/shared/connectionHoses/hoseMaterialHolder.i3d" materialNode="0" defaultColor="0.05 0.05 0.05 5" uvOffset="0 0" uvScale="1 1"/>
            <material name="RED" filename="$data/shared/connectionHoses/hoseMaterialHolder.i3d" materialNode="0" defaultColor="0.3587 0.0328 0.0352 1" uvOffset="0 0" uvScale="1 1"/>
        </connectionHoseType>
        <connectionHoseType name="airDoubleYellow">
            <adapter name="DEFAULT" filename="$data/shared/connectionHoses/connectors.i3d" node="0|2" detachedNode="1|2"/>
            <material name="DEFAULT" filename="$data/shared/connectionHoses/hoseMaterialHolder.i3d" materialNode="0" defaultColor="0.05 0.05 0.05 5" uvOffset="0 0" uvScale="1 1"/>
            <material name="YELLOW" filename="$data/shared/connectionHoses/hoseMaterialHolder.i3d" materialNode="0" defaultColor="0.6730 0.4783 0.0230 1" uvOffset="0 0" uvScale="1 1"/>
        </connectionHoseType>
        <!-- hydraulic -->
        <connectionHoseType name="hydraulicIn">
            <adapter name="DEFAULT" filename="$data/shared/connectionHoses/connectors.i3d" node="0|0" detachedNode="1|0"/>
            <material name="DEFAULT" filename="$data/shared/connectionHoses/hoseMaterialHolder.i3d" materialNode="0" defaultColor="0.05 0.05 0.05 5" uvOffset="0 0" uvScale="1 1"/>
        </connectionHoseType>
        <connectionHoseType name="hydraulicOut">
            <adapter name="DEFAULT" filename="$data/shared/connectionHoses/connectors.i3d" node="0|0" detachedNode="1|0"/>
            <material name="DEFAULT" filename="$data/shared/connectionHoses/hoseMaterialHolder.i3d" materialNode="0" defaultColor="0.05 0.05 0.05 5" uvOffset="0 0" uvScale="1 1"/>
        </connectionHoseType>
    </connectionHoseTypes>
</connectionHoses>