<?xml version="1.0" encoding="utf-8" standalone="no" ?>
<vehicle type="trailerDefault" xmlns:xsi="http://www.w3.org/2001/XMLSchema-instance" xsi:noNamespaceSchemaLocation="https://validation.gdn.giants-software.com/xml/schema/vehicle.xsd">
    <annotation>Copyright (C) DD ModPassion, All Rights Reserved.</annotation>
    <parentFile xmlFilename="xmlFilename/RAT200_crossplay.xml">
        <attributes>
            <set path="vehicle.storeData.specs.capacity" value="0"/>
            <set path="vehicle.storeData.functions.function" value="$l10n_function_lowLoader"/>
            <set path="vehicle.storeData.image" value="image/store_RAT200_lowLoader.png"/>
            <set path="vehicle.storeData.category" value="lowLoaders"/>
            <set path="vehicle.configurationSets.configurationSet(0)#isDefault" value="true"/>
         </attributes>
    </parentFile>
    <storeData>
        <name>RAT200</name>
        <image>image/store_RAT200_lowLoader.png</image>
        <brand>PAVELLI</brand>
        <category>lowLoaders</category>
        <vertexBufferMemoryUsage>0</vertexBufferMemoryUsage>
        <indexBufferMemoryUsage>0</indexBufferMemoryUsage>
        <textureMemoryUsage>0</textureMemoryUsage>
        <audioMemoryUsage>0</audioMemoryUsage>
        <instanceVertexBufferMemoryUsage>0</instanceVertexBufferMemoryUsage>
        <instanceIndexBufferMemoryUsage>0</instanceIndexBufferMemoryUsage>
    </storeData>
    <wearable wearDuration="480" workMultiplier="5" fieldMultiplier="2"/>
    <washable dirtDuration="90" washDuration="1" workMultiplier="3" fieldMultiplier="2"/>
</vehicle>
