﻿<?xml version="1.0" encoding="utf-8" standalone="no" ?>
<modDesc descVersion="80">
    <author>PeterPwn247</author>
    <version>1.0.0.0</version>
    <multiplayer supported="true"/>
    <title>
        <en>ITRunner Roll-off Platform AL</en>
        <de>ITRunner Abrollplattform AL</de>
    </title>
    <description>
        <en><![CDATA[The ITRunner roll-off platform can transport pallets, big bags, liquid tanks and bales.
Because of Achimobil's "Pallet Autoload Specialization" the (un)loading works automagically.

Shop category: Miscellaneous
Price: 8,000 $
Configurations: Main color

The truck is not part of this mod, but can be found in the ModHub under "MAN TGX Crane HKL Pack". Also other hook lift vehicles can be used.

If you are using the "MAN TGX 26.640 HKL Rolland/IT Runner" make sure to select the "IT-Runner Container" option from the "Hooklift compatibility" configuration!]]></en>
        <de><![CDATA[Mit der Abrollplattform von ITRunner können Paletten, Bigbags, Flüssigkeitstanks und Ballen transportiert werden.
Dank der "Paletten Autoloader Spezialisierung" von Achimobil geht das Be- und Entladen wie von Zauberhand.

Shop Kategorie: Diverses
Preis: 8.000 €
Konfigurationen: Hauptfarbe

Der LKW ist nicht Bestandteil des Mods, kann aber im ModHub unter "MAN TGX Kran HKL Pack" gefunden werden. Auch andere Hakenliftfahrzeuge können genutzt werden.

Verwendet man den "MAN TGX 26.640 HKL Rolland/IT Runner" muss darauf geachtet werden, dass die Kaufoption "Hakenlift Ausführung" auf "IT-Runner Container" gestellt wird!]]></de>
    </description>
    <iconFilename>icon_ITRunnerPalletAutoLoader.dds</iconFilename>
    <dependencies>
        <dependency>FS22_aPalletAutoLoader</dependency>
    </dependencies>
    <storeItems>
        <storeItem xmlFilename="platform.xml"/>
    </storeItems>
    <vehicleTypes>
        <type name="PalletAutoLoaderPlatform" parent="trailer" filename="$dataS/scripts/vehicles/Vehicle.lua">
            <specialization name="hookLiftContainer"/>
            <specialization name="FS22_aPalletAutoLoader.aPalletAutoLoader"/>
        </type>
    </vehicleTypes>
    <brands>
        <brand name="ITRUNNER" title="IT Runner" image="brand_itrunner.dds"/>
    </brands>
    <l10n>
        <text name="function_hookLiftPlatform">
            <en>Roll-off platforms can be lifted and transported by hook lift vehicles.</en>
            <de>Abrollplattformen können auf ein Hakenliftfahrzeug aufgesattelt werden.</de>
        </text>
        <text name="function_platformLoad">
            <en>Can be loaded with pallets, big bags, liquid tanks and bales.</en>
            <de>Kann mit Paletten, Bigbags, Flüssigkeitstanks und Ballen beladen werden.</de>
        </text>
    </l10n>
</modDesc>