﻿<?xml version="1.0" encoding="utf-8" standalone="no"?>
<vehicle type="PalletAutoLoaderPlatform" xmlns:xsi="http://www.w3.org/2001/XMLSchema-instance" xsi:noNamespaceSchemaLocation="../../../../shared/xml/schema/vehicle.xsd">
    <annotation>Copyright (C) GIANTS Software GmbH, All Rights Reserved.</annotation>

    <storeData>
        <name>
            <en>Roll-off platform Autoload</en>
            <de>Abrollplattform Autoload</de>
        </name>
        <functions>
            <function>$l10n_function_hookLiftPlatform</function>
            <function>$l10n_function_platformLoad</function>
        </functions>
        <image>store_platform.dds</image>
        <price>8000</price>
        <lifetime>1000</lifetime>
        <rotation>0</rotation>
        <brand>ITRUNNER</brand>
        <category>misc</category>
        <vertexBufferMemoryUsage>144640</vertexBufferMemoryUsage>
        <indexBufferMemoryUsage>23040</indexBufferMemoryUsage>
        <textureMemoryUsage>589824</textureMemoryUsage>
        <audioMemoryUsage>0</audioMemoryUsage>
        <instanceVertexBufferMemoryUsage>0</instanceVertexBufferMemoryUsage>
        <instanceIndexBufferMemoryUsage>0</instanceIndexBufferMemoryUsage>
    </storeData>

    <base>
        <typeDesc>$l10n_typeDesc_container</typeDesc>
        <filename>platform.i3d</filename>
        <size width="3.5" length="8.5" lengthOffset="0.3"/>
        <components>
            <component centerOfMass="0 0.2 0" solverIterationCount="10" mass="2000"/>
        </components>
        <schemaOverlay attacherJointPosition="0 0" name="IMPLEMENT" />
        <mapHotspot type="TRAILER" />
    </base>

	<aPalletAutoLoader>
		<aPalletAutoLoaderConfigurations>
			<aPalletAutoLoaderConfiguration maxObjects="168" useBales="true" useTensionBelts="true" supportedObject="data/objects/pallets" UnloadLeftOffset="3 -0.3 0" UnloadRightOffset="-3 -0.4 0" UnloadBackOffset="0 -0.3 -7.5">
				<trigger node="loadTrigger"/>
				<pickupTriggers>
					<pickupTrigger node="pickupTriggerLeft"/>
					<pickupTrigger node="pickupTriggerRight"/>
					<pickupTrigger node="pickupTriggerBack"/>
				</pickupTriggers>
                <loadArea baseNode="loadingBase" leftRightCornerOffset="1.25 0 0" lenght="7" width="2.5" height="3"/>
			</aPalletAutoLoaderConfiguration>	
		</aPalletAutoLoaderConfigurations>        
	</aPalletAutoLoader>

    <wheels>
        <wheelConfigurations>
            <wheelConfiguration>
                <wheels autoRotateBackSpeed="2.0">
                    <wheel>
                        <physics restLoad="1.0" tipOcclusionAreaGroupId="1" repr="wheelLeft" radius="0.085" width="0.5" mass="0.02" initialCompression="50" suspTravel="0.05" spring="300" damper="100" frictionScale="0.8" yOffset="0.03"/>
                    </wheel>
                    <wheel>
                        <physics restLoad="1.0" tipOcclusionAreaGroupId="1" repr="wheelRight" radius="0.085" width="0.5" mass="0.02" initialCompression="50" suspTravel="0.05" spring="300" damper="100" frictionScale="0.8" yOffset="0.03"/>
                    </wheel>
                </wheels>
            </wheelConfiguration>
        </wheelConfigurations>
    </wheels>

    <attachable>
        <inputAttacherJoints>
            <inputAttacherJoint node="attacherJoint" jointType="hookLift" upperRotationOffset="0" allowsJointRotLimitMovement="false" forceSelectionOnAttach="false"/>
        </inputAttacherJoints>
    </attachable>

    <tensionBelts>
        <tensionBeltsConfigurations>
            <tensionBeltsConfiguration>
				<tensionBelts linkNode="tensionBelts" jointNode="platform_main_component1" activationTrigger="beltActivationTrigger" interactionRadius="1.25" ratchetPosition="0.25" geometryBias="0.005">
                    <tensionBelt startNode="tensionBelt1Start" endNode="tensionBelt1End"/>
                    <tensionBelt startNode="tensionBelt2Start" endNode="tensionBelt2End"/>
					<tensionBelt startNode="tensionBelt3Start" endNode="tensionBelt3End"/>
					<tensionBelt startNode="tensionBelt4Start" endNode="tensionBelt4End"/>
					<tensionBelt startNode="tensionBelt5Start" endNode="tensionBelt5End"/>
					<tensionBelt startNode="tensionBelt6Start" endNode="tensionBelt6End"/>
					<tensionBelt startNode="tensionBelt7Start" endNode="tensionBelt7End"/>
					<tensionBelt startNode="tensionBelt8Start" endNode="tensionBelt8End"/>
                    <sounds>
                        <addBelt template="beltOpen"/>
                        <removeBelt template="beltClose"/>
                    </sounds>
                </tensionBelts>
            </tensionBeltsConfiguration>
        </tensionBeltsConfigurations>
    </tensionBelts>

    <ai>
        <agentAttachment jointNode="platform_main_component1" width="2" height="2" length="6" lengthOffset="2"/>
    </ai>

    <wearable wearDuration="480" workMultiplier="5" fieldMultiplier="2"/>
    <washable dirtDuration="90" washDuration="1" workMultiplier="3" fieldMultiplier="2"/>

    <foliageBending>
        <bendingNode minX="-1.35" maxX="1.35" minZ="-3.5" maxZ="4.1" yOffset="0.2" node="0>"/>
    </foliageBending>

    <baseMaterial>
        <material name="platform_mat" baseNode="platform">
            <shaderParameter name="colorMat0" value="SHARED_BLACKONYX"/>
        </material>
    </baseMaterial>

    <baseMaterialConfigurations price="1500" useDefaultColors="true" defaultColorIndex="7">
		<material name="platform_mat" shaderParameter="colorMat0" />
    </baseMaterialConfigurations>

    <i3dMappings>
        <i3dMapping id="platform_main_component1" node="0>"/>
        <i3dMapping id="wheelLeft" node="0>0"/>
        <i3dMapping id="wheelRight" node="0>1"/>
        <i3dMapping id="attacherJoint" node="0>2"/>
        <i3dMapping id="tensionBelts" node="0>3"/>
        <i3dMapping id="beltActivationTrigger" node="0>3|1"/>
        <i3dMapping id="tensionBelt1Start" node="0>3|2|0"/>
        <i3dMapping id="tensionBelt1End" node="0>3|2|0|0"/>
        <i3dMapping id="tensionBelt2Start" node="0>3|2|1"/>
        <i3dMapping id="tensionBelt2End" node="0>3|2|1|0"/>
		<i3dMapping id="tensionBelt3Start" node="0>3|2|2"/>
        <i3dMapping id="tensionBelt3End" node="0>3|2|2|0"/>
        <i3dMapping id="tensionBelt4Start" node="0>3|2|3"/>
        <i3dMapping id="tensionBelt4End" node="0>3|2|3|0"/>
        <i3dMapping id="tensionBelt5Start" node="0>3|2|4"/>
        <i3dMapping id="tensionBelt5End" node="0>3|2|4|0"/>
        <i3dMapping id="tensionBelt6Start" node="0>3|2|5"/>
        <i3dMapping id="tensionBelt6End" node="0>3|2|5|0"/>
        <i3dMapping id="tensionBelt7Start" node="0>3|2|6"/>
        <i3dMapping id="tensionBelt7End" node="0>3|2|6|0"/>
        <i3dMapping id="tensionBelt8Start" node="0>3|2|7"/>
        <i3dMapping id="tensionBelt8End" node="0>3|2|7|0"/>
        <i3dMapping id="platform" node="0>4"/>
        <i3dMapping id="loadingBase" node="0>6|0"/>
        <i3dMapping id="loadTrigger" node="0>6|1"/>
        <i3dMapping id="pickupTriggerLeft" node="0>6|2"/>
        <i3dMapping id="pickupTriggerRight" node="0>6|3"/>
        <i3dMapping id="pickupTriggerBack" node="0>6|4"/>
    </i3dMappings>
</vehicle>