﻿<?xml version="1.0" encoding="utf-8" standalone="no" ?>
<modDesc descVersion="72">

    <author>Hispano</author>
    <version>2.0.0.0</version>
	
	<title>
		<es>Lizard Hilerador Frontal</es>
		<en>Lizard Front Windrower</en>
		<de>Lizard Frontschwader</de>
		<fr>Lizard Andaineur Avant</fr>
	</title>	
	
    <description>
        <es>
            <![CDATA[El Hilerador Frontal Lizard lo podemos enganchar tanto en la parte trasera del tractor como en la delantera.
Para trabajar con el en la parte trasera necesitaremos un tractor con el volante reversible.
Si lo usamos en la parte delantera del tractor podemos enganchar en la parte trasera otra herramienta y ahorrarnos un trabajo.

4 modelos disponibles.

R100
- Precio: 32.500 €
- Ancho de trabajo: 10,3 metros

T120
- Precio: 41.650 €
- Ancho de trabajo: 12 metros

T160
- Precio: 52.500 €
- Ancho de trabajo: 16 metros

T200
- Precio: 69.500 €
- Ancho de trabajo: 20 metros

Caracteristicas de todos los modelos.
- Luces de trabajo centrales y en los extremos opcionales.
- Seleccion de color en base, diseño y llantas.
- Configuración de pegatinas de diferentes marcas.

Registro de cambios v2.0.0.0:
- Añadidos tres nuevos modelos.
- Luces de trabajo en los extremos.
- Modelo 3D y texturas mejoradas.
- Pegatinas de diferentes marcas.]]>
		</es>
        <en>
            <![CDATA[The Lizard Front Windrower can be hooked both to the rear of the tractor and to the front.
To work with it at the rear we will need a tractor with a reversible steering wheel.
If we use it at the front of the tractor we can attach another tool to the rear and save ourselves a job.

4 models available.

R100
- Price: 32.500 $
- Working width: 10.3 meters

T120
- Price: 41.650 $
- Working width: 12 meters

T160
- Price: 52.500 $
- Working width: 16 meters

T200
- Price: 69.500 $
- Working width: 20 meters

Characteristics of all models.
- Optional central and end work lights.
- Color selection based on design and rims.
- Configuration of stickers of different brands.

Changelog v2.0.0.0:
- Added three new models.
- Work lights at the ends.
- 3D model and improved textures.
- Stickers of different brands.]]>
		</en>
        <de>
            <![CDATA[Der Lizard Frontschwader kann sowohl hinten am Traktor als auch vorne angehängt werden.
Um hinten damit zu arbeiten, benötigen wir einen Traktor mit umkehrbarem Lenkrad.
Wenn wir es vorne am Traktor verwenden, können wir hinten ein weiteres Werkzeug anbringen und sparen uns Arbeit.

4 Modelle verfügbar.

R100
- Preis: 32.500 €
- Arbeitsbreite: 10,3 Meter

T120
- Preis: 41.650 €
- Arbeitsbreite: 12 Meter

T160
- Preis: 52.500 €
- Arbeitsbreite: 16 Meter

T200
- Preis: 69.500 €
- Arbeitsbreite: 20 Meter

Eigenschaften aller Modelle.
- Optionale zentrale und Endarbeitsscheinwerfer.
- Farbauswahl nach Design und Felgen.
- Konfiguration von Aufklebern verschiedener Marken.

Änderungsprotokoll v2.0.0.0:
- Drei neue Modelle hinzugefügt.
- Arbeitsscheinwerfer an den Enden.
- 3D-Modell und verbesserte Texturen.
- Aufkleber verschiedener Marken.]]>
		</de>        
        <fr>
            <![CDATA[L'andaineur avant Lizard peut être accroché aussi bien à l'arrière du tracteur qu'à l'avant.
Pour travailler avec à l'arrière, nous aurons besoin d'un tracteur avec un volant réversible.
Si nous l'utilisons à l'avant du tracteur, nous pouvons attacher un autre outil à l'arrière et nous épargner un travail.

4 modèles disponibles.

R100
- Prix : 32.500 €
- Largeur de travail : 10,3 mètres

T120
- Prix : 41.650 €
- Largeur de travail : 12 mètres

T160
- Prix : 52.500 €
- Largeur de travail : 16 mètres

T200
- Prix : 69.500 €
- Largeur de travail : 20 mètres

Caractéristiques de tous les modèles.
- Feux de travail central et d'extrémité en option.
- Sélection de couleurs basée sur le design et les jantes.
- Configuration d'autocollants de différentes marques.

Journal des modifications v2.0.0.0 :
- Ajout de trois nouveaux modèles.
- Feux de travail aux extrémités.
- Modèle 3D et textures améliorées.
- Autocollants de différentes marques.]]>
		</fr>        
    </description>
	
    <iconFilename>icon_hilerador.dds</iconFilename>
	
    <multiplayer supported="true" />
	
	<l10n filenamePrefix="translations/l10n"/>
	
    <storeItems>
        <storeItem xmlFilename="xml/nadalr90.xml"/>
    </storeItems>
			
</modDesc>
