<?xml version="1.0" encoding="utf-8" standalone="no"?>
<vehicle type="baleWrapper" xmlns:xsi="http://www.w3.org/2001/XMLSchema-instance" xsi:noNamespaceSchemaLocation="https://validation.gdn.giants-software.com/xml/schema/vehicle.xsd">
    <annotation>Copyright (C) DD ModPassion, All Rights Reserved.</annotation>
	<storeData>
        <name>Tekla Z-274/1</name>
        <image>$data/store/store_empty.png</image>
        <brand>SIPMA</brand>
        <category>baleWrappers</category>
        <showInStore>false</showInStore>
    </storeData>
    <base>
        <filename>filename/foilWrapRoll.i3d</filename>
    </base>
    <fillUnit>
        <fillUnitConfigurations>
            <fillUnitConfiguration>
                <fillUnits>
                    <fillUnit unitTextOverride="$l10n_unit_mShort" fillTypeCategories="foilWrap" capacity="1500" canBeUnloaded="false" allowFoldingThreshold="3000"/>
                </fillUnits>
            </fillUnitConfiguration>
        </fillUnitConfigurations>
    </fillUnit>
	<baleWrapper>
        <foilWrapAddon>
            <baseNode node="0>0|0|3"/>
            <roll node="0>0|0|3" translation="0 0.25 0" rotation="0 45 0" scale="0.75 0.655 0.75"/>
            <material node="0>0|0|1"/>
            <material node="0>0|0|2"/>
            <material node="0>0|0|0|4" editVisibility="false"/>
        </foilWrapAddon>
    </baleWrapper>
    <wearable showOnHud="false"/>
    <washable/>
</vehicle>