﻿<?xml version="1.0" encoding="utf-8" standalone="no" ?>
<vehicle type="implement" xmlns:xsi="http://www.w3.org/2001/XMLSchema-instance" xsi:noNamespaceSchemaLocation="https://validation.gdn.giants-software.com/xml/fs22/1.2.0.0/vehicle.xsd">
    <storeData>
        <name>1200kg</name>
        <functions>
            <function>$l10n_function_weight</function>
        </functions>
        <rotation>0</rotation>
        <image>vehicles/schoema/store_schoemaWeight1200kg.dds</image>
        <price>1000</price>
        <lifetime>600</lifetime>
        <brand>SCHOEMA</brand>
        <category>weights</category>
        <shopHeight>2</shopHeight>
        <vertexBufferMemoryUsage>72960</vertexBufferMemoryUsage>
        <indexBufferMemoryUsage>16896</indexBufferMemoryUsage>
        <textureMemoryUsage>524288</textureMemoryUsage>
        <audioMemoryUsage>0</audioMemoryUsage>
        <instanceVertexBufferMemoryUsage>0</instanceVertexBufferMemoryUsage>
        <instanceIndexBufferMemoryUsage>0</instanceIndexBufferMemoryUsage>
    </storeData>

	<base>
        <typeDesc>$l10n_typeDesc_weight</typeDesc>
        <filename>vehicles/schoema/weight1200.i3d</filename>
        <size width="1.1" height="1.2" length="0.7" lengthOffset="-0.05"/>
        <components>
            <component centerOfMass="0 0 -0.068" solverIterationCount="10" mass="1200"/>
        </components>
        <schemaOverlay attacherJointPosition="0 0" name="IMPLEMENT"/>
        <mapHotspot type="OTHER"/>
    </base>

    <attacherJoints>
        <attacherJoint node="trailerAttacherJoint" jointType="trailer" lowerRotLimit="10 80 80" upperRotationOffset="0" allowsJointLimitMovement="false">
            <schema position="1 0" rotation="0" invertX="false"/>
        </attacherJoint>
        <sounds>
            <attach template="ATTACH_01" linkNode="0>"/>
        </sounds>
    </attacherJoints>

    <attachable>
        <inputAttacherJoints>
            <inputAttacherJoint node="attacherJoint" jointType="implement" topReferenceNode="topReferenceNode" lowerRotLimitScale="0 0 0" upperRotationOffset="0" lowerRotationOffset="-8">
                <distanceToGround lower="0.4" upper="1.5"/>
            </inputAttacherJoint>
        </inputAttacherJoints>
    </attachable>

    <ai>
        <agentAttachment width="1.1" height="1.2" length="0.75" lengthOffset="0"/>
    </ai>

	<foliageBending>
        <bendingNode minX="-0.5" maxX="0.5" minZ="-0.4" maxZ="0.25" yOffset="0"/>
    </foliageBending>

   <baseMaterial>
        <material name="schoema_mat" baseNode="visuals">
            <shaderParameter name="colorMat0" value="FENDT_BLACK1"/>
        </material>
    </baseMaterial>

    <baseMaterialConfigurations price="100" useDefaultColors="true" defaultColorIndex="6">
        <material name="schoema_mat" shaderParameter="colorMat0"/>
    </baseMaterialConfigurations>

	<wearable wearDuration="480" workMultiplier="5" fieldMultiplier="2"/>
    <washable dirtDuration="90" washDuration="1" workMultiplier="2" fieldMultiplier="2"/>

	<i3dMappings>
        <i3dMapping id="attacherJoint" node="0>0"/>
        <i3dMapping id="topReferenceNode" node="0>1"/>
        <i3dMapping id="trailerAttacherJoint" node="0>2"/>
        <i3dMapping id="visuals" node="0>3"/>
		<i3dMapping id="rope" node="0>4"/>
    </i3dMappings>	
</vehicle>
