<?xml version='1.0' encoding='utf-8'?>
<vehicle type="implement" xmlns:xsi="http://www.w3.org/2001/XMLSchema-instance" xsi:noNamespaceSchemaLocation="https://validation.gdn.giants-software.com/xml/fs22/1.2.0.0/vehicle.xsd">
  <storeData>
        <name>500kg</name>
        <functions>
            <function>$l10n_function_weight</function>
        </functions>
        <rotation>0</rotation>
        <image>vehicles/schoema/store_schoemaWeight500kg.png</image>
        <price>1200</price>
        <lifetime>600</lifetime>
        <brand>SCHOEMA</brand>
        <category>weights</category>
        <shopHeight>2</shopHeight>
        <vertexBufferMemoryUsage>121856</vertexBufferMemoryUsage>
        <indexBufferMemoryUsage>24320</indexBufferMemoryUsage>
        <textureMemoryUsage>524288</textureMemoryUsage>
        <audioMemoryUsage>0</audioMemoryUsage>
        <instanceVertexBufferMemoryUsage>0</instanceVertexBufferMemoryUsage>
        <instanceIndexBufferMemoryUsage>0</instanceIndexBufferMemoryUsage>
    </storeData>

    <base>
        <typeDesc>$l10n_typeDesc_weight</typeDesc>
        <filename>vehicles/schoema/weight500.i3d</filename>
        <size width="1.1" height="0.9" length="0.75" lengthOffset="0.1"/>
        <components>
            <component centerOfMass="0 0.1 0" solverIterationCount="10" mass="500"/>
        </components>
        <schemaOverlay attacherJointPosition="0 0" name="IMPLEMENT"/>
        <mapHotspot type="OTHER"/>
    </base>

    <attacherJoints>
        <attacherJoint node="frontAttacherJoint" jointType="implement" allowsLowering="false" lowerTransLimit="0 0 0" lowerRotLimit="0 0 0">
            <topArm baseNode="upperLink" filename="$data/shared/assets/upperLinks/walterscheid01.i3d" zScale="-1" toggleVisibility="true"  color="SHARED_BLACK1"/>
            <schema position="1 0" rotation="0" invertX="false"/>
        </attacherJoint>
        <sounds>
            <attach template="ATTACH_01" linkNode="schoemaWeight500_main_component"/>
        </sounds>
    </attacherJoints>

    <attachable>
        <inputAttacherJoints>
            <inputAttacherJoint node="attacherJoint" jointType="implement" topReferenceNode="topReferenceNode" lowerRotLimitScale="0 0 0" upperRotationOffset="1" lowerRotationOffset="0" needsLowering="false">
                <distanceToGround lower="0" upper="1.0"/>
            </inputAttacherJoint>
        </inputAttacherJoints>
    </attachable>

    <ai>
        <agentAttachment width="1.1" height="0.9" length="0.75" lengthOffset="0.1"/>
    </ai>

    <foliageBending>
        <bendingNode minX="-0.6" maxX="0.6" minZ="-0.3" maxZ="0.45" yOffset="0.1"/>
    </foliageBending>

    <baseMaterial>
        <material name="schoemaWeight_mat" baseNode="schoemaWeight500_vis">
            <shaderParameter name="colorMat0" value="FENDT_BLACK1"/>
        </material>
    </baseMaterial>

    <baseMaterialConfigurations price="100" useDefaultColors="true" defaultColorIndex="6">
        <material name="schoemaWeight_mat" shaderParameter="colorMat0"/>
    </baseMaterialConfigurations>

    <wearable wearDuration="480" workMultiplier="5" fieldMultiplier="2"/>
    <washable dirtDuration="90" washDuration="1" workMultiplier="2" fieldMultiplier="2"/>

    <i3dMappings>
        <i3dMapping id="schoemaWeight500_main_component" node="0>" />
        <i3dMapping id="schoemaWeight500_vis" node="0>0" />
        <i3dMapping id="attacherJoint" node="0>0|0|0" />
        <i3dMapping id="topReferenceNode" node="0>0|0|0|0" />
        <i3dMapping id="frontAttacherJoint" node="0>0|0|1" />
        <i3dMapping id="upperLink" node="0>0|0|1|0" />
    </i3dMappings>
</vehicle>
