<?xml version='1.0' encoding='utf-8'?>
<vehicle type="implement_attacherJointControl" xmlns:xsi="http://www.w3.org/2001/XMLSchema-instance" xsi:noNamespaceSchemaLocation="https://validation.gdn.giants-software.com/xml/fs22/1.2.0.0/vehicle.xsd">
    <storeData>
        <name>2000kg</name>
        <functions>
            <function>$l10n_function_weight</function>
        </functions>
        <rotation>0</rotation>
        <image>vehicles/schoema/store_schoemaWeight2000kg.png</image>
        <price>2000</price>
        <lifetime>600</lifetime>
        <brand>SCHOEMA</brand>
        <category>weights</category>
        <vertexBufferMemoryUsage>528640</vertexBufferMemoryUsage>
        <indexBufferMemoryUsage>96512</indexBufferMemoryUsage>
        <textureMemoryUsage>524288</textureMemoryUsage>
        <audioMemoryUsage>0</audioMemoryUsage>
        <instanceVertexBufferMemoryUsage>0</instanceVertexBufferMemoryUsage>
        <instanceIndexBufferMemoryUsage>0</instanceIndexBufferMemoryUsage>
    </storeData>

    <base>
        <typeDesc>$l10n_typeDesc_weight</typeDesc>
        <filename>vehicles/schoema/weight2000.i3d</filename>
        <size width="2.5" length="0.5" height="1"/>
        <components>
            <component centerOfMass="0 0.16 0" solverIterationCount="10" mass="800"/>
        </components>
        <schemaOverlay attacherJointPosition="0 0" name="IMPLEMENT"/>
        <mapHotspot type="OTHER"/>
    </base>

    <attacherJoints comboDuration="1">
        <attacherJointConfigurations>
            <attacherJointConfiguration name="$l10n_configuration_valueDefault">
                <attacherJoint node="trailerAttacherJoint" jointType="trailer" lowerRotLimit="10 50 80" upperRotationOffset="0" allowsJointLimitMovement="false">
                    <schema position="1 0" rotation="0" invertX="false"/>
                </attacherJoint>
            </attacherJointConfiguration>
            <attacherJointConfiguration name="$l10n_configuration_packer" price="125">
                <attacherJoint node="packerAttacherJoint" jointType="implement" allowsLowering="false" lowerTransLimit="0 0 0" lowerRotLimit="0 0 0">
                    <schema position="1 0" rotation="0" invertX="false"/>
                </attacherJoint>
                <attacherJoint node="trailerAttacherJoint" jointType="trailer" lowerRotLimit="10 50 80" upperRotationOffset="0" allowsJointLimitMovement="false">
                    <schema position="1 0" rotation="0" invertX="false"/>
                </attacherJoint>
                <objectChange node="attacherPacker" visibilityActive="true" visibilityInactive="false"/>
            </attacherJointConfiguration>
            <attacherJointConfiguration name="$l10n_configuration_implement" price="250">
                <attacherJoint node="frontAttacherJoint" jointType="implement" allowsLowering="false" lowerTransLimit="0 0 0" lowerRotLimit="0 0 0">
                    <topArm baseNode="upperLink" filename="$data/shared/assets/upperLinks/walterscheid01.i3d" zScale="-1" toggleVisibility="true" color="SHARED_BLACK1"/>
                    <schema position="1 0" rotation="0" invertX="false"/>
                </attacherJoint>
                <attacherJoint node="trailerAttacherJoint" jointType="trailer" lowerRotLimit="10 50 80" upperRotationOffset="0" allowsJointLimitMovement="false">
                    <schema position="1 0" rotation="0" invertX="false"/>
                </attacherJoint>
                <objectChange node="attacherImplement" visibilityActive="true" visibilityInactive="false"/>
            </attacherJointConfiguration>
        </attacherJointConfigurations>
        <sounds>
            <attach template="ATTACH_01" linkNode="0>"/>
        </sounds>
    </attacherJoints>

    <attachable>
        <inputAttacherJointConfigurations title="$l10n_configuration_lights">
            <inputAttacherJointConfiguration name="$l10n_configuration_valueNo" connectionHoseConfigId="1" price="0">
                <inputAttacherJoint node="attacherJoint" jointType="implement" topReferenceNode="topReferenceNode" lowerRotLimitScale="0 0 0" upperRotationOffset="1" lowerRotationOffset="1" needsLowering="false" isControllable="true">
                    <distanceToGround lower="0" upper="1.1"/>
                </inputAttacherJoint>
                <objectChange node="lights" visibilityActive="false"/>
            </inputAttacherJointConfiguration>
            <inputAttacherJointConfiguration name="$l10n_configuration_valueYes" connectionHoseConfigId="2" price="225">
                <inputAttacherJoint node="attacherJoint" jointType="implement" topReferenceNode="topReferenceNode" lowerRotLimitScale="0 0 0" upperRotationOffset="1" lowerRotationOffset="1" needsLowering="false" isControllable="true">
                    <distanceToGround lower="0" upper="1.1"/>
                </inputAttacherJoint>
                <objectChange node="lights" visibilityActive="true" visibilityInactive="false"/>
            </inputAttacherJointConfiguration>
        </inputAttacherJointConfigurations>
    </attachable>

    <attacherJointControl>
        <control controlFunction="controlAttacherJointHeight" controlAxis="AXIS_HYDRAULICATTACHER1" invertControlAxis="true" mouseSpeedFactor="0.3" iconName="IMPLEMENT_ATTACHER_TRANS"/>
        <sounds>
            <hydraulic template="defaultHydraulicSound" linkNode="0>"/>
        </sounds>
    </attacherJointControl>

    <lights>
        <states>
            <state lightTypes="0"/>
        </states>
        <sharedLight linkNode="sideMarkerLeft" lightTypes="0" filename="$data/shared/assets/lights/lizard/frontLight04_left.xml"/>
        <sharedLight linkNode="sideMarkerRight" lightTypes="0" filename="$data/shared/assets/lights/lizard/frontLight04_right.xml"/>
        <realLights>
            <high>
                <light node="frontLights" lightTypes="0"/>
                <turnLightLeft node="turnLightLeft"/>
                <turnLightRight node="turnLightRight"/>
            </high>
        </realLights>
        <sounds>
            <toggleLights template="SWITCH_01" linkNode="0>"/>
        </sounds>
    </lights>

    <connectionHoses maxUpdateDistance="50">
        <connectionHoseConfigurations>
            <connectionHoseConfiguration/>
            <connectionHoseConfiguration>
                <hose inputAttacherJointIndices="1" type="electric" node="electric" adapterNode="electricConnector" length="0.55" diameter="0.006" straighteningFactor="0.5">
                    <objectChange node="electricConnector" visibilityActive="true" visibilityInactive="false"/>
                    <objectChange node="electricSocket" visibilityActive="true" visibilityInactive="false"/>
                    <objectChange node="electricSocketClosed" visibilityActive="false" visibilityInactive="true"/>
                </hose>
                <target attacherJointIndices="0" type="electric" node="electricSocketClosed" socket="electric"/>
            </connectionHoseConfiguration>
        </connectionHoseConfigurations>
    </connectionHoses>

    <dynamicallyLoadedParts>
        <dynamicallyLoadedPart node="2|0" linkNode="electricSocket" filename="$data/shared/connectionHoses/connectors.i3d"/>
    </dynamicallyLoadedParts>

    <designConfigurations title="$l10n_configuration_weight">
        <!-- 800kg -->
        <designConfiguration name="$l10n_configuration_800" price="90">
            <objectChange node="plate200" visibilityActive="false"/>
            <objectChange node="plate400" visibilityActive="false"/>
            <objectChange node="plate600" visibilityActive="false"/>
            <objectChange node="plate800" visibilityActive="false"/>
            <objectChange node="plate1000" visibilityActive="false"/>
            <objectChange node="plate1200" visibilityActive="false"/>
            <objectChange node="screwsWeight" translationActive="0 0 0"/>
            <objectChange node="schoemaWeight2000_main_component" massActive="800"/>
        </designConfiguration>
        <!-- 1000kg -->
        <designConfiguration name="$l10n_configuration_1000" price="180">
            <objectChange node="plate200" visibilityActive="true" visibilityInactive="false"/>
            <objectChange node="screwsWeight" translationActive="0 0.06 0"/>
            <objectChange node="schoemaWeight2000_main_component" massActive="1000"/>
        </designConfiguration>
        <!-- 1200kg -->
        <designConfiguration name="$l10n_configuration_1200" price="270">
            <objectChange node="plate200" visibilityActive="true" visibilityInactive="false"/>
            <objectChange node="plate400" visibilityActive="true" visibilityInactive="false"/>
            <objectChange node="screwsWeight" translationActive="0 0.12 0"/>
            <objectChange node="schoemaWeight2000_main_component" massActive="1200"/>
        </designConfiguration>
        <!-- 1400kg -->
        <designConfiguration name="$l10n_configuration_1400" price="360">
            <objectChange node="plate200" visibilityActive="true" visibilityInactive="false"/>
            <objectChange node="plate400" visibilityActive="true" visibilityInactive="false"/>
            <objectChange node="plate600" visibilityActive="true" visibilityInactive="false"/>
            <objectChange node="screwsWeight" translationActive="0 0.18 0"/>
            <objectChange node="schoemaWeight2000_main_component" massActive="1400"/>
        </designConfiguration>
        <!-- 1600kg -->
        <designConfiguration name="$l10n_configuration_1600" price="450">
            <objectChange node="plate200" visibilityActive="true" visibilityInactive="false"/>
            <objectChange node="plate400" visibilityActive="true" visibilityInactive="false"/>
            <objectChange node="plate600" visibilityActive="true" visibilityInactive="false"/>
            <objectChange node="plate800" visibilityActive="true" visibilityInactive="false"/>
            <objectChange node="screwsWeight" translationActive="0 0.24 0"/>
            <objectChange node="schoemaWeight2000_main_component" massActive="1600"/>
        </designConfiguration>
        <!-- 1800kg -->
        <designConfiguration name="$l10n_configuration_1800" price="540">
            <objectChange node="plate200" visibilityActive="true" visibilityInactive="false"/>
            <objectChange node="plate400" visibilityActive="true" visibilityInactive="false"/>
            <objectChange node="plate600" visibilityActive="true" visibilityInactive="false"/>
            <objectChange node="plate800" visibilityActive="true" visibilityInactive="false"/>
            <objectChange node="plate1000" visibilityActive="true" visibilityInactive="false"/>
            <objectChange node="screwsWeight" translationActive="0 0.30 0"/>
            <objectChange node="schoemaWeight2000_main_component" massActive="1800"/>
        </designConfiguration>
        <!-- 2000kg -->
        <designConfiguration name="$l10n_configuration_2000" price="630">
            <objectChange node="plate200" visibilityActive="true" visibilityInactive="false"/>
            <objectChange node="plate400" visibilityActive="true" visibilityInactive="false"/>
            <objectChange node="plate600" visibilityActive="true" visibilityInactive="false"/>
            <objectChange node="plate800" visibilityActive="true" visibilityInactive="false"/>
            <objectChange node="plate1000" visibilityActive="true" visibilityInactive="false"/>
            <objectChange node="plate1200" visibilityActive="true" visibilityInactive="false"/>
            <objectChange node="screwsWeight" translationActive="0 0.36 0"/>
            <objectChange node="schoemaWeight2000_main_component" massActive="2000"/>
        </designConfiguration>
    </designConfigurations>

    <ai>
        <agentAttachment width="2.5" height="1.0" length="0.5"/>
    </ai>

    <foliageBending>
        <bendingNode minX="-1.2" maxX="1.2" minZ="-0.2" maxZ="0.2"/>
    </foliageBending>

    <baseMaterial>
        <material name="schoemaWeight_mat" baseNode="schoemaWeight2000_vis">
            <shaderParameter name="colorMat0" value="FENDT_BLACK1"/>
            <shaderParameter name="colorMat1" value="CASEIH_RED1"/>
        </material>
    </baseMaterial>

    <baseMaterialConfigurations price="100" useDefaultColors="true" defaultColorIndex="6">
        <material name="schoemaWeight_mat" shaderParameter="colorMat0"/>
    </baseMaterialConfigurations>

    <designMaterialConfigurations price="100" useDefaultColors="true" defaultColorIndex="14">
        <material name="schoemaWeight_mat" shaderParameter="colorMat1"/>
    </designMaterialConfigurations>

    <wearable wearDuration="480" workMultiplier="5" fieldMultiplier="2"/>
    <washable dirtDuration="90" washDuration="1" workMultiplier="2" fieldMultiplier="2"/>

    <i3dMappings>
        <i3dMapping id="schoemaWeight2000_main_component" node="0>" />
        <i3dMapping id="schoemaWeight2000_vis" node="0>0" />
        <i3dMapping id="trailerAttacherJoint" node="0>0|0|0" />
        <i3dMapping id="frontAttacherJoint" node="0>0|0|1" />
        <i3dMapping id="upperLink" node="0>0|0|1|0" />
        <i3dMapping id="packerAttacherJoint" node="0>0|0|2" />
        <i3dMapping id="attacherJoint" node="0>0|0|3" />
        <i3dMapping id="topReferenceNode" node="0>0|0|3|0" />
        <i3dMapping id="lights" node="0>0|1" />
        <i3dMapping id="frontLights" node="0>0|1|0|0" />
        <i3dMapping id="turnLightLeft" node="0>0|1|0|1" />
        <i3dMapping id="turnLightRight" node="0>0|1|0|2" />
        <i3dMapping id="sideMarkerLeft" node="0>0|1|1|0" />
        <i3dMapping id="sideMarkerRight" node="0>0|1|1|1" />
        <i3dMapping id="electricConnector" node="0>0|1|1|2" />
        <i3dMapping id="electric" node="0>0|1|1|3" />
        <i3dMapping id="electricSocketClosed" node="0>0|1|1|4" />
        <i3dMapping id="electricSocket" node="0>0|1|1|5" />
        <i3dMapping id="plate200" node="0>0|2|0|0" />
        <i3dMapping id="plate400" node="0>0|2|0|1" />
        <i3dMapping id="plate600" node="0>0|2|0|2" />
        <i3dMapping id="plate800" node="0>0|2|0|3" />
        <i3dMapping id="plate1000" node="0>0|2|0|4" />
        <i3dMapping id="plate1200" node="0>0|2|0|5" />
        <i3dMapping id="screwsWeight" node="0>0|2|0|6" />
        <i3dMapping id="attacherImplement" node="0>0|2|1|0" />
        <i3dMapping id="attacherPacker" node="0>0|2|1|1" />
    </i3dMappings>
</vehicle>
