<?xml version="1.0" encoding="utf-8" standalone="no" ?>
<modDesc descVersion="80">
    <author>Dogface, BDBSSB</author>
    <version>1.0.0.0</version>
    <title>
        <en>WSVS Cultivator / Subsoiler</en>
		<de>WSVS-Grubber / Tiefenlockerer</de>
		<fr>Cultivateur / Sous-soleuse WSVS</fr>
		<cz>Kultivátor / Hloubkový Kypřič WSVS</cz>
    </title>
    <description>
        <en>
            <![CDATA[This is the Cultivator module for the Lizard Wide-Span Vehicle System (WSVS). This implement operates like a standard cultivator when attached to the WSVS tractor. 

This is the Subsoiler module for the Lizard Wide-Span Vehicle System (WSVS). This implement operates like a standard subsoiler when attached to the WSVS tractor. There is also a Plow option in the store. 

Wide span vehicle systems are a specialized type of farming vehicle that significantly exceeds the width of typical vehicles. The primary purpose behind using wide span vehicles in agriculture is to minimize soil damage caused by farm vehicles. 

WSVS CLT1
Price: 56,500 $
Working width: 13 m


WSVS SS13
Price: 56,500 $
Working width: 13 m]]>
</en>
        <de>
            <![CDATA[Dies ist das Grubbermodul für das Lizard Wide-Span Vehicle System (WSVS). Dieses Gerät funktioniert wie ein Standardgrubber, wenn es an den WSVS-Traktor angeschlossen wird.

Dies ist das Tiefenlockerer-Modul für das Lizard Wide-Span Vehicle System (WSVS). Dieses Gerät funktioniert wie ein normaler Tiefenlockerer, wenn es an den WSVS-Traktor angeschlossen wird. Im Shop ist auch eine Pflugoption erhältlich.

Wide-Span-Fahrzeugsysteme sind ein spezieller Typ von landwirtschaftlichen Fahrzeugen, der die Breite typischer Fahrzeuge deutlich überschreitet. Der Hauptzweck der Verwendung von Wide-Span-Fahrzeugen in der Landwirtschaft besteht darin, Bodenschäden durch landwirtschaftliche Fahrzeuge zu minimieren.

WSVS CLT1
Preis: 56.500 €
Arbeitsbreite: 13 m

WSVS SS13
Preis: 56.500 €
Arbeitsbreite: 13 m]]>
</de>
        <fr>
            <![CDATA[Il s'agit du module Cultivateur pour le système de véhicule à grande portée Lizard (WSVS). Cet outil fonctionne comme un cultivateur standard lorsqu'il est attaché au tracteur WSVS.

Il s'agit du module sous-soleuse pour le système de véhicule à grande portée Lizard (WSVS). Cet outil fonctionne comme une sous-soleuse standard lorsqu'il est attaché au tracteur WSVS. Il existe également une option Charrue dans le magasin.

Les systèmes de véhicules à grande portée sont un type spécialisé de véhicule agricole qui dépasse considérablement la largeur des véhicules typiques. L’objectif principal de l’utilisation de véhicules à grande portée en agriculture est de minimiser les dommages au sol causés par les véhicules agricoles.

WSVS CLT1
Prix ​​: 56 500 €
Largeur de travail : 13 m

WSVS SS13
Prix ​​: 56 500 €
Largeur de travail : 13 m]]>
</fr>
		<cz>
            <![CDATA[Toto je modul kultivátoru pro Lizard Wide-Span Vehicle System (WSVS). Toto nářadí po připojení k traktoru WSVS funguje jako standardní kultivátor.

Toto je modul Subsoiler pro systém Lizard Wide-Span Vehicle System (WSVS). Toto nářadí po připojení k traktoru WSVS funguje jako standardní kypřič. V obchodě je také možnost Pluh.

Systémy vozidel s velkým rozpětím jsou specializovaným typem zemědělského vozidla, které výrazně přesahuje šířku typických vozidel. Primárním účelem používání vozidel s velkým rozpětím v zemědělství je minimalizovat poškození půdy způsobené zemědělskými vozidly.

WSVS CLT1
Cena: 56 500 €
Pracovní záběr: 13m

WSVS SS13
Cena: 56 500 €
Pracovní záběr: 13m]]>
</cz>
    </description>
	
    <iconFilename>icon_wsvsCultivator.dds</iconFilename>
    <multiplayer supported="true" />
	
    <dependencies>
        <dependency>FS22_wsvsTractorComDfBd</dependency>
    </dependencies>

    <storeItems>
        <storeItem xmlFilename="wsvsCultivator.xml" />
        <storeItem xmlFilename="wsvsSubsoiler.xml" />
    </storeItems>
	
    <l10n>
        <text name="color_wsvs_tank_yellow">
            <en>WSVS Yellow</en>
            <de>WSVS Gelb</de>
            <fr>WSVS jaune</fr>
			<cz>WSVS Žlutá</cz>
        </text>
        <text name="color_wsvs_tank_white">
            <en>WSVS White</en>
            <de>WSVS Weiß</de>
            <fr>WSVS blanc</fr>
			<cz>WSVS Bílý</cz>
        </text>
        <text name="color_wsvs_tank_green">
            <en>WSVS Green</en>
            <de>WSVS Grün</de>
            <fr>WSVS vert</fr>
			<cz>WSVS Zelená</cz>
        </text>
        <text name="title_main_tank">
            <en>Bracket</en>
            <de>Halterung</de>
            <fr>Entretoise</fr>
			<cz>Závorka </cz>
        </text>
        <text name="title_cover">
            <en>Design</en>
            <de>Design</de>
            <fr>Conception</fr>
			<cz>Design</cz>
        </text>
        <text name="title_seederC">
            <en>Cultivator</en>
            <de>Grubber</de>
            <fr>Cultivateur</fr>
			<cz>Kultivátor</cz>
        </text>
        <text name="title_seederS">
            <en>Subsoiler</en>
            <de>Tiefenlockerer</de>
            <fr>Sous-soleuse</fr>
			<cz>Hloubkový kypřič</cz>
        </text>
	</l10n>
</modDesc>
