﻿<?xml version="1.0" encoding="utf-8" standalone="no" ?>
<vehicle type="cultivator" xmlns:xsi="http://www.w3.org/2001/XMLSchema-instance" xsi:noNamespaceSchemaLocation="../../../../shared/xml/schema/vehicle.xsd">
    <annotation>Copyright (C) GIANTS Software GmbH, All Rights Reserved.</annotation>

    <storeData>
        <name>WSVS CLT1</name>
        <specs>
            <workingWidth>13</workingWidth>
        </specs>
        <functions>
            <function>$l10n_function_cultivator</function>
        </functions>
        <image>store_wsvsCultivator.png</image>
        <price>56500</price>
        <lifetime>600</lifetime>
        <rotation>0</rotation>
        <brand>LIZARD</brand>
        <category>cultivators</category>
        <shopTranslationOffset>0 0.001 0</shopTranslationOffset>
        <shopRotationOffset>0.028 0 0</shopRotationOffset>
		
        <vertexBufferMemoryUsage>12862976</vertexBufferMemoryUsage>
        <indexBufferMemoryUsage>2036224</indexBufferMemoryUsage>
        <textureMemoryUsage>3801088</textureMemoryUsage>
        <audioMemoryUsage>0</audioMemoryUsage>
        <instanceVertexBufferMemoryUsage>0</instanceVertexBufferMemoryUsage>
        <instanceIndexBufferMemoryUsage>0</instanceIndexBufferMemoryUsage>
    </storeData>

    <base>
        <typeDesc>$l10n_typeDesc_cultivator</typeDesc>
        <filename>wsvsCultivator.i3d</filename>
        <size width="15" length="7.5"/>
        <speedLimit value="15"/>
        <components>
            <component centerOfMass="-1 0.5 0" solverIterationCount="20" mass="2600" />
            <component centerOfMass="0 -0.5 -0.5" solverIterationCount="20" mass="500" />
            <component centerOfMass="0 -0.5 -0.5" solverIterationCount="20" mass="500" />
            <joint component1="1" component2="2" node="componentJoint1" rotLimit="0 0 0" transLimit="0 0 0" />
            <joint component1="1" component2="3" node="componentJoint2" rotLimit="0 0 0" transLimit="0 0 0" />
        </components>
        <schemaOverlay attacherJointPosition="-2.5 0" name="IMPLEMENT" />
        <sounds volumeFactor="1.6"/>
        <mapHotspot type="TOOL" />
    </base>

    <wheels>
        <wheelConfigurations>
            <wheelConfiguration>
                <wheels>
                    <wheel>
                        <physics restLoad="0.3" repr="wheel01" useReprDirection="true"  radius="0.3" width="0.2" mass="0.1" forcePointRatio="0.5" initialCompression="20" suspTravel="0.05" spring="80" damper="40" brakeFactor="0" />
                    </wheel>
                   <wheel>
                        <physics restLoad="0.3" repr="wheel02" useReprDirection="true" radius="0.3" width="0.2" mass="0.1" forcePointRatio="0.5" initialCompression="20" suspTravel="0.05" spring="80" damper="40" brakeFactor="0" />
                    </wheel>
                    <wheel>
                        <physics restLoad="0.3" repr="wheel03" useReprDirection="true"  radius="0.3" width="0.2" mass="0.1" forcePointRatio="0.5" initialCompression="20" suspTravel="0.05" spring="80" damper="40" brakeFactor="0" />
                    </wheel>
                   <wheel>
                        <physics restLoad="0.3" repr="wheel04" useReprDirection="true" radius="0.3" width="0.2" mass="0.1" forcePointRatio="0.5" initialCompression="20" suspTravel="0.05" spring="80" damper="40" brakeFactor="0" />
                    </wheel>
                    <wheel>
                        <physics restLoad="0.3" repr="wheel05" useReprDirection="true"  radius="0.3" width="0.2" mass="0.1" forcePointRatio="0.5" initialCompression="20" suspTravel="0.05" spring="80" damper="40" brakeFactor="0" />
                    </wheel>
                   <wheel>
                        <physics restLoad="0.3" repr="wheel06" useReprDirection="true" radius="0.3" width="0.2" mass="0.1" forcePointRatio="0.5" initialCompression="20" suspTravel="0.05" spring="80" damper="40" brakeFactor="0" />
                    </wheel>
                   <wheel>
                        <physics restLoad="0.3" repr="wheel07" useReprDirection="true" radius="0.3" width="0.2" mass="0.1" forcePointRatio="0.5" initialCompression="20" suspTravel="0.05" spring="80" damper="40" brakeFactor="0" />
                    </wheel>
                   <wheel>
                        <physics restLoad="0.3" repr="wheel08" useReprDirection="true" radius="0.3" width="0.2" mass="0.1" forcePointRatio="0.5" initialCompression="20" suspTravel="0.05" spring="80" damper="40" brakeFactor="0" />
                    </wheel>
                    <wheel>
                        <physics restLoad="0.3" repr="wheel09" useReprDirection="true"  radius="0.3" width="0.2" mass="0.1" forcePointRatio="0.5" initialCompression="20" suspTravel="0.05" spring="80" damper="40" brakeFactor="0" />
                    </wheel>
                   <wheel>
                        <physics restLoad="0.3" repr="wheel10" useReprDirection="true" radius="0.3" width="0.2" mass="0.1" forcePointRatio="0.5" initialCompression="20" suspTravel="0.05" spring="80" damper="40" brakeFactor="0" />
                    </wheel>
                   <wheel>
                        <physics restLoad="0.3" repr="wheel11" useReprDirection="true" radius="0.3" width="0.2" mass="0.1" forcePointRatio="0.5" initialCompression="20" suspTravel="0.05" spring="80" damper="40" brakeFactor="0" />
                    </wheel>
                   <wheel>
                        <physics restLoad="0.3" repr="wheel12" useReprDirection="true" radius="0.3" width="0.2" mass="0.1" forcePointRatio="0.5" initialCompression="20" suspTravel="0.05" spring="80" damper="40" brakeFactor="0" />
                    </wheel>
                </wheels>
            </wheelConfiguration>
        </wheelConfigurations>
	</wheels>

    <speedRotatingParts>
        <speedRotatingPart node="diskFront01" radius="0.2" foldMinLimit="0" foldMaxLimit="0.142857" groundReferenceNodeIndex="1"/>
        <speedRotatingPart node="diskRear01" radius="0.2" foldMinLimit="0" foldMaxLimit="0.142857" groundReferenceNodeIndex="1"/>
        <speedRotatingPart node="diskFront02" radius="0.2" foldMinLimit="0" foldMaxLimit="0.142857" groundReferenceNodeIndex="1"/>
        <speedRotatingPart node="diskRear02" radius="0.2" foldMinLimit="0" foldMaxLimit="0.142857" groundReferenceNodeIndex="1"/>
    </speedRotatingParts>

    <attachable>
        <inputAttacherJoints>
            <inputAttacherJoint node="attacherJoint" jointType="implement" lowerRotLimitScale="0 0 0" upperRotLimitScale="0 0 0" upperRotationOffset="0" lowerTransLimitScale="0 0 0" upperTransLimitScale="0 0 0">
                <distanceToGround lower="0.3" upper="0.9" />
            </inputAttacherJoint>
			<inputAttacherJoint node="attacherJoint02" jointType="frontloader" fixedRotation="true" allowFolding="false" allowTurnOn="false" canBeTurnedOn="false" allowAI="false" allowsLowering="false" />
        </inputAttacherJoints>
        <support animationName="moveSupport" delayedOnAttach="false" detachAfterAnimation="false"/>
    </attachable>

    <dynamicallyLoadedParts>		
        <dynamicallyLoadedPart node="1|0" linkNode="dummyConnection01" filename="$data/shared/connectionHoses/connectors.i3d"/>
        <dynamicallyLoadedPart node="1|0" linkNode="dummyConnection02" filename="$data/shared/connectionHoses/connectors.i3d"/>
        <dynamicallyLoadedPart node="0|0" linkNode="dummyConnection03" filename="$data/shared/connectionHoses/connectors.i3d"/>
        <dynamicallyLoadedPart node="0|0" linkNode="dummyConnection04" filename="$data/shared/connectionHoses/connectors.i3d"/>
        <dynamicallyLoadedPart node="1|4" linkNode="dummyConnection05" filename="$data/shared/connectionHoses/connectors.i3d"/>
        <dynamicallyLoadedPart node="1|4" linkNode="dummyConnection06" filename="$data/shared/connectionHoses/connectors.i3d"/>
        <dynamicallyLoadedPart node="1|4" linkNode="dummyConnection07" filename="$data/shared/connectionHoses/connectors.i3d"/>
        <dynamicallyLoadedPart node="1|4" linkNode="dummyConnection08" filename="$data/shared/connectionHoses/connectors.i3d"/>
        <dynamicallyLoadedPart node="1|5" linkNode="dummyConnection09" filename="$data/shared/connectionHoses/connectors.i3d"/>
        <dynamicallyLoadedPart node="2|8" linkNode="dummyConnection10" filename="$data/shared/connectionHoses/connectors.i3d"/>
        <dynamicallyLoadedPart node="0"   linkNode="powerswitchNode"   filename="$data/shared/assets/lights/rudolfHormann/powerSwitch.i3d"/>
        <dynamicallyLoadedPart node="0"   linkNode="redRound_01"   		filename="$data/shared/assets/reflectors/lizard/redRound_01.i3d"/>
        <dynamicallyLoadedPart node="0"   linkNode="whiteRound_01"		filename="$data/shared/assets/reflectors/lizard/whiteRound_01.i3d"/>
        <dynamicallyLoadedPart node="0"   linkNode="yellowRound_01"		filename="$data/shared/assets/reflectors/lizard/yellowRound_01.i3d"/>
    </dynamicallyLoadedParts>

    <groundReferenceNodes>
        <groundReferenceNode node="groundReferenceNode"  forceFactor="1" threshold="0.05" depthNode="depthNode" chargeValue="0.5"/>
    </groundReferenceNodes>

    <workAreas>
        <workArea type="cultivator" functionName="processCultivatorArea" needsSetIsTurnedOn="false" >
            <area startNode="areaStart" widthNode="areaWidth" heightNode="areaHeight" />
            <groundReferenceNode index="1" />
            <onlyActiveWhenLowered value="true"/>
        </workArea>
    </workAreas>	

    <workParticles>
		<effect workAreaIndex="1">
            <effectNode effectClass="CultivatorMotionPathEffect" effectType="CULTIVATOR" linkNode="rollerEffect01LinkNode">
                <motionPathEffect textureFilename="$data/vehicles/horsch/terrano3FX/rollerEffect01Array.dds" numRows="20" rowLength="18" minFade="0.07" density="0.75" densityScale="0.35"/>
            </effectNode>
            <effectNode effectClass="CultivatorMotionPathEffect" effectType="CULTIVATOR" linkNode="rollerEffect02LinkNode">
                <motionPathEffect textureFilename="$data/vehicles/horsch/terrano3FX/rollerEffect01Array.dds" numRows="20" rowLength="18" minFade="0.07" density="0.75" densityScale="0.35"/>
            </effectNode>
            <effectNode effectClass="CultivatorMotionPathEffect" effectType="CULTIVATOR" linkNode="rollerEffect03LinkNode">
                <motionPathEffect textureFilename="$data/vehicles/horsch/terrano3FX/rollerEffect01Array.dds" numRows="20" rowLength="18" minFade="0.07" density="0.75" densityScale="0.35"/>
            </effectNode>
            <effectNode effectClass="CultivatorMotionPathEffect" effectType="CULTIVATOR" linkNode="rollerEffect04LinkNode">
                <motionPathEffect textureFilename="$data/vehicles/horsch/terrano3FX/rollerEffect01Array.dds" numRows="20" rowLength="18" minFade="0.07" density="0.75" densityScale="0.35"/>
            </effectNode>
			
            <effectNode effectClass="CultivatorMotionPathEffect" effectType="CULTIVATOR" linkNode="rollerEffect05LinkNode">
                <motionPathEffect textureFilename="$data/vehicles/horsch/terrano3FX/rollerEffect01Array.dds" numRows="20" rowLength="18" minFade="0.07" density="0.75" densityScale="0.35"/>
            </effectNode>
            <effectNode effectClass="CultivatorMotionPathEffect" effectType="CULTIVATOR" linkNode="rollerEffect06LinkNode">
                <motionPathEffect textureFilename="$data/vehicles/horsch/terrano3FX/rollerEffect01Array.dds" numRows="20" rowLength="18" minFade="0.07" density="0.75" densityScale="0.35"/>
            </effectNode>
            <effectNode effectClass="CultivatorMotionPathEffect" effectType="CULTIVATOR" linkNode="rollerEffect07LinkNode">
                <motionPathEffect textureFilename="$data/vehicles/horsch/terrano3FX/rollerEffect01Array.dds" numRows="20" rowLength="18" minFade="0.07" density="0.75" densityScale="0.35"/>
            </effectNode>
            <effectNode effectClass="CultivatorMotionPathEffect" effectType="CULTIVATOR" linkNode="rollerEffect08LinkNode">
                <motionPathEffect textureFilename="$data/vehicles/horsch/terrano3FX/rollerEffect01Array.dds" numRows="20" rowLength="18" minFade="0.07" density="0.75" densityScale="0.35"/>
            </effectNode>
			
            <effectNode effectClass="CultivatorMotionPathEffect" effectType="CULTIVATOR" linkNode="sweepEffectLinkNode01">
                <motionPathEffect textureFilename="$data/effects/cultivator/arrays/sharedCultivatorSweepArray01.dds" numRows="20" rowLength="18" minFade="0.07" isCultivatorSweepEffect="true" />
            </effectNode>
            <effectNode effectClass="CultivatorMotionPathEffect" effectType="CULTIVATOR" linkNode="sweepEffectLinkNode02">
                <motionPathEffect textureFilename="$data/effects/cultivator/arrays/sharedCultivatorSweepArray01.dds" numRows="20" rowLength="18" minFade="0.07" isCultivatorSweepEffect="true" />
            </effectNode>
            <effectNode effectClass="CultivatorMotionPathEffect" effectType="CULTIVATOR" linkNode="sweepEffectLinkNode03">
                <motionPathEffect textureFilename="$data/effects/cultivator/arrays/sharedCultivatorSweepArray01.dds" numRows="20" rowLength="18" minFade="0.07" isCultivatorSweepEffect="true" />
            </effectNode>
            <effectNode effectClass="CultivatorMotionPathEffect" effectType="CULTIVATOR" linkNode="sweepEffectLinkNode04">
                <motionPathEffect textureFilename="$data/effects/cultivator/arrays/sharedCultivatorSweepArray01.dds" numRows="20" rowLength="18" minFade="0.07" isCultivatorSweepEffect="true" />
            </effectNode>
            <effectNode effectClass="CultivatorMotionPathEffect" effectType="CULTIVATOR" linkNode="sweepEffectLinkNode05">
                <motionPathEffect textureFilename="$data/effects/cultivator/arrays/sharedCultivatorSweepArray01.dds" numRows="20" rowLength="18" minFade="0.07" isCultivatorSweepEffect="true" />
            </effectNode>
            <effectNode effectClass="CultivatorMotionPathEffect" effectType="CULTIVATOR" linkNode="sweepEffectLinkNode06">
                <motionPathEffect textureFilename="$data/effects/cultivator/arrays/sharedCultivatorSweepArray01.dds" numRows="20" rowLength="18" minFade="0.07" isCultivatorSweepEffect="true" />
            </effectNode>
            <effectNode effectClass="CultivatorMotionPathEffect" effectType="CULTIVATOR" linkNode="sweepEffectLinkNode07">
                <motionPathEffect textureFilename="$data/effects/cultivator/arrays/sharedCultivatorSweepArray01.dds" numRows="20" rowLength="18" minFade="0.07" isCultivatorSweepEffect="true" />
            </effectNode>
            <effectNode effectClass="CultivatorMotionPathEffect" effectType="CULTIVATOR" linkNode="sweepEffectLinkNode08">
                <motionPathEffect textureFilename="$data/effects/cultivator/arrays/sharedCultivatorSweepArray01.dds" numRows="20" rowLength="18" minFade="0.07" isCultivatorSweepEffect="true" />
            </effectNode>
            <effectNode effectClass="CultivatorMotionPathEffect" effectType="CULTIVATOR" linkNode="sweepEffectLinkNode09">
                <motionPathEffect textureFilename="$data/effects/cultivator/arrays/sharedCultivatorSweepArray01.dds" numRows="20" rowLength="18" minFade="0.07" isCultivatorSweepEffect="true" />
            </effectNode>
            <effectNode effectClass="CultivatorMotionPathEffect" effectType="CULTIVATOR" linkNode="sweepEffectLinkNode10">
                <motionPathEffect textureFilename="$data/effects/cultivator/arrays/sharedCultivatorSweepArray01.dds" numRows="20" rowLength="18" minFade="0.07" isCultivatorSweepEffect="true" />
            </effectNode>
            <effectNode effectClass="CultivatorMotionPathEffect" effectType="CULTIVATOR" linkNode="sweepEffectLinkNode11">
                <motionPathEffect textureFilename="$data/effects/cultivator/arrays/sharedCultivatorSweepArray01.dds" numRows="20" rowLength="18" minFade="0.07" isCultivatorSweepEffect="true" />
            </effectNode>
            <effectNode effectClass="CultivatorMotionPathEffect" effectType="CULTIVATOR" linkNode="sweepEffectLinkNode12">
                <motionPathEffect textureFilename="$data/effects/cultivator/arrays/sharedCultivatorSweepArray01.dds" numRows="20" rowLength="18" minFade="0.07" isCultivatorSweepEffect="true" />
            </effectNode>
            <effectNode effectClass="CultivatorMotionPathEffect" effectType="CULTIVATOR" linkNode="sweepEffectLinkNode13">
                <motionPathEffect textureFilename="$data/effects/cultivator/arrays/sharedCultivatorSweepArray01.dds" numRows="20" rowLength="18" minFade="0.07" isCultivatorSweepEffect="true" />
            </effectNode>
            <effectNode effectClass="CultivatorMotionPathEffect" effectType="CULTIVATOR" linkNode="sweepEffectLinkNode14">
                <motionPathEffect textureFilename="$data/effects/cultivator/arrays/sharedCultivatorSweepArray01.dds" numRows="20" rowLength="18" minFade="0.07" isCultivatorSweepEffect="true" />
            </effectNode>
            <effectNode effectClass="CultivatorMotionPathEffect" effectType="CULTIVATOR" linkNode="sweepEffectLinkNode15">
                <motionPathEffect textureFilename="$data/effects/cultivator/arrays/sharedCultivatorSweepArray01.dds" numRows="20" rowLength="18" minFade="0.07" isCultivatorSweepEffect="true" />
            </effectNode>
            <effectNode effectClass="CultivatorMotionPathEffect" effectType="CULTIVATOR" linkNode="sweepEffectLinkNode16">
                <motionPathEffect textureFilename="$data/effects/cultivator/arrays/sharedCultivatorSweepArray01.dds" numRows="20" rowLength="18" minFade="0.07" isCultivatorSweepEffect="true" />
            </effectNode>
            <effectNode effectClass="CultivatorMotionPathEffect" effectType="CULTIVATOR" linkNode="sweepEffectLinkNode17">
                <motionPathEffect textureFilename="$data/effects/cultivator/arrays/sharedCultivatorSweepArray01.dds" numRows="20" rowLength="18" minFade="0.07" isCultivatorSweepEffect="true" />
            </effectNode>
            <effectNode effectClass="CultivatorMotionPathEffect" effectType="CULTIVATOR" linkNode="sweepEffectLinkNode18">
                <motionPathEffect textureFilename="$data/effects/cultivator/arrays/sharedCultivatorSweepArray01.dds" numRows="20" rowLength="18" minFade="0.07" isCultivatorSweepEffect="true" />
            </effectNode>			
			
            <effectNode effectClass="CultivatorMotionPathEffect" effectType="CULTIVATOR" linkNode="sweepEffectLinkNode19">
                <motionPathEffect textureFilename="$data/effects/cultivator/arrays/sharedCultivatorSweepArray01.dds" numRows="20" rowLength="18" minFade="0.07" isCultivatorSweepEffect="true" />
            </effectNode>
            <effectNode effectClass="CultivatorMotionPathEffect" effectType="CULTIVATOR" linkNode="sweepEffectLinkNode20">
                <motionPathEffect textureFilename="$data/effects/cultivator/arrays/sharedCultivatorSweepArray01.dds" numRows="20" rowLength="18" minFade="0.07" isCultivatorSweepEffect="true" />
            </effectNode>
            <effectNode effectClass="CultivatorMotionPathEffect" effectType="CULTIVATOR" linkNode="sweepEffectLinkNode21">
                <motionPathEffect textureFilename="$data/effects/cultivator/arrays/sharedCultivatorSweepArray01.dds" numRows="20" rowLength="18" minFade="0.07" isCultivatorSweepEffect="true" />
            </effectNode>
            <effectNode effectClass="CultivatorMotionPathEffect" effectType="CULTIVATOR" linkNode="sweepEffectLinkNode22">
                <motionPathEffect textureFilename="$data/effects/cultivator/arrays/sharedCultivatorSweepArray01.dds" numRows="20" rowLength="18" minFade="0.07" isCultivatorSweepEffect="true" />
            </effectNode>
            <effectNode effectClass="CultivatorMotionPathEffect" effectType="CULTIVATOR" linkNode="sweepEffectLinkNode23">
                <motionPathEffect textureFilename="$data/effects/cultivator/arrays/sharedCultivatorSweepArray01.dds" numRows="20" rowLength="18" minFade="0.07" isCultivatorSweepEffect="true" />
            </effectNode>
            <effectNode effectClass="CultivatorMotionPathEffect" effectType="CULTIVATOR" linkNode="sweepEffectLinkNode24">
                <motionPathEffect textureFilename="$data/effects/cultivator/arrays/sharedCultivatorSweepArray01.dds" numRows="20" rowLength="18" minFade="0.07" isCultivatorSweepEffect="true" />
            </effectNode>
            <effectNode effectClass="CultivatorMotionPathEffect" effectType="CULTIVATOR" linkNode="sweepEffectLinkNode25">
                <motionPathEffect textureFilename="$data/effects/cultivator/arrays/sharedCultivatorSweepArray01.dds" numRows="20" rowLength="18" minFade="0.07" isCultivatorSweepEffect="true" />
            </effectNode>
            <effectNode effectClass="CultivatorMotionPathEffect" effectType="CULTIVATOR" linkNode="sweepEffectLinkNode26">
                <motionPathEffect textureFilename="$data/effects/cultivator/arrays/sharedCultivatorSweepArray01.dds" numRows="20" rowLength="18" minFade="0.07" isCultivatorSweepEffect="true" />
            </effectNode>
            <effectNode effectClass="CultivatorMotionPathEffect" effectType="CULTIVATOR" linkNode="sweepEffectLinkNode27">
                <motionPathEffect textureFilename="$data/effects/cultivator/arrays/sharedCultivatorSweepArray01.dds" numRows="20" rowLength="18" minFade="0.07" isCultivatorSweepEffect="true" />
            </effectNode>
            <effectNode effectClass="CultivatorMotionPathEffect" effectType="CULTIVATOR" linkNode="sweepEffectLinkNode28">
                <motionPathEffect textureFilename="$data/effects/cultivator/arrays/sharedCultivatorSweepArray01.dds" numRows="20" rowLength="18" minFade="0.07" isCultivatorSweepEffect="true" />
            </effectNode>
            <effectNode effectClass="CultivatorMotionPathEffect" effectType="CULTIVATOR" linkNode="sweepEffectLinkNode29">
                <motionPathEffect textureFilename="$data/effects/cultivator/arrays/sharedCultivatorSweepArray01.dds" numRows="20" rowLength="18" minFade="0.07" isCultivatorSweepEffect="true" />
            </effectNode>
            <effectNode effectClass="CultivatorMotionPathEffect" effectType="CULTIVATOR" linkNode="sweepEffectLinkNode30">
                <motionPathEffect textureFilename="$data/effects/cultivator/arrays/sharedCultivatorSweepArray01.dds" numRows="20" rowLength="18" minFade="0.07" isCultivatorSweepEffect="true" />
            </effectNode>
            <effectNode effectClass="CultivatorMotionPathEffect" effectType="CULTIVATOR" linkNode="sweepEffectLinkNode31">
                <motionPathEffect textureFilename="$data/effects/cultivator/arrays/sharedCultivatorSweepArray01.dds" numRows="20" rowLength="18" minFade="0.07" isCultivatorSweepEffect="true" />
            </effectNode>
            <effectNode effectClass="CultivatorMotionPathEffect" effectType="CULTIVATOR" linkNode="sweepEffectLinkNode32">
                <motionPathEffect textureFilename="$data/effects/cultivator/arrays/sharedCultivatorSweepArray01.dds" numRows="20" rowLength="18" minFade="0.07" isCultivatorSweepEffect="true" />
            </effectNode>
            <effectNode effectClass="CultivatorMotionPathEffect" effectType="CULTIVATOR" linkNode="sweepEffectLinkNode33">
                <motionPathEffect textureFilename="$data/effects/cultivator/arrays/sharedCultivatorSweepArray01.dds" numRows="20" rowLength="18" minFade="0.07" isCultivatorSweepEffect="true" />
            </effectNode>
            <effectNode effectClass="CultivatorMotionPathEffect" effectType="CULTIVATOR" linkNode="sweepEffectLinkNode34">
                <motionPathEffect textureFilename="$data/effects/cultivator/arrays/sharedCultivatorSweepArray01.dds" numRows="20" rowLength="18" minFade="0.07" isCultivatorSweepEffect="true" />
            </effectNode>
            <effectNode effectClass="CultivatorMotionPathEffect" effectType="CULTIVATOR" linkNode="sweepEffectLinkNode35">
                <motionPathEffect textureFilename="$data/effects/cultivator/arrays/sharedCultivatorSweepArray01.dds" numRows="20" rowLength="18" minFade="0.07" isCultivatorSweepEffect="true" />
            </effectNode>
            <effectNode effectClass="CultivatorMotionPathEffect" effectType="CULTIVATOR" linkNode="sweepEffectLinkNode36">
                <motionPathEffect textureFilename="$data/effects/cultivator/arrays/sharedCultivatorSweepArray01.dds" numRows="20" rowLength="18" minFade="0.07" isCultivatorSweepEffect="true" />
            </effectNode>
			
            <effectNode effectClass="CultivatorMotionPathEffect" effectType="CULTIVATOR" linkNode="sweepEffectLinkNode37">
                <motionPathEffect textureFilename="$data/effects/cultivator/arrays/sharedCultivatorSweepArray01.dds" numRows="20" rowLength="18" minFade="0.07" isCultivatorSweepEffect="true" />
            </effectNode>
            <effectNode effectClass="CultivatorMotionPathEffect" effectType="CULTIVATOR" linkNode="sweepEffectLinkNode38">
                <motionPathEffect textureFilename="$data/effects/cultivator/arrays/sharedCultivatorSweepArray01.dds" numRows="20" rowLength="18" minFade="0.07" isCultivatorSweepEffect="true" />
            </effectNode>
            <effectNode effectClass="CultivatorMotionPathEffect" effectType="CULTIVATOR" linkNode="sweepEffectLinkNode39">
                <motionPathEffect textureFilename="$data/effects/cultivator/arrays/sharedCultivatorSweepArray01.dds" numRows="20" rowLength="18" minFade="0.07" isCultivatorSweepEffect="true" />
            </effectNode>
            <effectNode effectClass="CultivatorMotionPathEffect" effectType="CULTIVATOR" linkNode="sweepEffectLinkNode40">
                <motionPathEffect textureFilename="$data/effects/cultivator/arrays/sharedCultivatorSweepArray01.dds" numRows="20" rowLength="18" minFade="0.07" isCultivatorSweepEffect="true" />
            </effectNode>
            <effectNode effectClass="CultivatorMotionPathEffect" effectType="CULTIVATOR" linkNode="sweepEffectLinkNode41">
                <motionPathEffect textureFilename="$data/effects/cultivator/arrays/sharedCultivatorSweepArray01.dds" numRows="20" rowLength="18" minFade="0.07" isCultivatorSweepEffect="true" />
            </effectNode>
            <effectNode effectClass="CultivatorMotionPathEffect" effectType="CULTIVATOR" linkNode="sweepEffectLinkNode42">
                <motionPathEffect textureFilename="$data/effects/cultivator/arrays/sharedCultivatorSweepArray01.dds" numRows="20" rowLength="18" minFade="0.07" isCultivatorSweepEffect="true" />
            </effectNode>
            <effectNode effectClass="CultivatorMotionPathEffect" effectType="CULTIVATOR" linkNode="sweepEffectLinkNode43">
                <motionPathEffect textureFilename="$data/effects/cultivator/arrays/sharedCultivatorSweepArray01.dds" numRows="20" rowLength="18" minFade="0.07" isCultivatorSweepEffect="true" />
            </effectNode>
            <effectNode effectClass="CultivatorMotionPathEffect" effectType="CULTIVATOR" linkNode="sweepEffectLinkNode44">
                <motionPathEffect textureFilename="$data/effects/cultivator/arrays/sharedCultivatorSweepArray01.dds" numRows="20" rowLength="18" minFade="0.07" isCultivatorSweepEffect="true" />
            </effectNode>
            <effectNode effectClass="CultivatorMotionPathEffect" effectType="CULTIVATOR" linkNode="sweepEffectLinkNode45">
                <motionPathEffect textureFilename="$data/effects/cultivator/arrays/sharedCultivatorSweepArray01.dds" numRows="20" rowLength="18" minFade="0.07" isCultivatorSweepEffect="true" />
            </effectNode>			
			
            <effectNode effectClass="CultivatorMotionPathEffect" effectType="CULTIVATOR" linkNode="sweepEffectLinkNode46">
                <motionPathEffect textureFilename="$data/effects/cultivator/arrays/sharedCultivatorSweepArray01.dds" numRows="20" rowLength="18" minFade="0.07" isCultivatorSweepEffect="true" />
            </effectNode>
            <effectNode effectClass="CultivatorMotionPathEffect" effectType="CULTIVATOR" linkNode="sweepEffectLinkNode47">
                <motionPathEffect textureFilename="$data/effects/cultivator/arrays/sharedCultivatorSweepArray01.dds" numRows="20" rowLength="18" minFade="0.07" isCultivatorSweepEffect="true" />
            </effectNode>
            <effectNode effectClass="CultivatorMotionPathEffect" effectType="CULTIVATOR" linkNode="sweepEffectLinkNode48">
                <motionPathEffect textureFilename="$data/effects/cultivator/arrays/sharedCultivatorSweepArray01.dds" numRows="20" rowLength="18" minFade="0.07" isCultivatorSweepEffect="true" />
            </effectNode>
            <effectNode effectClass="CultivatorMotionPathEffect" effectType="CULTIVATOR" linkNode="sweepEffectLinkNode49">
                <motionPathEffect textureFilename="$data/effects/cultivator/arrays/sharedCultivatorSweepArray01.dds" numRows="20" rowLength="18" minFade="0.07" isCultivatorSweepEffect="true" />
            </effectNode>
            <effectNode effectClass="CultivatorMotionPathEffect" effectType="CULTIVATOR" linkNode="sweepEffectLinkNode50">
                <motionPathEffect textureFilename="$data/effects/cultivator/arrays/sharedCultivatorSweepArray01.dds" numRows="20" rowLength="18" minFade="0.07" isCultivatorSweepEffect="true" />
            </effectNode>
            <effectNode effectClass="CultivatorMotionPathEffect" effectType="CULTIVATOR" linkNode="sweepEffectLinkNode51">
                <motionPathEffect textureFilename="$data/effects/cultivator/arrays/sharedCultivatorSweepArray01.dds" numRows="20" rowLength="18" minFade="0.07" isCultivatorSweepEffect="true" />
            </effectNode>
            <effectNode effectClass="CultivatorMotionPathEffect" effectType="CULTIVATOR" linkNode="sweepEffectLinkNode52">
                <motionPathEffect textureFilename="$data/effects/cultivator/arrays/sharedCultivatorSweepArray01.dds" numRows="20" rowLength="18" minFade="0.07" isCultivatorSweepEffect="true" />
            </effectNode>
            <effectNode effectClass="CultivatorMotionPathEffect" effectType="CULTIVATOR" linkNode="sweepEffectLinkNode53">
                <motionPathEffect textureFilename="$data/effects/cultivator/arrays/sharedCultivatorSweepArray01.dds" numRows="20" rowLength="18" minFade="0.07" isCultivatorSweepEffect="true" />
            </effectNode>
            <effectNode effectClass="CultivatorMotionPathEffect" effectType="CULTIVATOR" linkNode="sweepEffectLinkNode54">
                <motionPathEffect textureFilename="$data/effects/cultivator/arrays/sharedCultivatorSweepArray01.dds" numRows="20" rowLength="18" minFade="0.07" isCultivatorSweepEffect="true" />
            </effectNode>			
        </effect>
		
        <particle>
            <node node="effectParticleSmokeEmit01" refNodeIndex="1" particleType="SOIL_SMOKE" emitCountScale="2.5"/>
            <node node="effectParticleSmokeEmit02" refNodeIndex="1" particleType="SOIL_SMOKE" emitCountScale="2.5"/>
            <node node="effectParticleSmokeEmit03" refNodeIndex="1" particleType="SOIL_SMOKE" emitCountScale="2.5"/>
            <node node="effectParticleSmokeEmit04" refNodeIndex="1" particleType="SOIL_SMOKE" emitCountScale="2.5"/>
        </particle>
    </workParticles>

    <foldable>
        <foldingConfigurations>
            <foldingConfiguration>
                <foldingParts startMoveDirection="1" foldMiddleAnimTime=".7" loweringMaxLimit="0.16" ignoreFoldMiddleWhileFolded="false" detachingMinLimit="1" detachingMaxLimit="1" turnOnFoldMinLimit="0" turnOnFoldMaxLimit="0.15" unfoldWarning="$l10n_warning_firstFoldUpTheTool" >
                    <foldingPart animationName="folding" speedScale="1" />
                </foldingParts>
            </foldingConfiguration>
        </foldingConfigurations>
    </foldable>

    <animations>
        <animation name="moveSupport" soundVolumeFactor="2.4">			
            <part node="supportFoot01"		startTime="0" endTime="1" startTrans="0 1.25 0" endTrans="0 0 0" />
            <part node="supportFoot02"		startTime="0" endTime="1" startTrans="0 1.25 0" endTrans="0 0 0" />
            <part node="supportFoot03"		startTime="0" endTime="1" startTrans="0 1.25 0" endTrans="0 0 0" />
            <part node="supportFoot04"		startTime="0" endTime="1" startTrans="0 1.25 0" endTrans="0 0 0" />
			
            <part node="supportCol01"		startTime="0" endTime="0.2" startTrans="0 1.403 -0.332" endTrans="0 0 0" />
            <part node="supportCol02"		startTime="0" endTime="0.2" startTrans="0 1.403 -0.332" endTrans="0 0 0" />
            <part node="supportCol03"		startTime="0" endTime="0.2" startTrans="-0.02 1.403 1.21633005" endTrans="-0.52729499 0 1.21633005" />
            <part node="supportCol04"		startTime="0" endTime="0.2" startTrans="0.02 1.403 1.21633005" endTrans="0.52729499 0 1.21633005" />			
						
            <part node="leftFrontSupports"		startTime="0" endTime="0.02" visibility="false" />
            <part node="rightFrontSupports"		startTime="0" endTime="0.02" visibility="false" />
            <part node="leftRearSupports"		startTime="0" endTime="0.02" visibility="false" />
            <part node="rightRearSupports"		startTime="0" endTime="0.02" visibility="false" />			
            <part node="leftFrontSupports"		startTime="0.02" endTime="1.5" visibility="true" />
            <part node="rightFrontSupports"		startTime="0.02" endTime="1.5" visibility="true" />
            <part node="leftRearSupports"		startTime="0.02" endTime="1.5" visibility="true" />
            <part node="rightRearSupports"		startTime="0.02" endTime="1.5" visibility="true" />			
			
            <sound template="cylinderPunch"  startTime="0.8" direction="-1" volumeScale="0.6" pitchScale="1"/>
            <sound template="clackVar6"      startTime="0.8" direction="-1" volumeScale="1.2" pitchScale="0.6"/>
            <sound template="foldStartMed02" startTime="0.8" direction="-1" volumeScale="1.9" pitchScale="0.6"/>
            <sound template="latchSmall"     startTime="0.8" direction="-1" volumeScale="0.2" pitchScale="1.6"/>
        </animation>

        <animation name="folding">
            <part componentJointIndex="1" startTime="0" endTime=".1" startRotLimit="10 0 0" endRotLimit="0 0 0"  startTransLimit="0 .30 0" endTransLimit="0 0 0" />
            <part componentJointIndex="2" startTime="0" endTime=".1"  startRotLimit="10 0 0" endRotLimit="0 0 0"  startTransLimit="0 .30 0" endTransLimit="0 0 0" />
            <part node="componentJoint1" startTime="0" endTime="1" startTrans="3.015 -1.200 2.272" endTrans="3.015 -0.858 2.272" />
            <part node="componentJoint2" startTime="0" endTime="1" startTrans="-3.015 -1.200 2.272" endTrans="-3.015 -0.858 2.272" />

            <sound template="hydraulicLayerTone"    startTime="3.01" endTime="8.49" volumeScale="1.5" pitchScale="0.8" fadeIn="0.01" fadeOut="0.01"/>
            <sound template="hydraulicLayerTone"    startTime="2.51" endTime="7.99" volumeScale="1.3" pitchScale="1"   fadeIn="0.01" fadeOut="0.01"/>
            <sound template="defaultHydraulicSound" startTime="0.01" endTime="1.49" volumeScale="1.3" pitchScale="1.3" fadeIn="0.01" fadeOut="0.01"/>
            <sound template="foldStartMed01"        startTime="7.99" direction="-1" volumeScale="1.5" pitchScale="1.3" />
            <sound template="sheetImp02"            startTime="7.99" direction="-1" volumeScale="2.5" pitchScale="0.8" />
            <sound template="foldStartMed02"        startTime="8.49" direction="-1" volumeScale="1.5" pitchScale="1" />
            <sound template="sheetImp02"            startTime="8.49" direction="-1" volumeScale="2.5" pitchScale="0.7" />
            <sound template="foldStartMed02"        startTime="8.49" direction="-1" volumeScale="1.5" pitchScale="0.7" />
            <sound template="foldStopMed01"         startTime="3"    direction="-1" volumeScale="1.5" pitchScale="1.3" />
            <sound template="sheetImp01"            startTime="3"    direction="-1" volumeScale="1.1" pitchScale="0.7" />
            <sound template="clackVar3"             startTime="3"    direction="-1" volumeScale="1.8" pitchScale="0.7" />
            <sound template="foldStopMed02"         startTime="2.5"  direction="-1" volumeScale="1.5" pitchScale="1.3" />
            <sound template="sheetImp02"            startTime="2.5"  direction="-1" volumeScale="2.5" pitchScale="0.8" />
            <sound template="foldStartMed02"        startTime="2.5"  direction="1"  volumeScale="1.5" pitchScale="1.3" />
            <sound template="clackVar2"             startTime="2.5"  direction="1"  volumeScale="1.5" pitchScale="0.8" />
            <sound template="foldStartMed01"        startTime="3"    direction="1"  volumeScale="1.5" pitchScale="1.4" />
            <sound template="sheetImp06"            startTime="3"    direction="1"  volumeScale="1.5" pitchScale="0.7" />
            <sound template="foldStopMed01"         startTime="7.99" direction="1"  volumeScale="1.5" pitchScale="1.4" />
            <sound template="sheetImp01"            startTime="7.99" direction="1"  volumeScale="1.5" pitchScale="0.8" />
            <sound template="foldStopMed02"         startTime="8.49" direction="1"  volumeScale="1.5" pitchScale="1.3" />
            <sound template="sheetImp02"            startTime="8.49" direction="1"  volumeScale="2.5" pitchScale="0.7" />
            <sound template="clackVar4"             startTime="1.5"                 volumeScale="1"   pitchScale="1.8" />
            <sound template="clackVar6"             startTime="0.01" direction="-1" volumeScale="0.5" pitchScale="1.8" />
        </animation>		
    </animations>

    <cylindered>
        <movingTools>
            <movingTool node="componentJoint1" playSound="true">
                <componentJoint index="1" />
            </movingTool>
            <movingTool node="componentJoint2" playSound="true">
                <componentJoint index="2" />
            </movingTool>
            <movingTool node="wsvsCultivate_component2"  wheelIndices="1 2 3 4 5 6" />			
            <movingTool node="wsvsCultivate_component3"  wheelIndices="7 8 9 10 11 12" />
			
            <movingTool node="middleArmFrame01"  />
            <movingTool node="middleArmFrame02"  />
            <movingTool node="middleArmFrame03"  />
            <movingTool node="middleArmFrame04"  />
            <movingTool node="cylinderFront01"  />
            <movingTool node="cylinderFront02"  />
            <movingTool node="cylinderFront03"  />
            <movingTool node="cylinderFront04"  />
            <movingTool node="cylinderBack01"  />
            <movingTool node="cylinderBack02"  />
            <movingTool node="cylinderBack03"  />
            <movingTool node="cylinderBack04"  />			
        </movingTools>

        <movingParts>
            <movingPart node="middleArmFrame01" referencePoint="middleArm01ReferencePoint" referenceFrame="middleArm01ReferenceFrame" isActiveDirty="true" maxUpdateDistance="30">
                <translatingPart node="middleArm01" />
            </movingPart>
            <movingPart node="middleArmFrame02" referencePoint="middleArm02ReferencePoint" referenceFrame="middleArm02ReferenceFrame" isActiveDirty="true" maxUpdateDistance="30">
                <translatingPart node="middleArm02" />
            </movingPart>
            <movingPart node="middleArmFrame03" referencePoint="middleArm03ReferencePoint" referenceFrame="middleArm03ReferenceFrame" isActiveDirty="true" maxUpdateDistance="30">
                <translatingPart node="middleArm03" />
            </movingPart>
            <movingPart node="middleArmFrame04" referencePoint="middleArm04ReferencePoint" referenceFrame="middleArm04ReferenceFrame" isActiveDirty="true" maxUpdateDistance="30">
                <translatingPart node="middleArm04" />
            </movingPart>
            <movingPart node="cylinderFront01" referencePoint="cylinderFront01ReferencePoint" referenceFrame="cylinderFront01ReferenceFrame" isActiveDirty="true" maxUpdateDistance="30">
                <translatingPart node="punchFront01" />
            </movingPart>
            <movingPart node="cylinderFront02" referencePoint="cylinderFront02ReferencePoint" referenceFrame="cylinderFront02ReferenceFrame" isActiveDirty="true" maxUpdateDistance="30">
                <translatingPart node="punchFront02" />
            </movingPart>
            <movingPart node="cylinderFront03" referencePoint="cylinderFront03ReferencePoint" referenceFrame="cylinderFront03ReferenceFrame" isActiveDirty="true" maxUpdateDistance="30">
                <translatingPart node="punchFront03" />
            </movingPart>
            <movingPart node="cylinderFront04" referencePoint="cylinderFront04ReferencePoint" referenceFrame="cylinderFront04ReferenceFrame" isActiveDirty="true" maxUpdateDistance="30">
                <translatingPart node="punchFront04" />
            </movingPart>
            <movingPart node="cylinderBack01" referencePoint="cylinderBack01ReferencePoint" referenceFrame="cylinderBack01ReferenceFrame" isActiveDirty="true" maxUpdateDistance="30">
                <translatingPart node="punchBack01" />
            </movingPart>
            <movingPart node="cylinderBack02" referencePoint="cylinderBack02ReferencePoint" referenceFrame="cylinderBack02ReferenceFrame" isActiveDirty="true" maxUpdateDistance="30">
                <translatingPart node="punchBack02" />
            </movingPart>
            <movingPart node="cylinderBack03" referencePoint="cylinderBack03ReferencePoint" referenceFrame="cylinderBack03ReferenceFrame" isActiveDirty="true" maxUpdateDistance="30">
                <translatingPart node="punchBack03" />
            </movingPart>
            <movingPart node="cylinderBack04" referencePoint="cylinderBack04ReferencePoint" referenceFrame="cylinderBack04ReferenceFrame" isActiveDirty="true" maxUpdateDistance="30">
                <translatingPart node="punchBack04" />
            </movingPart>
        </movingParts>
    </cylindered>
	
    <cultivator useDeepMode="true">
        <sounds>
            <work template="DEFAULT_CULTIVATOR_WORK" linkNode="wsvsCultivate_main_component1" />
        </sounds>
        <directionNode node="wsvsCultivate_main_component1" />
        <onlyActiveWhenLowered value="true"/>
    </cultivator>

    <ai>
        <needsLowering value="true" />
        <areaMarkers leftNode="aiMarkerLeft" rightNode="aiMarkerRight" backNode="aiMarkerBack" />
        <collisionTrigger node="aiCollisionNode" width="13" height="2.4"/>
        <agentAttachment width="3.2" height="3.5" length="2.9" lengthOffset="-0.6"/>
    </ai>

    <foliageBending>		
		<bendingNode minX="-5.8" maxX="5.8" minZ="0.15" maxZ="2.2" yOffset="1.4" />
        <bendingNode minX="-2.8" maxX="2.8" minZ="-1.41" maxZ="0.38" yOffset="0.0" node="wsvsCultivate_component2" />
        <bendingNode minX="-2.8" maxX="2.8" minZ="-1.41" maxZ="0.38" yOffset="0.0" node="wsvsCultivate_component3" />
    </foliageBending>

    <baseMaterial>
        <material name="wsvsCultivator_mat" baseNode="harnessBrace">
             <shaderParameter name="colorMat0" value="SHARED_GREY2"/>
             <shaderParameter name="colorMat1" value="SHARED_GREY2"/>
        </material>
        <material name="kompaktomat1570Max_mat" baseNode="kompaktomat1570Max_vis_Left">
             <shaderParameter name="colorMat0" value="SHARED_GREY2"/>
             <shaderParameter name="colorMat1" value="SHARED_GREY2"/>
        </material>
        <material name="kompaktomat1570MaxAlpha_mat" baseNode="kompaktomat1570MaxAlpha14">
             <shaderParameter name="colorMat1" value="SHARED_GREY2"/>
        </material>
    </baseMaterial>
  
    <baseMaterialConfigurations useDefaultColors="true" price="50" title="$l10n_title_main_tank" >
        <material name="wsvsCultivator_mat" shaderParameter="colorMat0"/>
				
        <baseMaterialConfiguration	name="Lizard %s"  params="$l10n_ui_colorBlue"  		color="0.0212 0.0612 0.1171" />
		<baseMaterialConfiguration  name="$l10n_color_wsvs_tank_yellow" 				color="0.7386 0.4678 0.0123"	material="34" />
        <baseMaterialConfiguration	name="Lizard %s" params="$l10n_ui_colorRed"			color="LIZARD_RED1"/>	
        <baseMaterialConfiguration	name="Lizard %s" params="$l10n_ui_colorGreenOlive"	color="LIZARD_OLIVE1"/>
        <baseMaterialConfiguration	name="Lizard %s" params="$l10n_ui_colorBlue"		color="LIZARD_BLUE1"/>
        <baseMaterialConfiguration	name="Lizard %s" params="$l10n_ui_colorBlueLight"	color="LIZARD_BLUE2"/>
        <baseMaterialConfiguration	name="Lizard %s" params="$l10n_ui_colorGrey"		color="LIZARD_BLUE3"/>
        <baseMaterialConfiguration	name="Lizard %s" params="$l10n_ui_colorBeige"		color="LIZARD_ECRU1"/>	
        <baseMaterialConfiguration	name="John Deere %s"  params="$l10n_ui_colorGreen"  color="JOHNDEERE_GREEN1" />
    </baseMaterialConfigurations>	
	
	<designMaterialConfigurations useDefaultColors="true" price="50" title="$l10n_title_seederC" >
        <material name="kompaktomat1570Max_mat" shaderParameter="colorMat0" />
        <material name="kompaktomat1570Max_mat" shaderParameter="colorMat1" />
        <material name="kompaktomat1570MaxAlpha_mat" shaderParameter="colorMat1" />
		
        <designMaterialConfiguration	name="Lizard %s"  params="$l10n_ui_colorBlue"  		color="0.0001 0.2348 0.7969" />
        <designMaterialConfiguration	name="Lizard %s" params="$l10n_ui_colorRed"			color="LIZARD_RED1"/>		
		<designMaterialConfiguration  	name="$l10n_color_wsvs_tank_white" 					color="0.98 0.8 0.8" />
        <designMaterialConfiguration	name="Lizard %s" params="$l10n_ui_colorGreenOlive"	color="LIZARD_OLIVE1"/>
        <designMaterialConfiguration	name="Lizard %s" params="$l10n_ui_colorBlue"		color="LIZARD_BLUE1"/>
        <designMaterialConfiguration	name="Lizard %s" params="$l10n_ui_colorBlueLight"	color="LIZARD_BLUE2"/>
        <designMaterialConfiguration	name="Lizard %s" params="$l10n_ui_colorGrey"		color="LIZARD_BLUE3"/>
        <designMaterialConfiguration	name="Lizard %s" params="$l10n_ui_colorBeige"		color="LIZARD_ECRU1"/>
        <designMaterialConfiguration	name="John Deere %s"  params="$l10n_ui_colorGreen"  color="JOHNDEERE_GREEN1" />
    </designMaterialConfigurations>
	
	<designMaterial2Configurations useDefaultColors="true" price="50" title="$l10n_title_cover">
        <material name="wsvsCultivator_mat" shaderParameter="colorMat1" />
		
        <designMaterial2Configuration	name="Lizard %s"  params="$l10n_ui_colorOrange"  	color="0.909 0.099 0.013" />
        <designMaterial2Configuration	name="Lizard %s" params="$l10n_ui_colorBlueLight"	color="LIZARD_BLUE2"/>
        <designMaterial2Configuration	name="$l10n_color_wsvs_tank_green" 					color="0 0.40 0" />
		<designMaterial2Configuration  	name="$l10n_color_wsvs_tank_white" 					color="0.98 0.8 0.8" />
		<designMaterial2Configuration  	name="$l10n_color_wsvs_tank_yellow" 				color="0.9386 0.5678 0.0123" />
        <designMaterial2Configuration	name="Lizard %s" params="$l10n_ui_colorRed"			color="LIZARD_RED1"/>		
        <designMaterial2Configuration	name="Lizard %s" params="$l10n_ui_colorGreenOlive"	color="LIZARD_OLIVE1"/>
        <designMaterial2Configuration	name="Lizard %s" params="$l10n_ui_colorBlue"		color="LIZARD_BLUE1"/>
        <designMaterial2Configuration	name="Lizard %s" params="$l10n_ui_colorGrey"		color="LIZARD_BLUE3"/>
        <designMaterial2Configuration	name="Lizard %s" params="$l10n_ui_colorBeige"		color="LIZARD_ECRU1"/>
        <designMaterial2Configuration	name="John Deere %s"  params="$l10n_ui_colorGreen"  color="JOHNDEERE_GREEN1" />
    </designMaterial2Configurations>	

    <wearable wearDuration="480" workMultiplier="5" fieldMultiplier="2"/>
    <washable dirtDuration="90" washDuration="1" workMultiplier="6" fieldMultiplier="2"/>

<i3dMappings>
  <i3dMapping id="wsvsCultivate_main_component1" node="0>" />
  <i3dMapping id="attachable" node="0>0" />
  <i3dMapping id="attacherJoint" node="0>0|0" />
  <i3dMapping id="attacherJoint02" node="0>0|0|0" />
  <i3dMapping id="topReferenceNode" node="0>0|1" />
  <i3dMapping id="supportCols" node="0>0|2" />
  <i3dMapping id="leftFrontSupports" node="0>0|2|0" />
  <i3dMapping id="leftFrontSupportTrans_0" node="0>0|2|0|0" />
  <i3dMapping id="supportFoot01" node="0>0|2|0|0|0" />
  <i3dMapping id="supportCol01" node="0>0|2|0|0|1" />
  <i3dMapping id="supportBase01" node="0>0|2|0|1" />
  <i3dMapping id="rightFrontSupports" node="0>0|2|1" />
  <i3dMapping id="rightFrontSupportTrans" node="0>0|2|1|0" />
  <i3dMapping id="supportFoot02" node="0>0|2|1|0|0" />
  <i3dMapping id="supportCol02" node="0>0|2|1|0|1" />
  <i3dMapping id="supportBase02" node="0>0|2|1|1" />
  <i3dMapping id="leftRearSupports" node="0>0|2|2" />
  <i3dMapping id="leftFrontSupportTrans_1" node="0>0|2|2|0" />
  <i3dMapping id="supportFoot03" node="0>0|2|2|0|0" />
  <i3dMapping id="supportCol03" node="0>0|2|2|0|1" />
  <i3dMapping id="supportBase03" node="0>0|2|2|1" />
  <i3dMapping id="rightRearSupports" node="0>0|2|3" />
  <i3dMapping id="rightRearSupportTrans" node="0>0|2|3|0" />
  <i3dMapping id="supportFoot04" node="0>0|2|3|0|0" />
  <i3dMapping id="supportCol04" node="0>0|2|3|0|1" />
  <i3dMapping id="supportBase04" node="0>0|2|3|1" />
  <i3dMapping id="componentJointParent" node="0>0|3" />
  <i3dMapping id="componentJoint1" node="0>0|3|0" />
  <i3dMapping id="componentJoint2" node="0>0|3|1" />
  <i3dMapping id="connectors" node="0>0|4" />
  <i3dMapping id="dummyConnection01" node="0>0|4|0" />
  <i3dMapping id="dummyConnection02" node="0>0|4|1" />
  <i3dMapping id="dummyConnection03" node="0>0|4|2" />
  <i3dMapping id="dummyConnection04" node="0>0|4|3" />
  <i3dMapping id="dummyConnection05" node="0>0|4|4" />
  <i3dMapping id="dummyConnection06" node="0>0|4|5" />
  <i3dMapping id="dummyConnection07" node="0>0|4|6" />
  <i3dMapping id="dummyConnection08" node="0>0|4|7" />
  <i3dMapping id="dummyConnection09" node="0>0|4|8" />
  <i3dMapping id="dummyConnection10" node="0>0|4|9" />
  <i3dMapping id="dynamicNodes" node="0>0|4|10" />
  <i3dMapping id="powerswitchNode" node="0>0|4|10|0" />
  <i3dMapping id="redRound_01" node="0>0|4|10|1" />
  <i3dMapping id="whiteRound_01" node="0>0|4|10|2" />
  <i3dMapping id="yellowRound_01" node="0>0|4|10|3" />
  <i3dMapping id="workAreas" node="0>1" />
  <i3dMapping id="workArea01" node="0>1|0" />
  <i3dMapping id="areaStart" node="0>1|0|0" />
  <i3dMapping id="areaWidth" node="0>1|0|1" />
  <i3dMapping id="areaHeight" node="0>1|0|2" />
  <i3dMapping id="groundReferenceNode" node="0>1|1" />
  <i3dMapping id="depthNode" node="0>1|2" />
  <i3dMapping id="ai" node="0>2" />
  <i3dMapping id="aiMarker" node="0>2|0" />
  <i3dMapping id="aiMarkerLeft" node="0>2|0|0" />
  <i3dMapping id="aiMarkerRight" node="0>2|0|1" />
  <i3dMapping id="aiMarkerBack" node="0>2|0|2" />
  <i3dMapping id="aiCollisionNode" node="0>2|1" />
  <i3dMapping id="visuals_0" node="0>3" />
  <i3dMapping id="harnessBrace" node="0>3|0" />
  <i3dMapping id="kompaktomat_hoseAdapters" node="0>3|1" />
  <i3dMapping id="hosesHarness" node="0>3|2" />
  <i3dMapping id="collisions_0" node="0>4" />
  <i3dMapping id="hydraulics" node="0>5" />
  <i3dMapping id="middleArmFrame01" node="0>5|0" />
  <i3dMapping id="middleArm01" node="0>5|0|0" />
  <i3dMapping id="middleArm01ReferenceFrame" node="0>5|1" />
  <i3dMapping id="middleArmFrame02" node="0>5|2" />
  <i3dMapping id="middleArm02" node="0>5|2|0" />
  <i3dMapping id="middleArm02ReferenceFrame" node="0>5|3" />
  <i3dMapping id="middleArmFrame03" node="0>5|4" />
  <i3dMapping id="middleArm03" node="0>5|4|0" />
  <i3dMapping id="middleArm03ReferenceFrame" node="0>5|5" />
  <i3dMapping id="middleArmFrame04" node="0>5|6" />
  <i3dMapping id="middleArm04" node="0>5|6|0" />
  <i3dMapping id="middleArm04ReferenceFrame" node="0>5|7" />
  <i3dMapping id="cylinderFront01" node="0>5|8" />
  <i3dMapping id="punchFront01" node="0>5|8|0" />
  <i3dMapping id="kompaktomat_hose01" node="0>5|8|1" />
  <i3dMapping id="hose01" node="0>5|8|2" />
  <i3dMapping id="cylinderFront01ReferenceFrame" node="0>5|9" />
  <i3dMapping id="cylinderFront02" node="0>5|10" />
  <i3dMapping id="punchFront02" node="0>5|10|0" />
  <i3dMapping id="kompaktomat_hose02" node="0>5|10|1" />
  <i3dMapping id="hose02" node="0>5|10|2" />
  <i3dMapping id="cylinderFront02ReferenceFrame" node="0>5|11" />
  <i3dMapping id="cylinderFront03" node="0>5|12" />
  <i3dMapping id="punchFront03" node="0>5|12|0" />
  <i3dMapping id="kompaktomat_hose03" node="0>5|12|1" />
  <i3dMapping id="hose03" node="0>5|12|2" />
  <i3dMapping id="cylinderFront03ReferenceFrame" node="0>5|13" />
  <i3dMapping id="cylinderFront04" node="0>5|14" />
  <i3dMapping id="punchFront04" node="0>5|14|0" />
  <i3dMapping id="kompaktomat_hose04" node="0>5|14|1" />
  <i3dMapping id="hose04" node="0>5|14|2" />
  <i3dMapping id="cylinderFront04ReferenceFrame" node="0>5|15" />
  <i3dMapping id="cylinderBack01" node="0>5|16" />
  <i3dMapping id="punchBack01" node="0>5|16|0" />
  <i3dMapping id="cylinderPipe01" node="0>5|16|1" />
  <i3dMapping id="cylinderBack01ReferenceFrame" node="0>5|17" />
  <i3dMapping id="cylinderBack02" node="0>5|18" />
  <i3dMapping id="punchBack02" node="0>5|18|0" />
  <i3dMapping id="cylinderPipe_0" node="0>5|18|1" />
  <i3dMapping id="cylinderBack02ReferenceFrame" node="0>5|19" />
  <i3dMapping id="cylinderBack03" node="0>5|20" />
  <i3dMapping id="punchBack03" node="0>5|20|0" />
  <i3dMapping id="cylinderPipe_1" node="0>5|20|1" />
  <i3dMapping id="cylinderBack03ReferenceFrame" node="0>5|21" />
  <i3dMapping id="cylinderBack04" node="0>5|22" />
  <i3dMapping id="punchBack04" node="0>5|22|0" />
  <i3dMapping id="cylinderPipe_2" node="0>5|22|1" />
  <i3dMapping id="cylinderBack04ReferenceFrame" node="0>5|23" />
  <i3dMapping id="wsvsCultivate_component2" node="1>" />
  <i3dMapping id="wsvsCultivate_Group01" node="1>0" />
  <i3dMapping id="wheels2" node="1>0|0" />
  <i3dMapping id="wheel01" node="1>0|0|0" />
  <i3dMapping id="wheel02" node="1>0|0|1" />
  <i3dMapping id="wheel03" node="1>0|0|2" />
  <i3dMapping id="wheel04" node="1>0|0|3" />
  <i3dMapping id="wheel05" node="1>0|0|4" />
  <i3dMapping id="wheel06" node="1>0|0|5" />
  <i3dMapping id="effects" node="1>0|1" />
  <i3dMapping id="effectParticleSmokeEmit01" node="1>0|1|0" />
  <i3dMapping id="effectParticleSmokeEmit02" node="1>0|1|1" />
  <i3dMapping id="rollerEffect01LinkNode" node="1>0|1|2" />
  <i3dMapping id="rollerEffect02LinkNode" node="1>0|1|3" />
  <i3dMapping id="rollerEffect03LinkNode" node="1>0|1|4" />
  <i3dMapping id="rollerEffect04LinkNode" node="1>0|1|5" />
  <i3dMapping id="sweepGroup01" node="1>0|1|6" />
  <i3dMapping id="sweepEffectLinkNode01" node="1>0|1|6|0" />
  <i3dMapping id="sweepEffectLinkNode02" node="1>0|1|6|1" />
  <i3dMapping id="sweepEffectLinkNode03" node="1>0|1|6|2" />
  <i3dMapping id="sweepEffectLinkNode04" node="1>0|1|6|3" />
  <i3dMapping id="sweepEffectLinkNode05" node="1>0|1|6|4" />
  <i3dMapping id="sweepEffectLinkNode06" node="1>0|1|6|5" />
  <i3dMapping id="sweepEffectLinkNode07" node="1>0|1|6|6" />
  <i3dMapping id="sweepEffectLinkNode08" node="1>0|1|6|7" />
  <i3dMapping id="sweepEffectLinkNode09" node="1>0|1|6|8" />
  <i3dMapping id="sweepGroup02" node="1>0|1|7" />
  <i3dMapping id="sweepEffectLinkNode10" node="1>0|1|7|0" />
  <i3dMapping id="sweepEffectLinkNode11" node="1>0|1|7|1" />
  <i3dMapping id="sweepEffectLinkNode12" node="1>0|1|7|2" />
  <i3dMapping id="sweepEffectLinkNode13" node="1>0|1|7|3" />
  <i3dMapping id="sweepEffectLinkNode14" node="1>0|1|7|4" />
  <i3dMapping id="sweepEffectLinkNode15" node="1>0|1|7|5" />
  <i3dMapping id="sweepEffectLinkNode16" node="1>0|1|7|6" />
  <i3dMapping id="sweepEffectLinkNode17" node="1>0|1|7|7" />
  <i3dMapping id="sweepEffectLinkNode18" node="1>0|1|7|8" />
  <i3dMapping id="sweepGroup03" node="1>0|1|8" />
  <i3dMapping id="sweepEffectLinkNode19" node="1>0|1|8|0" />
  <i3dMapping id="sweepEffectLinkNode20" node="1>0|1|8|1" />
  <i3dMapping id="sweepEffectLinkNode21" node="1>0|1|8|2" />
  <i3dMapping id="sweepEffectLinkNode22" node="1>0|1|8|3" />
  <i3dMapping id="sweepEffectLinkNode23" node="1>0|1|8|4" />
  <i3dMapping id="sweepEffectLinkNode24" node="1>0|1|8|5" />
  <i3dMapping id="sweepEffectLinkNode25" node="1>0|1|8|6" />
  <i3dMapping id="sweepEffectLinkNode26" node="1>0|1|8|7" />
  <i3dMapping id="sweepEffectLinkNode27" node="1>0|1|8|8" />
  <i3dMapping id="visuals_1" node="1>0|2" />
  <i3dMapping id="kompaktomat1570Max_vis_Left" node="1>0|2|0" />
  <i3dMapping id="collisions_1" node="1>0|3" />
  <i3dMapping id="colPartLeft" node="1>0|3|0" />
  <i3dMapping id="group2Hydraulics" node="1>0|4" />
  <i3dMapping id="middleArm01ReferencePoint" node="1>0|4|0" />
  <i3dMapping id="middleArm02ReferencePoint" node="1>0|4|1" />
  <i3dMapping id="cylinderFront01ReferencePoint" node="1>0|4|2" />
  <i3dMapping id="cylinderFront02ReferencePoint" node="1>0|4|3" />
  <i3dMapping id="cylinderBack01ReferencePoint" node="1>0|4|4" />
  <i3dMapping id="cylinderBack02ReferencePoint" node="1>0|4|5" />
  <i3dMapping id="movingParts01" node="1>0|5" />
  <i3dMapping id="diskFront01" node="1>0|5|0" />
  <i3dMapping id="diskRear01" node="1>0|5|1" />
  <i3dMapping id="wsvsCultivate_component3" node="2>" />
  <i3dMapping id="wsvsCultivate_Group3" node="2>0" />
  <i3dMapping id="movingParts3" node="2>0|0" />
  <i3dMapping id="diskFront02" node="2>0|0|0" />
  <i3dMapping id="diskRear02" node="2>0|0|1" />
  <i3dMapping id="wheels3" node="2>0|1" />
  <i3dMapping id="wheel07" node="2>0|1|0" />
  <i3dMapping id="wheel08" node="2>0|1|1" />
  <i3dMapping id="wheel09" node="2>0|1|2" />
  <i3dMapping id="wheel10" node="2>0|1|3" />
  <i3dMapping id="wheel11" node="2>0|1|4" />
  <i3dMapping id="wheel12" node="2>0|1|5" />
  <i3dMapping id="effects3" node="2>0|2" />
  <i3dMapping id="effectParticleSmokeEmit03" node="2>0|2|0" />
  <i3dMapping id="effectParticleSmokeEmit04" node="2>0|2|1" />
  <i3dMapping id="rollerEffect05LinkNode" node="2>0|2|2" />
  <i3dMapping id="rollerEffect06LinkNode" node="2>0|2|3" />
  <i3dMapping id="rollerEffect07LinkNode" node="2>0|2|4" />
  <i3dMapping id="rollerEffect08LinkNode" node="2>0|2|5" />
  <i3dMapping id="sweepGroup04" node="2>0|2|6" />
  <i3dMapping id="sweepEffectLinkNode28" node="2>0|2|6|0" />
  <i3dMapping id="sweepEffectLinkNode29" node="2>0|2|6|1" />
  <i3dMapping id="sweepEffectLinkNode30" node="2>0|2|6|2" />
  <i3dMapping id="sweepEffectLinkNode31" node="2>0|2|6|3" />
  <i3dMapping id="sweepEffectLinkNode32" node="2>0|2|6|4" />
  <i3dMapping id="sweepEffectLinkNode33" node="2>0|2|6|5" />
  <i3dMapping id="sweepEffectLinkNode34" node="2>0|2|6|6" />
  <i3dMapping id="sweepEffectLinkNode35" node="2>0|2|6|7" />
  <i3dMapping id="sweepEffectLinkNode36" node="2>0|2|6|8" />
  <i3dMapping id="sweepGroup05" node="2>0|2|7" />
  <i3dMapping id="sweepEffectLinkNode37" node="2>0|2|7|0" />
  <i3dMapping id="sweepEffectLinkNode38" node="2>0|2|7|1" />
  <i3dMapping id="sweepEffectLinkNode39" node="2>0|2|7|2" />
  <i3dMapping id="sweepEffectLinkNode40" node="2>0|2|7|3" />
  <i3dMapping id="sweepEffectLinkNode41" node="2>0|2|7|4" />
  <i3dMapping id="sweepEffectLinkNode42" node="2>0|2|7|5" />
  <i3dMapping id="sweepEffectLinkNode43" node="2>0|2|7|6" />
  <i3dMapping id="sweepEffectLinkNode44" node="2>0|2|7|7" />
  <i3dMapping id="sweepEffectLinkNode45" node="2>0|2|7|8" />
  <i3dMapping id="sweepGroup06" node="2>0|2|8" />
  <i3dMapping id="sweepEffectLinkNode46" node="2>0|2|8|0" />
  <i3dMapping id="sweepEffectLinkNode47" node="2>0|2|8|1" />
  <i3dMapping id="sweepEffectLinkNode48" node="2>0|2|8|2" />
  <i3dMapping id="sweepEffectLinkNode49" node="2>0|2|8|3" />
  <i3dMapping id="sweepEffectLinkNode50" node="2>0|2|8|4" />
  <i3dMapping id="sweepEffectLinkNode51" node="2>0|2|8|5" />
  <i3dMapping id="sweepEffectLinkNode52" node="2>0|2|8|6" />
  <i3dMapping id="sweepEffectLinkNode53" node="2>0|2|8|7" />
  <i3dMapping id="sweepEffectLinkNode54" node="2>0|2|8|8" />
  <i3dMapping id="visuals_2" node="2>0|3" />
  <i3dMapping id="kompaktomat1570Max_vis_Right" node="2>0|3|0" />
  <i3dMapping id="collisions_2" node="2>0|4" />
  <i3dMapping id="colPartRight" node="2>0|4|0" />
  <i3dMapping id="group3Hydraulics" node="2>0|5" />
  <i3dMapping id="middleArm03ReferencePoint" node="2>0|5|0" />
  <i3dMapping id="middleArm04ReferencePoint" node="2>0|5|1" />
  <i3dMapping id="cylinderFront03ReferencePoint" node="2>0|5|2" />
  <i3dMapping id="cylinderFront04ReferencePoint" node="2>0|5|3" />
  <i3dMapping id="cylinderBack03ReferencePoint" node="2>0|5|4" />
  <i3dMapping id="cylinderBack04ReferencePoint" node="2>0|5|5" />
  <i3dMapping id="kompaktomat1570MaxAlpha14" node="1>0|2|1|0" />  
</i3dMappings>
</vehicle>
