﻿<?xml version="1.0" encoding="utf-8" standalone="no" ?>
<vehicle type="cultivator" xmlns:xsi="http://www.w3.org/2001/XMLSchema-instance" xsi:noNamespaceSchemaLocation="../../../../shared/xml/schema/vehicle.xsd">
    <annotation>Copyright (C) GIANTS Software GmbH, All Rights Reserved.</annotation>

    <storeData>
        <name>WSVS SS13</name>
        <specs>
            <workingWidth>13</workingWidth>
        </specs>
        <functions>
            <function>$l10n_function_subsoiler</function>
            <!-- <function>$l10n_function_plow</function> -->
        </functions>
        <image>store_wsvsSubsoiler.png</image>
        <price>56500</price>
        <lifetime>600</lifetime>
        <rotation>0</rotation>
        <brand>LIZARD</brand>
        <category>subsoilers</category>
        <shopTranslationOffset>0 0.001 0</shopTranslationOffset>
        <shopRotationOffset>0.028 0 0</shopRotationOffset>
		
        <vertexBufferMemoryUsage>11901952</vertexBufferMemoryUsage>
        <indexBufferMemoryUsage>2064384</indexBufferMemoryUsage>
        <textureMemoryUsage>4456448</textureMemoryUsage>
        <audioMemoryUsage>0</audioMemoryUsage>
        <instanceVertexBufferMemoryUsage>0</instanceVertexBufferMemoryUsage>
        <instanceIndexBufferMemoryUsage>0</instanceIndexBufferMemoryUsage>
    </storeData>

    <base>
        <!-- <typeDesc>$l10n_typeDesc_cultivator</typeDesc> -->
        <filename>wsvsSubsoiler.i3d</filename>
        <size width="15" length="7.5"/>
        <speedLimit value="15"/>
        <components>
            <component centerOfMass="-1 0.5 0" solverIterationCount="20" mass="2600" />
            <component centerOfMass="0 -0.5 -0.5" solverIterationCount="20" mass="500" />
            <component centerOfMass="0 -0.5 -0.5" solverIterationCount="20" mass="500" />
            <joint component1="1" component2="2" node="componentJoint1" rotLimit="0 0 0" transLimit="0 0 0" />
            <joint component1="1" component2="3" node="componentJoint2" rotLimit="0 0 0" transLimit="0 0 0" />
        </components>
        <schemaOverlay attacherJointPosition="-2.5 0" name="IMPLEMENT" />
        <sounds volumeFactor="1.6"/>
        <mapHotspot type="TOOL" />
    </base>

    <wheels>
        <wheelConfigurations>
            <wheelConfiguration>
                <wheels>
                    <wheel>
                        <physics restLoad="0.3" repr="wheel01" useReprDirection="true"  radius="0.3" width="0.2" mass="0.1" forcePointRatio="0.5" initialCompression="20" suspTravel="0.05" spring="80" damper="40" brakeFactor="0" />
                    </wheel>
                   <wheel>
                        <physics restLoad="0.3" repr="wheel02" useReprDirection="true" radius="0.3" width="0.2" mass="0.1" forcePointRatio="0.5" initialCompression="20" suspTravel="0.05" spring="80" damper="40" brakeFactor="0" />
                    </wheel>
                    <wheel>
                        <physics restLoad="0.3" repr="wheel03" useReprDirection="true"  radius="0.3" width="0.2" mass="0.1" forcePointRatio="0.5" initialCompression="20" suspTravel="0.05" spring="80" damper="40" brakeFactor="0" />
                    </wheel>
                   <wheel>
                        <physics restLoad="0.3" repr="wheel04" useReprDirection="true" radius="0.3" width="0.2" mass="0.1" forcePointRatio="0.5" initialCompression="20" suspTravel="0.05" spring="80" damper="40" brakeFactor="0" />
                    </wheel>
                    <wheel>
                        <physics restLoad="0.3" repr="wheel05" useReprDirection="true"  radius="0.3" width="0.2" mass="0.1" forcePointRatio="0.5" initialCompression="20" suspTravel="0.05" spring="80" damper="40" brakeFactor="0" />
                    </wheel>
                   <wheel>
                        <physics restLoad="0.3" repr="wheel06" useReprDirection="true" radius="0.3" width="0.2" mass="0.1" forcePointRatio="0.5" initialCompression="20" suspTravel="0.05" spring="80" damper="40" brakeFactor="0" />
                    </wheel>
                   <wheel>
                        <physics restLoad="0.3" repr="wheel07" useReprDirection="true" radius="0.3" width="0.2" mass="0.1" forcePointRatio="0.5" initialCompression="20" suspTravel="0.05" spring="80" damper="40" brakeFactor="0" />
                    </wheel>
                   <wheel>
                        <physics restLoad="0.3" repr="wheel08" useReprDirection="true" radius="0.3" width="0.2" mass="0.1" forcePointRatio="0.5" initialCompression="20" suspTravel="0.05" spring="80" damper="40" brakeFactor="0" />
                    </wheel>
                    <wheel>
                        <physics restLoad="0.3" repr="wheel09" useReprDirection="true"  radius="0.3" width="0.2" mass="0.1" forcePointRatio="0.5" initialCompression="20" suspTravel="0.05" spring="80" damper="40" brakeFactor="0" />
                    </wheel>
                   <wheel>
                        <physics restLoad="0.3" repr="wheel10" useReprDirection="true" radius="0.3" width="0.2" mass="0.1" forcePointRatio="0.5" initialCompression="20" suspTravel="0.05" spring="80" damper="40" brakeFactor="0" />
                    </wheel>
                   <wheel>
                        <physics restLoad="0.3" repr="wheel11" useReprDirection="true" radius="0.3" width="0.2" mass="0.1" forcePointRatio="0.5" initialCompression="20" suspTravel="0.05" spring="80" damper="40" brakeFactor="0" />
                    </wheel>
                   <wheel>
                        <physics restLoad="0.3" repr="wheel12" useReprDirection="true" radius="0.3" width="0.2" mass="0.1" forcePointRatio="0.5" initialCompression="20" suspTravel="0.05" spring="80" damper="40" brakeFactor="0" />
                    </wheel>
                </wheels>
            </wheelConfiguration>
        </wheelConfigurations>
	</wheels>

    <speedRotatingParts>
        <speedRotatingPart shaderNode="discs01" radius="0.24" groundReferenceNodeIndex="1" />
        <speedRotatingPart shaderNode="discs02" radius="0.24" groundReferenceNodeIndex="1" />
        <speedRotatingPart shaderNode="discs03" radius="0.24" groundReferenceNodeIndex="1" />
        <speedRotatingPart shaderNode="discs04" radius="0.24" groundReferenceNodeIndex="1" />
    </speedRotatingParts>

    <attachable>
        <inputAttacherJoints>
            <inputAttacherJoint node="attacherJoint" jointType="implement" lowerRotLimitScale="0 0 0" upperRotLimitScale="0 0 0" upperRotationOffset="0" lowerTransLimitScale="0 0 0" upperTransLimitScale="0 0 0">
                <distanceToGround lower="0.3" upper="0.9" />
            </inputAttacherJoint>
			<inputAttacherJoint node="attacherJoint02" jointType="frontloader" fixedRotation="true" allowFolding="false" allowTurnOn="false" canBeTurnedOn="false" allowAI="false" allowsLowering="false" />
        </inputAttacherJoints>
        <support animationName="moveSupport" delayedOnAttach="false" detachAfterAnimation="false"/>
    </attachable>

    <dynamicallyLoadedParts>	
        <dynamicallyLoadedPart node="1|0" linkNode="dummyConnection01" filename="$data/shared/connectionHoses/connectors.i3d"/>
        <dynamicallyLoadedPart node="1|0" linkNode="dummyConnection02" filename="$data/shared/connectionHoses/connectors.i3d"/>
        <dynamicallyLoadedPart node="0|0" linkNode="dummyConnection03" filename="$data/shared/connectionHoses/connectors.i3d"/>
        <dynamicallyLoadedPart node="0|0" linkNode="dummyConnection04" filename="$data/shared/connectionHoses/connectors.i3d"/>
        <dynamicallyLoadedPart node="1|4" linkNode="dummyConnection05" filename="$data/shared/connectionHoses/connectors.i3d"/>
        <dynamicallyLoadedPart node="1|4" linkNode="dummyConnection06" filename="$data/shared/connectionHoses/connectors.i3d"/>
        <dynamicallyLoadedPart node="1|4" linkNode="dummyConnection07" filename="$data/shared/connectionHoses/connectors.i3d"/>
        <dynamicallyLoadedPart node="1|4" linkNode="dummyConnection08" filename="$data/shared/connectionHoses/connectors.i3d"/>
        <dynamicallyLoadedPart node="1|5" linkNode="dummyConnection09" filename="$data/shared/connectionHoses/connectors.i3d"/>
        <dynamicallyLoadedPart node="2|8" linkNode="dummyConnection10" filename="$data/shared/connectionHoses/connectors.i3d"/>
        <dynamicallyLoadedPart node="0"   linkNode="powerswitchNode"   filename="$data/shared/assets/lights/rudolfHormann/powerSwitch.i3d"/>
        <dynamicallyLoadedPart node="0"   linkNode="redRound_01"   		filename="$data/shared/assets/reflectors/lizard/redRound_01.i3d"/>
        <dynamicallyLoadedPart node="0"   linkNode="whiteRound_01"		filename="$data/shared/assets/reflectors/lizard/whiteRound_01.i3d"/>
        <dynamicallyLoadedPart node="0"   linkNode="yellowRound_01"		filename="$data/shared/assets/reflectors/lizard/yellowRound_01.i3d"/>
    </dynamicallyLoadedParts>

    <groundReferenceNodes>
        <groundReferenceNode node="groundReferenceNode" forceFactor="1" threshold="0.1" depthNode="depthNode" chargeValue="1" />
    </groundReferenceNodes>
	
    <configurationSets title="$l10n_modHub_tool">
        <configurationSet name="$l10n_typeDesc_cultivator" isDefault="true">
            <configuration name="vehicleType"        index="1" />
            <configuration name="workArea"      index="1" />

        </configurationSet>
        <configurationSet name="$l10n_typeDesc_plow" >
            <configuration name="vehicleType"        index="2" />
            <configuration name="workArea"      index="2" />

        </configurationSet>
    </configurationSets>
	
    <vehicleTypeConfigurations>
        <vehicleTypeConfiguration typeDesc="$l10n_typeDesc_cultivator" vehicleType="cultivator">
            <objectChange node="knifeSub01" visibilityActive="true"/>
            <objectChange node="knifeSub02" visibilityActive="true"/>
            <objectChange node="knifeSub03" visibilityActive="true"/>
            <objectChange node="knifeSub04" visibilityActive="true"/>
            <objectChange node="knifeSub05" visibilityActive="true"/>
            <objectChange node="knifeSub06" visibilityActive="true"/>
            <objectChange node="knifeSub07" visibilityActive="true"/>
            <objectChange node="knifeSub08" visibilityActive="true"/>
            <objectChange node="knifeSub09" visibilityActive="true"/>
            <objectChange node="knifeSub10" visibilityActive="true"/>
            <objectChange node="knifeSub11" visibilityActive="true"/>
            <objectChange node="knifeSub12" visibilityActive="true"/>
            <objectChange node="knifeSub13" visibilityActive="true"/>
            <objectChange node="knifeSub14" visibilityActive="true"/>
            <objectChange node="knifeSub15" visibilityActive="true"/>
            <objectChange node="knifeSub16" visibilityActive="true"/>
            <objectChange node="knifeSub17" visibilityActive="true"/>
            <objectChange node="knifeSub18" visibilityActive="true"/>
            <objectChange node="knifeSub19" visibilityActive="true"/>
            <objectChange node="knifeSub20" visibilityActive="true"/>
        </vehicleTypeConfiguration>
        <vehicleTypeConfiguration typeDesc="$l10n_typeDesc_plow" vehicleType="plow">
            <objectChange node="knifePlow01" visibilityActive="true"/>
            <objectChange node="knifePlow02" visibilityActive="true"/>
            <objectChange node="knifePlow03" visibilityActive="true"/>
            <objectChange node="knifePlow04" visibilityActive="true"/>
            <objectChange node="knifePlow05" visibilityActive="true"/>
            <objectChange node="knifePlow06" visibilityActive="true"/>
            <objectChange node="knifePlow07" visibilityActive="true"/>
            <objectChange node="knifePlow08" visibilityActive="true"/>
            <objectChange node="knifePlow09" visibilityActive="true"/>
            <objectChange node="knifePlow10" visibilityActive="true"/>
            <objectChange node="knifePlow11" visibilityActive="true"/>
            <objectChange node="knifePlow12" visibilityActive="true"/>
            <objectChange node="knifePlow13" visibilityActive="true"/>
            <objectChange node="knifePlow14" visibilityActive="true"/>
            <objectChange node="knifePlow15" visibilityActive="true"/>
            <objectChange node="knifePlow16" visibilityActive="true"/>
            <objectChange node="knifePlow17" visibilityActive="true"/>
            <objectChange node="knifePlow18" visibilityActive="true"/>
            <objectChange node="knifePlow19" visibilityActive="true"/>
            <objectChange node="knifePlow20" visibilityActive="true"/>
        </vehicleTypeConfiguration>
    </vehicleTypeConfigurations>
	
    <cultivator  isSubsoiler="true" useDeepMode="true">
        <sounds>
            <work template="DEFAULT_PLOW_WORK" linkNode="wsvsSubsoiler_main_component1" />
        </sounds>
        <directionNode node="wsvsSubsoiler_main_component1" />
        <onlyActiveWhenLowered value="true"/>
    </cultivator>
	
    <plow>
        <sounds>
            <!-- <turn template="DEFAULT_PLOW_TURN" linkNode="wsvsSubsoiler_main_component1" /> -->
            <work template="DEFAULT_PLOW_WORK" linkNode="wsvsSubsoiler_main_component1" />
        </sounds>
        <directionNode node="wsvsSubsoiler_main_component1" />
        <onlyActiveWhenLowered value="true"/>
        <ai rotateToCenterHeadlandPos="0" rotateCompletelyHeadlandPos="0"/>
    </plow>

    <workAreas>
        <workAreaConfigurations>
            <workAreaConfiguration>
				<workArea type="cultivator" functionName="processCultivatorArea" needsSetIsTurnedOn="false" >
					<area startNode="areaStart" widthNode="areaWidth" heightNode="areaHeight" />
					<groundReferenceNode index="1" />
					<onlyActiveWhenLowered value="true"/>
				</workArea>
            </workAreaConfiguration>
            <workAreaConfiguration >
				<workArea type="plow" functionName="processPlowArea" needsSetIsTurnedOn="false" >
					<area startNode="areaStart" widthNode="areaWidth" heightNode="areaHeight" />
					<groundReferenceNode index="1" />
					<onlyActiveWhenLowered value="true"/>
				</workArea>
            </workAreaConfiguration>
        </workAreaConfigurations>
    </workAreas>

    <workParticles>
		<effect workAreaIndex="1">
            <effectNode effectClass="CultivatorMotionPathEffect" effectType="CULTIVATOR" linkNode="sweepEffectLinkNode01">
                <motionPathEffect textureFilename="$data/effects/cultivator/arrays/sharedCultivatorSweepArray01.dds" numRows="20" rowLength="18" minFade="0.07" isCultivatorSweepEffect="true" />
            </effectNode>
            <effectNode effectClass="CultivatorMotionPathEffect" effectType="CULTIVATOR" linkNode="sweepEffectLinkNode02">
                <motionPathEffect textureFilename="$data/effects/cultivator/arrays/sharedCultivatorSweepArray01.dds" numRows="20" rowLength="18" minFade="0.07" isCultivatorSweepEffect="true" />
            </effectNode>
            <effectNode effectClass="CultivatorMotionPathEffect" effectType="CULTIVATOR" linkNode="sweepEffectLinkNode03">
                <motionPathEffect textureFilename="$data/effects/cultivator/arrays/sharedCultivatorSweepArray01.dds" numRows="20" rowLength="18" minFade="0.07" isCultivatorSweepEffect="true" />
            </effectNode>
            <effectNode effectClass="CultivatorMotionPathEffect" effectType="CULTIVATOR" linkNode="sweepEffectLinkNode04">
                <motionPathEffect textureFilename="$data/effects/cultivator/arrays/sharedCultivatorSweepArray01.dds" numRows="20" rowLength="18" minFade="0.07" isCultivatorSweepEffect="true" />
            </effectNode>
            <effectNode effectClass="CultivatorMotionPathEffect" effectType="CULTIVATOR" linkNode="sweepEffectLinkNode05">
                <motionPathEffect textureFilename="$data/effects/cultivator/arrays/sharedCultivatorSweepArray01.dds" numRows="20" rowLength="18" minFade="0.07" isCultivatorSweepEffect="true" />
            </effectNode>
            <effectNode effectClass="CultivatorMotionPathEffect" effectType="CULTIVATOR" linkNode="sweepEffectLinkNode06">
                <motionPathEffect textureFilename="$data/effects/cultivator/arrays/sharedCultivatorSweepArray01.dds" numRows="20" rowLength="18" minFade="0.07" isCultivatorSweepEffect="true" />
            </effectNode>
            <effectNode effectClass="CultivatorMotionPathEffect" effectType="CULTIVATOR" linkNode="sweepEffectLinkNode07">
                <motionPathEffect textureFilename="$data/effects/cultivator/arrays/sharedCultivatorSweepArray01.dds" numRows="20" rowLength="18" minFade="0.07" isCultivatorSweepEffect="true" />
            </effectNode>
            <effectNode effectClass="CultivatorMotionPathEffect" effectType="CULTIVATOR" linkNode="sweepEffectLinkNode08">
                <motionPathEffect textureFilename="$data/effects/cultivator/arrays/sharedCultivatorSweepArray01.dds" numRows="20" rowLength="18" minFade="0.07" isCultivatorSweepEffect="true" />
            </effectNode>
            <effectNode effectClass="CultivatorMotionPathEffect" effectType="CULTIVATOR" linkNode="sweepEffectLinkNode09">
                <motionPathEffect textureFilename="$data/effects/cultivator/arrays/sharedCultivatorSweepArray01.dds" numRows="20" rowLength="18" minFade="0.07" isCultivatorSweepEffect="true" />
            </effectNode>
            <effectNode effectClass="CultivatorMotionPathEffect" effectType="CULTIVATOR" linkNode="sweepEffectLinkNode10">
                <motionPathEffect textureFilename="$data/effects/cultivator/arrays/sharedCultivatorSweepArray01.dds" numRows="20" rowLength="18" minFade="0.07" isCultivatorSweepEffect="true" />
            </effectNode>
            <effectNode effectClass="CultivatorMotionPathEffect" effectType="CULTIVATOR" linkNode="sweepEffectLinkNode11">
                <motionPathEffect textureFilename="$data/effects/cultivator/arrays/sharedCultivatorSweepArray01.dds" numRows="20" rowLength="18" minFade="0.07" isCultivatorSweepEffect="true" />
            </effectNode>
            <effectNode effectClass="CultivatorMotionPathEffect" effectType="CULTIVATOR" linkNode="sweepEffectLinkNode12">
                <motionPathEffect textureFilename="$data/effects/cultivator/arrays/sharedCultivatorSweepArray01.dds" numRows="20" rowLength="18" minFade="0.07" isCultivatorSweepEffect="true" />
            </effectNode>
            <effectNode effectClass="CultivatorMotionPathEffect" effectType="CULTIVATOR" linkNode="sweepEffectLinkNode13">
                <motionPathEffect textureFilename="$data/effects/cultivator/arrays/sharedCultivatorSweepArray01.dds" numRows="20" rowLength="18" minFade="0.07" isCultivatorSweepEffect="true" />
            </effectNode>
            <effectNode effectClass="CultivatorMotionPathEffect" effectType="CULTIVATOR" linkNode="sweepEffectLinkNode14">
                <motionPathEffect textureFilename="$data/effects/cultivator/arrays/sharedCultivatorSweepArray01.dds" numRows="20" rowLength="18" minFade="0.07" isCultivatorSweepEffect="true" />
            </effectNode>
            <effectNode effectClass="CultivatorMotionPathEffect" effectType="CULTIVATOR" linkNode="sweepEffectLinkNode15">
                <motionPathEffect textureFilename="$data/effects/cultivator/arrays/sharedCultivatorSweepArray01.dds" numRows="20" rowLength="18" minFade="0.07" isCultivatorSweepEffect="true" />
            </effectNode>
            <effectNode effectClass="CultivatorMotionPathEffect" effectType="CULTIVATOR" linkNode="sweepEffectLinkNode16">
                <motionPathEffect textureFilename="$data/effects/cultivator/arrays/sharedCultivatorSweepArray01.dds" numRows="20" rowLength="18" minFade="0.07" isCultivatorSweepEffect="true" />
            </effectNode>
            <effectNode effectClass="CultivatorMotionPathEffect" effectType="CULTIVATOR" linkNode="sweepEffectLinkNode17">
                <motionPathEffect textureFilename="$data/effects/cultivator/arrays/sharedCultivatorSweepArray01.dds" numRows="20" rowLength="18" minFade="0.07" isCultivatorSweepEffect="true" />
            </effectNode>
            <effectNode effectClass="CultivatorMotionPathEffect" effectType="CULTIVATOR" linkNode="sweepEffectLinkNode18">
                <motionPathEffect textureFilename="$data/effects/cultivator/arrays/sharedCultivatorSweepArray01.dds" numRows="20" rowLength="18" minFade="0.07" isCultivatorSweepEffect="true" />
            </effectNode>
            <effectNode effectClass="CultivatorMotionPathEffect" effectType="CULTIVATOR" linkNode="sweepEffectLinkNode19">
                <motionPathEffect textureFilename="$data/effects/cultivator/arrays/sharedCultivatorSweepArray01.dds" numRows="20" rowLength="18" minFade="0.07" isCultivatorSweepEffect="true" />
            </effectNode>
            <effectNode effectClass="CultivatorMotionPathEffect" effectType="CULTIVATOR" linkNode="sweepEffectLinkNode20">
                <motionPathEffect textureFilename="$data/effects/cultivator/arrays/sharedCultivatorSweepArray01.dds" numRows="20" rowLength="18" minFade="0.07" isCultivatorSweepEffect="true" />
            </effectNode>
            <effectNode effectClass="CultivatorMotionPathEffect" effectType="CULTIVATOR" linkNode="discEffect01LinkNode">
                <motionPathEffect textureFilename="$data/vehicles/kverneland/dtx300AR/discEffect01Array.dds" numRows="50" rowLength="18" minFade="0.07" density="0.75" shapeScale="0.75" maxShapeScale="0.75"/>
            </effectNode>
            <effectNode effectClass="CultivatorMotionPathEffect" effectType="CULTIVATOR" linkNode="discEffect02LinkNode">
                <motionPathEffect textureFilename="$data/vehicles/kverneland/dtx300AR/discEffect01Array.dds" numRows="50" rowLength="18" minFade="0.07" density="0.75" shapeScale="0.75" maxShapeScale="0.75"/>
            </effectNode>
            <effectNode effectClass="CultivatorMotionPathEffect" effectType="CULTIVATOR" linkNode="discEffect03LinkNode">
                <motionPathEffect textureFilename="$data/vehicles/kverneland/dtx300AR/discEffect01Array.dds" numRows="50" rowLength="18" minFade="0.07" density="0.75" shapeScale="0.75" maxShapeScale="0.75"/>
            </effectNode>
            <effectNode effectClass="CultivatorMotionPathEffect" effectType="CULTIVATOR" linkNode="discEffect04LinkNode">
                <motionPathEffect textureFilename="$data/vehicles/kverneland/dtx300AR/discEffect01Array.dds" numRows="50" rowLength="18" minFade="0.07" density="0.75" shapeScale="0.75" maxShapeScale="0.75"/>
            </effectNode>
        </effect>

        <particle>
            <node node="effectParticleSmokeEmit01" refNodeIndex="1" particleType="SOIL_SMOKE" emitCountScale="2.5"/>
            <node node="effectParticleSmokeEmit02" refNodeIndex="1" particleType="SOIL_SMOKE" emitCountScale="2.5"/>
            <node node="effectParticleSmokeEmit03" refNodeIndex="1" particleType="SOIL_SMOKE" emitCountScale="2.5"/>
            <node node="effectParticleSmokeEmit04" refNodeIndex="1" particleType="SOIL_SMOKE" emitCountScale="2.5"/>
        </particle>
    </workParticles>

    <foldable>
        <foldingConfigurations>
            <foldingConfiguration>
                <foldingParts startMoveDirection="1" foldMiddleAnimTime=".8" loweringMaxLimit="0.16" ignoreFoldMiddleWhileFolded="false" detachingMinLimit="1" detachingMaxLimit="1" turnOnFoldMinLimit="0" turnOnFoldMaxLimit="0.15" unfoldWarning="$l10n_warning_firstFoldUpTheTool" >
                    <foldingPart animationName="folding" speedScale="1" />
                </foldingParts>
            </foldingConfiguration>
        </foldingConfigurations>
    </foldable>

    <animations>
        <animation name="moveSupport" soundVolumeFactor="2.4">			
            <part node="supportFoot01"		startTime="0" endTime="1" startTrans="0 1.25 0" endTrans="0 0 0" />
            <part node="supportFoot02"		startTime="0" endTime="1" startTrans="0 1.25 0" endTrans="0 0 0" />
            <part node="supportFoot03"		startTime="0" endTime="1" startTrans="0 1.25 0" endTrans="0 0 0" />
            <part node="supportFoot04"		startTime="0" endTime="1" startTrans="0 1.25 0" endTrans="0 0 0" />
			
            <part node="supportCol01"		startTime="0" endTime="0.2" startTrans="0 1.403 -0.332" endTrans="0 0 0" />
            <part node="supportCol02"		startTime="0" endTime="0.2" startTrans="0 1.403 -0.332" endTrans="0 0 0" />
            <part node="supportCol03"		startTime="0" endTime="0.2" startTrans="0 1.403 0.332" endTrans="0 0 0" />
            <part node="supportCol04"		startTime="0" endTime="0.2" startTrans="0 1.403 0.332" endTrans="0 0 0" />			
						
            <part node="leftFrontSupports"		startTime="0" endTime="0.02" visibility="false" />
            <part node="rightFrontSupports"		startTime="0" endTime="0.02" visibility="false" />
            <part node="leftRearSupports"		startTime="0" endTime="0.02" visibility="false" />
            <part node="rightRearSupports"		startTime="0" endTime="0.02" visibility="false" />			
            <part node="leftFrontSupports"		startTime="0.02" endTime="1.5" visibility="true" />
            <part node="rightFrontSupports"		startTime="0.02" endTime="1.5" visibility="true" />
            <part node="leftRearSupports"		startTime="0.02" endTime="1.5" visibility="true" />
            <part node="rightRearSupports"		startTime="0.02" endTime="1.5" visibility="true" />			
			
            <sound template="cylinderPunch"  startTime="0.8" direction="-1" volumeScale="0.6" pitchScale="1"/>
            <sound template="clackVar6"      startTime="0.8" direction="-1" volumeScale="1.2" pitchScale="0.6"/>
            <sound template="foldStartMed02" startTime="0.8" direction="-1" volumeScale="1.9" pitchScale="0.6"/>
            <sound template="latchSmall"     startTime="0.8" direction="-1" volumeScale="0.2" pitchScale="1.6"/>
        </animation>

        <animation name="folding">
            <part componentJointIndex="1" startTime="0" endTime=".1" startRotLimit="10 0 0" endRotLimit="0 0 0"  startTransLimit="0 .30 0" endTransLimit="0 0 0" />
            <part componentJointIndex="2" startTime="0" endTime=".1"  startRotLimit="10 0 0" endRotLimit="0 0 0"  startTransLimit="0 .30 0" endTransLimit="0 0 0" />
            <part node="componentJoint1" startTime="0" endTime="1" startTrans="3.015 -1.200 2.272" endTrans="3.015 -0.8 2.272" />
            <part node="componentJoint2" startTime="0" endTime="1" startTrans="-3.015 -1.200 2.272" endTrans="-3.015 -0.8 2.272" />

            <sound template="hydraulicLayerTone"    startTime="3.01" endTime="8.49" volumeScale="1.5" pitchScale="0.8" fadeIn="0.01" fadeOut="0.01"/>
            <sound template="hydraulicLayerTone"    startTime="2.51" endTime="7.99" volumeScale="1.3" pitchScale="1"   fadeIn="0.01" fadeOut="0.01"/>
            <sound template="defaultHydraulicSound" startTime="0.01" endTime="1.49" volumeScale="1.3" pitchScale="1.3" fadeIn="0.01" fadeOut="0.01"/>
            <sound template="foldStartMed01"        startTime="7.99" direction="-1" volumeScale="1.5" pitchScale="1.3" />
            <sound template="sheetImp02"            startTime="7.99" direction="-1" volumeScale="2.5" pitchScale="0.8" />
            <sound template="foldStartMed02"        startTime="8.49" direction="-1" volumeScale="1.5" pitchScale="1" />
            <sound template="sheetImp02"            startTime="8.49" direction="-1" volumeScale="2.5" pitchScale="0.7" />
            <sound template="foldStartMed02"        startTime="8.49" direction="-1" volumeScale="1.5" pitchScale="0.7" />
            <sound template="foldStopMed01"         startTime="3"    direction="-1" volumeScale="1.5" pitchScale="1.3" />
            <sound template="sheetImp01"            startTime="3"    direction="-1" volumeScale="1.1" pitchScale="0.7" />
            <sound template="clackVar3"             startTime="3"    direction="-1" volumeScale="1.8" pitchScale="0.7" />
            <sound template="foldStopMed02"         startTime="2.5"  direction="-1" volumeScale="1.5" pitchScale="1.3" />
            <sound template="sheetImp02"            startTime="2.5"  direction="-1" volumeScale="2.5" pitchScale="0.8" />
            <sound template="foldStartMed02"        startTime="2.5"  direction="1"  volumeScale="1.5" pitchScale="1.3" />
            <sound template="clackVar2"             startTime="2.5"  direction="1"  volumeScale="1.5" pitchScale="0.8" />
            <sound template="foldStartMed01"        startTime="3"    direction="1"  volumeScale="1.5" pitchScale="1.4" />
            <sound template="sheetImp06"            startTime="3"    direction="1"  volumeScale="1.5" pitchScale="0.7" />
            <sound template="foldStopMed01"         startTime="7.99" direction="1"  volumeScale="1.5" pitchScale="1.4" />
            <sound template="sheetImp01"            startTime="7.99" direction="1"  volumeScale="1.5" pitchScale="0.8" />
            <sound template="foldStopMed02"         startTime="8.49" direction="1"  volumeScale="1.5" pitchScale="1.3" />
            <sound template="sheetImp02"            startTime="8.49" direction="1"  volumeScale="2.5" pitchScale="0.7" />
            <sound template="clackVar4"             startTime="1.5"                 volumeScale="1"   pitchScale="1.8" />
            <sound template="clackVar6"             startTime="0.01" direction="-1" volumeScale="0.5" pitchScale="1.8" />
        </animation>		
    </animations>

    <cylindered>
        <movingTools>
            <movingTool node="componentJoint1" playSound="true">
                <componentJoint index="1" />
            </movingTool>
            <movingTool node="componentJoint2" playSound="true">
                <componentJoint index="2" />
            </movingTool>
            <movingTool node="wsvsSubsoiler_component2"  wheelIndices="1 2 3 4 5 6" />			
            <movingTool node="wsvsSubsoiler_component3"  wheelIndices="7 8 9 10 11 12" />
			
            <movingTool node="middleArmFrame01"  />
            <movingTool node="middleArmFrame02"  />
            <movingTool node="middleArmFrame03"  />
            <movingTool node="middleArmFrame04"  />
            <movingTool node="cylinderFront01"  />
            <movingTool node="cylinderFront02"  />
            <movingTool node="cylinderFront03"  />
            <movingTool node="cylinderFront04"  />
            <movingTool node="cylinderBack01"  />
            <movingTool node="cylinderBack02"  />
            <movingTool node="cylinderBack03"  />
            <movingTool node="cylinderBack04"  />			
        </movingTools>

        <movingParts>
            <movingPart node="middleArmFrame01" referencePoint="middleArm01ReferencePoint" referenceFrame="middleArm01ReferenceFrame" isActiveDirty="true" maxUpdateDistance="30">
                <translatingPart node="middleArm01" />
            </movingPart>
            <movingPart node="middleArmFrame02" referencePoint="middleArm02ReferencePoint" referenceFrame="middleArm02ReferenceFrame" isActiveDirty="true" maxUpdateDistance="30">
                <translatingPart node="middleArm02" />
            </movingPart>
            <movingPart node="middleArmFrame03" referencePoint="middleArm03ReferencePoint" referenceFrame="middleArm03ReferenceFrame" isActiveDirty="true" maxUpdateDistance="30">
                <translatingPart node="middleArm03" />
            </movingPart>
            <movingPart node="middleArmFrame04" referencePoint="middleArm04ReferencePoint" referenceFrame="middleArm04ReferenceFrame" isActiveDirty="true" maxUpdateDistance="30">
                <translatingPart node="middleArm04" />
            </movingPart>
            <movingPart node="cylinderFront01" referencePoint="cylinderFront01ReferencePoint" referenceFrame="cylinderFront01ReferenceFrame" isActiveDirty="true" maxUpdateDistance="30">
                <translatingPart node="punchFront01" />
            </movingPart>
            <movingPart node="cylinderFront02" referencePoint="cylinderFront02ReferencePoint" referenceFrame="cylinderFront02ReferenceFrame" isActiveDirty="true" maxUpdateDistance="30">
                <translatingPart node="punchFront02" />
            </movingPart>
            <movingPart node="cylinderFront03" referencePoint="cylinderFront03ReferencePoint" referenceFrame="cylinderFront03ReferenceFrame" isActiveDirty="true" maxUpdateDistance="30">
                <translatingPart node="punchFront03" />
            </movingPart>
            <movingPart node="cylinderFront04" referencePoint="cylinderFront04ReferencePoint" referenceFrame="cylinderFront04ReferenceFrame" isActiveDirty="true" maxUpdateDistance="30">
                <translatingPart node="punchFront04" />
            </movingPart>
            <movingPart node="cylinderBack01" referencePoint="cylinderBack01ReferencePoint" referenceFrame="cylinderBack01ReferenceFrame" isActiveDirty="true" maxUpdateDistance="30">
                <translatingPart node="punchBack01" />
            </movingPart>
            <movingPart node="cylinderBack02" referencePoint="cylinderBack02ReferencePoint" referenceFrame="cylinderBack02ReferenceFrame" isActiveDirty="true" maxUpdateDistance="30">
                <translatingPart node="punchBack02" />
            </movingPart>
            <movingPart node="cylinderBack03" referencePoint="cylinderBack03ReferencePoint" referenceFrame="cylinderBack03ReferenceFrame" isActiveDirty="true" maxUpdateDistance="30">
                <translatingPart node="punchBack03" />
            </movingPart>
            <movingPart node="cylinderBack04" referencePoint="cylinderBack04ReferencePoint" referenceFrame="cylinderBack04ReferenceFrame" isActiveDirty="true" maxUpdateDistance="30">
                <translatingPart node="punchBack04" />
            </movingPart>
            <movingPart node="leg01Hydraulic" referencePoint="leg01HydraulicRef" referenceFrame="leg01HydraulicRef" isActiveDirty="true" maxUpdateDistance="20">
              <translatingPart node="leg01HydraulicPunch" />
            </movingPart>
            <movingPart node="leg02Hydraulic" referencePoint="leg02HydraulicRef" referenceFrame="leg02HydraulicRef" isActiveDirty="true" maxUpdateDistance="20">
              <translatingPart node="leg02HydraulicPunch" />
            </movingPart>
            <movingPart node="leg03Hydraulic" referencePoint="leg03HydraulicRef" referenceFrame="leg03HydraulicRef" isActiveDirty="true" maxUpdateDistance="20">
              <translatingPart node="leg03HydraulicPunch" />
            </movingPart>
            <movingPart node="leg04Hydraulic" referencePoint="leg04HydraulicRef" referenceFrame="leg04HydraulicRef" isActiveDirty="true" maxUpdateDistance="20">
              <translatingPart node="leg04HydraulicPunch" />
            </movingPart>
            <movingPart node="leg05Hydraulic" referencePoint="leg05HydraulicRef" referenceFrame="leg05HydraulicRef" isActiveDirty="true" maxUpdateDistance="20">
              <translatingPart node="leg05HydraulicPunch" />
            </movingPart>
            <movingPart node="leg06Hydraulic" referencePoint="leg06HydraulicRef" referenceFrame="leg06HydraulicRef" isActiveDirty="true" maxUpdateDistance="20">
              <translatingPart node="leg06HydraulicPunch" />
            </movingPart>
            <movingPart node="leg07Hydraulic" referencePoint="leg07HydraulicRef" referenceFrame="leg07HydraulicRef" isActiveDirty="true" maxUpdateDistance="20">
              <translatingPart node="leg07HydraulicPunch" />
            </movingPart>
            <movingPart node="leg08Hydraulic" referencePoint="leg08HydraulicRef" referenceFrame="leg08HydraulicRef" isActiveDirty="true" maxUpdateDistance="20">
              <translatingPart node="leg08HydraulicPunch" />
            </movingPart>
            <movingPart node="leg09Hydraulic" referencePoint="leg09HydraulicRef" referenceFrame="leg09HydraulicRef" isActiveDirty="true" maxUpdateDistance="20">
              <translatingPart node="leg09HydraulicPunch" />
            </movingPart>
            <movingPart node="leg10Hydraulic" referencePoint="leg10HydraulicRef" referenceFrame="leg10HydraulicRef" isActiveDirty="true" maxUpdateDistance="20">
              <translatingPart node="leg10HydraulicPunch" />
            </movingPart>
            <movingPart node="leg11Hydraulic" referencePoint="leg11HydraulicRef" referenceFrame="leg11HydraulicRef" isActiveDirty="true" maxUpdateDistance="20">
              <translatingPart node="leg11HydraulicPunch" />
            </movingPart>
            <movingPart node="leg12Hydraulic" referencePoint="leg12HydraulicRef" referenceFrame="leg12HydraulicRef" isActiveDirty="true" maxUpdateDistance="20">
              <translatingPart node="leg12HydraulicPunch" />
            </movingPart>
            <movingPart node="leg13Hydraulic" referencePoint="leg13HydraulicRef" referenceFrame="leg13HydraulicRef" isActiveDirty="true" maxUpdateDistance="20">
              <translatingPart node="leg13HydraulicPunch" />
            </movingPart>
            <movingPart node="leg14Hydraulic" referencePoint="leg14HydraulicRef" referenceFrame="leg14HydraulicRef" isActiveDirty="true" maxUpdateDistance="20">
              <translatingPart node="leg14HydraulicPunch" />
            </movingPart>
            <movingPart node="leg15Hydraulic" referencePoint="leg15HydraulicRef" referenceFrame="leg15HydraulicRef" isActiveDirty="true" maxUpdateDistance="20">
              <translatingPart node="leg15HydraulicPunch" />
            </movingPart>
            <movingPart node="leg16Hydraulic" referencePoint="leg16HydraulicRef" referenceFrame="leg16HydraulicRef" isActiveDirty="true" maxUpdateDistance="20">
              <translatingPart node="leg16HydraulicPunch" />
            </movingPart>
            <movingPart node="leg17Hydraulic" referencePoint="leg17HydraulicRef" referenceFrame="leg17HydraulicRef" isActiveDirty="true" maxUpdateDistance="20">
              <translatingPart node="leg17HydraulicPunch" />
            </movingPart>
            <movingPart node="leg18Hydraulic" referencePoint="leg18HydraulicRef" referenceFrame="leg18HydraulicRef" isActiveDirty="true" maxUpdateDistance="20">
              <translatingPart node="leg18HydraulicPunch" />
            </movingPart>
            <movingPart node="leg19Hydraulic" referencePoint="leg19HydraulicRef" referenceFrame="leg19HydraulicRef" isActiveDirty="true" maxUpdateDistance="20">
              <translatingPart node="leg19HydraulicPunch" />
            </movingPart>
            <movingPart node="leg20Hydraulic" referencePoint="leg20HydraulicRef" referenceFrame="leg20HydraulicRef" isActiveDirty="true" maxUpdateDistance="20">
              <translatingPart node="leg20HydraulicPunch" />
            </movingPart>
        </movingParts>
    </cylindered>
	
    <randomlyMovingParts>
        <randomlyMovingPart node="leg01" rotAxis="1" rotMean="3.5 0" rotVariance="1.25 0" rotTimeMean="0.1246 0.1246" rotTimeVariance="0.03 0.03" pauseMean="0.1246 0.6" pauseVariance="0.01 1.2" refNodeIndex="1" isSpeedDependent="true" />
        <randomlyMovingPart node="leg02" rotAxis="1" rotMean="3.5 0" rotVariance="1.25 0" rotTimeMean="0.1246 0.1246" rotTimeVariance="0.03 0.03" pauseMean="0.1246 0.6" pauseVariance="0.01 1.2" refNodeIndex="1" isSpeedDependent="true" />
        <randomlyMovingPart node="leg03" rotAxis="1" rotMean="3.5 0" rotVariance="1.25 0" rotTimeMean="0.1246 0.1246" rotTimeVariance="0.03 0.03" pauseMean="0.1246 0.6" pauseVariance="0.01 1.2" refNodeIndex="1" isSpeedDependent="true" />
        <randomlyMovingPart node="leg04" rotAxis="1" rotMean="3.5 0" rotVariance="1.25 0" rotTimeMean="0.1246 0.1246" rotTimeVariance="0.03 0.03" pauseMean="0.1246 0.6" pauseVariance="0.01 1.2" refNodeIndex="1" isSpeedDependent="true" />
        <randomlyMovingPart node="leg05" rotAxis="1" rotMean="3.5 0" rotVariance="1.25 0" rotTimeMean="0.1246 0.1246" rotTimeVariance="0.03 0.03" pauseMean="0.1246 0.6" pauseVariance="0.01 1.2" refNodeIndex="1" isSpeedDependent="true" />
        <randomlyMovingPart node="leg06" rotAxis="1" rotMean="3.5 0" rotVariance="1.25 0" rotTimeMean="0.1246 0.1246" rotTimeVariance="0.03 0.03" pauseMean="0.1246 0.6" pauseVariance="0.01 1.2" refNodeIndex="1" isSpeedDependent="true" />
        <randomlyMovingPart node="leg07" rotAxis="1" rotMean="3.5 0" rotVariance="1.25 0" rotTimeMean="0.1246 0.1246" rotTimeVariance="0.03 0.03" pauseMean="0.1246 0.6" pauseVariance="0.01 1.2" refNodeIndex="1" isSpeedDependent="true" />
        <randomlyMovingPart node="leg08" rotAxis="1" rotMean="3.5 0" rotVariance="1.25 0" rotTimeMean="0.1246 0.1246" rotTimeVariance="0.03 0.03" pauseMean="0.1246 0.6" pauseVariance="0.01 1.2" refNodeIndex="1" isSpeedDependent="true" />
        <randomlyMovingPart node="leg09" rotAxis="1" rotMean="3.5 0" rotVariance="1.25 0" rotTimeMean="0.1246 0.1246" rotTimeVariance="0.03 0.03" pauseMean="0.1246 0.6" pauseVariance="0.01 1.2" refNodeIndex="1" isSpeedDependent="true" />
        <randomlyMovingPart node="leg10" rotAxis="1" rotMean="3.5 0" rotVariance="1.25 0" rotTimeMean="0.1246 0.1246" rotTimeVariance="0.03 0.03" pauseMean="0.1246 0.6" pauseVariance="0.01 1.2" refNodeIndex="1" isSpeedDependent="true" />
        <randomlyMovingPart node="leg11" rotAxis="1" rotMean="3.5 0" rotVariance="1.25 0" rotTimeMean="0.1246 0.1246" rotTimeVariance="0.03 0.03" pauseMean="0.1246 0.6" pauseVariance="0.01 1.2" refNodeIndex="1" isSpeedDependent="true" />
        <randomlyMovingPart node="leg12" rotAxis="1" rotMean="3.5 0" rotVariance="1.25 0" rotTimeMean="0.1246 0.1246" rotTimeVariance="0.03 0.03" pauseMean="0.1246 0.6" pauseVariance="0.01 1.2" refNodeIndex="1" isSpeedDependent="true" />
        <randomlyMovingPart node="leg13" rotAxis="1" rotMean="3.5 0" rotVariance="1.25 0" rotTimeMean="0.1246 0.1246" rotTimeVariance="0.03 0.03" pauseMean="0.1246 0.6" pauseVariance="0.01 1.2" refNodeIndex="1" isSpeedDependent="true" />
        <randomlyMovingPart node="leg14" rotAxis="1" rotMean="3.5 0" rotVariance="1.25 0" rotTimeMean="0.1246 0.1246" rotTimeVariance="0.03 0.03" pauseMean="0.1246 0.6" pauseVariance="0.01 1.2" refNodeIndex="1" isSpeedDependent="true" />
        <randomlyMovingPart node="leg15" rotAxis="1" rotMean="3.5 0" rotVariance="1.25 0" rotTimeMean="0.1246 0.1246" rotTimeVariance="0.03 0.03" pauseMean="0.1246 0.6" pauseVariance="0.01 1.2" refNodeIndex="1" isSpeedDependent="true" />
        <randomlyMovingPart node="leg16" rotAxis="1" rotMean="3.5 0" rotVariance="1.25 0" rotTimeMean="0.1246 0.1246" rotTimeVariance="0.03 0.03" pauseMean="0.1246 0.6" pauseVariance="0.01 1.2" refNodeIndex="1" isSpeedDependent="true" />
        <randomlyMovingPart node="leg17" rotAxis="1" rotMean="3.5 0" rotVariance="1.25 0" rotTimeMean="0.1246 0.1246" rotTimeVariance="0.03 0.03" pauseMean="0.1246 0.6" pauseVariance="0.01 1.2" refNodeIndex="1" isSpeedDependent="true" />
        <randomlyMovingPart node="leg18" rotAxis="1" rotMean="3.5 0" rotVariance="1.25 0" rotTimeMean="0.1246 0.1246" rotTimeVariance="0.03 0.03" pauseMean="0.1246 0.6" pauseVariance="0.01 1.2" refNodeIndex="1" isSpeedDependent="true" />
        <randomlyMovingPart node="leg19" rotAxis="1" rotMean="3.5 0" rotVariance="1.25 0" rotTimeMean="0.1246 0.1246" rotTimeVariance="0.03 0.03" pauseMean="0.1246 0.6" pauseVariance="0.01 1.2" refNodeIndex="1" isSpeedDependent="true" />
        <randomlyMovingPart node="leg20" rotAxis="1" rotMean="3.5 0" rotVariance="1.25 0" rotTimeMean="0.1246 0.1246" rotTimeVariance="0.03 0.03" pauseMean="0.1246 0.6" pauseVariance="0.01 1.2" refNodeIndex="1" isSpeedDependent="true" />		
    </randomlyMovingParts>	

    <ai>
        <needsLowering value="true" />
        <areaMarkers leftNode="aiMarkerLeft" rightNode="aiMarkerRight" backNode="aiMarkerBack" />
        <collisionTrigger node="aiCollisionNode" width="13" height="2.4"/>
        <agentAttachment width="3.2" height="3.5" length="2.9" lengthOffset="-0.6"/>
    </ai>

    <foliageBending>		
		<bendingNode minX="-5.8" maxX="5.8" minZ="0.15" maxZ="2.2" yOffset="1.4" />
        <bendingNode minX="-2.8" maxX="2.8" minZ="-1.41" maxZ="0.38" yOffset="0.0" node="wsvsSubsoiler_component2" />
        <bendingNode minX="-2.8" maxX="2.8" minZ="-1.41" maxZ="0.38" yOffset="0.0" node="wsvsSubsoiler_component3" />
    </foliageBending>

    <baseMaterial>
        <material name="wsvsCultivator_mat" baseNode="harnessBrace">
             <shaderParameter name="colorMat0" value="SHARED_GREY2"/>
             <shaderParameter name="colorMat1" value="SHARED_GREY2"/>
        </material>
        <material name="kompaktomat1570Max_mat" baseNode="kompaktomat1570Max_visMergedLeft">
             <shaderParameter name="colorMat0" value="SHARED_GREY2"/>
        </material>
        <material name="dtx300AR_mat" baseNode="dtx300AR_visLeft">
             <shaderParameter name="colorMat0" value="SHARED_GREY2"/>
        </material>
    </baseMaterial>
  
    <baseMaterialConfigurations useDefaultColors="true" price="50" title="$l10n_title_main_tank" >
        <material name="wsvsCultivator_mat" shaderParameter="colorMat0"/>
		
        <baseMaterialConfiguration	name="Lizard %s"  params="$l10n_ui_colorBlue"  		color="0.0212 0.0612 0.1171" />
		<baseMaterialConfiguration  name="$l10n_color_wsvs_tank_yellow" 				color="0.7386 0.4678 0.0123"	material="34" />
        <baseMaterialConfiguration	name="Lizard %s" params="$l10n_ui_colorRed"			color="LIZARD_RED1"/>	
        <baseMaterialConfiguration	name="John Deere %s"  params="$l10n_ui_colorGreen"  color="JOHNDEERE_GREEN1" />
        <baseMaterialConfiguration	name="Lizard %s" params="$l10n_ui_colorGreenOlive"	color="LIZARD_OLIVE1"/>
        <baseMaterialConfiguration	name="Lizard %s" params="$l10n_ui_colorBlue"		color="LIZARD_BLUE1"/>
        <baseMaterialConfiguration	name="Lizard %s" params="$l10n_ui_colorBlueLight"	color="LIZARD_BLUE2"/>
        <baseMaterialConfiguration	name="Lizard %s" params="$l10n_ui_colorGrey"		color="LIZARD_BLUE3"/>
        <baseMaterialConfiguration	name="Lizard %s" params="$l10n_ui_colorBeige"		color="LIZARD_ECRU1"/>	
    </baseMaterialConfigurations>	
	
	<designMaterialConfigurations useDefaultColors="true" price="50" title="$l10n_title_seederS" >
        <material name="dtx300AR_mat" shaderParameter="colorMat0" />
        <material name="kompaktomat1570Max_mat" shaderParameter="colorMat0" />
		
        <designMaterialConfiguration	name="Lizard %s" params="$l10n_ui_colorRed"			color="LIZARD_RED1"/>		
		<designMaterialConfiguration  	name="$l10n_color_wsvs_tank_white" 					color="0.98 0.8 0.8" />
        <designMaterialConfiguration	name="John Deere %s"  params="$l10n_ui_colorGreen"  color="JOHNDEERE_GREEN1" />
        <designMaterialConfiguration	name="Lizard %s" params="$l10n_ui_colorGreenOlive"	color="LIZARD_OLIVE1"/>
        <designMaterialConfiguration	name="Lizard %s" params="$l10n_ui_colorBlue"		color="LIZARD_BLUE1"/>
        <designMaterialConfiguration	name="Lizard %s" params="$l10n_ui_colorBlueLight"	color="LIZARD_BLUE2"/>
        <designMaterialConfiguration	name="Lizard %s" params="$l10n_ui_colorGrey"		color="LIZARD_BLUE3"/>
        <designMaterialConfiguration	name="Lizard %s" params="$l10n_ui_colorBeige"		color="LIZARD_ECRU1"/>
    </designMaterialConfigurations>
	
	<designMaterial2Configurations useDefaultColors="true" price="50" title="$l10n_title_cover">
        <material name="wsvsCultivator_mat" shaderParameter="colorMat1" />

		<designMaterial2Configuration  	name="$l10n_color_wsvs_tank_white" 					color="0.98 0.8 0.8" />
        <designMaterial2Configuration	name="Lizard %s"  params="$l10n_ui_colorOrange"  	color="0.909 0.099 0.013" />
        <designMaterial2Configuration	name="Lizard %s" params="$l10n_ui_colorBlueLight"	color="LIZARD_BLUE2"/>
        <designMaterial2Configuration	name="$l10n_color_wsvs_tank_green" 					color="0 0.40 0" />
		<designMaterial2Configuration  	name="$l10n_color_wsvs_tank_yellow" 				color="0.9386 0.5678 0.0123" />
        <designMaterial2Configuration	name="Lizard %s" params="$l10n_ui_colorRed"			color="LIZARD_RED1"/>		
        <designMaterial2Configuration	name="John Deere %s"  params="$l10n_ui_colorGreen"  color="JOHNDEERE_GREEN1" />
        <designMaterial2Configuration	name="Lizard %s" params="$l10n_ui_colorGreenOlive"	color="LIZARD_OLIVE1"/>
        <designMaterial2Configuration	name="Lizard %s" params="$l10n_ui_colorBlue"		color="LIZARD_BLUE1"/>
        <designMaterial2Configuration	name="Lizard %s" params="$l10n_ui_colorGrey"		color="LIZARD_BLUE3"/>
        <designMaterial2Configuration	name="Lizard %s" params="$l10n_ui_colorBeige"		color="LIZARD_ECRU1"/>
    </designMaterial2Configurations>	

    <wearable wearDuration="480" workMultiplier="5" fieldMultiplier="2"/>
    <washable dirtDuration="90" washDuration="1" workMultiplier="6" fieldMultiplier="2"/>

<i3dMappings>
  <i3dMapping id="wsvsSubsoiler_main_component1" node="0>" />
  <i3dMapping id="attachable" node="0>0" />
  <i3dMapping id="attacherJoint" node="0>0|0" />
  <i3dMapping id="attacherJoint02" node="0>0|0|0" />
  <i3dMapping id="topReferenceNode" node="0>0|1" />
  <i3dMapping id="supportCols" node="0>0|2" />
  <i3dMapping id="leftFrontSupports" node="0>0|2|0" />
  <i3dMapping id="leftFrontSupportTrans_0" node="0>0|2|0|0" />
  <i3dMapping id="supportFoot01" node="0>0|2|0|0|0" />
  <i3dMapping id="supportCol01" node="0>0|2|0|0|1" />
  <i3dMapping id="supportBase01" node="0>0|2|0|1" />
  <i3dMapping id="rightFrontSupports" node="0>0|2|1" />
  <i3dMapping id="rightFrontSupportTrans" node="0>0|2|1|0" />
  <i3dMapping id="supportFoot02" node="0>0|2|1|0|0" />
  <i3dMapping id="supportCol02" node="0>0|2|1|0|1" />
  <i3dMapping id="supportBase02" node="0>0|2|1|1" />
  <i3dMapping id="leftRearSupports" node="0>0|2|2" />
  <i3dMapping id="leftFrontSupportTrans_1" node="0>0|2|2|0" />
  <i3dMapping id="supportFoot03" node="0>0|2|2|0|0" />
  <i3dMapping id="supportCol03" node="0>0|2|2|0|1" />
  <i3dMapping id="supportBase03" node="0>0|2|2|1" />
  <i3dMapping id="rightRearSupports" node="0>0|2|3" />
  <i3dMapping id="rightRearSupportTrans" node="0>0|2|3|0" />
  <i3dMapping id="supportFoot04" node="0>0|2|3|0|0" />
  <i3dMapping id="supportCol04" node="0>0|2|3|0|1" />
  <i3dMapping id="supportBase04" node="0>0|2|3|1" />
  <i3dMapping id="componentJointParent" node="0>0|3" />
  <i3dMapping id="componentJoint1" node="0>0|3|0" />
  <i3dMapping id="groundReferenceNode" node="0>0|3|0|0" />
  <i3dMapping id="componentJoint2" node="0>0|3|1" />
  <i3dMapping id="connectors" node="0>0|4" />
  <i3dMapping id="dummyConnection01" node="0>0|4|0" />
  <i3dMapping id="dummyConnection02" node="0>0|4|1" />
  <i3dMapping id="dummyConnection03" node="0>0|4|2" />
  <i3dMapping id="dummyConnection04" node="0>0|4|3" />
  <i3dMapping id="dummyConnection05" node="0>0|4|4" />
  <i3dMapping id="dummyConnection06" node="0>0|4|5" />
  <i3dMapping id="dummyConnection07" node="0>0|4|6" />
  <i3dMapping id="dummyConnection08" node="0>0|4|7" />
  <i3dMapping id="dummyConnection09" node="0>0|4|8" />
  <i3dMapping id="dummyConnection10" node="0>0|4|9" />
  <i3dMapping id="dynamicNodes" node="0>0|4|10" />
  <i3dMapping id="powerswitchNode" node="0>0|4|10|0" />
  <i3dMapping id="redRound_01" node="0>0|4|10|1" />
  <i3dMapping id="whiteRound_01" node="0>0|4|10|2" />
  <i3dMapping id="yellowRound_01" node="0>0|4|10|3" />
  <i3dMapping id="workAreas" node="0>1" />
  <i3dMapping id="workArea01" node="0>1|0" />
  <i3dMapping id="areaStart" node="0>1|0|0" />
  <i3dMapping id="areaWidth" node="0>1|0|1" />
  <i3dMapping id="areaHeight" node="0>1|0|2" />
  <i3dMapping id="depthNode" node="0>1|1" />
  <i3dMapping id="ai" node="0>2" />
  <i3dMapping id="aiMarker" node="0>2|0" />
  <i3dMapping id="aiMarkerLeft" node="0>2|0|0" />
  <i3dMapping id="aiMarkerRight" node="0>2|0|1" />
  <i3dMapping id="aiMarkerBack" node="0>2|0|2" />
  <i3dMapping id="aiCollisionNode" node="0>2|1" />
  <i3dMapping id="visuals" node="0>3" />
  <i3dMapping id="harnessBrace" node="0>3|0" />
  <i3dMapping id="kompaktomat_hoseAdapters" node="0>3|1" />
  <i3dMapping id="hosesHarness" node="0>3|2" />
  <i3dMapping id="decals" node="0>3|3" />
  <i3dMapping id="decalLizard02" node="0>3|3|0" />
  <i3dMapping id="decalBrand02" node="0>3|3|1" />
  <i3dMapping id="decalPinch01" node="0>3|3|2" />
  <i3dMapping id="decalList01" node="0>3|3|3" />
  <i3dMapping id="decalFall" node="0>3|3|4" />
  <i3dMapping id="decalExcalmation01" node="0>3|3|5" />
  <i3dMapping id="decalList02" node="0>3|3|6" />
  <i3dMapping id="decalManual01" node="0>3|3|7" />
  <i3dMapping id="decalManual02" node="0>3|3|8" />
  <i3dMapping id="decalList03" node="0>3|3|9" />
  <i3dMapping id="decalManual03" node="0>3|3|10" />
  <i3dMapping id="decalPinch02" node="0>3|3|11" />
  <i3dMapping id="decalManual.001" node="0>3|3|12" />
  <i3dMapping id="decalExcalmation02" node="0>3|3|13" />
  <i3dMapping id="decalElectric01" node="0>3|3|14" />
  <i3dMapping id="decalElectric02" node="0>3|3|15" />
  <i3dMapping id="decalExcalmation03" node="0>3|3|16" />
  <i3dMapping id="decalScrew" node="0>3|3|17" />
  <i3dMapping id="decalManual05" node="0>3|3|18" />
  <i3dMapping id="decalLizard01" node="0>3|3|19" />
  <i3dMapping id="decalBrand01" node="0>3|3|20" />
  <i3dMapping id="tankFrameGrid_0" node="0>3|4" />
  <i3dMapping id="tankFrameGrid_1" node="0>3|4|0" />
  <i3dMapping id="tankFrameGrid_2" node="0>3|4|1" />
  <i3dMapping id="collisions_0" node="0>4" />
  <i3dMapping id="colPart01" node="0>4|0" />
  <i3dMapping id="hydraulics" node="0>5" />
  <i3dMapping id="middleArmFrame01" node="0>5|0" />
  <i3dMapping id="middleArm01" node="0>5|0|0" />
  <i3dMapping id="middleArm01ReferenceFrame" node="0>5|1" />
  <i3dMapping id="middleArmFrame02" node="0>5|2" />
  <i3dMapping id="middleArm02" node="0>5|2|0" />
  <i3dMapping id="middleArm02ReferenceFrame" node="0>5|3" />
  <i3dMapping id="middleArmFrame03" node="0>5|4" />
  <i3dMapping id="middleArm03" node="0>5|4|0" />
  <i3dMapping id="middleArm03ReferenceFrame" node="0>5|5" />
  <i3dMapping id="middleArmFrame04" node="0>5|6" />
  <i3dMapping id="middleArm04" node="0>5|6|0" />
  <i3dMapping id="middleArm04ReferenceFrame" node="0>5|7" />
  <i3dMapping id="cylinderFront01" node="0>5|8" />
  <i3dMapping id="punchFront01" node="0>5|8|0" />
  <i3dMapping id="kompaktomat_hose01" node="0>5|8|1" />
  <i3dMapping id="hose01" node="0>5|8|2" />
  <i3dMapping id="cylinderFront01ReferenceFrame" node="0>5|9" />
  <i3dMapping id="cylinderFront02" node="0>5|10" />
  <i3dMapping id="punchFront02" node="0>5|10|0" />
  <i3dMapping id="kompaktomat_hose02" node="0>5|10|1" />
  <i3dMapping id="hose02" node="0>5|10|2" />
  <i3dMapping id="cylinderFront02ReferenceFrame" node="0>5|11" />
  <i3dMapping id="cylinderFront03" node="0>5|12" />
  <i3dMapping id="punchFront03" node="0>5|12|0" />
  <i3dMapping id="kompaktomat_hose03" node="0>5|12|1" />
  <i3dMapping id="hose03" node="0>5|12|2" />
  <i3dMapping id="cylinderFront03ReferenceFrame" node="0>5|13" />
  <i3dMapping id="cylinderFront04" node="0>5|14" />
  <i3dMapping id="punchFront04" node="0>5|14|0" />
  <i3dMapping id="kompaktomat_hose04" node="0>5|14|1" />
  <i3dMapping id="hose04" node="0>5|14|2" />
  <i3dMapping id="cylinderFront04ReferenceFrame" node="0>5|15" />
  <i3dMapping id="cylinderBack01" node="0>5|16" />
  <i3dMapping id="punchBack01" node="0>5|16|0" />
  <i3dMapping id="cylinderPipe01" node="0>5|16|1" />
  <i3dMapping id="cylinderBack01ReferenceFrame" node="0>5|17" />
  <i3dMapping id="cylinderBack02" node="0>5|18" />
  <i3dMapping id="punchBack02" node="0>5|18|0" />
  <i3dMapping id="cylinderPipe_0" node="0>5|18|1" />
  <i3dMapping id="cylinderBack02ReferenceFrame" node="0>5|19" />
  <i3dMapping id="cylinderBack03" node="0>5|20" />
  <i3dMapping id="punchBack03" node="0>5|20|0" />
  <i3dMapping id="cylinderPipe_1" node="0>5|20|1" />
  <i3dMapping id="cylinderBack03ReferenceFrame" node="0>5|21" />
  <i3dMapping id="cylinderBack04" node="0>5|22" />
  <i3dMapping id="punchBack04" node="0>5|22|0" />
  <i3dMapping id="cylinderPipe_2" node="0>5|22|1" />
  <i3dMapping id="cylinderBack04ReferenceFrame" node="0>5|23" />
  <i3dMapping id="wsvsSubsoiler_component2" node="1>" />
  <i3dMapping id="wsvsSubsoiler_Group01" node="1>0" />
  <i3dMapping id="wheels2" node="1>0|0" />
  <i3dMapping id="wheel01" node="1>0|0|0" />
  <i3dMapping id="wheel02" node="1>0|0|1" />
  <i3dMapping id="wheel03" node="1>0|0|2" />
  <i3dMapping id="wheel04" node="1>0|0|3" />
  <i3dMapping id="wheel05" node="1>0|0|4" />
  <i3dMapping id="wheel06" node="1>0|0|5" />
  <i3dMapping id="effects" node="1>0|1" />
  <i3dMapping id="effectParticleSmokeEmit01" node="1>0|1|0" />
  <i3dMapping id="effectParticleSmokeEmit02" node="1>0|1|1" />
  <i3dMapping id="sweepEffectLinkNode01" node="1>0|1|2" />
  <i3dMapping id="sweepEffectLinkNode02" node="1>0|1|3" />
  <i3dMapping id="sweepEffectLinkNode03" node="1>0|1|4" />
  <i3dMapping id="sweepEffectLinkNode04" node="1>0|1|5" />
  <i3dMapping id="sweepEffectLinkNode05" node="1>0|1|6" />
  <i3dMapping id="sweepEffectLinkNode06" node="1>0|1|7" />
  <i3dMapping id="sweepEffectLinkNode07" node="1>0|1|8" />
  <i3dMapping id="sweepEffectLinkNode08" node="1>0|1|9" />
  <i3dMapping id="sweepEffectLinkNode09" node="1>0|1|10" />
  <i3dMapping id="sweepEffectLinkNode10" node="1>0|1|11" />
  <i3dMapping id="discEffect01LinkNode" node="1>0|1|12" />
  <i3dMapping id="discEffect02LinkNode" node="1>0|1|13" />
  <i3dMapping id="visuals01" node="1>0|2" />
  <i3dMapping id="dtx300AR_visLeft" node="1>0|2|0" />
  <i3dMapping id="kompaktomat1570Max_visMergedLeft" node="1>0|2|1" />
  <i3dMapping id="collisions_1" node="1>0|3" />
  <i3dMapping id="colPartLeft" node="1>0|3|0" />
  <i3dMapping id="group2Hydraulics" node="1>0|4" />
  <i3dMapping id="middleArm01ReferencePoint" node="1>0|4|0" />
  <i3dMapping id="middleArm02ReferencePoint" node="1>0|4|1" />
  <i3dMapping id="cylinderFront01ReferencePoint" node="1>0|4|2" />
  <i3dMapping id="cylinderFront02ReferencePoint" node="1>0|4|3" />
  <i3dMapping id="cylinderBack01ReferencePoint" node="1>0|4|4" />
  <i3dMapping id="cylinderBack02ReferencePoint" node="1>0|4|5" />
  <i3dMapping id="movingParts01" node="1>0|5" />
  <i3dMapping id="discs01" node="1>0|5|0" />
  <i3dMapping id="discs02" node="1>0|5|1" />
  <i3dMapping id="legs01" node="1>0|5|2" />
  <i3dMapping id="leg01" node="1>0|5|2|0" />
  <i3dMapping id="leg01HydraulicRef" node="1>0|5|2|0|0" />
  <i3dMapping id="alpha_decal01" node="1>0|5|2|0|1" />
  <i3dMapping id="screws_decal03" node="1>0|5|2|0|2" />
  <i3dMapping id="knifeSub01" node="1>0|5|2|0|3" />
  <i3dMapping id="knifePlow01" node="1>0|5|2|0|4" />
  <i3dMapping id="leg02" node="1>0|5|2|1" />
  <i3dMapping id="leg02HydraulicRef" node="1>0|5|2|1|0" />
  <i3dMapping id="alpha_decal02" node="1>0|5|2|1|1" />
  <i3dMapping id="screws_decal04" node="1>0|5|2|1|2" />
  <i3dMapping id="knifeSub02" node="1>0|5|2|1|3" />
  <i3dMapping id="knifePlow02" node="1>0|5|2|1|4" />
  <i3dMapping id="leg03" node="1>0|5|2|2" />
  <i3dMapping id="leg03HydraulicRef" node="1>0|5|2|2|0" />
  <i3dMapping id="alpha_decal03" node="1>0|5|2|2|1" />
  <i3dMapping id="screws_decal05" node="1>0|5|2|2|2" />
  <i3dMapping id="knifeSub03" node="1>0|5|2|2|3" />
  <i3dMapping id="knifePlow03" node="1>0|5|2|2|4" />
  <i3dMapping id="leg04" node="1>0|5|2|3" />
  <i3dMapping id="leg04HydraulicRef" node="1>0|5|2|3|0" />
  <i3dMapping id="alpha_decal04" node="1>0|5|2|3|1" />
  <i3dMapping id="screws_decal06" node="1>0|5|2|3|2" />
  <i3dMapping id="knifeSub04" node="1>0|5|2|3|3" />
  <i3dMapping id="knifePlow04" node="1>0|5|2|3|4" />
  <i3dMapping id="leg05" node="1>0|5|2|4" />
  <i3dMapping id="leg05HydraulicRef" node="1>0|5|2|4|0" />
  <i3dMapping id="alpha_decal05" node="1>0|5|2|4|1" />
  <i3dMapping id="screws_decal07" node="1>0|5|2|4|2" />
  <i3dMapping id="knifeSub05" node="1>0|5|2|4|3" />
  <i3dMapping id="knifePlow05" node="1>0|5|2|4|4" />
  <i3dMapping id="leg06" node="1>0|5|2|5" />
  <i3dMapping id="leg06HydraulicRef" node="1>0|5|2|5|0" />
  <i3dMapping id="alpha_decal06" node="1>0|5|2|5|1" />
  <i3dMapping id="screws_decal08" node="1>0|5|2|5|2" />
  <i3dMapping id="knifeSub06" node="1>0|5|2|5|3" />
  <i3dMapping id="knifePlow06" node="1>0|5|2|5|4" />
  <i3dMapping id="leg07" node="1>0|5|2|6" />
  <i3dMapping id="leg07HydraulicRef" node="1>0|5|2|6|0" />
  <i3dMapping id="alpha_decal07" node="1>0|5|2|6|1" />
  <i3dMapping id="screws_decal09" node="1>0|5|2|6|2" />
  <i3dMapping id="knifeSub07" node="1>0|5|2|6|3" />
  <i3dMapping id="knifePlow07" node="1>0|5|2|6|4" />
  <i3dMapping id="leg08" node="1>0|5|2|7" />
  <i3dMapping id="leg08HydraulicRef" node="1>0|5|2|7|0" />
  <i3dMapping id="alpha_decal08" node="1>0|5|2|7|1" />
  <i3dMapping id="screws_decal10" node="1>0|5|2|7|2" />
  <i3dMapping id="knifeSub08" node="1>0|5|2|7|3" />
  <i3dMapping id="knifePlow08" node="1>0|5|2|7|4" />
  <i3dMapping id="leg09" node="1>0|5|2|8" />
  <i3dMapping id="leg09HydraulicRef" node="1>0|5|2|8|0" />
  <i3dMapping id="alpha_decal09" node="1>0|5|2|8|1" />
  <i3dMapping id="screws_decal11" node="1>0|5|2|8|2" />
  <i3dMapping id="knifeSub09" node="1>0|5|2|8|3" />
  <i3dMapping id="knifePlow09" node="1>0|5|2|8|4" />
  <i3dMapping id="leg10" node="1>0|5|2|9" />
  <i3dMapping id="leg10HydraulicRef" node="1>0|5|2|9|0" />
  <i3dMapping id="alpha_decal10" node="1>0|5|2|9|1" />
  <i3dMapping id="screws_decal12" node="1>0|5|2|9|2" />
  <i3dMapping id="knifeSub10" node="1>0|5|2|9|3" />
  <i3dMapping id="knifePlow10" node="1>0|5|2|9|4" />
  <i3dMapping id="leg01Hydraulic" node="1>0|5|2|10" />
  <i3dMapping id="leg01HydraulicPunch" node="1>0|5|2|10|0" />
  <i3dMapping id="leg01HydraulicJoint" node="1>0|5|2|10|1" />
  <i3dMapping id="leg02Hydraulic" node="1>0|5|2|11" />
  <i3dMapping id="leg02HydraulicPunch" node="1>0|5|2|11|0" />
  <i3dMapping id="leg02HydraulicJoint" node="1>0|5|2|11|1" />
  <i3dMapping id="leg03Hydraulic" node="1>0|5|2|12" />
  <i3dMapping id="leg03HydraulicPunch" node="1>0|5|2|12|0" />
  <i3dMapping id="leg03HydraulicJoint" node="1>0|5|2|12|1" />
  <i3dMapping id="leg04Hydraulic" node="1>0|5|2|13" />
  <i3dMapping id="leg04HydraulicPunch" node="1>0|5|2|13|0" />
  <i3dMapping id="leg04HydraulicJoint" node="1>0|5|2|13|1" />
  <i3dMapping id="leg05Hydraulic" node="1>0|5|2|14" />
  <i3dMapping id="leg05HydraulicPunch" node="1>0|5|2|14|0" />
  <i3dMapping id="leg05HydraulicJoint" node="1>0|5|2|14|1" />
  <i3dMapping id="leg06Hydraulic" node="1>0|5|2|15" />
  <i3dMapping id="leg06HydraulicPunch" node="1>0|5|2|15|0" />
  <i3dMapping id="leg06HydraulicJoint" node="1>0|5|2|15|1" />
  <i3dMapping id="leg07Hydraulic" node="1>0|5|2|16" />
  <i3dMapping id="leg07HydraulicPunch" node="1>0|5|2|16|0" />
  <i3dMapping id="leg07HydraulicJoint" node="1>0|5|2|16|1" />
  <i3dMapping id="leg08Hydraulic" node="1>0|5|2|17" />
  <i3dMapping id="leg08HydraulicPunch" node="1>0|5|2|17|0" />
  <i3dMapping id="leg08HydraulicJoint" node="1>0|5|2|17|1" />
  <i3dMapping id="leg09Hydraulic" node="1>0|5|2|18" />
  <i3dMapping id="leg09HydraulicPunch" node="1>0|5|2|18|0" />
  <i3dMapping id="leg09HydraulicJoint" node="1>0|5|2|18|1" />
  <i3dMapping id="leg10Hydraulic" node="1>0|5|2|19" />
  <i3dMapping id="leg10HydraulicPunch" node="1>0|5|2|19|0" />
  <i3dMapping id="leg10HydraulicJoint" node="1>0|5|2|19|1" />
  <i3dMapping id="wsvsSubsoiler_component3" node="2>" />
  <i3dMapping id="wsvsSubsoiler_Group3" node="2>0" />
  <i3dMapping id="movingParts3" node="2>0|0" />
  <i3dMapping id="wheels3" node="2>0|1" />
  <i3dMapping id="wheel07" node="2>0|1|0" />
  <i3dMapping id="wheel08" node="2>0|1|1" />
  <i3dMapping id="wheel09" node="2>0|1|2" />
  <i3dMapping id="wheel10" node="2>0|1|3" />
  <i3dMapping id="wheel11" node="2>0|1|4" />
  <i3dMapping id="wheel12" node="2>0|1|5" />
  <i3dMapping id="effects3" node="2>0|2" />
  <i3dMapping id="effectParticleSmokeEmit03" node="2>0|2|0" />
  <i3dMapping id="effectParticleSmokeEmit04" node="2>0|2|1" />
  <i3dMapping id="sweepEffectLinkNode11" node="2>0|2|2" />
  <i3dMapping id="sweepEffectLinkNode12" node="2>0|2|3" />
  <i3dMapping id="sweepEffectLinkNode13" node="2>0|2|4" />
  <i3dMapping id="sweepEffectLinkNode14" node="2>0|2|5" />
  <i3dMapping id="sweepEffectLinkNode15" node="2>0|2|6" />
  <i3dMapping id="sweepEffectLinkNode16" node="2>0|2|7" />
  <i3dMapping id="sweepEffectLinkNode17" node="2>0|2|8" />
  <i3dMapping id="sweepEffectLinkNode18" node="2>0|2|9" />
  <i3dMapping id="sweepEffectLinkNode19" node="2>0|2|10" />
  <i3dMapping id="sweepEffectLinkNode20" node="2>0|2|11" />
  <i3dMapping id="discEffect03LinkNode" node="2>0|2|12" />
  <i3dMapping id="discEffect04LinkNode" node="2>0|2|13" />
  <i3dMapping id="visuals02" node="2>0|3" />
  <i3dMapping id="dtx300AR_visRight" node="2>0|3|0" />
  <i3dMapping id="kompaktomat1570Max_visMergedRight" node="2>0|3|1" />
  <i3dMapping id="collisions_2" node="2>0|4" />
  <i3dMapping id="colPartRight" node="2>0|4|0" />
  <i3dMapping id="group3Hydraulics" node="2>0|5" />
  <i3dMapping id="middleArm03ReferencePoint" node="2>0|5|0" />
  <i3dMapping id="middleArm04ReferencePoint" node="2>0|5|1" />
  <i3dMapping id="cylinderFront03ReferencePoint" node="2>0|5|2" />
  <i3dMapping id="cylinderFront04ReferencePoint" node="2>0|5|3" />
  <i3dMapping id="cylinderBack03ReferencePoint" node="2>0|5|4" />
  <i3dMapping id="cylinderBack04ReferencePoint" node="2>0|5|5" />
  <i3dMapping id="movingParts02" node="2>0|6" />
  <i3dMapping id="discs03" node="2>0|6|0" />
  <i3dMapping id="discs04" node="2>0|6|1" />
  <i3dMapping id="legs02" node="2>0|6|2" />
  <i3dMapping id="leg11" node="2>0|6|2|0" />
  <i3dMapping id="leg11HydraulicRef" node="2>0|6|2|0|0" />
  <i3dMapping id="alpha_decal11" node="2>0|6|2|0|1" />
  <i3dMapping id="screws_decal13" node="2>0|6|2|0|2" />
  <i3dMapping id="knifeSub11" node="2>0|6|2|0|3" />
  <i3dMapping id="knifePlow11" node="2>0|6|2|0|4" />
  <i3dMapping id="leg12" node="2>0|6|2|1" />
  <i3dMapping id="leg12HydraulicRef" node="2>0|6|2|1|0" />
  <i3dMapping id="alpha_decal12" node="2>0|6|2|1|1" />
  <i3dMapping id="screws_decal14" node="2>0|6|2|1|2" />
  <i3dMapping id="knifeSub12" node="2>0|6|2|1|3" />
  <i3dMapping id="knifePlow12" node="2>0|6|2|1|4" />
  <i3dMapping id="leg13" node="2>0|6|2|2" />
  <i3dMapping id="leg13HydraulicRef" node="2>0|6|2|2|0" />
  <i3dMapping id="alpha_decal13" node="2>0|6|2|2|1" />
  <i3dMapping id="screws_decal15" node="2>0|6|2|2|2" />
  <i3dMapping id="knifeSub13" node="2>0|6|2|2|3" />
  <i3dMapping id="knifePlow13" node="2>0|6|2|2|4" />
  <i3dMapping id="leg14" node="2>0|6|2|3" />
  <i3dMapping id="leg14HydraulicRef" node="2>0|6|2|3|0" />
  <i3dMapping id="alpha_decal14" node="2>0|6|2|3|1" />
  <i3dMapping id="screws_decal16" node="2>0|6|2|3|2" />
  <i3dMapping id="knifeSub14" node="2>0|6|2|3|3" />
  <i3dMapping id="knifePlow14" node="2>0|6|2|3|4" />
  <i3dMapping id="leg15" node="2>0|6|2|4" />
  <i3dMapping id="leg15HydraulicRef" node="2>0|6|2|4|0" />
  <i3dMapping id="alpha_decal15" node="2>0|6|2|4|1" />
  <i3dMapping id="screws_decal17" node="2>0|6|2|4|2" />
  <i3dMapping id="knifeSub15" node="2>0|6|2|4|3" />
  <i3dMapping id="knifePlow15" node="2>0|6|2|4|4" />
  <i3dMapping id="leg16" node="2>0|6|2|5" />
  <i3dMapping id="leg16HydraulicRef" node="2>0|6|2|5|0" />
  <i3dMapping id="alpha_decal16" node="2>0|6|2|5|1" />
  <i3dMapping id="screws_decal18" node="2>0|6|2|5|2" />
  <i3dMapping id="knifeSub16" node="2>0|6|2|5|3" />
  <i3dMapping id="knifePlow16" node="2>0|6|2|5|4" />
  <i3dMapping id="leg17" node="2>0|6|2|6" />
  <i3dMapping id="leg17HydraulicRef" node="2>0|6|2|6|0" />
  <i3dMapping id="alpha_decal17" node="2>0|6|2|6|1" />
  <i3dMapping id="screws_decal19" node="2>0|6|2|6|2" />
  <i3dMapping id="knifeSub17" node="2>0|6|2|6|3" />
  <i3dMapping id="knifePlow17" node="2>0|6|2|6|4" />
  <i3dMapping id="leg18" node="2>0|6|2|7" />
  <i3dMapping id="leg18HydraulicRef" node="2>0|6|2|7|0" />
  <i3dMapping id="alpha_decal18" node="2>0|6|2|7|1" />
  <i3dMapping id="screws_decal20" node="2>0|6|2|7|2" />
  <i3dMapping id="knifeSub18" node="2>0|6|2|7|3" />
  <i3dMapping id="knifePlow18" node="2>0|6|2|7|4" />
  <i3dMapping id="leg19" node="2>0|6|2|8" />
  <i3dMapping id="leg19HydraulicRef" node="2>0|6|2|8|0" />
  <i3dMapping id="alpha_decal19" node="2>0|6|2|8|1" />
  <i3dMapping id="screws_decal21" node="2>0|6|2|8|2" />
  <i3dMapping id="knifeSub19" node="2>0|6|2|8|3" />
  <i3dMapping id="knifePlow19" node="2>0|6|2|8|4" />
  <i3dMapping id="leg20" node="2>0|6|2|9" />
  <i3dMapping id="leg20HydraulicRef" node="2>0|6|2|9|0" />
  <i3dMapping id="alpha_decal20" node="2>0|6|2|9|1" />
  <i3dMapping id="screws_decal22" node="2>0|6|2|9|2" />
  <i3dMapping id="knifeSub20" node="2>0|6|2|9|3" />
  <i3dMapping id="knifePlow20" node="2>0|6|2|9|4" />
  <i3dMapping id="leg11Hydraulic" node="2>0|6|2|10" />
  <i3dMapping id="leg11HydraulicPunch" node="2>0|6|2|10|0" />
  <i3dMapping id="leg11HydraulicJoint" node="2>0|6|2|10|1" />
  <i3dMapping id="leg12Hydraulic" node="2>0|6|2|11" />
  <i3dMapping id="leg12HydraulicPunch" node="2>0|6|2|11|0" />
  <i3dMapping id="leg12HydraulicJoint" node="2>0|6|2|11|1" />
  <i3dMapping id="leg13Hydraulic" node="2>0|6|2|12" />
  <i3dMapping id="leg13HydraulicPunch" node="2>0|6|2|12|0" />
  <i3dMapping id="leg13HydraulicJoint" node="2>0|6|2|12|1" />
  <i3dMapping id="leg14Hydraulic" node="2>0|6|2|13" />
  <i3dMapping id="leg14HydraulicPunch" node="2>0|6|2|13|0" />
  <i3dMapping id="leg14HydraulicJoint" node="2>0|6|2|13|1" />
  <i3dMapping id="leg15Hydraulic" node="2>0|6|2|14" />
  <i3dMapping id="leg15HydraulicPunch" node="2>0|6|2|14|0" />
  <i3dMapping id="leg15HydraulicJoint" node="2>0|6|2|14|1" />
  <i3dMapping id="leg16Hydraulic" node="2>0|6|2|15" />
  <i3dMapping id="leg16HydraulicPunch" node="2>0|6|2|15|0" />
  <i3dMapping id="leg16HydraulicJoint" node="2>0|6|2|15|1" />
  <i3dMapping id="leg17Hydraulic" node="2>0|6|2|16" />
  <i3dMapping id="leg17HydraulicPunch" node="2>0|6|2|16|0" />
  <i3dMapping id="leg17HydraulicJoint" node="2>0|6|2|16|1" />
  <i3dMapping id="leg18Hydraulic" node="2>0|6|2|17" />
  <i3dMapping id="leg18HydraulicPunch" node="2>0|6|2|17|0" />
  <i3dMapping id="leg18HydraulicJoint" node="2>0|6|2|17|1" />
  <i3dMapping id="leg19Hydraulic" node="2>0|6|2|18" />
  <i3dMapping id="leg19HydraulicPunch" node="2>0|6|2|18|0" />
  <i3dMapping id="leg19HydraulicJoint" node="2>0|6|2|18|1" />
  <i3dMapping id="leg20Hydraulic" node="2>0|6|2|19" />
  <i3dMapping id="leg20HydraulicPunch" node="2>0|6|2|19|0" />
  <i3dMapping id="leg20HydraulicJoint" node="2>0|6|2|19|1" />
</i3dMappings>
</vehicle>
