<?xml version="1.0" encoding="utf-8" standalone="no" ?>
<placeable type="greenhouse" xmlns:xsi="http://www.w3.org/2001/XMLSchema-instance" xsi:noNamespaceSchemaLocation="../../../../../shared/xml/schema/placeable.xsd">
    <storeData>
        <name>
		<en>Greenhouse</en>
		<de>Treibhaus</de>
		<fr>Serre</fr>
		</name>
        <functions>
            <function>$l10n_function_productionPoint</function>
        </functions>
        <image>store_greenhouseLettuce.png</image>
        <price>9000</price>
        <lifetime>1000</lifetime>
        <rotation>0</rotation>
        <brand>LIZARD</brand>
        <species>placeable</species>
        <category>placeableMisc</category>
        <brush>
            <type>placeable</type>
            <category>production</category>
            <tab>greenhouses</tab>
        </brush>
        <vertexBufferMemoryUsage>288768</vertexBufferMemoryUsage>
        <indexBufferMemoryUsage>52224</indexBufferMemoryUsage>
        <textureMemoryUsage>4390912</textureMemoryUsage>
        <audioMemoryUsage>0</audioMemoryUsage>
        <instanceVertexBufferMemoryUsage>0</instanceVertexBufferMemoryUsage>
        <instanceIndexBufferMemoryUsage>0</instanceIndexBufferMemoryUsage>
    </storeData>

    <base>
		<filename>greenhouseLettuce.i3d</filename>
		<canBeRenamed>true</canBeRenamed>
	</base>
	
	<placement useRandomYRotation="false" useManualYRotation="true" >
        <testAreas>
            <testArea startNode="9" endNode="9|0" />
        </testAreas>

        <sounds>
            <place template="smallImp" />
        </sounds>
    </placement>
	
	<clearAreas>
        <clearArea startNode="1|0" widthNode="1|0|0" heightNode="1|0|1"/>
    </clearAreas>

    <leveling requireLeveling="true" maxSmoothDistance="10" maxSlope="75" maxEdgeAngle="30">
        <levelAreas>
            <levelArea startNode="1|0" widthNode="1|0|0" heightNode="1|0|1" groundType="dirt"/>
        </levelAreas>
    </leveling>
	
	<indoorAreas>
        <indoorArea startNode="11|0" widthNode="11|0|0" heightNode="11|0|1"/>
    </indoorAreas>

    <tipOcclusionUpdateAreas>
        <tipOcclusionUpdateArea startNode="9" endNode="9|0" />
    </tipOcclusionUpdateAreas>

    <ai>
        <updateAreas>
            <updateArea startNode="9" endNode="9|0" />
        </updateAreas>
    </ai>

    <infoTrigger triggerNode="3" />

    <hotspots>
        <hotspot type="PRODUCTION_POINT" linkNode="0|2|2" teleportNode="8" />
    </hotspots>

    <triggerMarkers>
        <triggerMarker node="6" />
        <triggerMarker node="4|0" filename="$data/shared/assets/marker/markerIcons.xml" id="WRENCH" adjustToGround="true" />
        <triggerMarker node="0|2|2" filename="$data/shared/assets/marker/markerIcons.xml" id="WATER"  adjustToGround="false" />
		<triggerMarker node="0|2|4" filename="$data/shared/assets/marker/markerIcons.xml" id="UNLOAD"  adjustToGround="true" />
    </triggerMarkers>

    <greenhouse>
        <plants>
            <plant fillType="LETTUCE"    xmlFilename="$data/placeables/lizard/greenhouses/lettuce/lettuce.xml" />
            <plant fillType="STRAWBERRY" xmlFilename="$data/placeables/lizard/greenhouses/strawberry/strawberry.xml" />
            <plant fillType="TOMATO"     xmlFilename="$data/placeables/lizard/greenhouses/tomatoes/tomatoes.xml" />
        </plants>

        <plantSpaces>
            <spacesParent node="2" />
        </plantSpaces>

        <sounds>
            <watering template="DEFAULT_SPRAYER" linkNode="0>" loops="0" />
        </sounds>
    </greenhouse>
	
	<productionPoint>
        <productions>
            <production id="tomato" name="$l10n_fillType_tomato" cyclesPerHour="15" costsPerActiveHour="0.5">
                <inputs>
                    <input fillType="WATER" amount="1.1" />
					<input fillType="MANURE" amount="0.3" />
                </inputs>
                <outputs>
                    <output fillType="TOMATO" amount="1" />
                </outputs>
            </production>
            <production id="lettuce" name="$l10n_fillType_lettuce" cyclesPerHour="15" costsPerActiveHour="0.5">
                <inputs>
                    <input fillType="WATER" amount="2" />
					<input fillType="MANURE" amount="0.1" />
                </inputs>
                <outputs>
                    <output fillType="LETTUCE" amount="1" />
                </outputs>
            </production>
            <production id="strawberry" name="$l10n_fillType_strawberry" cyclesPerHour="15" costsPerActiveHour="0.5">
                <inputs>
                    <input fillType="WATER" amount="0.8" />
					<input fillType="MANURE" amount="0.2" />
                </inputs>
                <outputs>
                    <output fillType="STRAWBERRY" amount="3" />
                </outputs>
            </production>
        </productions>

        <sellingStation node="0|2" supportsExtension="false">
            <unloadTrigger exactFillRootNode="0|2|1" fillTypes="WATER MANURE" aiNode="0|2|3"/>
        </sellingStation>

        <loadingStation fillTypes="WATER" supportsExtension="true" />

        <palletSpawner node="7">
            <spawnPlaces>
                <spawnPlace startNode="7|0" />
            </spawnPlaces>
        </palletSpawner>

        <storage node="10" isExtension="false" fillTypes="WATER MANURE" fillLevelSyncThreshold="10" >
            <capacity fillType="WATER"      capacity="5000" />
			<capacity fillType="MANURE"     capacity="3000" />
            <capacity fillType="LETTUCE"    capacity="3000" />
            <capacity fillType="TOMATO"     capacity="2000" />
            <capacity fillType="STRAWBERRY" capacity="6000" />
			<fillPlane fillType="MANURE" node="0|3|1" minY="0.145" maxY="0.76" />
        </storage>

        <playerTrigger node="4" />
    </productionPoint>
	
	<animatedObjects>
        <animatedObject saveId="door1" >
            <animation duration="3">
                <part node="0|0|0">
                    <keyFrame time="0.1" rotation="0 0 0"/>
                    <keyFrame time="1.0" rotation="0 -100 0"/>
                </part>
                <part node="0|0|1">
                    <keyFrame time="0.0" rotation="0 0 0"/>
                    <keyFrame time="0.9" rotation="0 100 0"/>
                </part>
            </animation>
            <controls triggerNode="0|0|2" posAction="ACTIVATE_HANDTOOL" posText="action_openDoor" negText="action_closeDoor" />
            <sounds>
                <moving linkNode="0|0|0" template="glassDoorLoop" />
                <negEnd linkNode="0|0|0" template="metalDoorsClose" />
            </sounds>
        </animatedObject>
    </animatedObjects>   

</placeable>
