﻿<?xml version="1.0" encoding="utf-8" standalone="no" ?>
<modDesc descVersion="77">
    <author>The Lort</author>
    <version>1.1.0.0</version>
	
    <title>
        <en>Greenhouse</en>
        <de>Treibhaus</de>
        <fr>Serre</fr>
    </title>
	
    <description>
<en><![CDATA[
You can grow vegetables in this greenhouse.
It works like any other greenhouse.

Features:
Price: $9,000
Capacity of all products: 2,000 - 6,000 litres
Products needed: water, manure

Changelog 1.1.0.0:
-Decreased the price of the Greenhouse
-Adjusted ratio of required products
-Changed Brand to Lizard
]]></en>
<de><![CDATA[
In diesem Treibhaus kannst du Gemüse anbauen.
Es funktioniert wie jedes andere Gewächshaus.

Eigenschaften:
Preis: 9.000 €
Fassungsvermögen aller Produkte: 2.000 - 6.000 Liter
Benötigte Produkte: Wasser, Mist

Changelog 1.1.0.0:
-Preis des Gewächshauses gesenkt
-Verhältnis der benötigten Produkte angepasst
-Marke zu Lizard geändert
]]></de>
<fr><![CDATA[
Dans cette serre, tu peux cultiver des légumes.
Elle fonctionne comme n'importe quelle autre serre.

Caractéristiques:
Prix: 9.000 €
Capacité de tous les produits: 2.000 - 6.000 litres
Produits nécessaires: Eau, Fumier

Changelog 1.1.0.0:
-Diminution du prix de la Serre
-Ratio ajusté des produits requis
-Marque changée en Lézard
]]></fr>
</description>

	
    <iconFilename>icon_greenHouse.dds</iconFilename>
    <multiplayer supported="true" />

    <storeItems>
        <storeItem xmlFilename="greenhouseLettuce.xml" />
    </storeItems>
	
</modDesc>
