<?xml version="1.0" encoding="utf-8" standalone="no" ?>
<placeable type="sellingStation" xmlns:xsi="http://www.w3.org/2001/XMLSchema-instance" xsi:noNamespaceSchemaLocation="../../../../shared/xml/schema/placeable.xsd">
    <storeData>
        <name>$l10n_storeitem_foragedealer</name>
        <image>store/store_forage.dds</image>
        <price>25000</price>
        <canBeSold>true</canBeSold>
        <showInStore>true</showInStore>
        <lifetime>1000</lifetime>
        <rotation>0</rotation>
        <brand>NONE</brand>
        <species>placeable</species>
        <category>sellingPoints</category>
        <brush>
            <type>placeable</type>
            <category>production</category>
            <tab>sellingPoints</tab>
        </brush>

       <functions>
            <function>$l10n_function_foragedealer</function>
        </functions>
       
        <vertexBufferMemoryUsage>139008</vertexBufferMemoryUsage>
        <indexBufferMemoryUsage>26880</indexBufferMemoryUsage>
        <textureMemoryUsage>4063232</textureMemoryUsage>
        <audioMemoryUsage>0</audioMemoryUsage>
        <instanceVertexBufferMemoryUsage>0</instanceVertexBufferMemoryUsage>
        <instanceIndexBufferMemoryUsage>0</instanceIndexBufferMemoryUsage>
   </storeData>

    <base>
        <filename>i3d/forage_dealer.i3d</filename>
    </base>

	<placement useRandomYRotation="false" useManualYRotation="true" >
        <testAreas>
            <testArea startNode="testAreaStart" endNode="testAreaEnd" />
        </testAreas>
    </placement>

    <clearAreas>
	        <clearArea startNode="clearAreaStart" widthNode="clearAreaWidth" heightNode="clearAreaHeight"/>

	</clearAreas>

    <leveling requireLeveling="true" maxSmoothDistance="5" maxSlope="75" maxEdgeAngle="30">
        <levelAreas>
            <levelArea startNode="levelAreaStart" widthNode="levelAreaWidth" heightNode="levelAreaHeight" groundType="asphalt"/>
        </levelAreas>
    </leveling>

    <indoorAreas>
        <indoorArea startNode="indoorArea1Start" widthNode="indoorArea1Width" heightNode="indoorArea1Height" />
        <indoorArea startNode="indoorArea2Start" widthNode="indoorArea2Width" heightNode="indoorArea2Height" />
    </indoorAreas>

    <ai>
        <updateAreas>
            <updateArea startNode="AIupdateAreaStart" endNode="AIupdateAreaEnd" />		
        </updateAreas>	
        <splines>
            <spline node="aiSpline" />		
        </splines>
    </ai>
    <hotspots>
        <hotspot type="UNLOADING" linkNode="hotspotNode" teleportNode="teleportNode" />
    </hotspots>

    <sellingStation node="sellingStationBales" supportsExtension="false" litersForFullPriceDrop="100000" fullPriceRecoverHours="24">
        <unloadTrigger exactFillRootNode="unloadTrigger" aiNode="aiNode" fillTypes="STRAW DRYGRASS_WINDROW SILAGE FORAGE SUGARBEET_CUT SUGARBEET POTATO" >
            <baleTrigger triggerNode="baleTrigger" deleteLitersPerSecond="10000"/>
        </unloadTrigger>
        <fillType name="STRAW"            priceScale="1.1" supportsGreatDemand="true" disablePriceDrop="false" />
        <fillType name="DRYGRASS_WINDROW" priceScale="1.1" supportsGreatDemand="true" disablePriceDrop="false" />
        <fillType name="SILAGE"           priceScale="1.1" supportsGreatDemand="true" disablePriceDrop="false" />
        <fillType name="SUGARBEET_CUT"    priceScale="1.1" supportsGreatDemand="true" disablePriceDrop="false" />
        <fillType name="Forage"            priceScale="5.0" supportsGreatDemand="true" disablePriceDrop="false" />
        <fillType name="SUGARBEET"    priceScale="1.1" supportsGreatDemand="true" disablePriceDrop="false" />
        <fillType name="POTATO"    priceScale="1.1" supportsGreatDemand="true" disablePriceDrop="false" />

		
    </sellingStation>

    <triggerMarkers>
        <triggerMarker node="unloadMarker" filename="$data/shared/assets/marker/markerIcons.xml" id="UNLOAD" adjustToGround="true" />
    </triggerMarkers>

    <i3dMappings>
        <i3dMapping id="sellingStationBales" node="0>" />
        <i3dMapping id="tipOcclusionUpdateArea1Start" node="0>1|0" />
        <i3dMapping id="tipOcclusionUpdateArea1End" node="0>1|0|0" />
        <i3dMapping id="unloadTrigger" node="0>4" />
        <i3dMapping id="baleTrigger" node="0>5" />
        <i3dMapping id="unloadMarker" node="0>6" />
        <i3dMapping id="hotspotNode" node="0>7" />
        <i3dMapping id="teleportNode" node="0>8" />
        <i3dMapping id="aiNode" node="0>9" />
		<i3dMapping id="clearAreaStart" node="2>0" />
        <i3dMapping id="clearAreaWidth" node="2>0|0" />
        <i3dMapping id="clearAreaHeight" node="2>0|1" />
        <i3dMapping id="levelAreaStart" node="3>0" />
        <i3dMapping id="levelAreaWidth" node="3>0|0" />
        <i3dMapping id="levelAreaHeight" node="3>0|1" />
        <i3dMapping id="indoorArea1Start" node="4>0" />
        <i3dMapping id="indoorArea1Width" node="4>0|0" />
        <i3dMapping id="indoorArea1Height" node="4>0|1" />
        <i3dMapping id="indoorArea2Start" node="5>0" />
        <i3dMapping id="indoorArea2Width" node="5>0|0" />
        <i3dMapping id="indoorArea2Height" node="5>0|1" />		
        <i3dMapping id="aiSpline" node="6>" />
        <i3dMapping id="AIupdateAreaStart" node="7>0" />
        <i3dMapping id="AIupdateAreaEnd" node="7>0|0" />
        <i3dMapping id="testAreaStart" node="8>0" />
        <i3dMapping id="testAreaEnd" node="8>0|0" />
		
		
    </i3dMappings>
</placeable>
