<?xml version="1.0" encoding="utf-8" standalone="no" ?>
<map xmlns:xsi="http://www.w3.org/2001/XMLSchema-instance" xsi:noNamespaceSchemaLocation="../../shared/xml/schema/fillTypes.xsd">

	<fillTypes>

        <fillType name="FORAGE" title="$l10n_fillType_forage" showOnPriceTable="true" fillPlaneColors="1.0 0.35 0.8" unitShort="$l10n_unit_literShort">
            <physics massPerLiter="0.30" maxPhysicalSurfaceAngle="40" />
            <economy pricePerLiter="0.042" />		
            <effects prioritizedEffectType="ParticleEffect"/>
            <image      hud     ="$dataS/menu/hud/fillTypes/hud_fill_forage.png" />
            <textures   diffuse ="$data/fillPlanes/forage_diffuse.png"
                        normal  ="$data/fillPlanes/forage_normal.png"
                        specular="$data/fillPlanes/forage_specular.png"
                        distance="$data/fillPlanes/distance/forageDistance_diffuse.png" />
        </fillType>
		
	</fillTypes>


</map>
