<?xml version="1.0" encoding="utf-8" standalone="no" ?>
<placeable type="productionPoint" xmlns:xsi="http://www.w3.org/2001/XMLSchema-instance" xsi:noNamespaceSchemaLocation="../../../../shared/xml/schema/placeable.xsd">
    <storeData>
        <name>$l10n_storeItem_farmSawmill</name>
		<functions>
            <function>$l10n_function_productionPoint</function>
        </functions>
        <image>store_farmSawmill.dds</image>
        <price>10000</price>
		<dailyUpkeep>5</dailyUpkeep>
        <lifetime>1000</lifetime>
        <rotation>0</rotation>
        <brand>LIZARD</brand>
        <species>placeable</species>
        <category>productionPoints</category>
        <brush>
            <type>placeable</type>
            <category>production</category>
            <tab>factories</tab>
        </brush>
        <vertexBufferMemoryUsage>430336</vertexBufferMemoryUsage>
        <indexBufferMemoryUsage>63744</indexBufferMemoryUsage>
        <textureMemoryUsage>13434880</textureMemoryUsage>
        <audioMemoryUsage>0</audioMemoryUsage>
        <instanceVertexBufferMemoryUsage>0</instanceVertexBufferMemoryUsage>
        <instanceIndexBufferMemoryUsage>0</instanceIndexBufferMemoryUsage>
    </storeData>

    <base>
        <filename>farmSawmill.i3d</filename>
		<canBeRenamed>true</canBeRenamed>
    </base>

    <placement useRandomYRotation="false" useManualYRotation="true" >
        <testAreas>
            <testArea startNode="testArea1Start" endNode="testArea1End" />
        </testAreas>

        <sounds>
            <place template="smallImp" />
        </sounds>
    </placement>
	
	<clearAreas>
        <clearArea startNode="clearAreaStart" widthNode="clearAreaWidth" heightNode="clearAreaHeight"/>
    </clearAreas>

    <leveling requireLeveling="true" maxSmoothDistance="10" maxSlope="75" maxEdgeAngle="30" >
        <levelAreas>
            <levelArea startNode="levelingAreaStart" widthNode="levelingAreaWidth" heightNode="levelingAreaHeight" groundType="dirt"/>
        </levelAreas>
    </leveling>

    <indoorAreas>
        <indoorArea startNode="levelingAreaStart" widthNode="levelingAreaWidth" heightNode="levelingAreaHeight" />
    </indoorAreas>

    <tipOcclusionUpdateAreas>
        <tipOcclusionUpdateArea startNode="testArea1Start" endNode="testArea1End" />
    </tipOcclusionUpdateAreas>

    <ai>
        <updateAreas>
            <updateArea startNode="testArea1Start" endNode="testArea1End" />
        </updateAreas>
    </ai>
	
	<indoorAreas>
        <indoorArea startNode="indoorArea1Start" widthNode="indoorArea1Width" heightNode="indoorArea1Height" />
    </indoorAreas>

    <hotspots>
        <hotspot type="PRODUCTION_POINT" linkNode="sellingStation" teleportNode="teleportNode" />
        <hotspot type="LOADING" linkNode="loadTriggerMarker" />
    </hotspots>

    <triggerMarkers>
        <triggerMarker node="unloadTriggerMarker"   filename="$data/shared/assets/marker/markerIcons.xml" id="UNLOAD" adjustToGround="true" />
        <triggerMarker node="playerTriggerMarker"   filename="$data/shared/assets/marker/markerIcons.xml" id="WRENCH" adjustToGround="true" />
        <triggerMarker node="woodSellTriggerMarker" filename="$data/shared/assets/marker/markerIcons.xml" id="EXCLAMATION_MARK" adjustToGround="true" />
        <triggerMarker node="loadTriggerMarker"     filename="$data/shared/assets/marker/markerIcons.xml" id="LOAD" adjustToGround="true" />
        <triggerMarker node="warningStripes" />
    </triggerMarkers>

    <productionPoint>
        <productions>
            <production id="boards" name="%s (%s)" params="$l10n_fillType_wood|$l10n_fillType_boards" cyclesPerHour="100" costsPerActiveHour="1">
                <inputs>
                    <input fillType="WOOD" amount="3" />
                </inputs>
                <outputs>
                    <output fillType="BOARDS" amount="4" />
                    <output fillType="WOODCHIPS" amount="0.15" />
                </outputs>
            </production>
			<production id="furnitureWood" name="%s (%s)" params="$l10n_fillType_furniture|$l10n_fillType_wood" cyclesPerHour="9" costsPerActiveHour="2">
                <inputs>
                    <input fillType="WOOD" amount="4" />
                </inputs>
                <outputs>
                    <output fillType="FURNITURE" amount="5" />
                    <output fillType="WOODCHIPS" amount="0.15" />
                </outputs>
            </production>
        </productions>

        <storage isExtension="false" fillLevelSyncThreshold="50" >
            <capacity fillType="WOOD"      capacity="100000" />
            <capacity fillType="BOARDS"    capacity="100000" />
            <capacity fillType="WOODCHIPS" capacity="30000"  />
			<capacity fillType="FURNITURE" capacity="25000"  />
            <fillPlane fillType="WOODCHIPS" node="woodChipsHill" minY="-2.853" maxY="0" />
        </storage>

        <sellingStation node="sellingStation" supportsExtension="false">
            <unloadTrigger fillTypes="WOOD" aiNode="sellingStationAINode">
                <woodTrigger triggerNode="woodTrigger" activationTriggerNode="woodSellTrigger" />
            </unloadTrigger>
        </sellingStation>

        <loadingStation node="loadingStation" supportsExtension="false">
            <loadTrigger fillTypes="WOODCHIPS" triggerNode="loadTrigger" fillLitersPerSecond="500" dischargeNode="dischargeNode" aiNode="loadingStationAINode"/>
        </loadingStation>

        <palletSpawner node="palletSpawner">
            <spawnPlaces>
                <spawnPlace startNode="spawnSpace1start" />
            </spawnPlaces>
        </palletSpawner>

        <playerTrigger node="playerTrigger" />

        <sounds>
            <idle template="carpenterIdle" linkNode="0>" />
            <active template="carpenterWork" linkNode="0>" />
        </sounds>
    </productionPoint>

    <infoTrigger triggerNode="infoTrigger" />

    <i3dMappings>
		<i3dMapping id="clearAreaStart" node="0>10|0" />
        <i3dMapping id="clearAreaWidth" node="0>10|0|1" />
        <i3dMapping id="clearAreaHeight" node="0>10|0|0" />
        <i3dMapping id="levelingAreaStart" node="0>11|0" />
        <i3dMapping id="levelingAreaWidth" node="0>11|0|1" />
        <i3dMapping id="levelingAreaHeight" node="0>11|0|0" />
        <i3dMapping id="testArea1Start" node="0>8" />
        <i3dMapping id="testArea1End" node="0>8|0" />
        <i3dMapping id="indoorArea1Start" node="0>12|0" />
        <i3dMapping id="indoorArea1Width" node="0>12|0|0" />
        <i3dMapping id="indoorArea1Height" node="0>12|0|1" />
        <i3dMapping id="infoTrigger" node="0>5" />
        <i3dMapping id="tipOcclusionUpdateArea1Start" node="0>9" />
        <i3dMapping id="tipOcclusionUpdateArea1End" node="0>9|0" />
        <i3dMapping id="sellingStation" node="0>4" />
        <i3dMapping id="woodTrigger" node="0>4|0" />
        <i3dMapping id="unloadTriggerMarker" node="0>4|0|0" />
        <i3dMapping id="woodSellTrigger" node="0>4|1" />
        <i3dMapping id="woodSellTriggerMarker" node="0>4|1|0" />
        <i3dMapping id="sellingStationAINode" node="0>4|2" />
        <i3dMapping id="playerTrigger" node="0>2|0" />
        <i3dMapping id="playerTriggerMarker" node="0>2|0|0" />
        <i3dMapping id="teleportNode" node="0>2|1" />
        <i3dMapping id="palletSpawner" node="0>3" />
        <i3dMapping id="spawnSpace1start" node="0>3|0" />
        <i3dMapping id="warningStripes" node="0>7" />
        <i3dMapping id="loadingStation" node="0>6" />
        <i3dMapping id="loadTrigger" node="0>6|0" />
        <i3dMapping id="dischargeNode" node="0>6|0|0" />
        <i3dMapping id="loadTriggerMarker" node="0>6|0|1" />
        <i3dMapping id="loadingStationAINode" node="0>6|1" />
        <i3dMapping id="woodChipsHill" node="0>6|2|0" />
    </i3dMappings>
	
</placeable>
