<?xml version="1.0" encoding="utf-8" standalone="no"?>
<modDesc descVersion="67">
    <author>The Lort</author>
    <version>1.0.0.0</version>

    <title>
        <en>Farm Sawmill</en>
        <de>Hof Sägewerk</de>
		<fr>Scierie De Jardin</fr>
		<pl>Tartak Stoczni</pl>
    </title>

    <description>
<en><![CDATA[This sawmill fits perfectly on your farm.
It works like a standard sawmill, it can also produce furniture.

Characteristics:
Name: Farm Sawmill
Price: 10000$
Maintenance: 5$/day

Capacities:
Wood: 100000 liters
Boards: 100000 liters
Wood chips: 30000 liters
Furniture: 25000 liters]]></en>
<de><![CDATA[Diese Sägewerk passt perfekt auf deinen Hof.
Es funktioniert wie ein Standard Sägewerk es kann auch Möbel produzieren.

Eigenschaften:
Name: Hof Sägewerk
Preis: 10000€
Unterhalt: 5€/Tag

Kapazitäten:
Holz: 100000 Liter
Bretter: 100000 Liter 
Hackschnitzel: 30000 Liter
Möbel: 25000 Liter]]></de>
<fr><![CDATA[Cette scierie s'intègre parfaitement à votre ferme.
Elle fonctionne comme une scierie standard, elle peut aussi produire des meubles.

Les caractéristiques:
Nom : Scierie de la ferme
Prix ​​: 10000€
Entretien : 5€/jour

Capacités :
Bois : 100000 litres
Planches : 100000 litres
Copeaux de bois : 30000 litres
Mobilier : 25000 litres]]></fr>
<pl><![CDATA[Ten tartak idealnie pasuje do Twojego gospodarstwa.
Działa jak standardowy tartak, może też produkować meble.

Charakterystyka:
Nazwa: tartak rolniczy
Cena: 10000$
Konserwacja: 5$/dzień

Możliwości:
Drewno: 100000 litrów
Deski: 100000 litrów
Zrębki: 30000 litrów
Meble: 25000 litrów]]></pl>
    </description>

    <iconFilename>icon_farmSawmill.dds</iconFilename>
    <multiplayer supported="true"/>
	
    <storeItems>
        <storeItem xmlFilename="farmSawmill.xml"/>
    </storeItems>

    <l10n>
        <text name="storeItem_farmSawmill">
            <en>Farm Sawmill</en>
			<de>Hof Sägewerk</de>
			<fr>Scierie De Jardin</fr>
			<pl>Tartak Stoczni</pl>
        </text>
    </l10n>
	
</modDesc>
