﻿<?xml version="1.0" encoding="utf-8" standalone="no" ?>
<modDesc descVersion="77">
    <author>Custom Modding</author>
    <version>1.1.0.1</version>
	<multiplayer supported="true" />
	
	<title>
        <en>AGCO Vario 1000 US Series</en>
    </title>
	
    <description>
        <en><![CDATA[AGCO Vario 1000 US Series
500 hp for your best work every day. AGCO 1000 Vario.

Big. Strong. Unique. A true masterpiece coupled with leading Fendt technology. Experience true
strength, full traction, expert control and smart farming with the Fendt/Challenger 1000 Vario.
The Fendt/Challenger 1000 Vario harnesses its power. Its large tires, intelligent ballasting and tire
pressure assistant as well as unique, variable four-wheel drive deliver the right amount of grip in
any situation – along with outstanding maneuverability. And it has more than just pulling power.

Specs:

Model: 1000 Vario US Series Gen1/Gen2/Gen3
Power: 396 to 517 HP
Price: USD $329,000

Features:

- 2020 LSW's Optiterra
- Realistic sound
- Wheels
- Various tire options (22", 30", 36", singles, duals, triples)
- New animations
- Quick hitch
- Select between Gen1, Gen2 and Gen3
- New light system (US)
- Available models manufactured by AGCO (Challenger and Fendt)

Changelog 1.1.0.0
- Add ISARIA Compact Pro (Precision Farming DLC)
- Add Passenger Seat (Kubota Pack DLC)
- Window tint

Changelog 1.1.0.1
- Fixed fender visibility
- Added Demco 1200 Gallon SideQuest attacher
]]></en>
        <de><![CDATA[AGCO Vario 1000 US-Serie
500 PS für Ihre tägliche Bestleistung. AGCO 1000 Vario.

Groß, Stark, Einzigartig, ein wahres Meisterwerk gepaart mit führender Fendt-Technologie.
Erleben Sie mit dem Fendt/Challenger 1000 Vario wahre Stärke, volle Traktion, fachmännische
Kontrolle und intelligente Landwirtschaft.
Der Fendt/Challenger 1000 Vario macht sich seine Kraft zunutze. Seine großen Reifen, der
intelligente Ballastierungs- und Reifendruckassistent sowie der einzigartige, variable
Allradantrieb sorgen für das richtige Maß an Bodenhaftung in jeder Situation - bei gleichzeitig
hervorragender Manövrierfähigkeit. Und er hat mehr als nur Durchzugskraft.

Spezifikationen:

Modell: 1000 Vario US-Serie Gen1/Gen2/Gen3
Leistung: 396 bis 517 PS
Preis: 329.000 €

Merkmale:

- 2020 LSWs Optiterra
- Realistischer Sound
- Reifen
- Verschiedene Reifenoptionen (22", 30", 36", Einfach, Doppelt, Dreifach)
- Neue Animationen
- Schnellkupplung
- Wählen Sie zwischen Gen1, Gen2 und Gen3
- Neues US Lichtsystem
- Verfügbare Modelle von AGCO (Challenger und Fendt)

Changelog 1.1.0.0
- ISARIA Compact Pro hinzugefügt (Precision Farming DLC)
- Beifahrersitz hinzugefügt (Kubota Pack DLC)
- Fenstertönung

Changelog 1.1.0.1
- Sichtbarkeit des Kotflügels korrigiert
- Demco 1200 Gallon SideQuest-Anbaugerät hinzugefügt
]]></de>
    </description>
	
    <multiplayer supported="true" />
    <iconFilename>icon_agco.dds</iconFilename>
	
    <storeItems>
        <storeItem rootNode="vehicle" xmlFilename="fendt.xml"/>
        <storeItem rootNode="vehicle" xmlFilename="challenger.xml"/>
        <storeItem rootNode="vehicle" xmlFilename="fendt_blackbeauty.xml"/>
    </storeItems>
	
	<brands>
        <brand name="LIZARD1" title="Lizard" image="$data/store/brands/brand_lizard.dds"/>
		<brand name="LIZARD2" 	title="Lizard" image="$data/store/brands/brand_lizard.dds"/>
    </brands>
	
	<l10n>
		<text name="configuration_GY_LSW1400"><en>1400-30R46 LSW</en><de>1400-30R46 LSW</de></text>
		<text name="configuration_GY_LSW1400Weights"><en>1400-30R46 LSW Weights</en><de>1400-30R46 LSW Gewichte</de></text>
		<text name="configuration_GY_LSW1250"><en>1250-35R46 LSW</en><de>1250-35R46 LSW</de></text>
		<text name="configuration_GY_LSW1250Weights"><en>1250-35R46 LSW Weights</en><de>1250-35R46 LSW Gewichte</de></text>
		<text name="configuration_valueTriple"><en>Back Triple</en><de>Dreifach hinten</de></text>
		<text name="configuration_valueTwinWheelsAll22"><en>22" Spacing</en><de>22" Abstand</de></text>
		<text name="configuration_valueTwinWheelsAll36"><en>36" Spacing</en><de>36" Abstand</de></text>
		<text name="configuration_valueTwinWheelsAll30"><en>30" Spacing</en><de>30" Abstand</de></text>

		<text name="configuration_gen"><en>Generation</en><de>Generation</de></text>
		<text name="configuration_gen1"><en>Gen1</en><de>Gen1</de></text>
		<text name="configuration_gen2"><en>Gen2</en><de>Gen2</de></text>
		<text name="configuration_gen3"><en>Gen3</en><de>Gen3</de></text>
		<text name="configuration_beacons"><en>Beacons</en><de>Rundumleuchten</de></text>
		<text name="configuration_beaconsL"><en>Left</en><de>Links</de></text>
		<text name="configuration_beaconsR"><en>Right</en><de>Rechts</de></text>
		<text name="configuration_beaconsLR"><en>Both</en><de>Beide</de></text>
		<text name="configuration_3pt"><en>Quick Hitch</en><de>Schnellkupplung</de></text>
		<text name="configuration_cooler"><en>Cooler</en><de>Kühlbox</de></text>
		<text name="configuration_handle"><en>Steering Handle</en><de>Lenkradknauf</de></text>
		<text name="configuration_fenders"><en>Fenders</en><de>Kotflügel</de></text>

		<text name="configuration_numbers"><en>Numbers</en><de>Zahlen</de></text>
		<text name="configuration_1"><en>1</en><de>1</de></text>
		<text name="configuration_2"><en>2</en><de>2</de></text>
		<text name="configuration_3"><en>3</en><de>3</de></text>
		<text name="configuration_4"><en>4</en><de>4</de></text>
		<text name="configuration_5"><en>5</en><de>5</de></text>
		<text name="configuration_6"><en>6</en><de>6</de></text>
		<text name="configuration_7"><en>7</en><de>7</de></text>
		<text name="configuration_8"><en>8</en><de>8</de></text>
		<text name="configuration_9"><en>9</en><de>9</de></text>
		<text name="configuration_10"><en>10</en><de>10</de></text>
		<text name="configuration_11"><en>11</en><de>11</de></text>
		<text name="configuration_12"><en>12</en><de>12</de></text>
		<text name="configuration_13"><en>13</en><de>13</de></text>
		<text name="configuration_14"><en>14</en><de>14</de></text>
		<text name="configuration_15"><en>15</en><de>15</de></text>
		<text name="configuration_16"><en>16</en><de>16</de></text>
		<text name="configuration_17"><en>17</en><de>17</de></text>
		<text name="configuration_18"><en>18</en><de>18</de></text>
		<text name="configuration_19"><en>19</en><de>19</de></text>
		<text name="configuration_20"><en>20</en><de>20</de></text>
		<text name="configuration_21"><en>21</en><de>21</de></text>
		<text name="configuration_22"><en>22</en><de>22</de></text>
		<text name="configuration_23"><en>23</en><de>23</de></text>
		<text name="configuration_24"><en>24</en><de>24</de></text>
		<text name="configuration_25"><en>25</en><de>25</de></text> 

		<!-- Windows -->
		<text name="configuration_windows"><en>Window Tint</en><de>Fenstertönung</de></text>
		<text name="configuration_gray"><en>25%</en><de>25%</de></text>
		<text name="configuration_dark"><en>50%</en><de>50%</de></text>
		<text name="configuration_darker"><en>75%</en><de>75%</de></text>

	</l10n>	
	
</modDesc>
