<?xml version="1.0" encoding="utf-8" standalone="no" ?>
<placeable type="simplePlaceable" xmlns:xsi="http://www.w3.org/2001/XMLSchema-instance" xsi:noNamespaceSchemaLocation="../../../../../shared/xml/schema/placeable.xsd">
    
    <storeData>
        <name>
            <en>Standard Extension 12 doors</en>
            <de>Standarderweiterung 12 Türen</de>
        </name>
        <functions>
            <function>$l10n_function_garage</function>
        </functions>
        <image>store/store_s_extension_m12.dds</image>
        <price>7000</price>
        <dailyUpkeep>0</dailyUpkeep>
        <lifetime>1000</lifetime>
        <rotation>0</rotation>
        <brand>NONE</brand>
        <species>placeable</species>
        <category>sheds</category>
        <brush>
            <type>placeable</type>
            <category>buildings</category>
            <tab>sheds</tab>
        </brush>
        <canBeSold>true</canBeSold>
        <showInStore>true</showInStore>
        <vertexBufferMemoryUsage>792832</vertexBufferMemoryUsage>
        <indexBufferMemoryUsage>120320</indexBufferMemoryUsage>
        <textureMemoryUsage>3801088</textureMemoryUsage>
        <audioMemoryUsage>0</audioMemoryUsage>
        <instanceVertexBufferMemoryUsage>0</instanceVertexBufferMemoryUsage>
        <instanceIndexBufferMemoryUsage>0</instanceIndexBufferMemoryUsage>
    </storeData>

    <base>
        <boughtWithFarmland>true</boughtWithFarmland>
        <filename>i3d/standardExtension.i3d</filename>
    </base>

    <placement placementPositionSnapOffset="0.25" placementPositionSnapSize="0" placementRotationSnapAngle="15">
        <testAreas>
            <testArea startNode="testArea01Start" endNode="testArea01End" />
        </testAreas>

        <sounds>
            <place template="smallImp" />
        </sounds>
    </placement>

    <clearAreas>
        <clearArea startNode="clearArea01Start" widthNode="clearArea01Width" heightNode="clearArea01Height"/>
    </clearAreas>

    <leveling requireLeveling="true" maxSmoothDistance="5" maxSlope="75" maxEdgeAngle="30">
        <levelAreas>
            <levelArea startNode="levelingArea01Start" widthNode="levelingArea01Width" heightNode="levelingArea01Height" groundType="asphalt"/>
        </levelAreas>
    </leveling>

    <indoorAreas>
        <indoorArea startNode="indoorArea01Start" widthNode="indoorArea01Width" heightNode="indoorArea01Height"/>
    </indoorAreas>

    <tipOcclusionUpdateAreas>
        <tipOcclusionUpdateArea startNode="tipOcclusionUpdateArea1Start" endNode="tipOcclusionUpdateArea1End" />
    </tipOcclusionUpdateAreas>

    <ai>
        <updateAreas>
            <updateArea startNode="tipOcclusionUpdateArea1Start" endNode="tipOcclusionUpdateArea1End" />
        </updateAreas>
    </ai>

    <animatedObjects>
        <animatedObject saveId="doorBack" >
            <animation duration="3">
                <part node="rightDoorBack">
                    <keyFrame time="0.25" rotation="0 0 0"/>
                    <keyFrame time="1.0" rotation="0 -87 0"/>
                </part>
                <part node="leftDoorBack">
                    <keyFrame time="0.2" rotation="0 0 0"/>
                    <keyFrame time=".95" rotation="0 87 0"/>
                </part>
                <part node="handleDoorBack">
                    <keyFrame time="0.0" rotation="-90 0 0"/>
                    <keyFrame time="0.075" rotation="-115 0 0"/>
                    <keyFrame time="0.15" rotation="-90 0 0"/>
                </part>
            </animation>
            <controls triggerNode="doorBackTrigger" posAction="ACTIVATE_HANDTOOL" posText="action_openGate" negText="action_closeGate" />
            <sounds>
                <moving template="metalDoorsLoop" linkNode="doorBack"/>
                <posEnd template="metalDoorsOpen" linkNode="doorBack" />
                <negEnd template="metalDoorsClose" linkNode="doorBack"/>
            </sounds>
        </animatedObject>
    </animatedObjects>

    <colorable>
        <nodes>
            <node node="roof" />
            <node node="metalSheetDoorBack"/>
            <node node="metalSheetLeftDoorBack"/>
            <node node="metalSheetRightDoorBack"/>
            <node node="metalSheetFront"/>
        </nodes>

        <colors>
            <color value="0.24 0.031 0.033" /> <!-- DEFAULT red -->
            <color value="0.3 0.1 0.1" /> <!-- red_1-->
            <color value="0.35 0.03 0.03" /> <!-- red_2-->
            <color value="RUDOLFHOERMANN_OXIDRED" /> <!-- red_3-->
            <color value="0 0.047 0.01" /> <!-- green_1-->
            <color value="RUDOLFHOERMANN_GREEN" /> <!-- green_2-->
            <color value="RUDOLFHOERMANN_LIGHTGREEN" /> <!-- green_3-->
            <color value="0.1 0.35 0.05" /> <!-- green_4-->
            <color value="RUDOLFHOERMANN_DARKGREY" /> <!-- grey_1-->
            <color value="0.05 0.05 0.05" /> <!-- grey_2-->
            <color value="0.07 0.07 0.07" /> <!-- grey_3-->
            <color value="RUDOLFHOERMANN_GREYALU" /> <!-- grey_4-->
            <color value="RUDOLFHOERMANN_LIGHTGREY" /> <!-- white_1-->
            <color value="0.15 0.3 0.5" /> <!-- blue_1-->
            <color value="0 0.1 0.30" /> <!-- blue_2-->
            <color value="0 0.05 0.12" /> <!-- blue_3-->
            <color value="0.01 0.02 0.04" /> <!-- blue_4-->
            <color value="0 0.15 0.15" /> <!-- blue_5-->
            <color value="RUDOLFHOERMANN_BEIGE" /> <!-- beige_1-->
            <color value="RUDOLFHOERMANN_WOODBRIGHT" /> <!-- orange_1-->
            <color value="0.35 0.1 0.04" /> <!-- orange_2-->
            <color value="RUDOLFHOERMANN_WOODDARK" /> <!-- brown_1-->
        </colors>
    </colorable>

    <deletedNodes>
        <deletedNode node="wallBack"/>
        <deletedNode node="wallSide"/>
        <deletedNode node="wallBackCol"/>
        <deletedNode node="wallSideCol"/>
        <deletedNode node="occluderWallBack"/>
        <deletedNode node="occluderWallSide"/>
        <deletedNode node="bracingRoof"/>
        <deletedNode node="tipColWallSide"/>

        <deletedNode node="baseDoorFront"/>
        <deletedNode node="baseSideDoor"/>
        <deletedNode node="doorFrontCol"/>
        <deletedNode node="doorSideCol"/>
    </deletedNodes>

    <i3dMappings>
        <i3dMapping id="extension" node="0>"/>
        
        <i3dMapping id="clearAreas"         node="0>0"/>
        <i3dMapping id="clearArea01Start"   node="0>0|0"/>
        <i3dMapping id="clearArea01Width"   node="0>0|0|0"/>
        <i3dMapping id="clearArea01Height"  node="0>0|0|1"/>
        
        <i3dMapping id="leveling"              node="0>1"/>
        <i3dMapping id="levelingArea01Start"   node="0>1|0"/>
        <i3dMapping id="levelingArea01Width"   node="0>1|0|0"/>
        <i3dMapping id="levelingArea01Height"  node="0>1|0|1"/>
        
        <i3dMapping id="indoorAreas"        node="0>2"/>
        <i3dMapping id="indoorArea01Start"  node="0>2|0"/>
        <i3dMapping id="indoorArea01Width"  node="0>2|0|0"/>
        <i3dMapping id="indoorArea01Height" node="0>2|0|1"/>
        
        <i3dMapping id="tipOcclusionUpdateAreas"        node="0>3"/>
        <i3dMapping id="tipOcclusionUpdateArea1Start"   node="0>3|0"/>
        <i3dMapping id="tipOcclusionUpdateArea1End"     node="0>3|0|0"/>

        <i3dMapping id="testAreas"          node="0>4"/>
        <i3dMapping id="testArea01Start"    node="0>4|0"/>
        <i3dMapping id="testArea01End"      node="0>4|0|0"/>
        
        <i3dMapping id="tipCols"            node="0>5"/>
        <i3dMapping id="tipColWallFront"    node="0>5|1"/>
        <i3dMapping id="tipColWallBack"     node="0>5|2"/>
        <i3dMapping id="tipColWallSide"     node="0>5|3"/>

        <i3dMapping id="visuals"            node="0>6"/>
        <i3dMapping id="openFrameRight"     node="0>6|0|0|2"/>
        <i3dMapping id="roof"               node="0>6|0|1|0"/>
        <i3dMapping id="bracingRoof"        node="0>6|0|1|2"/>

        <i3dMapping id="wallFront"          node="0>6|1"/>
        <i3dMapping id="metalSheetFront"    node="0>6|1|0"/>
        <i3dMapping id="bracingFont"        node="0>6|1|2"/>
        
        <i3dMapping id="wallBack"           node="0>6|2"/>
        <i3dMapping id="metalSheetBack"     node="0>6|2|0"/>
        <i3dMapping id="bracingBack"        node="0>6|2|2"/>
        
        <i3dMapping id="wallSide"                   node="0>6|3"/>
        <i3dMapping id="metalSheetSide"             node="0>6|3|0"/>
        <i3dMapping id="metalSheetSideFinishFront"  node="0>6|3|1"/>
        <i3dMapping id="metalSheetSideFinishBack"   node="0>6|3|2"/>
        <i3dMapping id="bracingFrameSide"           node="0>6|3|3"/>
        <i3dMapping id="roofFinishSide"             node="0>6|3|5"/>
        
        <i3dMapping id="collisions"     node="0>7"/>
        <i3dMapping id="openFrameCol"   node="0>7|0|1"/>
        <i3dMapping id="wallFrontCol"   node="0>7|1"/>
        <i3dMapping id="wallBackCol"    node="0>7|2"/>
        <i3dMapping id="wallSideCol"    node="0>7|3"/>

        <i3dMapping id="occluderMeshes"     node="0>8"/>
        <i3dMapping id="occluderWallFront"  node="0>8|1"/>
        <i3dMapping id="occluderWallBack"   node="0>8|2"/>
        <i3dMapping id="occluderWallSide"   node="0>8|3"/>

        <!-- doors -->
        <i3dMapping id="baseDoorFront"             node="0>6|5"/>
        <i3dMapping id="doorFront"                 node="0>6|5|0"/>
        <i3dMapping id="leftDoorFront"             node="0>6|5|0|0"/>
        <i3dMapping id="metalSheetLeftDoorFront"   node="0>6|5|0|0|0"/>
        <i3dMapping id="rightDoorFront"            node="0>6|5|0|1"/>
        <i3dMapping id="handleDoorFront"           node="0>6|5|0|1|0"/>
        <i3dMapping id="metalSheetRightDoorFront"  node="0>6|5|0|1|1"/>
        <i3dMapping id="metalSheetDoorFront"       node="0>6|5|1"/>
        <i3dMapping id="doorFrontTrigger"          node="0>6|5|0|2"/>

        <i3dMapping id="baseDoorBack"              node="0>6|6"/>
        <i3dMapping id="doorBack"                  node="0>6|6|0"/>
        <i3dMapping id="leftDoorBack"              node="0>6|6|0|0"/>
        <i3dMapping id="metalSheetLeftDoorBack"    node="0>6|6|0|0|1"/>
        <i3dMapping id="rightDoorBack"             node="0>6|6|0|1"/>
        <i3dMapping id="handleDoorBack"            node="0>6|6|0|0|0"/>
        <i3dMapping id="metalSheetRightDoorBack"   node="0>6|6|0|1|0"/>
        <i3dMapping id="metalSheetDoorBack"        node="0>6|6|1"/>
        <i3dMapping id="doorBackTrigger"           node="0>6|6|0|2"/>
        
        <i3dMapping id="baseSideDoor" node="0>6|7"/>
        <i3dMapping id="doorLeftSide" node="0>6|7|0"/>
        <i3dMapping id="metalSheetLeftDoorSide" node="0>6|7|0|0"/>
        <i3dMapping id="doorRightSide" node="0>6|7|1"/>
        <i3dMapping id="metalSheetRightDoorSide" node="0>6|7|1|0"/>
        <i3dMapping id="metalFinishDoorSide" node="0>6|7|2"/>
        <i3dMapping id="metalSheetDoorSide" node="0>6|7|3"/>
        <i3dMapping id="roofFinishSide" node="0>6|7|7"/>

        <i3dMapping id="doorFrontCol"    node="0>7|4"/>
        <i3dMapping id="doorBackCol"     node="0>7|5"/>
        <i3dMapping id="doorSideCol"     node="0>7|6"/>
    </i3dMappings>
</placeable>