﻿<?xml version="1.0" encoding="utf-8" standalone="no" ?>
<modDesc descVersion="71">
    <author>Fr€d Fra-Cassés</author>
    <version>1.0.0.0</version>
    <title>
        <en>Pumping Wind Turbine</en>
        <de>Pumpende Windkraftanlage</de>
        <fr>Éolienne De Pompage</fr>
    </title>
    <description>
        <en><![CDATA[Water pumping wind turbine with decorative basin.

You can fill your water tank with this mod.
Price: 2000$
DailyUpkeep: 5$]]></en>
        <de><![CDATA[Wasserpumpendes Windrad mit dekorativem Becken.

Mit diesem Mod können Sie Ihren Wassertank füllen.
Preis: 2000 €
Unterhalt: 5 €]]></de>
        <fr><![CDATA[Éolienne de pompage d'eau avec bassin en décoration.

Vous pouvez remplir votre réservoir d'eau avec ce mod.
Prix : 2000€
Entretien quotidien: 5€]]></fr>
    </description>
    <iconFilename>modIcon.png</iconFilename>
    <multiplayer supported="true"/>
	<storeItems>
	   <storeItem xmlFilename="xml/WindPump.xml"/>
   </storeItems>

   <l10n> 
     <text name="store_WindPump">
        <en>Pumping Wind Turbine</en>
        <de>Pumpende Windkraftanlage</de>
        <fr>Éolienne De Pompage</fr>
     </text>
   </l10n>
</modDesc>
