<?xml version="1.0" encoding="utf-8" standalone="no" ?>
<modDesc descVersion="61">
    <author>DD ModPassion</author>
    <version>1.0.0.0</version>
    <title>
        <en>Placeable Silos</en>
        <de>Platzierbare Silos</de>
    </title>
    <description>
        <en><![CDATA[Silos with 35.000 liters of capacity.
Contains:
- Silo for Base Food
- Silo for Chicken Food
- Silo for Fertilizer
- Silo for Horse Food
- Silo for Lime
- Silo for Pig Food
- Silo for Seeds
- Silo for Road salt

Price: 10.000 €
]]></en>
        <de><![CDATA[Silos mit 35.000 Litern Fassungsvermögen.
Enthält:
- Silo für Basisfutter
- Silo für Weizen
- Silo für Dünger
- Silo für Hafer
- Silo für Kalk
- Silo für Schweinefutter
- Silo für Saatgut
- Silo für Streusalz

Preis: 10.000 €
]]></de>
    </description>
    <iconFilename>icon_silos_placeable.png</iconFilename>
    <multiplayer supported="true"/>
    <storeItems>
        <storeItem xmlFilename="xmlFilename/silo.xml"/>
        <storeItem xmlFilename="xmlFilename/siloSeeds.xml"/>
        <storeItem xmlFilename="xmlFilename/siloFertilizer.xml"/>
        <storeItem xmlFilename="xmlFilename/siloLime.xml"/>
        <storeItem xmlFilename="xmlFilename/siloRoadSalt.xml"/>
        <storeItem xmlFilename="xmlFilename/siloPigFood.xml"/>
        <storeItem xmlFilename="xmlFilename/siloHorseFood.xml"/>
        <storeItem xmlFilename="xmlFilename/siloChickenFood.xml"/>
    </storeItems>
</modDesc>