﻿<?xml version="1.0" encoding="utf-8" standalone="no" ?>
<vehicle type="dynamicMountAttacherTrailer" xmlns:xsi="http://www.w3.org/2001/XMLSchema-instance" xsi:noNamespaceSchemaLocation="https://validation.gdn.giants-software.com/xml/schema/vehicle.xsd">
    <annotation>Copyright (C) DD ModPassion, All Rights Reserved.</annotation>
    <storeData>
        <name>$l10n_name_bilancinoSollevamento</name>
        <specs>
            <combination xmlFilename="xmlFilename/skidSteer/gancioSollevamento.xml"/>
            <combination xmlFilename="xmlFilename/skidSteer/bracettoSollevamento.xml"/>
            <combination xmlFilename="xmlFilename/frontloader/gancioSollevamento_skidSteers.xml"/>
            <combination xmlFilename="xmlFilename/frontloader/bracettoSollevamento_skidSteers.xml"/>
            <combination xmlFilename="xmlFilename/frontloader/prolungaSollevamento_skidSteers.xml"/>
            <combination xmlFilename="xmlFilename/telehandler/gancioSollevamento_skidSteers.xml"/>
            <combination xmlFilename="xmlFilename/telehandler/bracettoSollevamento_skidSteers.xml"/>
            <combination xmlFilename="xmlFilename/telehandler/prolungaSollevamento_skidSteers.xml"/>
            <combination xmlFilename="xmlFilename/wheelLoader/gancioSollevamento_skidSteers.xml"/>
            <combination xmlFilename="xmlFilename/wheelLoader/bracettoSollevamento_skidSteers.xml"/>
            <combination xmlFilename="xmlFilename/wheelLoader/prolungaSollevamento_skidSteers.xml"/>
        </specs>
        <functions>
            <function>$l10n_function_frontloaderPalletFork</function>
        </functions>
        <image>image/store_bilancinoSollevamento.png</image>
        <price>150</price>
        <lifetime>600</lifetime>
        <rotation>0</rotation>
        <brand>CSZ</brand>
        <category>misc</category>
        <shopTranslationOffset>0 0.1 0</shopTranslationOffset>
        <shopLoadingDelay initial="0.4"/>
        <vertexBufferMemoryUsage>8704</vertexBufferMemoryUsage>
        <indexBufferMemoryUsage>1536</indexBufferMemoryUsage>
        <textureMemoryUsage>458752</textureMemoryUsage>
        <audioMemoryUsage>0</audioMemoryUsage>
        <instanceVertexBufferMemoryUsage>0</instanceVertexBufferMemoryUsage>
        <instanceIndexBufferMemoryUsage>0</instanceIndexBufferMemoryUsage>
    </storeData>
    <base>
        <typeDesc>$l10n_typeDesc_bilancinoSollevamento</typeDesc>
        <filename>filename/bilancinoSollevamento.i3d</filename>
        <size width="2.1" length="0.25"/>
        <components>
            <component centerOfMass="0 0 0" solverIterationCount="10" mass="50"/>
        </components>
        <schemaOverlay attacherJointPosition="0 0" name="IMPLEMENT"/>
        <mapHotspot type="TOOL"/>
    </base>
    <attachable>
        <inputAttacherJoints>
            <inputAttacherJoint node="0>0|0" jointType="hookLift"/>
            <inputAttacherJoint node="0>0|1" jointType="hookLift"/>
        </inputAttacherJoints>
        <toolCameras>
            <toolCamera node="0>0|2|1|0" rotatable="true" rotateNode="0>0|2|1" limit="true" useWorldXZRotation="true" rotMinX="-1.4" rotMaxX="1" transMin="1.5" transMax="18" translation="0 0 5.5" rotation="-17.5 180 0">
                <raycastNode node="0>0|2|1"/>
                <raycastNode node="0>0|2|2"/>
                <raycastNode node="0>0|2|3"/>
            </toolCamera>
        </toolCameras>
    </attachable>
    <tensionBelts>
        <tensionBeltsConfigurations>
            <tensionBeltsConfiguration>
                <tensionBelts linkNode="0>" jointNode="0>" width="0.075" maxEdgeLength="0.1" geometryBias="0.01" ratchetPosition="0.2" defaultOffset="0.1" defaultOffsetSide="0.1" defaultHeight="4" activationTrigger="0>1|1">
                    <tensionBelt startNode="0>1|0" endNode="0>1|0|0" offsetLeft="0.95"/>
                    <sounds>
                        <addBelt template="beltOpen"/>
                        <removeBelt template="beltClose"/>
                    </sounds>
                </tensionBelts>
            </tensionBeltsConfiguration>
        </tensionBeltsConfigurations>
    </tensionBelts>
    <ai>
        <agentAttachment width="2.1" height="0.25" length="0.25" lengthOffset="0"/>
    </ai>
    <tensionBeltObject>
        <meshNodes>
            <meshNode node="0>1"/>
        </meshNodes>
    </tensionBeltObject>
    <foliageBending>
        <bendingNode minX="1.05" maxX="-1.05" minZ="0.125" maxZ="-0.125" yOffset="0"/>
    </foliageBending>
    <baseMaterial>
        <material name="CSZ_pack_mat" baseNode="0>1">
            <shaderParameter name="colorMat0" material="16" value="1 0 0"/>
        </material>
    </baseMaterial>
    <wearable showOnHud="false"/>
    <washable dirtDuration="90" washDuration="1" workMultiplier="6" fieldMultiplier="2"/>
</vehicle>
