<?xml version="1.0" encoding="utf-8" standalone="no" ?>
<connectionHoses xmlns:xsi="http://www.w3.org/2001/XMLSchema-instance" xsi:noNamespaceSchemaLocation="https://validation.gdn.giants-software.com/xml/schema/connectionHoses.xsd">
    <annotation>Copyright (C) DD ModPassion, All Rights Reserved.</annotation>
    <connectionHoseTypes>
        <!-- hydraulic -->
        <connectionHoseType name="hydraulicIn">
            <adapter name="DEFAULT" filename="$data/shared/connectionHoses/connectors.i3d" node="0|0" detachedNode="1|0"/>
            <material name="DEFAULT" filename="$data/shared/connectionHoses/hoseMaterialHolder.i3d" materialNode="0" defaultColor="0.05 0.05 0.05 5" uvOffset="0 0" uvScale="1 1"/>
        </connectionHoseType>
        <connectionHoseType name="hydraulicOut">
            <adapter name="DEFAULT" filename="$data/shared/connectionHoses/connectors.i3d" node="0|0" detachedNode="1|0"/>
            <material name="DEFAULT" filename="$data/shared/connectionHoses/hoseMaterialHolder.i3d" materialNode="0" defaultColor="0.05 0.05 0.05 5" uvOffset="0 0" uvScale="1 1"/>
        </connectionHoseType>
    </connectionHoseTypes>
</connectionHoses>