<?xml version="1.0" encoding="utf-8" standalone="no" ?>
<vehicle type="livestockTrailer" xmlns:xsi="http://www.w3.org/2001/XMLSchema-instance" xsi:noNamespaceSchemaLocation="https://validation.gdn.giants-software.com/xml/schema/vehicle.xsd">
    <annotation>Copyright (C) DD ModPassion, All Rights Reserved.</annotation>
    <storeData>
        <name>$l10n_name_gabbiaSmartStack</name>
        <specs>
            <capacity unitTextOverride="$l10n_construction_tab_chickens">360</capacity>
            <combination xmlFilename="xmlFilename/frontloader/piastraPortaforcheSmartStack.xml"/>
            <combination xmlFilename="xmlFilename/telehandler/piastraPortaforcheSmartStack_frontloaders.xml"/>
            <combination xmlFilename="xmlFilename/wheelLoader/piastraPortaforcheSmartStack_frontloaders.xml"/>
        </specs>
        <functions>
            <function>$l10n_function_livestockTrailer</function>
        </functions>
        <storePacks>
            <storePack>STARTER_CHICKENS</storePack>
            <storePack>STARTER_ANIMALS</storePack>
        </storePacks>
        <image>image/store_gabbiaSmartStack.png</image>
        <price>1500</price>
        <lifetime>600</lifetime>
        <rotation>0</rotation>
        <brand>CSZ</brand>
        <category>animalTransport</category>
        <shopLoadingDelay initial="0.4"/>
        <shopHeight>3</shopHeight>
        <vertexBufferMemoryUsage>107776</vertexBufferMemoryUsage>
        <indexBufferMemoryUsage>17664</indexBufferMemoryUsage>
        <textureMemoryUsage>786432</textureMemoryUsage>
        <audioMemoryUsage>0</audioMemoryUsage>
        <instanceVertexBufferMemoryUsage>0</instanceVertexBufferMemoryUsage>
        <instanceIndexBufferMemoryUsage>0</instanceIndexBufferMemoryUsage>
    </storeData>
    <base>
        <filename>filename/gabbiaSmartStack.i3d</filename>
        <size width="2.5" length="1.25"/>
        <components>
            <component centerOfMass="0 0.1 0" solverIterationCount="10" mass="250"/>
        </components>
        <schemaOverlay attacherJointPosition="0 0" name="IMPLEMENT"/>
        <mapHotspot type="TOOL_TRAILED"/>
    </base>
    <attachable>
        <inputAttacherJoints>
            <inputAttacherJoint node="0>3" jointType="loaderFork"/>
            <inputAttacherJoint node="0>3|0" jointType="loaderFork"/>
        </inputAttacherJoints>
    </attachable>
    <livestockTrailer>
        <animal type="chicken" node="0>4" numSlots="180"/>
        <loadTrigger node="0>0|1"/>
    </livestockTrailer>
    <dynamicMount triggerNode="0>0|0" triggerForceAcceleration="4" additionalMountDistance="0.5" jointTransY="0.11" jointLimitToRotY="true"/>
    <dischargeable requiresTipOcclusionArea="false"/>
    <tensionBeltObject>
        <meshNodes>
            <meshNode node="0>0|2"/>
        </meshNodes>
    </tensionBeltObject>
    <ai>
        <agentAttachment width="2.5" height="1.25" length="1.25"/>
    </ai>
    <foliageBending>
        <bendingNode minX="1.25" maxX="-1.25" minZ="0.625" maxZ="-0.625" yOffset="0.02"/>
    </foliageBending>
    <baseMaterial>
        <material name="CSZ_pack_mat" baseNode="0>2">
            <shaderParameter name="colorMat0" material="18" value="0.5 0.05 0.5"/>
        </material>
    </baseMaterial>
    <wearable showOnHud="false"/>
    <washable dirtDuration="90" washDuration="1" workMultiplier="6" fieldMultiplier="2"/>
</vehicle>