﻿<?xml version="1.0" encoding="utf-8" standalone="no" ?>
<vehicle type="leveler" xmlns:xsi="http://www.w3.org/2001/XMLSchema-instance" xsi:noNamespaceSchemaLocation="https://validation.gdn.giants-software.com/xml/schema/vehicle.xsd">
    <annotation>Copyright (C) DD ModPassion, All Rights Reserved.</annotation>
    <storeData>
        <name>$l10n_name_lamaDozer</name>
        <specs>
            <workingWidth>3.00</workingWidth>
            <combination filterCategory="tractorsS"/>
            <combination filterCategory="tractorsM"/>
            <combination filterCategory="tractorsL"/>
        </specs>
        <functions>
            <function>$l10n_function_leveler</function>
        </functions>
        <storePacks>
            <storePack>STARTER_CHAFF</storePack>
            <storePack>STARTER_SNOW</storePack>
        </storePacks>
        <image>image/store_lamaDozer_implements.png</image>
        <price>3500</price>
        <lifetime>600</lifetime>
        <rotation>0</rotation>
        <brand>CSZ</brand>
        <category>leveler</category>
        <shopDynamicTitle>true</shopDynamicTitle>
        <shopTranslationOffset>0 0.1 0</shopTranslationOffset>
        <shopLoadingDelay initial="0.4"/>
    </storeData>
    <base>
        <typeDesc>$l10n_typeDesc_leveler</typeDesc>
        <filename>filename/lamaDozer.i3d</filename>
        <size width="3" length="2"/>
        <components>
            <component centerOfMass="0 0.5 -0.1" solverIterationCount="10" mass="560"/>
        </components>
        <schemaOverlay attacherJointPosition="0 0" name="IMPLEMENT"/>
        <mapHotspot type="TOOL"/>
    </base>
    <attachable>
        <inputAttacherJointConfigurations>
            <inputAttacherJointConfiguration name="$l10n_configuration_inputAttacher3Point" vehicleBrand="CSZ_3Point" vehicleIcon="image/store_lamaDozer_implements.png">
                <inputAttacherJoint node="0>1|0" topReferenceNode="0>1|1" jointType="implement" isControllable="true" lowerRotLimitScale="0 0 0" upperRotLimitScale="0 0 0" lowerTransLimitScale="0 0 0" upperTransLimitScale="0 0 0" upperRotationOffset="0">
                    <distanceToGround lower="0" upper="2"/>
                </inputAttacherJoint>
                <objectChange node="0>1" scaleActive="1 1 1" visibilityActive="true"/>
                <objectChange node="0>2" scaleActive="0 0 0" visibilityActive="false"/>
                <objectChange node="0>3" scaleActive="0 0 0" visibilityActive="false"/>
                <objectChange node="0>4" scaleActive="0 0 0" visibilityActive="false"/>
            </inputAttacherJointConfiguration>
            <inputAttacherJointConfiguration name="$l10n_configuration_inputAttacherTeleLoaders" vehicleBrand="CSZ_teleLoaders" vehicleIcon="image/store_lamaDozer_teleLoaders.png">
                <inputAttacherJoint node="0>3|0" jointType="telehandler"/>
                <objectChange node="0>1" scaleActive="0 0 0" visibilityActive="false"/>
                <objectChange node="0>2" scaleActive="0 0 0" visibilityActive="false"/>
                <objectChange node="0>3" scaleActive="1 1 1" visibilityActive="true"/>
                <objectChange node="0>4" scaleActive="0 0 0" visibilityActive="false"/>
            </inputAttacherJointConfiguration>
            <inputAttacherJointConfiguration name="$l10n_configuration_inputAttacherWheelLoader" vehicleBrand="CSZ_wheelLoaders" vehicleIcon="image/store_lamaDozer_wheelLoaders.png">
                <inputAttacherJoint node="0>4|0" jointType="wheelLoader"/>
                <objectChange node="0>1" scaleActive="0 0 0" visibilityActive="false"/>
                <objectChange node="0>2" scaleActive="0 0 0" visibilityActive="false"/>
                <objectChange node="0>3" scaleActive="0 0 0" visibilityActive="false"/>
                <objectChange node="0>4" scaleActive="1 1 1" visibilityActive="true"/>
            </inputAttacherJointConfiguration>
        </inputAttacherJointConfigurations>
        <inputAttacherJoints>
            <inputAttacherJoint node="0>0" jointType="loaderFork"/>
            <inputAttacherJoint node="0>0|0" jointType="hookLift"/>
            <inputAttacherJoint node="0>0|1" jointType="hookLift"/>
        </inputAttacherJoints>
        <toolCameras>
            <toolCamera node="0>0|2|1|0" rotatable="true" rotateNode="0>0|2|1" limit="true" useWorldXZRotation="true" rotMinX="-1.4" rotMaxX="1" transMin="1.5" transMax="18" translation="0 0 5.5" rotation="-17.5 180 0">
                <raycastNode node="0>0|2|1"/>
                <raycastNode node="0>0|2|2"/>
                <raycastNode node="0>0|2|3"/>
            </toolCamera>
        </toolCameras>
        <support animationName="moveSupport"/>
    </attachable>
    <configurationSets title="$l10n_configuration_attacherJoint">
        <configurationSet name="$l10n_configuration_inputAttacher3Point">
            <configuration name="inputAttacherJoint" index="1"/>
        </configurationSet>
        <configurationSet name="$l10n_configuration_inputAttacherTeleLoaders">
            <configuration name="inputAttacherJoint" index="2"/>
        </configurationSet>
        <configurationSet name="$l10n_configuration_inputAttacherWheelLoader">
            <configuration name="inputAttacherJoint" index="3"/>
        </configurationSet>
    </configurationSets>
    <attacherJointControl>
        <control controlFunction="controlAttacherJointHeight" controlAxis="AXIS_HYDRAULICATTACHER1" invertControlAxis="true" mouseSpeedFactor="0.3" iconName="IMPLEMENT_ATTACHER_TRANS"/>
        <sounds>
            <hydraulic template="defaultHydraulicSound" linkNode="0>"/>
        </sounds>
    </attacherJointControl>
    <animations>
        <animation name="moveSupport">
            <part node="0>5|1" startTime="0" endTime="0.1" startTrans="0 0.14 0" endTrans="0 0 0"/>
        </animation>
    </animations>
    <fillUnit>
        <fillUnitConfigurations>
            <fillUnitConfiguration>
                <fillUnits>
                    <fillUnit unitTextOverride="$l10n_unit_literShort" fillTypeCategories="shovel" capacity="10000" showInShop="false" showOnHud="false"/>
                    <fillUnit unitTextOverride="$l10n_unit_literShort" fillTypes="snow" capacity="10000" showInShop="false" showOnHud="false"/>
                </fillUnits>
            </fillUnitConfiguration>
        </fillUnitConfigurations>
    </fillUnit>
    <leveler fillUnitIndex="1" maxFillLevelPerMS="25" ignoreFarmlandState="true">
        <levelerNode node="0>6" width="2.8" zOffset="0" minDropWidth="2.5" maxDropWidth="3.2" minDropDirOffset="1" maxDropDirOffset="2"/>
        <force node="0>" maxForce="30" direction="1"/>
        <pickUpDirection>1</pickUpDirection>
        <effects>
            <effectNode effectNode="0>7|0" effectClass="LevelerEffect" materialType="leveler" fadeTime="0.25" speed="1"/>
        </effects>
    </leveler>
    <tensionBeltObject>
        <meshNodes>
            <meshNode node="0>1|2"/>
            <meshNode node="0>3|1"/>
            <meshNode node="0>4|1"/>
            <meshNode node="0>5"/>
            <meshNode node="0>5|0|0"/>
            <meshNode node="0>5|1"/>
        </meshNodes>
    </tensionBeltObject>
    <ai>
        <agentAttachment width="3" height="1.5" length="1.5" lengthOffset="-0.5"/>
    </ai>
    <foliageBending>
        <bendingNode minX="-1.5" maxX="1.5" minZ="-0.6" maxZ="0.2" yOffset="0.1"/>
    </foliageBending>
    <baseMaterial>
        <material name="CSZ_pack_mat" baseNode="0>5">
            <shaderParameter name="colorMat0" material="16" value="1 0 0"/>
        </material>
    </baseMaterial>
    <wearable wearDuration="480" workMultiplier="5" fieldMultiplier="2"/>
    <washable dirtDuration="90" washDuration="1" workMultiplier="6" fieldMultiplier="2"/>
</vehicle>
