<?xml version="1.0" encoding="utf-8" standalone="no" ?>
<vehicle type="leveler" xmlns:xsi="http://www.w3.org/2001/XMLSchema-instance" xsi:noNamespaceSchemaLocation="https://validation.gdn.giants-software.com/xml/schema/vehicle.xsd">
    <annotation>Copyright (C) DD ModPassion, All Rights Reserved.</annotation>
    <parentFile xmlFilename="xmlFilename/lamaDozer.xml">
        <attributes>
            <set path="vehicle.storeData.storePacks.storePack" value="STARTER_CHAFF"/>
            <set path="vehicle.storeData.category" value="leveler"/>
         </attributes>
    </parentFile>
    <storeData>
        <name>$l10n_name_lamaDozer</name>
        <image>image/store_lamaDozer.png</image>
        <brand>CSZ</brand>
        <category>leveler</category>
    </storeData>
    <wearable wearDuration="480" workMultiplier="5" fieldMultiplier="2"/>
    <washable dirtDuration="90" washDuration="1" workMultiplier="6" fieldMultiplier="2"/>
</vehicle>
