﻿<?xml version="1.0" encoding="utf-8" standalone="no" ?>
<vehicle type="baseFillable_attacherJointControl" xmlns:xsi="http://www.w3.org/2001/XMLSchema-instance" xsi:noNamespaceSchemaLocation="https://validation.gdn.giants-software.com/xml/schema/vehicle.xsd">
    <annotation>Copyright (C) DD ModPassion, All Rights Reserved.</annotation>
    <storeData>
        <name>$l10n_name_miscelatore</name>
        <specs>
            <combination filterCategory="tractorsS"/>
            <combination filterCategory="tractorsM"/>
            <combination filterCategory="tractorsL"/>
        </specs>
        <functions>
            <function>$l10n_function_FS22_manureSystem</function>
        </functions>
        <image>image/store_miscelatore_implements.png</image>
        <price>10000</price>
        <lifetime>600</lifetime>
        <rotation>180</rotation>
        <brand>CSZ</brand>
        <category>misc</category>
        <shopDynamicTitle>true</shopDynamicTitle>
        <shopTranslationOffset>0 0.1 -2</shopTranslationOffset>
        <shopRotationOffset>0 180 0</shopRotationOffset>
        <shopLoadingDelay initial="0.4"/>
    </storeData>
    <base>
        <typeDesc>$l10n_typeDesc_miscelatore</typeDesc>
        <filename>filename/miscelatore.i3d</filename>
        <size width="1.5" length="4"/>
        <components>
            <component centerOfMass="0 0 0.1" solverIterationCount="10" mass="300"/>
        </components>
        <schemaOverlay attacherJointPosition="0 0" name="IMPLEMENT"/>
        <mapHotspot type="TOOL"/>
    </base>
    <attachable>
        <inputAttacherJointConfigurations>
            <inputAttacherJointConfiguration name="$l10n_configuration_inputAttacher3Point" vehicleBrand="CSZ_3Point" vehicleIcon="image/store_miscelatore_implements.png">
                <inputAttacherJoint node="0>1|0" topReferenceNode="0>1|1" jointType="implement" isControllable="true" lowerRotLimitScale="0 0 0" upperRotLimitScale="0 0 0" lowerTransLimitScale="0 0 0" upperTransLimitScale="0 0 0" upperRotationOffset="0">
                    <distanceToGround lower="0" upper="2"/>
                </inputAttacherJoint>
                <objectChange node="0>1" scaleActive="1 1 1" visibilityActive="true"/>
                <objectChange node="0>2" scaleActive="0 0 0" visibilityActive="false"/>
                <objectChange node="0>3" scaleActive="0 0 0" visibilityActive="false"/>
                <objectChange node="0>4" scaleActive="0 0 0" visibilityActive="false"/>
            </inputAttacherJointConfiguration>
            <inputAttacherJointConfiguration name="$l10n_configuration_inputAttacherTeleLoaders" vehicleBrand="CSZ_teleLoaders" vehicleIcon="image/store_miscelatore_teleLoaders.png">
                <inputAttacherJoint node="0>3|0" jointType="telehandler"/>
                <objectChange node="0>1" scaleActive="0 0 0" visibilityActive="false"/>
                <objectChange node="0>2" scaleActive="0 0 0" visibilityActive="false"/>
                <objectChange node="0>3" scaleActive="1 1 1" visibilityActive="true"/>
                <objectChange node="0>4" scaleActive="0 0 0" visibilityActive="false"/>
            </inputAttacherJointConfiguration>
            <inputAttacherJointConfiguration name="$l10n_configuration_inputAttacherWheelLoader" vehicleBrand="CSZ_wheelLoaders" vehicleIcon="image/store_miscelatore_wheelLoaders.png">
                <inputAttacherJoint node="0>4|0" jointType="wheelLoader"/>
                <objectChange node="0>1" scaleActive="0 0 0" visibilityActive="false"/>
                <objectChange node="0>2" scaleActive="0 0 0" visibilityActive="false"/>
                <objectChange node="0>3" scaleActive="0 0 0" visibilityActive="false"/>
                <objectChange node="0>4" scaleActive="1 1 1" visibilityActive="true"/>
            </inputAttacherJointConfiguration>
        </inputAttacherJointConfigurations>
        <inputAttacherJoints>
            <inputAttacherJoint node="0>0" jointType="loaderFork"/>
            <inputAttacherJoint node="0>0|0" jointType="hookLift"/>
            <inputAttacherJoint node="0>0|1" jointType="hookLift"/>
            <inputAttacherJoint node="0>0|3" jointType="hookLift"/>
            <inputAttacherJoint node="0>0|4" jointType="hookLift"/>
        </inputAttacherJoints>
        <toolCameras>
            <toolCamera node="0>0|2|1|0" rotatable="true" rotateNode="0>0|2|1" limit="true" useWorldXZRotation="true" rotMinX="-1.4" rotMaxX="1" transMin="1.5" transMax="18" translation="0 0 5.5" rotation="-17.5 180 0">
                <raycastNode node="0>0|2|1"/>
                <raycastNode node="0>0|2|2"/>
                <raycastNode node="0>0|2|3"/>
            </toolCamera>
        </toolCameras>
    </attachable>
    <configurationSets title="$l10n_configuration_attacherJoint">
        <configurationSet name="$l10n_configuration_inputAttacher3Point">
            <configuration name="inputAttacherJoint" index="1"/>
        </configurationSet>
        <configurationSet name="$l10n_configuration_inputAttacherTeleLoaders">
            <configuration name="inputAttacherJoint" index="2"/>
        </configurationSet>
        <configurationSet name="$l10n_configuration_inputAttacherWheelLoader">
            <configuration name="inputAttacherJoint" index="3"/>
        </configurationSet>
    </configurationSets>
    <attacherJointControl maxTiltAngle="35">
        <control controlFunction="controlAttacherJointHeight" controlAxis="AXIS_HYDRAULICATTACHER1" invertControlAxis="true" mouseSpeedFactor="0.3" iconName="IMPLEMENT_ATTACHER_TRANS"/>
        <control controlFunction="controlAttacherJointTilt"   controlAxis="AXIS_HYDRAULICATTACHER2" invertControlAxis="true" mouseSpeedFactor="0.3" iconName="IMPLEMENT_ATTACHER_ROTX"/>
        <sounds>
            <hydraulic template="defaultHydraulicSound" linkNode="0>"/>
        </sounds>
    </attacherJointControl>
    <connectionHoses>
        <hose inputAttacherJointIndices="6" type="hydraulicIn" node="0>5|1|0" adapterNode="0>5|1|2|2|0" length="1" diameter="0.02" straighteningFactor="3.5">
            <objectChange node="0>5|1|2" visibilityActive="false" visibilityInactive="true"/>
        </hose>
        <hose inputAttacherJointIndices="6" type="hydraulicOut" node="0>5|1|1" adapterNode="0>5|1|2|2|1" length="1" diameter="0.02" straighteningFactor="3"/>
        <localHose>
            <hose type="hydraulicIn" node="0>5|1|2|0" length="2" diameter="0.02" isTwoPointHose="true" straighteningFactor="3.5"/>
            <target type="none" node="0>5|1|2|2|0"/>
        </localHose>
        <localHose>
            <hose type="hydraulicOut" node="0>5|1|2|1" length="2" diameter="0.02" isTwoPointHose="true" straighteningFactor="3"/>
            <target type="none" node="0>5|1|2|2|1"/>
        </localHose>
        <localHose>
            <hose type="hydraulicIn" node="0>5|1|3" length="0.2" diameter="0.02" isTwoPointHose="true"/>
            <target type="none" node="0>5|1|3|0"/>
        </localHose>
        <localHose>
            <hose type="hydraulicOut" node="0>5|1|4" length="0.2" diameter="0.02" isTwoPointHose="true"/>
            <target type="none" node="0>5|1|4|0"/>
        </localHose>
    </connectionHoses>
    <animations>
        <animation name="drawbar">
            <part node="0>5|0" startTime="0" endTime="0.01" startRot="-77 0 0" endRot="-66 0 0"/>
            <part node="0>5|0" startTime="0.99" endTime="1" startRot="-66 0 0" endRot="-55 0 0"/>
            <part node="0>5|0" startTime="2" endTime="2.01" startRot="-55 0 0" endRot="-44 0 0"/>
            <part node="0>5|0" startTime="2.99" endTime="3" startRot="-44 0 0" endRot="-33 0 0"/>
            <part node="0>5|0" startTime="3" endTime="3.01" startRot="-33 0 0" endRot="-22 0 0"/>
            <part node="0>5|0" startTime="3.99" endTime="4" startRot="-22 0 0" endRot="-11 0 0"/>
            <part node="0>5|0" startTime="4" endTime="4.01" startRot="-11 0 0" endRot="0 0 0"/>
            <part node="0>5|0" startTime="4.99" endTime="5" startRot="0 0 0" endRot="11 0 0"/>
            <part node="0>5|0" startTime="5" endTime="5.01" startRot="11 0 0" endRot="22 0 0"/>
            <part node="0>5|0" startTime="5.99" endTime="6" startRot="22 0 0" endRot="33 0 0"/>
            <part node="0>5|0" startTime="6" endTime="6.01" startRot="33 0 0" endRot="44 0 0"/>
            <part node="0>5|0" startTime="6.99" endTime="7" startRot="44 0 0" endRot="55 0 0"/>
            <part node="0>5|0" startTime="7" endTime="7.01" startRot="55 0 0" endRot="66 0 0"/>
            <part node="0>5|0" startTime="7.99" endTime="8" startRot="66 0 0" endRot="77 0 0"/>
        </animation>
    </animations>
    <cylindered>
        <movingTools>
            <movingTool node="0>5|0">
                <controls axis="AXIS_FRONTLOADER_TOOL2" invertAxis="true" mouseSpeedFactor="0.5" iconName="DRAWBAR_ROTATE_X"/>
                <animation animSpeed="1" animAcceleration="50" animName="drawbar" animStartTime="0.5"/>
            </movingTool>
        </movingTools>
    </cylindered>
    <fillUnit>
        <fillUnitConfigurations>
            <fillUnitConfiguration>
                <fillUnits>
                    <fillUnit unitTextOverride="$l10n_unit_literShort" fillTypeCategories="SLURRYTANK" capacity="0" showOnHud="false" showInShop="false" showOnInfoHud="false"/>
                </fillUnits>
            </fillUnitConfiguration>
        </fillUnitConfigurations>
    </fillUnit>
    <turnOnVehicle>
        <turnedAnimation name="turnOnAnimation"/>
        <animationNodes>
            <animationNode node="0>5|0|0|0" rotSpeed="1500" rotAxis="3" turnOnFadeTime="1" turnOffFadeTime="3"/>
        </animationNodes>
        <sounds>
            <work template="SILAGE_MIX_LOOP_01" linkNode="0>5|0|0"/>
            <start template="SILAGE_MIX_START_01" linkNode="0>5|0|0"/>
            <stop template="SILAGE_MIX_STOP_01" linkNode="0>5|0|0"/>
        </sounds>
    </turnOnVehicle>
    <manureSystem hasMixer="true"/>
    <manureSystemMixer node="0>5|0|2" rayCastDistance="25">
        <effects>
            <effectNode effectClass="TipEffect">
                <effectNode effectNode="0>5|0|3" materialType="unloadingParticle" effectClass="ParticleEffect"/>
            </effectNode>
        </effects>
    </manureSystemMixer>
    <tensionBeltObject>
        <meshNodes>
            <meshNode node="0>3|1"/>
            <meshNode node="0>4|1"/>
            <meshNode node="0>5"/>
            <meshNode node="0>5|0|0|0"/>
            <meshNode node="0>5|0|1"/>
        </meshNodes>
    </tensionBeltObject>
    <ai>
        <agentAttachment width="1.5" height="1.5" length="4" lengthOffset="-0.5"/>
    </ai>
    <foliageBending>
        <bendingNode minX="-0.2" maxX="0.2" minZ="-3.8" maxZ="0" yOffset="0.1"/>
    </foliageBending>
    <baseMaterial>
        <material name="CSZ_pack_mat" baseNode="0>5">
            <shaderParameter name="colorMat0" material="16" value="1 0 0"/>
        </material>
    </baseMaterial>
    <wearable wearDuration="480" workMultiplier="5" fieldMultiplier="2"/>
    <washable dirtDuration="90" washDuration="1" workMultiplier="6" fieldMultiplier="2"/>
</vehicle>
