<?xml version='1.0' encoding='utf-8' standalone='no'?>
<wheel xmlns:xsi="http://www.w3.org/2001/XMLSchema-instance" xsi:noNamespaceSchemaLocation="../../../../../../shared/xml/schema/wheel.xsd">
    <brand>CONTINENTAL</brand>
    <name>TractorMaster</name>
    <default>
        <physics radius="0.795" width="0.71" mass="0.294" tireType="mud" frictionScale="1.60" maxLongStiffness="11" maxLatStiffness="130" maxLatStiffnessLoad="2"/>
        <tire filename="$data/shared/wheels/tires/continental/tractorMaster/R30_tractorMaster.i3d" nodeLeft="2|0" nodeRight="2|0" maxDeformation="0.083" sideDeformOffset="0.961" isCareWheel="false" tireTrackAtlasIndex="0"/>
        <outerRim filename="$data/shared/wheels/rims/rim001.i3d" node="0|0" widthAndDiam="23 30"/>
        <innerRim filename="$data/shared/wheels/rims/rim001.i3d" nodeLeft="2|0" nodeRight="2|1" widthAndDiam="23 30"/>
    </default>
    <configurations>
        <configuration id="dual">
            <innerRim filename="-"/>
        </configuration>
		<configuration id="weight3" >
            <additional filename="$data/shared/wheels/weights/weight003.i3d" nodeLeft="0|0" nodeRight="0|1" offset="0.05" scale="0.5 0.93 0.93" mass="1.0" />
        </configuration>
		<configuration id="weight3Small" >
            <additional filename="$data/shared/wheels/weights/weight003.i3d" nodeLeft="0|0" nodeRight="0|1" offset="0.05" scale="0.5 0.75 0.75" mass="1.0" />
        </configuration>
		<configuration id="weightDual" >
            <additional filename="$data/shared/wheels/weights/weight003.i3d" nodeLeft="0|0" nodeRight="0|1" offset="0.03" scale="1.25 0.95 0.95" mass="2.5" />
        </configuration>
		<configuration id="weightDualSmall" >
            <additional filename="$data/shared/wheels/weights/weight003.i3d" nodeLeft="0|0" nodeRight="0|1" offset="0.03" scale="1.25 0.75 0.75" mass="2.5" />
        </configuration>
    </configurations>
</wheel>
