﻿<?xml version="1.0" encoding="utf-8"?>

<modDesc descVersion="79">
    <author>MistiCat</author>
    <version>1.5.0.0</version>
    
	<title>
        <en>Rapide 8400 Silier Pack</en>
    </title>
    
	<description>
        <en>
<![CDATA[
The Rapide 8400 Silage Additives Pack by MistiCat.
He is convert from FS19, older Modder by Giants and BDBSSB NcRaiders Velocity DK

Capacity XS Silage Additives: 200.000
Capacity Windrower Silage Additives: 500.000
Capacity XXL Silage Additives: 2.5 Mio
Multicolour
Multi ForageWagoon
Decal XXL
Decal XS

Changelog:
- Bug fixed
- Category added
- Decals

- added Silage Additives Tank
]]>
		</en>
        <de>
<![CDATA[
Das Rapide 8400 Silier Pack von MistiCat.
Er ist konventiert aus FS19, alter Modder Giants and BDBSSB NcRaiders Velocity DK

Kapazität XS Silier: 200.000
Kapazität Windrower Silier: 500.000
Kapazität XXL Silier: 2.500.000
Multicolour
Multi Ladewagen
Beklebung mit XXL
Beklebung mit XS

Changelog:
- Fehler behoben
- Kategorie hinzugefügt
- Aufkleber

- Siliermittel Tank hinzugefügt
]]>
		</de>
    </description>
    
	<iconFilename>textures/icon_rapide8400Windrowsilier.dds</iconFilename>
    
	<multiplayer supported="true"/>

	<storeItems>
		<newStoreCategories>
          <newStoreCategory type="VEHICLE" name="MistiCat1" title="$l10n_category_MistiCat" image="textures/store_mcVehicles.dds"/>
		  <newStoreCategory type="TOOL" name="MistiCat2" title="$l10n_category_MistiCat" image="textures/store_mcTrailers.dds"/>
		  <newStoreCategory type="TOOL" name="MistiCat3" title="$l10n_category_MistiCat" image="textures/store_mcTools.dds"/>
        </newStoreCategories>
        <storeItem xmlFilename="rapide8400Wsilier.xml"/>
		<storeItem xmlFilename="rapide8400XXLsilier.xml"/>
		<storeItem xmlFilename="rapide8400XSsilier.xml"/>
    </storeItems>

	<specializations>
		<specialization name="AddStoreCategory" className="AddStoreCategory" filename="scripts/AddStoreCategory.lua"/>		
    </specializations>

	<l10n>
		<text name="function_8400Windrow">
			<en>Has the option to add windrow arms.</en>
			<de>Option zum hinzufügen von Schwaderarme.</de>
		</text>
		<text name="shopItem_8400Windrow">
			<en>Rapide 8400 Windrower</en>
			<de>Rapide 8400 Windrower</de>
		</text>
		<text name="unfold_WINDROWER">
			<en>Unfold Windrower</en>
			<de>Aufklappen</de>
		</text>
		<text name="fold_WINDROWER">
			<en>Fold Windrower</en>
			<de>Zuklappen</de>
		</text>
		<text name="category_MistiCat">
			<en>MistiCat Mods</en>
			<de>MistiCat Mods</de>
		</text>
    </l10n>

	<brands>
        <brand title="MistiCat" image="brand_MistiCat.dds" name="MistiCat"/>
    </brands>
</modDesc>
