<?xml version="1.0" encoding="utf-8" standalone="no" ?>
<modDesc descVersion="79">
    <author>Barney</author>
    <version>1.0.0.0</version>
     
    <title>
        <en>Sheds Pack</en>
        <de>Unterstände-Pack</de>
    </title>
     
    <description>
    <en>
<![CDATA[Sheds Pack: 2 shelters with metal structure.

-Small shelter:
Price: 4000 $ 
Daily upkeep: 10 $
Dimensions: 26m x 14m

-Large shelter:
Price: 7000 $ 
Daily upkeep: 15 $
Dimensions: 38m x 14m 
 
]]></en>
<de><![CDATA[Unterstände-Pack: 2 Unterstände mit Metallstruktur.

-Kleiner Unterständ:
Preis: 4000 €
Täglicher Unterhalt: 10 €
Maße: 26m x 14m

-Großer Unterstand:
Preis: 7000 €
Täglicher Unterhalt: 15 €
Maße: 38m x 14m

]]></de>
    </description>
    <iconFilename>icon_wiaty.dds</iconFilename>
    <multiplayer supported="true"/>

    <storeItems>
        <storeItem xmlFilename="wiataMala.xml"/> 
        <storeItem xmlFilename="wiataDuza.xml"/> 		
    </storeItems>

</modDesc>