<?xml version="1.0" encoding="utf-8" standalone="no" ?>
<placeable type="simplePlaceable" xmlns:xsi="http://www.w3.org/2001/XMLSchema-instance" xsi:noNamespaceSchemaLocation="../../../../shared/xml/schema/placeable.xsd">
    <storeData>
        <name>
			<en>Small Shelter Shed With Metal Structure</en>
			<de>Kleiner Unterständ mit Metallstruktur</de>
			<pl>Mała Wiata Z Metalową Konstrukcją</pl>		
		</name>
        <functions>
            <function>$l10n_function_garage</function>
        </functions>
        <image>store_wiataMala.png</image>
        <price>4000</price>
        <dailyUpkeep>10</dailyUpkeep>
        <lifetime>1000</lifetime>
        <rotation>0</rotation>
        <brand>LIZARD</brand>
        <species>placeable</species>
        <category>sheds</category>
        <brush>
            <type>placeable</type>
            <category>buildings</category>
            <tab>sheds</tab>
        </brush>
        <vertexBufferMemoryUsage>626176</vertexBufferMemoryUsage>
        <indexBufferMemoryUsage>84992</indexBufferMemoryUsage>
        <textureMemoryUsage>2621440</textureMemoryUsage>
        <audioMemoryUsage>0</audioMemoryUsage>
        <instanceVertexBufferMemoryUsage>0</instanceVertexBufferMemoryUsage>
        <instanceIndexBufferMemoryUsage>0</instanceIndexBufferMemoryUsage>
    </storeData>

    <base>
        <filename>wiataMala.i3d</filename>
    </base>

    <placement useRandomYRotation="false" useManualYRotation="true" >
        <testAreas>
            <testArea startNode="testArea1Start" endNode="testArea1End" />
        </testAreas>

        <sounds>
            <place template="medImp" />
        </sounds>
    </placement>

    <clearAreas>
        <clearArea startNode="clearArea1Start" widthNode="clearArea1Width" heightNode="clearArea1Height"/>
    </clearAreas>

    <leveling requireLeveling="true" maxSmoothDistance="10" maxSlope="75" maxEdgeAngle="30">
        <levelAreas>
            <levelArea startNode="levelArea1Start" widthNode="levelArea1Width" heightNode="levelArea1Height" groundType="dirt"/>
        </levelAreas>
    </leveling>

    <indoorAreas>
        <indoorArea startNode="indoorArea1Start" widthNode="indoorArea1Width" heightNode="indoorArea1Height" />
    </indoorAreas>

    <tipOcclusionUpdateAreas>
        <tipOcclusionUpdateArea startNode="tipOcclusionUpdateArea1Start" endNode="tipOcclusionUpdateArea1End" />
    </tipOcclusionUpdateAreas>

    <ai>
        <updateAreas>
            <updateArea startNode="tipOcclusionUpdateArea1Start" endNode="tipOcclusionUpdateArea1End" />
        </updateAreas>
    </ai>

    <i3dMappings>
        <i3dMapping id="clearArea1Start" node="0>0|0" />
        <i3dMapping id="clearArea1Width" node="0>0|0|0" />
        <i3dMapping id="clearArea1Height" node="0>0|0|1" />
        <i3dMapping id="levelArea1Start" node="0>1|0" />
        <i3dMapping id="levelArea1Width" node="0>1|0|0" />
        <i3dMapping id="levelArea1Height" node="0>1|0|1" />
        <i3dMapping id="indoorArea1Start" node="0>2|0" />
        <i3dMapping id="indoorArea1Width" node="0>2|0|0" />
        <i3dMapping id="indoorArea1Height" node="0>2|0|1" />
        <i3dMapping id="testArea1Start" node="0>3|0" />
        <i3dMapping id="testArea1End" node="0>3|0|0" />
        <i3dMapping id="tipOcclusionUpdateArea1Start" node="0>4|0" />
        <i3dMapping id="tipOcclusionUpdateArea1End" node="0>4|0|0" />
    </i3dMappings>
</placeable>