<?xml version="1.0" encoding="utf-8" standalone="no" ?>
<placeable type="productionPoint" xmlns:xsi="http://www.w3.org/2001/XMLSchema-instance" xsi:noNamespaceSchemaLocation="../../../../../shared/xml/schema/placeable.xsd">
  <storeData>
    <name>
      <de>Düngerproduktion (Gärreste)</de>
      <en>Fertilizer production (digestate)</en>
      <fr>Production d'engrais (digestats)</fr>
    </name>
    <functions>
      <function>
        <de>Produziert aus Gärresten Granulatdünger.</de>
        <en>Produces granular fertilizer from fermentation residues.</en>
        <fr>Produit de l'engrais granulé à partir de résidus de fermentation.</fr>
      </function>
    </functions>
    <image>shop/fertilizerDigestate.png</image>
    <price>55000</price>
    <lifetime>1000</lifetime>
    <rotation>0</rotation>
    <brand>NONE</brand>
    <species>placeable</species>
    <category>productionPoints</category>
    <brush>
      <type>placeable</type>
      <category>production</category>
      <tab>factories</tab>
    </brush>
        <vertexBufferMemoryUsage>720640</vertexBufferMemoryUsage>
        <indexBufferMemoryUsage>110848</indexBufferMemoryUsage>
        <textureMemoryUsage>9633792</textureMemoryUsage>
        <audioMemoryUsage>0</audioMemoryUsage>
        <instanceVertexBufferMemoryUsage>0</instanceVertexBufferMemoryUsage>
        <instanceIndexBufferMemoryUsage>0</instanceIndexBufferMemoryUsage>
  </storeData>

  <base>
    <filename>i3d/fertilizerDigestate.i3d</filename>
    <canBeRenamed>true</canBeRenamed>
  </base>
  
  <placement useRandomYRotation="false" useManualYRotation="true" >
    <testAreas>
      <testArea startNode="testArea1Start" endNode="testArea1End" />
    </testAreas>

    <sounds>
      <place template="smallImp" />
    </sounds>
  </placement>

  <clearAreas>
    <clearArea startNode="clearArea1Start" widthNode="clearArea1Width" heightNode="clearArea1Height"/>
  </clearAreas>

  <leveling requireLeveling="true" maxSmoothDistance="10" maxSlope="75" maxEdgeAngle="30" >
    <levelAreas>
      <levelArea startNode="levelArea1Start" widthNode="levelArea1Width" heightNode="levelArea1Height" groundType="asphalt"/>
    </levelAreas>
  </leveling>

  <indoorAreas>
    <indoorArea startNode="indoorArea1Start" widthNode="indoorArea1Width" heightNode="indoorArea1Height" />
  </indoorAreas>

  <tipOcclusionUpdateAreas>
    <tipOcclusionUpdateArea startNode="tipOcclusionUpdateArea1Start" endNode="tipOcclusionUpdateArea1End" />
  </tipOcclusionUpdateAreas>

  <ai>
    <updateAreas>
      <updateArea startNode="tipOcclusionUpdateArea1Start" endNode="tipOcclusionUpdateArea1End" />
    </updateAreas>
  </ai>

  <infoTrigger triggerNode="infoTrigger"/>

  <triggerMarkers>
    <triggerMarker node="unloadTriggerMarker" filename="$data/shared/assets/marker/markerIcons.xml" id="UNLOAD" adjustToGround="true" />
    <triggerMarker node="playerTriggerMarker" filename="$data/shared/assets/marker/markerIcons.xml" id="WRENCH" adjustToGround="true" />
    <triggerMarker node="loadingTriggerMarker" filename="$data/shared/assets/marker/markerIcons.xml" id="LOAD" adjustToGround="true" />
  </triggerMarkers>

  <hotspots>
    <hotspot type="PRODUCTION_POINT" linkNode="unloadTriggerMarker" teleportNode="teleportNode" />
  </hotspots>

  <animatedObjects>
    <animatedObject saveId="b05_Licht04" >
      <animation duration="0.5">
        <part node="6|1|1|0">
          <keyFrame time="0.00" rotation="-51 0 0" />
          <keyFrame time="1" rotation="90 0 0" />
        </part>
        <part node="7|0|0">
          <keyFrame time="0.0" visibility="false"/>
          <keyFrame time="1.0" visibility="true"/>
        </part>
        <part node="7|1|0">
          <keyFrame time="0.0" visibility="false"/>
          <keyFrame time="1.0" visibility="true"/>
        </part>
        <part node="7|2|0">
          <keyFrame time="0.0" visibility="false"/>
          <keyFrame time="1.0" visibility="true"/>
        </part>
      </animation>
      <controls triggerNode="6|1|0" posAction="ACTIVATE_HANDTOOL" posText="action_turnOnLight" negText="action_turnOffLight" />
    </animatedObject>
    <animatedObject saveId="p01_Switch_01" >
      <animation duration="0.5">
        <part node="6|2|1|0">
          <keyFrame time="0.00" rotation="-51 0 0" />
          <keyFrame time="1" rotation="90 0 0" />
        </part>
        <part node="16">
          <keyFrame time="0.0" visibility="false"/>
          <keyFrame time="1.0" visibility="true"/>
        </part>
      </animation>
      <controls triggerNode="6|2|0" posAction="ACTIVATE_HANDTOOL" posText="action_turnOnBillboard" negText="action_turnOffBillboard" />
    </animatedObject>
    <animatedObject saveId="p01_Switch_01" >
      <animation duration="0.5">
        <part node="6|3|1|0">
          <keyFrame time="0.00" rotation="-51 0 0" />
          <keyFrame time="1" rotation="90 0 0" />
        </part>
        <part node="13">
          <keyFrame time="0.0" visibility="false"/>
          <keyFrame time="1.0" visibility="true"/>
        </part>
      </animation>
      <controls triggerNode="6|3|0" posAction="ACTIVATE_HANDTOOL" posText="action_turnOnMarking" negText="action_turnOffMarking" />
    </animatedObject>
    <animatedObject saveId="p01_Switch_02" >
      <animation duration="0.5">
        <part node="6|4|1|0">
          <keyFrame time="0.00" rotation="-51 0 0" />
          <keyFrame time="1" rotation="90 0 0" />
        </part>
        <part node="12">
          <keyFrame time="0.0" visibility="false"/>
          <keyFrame time="1.0" visibility="true"/>
        </part>
      </animation>
      <controls triggerNode="6|4|0" posAction="ACTIVATE_HANDTOOL" posText="action_turnOnWARNING" negText="action_turnOffWARNING" />
    </animatedObject>
  </animatedObjects>

  <productionPoint>
    <productions sharedThroughputCapacity="true">
      <production id="fertilizer" name="%s" params="$l10n_fillType_fertilizer" cyclesPerHour="500" costsPerActiveHour="10">
        <inputs>
          <input fillType="DIGESTATE" amount="1000" />
        </inputs>
        <outputs>
          <output fillType="FERTILIZER" amount="500" />
        </outputs>
      </production>
    </productions>

    <sellingStation node="sellingStation" appearsOnStats="true" supportsExtension="true">
      <unloadTrigger exactFillRootNode="unloadTrigger" fillTypes="DIGESTATE" aiNode="aiUnloadingNode"/>
    </sellingStation>

    <loadingStation>
      <loadTrigger triggerNode="loadingTrigger" fillTypes="FERTILIZER" fillLitersPerSecond="5000" aiNode="aiNodeLoading" />
    </loadingStation>

    <storage isExtension="false" fillLevelSyncThreshold="100">
      <capacity fillType="DIGESTATE"  capacity="500000" />
      <capacity fillType="FERTILIZER"  capacity="250000" />
    </storage>

    <playerTrigger node="playerTrigger" />
  </productionPoint>

  <i3dMappings>
    <i3dMapping id="clearArea1Start" node="0>1|0" />
    <i3dMapping id="clearArea1Width" node="0>1|0|0" />
    <i3dMapping id="clearArea1Height" node="0>1|0|1" />

    <i3dMapping id="levelArea1Start" node="0>2|0" />
    <i3dMapping id="levelArea1Width" node="0>2|0|0" />
    <i3dMapping id="levelArea1Height" node="0>2|0|1" />

    <i3dMapping id="tipOcclusionUpdateArea1Start" node="0>5|0" />
    <i3dMapping id="tipOcclusionUpdateArea1End" node="0>5|0|0" />
	
	<i3dMapping id="indoorArea1Start" node="0>3|0" />
    <i3dMapping id="indoorArea1Width" node="0>3|0|0" />
    <i3dMapping id="indoorArea1Height" node="0>3|0|1" />
	
	<i3dMapping id="testArea1Start" node="0>4|0" />
    <i3dMapping id="testArea1End" node="0>4|0|0" />

    <i3dMapping id="sellingStationAINode" node="0>9|0" />
    <i3dMapping id="unloadTriggerMarker" node="0>9|3" />
    <i3dMapping id="unloadTrigger" node="0>9|0" />
    <i3dMapping id="aiUnloadingNode" node="0>9|2" />
    <i3dMapping id="teleportNode" node="0>9|0" />

    <i3dMapping id="playerTrigger" node="0>14|0" />
    <i3dMapping id="playerTriggerMarker" node="0>14|0|0" />

    <i3dMapping id="infoTrigger" node="0>15" />

    <i3dMapping id="loadingTriggerMarker" 	node="0>11|3" />
    <i3dMapping id="loadingTrigger" 		node="0>11|0" />
    <i3dMapping id="aiNodeLoading" 			node="0>11|1" />
    <i3dMapping id="dischargeNode" 			node="0>2|0|0" />

    <i3dMapping id="sellingStation" node="0>9" />
  </i3dMappings>
</placeable>
