<?xml version="1.0" encoding="utf-8" standalone="no" ?>
<placeable type="simplePlaceable" xmlns:xsi="http://www.w3.org/2001/XMLSchema-instance" xsi:noNamespaceSchemaLocation="../../../../../shared/xml/schema/placeable.xsd">
    <storeData>
        <name>$l10n_shopItem_floodLight02</name>
        <functions>
            <function>$l10n_function_floodLight</function>
        </functions>
        <image>$data/placeables/lizard/floodLights/level02/store_floodLight02.png</image>
        <price>400</price>
        <dailyUpkeep>0</dailyUpkeep>
        <lifetime>1000</lifetime>
        <rotation>0</rotation>
        <brand>NONE</brand>
        <species>placeable</species>
        <category>floodLighting</category>
        <canBeSold>true</canBeSold>
        <showInStore>true</showInStore>

        <brush>
            <type>placeable</type>
            <category>decoration</category>
            <tab>lights</tab>
        </brush>
        <audioMemoryUsage>0</audioMemoryUsage>
        <vertexBufferMemoryUsage>72192</vertexBufferMemoryUsage>
        <indexBufferMemoryUsage>11776</indexBufferMemoryUsage>
        <textureMemoryUsage>1966080</textureMemoryUsage>
        <instanceVertexBufferMemoryUsage>0</instanceVertexBufferMemoryUsage>
        <instanceIndexBufferMemoryUsage>0</instanceIndexBufferMemoryUsage>
    </storeData>

    <base>
        <filename>level02/floodLight02.i3d</filename>
    </base>

    <placement useRandomYRotation="false" useManualYRotation="true">
        <testAreas>
            <testArea startNode="testArea1Start" endNode="testArea1End" />
            <testArea startNode="testArea2Start" endNode="testArea2End" />
        </testAreas>

        <sounds>
            <place template="smallImp"/>
        </sounds>
    </placement>

    <clearAreas />
    <leveling />
    <indoorAreas/>

    <tipOcclusionUpdateAreas>
        <tipOcclusionUpdateArea startNode="testArea1Start" endNode="testArea1End" />
    </tipOcclusionUpdateAreas>

    <ai>
        <updateAreas>
            <updateArea startNode="testArea2Start" endNode="testArea2End" />
        </updateAreas>
    </ai>

    <animatedObjects>
		<animatedObject saveId="floodLight02" >
			<animation initialTime="0" duration="0.25">
				<part node="lightswitch"> <!--index of Lever of the Lightswitch-->
					<keyFrame time="0.00" 	rotation="0 0 0" />
					<keyFrame time="1" 		rotation="90 0 0" />
				</part>
				<part node="light"> <!--index of TG with realLights and emmisive shape-->
					<keyFrame time="0.5" 	visibility="false" />
					<keyFrame time="0.55" 	visibility="true" />
				</part>
			</animation>
			<controls triggerNode="lightTrigger" posAction="ACTIVATE_HANDTOOL" posText="action_turnOnLight" negText="action_turnOffLight" />
			<sounds>
				<moving file="sounds/switch01_0.wav" linkNode="0"  pitchOffset="1.00" volume="0.40" indoorVolumeFactor="0.55" indoorLowpassGain="0.85" pitchMax="1.15" />
			</sounds>
		</animatedObject>
	</animatedObjects>

    <i3dMappings>
        <i3dMapping id="soundLinkNode" 		node="0>0|0" />
        <i3dMapping id="emissiveShape" 		node="0>0|1" />
        <i3dMapping id="testArea1Start" 	node="0>1|0" />
        <i3dMapping id="testArea1End" 		node="0>1|0|0" />
        <i3dMapping id="testArea2Start" 	node="0>1|1" />
        <i3dMapping id="testArea2End" 		node="0>1|1|0" />
		<i3dMapping id="light" 				node="0>0|2" />
		<i3dMapping id="lightTrigger" 		node="0>0|3" />
		<i3dMapping id="lightswitch" 		node="0>0|4|0" />
    </i3dMappings>
</placeable>
