﻿<?xml version="1.0" encoding="utf-8" standalone="no" ?>
<map xmlns:xsi="http://www.w3.org/2001/XMLSchema-instance" xsi:noNamespaceSchemaLocation="../../bin/shared/xml/schema/fillTypes.xsd">
    <fillTypes>
        <fillType name="LUMIGEN" title="$l10n_fillType_lumiGen" showOnPriceTable="true" unitShort="$l10n_unit_literShort">
            <physics massPerLiter="1.00" maxPhysicalSurfaceAngle="0" />
            <economy pricePerLiter="1.40">
                <factors>
                    <factor period="1"  value="0.95" />
                    <factor period="2"  value="0.97" />
                    <factor period="3"  value="1.00" />
                    <factor period="4"  value="1.00" />
                    <factor period="5"  value="1.05" />
                    <factor period="6"  value="1.10" />
                    <factor period="7"  value="1.15" />
                    <factor period="8"  value="1.10" />
                    <factor period="9"  value="1.10" />
                    <factor period="10" value="1.05" />
                    <factor period="11" value="1.00" />
                    <factor period="12" value="0.97" />
                </factors>
            </economy>
            <pallet filename="liquidTank/lumiGenTank.xml" />
            <image hud="fillTypes/hud/hud_fill_lumiGen.dds" />
            <textures diffuse ="fillTypes/lumiGenLiquid_diffuse.dds" specular="fillTypes/lumiGenLiquid_specular.dds" normal="fillTypes/lumiGenLiquid_normal.dds"/>
        </fillType>
    </fillTypes>

    <fillTypeCategories>
        <fillTypeCategory name="LIQUID">LUMIGEN</fillTypeCategory>
    </fillTypeCategories>

    <fillTypeSounds>
        <fillTypeSound fillTypes="LUMIGEN">
            <sound template="DEFAULT_REFUEL_SOUND"/>
        </fillTypeSound>
    </fillTypeSounds>
</map>
