﻿<?xml version="1.0" encoding="utf-8" standalone="no" ?>
<vehicle type="roller">
    <annotation>Copyright (C) GIANTS Software GmbH, All Rights Reserved.</annotation>

    <storeData>
        <name>Hydraflex 5.2</name>
        <specs>
            <neededPower>100</neededPower>
            <workingWidth>5.2</workingWidth>
			<combination filterCategory="weights" filterSpec="weight" filterSpecMin="600" filterSpecMax="700"/>
        </specs>
        <functions>
            <function>$l10n_function_roller</function>
        </functions>
        <image>storehydra.png</image>
        <price>3100</price>
        <lifetime>600</lifetime>
        <rotation>0</rotation>
        <brand>DALBO</brand>
        <category>rollers</category>
        <shopLoadingDelay initial="0.25"/>
        <shopTranslationOffset>0 0.9 0</shopTranslationOffset>
        <vertexBufferMemoryUsage>1105920</vertexBufferMemoryUsage>
        <indexBufferMemoryUsage>225536</indexBufferMemoryUsage>
        <textureMemoryUsage>2424832</textureMemoryUsage>
        <audioMemoryUsage>0</audioMemoryUsage>
        <instanceVertexBufferMemoryUsage>0</instanceVertexBufferMemoryUsage>
        <instanceIndexBufferMemoryUsage>0</instanceIndexBufferMemoryUsage>
    </storeData>

    <base>
        <typeDesc>$l10n_typeDesc_roller</typeDesc>
        <filename>dalbo.i3d</filename>
        <size width="6.2" length="4"/>
        <speedLimit value="15" />
        <components>
            <component centerOfMass="0 0.5 0.200" solverIterationCount="10" mass="3900" />		
            <component solverIterationCount="10" mass="250" />
            <joint component1="1" component2="2" node="0>0|0|2" rotLimit="0 60 0" transLimit="0 0 0" />
        </components>
        <schemaOverlay attacherJointPosition="0 0" name="IMPLEMENT" />
        <mapHotspot type="TOOL_TRAILED" />
    </base>
	
    <wheels>
        <wheelConfigurations>
            <wheelConfiguration name="$l10n_configuration_valueDefault" price="0" brand="TRELLEBORG" saveId="TRELLEBORG_DEFAULT">
                <wheels hasSurfaceSounds="false">
                    <wheel filename="$data/shared/wheels/tires/trelleborg/T510/215_65R15.xml" isLeft="true" hasTireTracks="true" hasParticles="true" >
                        <physics tipOcclusionAreaGroupId="1" restLoad="2.9" repr="0>0|2|5|3"  forcePointRatio="0.3" initialCompression="25" suspTravel="0.1" spring="102" damper="50" frictionScale="1.4" />
                    </wheel>
                    <wheel filename="$data/shared/wheels/tires/trelleborg/T510/215_65R15.xml" isLeft="false" hasTireTracks="true" hasParticles="true" >
                        <physics tipOcclusionAreaGroupId="1" restLoad="2.9" repr="0>0|2|5|4" forcePointRatio="0.3" initialCompression="25" suspTravel="0.1" spring="102" damper="50" frictionScale="1.4" />
                    </wheel>
                    <wheel hasTireTracks="false" hasParticles="true" >
                        <physics tipOcclusionAreaGroupId="1" restLoad="2.5" repr="0>0|2|5|5" width="0.4" radius="0.3" forcePointRatio="0.5" initialCompression="40" suspTravel="0.1" spring="60" damper="50" rotationDamping="0.003" brakeFactor="1" />
                    </wheel>
                    <wheel hasTireTracks="false" hasParticles="true" >
                        <physics tipOcclusionAreaGroupId="1" restLoad="2.5" repr="0>0|2|5|6" width="0.4" radius="0.3" forcePointRatio="0.5" initialCompression="40" suspTravel="0.1" spring="60" damper="50" rotationDamping="0.003" brakeFactor="1" />
                    </wheel>
                    <wheel hasTireTracks="false" hasParticles="true" >
                        <physics tipOcclusionAreaGroupId="1" restLoad="2.5" repr="0>0|2|1|2" width="0.4" radius="0.3" forcePointRatio="0.5" initialCompression="40" suspTravel="0.1" spring="60" damper="50" rotationDamping="0.003" brakeFactor="1" />
                    </wheel>
                    <wheel hasTireTracks="false" hasParticles="true" >
                        <physics tipOcclusionAreaGroupId="1" restLoad="2.5" repr="0>0|2|1|3" width="0.4" radius="0.3" forcePointRatio="0.5" initialCompression="40" suspTravel="0.1" spring="60" damper="50" rotationDamping="0.003" brakeFactor="1" />
                    </wheel>
                    <wheel hasTireTracks="false" hasParticles="true" >
                        <physics tipOcclusionAreaGroupId="1" restLoad="2.5" repr="0>0|2|2|2" width="0.4" radius="0.3" forcePointRatio="0.5" initialCompression="40" suspTravel="0.1" spring="60" damper="50" rotationDamping="0.003" brakeFactor="1" />
                    </wheel>
                    <wheel hasTireTracks="false" hasParticles="true" >
                        <physics tipOcclusionAreaGroupId="1" restLoad="2.5" repr="0>0|2|2|3" width="0.4" radius="0.3" forcePointRatio="0.5" initialCompression="40" suspTravel="0.1" spring="60" damper="50" rotationDamping="0.003" brakeFactor="1" />
                    </wheel>
                </wheels>
            </wheelConfiguration>
        </wheelConfigurations>

        <rimColor material="18">SHARED_WHITE1</rimColor>

        <hubs>
            <hub linkNode="0>0|2|5|3"   filename="$data/shared/wheels/hubs/hub_n10_5.xml" isLeft="true"  scale="0.25 0.25 0.25" />
            <hub linkNode="0>0|2|5|4" filename="$data/shared/wheels/hubs/hub_n10_5.xml" isLeft="false" scale="0.25 0.25 0.25" />
        </hubs>
    </wheels>
	
    <attachable>
        <inputAttacherJoints>
            <inputAttacherJoint node="1>0" rootNode="1>" jointType="implement">
                <distanceToGround lower="0.40" upper="1.9" />
            </inputAttacherJoint>
        </inputAttacherJoints>
        <brakeForce force="0.6"/>
    </attachable>
	
    <connectionHoses>
        <hose inputAttacherJointIndices="1" type="hydraulicIn"  node="0>0|2|0|1"  length="2.5" diameter="0.016" straighteningFactor="0.5" color="0.03 0.03 0.03">
            <objectChange node="0>0|0|1" visibilityActive="false" visibilityInactive="true"/>
        </hose>
        <hose inputAttacherJointIndices="1" type="hydraulicIn" node="0>0|2|3|1|2" length="1.9" diameter="0.016" straighteningFactor="0.5" color="0.03 0.03 0.03">
            <objectChange node="0>0|2|3|1|1" visibilityActive="false" visibilityInactive="true"/>
        </hose>
    </connectionHoses>

    <powerConsumer forceNode="0>" maxForce="16" />

    <speedRotatingParts>
        <speedRotatingPart node="0>0|2|5|0" radius="0.3" wheelIndex="3"/>
        <speedRotatingPart node="0>0|2|2|0" radius="0.3" wheelIndex="5"/>
        <speedRotatingPart node="0>0|2|1|0" radius="0.3" wheelIndex="8"/>
    </speedRotatingParts>

    <groundReferenceNodes>
        <groundReferenceNode node="0>0|6" forceFactor="1" threshold="0.1"/>
    </groundReferenceNodes>

    <workAreas>
        <workArea type="roller" functionName="processRollerArea" disableBackwards="false" requiresGroundContact="true" needsSetIsTurnedOn="false">
            <area startNode="0>0|5|3|0" widthNode="0>0|5|3|1" heightNode="0>0|5|3|2" />
            <groundReferenceNode index="1" />
            <folding minLimit="0" maxLimit="0.01" />
            <onlyActiveWhenLowered value="true"/>
        </workArea>
        <workArea type="roller" functionName="processRollerArea" disableBackwards="false" requiresGroundContact="true" needsSetIsTurnedOn="false">
            <area startNode="0>0|5|4|0" widthNode="0>0|5|4|1" heightNode="0>0|5|4|2" />
            <groundReferenceNode index="1" />
            <folding minLimit="0" maxLimit="0.01" />
            <onlyActiveWhenLowered value="true"/>
        </workArea>
        <workArea type="roller" functionName="processRollerArea" disableBackwards="false" requiresGroundContact="true" needsSetIsTurnedOn="false">
            <area startNode="0>0|5|5|0" widthNode="0>0|5|5|1" heightNode="0>0|5|5|2" />
            <groundReferenceNode index="1" />
            <folding minLimit="0" maxLimit="0.01" />
            <onlyActiveWhenLowered value="true"/>
        </workArea>
    </workAreas>

    <roller onlyActiveWhenLowered="true">
        <sounds>
            <work template="MEADOW_ROLLER_WORK" />
        </sounds>
    </roller>
	
    <workParticles>
        <particle>
            <node node="0>0|2|2|7" refNodeIndex="1" particleType="SOIL_SMOKE" speedThreshold="1" emitCountScale="1.0"/>
			<node node="0>0|2|1|7" refNodeIndex="1" particleType="SOIL_SMOKE" speedThreshold="1" emitCountScale="1.0"/>
			<node node="0>0|2|5|13" refNodeIndex="1" particleType="SOIL_SMOKE" speedThreshold="1" emitCountScale="1.0"/>
        </particle>
    </workParticles>

    <foldable>
        <foldingConfigurations>
            <foldingConfiguration>
                <foldingParts startMoveDirection="1" turnOnFoldMaxLimit="1" turnOnFoldMinLimit="0" foldMiddleAnimTime="0.33333334">
                    <foldingPart animationName="folding" speedScale="0.2" />
                </foldingParts>
            </foldingConfiguration>
        </foldingConfigurations>
    </foldable>

    <animations>
        <animation name="folding">
		    <part node="0>0|2|5" startTime="0" endTime="1.5" startRot="0 0 0" endRot="-64 0 0"/>
		
            <part node="0>0|2|1" startTime="1.5" endTime="2.1" startRot="0 0 0" endRot="0 0 89"/>
			<part node="0>0|2|4" startTime="1.5" endTime="2.1" startRot="0 0 0" endRot="0 0 42"/>
            <part node="0>0|2|2" startTime="1.5" endTime="2.3" startRot="0 0 0" endRot="0 0 -89" />
			<part node="0>0|2|3" startTime="1.5" endTime="2.3" startRot="0 0 0" endRot="0 0 -42" />

            <sound template="hydraulicLayerTone"    startTime="3.2"  endTime="4.49" volumeScale="1.2" pitchScale="0.9" />
            <sound template="hydraulicLayerTone"    startTime="3"    endTime="4.3"  volumeScale="1.2" pitchScale="0.7" />
            <sound template="defaultHydraulicSound" startTime="1.51" endTime="2.8"  volumeScale="1.2" pitchScale="0.7" />
            <sound template="defaultHydraulicSound" startTime="1.7"  endTime="3"    volumeScale="1.2" pitchScale="0.5" />
            <sound template="hydraulicLayerTone"    startTime="0.01"  endTime="1.49" volumeScale="1.2" pitchScale="0.6" />
            <sound template="foldStartMed02"        startTime="4.49" direction="-1" volumeScale="0.9" pitchScale="0.5" />
            <sound template="clackVar6"             startTime="4.49" direction="-1" volumeScale="0.9" pitchScale="0.7" />
            <sound template="foldStartSm02"         startTime="4.3"  direction="-1" volumeScale="0.9" pitchScale="0.5" />
            <sound template="clackVar1"             startTime="4.3"  direction="-1" volumeScale="0.9" pitchScale="0.5" />
            <sound template="clackVar6"             startTime="3.2"  direction="-1" volumeScale="0.7" pitchScale="0.8" />
            <sound template="sheetImp02"            startTime="3.2"  direction="-1" volumeScale="1.7" pitchScale="0.8" />
            <sound template="clackVar5"             startTime="3"    direction="-1" volumeScale="1.1" pitchScale="0.8" />
            <sound template="clackVar4"             startTime="3"    direction="-1" volumeScale="0.9" pitchScale="0.8" />
            <sound template="clackVar1"             startTime="2.8"  direction="-1" volumeScale="0.9" pitchScale="0.8" />
            <sound template="clackVar6"             startTime="1.7"  direction="-1" volumeScale="0.9" pitchScale="0.7" />
            <sound template="clackVar2"             startTime="1.7"  direction="-1" volumeScale="1.9" pitchScale="0.7" />
            <sound template="clackVar6"             startTime="1.51" direction="-1" volumeScale="0.9" pitchScale="0.8" />
            <sound template="clackVar4"             startTime="1.51" direction="-1" volumeScale="1.1" pitchScale="0.8" />
            <sound template="clackVar3"             startTime="1.49" direction="-1" volumeScale="1.7" pitchScale="0.6" />
            <sound template="foldStopMed02"         startTime="1.49" direction="-1" volumeScale="1.1" pitchScale="0.7" />
            <sound template="clackVar6"             startTime="0.9"  direction="-1" volumeScale="1.1" pitchScale="0.7" />
            <sound template="sheetImp02"            startTime="0.9"  direction="-1" volumeScale="1.1" pitchScale="0.7" />
            <sound template="clackVar4"             startTime="0.1"  direction="-1" volumeScale="1.1" pitchScale="0.7" />
            <sound template="clackVar6"             startTime="0.1"  direction="-1" volumeScale="1.1" pitchScale="0.7" />
            <sound template="clackVar1"             startTime="0.1"  direction="-1" volumeScale="1.1" pitchScale="0.7" />
            <sound template="foldStopMed02"         startTime="0.01" direction="-1" volumeScale="1.1" pitchScale="0.7" />
            <sound template="foldStartMed01"        startTime="0.01" direction="1" volumeScale="1.1" pitchScale="0.7" />
            <sound template="foldStartMed02"        startTime="0.9" direction="1" volumeScale="2.1" pitchScale="0.7" />
            <sound template="clackVar6"          startTime="1.49" direction="1" volumeScale="1.1" pitchScale="0.7" />
            <sound template="sheetImp02"         startTime="1.49" direction="1" volumeScale="1.9" pitchScale="0.7" />
            <sound template="foldStartMed02"     startTime="1.51" direction="1" volumeScale="1.9" pitchScale="0.7" />
            <sound template="clackVar6"          startTime="1.7" direction="1" volumeScale="1.1" pitchScale="0.7" />
            <sound template="clackVar3"          startTime="1.7" direction="1" volumeScale="1" pitchScale="1" />
            <sound template="clackVar1"             startTime="2.7"  direction="1" volumeScale="0.9" pitchScale="0.8" />
            <sound template="clackVar5"             startTime="3"  direction="1" volumeScale="0.9" pitchScale="0.8" />
            <sound template="clackVar6"             startTime="3.2"  direction="1" volumeScale="0.9" pitchScale="0.8" />
            <sound template="clackVar4"             startTime="3.2"  direction="1" volumeScale="0.9" pitchScale="0.8" />
            <sound template="clackVar6"             startTime="4.3"  direction="1" volumeScale="1.1" pitchScale="0.8" />
            <sound template="sheetImp02"             startTime="4.3"  direction="1" volumeScale="2" pitchScale="0.8" />
            <sound template="foldStopMed02"             startTime="4.49"  direction="1" volumeScale="0.9" pitchScale="0.8" />
            <sound template="clackVar1"             startTime="4.49"  direction="1" volumeScale="0.9" pitchScale="1.2" />
        </animation>
    </animations>

    <cylindered>
      <movingTools>
            <movingTool node="0>0|2|5" playSound="true" wheelIndices="1 2 3 4">
                <dependentPart node="0>0|2|0" />
            </movingTool>
            <movingTool node="0>0|2|3" playSound="true" wheelIndices="5 6 7 8">
                <dependentPart node="0>0|2|3|1" />
            </movingTool>
        </movingTools>

        <movingParts>
            <movingPart node="0>0|2|0" referencePoint="0>0|2|5|1" referenceFrame="0>0|2|8" isActiveDirty="true" maxUpdateDistance="300">
                <translatingPart node="0>0|2|0|0" />
            </movingPart>
            <movingPart node="0>0|2|3|1" referencePoint="0>0|2|4|1" referenceFrame="0>0|2|3|3" isActiveDirty="true" maxUpdateDistance="300">
                <translatingPart node="0>0|2|3|1|0" />
            </movingPart>
			
			<movingPart node="0>0|2|3|0" referencePoint="0>0|2|2|5" referenceFrame="0>0|2|3|2" isActiveDirty="true" maxUpdateDistance="300" scaleZ="true"/>
			<movingPart node="0>0|2|4|0" referencePoint="0>0|2|1|5" referenceFrame="0>0|2|4|2" isActiveDirty="true" maxUpdateDistance="300" scaleZ="true"/>
        </movingParts>
    </cylindered>

    <ai>
        <needsLowering value="true" />
        <collisionTrigger node="0>0|4|3" width="12.7" height="1.4"/>
        <toolReverserDirectionNode node="0>0|4|2"/>
        <allowTurnBackward value="false"/>
        <turningRadiusLimitation rotationJointNode="1>0" wheelIndices="1 2" />
        <areaMarkers leftNode="0>0|4|0" rightNode="0>0|4|1" backNode="0>0|4|2" />
		<sizeMarkers leftNode="0>0|4|4" rightNode="0>0|4|5" backNode="0>0|4|6"/>
        <agentAttachment jointNode="1>0" rotCenterWheelIndices="1 2" width="3" height="3.25" length="2.2" lengthOffset="0.2"/>
    </ai>
	
    <foliageBending>
        <bendingNode minX="-1.15" maxX="1.15" minZ="-1.3" maxZ="0" yOffset="0.25" />
        <bendingNode minX="-0.25" maxX="0.25" minZ="0" maxZ="2.15" yOffset="0.3" />
        <bendingNode minX="-0.98" maxX="1.62" minZ="0.44" maxZ="-0.4" yOffset="-0.5" node="0>0|2|1|8|0" />
		<bendingNode minX="-1.62" maxX="0.98" minZ="0.44" maxZ="-0.4" yOffset="-0.5" node="0>0|2|2|8|0" />
    </foliageBending>

    <wearable wearDuration="480" workMultiplier="5" fieldMultiplier="2"/>
    <washable dirtDuration="90" washDuration="1" workMultiplier="6" fieldMultiplier="2"/>

    <baseMaterial>
        <material name="hydra_mat" baseNode="0>0">
            <shaderParameter name="colorMat0" value="DALBO_BLUE1"/>
        </material>
        <material name="getsuga_mat" baseNode="0>0|2|1|9">
            <shaderParameter name="colorMat0" value="DALBO_BLUE1"/>
        </material>
        <material name="cos_mat" baseNode="0>0|2|1|6">
            <shaderParameter name="colorMat0" value="DALBO_BLUE1"/>
        </material>
    </baseMaterial>
	
    <baseMaterialConfigurations title="$l10n_configuration_chassisColor" useDefaultColors="false">
        <baseMaterialConfiguration name="$l10n_ui_colorBlue" color="DALBO_BLUE1" material="0"/>
		<baseMaterialConfiguration name="$l10n_ui_colorBlue" color="RABE_BLUE1" material="0"/>
		<baseMaterialConfiguration name="$l10n_ui_colorBlue" color="RABE_BLUE2" material="0"/>
		<baseMaterialConfiguration name="$l10n_ui_colorRed" color="FORTSCHRITT_RED" material="0"/>
		<baseMaterialConfiguration name="$l10n_ui_colorRed" color="GRIMME_RED1" material="0"/>
		<baseMaterialConfiguration name="$l10n_ui_colorRed" color="HARDI_RED" material="0"/>
		<baseMaterialConfiguration name="$l10n_ui_colorRed" color="HAWE_RED1" material="0"/>
		<baseMaterialConfiguration name="$l10n_ui_colorRed" color="AGROMASZ_REDPAINT" material="0"/>
		<baseMaterialConfiguration name="$l10n_ui_colorBlack" color="DEUTZ_BLACK1" material="0"/>
		<baseMaterialConfiguration name="$l10n_ui_colorBlack" color="DEUTZ_BLACK2" material="0"/>
		<baseMaterialConfiguration name="$l10n_ui_colorBlack" color="FENDT_BLACK1" material="0"/>
		<baseMaterialConfiguration name="$l10n_ui_colorBlack" color="RABE_BLACK1" material="0"/>
        <material name="hydra_mat" shaderParameter="colorMat0"/>
		<material name="getsuga_mat" shaderParameter="colorMat0"/>
		<material name="cos_mat" shaderParameter="colorMat0"/>
    </baseMaterialConfigurations>
	
    <rimColorConfigurations>
        <rimColorConfiguration name="$l10n_ui_colorBlue" color="DALBO_BLUE1" material="0"/>
		<rimColorConfiguration name="$l10n_ui_colorBlue" color="RABE_BLUE1" material="0"/>
		<rimColorConfiguration name="$l10n_ui_colorBlue" color="RABE_BLUE2" material="0"/>
		<rimColorConfiguration name="$l10n_ui_colorRed" color="FORTSCHRITT_RED" material="0"/>
		<rimColorConfiguration name="$l10n_ui_colorRed" color="GRIMME_RED1" material="0"/>
		<rimColorConfiguration name="$l10n_ui_colorRed" color="HARDI_RED" material="0"/>
		<rimColorConfiguration name="$l10n_ui_colorRed" color="HAWE_RED1" material="0"/>
		<rimColorConfiguration name="$l10n_ui_colorRed" color="AGROMASZ_REDPAINT" material="0"/>
		<rimColorConfiguration name="$l10n_ui_colorBlack" color="DEUTZ_BLACK1" material="0"/>
		<rimColorConfiguration name="$l10n_ui_colorBlack" color="DEUTZ_BLACK2" material="0"/>
		<rimColorConfiguration name="$l10n_ui_colorBlack" color="FENDT_BLACK1" material="0"/>
		<rimColorConfiguration name="$l10n_ui_colorBlack" color="RABE_BLACK1" material="0"/>
        <rimColorConfiguration name="$l10n_ui_colorGrey" color="SHARED_GREY1" material="0"/>

        <colorNode node="0>0|2|5|3"/>
        <colorNode node="0>0|2|5|4"/>		
    </rimColorConfigurations>	
</vehicle>