<?xml version="1.0" encoding="utf-8" standalone="no"?>
<modDesc descVersion="69">
    <author>Hydraulik</author>
    <version>1.1.0.0</version>
    <title>
        <en>Dalbo Hydraflex 5.2</en>
    </title>
    <description>
        <en>
<![CDATA[
- Price: 3100 $
- Category: Rollers
- Working width: 5.2m
- Required power: 100 HP

Changelog 1.1.0.0
- Slightly improved model
- Added new stickers on back
- Added some color configuration
]]>
        </en>
        <de>
<![CDATA[
- Preis: 3100 €
- Kategorie: Rollen
- Arbeitsbreite: 5.2m
- Leistungsbedarf: 100 PS

Changelog 1.1.0.0
- Leicht verbessertes Modell
- Neue Aufkleber auf der Rückseite hinzugefügt
- Farbkonfiguration hinzugefügt
]]>
        </de>
    </description>
    <iconFilename>icon_hydraflex.dds</iconFilename>
    <multiplayer supported="true"/>
    <storeItems>
        <storeItem xmlFilename="hydraflex.xml"/>
    </storeItems>
</modDesc>
