﻿<?xml version="1.0" encoding="utf-8" standalone="no" ?>
<modDesc descVersion="64">
    <author>TethysSaturn</author>
	<contributors>DickerSauerlaender Braeven Achimobil</contributors>
    <version>1.0.2.6</version>
    <title>
        <en>Bale Storage</en>
		<fr>Stockage De Balles</fr>
		<de>Ballenlager</de>
    </title>
    <description>
        <en>
		<![CDATA[Storage for bales

Hay, straw, grass, silage or wood chips can be stored loosely or in bales in this storage. Unfermented silage bales are stored as grass and do not continue to ferment in storage. In addition, both types of cotton bales can be stored.
The material (except for cotton) can be picked up again loose. Alternatively, you can use the implemented Achimobil/Braeven script to spawn bales.

Price: 50000 $
daily Upkeep: 40 $ / day

Credits: The aPalletSilo specialization comes from Achimobil/Braeven, thanks for the script.

Changelog:
1.0.0.0 1st internal release
1.0.1.0 moved to new Script
1.0.2.0 new version for Modhub
1.0.2.1 small changes for Modhub realease
1.0.2.5 unload Trigger modified, smaller fixes
1.0.2.6 Storage can no longer be placed in other buildings
]]>
		</en>
		<fr>
		<![CDATA[Magasin des balles

Le foin, la paille, l'herbe, l'ensilage ou les copeaux de bois peuvent être stockés en vrac ou en balles dans ce magasin. Les balles d'ensilage non fermentées sont stockées sous forme d'herbe et ne continuent pas à fermenter pendant le stockage. De plus, les deux types de balles de coton peuvent être stockés.
Le matériau (à l'exception du coton) peut être ramassé à nouveau en vrac. Alternativement, vous pouvez utiliser le script Achimobil/Braeven pour générer des balles.

Crédits : La spécialisation aPalletSilo vient d'Achimobil/Braeven, merci pour le script.

Journal des modifications:
1.0.0.0 première version interne
1.0.1.0 déplacé vers un nouveau script
1.0.2.0 nouvelle version pour Modhub
1.0.2.1 petits changements pour la version Modhub
1.0.2.5 décharger le déclencheur modifié, petits ajustements
1.0.2.6 Le stockage ne peut plus être placé dans d'autres bâtiments
]]>
		</fr>		
		<de>
		<![CDATA[Ballenlager

In dieses Lager kann Heu, Stroh, Gras, Silage oder Hackschnitzel als Ballen oder lose eingelagert werden. Unvergorene Silageballen werden als Gras eingelagert und gären auch im Lager nicht weiter.Zusätzlich können beide Arten von Baumwollballen eingelagert werden.
Das Material kann (bis auf Baumwolle) wieder lose abgeholt werden. Alternativ kann man durch das integrierte Script von Achimobil/Braeven auch Ballen spawnen lassen.

Preis: 50000 €
unterhaltskosten: 40 €/Tag

Credits: Die Spezialisierung aPalletSilo stammt von Achimobil/Braeven, vielen Dank für das Script.

Changelog:
1.0.0.0 erste interne Veröffentlichung
1.0.1.0 Umbau auf neues Script
1.0.2.0 neue version für Modhub
1.0.2.1 kleine Änderungen für Modhub release
1.0.2.5 Anpassung Abladetrigger, kleine Anpassungen
1.0.2.6 Lager lässt sich nicht mehr in anderen Gebäuden platzieren
]]>
		</de>
    </description>

    <iconFilename>modIcon_ballenlager.dds</iconFilename>

    <multiplayer supported="true" />

    <storeItems>
		<storeItem xmlFilename="xml/hayloft.xml"/>
	</storeItems>

	<placeableTypes>
		<type name="SiloWithPallet" parent="silo" filename="$dataS/scripts/placeables/Placeable.lua">
			<specialization name="aPalletSilo"/>
		</type>
	</placeableTypes>	

	<extraSourceFiles>
		<sourceFile filename="scripts/main.lua"/>
	</extraSourceFiles>

	<l10n>
        <text name="PalletSilo">
            <en>Bale storage</en>
            <de>Ballenlager</de>
        </text>
		<text name="ChooseBaleType">
			<en>Choose bale type</en>
			<de>Ballen Typ wählen</de>
		</text>
        <text name="ChooseAmountToPutOut">
            <en>Choose amount to put out</en>
            <de>Anzahl wählen</de>
        </text>
        <text name="ChooseWhatToPutOut">
            <en>Choose material</en>
            <de>Material wählen</de>
        </text>
        <text name="ExtractPallets">
            <en>Extract Bales</en>
            <de>Ballen auslagern</de>
        </text>
        <text name="function_palletStorage">
            <en>Storage for Bales or loose Material. Supports cotton, grass, hay, straw, silage and bio bales. Round and square bales can be stored and spawned</en>
            <de>Lager für Ballen und loses Material. Unterstützt Baumwoll-, Gras-, Heu-, Stroh-, Silage- und Bio-Ballen. Sowohl Quader- als auch Rundballen können ein- und ausgelagert werden.</de>
        </text>
        <text name="smallPalletStorage">
            <en>Balestorage</en>
            <de>Ballenlager</de>
        </text>
		<text name="PalletSiloItem">
			<en>Pallets</en>
			<de>Paletten</de>
		</text>
		<text name="BaleSiloItem">
			<en>Bales</en>
			<de>Ballen</de>
		</text>
	</l10n>
	

</modDesc>
