<?xml version='1.0' encoding='utf-8' standalone='no'?>
<wheel xmlns:xsi="http://www.w3.org/2001/XMLSchema-instance" xsi:noNamespaceSchemaLocation="../../../../../../shared/xml/schema/wheel.xsd">
    <brand>CONTINENTAL</brand>
    <name>Conti CrossTrac HS3</name>
    <default>
        <physics radius="0.53" width="0.385" mass="0.122" tireType="offRoad" frictionScale="1.60" maxLongStiffness="8" maxLatStiffness="100" maxLatStiffnessLoad="2"/>
        <tire filename="$data/shared/wheels/tires/continental/contiCrossTracHS3/R22_5_contiCrossTracHS3.i3d" nodeLeft="0|0" nodeRight="0|0" maxDeformation="0.02" sideDeformOffset="0.988" isCareWheel="false" tireTrackAtlasIndex="4"/>
       <!-- <outerRim filename="$data/shared/wheels/rims/rim001.i3d" node="0|0" widthAndDiam="12 22.5"/> -->
        <innerRim filename="wheels/rim.i3d" nodeLeft="0|0" nodeRight="0|1" scale="1 1 1"/>
    </default>
</wheel>
