<?xml version="1.0" encoding="utf-8" standalone="no"?>
<modDesc descVersion="72">
    <author>Happy_M0le</author>
    <version>1.0.0.1</version>
    <title>
        <en>Repair Place</en>
		<de>Reparaturstelle</de>
		<cz>Opravárenské Místo</cz>
    </title>
<description>
<en><![CDATA[
An ideal repair shop for a farm that does not take up much space.

Price: $1,000
Daily maintenance: $2

Changelog 1.0.0.1
- Change descVersion
- Small visual adjustment
- Added fuel refueling option
- Reduced Daily maintenance
]]></en>
<de><![CDATA[
Eine ideale Reparaturwerkstatt für einen Bauernhof, der nicht viel Platz beansprucht.

Preis: 1.000 €
Täglicher Unterhalt: 2 €

Änderungsliste 1.0.0.1
- Beschreibungsversion ändern
- kleine optische Anpassung
- Option zum Auftanken von Kraftstoff hinzugefügt
- reduzierte tägliche Wartung
]]></de>
<cz><![CDATA[
Ideální opravna pro farmu, která nezabere mnoho místa.

Cena : 1000 €
Denní údržba : 2 €

Seznam změn 1.0.0.1

Změna descVersion
Malá vizuální úprava
Přidána možnost doplňování paliva
Snížená denní údržba
]]></cz>
</description>
    
	<iconFilename>icon_Repair.dds</iconFilename>
    
	<multiplayer supported="true"/>
    
	<l10n> 
	    <text name="function_serviceGas">
			<en><![CDATA[Repair place with the possibility of refueling.]]></en>
			<de><![CDATA[Reparaturstelle mit der Möglichkeit zum Auftanken.]]></de>
			<cz><![CDATA[Opravárenské místo s možností tankování paliva.]]></cz>
		</text>
	</l10n>
	
	<placeableTypes>
		<type name="serviceGas" parent="simplePlaceable" filename="$dataS/scripts/placeables/Placeable.lua">
		<specialization name="workshop" />
		<specialization name="buyingStation" />
        </type>
	</placeableTypes>
	
	<storeItems>
        <storeItem xmlFilename="Repair.xml"/>
	</storeItems>
	
</modDesc>
