<?xml version="1.0" encoding="utf-8" standalone="no" ?>
<placeable type="serviceGas" xmlns:xsi="http://www.w3.org/2001/XMLSchema-instance" xsi:noNamespaceSchemaLocation="../../../../shared/xml/schema/placeable.xsd">
    <storeData>
        <name>$l10n_shopItem_workshop</name>
        <image>Store.dds</image>
        <price>1000</price>
        <functions>
            <function>$l10n_function_serviseGas</function>
        </functions>
        <dailyUpkeep>2</dailyUpkeep>
        <lifetime>1000</lifetime>
        <rotation>0</rotation>
        <brand>NONE</brand>
        <species>placeable</species>
        <category>placeableMisc</category>
        <brush>
            <type>placeable</type>
            <category>buildings</category>
            <tab>tools</tab>
        </brush>
        <vertexBufferMemoryUsage>214784</vertexBufferMemoryUsage>
        <indexBufferMemoryUsage>38912</indexBufferMemoryUsage>
        <textureMemoryUsage>3211264</textureMemoryUsage>
        <audioMemoryUsage>0</audioMemoryUsage>
        <instanceVertexBufferMemoryUsage>0</instanceVertexBufferMemoryUsage>
        <instanceIndexBufferMemoryUsage>0</instanceIndexBufferMemoryUsage>
    </storeData>

    <base>
        <filename>Opravna.i3d</filename>
        <canBeRenamed>true</canBeRenamed>
    </base>

    <placement useRandomYRotation="false" useManualYRotation="true" >
        <testAreas>
            <testArea startNode="testArea1Start" endNode="testArea1End" />
        </testAreas>
		
		<sounds>
            <place template="smallImp"/>
        </sounds>
    </placement>

    <clearAreas>
        <clearArea startNode="clearArea1Start" widthNode="clearArea1Width" heightNode="clearArea1Height"/>
    </clearAreas>

    <leveling requireLeveling="true" maxSmoothDistance="3" maxSlope="75" maxEdgeAngle="30">
        <levelAreas>
            <levelArea startNode="levelArea1Start" widthNode="levelArea1Width" heightNode="levelArea1Height" groundType="asphalt"/>
        </levelAreas>
    </leveling>

    <indoorAreas>
       
    </indoorAreas>

    <tipOcclusionUpdateAreas>
        <tipOcclusionUpdateArea startNode="tipOcclusionUpdateArea1Start" endNode="tipOcclusionUpdateArea1End" />
    </tipOcclusionUpdateAreas>

    <ai>
        <updateAreas>
            <updateArea startNode="tipOcclusionUpdateArea1Start" endNode="tipOcclusionUpdateArea1End" />
        </updateAreas>
    </ai>

    <triggerMarkers>
        <triggerMarker node="markerWrench" filename="$data/shared/assets/marker/markerIcons.xml" id="WRENCH" />
		<triggerMarker node="warningStripes" adjustToGround="true" groundOffset="0" />
	</triggerMarkers>

    <hotspots>
        <hotspot type="SHOP" linkNode="vehicleTrigger" />
    </hotspots>

    <workshop>
        <sellingPoint playerTriggerNode="playerTrigger" iconNode="markerWrench" sellTriggerNode="vehicleTrigger" ownWorkshop="true" mobileWorkshop="false" />
    </workshop>

	<buyingStation node="gasStationTrigger" supportsExtension="false" >
        <loadTrigger triggerNode="gasStationTrigger" fillTypes="DIESEL" fillLitersPerSecond="20" autoStart="true" infiniteCapacity="true" startFillText="$l10n_action_refuel" stopFillText="$l10n_action_stopRefuel"/>
        <fillType name="diesel" priceScale="1" />
    </buyingStation>
	
    <i3dMappings>
        <i3dMapping id="markerWrench" node="0>0|0" />
		<i3dMapping id="warningStripes" node="0>0|1" />
        <i3dMapping id="vehicleTrigger" node="0>0|2" />
        <i3dMapping id="playerTrigger" node="0>0|3" />
        <i3dMapping id="clearArea1Start" node="0>1|0" />
        <i3dMapping id="clearArea1Width" node="0>1|0|0" />
        <i3dMapping id="clearArea1Height" node="0>1|0|1" />
        <i3dMapping id="levelArea1Start" node="0>2|0" />
        <i3dMapping id="levelArea1Width" node="0>2|0|0" />
        <i3dMapping id="levelArea1Height" node="0>2|0|1" />
        <i3dMapping id="testArea1Start" node="0>4|0" />
        <i3dMapping id="testArea1End" node="0>4|0|0" />
        <i3dMapping id="tipOcclusionUpdateArea1Start" node="0>5|0" />
        <i3dMapping id="tipOcclusionUpdateArea1End" node="0>5|0|0" />
		<i3dMapping id="gasStation" node="0>9" />
		<i3dMapping id="gasStationTrigger" node="0>9|0" />
    </i3dMappings>
</placeable>
