﻿<?xml version="1.0" encoding="utf-8" standalone="no"?>
<modDesc descVersion="72">
    <author>erShaba</author>
    <version>1.0.0.2</version>

    <title>
		<en>Food Mixers</en>
		<de>Lebensmittelmischer</de>
		<fr>Mélangeurs D'aliments</fr>
		<es>Mezcladoras De Alimentos</es>
		<it>Mixer Alimentari</it>
		<pt>Misturadores De Alimentos</pt>
    </title>

    <description>
<en>
<![CDATA[Food Mixers
- Mixed Ration Mixer
Category: Production - Factories
Price: 22.000$
Incoming materials: Silage, Hay and Straw
Outgoing Materials: Mixed Ration
Capacity: 2.500.000 liters

- PigFood Mixer
Category: Production - Factories
Price: 22.000$
Incoming Materials: Corn, Sunflower and Potatoes
Outgoing Materials: PigFood
Capacity: 2.500.000 liters
]]>
</en>
<de>
<![CDATA[Mixer
- Mixer für gemischte Rationen
Kategorie: Produktion - Fabriken
Preis: 22.000 €
Ankommende Materialien: Silage, Heu und Stroh
Ausgehende Materialien: Gemischte Ration
Fassungsvermögen: 2.500.000 Liter

- PigFood Mixer
Kategorie: Produktion - Fabriken
Preis: 22.000 €
Eingehende Materialien: Mais, Sonnenblumen und Kartoffeln
Ausgehende Materialien: Schweinefutter
Fassungsvermögen: 2.500.000 Liter
]]>
</de>
<fr>
<![CDATA[Mélangeurs d'aliments
- Mélangeur de rations mixtes
Catégorie : Production - Usines
Prix : 22.000€
Matériaux entrants : ensilage, foin et paille
Matériaux sortants : Ration mixte
Capacité : 2.500.000 litres

-Mélangeur PigFood
Catégorie : Production - Usines
Prix : 22.000€
Matières entrantes : maïs, tournesol et pommes de terre
Matériaux sortants : PigFood
Capacité : 2.500.000 litres
]]>
</fr>
<es>
<![CDATA[Mezcladoras De Alimentos
- Mezcladora de Ración Mezclada
Categoría: Producción - Fábricas
Precio: 22.000€
Materiales entrantes: Ensilage, Heno y Paja
Materiales salientes: Ración Mezclada
Capacidad: 2.500.000 litros
`
- Mezcladora de Comida para Cerdos
Categoria: Producción - Fábricas
Precio: 23.000€
Materiales entrantes: Maiz, Girasol y Patatas
Materiales salientes: Comida para Cerdos
Capacidad: 2.500.000 litros
]]>
</es>
<it>
<![CDATA[Mixer Alimentari
- Miscelatore di razioni miste
Categoria: Produzione - Fabbriche
Prezzo: 22.000€
Materiali in entrata: Insilato, Fieno e Paglia
Materiali in uscita: razione mista
Capacità: 2.500.000 litri

- Mixer PigFood
Categoria: Produzione - Fabbriche
Prezzo: 22.000€
Materiali in entrata: Mais, Girasole e Patate
Materiali in uscita: PigFood
Capacità: 2.500.000 litri
]]>
</it>
<pt>
<![CDATA[Misturadores de Alimentos
- Misturador de Ração Mista
Categoria: Produção - Fábricas
Preço: 22.000€
Materiais de entrada: Silagem, Feno e Palha
Materiais de Saída: Ração Mista
Capacidade: 2.500.000 litros

- Misturador de comida de porco
Categoria: Produção - Fábricas
Preço: 22.000€
Materiais de Entrada: Milho, Girassol e Batata
Materiais de saída: PigFood
Capacidade: 2.500.000 litros
]]>
</pt>
    </description>

    <multiplayer supported="true" /> 
    <iconFilename>icon_forageMixer.dds</iconFilename> 

    <storeItems>
		<storeItem xmlFilename="forageMixer.xml"/>
		<storeItem xmlFilename="pigFoodMixer.xml"/>
	</storeItems>

	<l10n>
		<text name="function_ForageMixer">
			<en>Food Mixer</en>
			<de>Mixgerät</de>
			<fr>Mixeur</fr>
			<es>Procesador de Alimentos</es>
			<it>Frullatore</it>
			<pt>Batedeira</pt>
		</text>
		<text name="forageMixer">
			<en>Food Mixed Ration Mixer</en>
			<de>Mixer für gemischte Rationen</de>
			<fr>Mélangeur de rations mixtes</fr>
			<es>Mezcladora de Ración Mezclada</es>
			<it>Miscelatore di razioni miste</it>
			<pt>Misturador de Ração Mista</pt>
		</text>
		<text name="pigFoodMixer">
			<en>Pig Feed Mixer</en>
			<de>Schweinefuttermischer</de>
			<fr>Mélangeur d'aliments pour porcs</fr>
			<es>Mezcladora de Comida para Cerdos</es>
			<it>Miscelatore per mangime per suini</it>
			<pt>Misturador de Ração para Suínos</pt>
		</text>
	</l10n>
</modDesc>
