<?xml version="1.0" encoding="utf-8" standalone="no" ?>
<placeable type="productionPoint" xmlns:xsi="http://www.w3.org/2001/XMLSchema-instance" xsi:noNamespaceSchemaLocation="../../../../../shared/xml/schema/placeable.xsd">
    <storeData>
        <name>
			<en>PigFood Mixer</en>
			<de>Schweinefuttermischer</de>
			<fr>Mélangeur d'aliments pour porcs</fr>
			<es>Mezcladora de Comida para Cerdos</es>
			<it>Miscelatore per mangime per suini</it>
			<pt>Misturador de Ração para Suínos</pt>
		</name>
        <functions>
            <function>$l10n_function_ForageMixer</function>
        </functions>
        <image>store_pigFoodMixer.png</image>
        <price>22000</price>
        <dailyUpkeep>11</dailyUpkeep>
        <lifetime>1000</lifetime>
        <rotation>0</rotation>
        <brand>NONE</brand>
		<canBeSold>true</canBeSold>
		<showInStore>true</showInStore>
		<species>placeable</species>
        <category>productionPoints</category>
        <brush>
            <type>placeable</type>
            <category>production</category>
            <tab>factories</tab>
		</brush>
        <vertexBufferMemoryUsage>959488</vertexBufferMemoryUsage>
        <indexBufferMemoryUsage>158464</indexBufferMemoryUsage>
        <textureMemoryUsage>3735552</textureMemoryUsage>
        <audioMemoryUsage>0</audioMemoryUsage>
        <instanceVertexBufferMemoryUsage>0</instanceVertexBufferMemoryUsage>
        <instanceIndexBufferMemoryUsage>0</instanceIndexBufferMemoryUsage>
    </storeData>

    <base>
        <filename>pigFoodMixer.i3d</filename>
        <canBeRenamed>true</canBeRenamed>
    </base>
	
	 <placeableType>placeable</placeableType>

    <placement useRandomYRotation="false" useManualYRotation="true" >
        <testAreas>
            <testArea startNode="testArea1Start" endNode="testArea1End" />
        </testAreas>
		
		<sounds>
            <place template="siloImp" pitchScale="1.5"/>
        </sounds>
    </placement>

    <clearAreas>
        <clearArea startNode="clearArea1Start" widthNode="clearArea1Width" heightNode="clearArea1Height"/>
    </clearAreas>

    <leveling requireLeveling="true" maxSmoothDistance="1" maxSlope="75" maxEdgeAngle="30">
        <levelAreas>
            <levelArea startNode="levelArea1Start" widthNode="levelArea1Width" heightNode="levelArea1Height" groundType="gravel"/>
        </levelAreas>
    </leveling>

    <indoorAreas>
        <indoorArea startNode="clearArea1Start" widthNode="clearArea1Width" heightNode="clearArea1Height" />
    </indoorAreas>

    <tipOcclusionUpdateAreas>
        <tipOcclusionUpdateArea startNode="tipOcclusionUpdateArea1Start" endNode="tipOcclusionUpdateArea1End" />
    </tipOcclusionUpdateAreas>

    <ai>
        <updateAreas>
            <updateArea startNode="tipOcclusionUpdateArea1Start" endNode="tipOcclusionUpdateArea1End" />
        </updateAreas>
        <splines>
            <spline node="aiSpline" />
        </splines>
    </ai>

	<dynamicallyLoadedParts>
    </dynamicallyLoadedParts>

    <infoTrigger triggerNode="infoTrigger"/>

    <productionPoint>
        <productions sharedThroughputCapacity="false">
            <production id="PigFood Mixer" name="$l10n_pigFoodMixer" cyclesPerHour="200000" costsPerActiveHour="0.5">
                <inputs>
                    <input fillType="MAIZE" 			amount="600" />
					<input fillType="SUNFLOWER"  		amount="250" />
					<input fillType="POTATO"         	amount="150" />
                </inputs>
                <outputs>
                    <output fillType="PIGFOOD" amount="1000" />
                </outputs>
            </production>
        </productions>

        <sellingStation node="unloadingStation" hideFromPricesMenu="true" appearsOnStats="true" supportsExtension="false" allowMissions="false">
			<unloadTrigger exactFillRootNode="exactFillRootNode" fillTypes="MAIZE SUNFLOWER POTATO" >
				<baleTrigger triggerNode="baleTrigger"/>
			</unloadTrigger>
        </sellingStation>

        <loadingStation node="loadingStation" supportsExtension="false">
			<loadTrigger triggerNode="dischargeTrigger" fillLitersPerSecond="20000" dischargeNode="dischargeNodePipe" fillTypes="PIGFOOD" aiNode="aiLoadingNode">
				<effectNode effectClass="PipeEffect" effectNode="pipeEffect" materialType="pipe" materialTypeId="1" fadeTime="0.5" maxBending="0" controlPoint="3.25 0 0 0"/>
                <effectNode                          effectNode="pipeEffectSmoke" materialType="smoke"     materialTypeId="1" fadeTime="0.5" />
            </loadTrigger>
        </loadingStation>

        <storage isExtension="false" fillLevelSyncThreshold="100">
			<capacity fillType="MAIZE"           	capacity="3000000" />
			<capacity fillType="SUNFLOWER"   		capacity="1500000" />
            <capacity fillType="POTATO"            	capacity="1000000" />
			<capacity fillType="PIGFOOD" 			capacity="2500000" />

			<dynamicFillPlane node="fillVolume" allSidePlanes="true" maxAllowedHeapAngle="10000" maxDelta="0.3" defaultFillType="PIGFOOD" />
        </storage>

		<playerTrigger node="playerTrigger" />

		<sounds>
            <!-- <idle template="dairyIdle" linkNode="0>" /> -->
            <active template="dairyWork" linkNode="0>" outerRadius="40" />
        </sounds>

		<animationNodes>
            <animationNode node="screw1" rotSpeed="-80" 	rotAxis="2" />
			<animationNode node="screw2" rotSpeed="-80" 	rotAxis="2" />
			<animationNode node="screw3" rotSpeed="-200" 	rotAxis="2" />
			<animationNode node="rotor"  rotSpeed="800" 	rotAxis="2" />
        </animationNodes>
	</productionPoint>

    <hotspots>
		<hotspot type="PRODUCTION_POINT" linkNode="pigFoodMixer" teleportNode="teleportNode"/>
    </hotspots>

    <triggerMarkers>
        <triggerMarker node="markerLoading"   		filename="$data/shared/assets/marker/markerIcons.xml" id="LOAD" />
        <triggerMarker node="markerUnloading" 		filename="$data/shared/assets/marker/markerIcons.xml" id="UNLOAD" />
		<triggerMarker node="playerTriggerMarker" 	filename="$data/shared/assets/marker/markerIcons.xml" id="WRENCH" />
    </triggerMarkers>



    <i3dMappings>
        <i3dMapping id="pigFoodMixer" node="0>" />
        <i3dMapping id="pigFoodMixer_vis" node="0>0|0" />
        <i3dMapping id="screw1" node="0>0|0|0|0" />
        <i3dMapping id="screw2" node="0>0|0|0|1" />
        <i3dMapping id="screw3" node="0>0|0|0|2" />
        <i3dMapping id="rotor" node="0>0|2|0" />
        <i3dMapping id="fillVolume2" node="0>0|4" />
        <i3dMapping id="unloadingStation" node="0>1" />
        <i3dMapping id="exactFillRootNode" node="0>1|0" />
        <i3dMapping id="baleTrigger" node="0>1|1" />
        <i3dMapping id="fillVolume" node="0>1|2" />
        <i3dMapping id="markerUnloading" node="0>1|3" />
        <i3dMapping id="loadingStation" node="0>2" />
        <i3dMapping id="dischargeTrigger" node="0>2|0" />
        <i3dMapping id="dischargeNodePipe" node="0>2|1" />
        <i3dMapping id="dischargeEffect" node="0>2|2" />
        <i3dMapping id="pipeEffect" node="0>2|2|0" />
        <i3dMapping id="pipeEffectSmoke" node="0>2|2|1" />
        <i3dMapping id="markerLoading" node="0>2|3" />
        <i3dMapping id="aiLoadingNode" node="0>2|4" />
        <i3dMapping id="tipOcclusionUpdateArea1Start" node="0>3" />
        <i3dMapping id="tipOcclusionUpdateArea1End" node="0>3|0" />
        <i3dMapping id="testArea1Start" node="0>4" />
        <i3dMapping id="testArea1End" node="0>4|0" />
        <i3dMapping id="clearArea1Start" node="0>5|0" />
        <i3dMapping id="clearArea1Height" node="0>5|1" />
        <i3dMapping id="clearArea1Width" node="0>5|2" />
        <i3dMapping id="levelArea1Start" node="0>6|0" />
        <i3dMapping id="levelArea1Height" node="0>6|1" />
        <i3dMapping id="levelArea1Width" node="0>6|2" />
        <i3dMapping id="storage" node="0>7" />
        <i3dMapping id="teleportNode" node="0>8" />
        <i3dMapping id="playerTrigger" node="0>9" />
        <i3dMapping id="playerTriggerMarker" node="0>9|0" />
        <i3dMapping id="infoTrigger" node="0>10" />
        <i3dMapping id="info2" node="0>11|0" />
        <i3dMapping id="pigFoodMixer_Decal" node="0>11|1" />
        <i3dMapping id="aiSpline" node="0>12" />
    </i3dMappings>
</placeable>
