﻿<?xml version="1.0" encoding="utf-8" standalone="no"?>
<vehicle type="balerWrapper" xmlns:xsi="http://www.w3.org/2001/XMLSchema-instance" xsi:noNamespaceSchemaLocation="https://validation.gdn.giants-software.com/xml/schema/vehicle.xsd">
    <annotation>Copyright (C) DD ModPassion, All Rights Reserved.</annotation>
    <storeData>
        <name>LT-Master F115</name>
        <image>$data/store/store_empty.png</image>
        <brand>GOEWEIL</brand>
        <category>balers</category>
        <showInStore>false</showInStore>
    </storeData>
    <base>
        <filename>filename/foilWrapRoll.i3d</filename>
    </base>
    <fillUnit>
        <fillUnitConfigurations>
            <fillUnitConfiguration>
                <fillUnits>
                    <fillUnit unitTextOverride="$l10n_unit_mShort" fillTypeCategories="foilWrap" capacity="3000" canBeUnloaded="false" allowFoldingThreshold="6000"/>
                    <fillUnit unitTextOverride="$l10n_unit_mShort" fillTypeCategories="foilWrap" capacity="22500" canBeUnloaded="false" allowFoldingThreshold="45000" showOnHud="false" showOnInfoHud="false"/>
                </fillUnits>
            </fillUnitConfiguration>
        </fillUnitConfigurations>
    </fillUnit>
	<baleWrapper>
        <foilWrapAddon storage="fillUnit" configuration="0">
            <baseNode node="0>0|3|0|0"/>
            <baseNode node="0>0|3|3|0|1"/>
            <baseNode node="0>0|3|3|0|1|0"/>
            <baseNode node="0>0|3|3|2|1"/>
            <baseNode node="0>0|3|3|2|1|0"/>
            <roll node="0>0|3|0|0" translation="-1.274 -0.988 0.24" rotation="180 -67 0" scale="0.927 0.965 0.927"/>
            <roll node="0>0|3|0|0" translation="1.274 -0.988 -0.24" rotation="180 112.6 0" scale="0.927 0.965 0.927"/>
            <material node="0>2|5"/>
            <material node="0>2|6" editVisibility="false"/>
            <material node="0>2|7" editVisibility="false"/>
            <storage node="0>0|3|3|0|1" translation="0 0.015 -0.56"/>
            <storage node="0>0|3|3|0|1" translation="0 0.015 -0.28"/>
            <storage node="0>0|3|3|0|1" translation="0 0.015 0"/>
            <storage node="0>0|3|3|0|1" translation="0 0.015 0.28"/>
            <storage node="0>0|3|3|0|1" translation="0 0.015 0.56"/>
            <storage node="0>0|3|3|2|1" translation="0 0.015 -1.16"/>
            <storage node="0>0|3|3|2|1" translation="0 0.015 -0.90"/>
            <storage node="0>0|3|3|2|1" translation="0 0.015 -0.64"/>
            <storage node="0>0|3|3|2|1" translation="0 0.015 -0.38"/>
            <storage node="0>0|3|3|2|1" translation="0 0.015 -0.12"/>
            <storage node="0>0|3|3|2|1" translation="0 0.015 0.131"/>
            <storage node="0>0|3|3|2|1" translation="0 0.015 0.391"/>
            <storage node="0>0|3|3|2|1" translation="0 0.015 0.651"/>
            <storage node="0>0|3|3|2|1" translation="0 0.015 0.911"/>
            <storage node="0>0|3|3|2|1" translation="0 0.015 1.171"/>
        </foilWrapAddon>
    </baleWrapper>
    <wearable showOnHud="false"/>
    <washable/>
</vehicle>