<?xml version="1.0" encoding="utf-8" standalone="no" ?>
<placeable type="bunkerSilo" xmlns:xsi="http://www.w3.org/2001/XMLSchema-instance" xsi:noNamespaceSchemaLocation="../../../../../shared/xml/schema/placeable.xsd">
    <storeData>
        <name>$l10n_storeItem_bunkerSilo01</name>
        <functions>
            <function>$l10n_function_bunkerSilo01</function>
        </functions>
        <image>store_bunkerSilo01.png</image>
        <price>20000</price>
        <dailyUpkeep>25</dailyUpkeep>
        <lifetime>1000</lifetime>
        <rotation>0</rotation>
        <brand>NONE</brand>
        <species>placeable</species>
        <category>silos</category>
        <brush>
            <type>placeable</type>
            <category>buildings</category>
            <tab>silos</tab>
        </brush>
        <canBeSold>true</canBeSold>
        <showInStore>true</showInStore>
        <vertexBufferMemoryUsage>19968</vertexBufferMemoryUsage>
        <indexBufferMemoryUsage>5376</indexBufferMemoryUsage>
        <textureMemoryUsage>4063232</textureMemoryUsage>
        <audioMemoryUsage>0</audioMemoryUsage>
        <instanceVertexBufferMemoryUsage>0</instanceVertexBufferMemoryUsage>
        <instanceIndexBufferMemoryUsage>0</instanceIndexBufferMemoryUsage>
    </storeData>

    <base>
        <filename>bunkerSilo01.i3d</filename>
        <boughtWithFarmland>true</boughtWithFarmland>
    </base>

    <placement useRandomYRotation="false" useManualYRotation="true" placementPositionSnapSize="0.5" placementRotationSnapAngle="90" >
        <testAreas>
            <testArea startNode="testArea1Start" endNode="testArea1End" />
        </testAreas>

        <sounds>
            <place template="medImp" />
        </sounds>
    </placement>

    <clearAreas>
        <clearArea startNode="clearArea1Start" widthNode="clearArea1Width" heightNode="clearArea1Height"/>
    </clearAreas>

    <leveling requireLeveling="true" maxSmoothDistance="10" maxSlope="75" maxEdgeAngle="30">
        <levelAreas>
            <levelArea startNode="levelArea1Start" widthNode="levelArea1Width" heightNode="levelArea1Height" groundType="concrete"/>
        </levelAreas>
    </leveling>

    <indoorAreas />

    <tipOcclusionUpdateAreas>
        <tipOcclusionUpdateArea startNode="tipOcclusionUpdateArea1Start" endNode="tipOcclusionUpdateArea1End" />
    </tipOcclusionUpdateAreas>

    <ai>
        <updateAreas>
            <updateArea startNode="tipOcclusionUpdateArea1Start" endNode="tipOcclusionUpdateArea1End" />
        </updateAreas>
    </ai>

	<deletedNodes>
        <deletedNode node="bunkerSiloOld" />
    </deletedNodes>

    <bunkerSilo isExtendable="true" siloToSiloDistance="8.5" snapDistance="11" acceptedFillTypes="chaff grass_windrow dryGrass_windrow" inputFillType="chaff" outputFillType="silage" distanceToCompactedFillLevel="100" openingLength="5" >
        <area startNode="siloAreaStart" widthNode="siloAreaWidth" heightNode="siloAreaHeight" />
        <innerArea startNode="siloInnerAreaStart" widthNode="siloInnerAreaWidth" heightNode="siloInnerAreaHeight" />
        <interactionTrigger node="siloAreaTrigger" />
        <wallLeft node="wallLeft" collision="wallLeftCollision" />
        <wallRight node="wallRight" collision="wallRightCollision" />
    </bunkerSilo>

    <i3dMappings>
        <i3dMapping id="bunkerSiloOld" node="0>0" />
        <i3dMapping id="siloAreaStart" node="0>1|0|0|0" />
        <i3dMapping id="siloAreaWidth" node="0>1|0|0|1" />
        <i3dMapping id="siloAreaHeight" node="0>1|0|0|2" />
        <i3dMapping id="siloAreaTrigger" node="0>1|0|0|3" />
        <i3dMapping id="siloInnerAreaStart" node="0>1|0|1|0" />
        <i3dMapping id="siloInnerAreaWidth" node="0>1|0|1|1" />
        <i3dMapping id="siloInnerAreaHeight" node="0>1|0|1|2" />
        <i3dMapping id="wallLeft" node="0>1|0|2|0" />
        <i3dMapping id="wallRight" node="0>1|0|2|1" />
        <i3dMapping id="clearArea1Start" node="0>1|1|0" />
        <i3dMapping id="clearArea1Width" node="0>1|1|0|0" />
        <i3dMapping id="clearArea1Height" node="0>1|1|0|1" />
        <i3dMapping id="levelArea1Start" node="0>1|2|0" />
        <i3dMapping id="levelArea1Width" node="0>1|2|0|0" />
        <i3dMapping id="levelArea1Height" node="0>1|2|0|1" />
        <i3dMapping id="testArea1Start" node="0>1|3|0" />
        <i3dMapping id="testArea1End" node="0>1|3|0|0" />
        <i3dMapping id="tipOcclusionUpdateArea1Start" node="0>1|4|0" />
        <i3dMapping id="tipOcclusionUpdateArea1End" node="0>1|4|0|0" />
        <i3dMapping id="wallLeftCollision" node="0>1|7|0" />
        <i3dMapping id="wallRightCollision" node="0>1|7|1" />
    </i3dMappings>
</placeable>
