﻿<?xml version="1.0" encoding="utf-8" standalone="no"?>
<modDesc descVersion="79">
    <author>TopAce888</author>
    <version>1.0.1.0</version>
    <title> 
        <en>Bunker Silo Set</en>
        <en>Bunkersilo Set</en>
        <en>Kit De Silo "Bunker"</en>
    </title>
    <description>
<en><![CDATA[
In this set there is a bunker silo with a capacity of 500,000 liters. It can be placed directly next to each other and expanded using the snapping function.
There are two walls and a ramp that can be placed against the silo to close it on one side.
In addition, an area in front of the silo can be blocked for tipping with the tipping-free area, so that nothing falls out of the silo during compaction.
Use the water gutter as an aid when placing, so that the area can be placed exactly. The dirt marks this area and must face outwards.
If there are any problems with the placement, please switch to the free mode.
The ground is painted as concrete and the terrain will be adjusted.

Bunker silo (10m x 24m)
- Price: $20,000
- Maintenance: $25 per day

Ramp (10m x 24m )
- Price: $20,000
- Maintenance: $5€ per day

Wall (8m x 2m / 10m x 10m)
- Price: $5,000/ $10,000
- Maintenance: $2/ $5 per day

Tipping-free area (10m x 4m)
- Price: $1,000
- Maintenance: $2 per day

Changelog 1.0.1.0
- Reworked 3D models (thinner walls)
- Reworked textures
- Added "boughtWithFarmland" attribute to all objects

Note:
The old 3D models can no longer be purchased via the shop, but they are still usable and can also be sold.
The old 3D models will be removed with a next update. Please replace the old silos with the new ones.
]]></en>
<de> <![CDATA[
In diesem Set gibt es ein Bunker Silo mit einem Fassungsvermögen von 500.000 Litern. Er lässt sich über die Snapping-Funktion direkt aneinander platzieren und erweitern.
Es gibt zwei Mauern und eine Rampe, die an das Silo platziert werden können, um dieses an einer Seite zu schließen.
Zusätzlich kann mit dem kippfreien Bereich auch noch ein Bereich vor dem Silo für das Abkippen gesperrt werden, so dass nichts mehr aus dem Silo beim Verdichten rausfällt.
Nutze die Wasserinne als Hilfe beim Platzieren, so lässt sich der Bereich exakt platzieren. Die Verschmutzungen kennzeichnen diesen Bereich und müssen nach Außen zeigen.
Sollte es Probleme beim Platzieren geben, dann wechsele bitte in den freien Modus.
Der Boden wird mit Beton bemalt und das Gelände wird angepasst. 

Bunkersilo (8m x 24m)
- Preis: 20.000 €
- Unterhalt: 25 € pro Tag

Rampe (9m x 24m )
- Preis: 20.000 € 
- Unterhalt: 5 € pro Tag

Mauer (8m x 1m / 9m x 9m)
- Preis: 5.000 €/ 10.000 €
- Unterhalt: 2 €/ 5 € pro Tag

Abkippfreier Bereich (8m x 4m)
- Preis: 1.000 €
- Unterhalt: 2 € pro Tag

Changelog 1.0.1.0
- 3D-Modelle überarbeitet (dünnere Mauern)
- Texturen überarbeitet
- "boughtWithFarmland"-Attribut zu allen Objekten hinzugefügt

Hinweis:
Die alten 3D-Modelle können nicht mehr über den Shop gekauft werden, sie sind aber weiterhin verwendbar und können auch verkauft werden.
Mit einem nächsten Update werden die alten 3D-Modelle entfernt. Bitte die alten Silos daher durch die neuen ersetzen.
]]></de>
<fr> <![CDATA[
Dans ce kit, il y a un silo trémie d'une capacité de 500.000 litres. Il peut être placé et agrandi directement les uns à côté des autres grâce à la fonction Snapping.
Il y a deux murs et une rampe qui peuvent être placés contre le silo pour le fermer d'un côté.
De plus, la zone sans basculement permet d'interdire le basculement d'une zone devant le silo, de sorte que plus rien ne tombe du silo lors du compactage.
Utilise la gouttière comme aide pour le placement, la zone peut ainsi être placée avec précision. Les salissures marquent cette zone et doivent être dirigées vers l'extérieur.
Si tu as des problèmes de placement, passe en mode libre.
Le sol est peint avec du béton et le terrain est adapté.

Silo "Bunker" (10m x 24m)
- Prix : 20.000 €
- Entretien : 25 € par jour

Rampe (10m x 24m )
- Prix : 20.000 € 
- Entretien : 5 € par jour

Mur (8m x 2m / 10m x 10m )
- Prix : 5.000 € / 10.000 €
- Entretien : 2 € / 5 € par jour

Zone sans basculement (10m x 4m)
- Prix : 1.000 €
- Entretien : 2 € par jour

Changelog 1.0.1.0
- Modèles 3D retravaillés (murs plus fins)
- Textures retravaillées
- Ajout de l'attribut "boughtWithFarmland" à tous les objets

Note:
Les anciens modèles 3D ne peuvent plus être achetés via la boutique, mais ils sont toujours utilisables et peuvent également être vendus.
Lors d'une prochaine mise à jour, les anciens modèles 3D seront supprimés. Veuillez donc remplacer les anciens silos par les nouveaux.
]]></fr>
</description>
    
    <l10n>
        <text name="storeItem_bunkerSilo01">         <en>Bunker Silo 8m x 24m</en> <de>Fahrsilo 8m x 24m</de> <fr>Silo "Bunker" 8m x 24m</fr></text>
        <text name="storeItem_bunkerSiloWall01">     <en>Bunker Silo Wall 1</en> <de>Bunkersilo Mauer 1</de> <fr>Silo "Bunker" Mur 1</fr></text>
        <text name="storeItem_bunkerSiloWall02">     <en>Bunker Silo Wall 2</en> <de>Bunkersilo Mauer 2</de> <fr>Silo "Bunker" Mur 2</fr></text>
        <text name="storeItem_bunkerSiloTipCol01">   <en>Bunker Silo Tipping Free Area</en> <de>Bunkersilo Abkippfreier Bereich</de> <fr>Silo "Bunker" Zone Sans Basculement</fr></text>
        <text name="storeItem_bunkerSiloDriveway01"> <en>Bunker Silo Driveway</en> <de>Bunkersilo Auffahrt</de> <fr>Silo "Bunker" Rampe</fr></text>
        <text name="function_bunkerSilo01">          <en>The silo has a capacity of round about 500.000 litres of chaff. </en> <de>Dieses Silo fasst ca. 500.000 Liter an Häckselgut.</de> <fr>Ce silo peut contenir environ 500.000 litres de matière broyée.</fr></text>
        <text name="function_bunkerSiloWall01">      <en>This is wall to close the bunker silo at one end. </en> <de>Dies ist eine Mauer, um das Bunkersilo an einem Ende zu schließen.</de> <fr>Il s'agit d'un mur pour fermer le silo de la trémie à une extrémité.</fr></text>
        <text name="function_bunkerSiloWall02">      <en>This is a squared wall to close the bunker silo at one end. </en> <de>Dies ist eine quadratische Mauer, um das Bunkersilo an einem Ende zu schließen.</de> <fr>Il s'agit d'un mur carré pour fermer le silo de la trémie à une extrémité.</fr></text>
        <text name="function_bunkerSiloTipCol01">    <en>This object is placed in front of the bunker silo to prevent bulk material from falling out of the silo. Place the ground stains outside of the silo.</en> <de>Dieses Objekt wir vor dem Silo platziert, um das Herausfallen von Schüttgut aus dem Silo zu verhindern. Die Verschmutzungen müssen nach außen zeigen.</de> <fr>Cet objet est placé devant le silo afin d'éviter que les matières en vrac ne tombent du silo. Les salissures doivent être dirigées vers l'extérieur.</fr></text>
        <text name="function_bunkerSiloDriveway01">  <en>This is a driveway to the bunker silo.</en> <de>Dies ist eine Auffahrt zum Bunkersilo.</de> <fr>Il s'agit d'une rampe d'accès au silo "Bunker".</fr></text>
    </l10n>

    <multiplayer supported="true"/>
    <iconFilename>icon_bunkerSiloSet.png</iconFilename>

    <storeItems>
        <storeItem xmlFilename="bunkerSilo01.xml"/>
        <storeItem xmlFilename="bunkerSiloWall01.xml"/>
        <storeItem xmlFilename="bunkerSiloWall02.xml"/>
		<storeItem xmlFilename="bunkerSiloDriveway01.xml"/>
        <storeItem xmlFilename="bunkerSilo01a.xml"/>        
		<storeItem xmlFilename="bunkerSiloWall01a.xml"/>
        <storeItem xmlFilename="bunkerSiloWall02a.xml"/>
		<storeItem xmlFilename="bunkerSiloDriveway01a.xml"/>
		<storeItem xmlFilename="bunkerSiloTipCol01.xml"/>
    </storeItems>
</modDesc>