<?xml version="1.0" encoding="utf-8" standalone="no" ?>
<crawler xmlns:xsi="http://www.w3.org/2001/XMLSchema-instance" xsi:noNamespaceSchemaLocation="../../../../../shared/xml/schema/crawler.xsd">
    <file name="$data/shared/crawlers/prinoth/leitwolfCrawler/leitwolfCrawler.i3d" leftNode="0" rightNode="1"/>

    <scrollerNodes>
        <scrollerNode node="0" scrollSpeed="-0.115" scrollLength="1" shaderParameterName="scrollPosition" shaderParameterComponent="1"/>
        <scrollerNode node="1" scrollSpeed="-0.115" scrollLength="1" shaderParameterName="scrollPosition" shaderParameterComponent="1"/>
    </scrollerNodes>
	
	<rimColorNodes>
		<rimColorNode node="0" shaderParameter="colorMat0"/>
	</rimColorNodes>
	
</crawler>
