<?xml version="1.0" encoding="utf-8" standalone="no" ?>
<placeable type="greenhouse" xmlns:xsi="http://www.w3.org/2001/XMLSchema-instance" xsi:noNamespaceSchemaLocation="../../../../../shared/xml/schema/placeable.xsd">
    <storeData>
        <name>$l10n_Obst</name>
        <functions>
            <function>$l10n_function_Obst</function>
        </functions>
        <image>store_fruit_greenhouse.png</image>
        <price>12500</price>
        <dailyUpkeep>50</dailyUpkeep>
        <lifetime>1000</lifetime>
        <rotation>0</rotation>
        <brand>NONE</brand>
        <species>placeable</species>
        <category>placeableMisc</category>
        <brush>
            <type>placeable</type>
            <category>production</category>
            <tab>greenhouses</tab>
        </brush>
        <canBeSold>true</canBeSold>
        <storeIconRendering>
            <settings cameraXRot="-20" cameraYRot="30" advancedBoundingBox="true"/>
        </storeIconRendering>
        <vertexBufferMemoryUsage>1250304</vertexBufferMemoryUsage>
        <indexBufferMemoryUsage>193792</indexBufferMemoryUsage>
        <textureMemoryUsage>7208960</textureMemoryUsage>
        <audioMemoryUsage>0</audioMemoryUsage>
        <instanceVertexBufferMemoryUsage>0</instanceVertexBufferMemoryUsage>
        <instanceIndexBufferMemoryUsage>0</instanceIndexBufferMemoryUsage>
    </storeData>

    <base>
        <filename>fruit_greenhouse.i3d</filename>
        <canBeRenamed>true</canBeRenamed>
    </base>

    <placement useRandomYRotation="false" useManualYRotation="true" >
        <testAreas>
            <testArea startNode="testArea1Start" endNode="testArea1End" />
        </testAreas>

        <sounds>
            <place template="smallImp" />
        </sounds>
    </placement>

    <clearAreas>
        <clearArea startNode="clearArea1Start" widthNode="clearArea1Width" heightNode="clearArea1Height"/>
    </clearAreas>

    <leveling requireLeveling="true" maxSmoothDistance="1" maxSlope="75" maxEdgeAngle="30">
        <levelAreas>
            <levelArea startNode="levelArea1Start" widthNode="levelArea1Width" heightNode="levelArea1Height"/>
        </levelAreas>
    </leveling>

    <indoorAreas>
        <indoorArea startNode="indoorArea1Start" widthNode="indoorArea1Width" heightNode="indoorArea1Height"/>
    </indoorAreas>

    <tipOcclusionUpdateAreas>
        <tipOcclusionUpdateArea startNode="tipOcclusionUpdateArea1Start" endNode="tipOcclusionUpdateArea1End" />
    </tipOcclusionUpdateAreas>

    <ai>
        <updateAreas>
            <updateArea startNode="tipOcclusionUpdateArea1Start" endNode="tipOcclusionUpdateArea1End" />
        </updateAreas>
		<splines>
            <spline node="aiSplineLoading" />
        </splines>
    </ai>

    <infoTrigger triggerNode="infoTrigger" />

    <hotspots>
        <hotspot type="PRODUCTION_POINT" linkNode="unloadTriggerMarker" teleportNode="teleportNode" />
    </hotspots>

    <triggerMarkers>
        <triggerMarker node="0>8|0" adjustToGround="true" />
		<triggerMarker node="0>8|1" adjustToGround="true" />
        <triggerMarker node="playerTriggerMarker" filename="$data/shared/assets/marker/markerIcons.xml" id="WRENCH" adjustToGround="true" />
        <triggerMarker node="unloadTriggerMarker" filename="$data/shared/assets/marker/markerIcons.xml" id="WATER"  adjustToGround="false" />
		<triggerMarker node="markerUnloading" filename="$data/shared/assets/marker/markerIcons.xml" id="UNLOAD" adjustToGround="true" />
		<triggerMarker node="groundMarker" adjustToGround="true" />
		<triggerMarker node="loadTriggerMarker"   	filename="$data/shared/assets/marker/markerIcons.xml" id="LOAD" adjustToGround="true"/>
    </triggerMarkers>

    <greenhouse>
        <plants>
			<plant fillType="GRAPE"      xmlFilename="grape.xml" />
			<plant fillType="OLIVE"      xmlFilename="olive.xml" />
			<plant fillType="POTATO"     xmlFilename="potato.xml" />
			<plant fillType="SUGARBEET"  xmlFilename="sugarbeet.xml" />
			<plant fillType="COTTON"  	 xmlFilename="cotton.xml" />
			<plant fillType="LETTUCE"    xmlFilename="$data/placeables/lizard/greenhouses/lettuce/lettuce.xml" />
            <plant fillType="STRAWBERRY" xmlFilename="$data/placeables/lizard/greenhouses/strawberry/strawberry.xml" />
            <plant fillType="TOMATO"     xmlFilename="$data/placeables/lizard/greenhouses/tomatoes/tomatoes.xml" />
        </plants>
     
        <plantSpaces>
            <spacesParent node="plantNodes" />
        </plantSpaces>

        <sounds>
            <watering template="DEFAULT_SPRAYER" linkNode="0>" loops="0"/>
        </sounds>
    </greenhouse>

    <productionPoint>
        <productions sharedThroughputCapacity="false">
			<production id="GRAPE" name="$l10n_fillType_grape" cyclesPerHour="15" costsPerActiveHour="20">
                <inputs>
                    <input fillType="WATER" amount="200" />
                    <input fillType="SEEDS" amount="100" />
					<input fillType="FERTILIZER" amount="50" />
					<input fillType="HERBICIDE" amount="50" />
                </inputs>
                <outputs>
                    <output fillType="GRAPE" amount="500" />
                </outputs>
            </production>
			<production id="OLIVE" name="$l10n_fillType_olive" cyclesPerHour="15" costsPerActiveHour="20">
                <inputs>
                    <input fillType="WATER" amount="200" />
                    <input fillType="SEEDS" amount="100" />
					<input fillType="FERTILIZER" amount="50" />
					<input fillType="HERBICIDE" amount="50" />
                </inputs>
                <outputs>
                    <output fillType="OLIVE" amount="500" />
                </outputs>
            </production>
			<production id="tomato" name="$l10n_fillType_tomato" cyclesPerHour="15" costsPerActiveHour="20">
                <inputs>
                    <input fillType="WATER" amount="200" />
                    <input fillType="SEEDS" amount="100" />
					<input fillType="FERTILIZER" amount="50" />
					<input fillType="HERBICIDE" amount="50" />
                </inputs>
                <outputs>
                    <output fillType="TOMATO" amount="500" />
                </outputs>
            </production>
			<production id="lettuce" name="$l10n_fillType_lettuce" cyclesPerHour="15" costsPerActiveHour="20">
                <inputs>
                    <input fillType="WATER" amount="200" />
                    <input fillType="SEEDS" amount="100" />
					<input fillType="FERTILIZER" amount="50" />
					<input fillType="HERBICIDE" amount="50" />
                </inputs>
                <outputs>
                    <output fillType="LETTUCE" amount="500" />
                </outputs>
            </production>
			<production id="strawberry" name="$l10n_fillType_strawberry" cyclesPerHour="15" costsPerActiveHour="20">
                <inputs>
                    <input fillType="WATER" amount="200" />
                    <input fillType="SEEDS" amount="100" />
					<input fillType="FERTILIZER" amount="50" />
					<input fillType="HERBICIDE" amount="50" />
                </inputs>
                <outputs>
                    <output fillType="STRAWBERRY" amount="500" />
                </outputs>
            </production>
			<production id="POTATO" name="$l10n_fillType_potato" cyclesPerHour="15" costsPerActiveHour="20">
                <inputs>
                    <input fillType="WATER" amount="200" />
                    <input fillType="SEEDS" amount="100" />
					<input fillType="FERTILIZER" amount="50" />
					<input fillType="HERBICIDE" amount="50" />
                </inputs>
                <outputs>
                    <output fillType="POTATO" amount="550" />
                </outputs>
            </production>
			<production id="SUGARBEET" name="$l10n_fillType_sugarBeet" cyclesPerHour="15" costsPerActiveHour="20">
                <inputs>
                    <input fillType="WATER" amount="200" />
                    <input fillType="SEEDS" amount="100" />
					<input fillType="FERTILIZER" amount="50" />
					<input fillType="HERBICIDE" amount="50" />
                </inputs>
                <outputs>
                    <output fillType="SUGARBEET" amount="550" />
                </outputs>
            </production>
			<production id="COTTON" name="$l10n_fillType_cotton" cyclesPerHour="15" costsPerActiveHour="20">
                <inputs>
                    <input fillType="WATER" amount="200" />
                    <input fillType="SEEDS" amount="100" />
					<input fillType="FERTILIZER" amount="50" />
					<input fillType="HERBICIDE" amount="50" />
                </inputs>
                <outputs>
                    <output fillType="COTTON" amount="550" />
                </outputs>
            </production>
        </productions>

        <sellingStation node="sellingStation" appearsOnStats="true" supportsExtension="true">
            <unloadTrigger exactFillRootNode="unloadTrigger" fillTypes="WATER HERBICIDE" aiNode="unloadTriggerAINode" />
			<unloadTrigger exactFillRootNode="exactFillRootNode" aiNode="aiUnloadingNode" fillTypes="SEEDS FERTILIZER" />
        </sellingStation>
		<dynamicallyLoadedParts>
        <dynamicallyLoadedPart filename="$data/placeables/sellingStationGeneric/sellingStationGenericNoCover.i3d" node="0" linkNode="grainGutterLinkNode" />
		</dynamicallyLoadedParts>
		<loadingStation node="loadingTrigger" supportsExtension="true" storageRadius="120">
			<loadTrigger triggerNode="loadingTrigger" dischargeNode="dischargeNode" fillTypes="STRAWBERRY TOMATO LETTUCE GRAPE OLIVE POTATO SUGARBEET COTTON" 	fillLitersPerSecond="750" 	aiNode="aiNodeLoading">
                <effectNode effectClass="PipeEffect"  effectNode="pipeEffect"       materialType="pipe"           	fadeTime="0.5" 				maxBending="0" controlPoint="4.8 0 0 0"/>
                <effectNode                           effectNode="pipeEffectSmoke"  materialType="unloadingSmoke" 	fadeTime="0.5" />
			</loadTrigger>
        </loadingStation>

        <storage node="storage" isExtension="false" fillTypes="STRAWBERRY TOMATO LETTUCE GRAPE OLIVE WATER SEEDS FERTILIZER HERBICIDE POTATO SUGARBEET COTTON" >
            <capacity fillType="SEEDS"      capacity="100000" />
			<capacity fillType="FERTILIZER" capacity="100000" />
			<capacity fillType="HERBICIDE"  capacity="100000" />
			<capacity fillType="WATER" 		capacity="200000" />
			<capacity fillType="GRAPE" 		capacity="150000" />
			<capacity fillType="OLIVE" 		capacity="150000" />
			<capacity fillType="LETTUCE"    capacity="150000" />
            <capacity fillType="TOMATO"     capacity="150000" />
            <capacity fillType="STRAWBERRY" capacity="150000" />
			<capacity fillType="POTATO" 	capacity="150000" />
			<capacity fillType="SUGARBEET" 	capacity="150000" />
			<capacity fillType="COTTON" 	capacity="150000" />
        </storage>

        <playerTrigger node="playerTrigger" />
    </productionPoint>

    <animatedObjects>
        <animatedObject saveId="door1" >
            <animation duration="3">
                <part node="door1Left">
                    <keyFrame time="0.1" rotation="0 0 0"/>
                    <keyFrame time="1.0" rotation="0 -100 0"/>
                </part>
                <part node="door1Right">
                    <keyFrame time="0.0" rotation="0 0 0"/>
                    <keyFrame time="0.9" rotation="0 100 0"/>
                </part>
            </animation>
            <controls triggerNode="door1Trigger" posAction="ACTIVATE_HANDTOOL" posText="action_openDoor" negText="action_closeDoor" />
            <sounds>
                <moving linkNode="door1" template="glassDoorLoop"/>
                <negEnd linkNode="door1" template="metalDoorsClose" />
            </sounds>
        </animatedObject>
        <animatedObject saveId="door2" >
            <animation duration="3">
                <part node="door2Left">
                    <keyFrame time="0.1" rotation="0 0 0"/>
                    <keyFrame time="1.0" rotation="0 -100 0"/>
                </part>
                <part node="door2Right">
                    <keyFrame time="0.0" rotation="0 0 0"/>
                    <keyFrame time="0.9" rotation="0 100 0"/>
                </part>
            </animation>
            <controls triggerNode="door2Trigger" posAction="ACTIVATE_HANDTOOL" posText="action_openDoor" negText="action_closeDoor" />
            <sounds>
                <moving linkNode="door2" template="glassDoorLoop"/>
                <negEnd linkNode="door2" template="metalDoorsClose" />
            </sounds>
        </animatedObject>
        <animatedObject saveId="door3" >
            <animation duration="3">
                <part node="door3Left">
                    <keyFrame time="0.1" rotation="0 0 0"/>
                    <keyFrame time="1.0" rotation="0 -100 0"/>
                </part>
                <part node="door3Right">
                    <keyFrame time="0.0" rotation="0 0 0"/>
                    <keyFrame time="0.9" rotation="0 88.37 0"/>
                </part>
            </animation>
            <controls triggerNode="door3Trigger" posAction="ACTIVATE_HANDTOOL" posText="action_openDoor" negText="action_closeDoor" />
            <sounds>
                <moving linkNode="door3" template="glassDoorLoop" />
                <negEnd linkNode="door3" template="metalDoorsClose" />
            </sounds>
        </animatedObject>
        <animatedObject saveId="door4" >
            <animation duration="3">
                <part node="door4Left">
                    <keyFrame time="0.1" rotation="0 0 0"/>
                    <keyFrame time="1.0" rotation="0 -88.817 0"/>
                </part>
                <part node="door4Right">
                    <keyFrame time="0.0" rotation="0 0 0"/>
                    <keyFrame time="0.9" rotation="0 100 0"/>
                </part>
            </animation>
            <controls triggerNode="door4Trigger" posAction="ACTIVATE_HANDTOOL" posText="action_openDoor" negText="action_closeDoor" />
            <sounds>
                <moving linkNode="door4" template="glassDoorLoop" />
                <negEnd linkNode="door4" template="metalDoorsClose" />
            </sounds>
        </animatedObject>
    </animatedObjects>

    <i3dMappings>
        <i3dMapping id="plantNodes" node="0>0|1" />
        <i3dMapping id="sellingStation" node="0>0|3" />
        <i3dMapping id="unloadTrigger" node="0>0|3|0" />
        <i3dMapping id="unloadTriggerMarker" node="0>0|3|1" />
        <i3dMapping id="unloadTriggerAINode" node="0>0|3|2" />
        <i3dMapping id="storage" node="0>0|4" />
        <i3dMapping id="playerTrigger" node="0>0|5" />
        <i3dMapping id="playerTriggerMarker" node="0>0|6" />
        <i3dMapping id="door1" node="0>1|0" />
        <i3dMapping id="door1Left" node="0>1|0|0" />
        <i3dMapping id="door1Right" node="0>1|0|1" />
        <i3dMapping id="door1Trigger" node="0>1|0|2" />
        <i3dMapping id="door2" node="0>1|1" />
        <i3dMapping id="door2Left" node="0>1|1|0" />
        <i3dMapping id="door2Right" node="0>1|1|1" />
        <i3dMapping id="door2Trigger" node="0>1|1|2" />
        <i3dMapping id="door3" node="0>1|2" />
        <i3dMapping id="door3Left" node="0>1|2|0" />
        <i3dMapping id="door3Right" node="0>1|2|1" />
        <i3dMapping id="door3Trigger" node="0>1|2|2" />
        <i3dMapping id="door4" node="0>1|3" />
        <i3dMapping id="door4Left" node="0>1|3|0" />
        <i3dMapping id="door4Right" node="0>1|3|1" />
        <i3dMapping id="door4Trigger" node="0>1|3|2" />
        <i3dMapping id="clearArea1Start" node="0>2|0" />
        <i3dMapping id="clearArea1Width" node="0>2|0|0" />
        <i3dMapping id="clearArea1Height" node="0>2|0|1" />
        <i3dMapping id="levelArea1Start" node="0>3|0" />
        <i3dMapping id="levelArea1Width" node="0>3|0|0" />
        <i3dMapping id="levelArea1Height" node="0>3|0|1" />
        <i3dMapping id="indoorArea1Start" node="0>4|0" />
        <i3dMapping id="indoorArea1Width" node="0>4|0|0" />
        <i3dMapping id="indoorArea1Height" node="0>4|0|1" />
        <i3dMapping id="testArea1Start" node="0>5|0" />
        <i3dMapping id="testArea1End" node="0>5|0|0" />
        <i3dMapping id="tipOcclusionUpdateArea1Start" node="0>6|0" />
        <i3dMapping id="tipOcclusionUpdateArea1End" node="0>6|0|0" />
        <i3dMapping id="infoTrigger" node="0>7" />
        <i3dMapping id="teleportNode" node="0>11" />
		
		<i3dMapping id="exactFillRootNode" node="0>12|0" />
        <i3dMapping id="grainGutterLinkNode" node="0>12|1" />
        <i3dMapping id="aiUnloadingNode" node="0>12|2" />
        <i3dMapping id="markerUnloading" node="0>13" />
		
		<i3dMapping id="groundMarker" node="0>14|1" />
		<i3dMapping id="loadTriggerMarker" node="0>15|0|5" />
		<i3dMapping id="loadingTrigger" node="0>15|0|0" />
        <i3dMapping id="dischargeNode" node="0>15|0|1" />
        <i3dMapping id="pipeEffect" node="0>15|0|2|0" />
        <i3dMapping id="pipeEffectSmoke" node="0>15|0|2|1" />
		<i3dMapping id="aiSplineLoading" node="0>15|0|3" />
		<i3dMapping id="aiNodeLoading" node="0>15|0|4" />
    </i3dMappings>
</placeable>
