﻿<?xml version="1.0" encoding="utf-8" standalone="no" ?>
<modDesc descVersion="79">
    <author>MTL Modding Team</author>
    <version>1.5.0.0</version>
    <title>
		<en>Fruit Greenhouse</en>
		<de>Obstgewächshaus</de>
	</title>
<description>
<en><![CDATA[This is the fruit greenhouse in which you can produce olives, grapes, tomatoes, lettuce, strawberries, potatoes, sugar beets and cotton without having to buy expensive machines.
It is possible to transport and store olives, grapes, tomatoes, lettuce, strawberries, potatoes, sugar beets and cotton in bulk.

Info Fruit Greenhouse:

Construction costs: $12,500
Maintenance per day: $50
Fruits required: water, seeds, fertilizer and herbicide
Fruits produced: Olives, grapes, tomatoes, lettuce, strawberries, potatoes, sugar beets and cotton
Capacity per fruit: 100,000L - 200,000L
Cycles per hour: 15
Cost per hour: $20

Changelog 1.1.0.0
*Added Olives and Grapes to all Trailers, Wagons, Shovels and the Farm Silo for better transport and storage
*l10 entries adjusted
*Swapped fertilizer for digestate for more uses of digestate
*Added lighting
*Pallets have been expanded so that only bulk material comes out of the greenhouse

Changelog 1.2.0.0
*Replaced fermentation residues with fertilizer at the request of the community
*Adaptation of the recipe for olives and grapes
*Fix minor bugs
*Increased pipe unloading speed from 500 to 650

Changelog 1.3.0.0
*Adding tomatoes, lettuce, and strawberries in bulk by community request
*Added Tomatoes, Lettuce and Strawberries to all Trailers, Wagons, Shovels and the Farm Silo for better transport and storage
*Cycles per hour increased from 10 to 15
*Increased pipe unloading speed from 650 to 750
*adapted to current patch
*Description adapted to the current update

Changelog 1.4.0.0
*Add potatoes and sugar beets at community request
*adapted to current patch
*Description adapted to the current update

Changelog 1.5.0.0
*Add cotton upon community request
*Fixed problems with displaying potatoes and sugar beets in the greenhouse - thanks to LooneyFarmGuy
*Description adapted to the current update
*Recipe change for potatoes, sugar beets and cotton]]></en>
<de><![CDATA[Das ist das Obstgewächshaus in dem Ihr Oliven, Trauben, Tomaten, Salat, Erdbeeren, Kartoffeln, Zuckerrüben und Baumwolle herstellen könnt, ohne teure Maschinen kaufen zu müssen.
Es ist möglich die Oliven, Trauben, Tomaten, Salat, Erdbeeren, Kartoffeln, Zuckerrüben und Baumwolle als Schüttgut abzutransportieren und zu lagern.

Infos Obstgewächshaus:

Baukosten: 12.500€
Unterhalt pro Tag: 50€
Benötigte Früchte: Wasser, Saatgut, Dünger und Herbizid
Hergestellte Früchte: Oliven, Trauben, Tomaten, Salat, Erdbeeren, Kartoffeln, Zuckerrüben und Baumwolle
Kapazität pro Frucht: 100.000L - 200.000L
Zyklen pro Stunde: 15
Kosten pro Stunde: 20€

Changelog 1.1.0.0
*Oliven und Trauben zu allen Anhänger, Überladewagen, Schaufeln und dem Farmsilo hinzugefügt für besseres transportieren und einlagern
*l10 Einträge angepasst
*Dünger gegen Gärreste getauscht für mehr Nutzungsmöglichkeiten für Gärreste
*Beleuchtung hinzugefügt
*Paletten wurden ausgebaut sodass nur noch Schüttgut aus dem Gewächshaus kommt

Changelog 1.2.0.0
*Auf Communitywunsch Gärreste wieder mit Dünger ersetzt
*Anpassung des Rezeptes für Oliven und Trauben
*Behebung von kleinen Fehlern
*Entladegeschwindigkeit des Rohres von 500 auf 650 erhöht

Changelog 1.3.0.0
*Auf Communitywunsch hinzufügen von Tomaten, Salat und Erdbeeren als Schüttgut
*Tomaten, Salat und Erdbeeren zu allen Anhänger, Überladewagen, Schaufeln und dem Farmsilo hinzugefügt für besseres transportieren und einlagern
*Zyklen pro Stunde von 10 auf 15 angehoben
*Entladegeschwindigkeit des Rohres von 650 auf 750 erhöht
*auf aktuellen Patch angepasst
*Beschreibung dem aktuellen Update angepasst

Changelog 1.4.0.0
*Auf Communitywunsch Kartoffeln und Zuckerrüben hinzufügen
*auf aktuellen Patch angepasst
*Beschreibung dem aktuellen Update angepasst

Changelog 1.5.0.0
*Auf Communitywunsch Baumwolle hinzufügen
*Probleme mit der Anzeige von Kartoffeln und Zuckerrüben im Gewächshaus behoben - Danke an LooneyFarmGuy 
*Beschreibung dem aktuellen Update angepasst
*Rezeptänderung bei Kartoffeln, Zuckerrüben und Baumwolle]]></de>
<fr><![CDATA[C'est la serre fruitière dans laquelle vous pouvez produire des olives, des raisins, des tomates, de la laitue, des fraises, des pommes de terre, des betteraves sucrières et du coton sans avoir à acheter des machines coûteuses.
Il est possible de transporter et de stocker en vrac des olives, des raisins, des tomates, de la laitue, des fraises, des pommes de terre, des betteraves sucrières et du coton.

Info serre fruitière :

Coûts de construction : 12 500€
Entretien par jour : 50€
Fruits nécessaires : eau, graines, engrais et herbicide
Fruits produits : Olives, raisins, tomates, laitue, fraises, pommes de terre, betteraves sucrières et coton
Capacité par fruit : 100.000L - 200.000L
Cycles par heure : 15
Tarif horaire : 20€

Journal des modifications 1.1.0.0
*Ajout d'olives et de raisins à toutes les remorques, wagons, pelles et au silo de la ferme pour un meilleur transport et stockage
*l10 entrées ajustées
*Engrais remplacé par du digestat pour plus d'utilisations du digestat
*Éclairage ajouté
*Les palettes ont été élargies afin que seuls les matériaux en vrac sortent de la serre

Journal des modifications 1.2.0.0
*Remplacement des résidus de fermentation par de l'engrais à la demande de la communauté
*Adaptation de la recette aux olives et raisins
*Correction de bugs mineurs
*Augmentation de la vitesse de déchargement des tuyaux de 500 à 650

Journal des modifications 1.3.0.0
*Ajout de tomates, de laitue et de fraises en vrac à la demande de la communauté
*Ajout de tomates, de laitue et de fraises à toutes les remorques, wagons, pelles et au silo de la ferme pour un meilleur transport et stockage
*Cycles par heure augmentés de 10 à 15
*Augmentation de la vitesse de déchargement des tuyaux de 650 à 750
*adapté au patch actuel
*Description adaptée à la mise à jour actuelle

Journal des modifications 1.4.0.0
*Ajouter des pommes de terre et des betteraves sucrières à la demande de la communauté
*adapté au patch actuel
*Description adaptée à la mise à jour actuelle

Journal des modifications 1.5.0.0
*Ajouter du coton à la demande de la communauté
*Correction de problèmes d'affichage des pommes de terre et des betteraves sucrières dans la serre - grâce à LooneyFarmGuy
*Description adaptée à la mise à jour actuelle
*Changement de recette pour les pommes de terre, les betteraves sucrières et le coton]]></fr>
</description>
    <iconFilename>icon_fruit_greenhouse.png</iconFilename>
    <multiplayer supported="true"/>
	<storeItems>
		<storeItem xmlFilename="fruit_greenhouse.xml"/>
    </storeItems>
	<fillTypes filename="obstfilltypes.xml" />
	<l10n filenamePrefix="l10n"/>
</modDesc>
