<?xml version="1.0" encoding="utf-8" standalone="no" ?>
<map xmlns:xsi="http://www.w3.org/2001/XMLSchema-instance" xsi:noNamespaceSchemaLocation="../../shared/xml/schema/fillTypes.xsd">
<fillTypes>
	<fillType name="GRAPE" title="$l10n_fillType_grape" showOnPriceTable="true" achievementName="DeliveryGrapes" unitShort="$l10n_unit_literShort">
            <physics massPerLiter="0.60" maxPhysicalSurfaceAngle="15" />
            <economy pricePerLiter="0.603">
                <factors>
                    <factor period="1"  value="1.05" />
                    <factor period="2"  value="1.08" />
                    <factor period="3"  value="1.20" />
                    <factor period="4"  value="1.10" />
                    <factor period="5"  value="1.03" />
                    <factor period="6"  value="0.93" />
                    <factor period="7"  value="0.87" />
                    <factor period="8"  value="0.75" />
                    <factor period="9"  value="0.84" />
                    <factor period="10" value="0.88" />
                    <factor period="11" value="0.95" />
                    <factor period="12" value="0.99" />
                </factors>
            </economy>
            <effects fruitSmokeColor="0.3006 0.1651 0.0630 1.0000"/>
            <image      hud     ="$dataS/menu/hud/fillTypes/hud_fill_grape.png" />
            <textures   diffuse ="$data/fillPlanes/grape_diffuse.png"
                        normal  ="$data/fillPlanes/grape_normal.png"
                        specular="$data/fillPlanes/grape_specular.png"
                        distance="$data/fillPlanes/distance/grapeDistance_diffuse.png" />
        </fillType>
        <fillType name="OLIVE" title="$l10n_fillType_olive" showOnPriceTable="true" achievementName="DeliveryOlives" unitShort="$l10n_unit_literShort">
            <physics massPerLiter="0.60" maxPhysicalSurfaceAngle="15" />
            <economy pricePerLiter="0.603">
                <factors>
                    <factor period="1"  value="0.99" />
                    <factor period="2"  value="1.05" />
                    <factor period="3"  value="1.08" />
                    <factor period="4"  value="1.20" />
                    <factor period="5"  value="1.10" />
                    <factor period="6"  value="1.03" />
                    <factor period="7"  value="0.93" />
                    <factor period="8"  value="0.87" />
                    <factor period="9"  value="0.75" />
                    <factor period="10" value="0.84" />
                    <factor period="11" value="0.88" />
                    <factor period="12" value="0.95" />
                </factors>
            </economy>
            <effects fruitSmokeColor="0.3006 0.1651 0.0630 1.0000"/>
            <image      hud     ="$dataS/menu/hud/fillTypes/hud_fill_olive.png" />
            <textures   diffuse ="$data/fillPlanes/olive_diffuse.png"
                        normal  ="$data/fillPlanes/olive_normal.png"
                        specular="$data/fillPlanes/olive_specular.png"
                        distance="$data/fillPlanes/distance/oliveDistance_diffuse.png" />
        </fillType>
		<fillType name="LETTUCE" title="$l10n_fillType_lettuce" showOnPriceTable="true">
            <physics massPerLiter="0.7" maxPhysicalSurfaceAngle="38" />
            <economy pricePerLiter="0.99">
                <factors>
                    <factor period="1"  value="1.05" />
                    <factor period="2"  value="1.04" />
                    <factor period="3"  value="1.00" />
                    <factor period="4"  value="0.99" />
                    <factor period="5"  value="0.94" />
                    <factor period="6"  value="0.99" />
                    <factor period="7"  value="0.92" />
                    <factor period="8"  value="0.90" />
                    <factor period="9"  value="0.98" />
                    <factor period="10" value="1.01" />
                    <factor period="11" value="1.08" />
                    <factor period="12" value="1.13" />
                </factors>
            </economy>
            <image      hud     ="$dataS/menu/hud/fillTypes/hud_fill_lettuce.png" />
			<textures   diffuse ="lettuce_diffuse.dds"
                        normal  ="lettuce_normal.png"
                        specular="$data/fillPlanes/potatoes_specular.png"
                        distance="$data/fillPlanes/distance/potatoesDistance_diffuse.png" />
        </fillType>
        <fillType name="TOMATO" title="$l10n_fillType_tomato" showOnPriceTable="true">
            <physics massPerLiter="0.7" maxPhysicalSurfaceAngle="38" />
            <economy pricePerLiter="0.5">
                <factors>
                    <factor period="1"  value="1.05" />
                    <factor period="2"  value="1.04" />
                    <factor period="3"  value="1.00" />
                    <factor period="4"  value="0.99" />
                    <factor period="5"  value="0.94" />
                    <factor period="6"  value="0.99" />
                    <factor period="7"  value="0.92" />
                    <factor period="8"  value="0.90" />
                    <factor period="9"  value="0.98" />
                    <factor period="10" value="1.01" />
                    <factor period="11" value="1.08" />
                    <factor period="12" value="1.13" />
                </factors>
            </economy>
            <image      hud     ="$dataS/menu/hud/fillTypes/hud_fill_tomato.png" />
			<textures   diffuse ="tomatoes_diffuse.dds"
                        normal  ="tomatoes_normal.png"
                        specular="$data/objects/pallets/tomatoesBoxPallet/tomatoes_specular.png"
                        distance="$data/fillPlanes/distance/potatoesDistance_diffuse.png" />
        </fillType>
        <fillType name="STRAWBERRY" title="$l10n_fillType_strawberry" showOnPriceTable="true">
            <physics massPerLiter="0.7" maxPhysicalSurfaceAngle="38" />
            <economy pricePerLiter="0.25">
                <factors>
                    <factor period="1"  value="1.05" />
                    <factor period="2"  value="1.04" />
                    <factor period="3"  value="1.00" />
                    <factor period="4"  value="0.99" />
                    <factor period="5"  value="0.94" />
                    <factor period="6"  value="0.99" />
                    <factor period="7"  value="0.92" />
                    <factor period="8"  value="0.90" />
                    <factor period="9"  value="0.98" />
                    <factor period="10" value="1.01" />
                    <factor period="11" value="1.08" />
                    <factor period="12" value="1.13" />
                </factors>
            </economy>
            <image      hud     ="$dataS/menu/hud/fillTypes/hud_fill_strawberry.png" />
			<textures   diffuse ="strawberry_diffuse.dds"
                        normal  ="$data/fillPlanes/cotton_normal.png"
                        specular="$data/fillPlanes/cotton_specular.png"
                        distance="$data/fillPlanes/distance/potatoesDistance_diffuse.png" />
        </fillType>
		<fillType name="POTATO" title="$l10n_fillType_potato" showOnPriceTable="true" unitShort="$l10n_unit_literShort">
            <physics massPerLiter="0.75" maxPhysicalSurfaceAngle="34" />
            <economy pricePerLiter="0.172">
                <factors>
                    <factor period="1"  value="1.12" />
                    <factor period="2"  value="1.04" />
                    <factor period="3"  value="0.93" />
                    <factor period="4"  value="0.85" />
                    <factor period="5"  value="0.79" />
                    <factor period="6"  value="0.79" />
                    <factor period="7"  value="0.86" />
                    <factor period="8"  value="0.96" />
                    <factor period="9"  value="1.08" />
                    <factor period="10" value="1.16" />
                    <factor period="11" value="1.22" />
                    <factor period="12" value="1.21" />
                </factors>
            </economy>
            <effects prioritizedEffectType="ParticleEffect"/>
            <image      hud     ="$dataS/menu/hud/fillTypes/hud_fill_potato.png" />
            <textures   diffuse ="$data/fillPlanes/potatoes_diffuse.png"
                        normal  ="$data/fillPlanes/potatoes_normal.png"
                        specular="$data/fillPlanes/potatoes_specular.png"
                        distance="$data/fillPlanes/distance/potatoesDistance_diffuse.png" />
        </fillType>
		<fillType name="SUGARBEET" title="$l10n_fillType_sugarBeet" showOnPriceTable="true" unitShort="$l10n_unit_literShort">
            <physics massPerLiter="0.70" maxPhysicalSurfaceAngle="34" />
            <economy pricePerLiter="0.122">
                <factors>
                    <factor period="1"  value="1.12" />
                    <factor period="2"  value="1.04" />
                    <factor period="3"  value="0.93" />
                    <factor period="4"  value="0.85" />
                    <factor period="5"  value="0.79" />
                    <factor period="6"  value="0.79" />
                    <factor period="7"  value="0.86" />
                    <factor period="8"  value="0.96" />
                    <factor period="9"  value="1.08" />
                    <factor period="10" value="1.16" />
                    <factor period="11" value="1.22" />
                    <factor period="12" value="1.21" />
                </factors>
            </economy>
            <effects prioritizedEffectType="ParticleEffect"/>
            <image      hud     ="$dataS/menu/hud/fillTypes/hud_fill_sugarBeet.png" />
            <textures   diffuse ="$data/fillPlanes/sugarBeets_diffuse.png"
                        normal  ="$data/fillPlanes/sugarBeets_normal.png"
                        specular="$data/fillPlanes/sugarBeets_specular.png"
                        distance="$data/fillPlanes/distance/sugarBeetsDistance_diffuse.png" />
        </fillType>
		<fillType name="COTTON" title="$l10n_fillType_cotton" showOnPriceTable="true" unitShort="$l10n_unit_literShort">
            <physics massPerLiter="0.23" maxPhysicalSurfaceAngle="15" />
            <economy pricePerLiter="1.252">
                <factors>
                    <factor period="1"  value="1.11" />
                    <factor period="2"  value="1.03" />
                    <factor period="3"  value="1.02" />
                    <factor period="4"  value="1.02" />
                    <factor period="5"  value="0.92" />
                    <factor period="6"  value="0.90" />
                    <factor period="7"  value="0.87" />
                    <factor period="8"  value="1.02" />
                    <factor period="9"  value="1.02" />
                    <factor period="10" value="1.04" />
                    <factor period="11" value="0.98" />
                    <factor period="12" value="1.07" />
                </factors>
            </economy>
            <effects prioritizedEffectType="ParticleEffect"/>
            <image      hud     ="$dataS/menu/hud/fillTypes/hud_fill_cotton.png" />
            <textures   diffuse ="$data/fillPlanes/cotton_diffuse.png"
                        normal  ="$data/fillPlanes/cotton_normal.png"
                        specular="$data/fillPlanes/cotton_specular.png"
                        distance="$data/fillPlanes/distance/fertilizerDistance_diffuse.png" />
        </fillType>
</fillTypes>

<fillTypeCategories>
        <fillTypeCategory name="BULK" >GRAPE OLIVE STRAWBERRY LETTUCE TOMATO POTATO SUGARBEET COTTON</fillTypeCategory>
        <fillTypeCategory name="AUGERWAGON" >GRAPE OLIVE STRAWBERRY LETTUCE TOMATO POTATO SUGARBEET COTTON</fillTypeCategory>
        <fillTypeCategory name="TRAINWAGON" >GRAPE OLIVE STRAWBERRY LETTUCE TOMATO POTATO SUGARBEET COTTON</fillTypeCategory>
        <fillTypeCategory name="SHOVEL" >GRAPE OLIVE STRAWBERRY LETTUCE TOMATO POTATO SUGARBEET COTTON</fillTypeCategory>
        <fillTypeCategory name="FARMSILO" >GRAPE OLIVE STRAWBERRY LETTUCE TOMATO POTATO SUGARBEET COTTON</fillTypeCategory>
        <fillTypeCategory name="LOADINGVEHICLE">GRAPE OLIVE STRAWBERRY LETTUCE TOMATO POTATO SUGARBEET COTTON</fillTypeCategory>
        <fillTypeCategory name="PRODUCT">GRAPE OLIVE STRAWBERRY LETTUCE TOMATO POTATO SUGARBEET COTTON</fillTypeCategory>
</fillTypeCategories>
</map>
