<?xml version="1.0" encoding="utf-8" standalone="no" ?>
<modDesc descVersion="80">
    <author>Mr_Grucha</author>
    <version>1.0.0.1</version>
    <title>
		<en>Silo Pack</en>
		<de>Silopaket</de>
		<pl>Paczka Silosów</pl>
	</title>
	
  <description>
<en><![CDATA[
Silo Pack

Manure silo:
-Price: 15.000 $
-Daily maintenance: 25 $

Silage silo:
-Price: 20.000 $
-Daily maintenance: 5 $

Changelog 1.0.0.1:
-Added silo version with collision at entrances.
]]></en>
<de><![CDATA[
Silopaket

Mistsilo:
-Preis: 15.000 €
-Tägliche Wartung: 25 €

Silagesilo:
-Preis: 20.000 €
-Tägliche Wartung: 5 €

Changelog 1.0.0.1:
-Siloversion mit Kollision an Eingängen hinzugefügt.
]]>
</de>
<pl><![CDATA[
Paczka Silosów

Silos na obornik: 
-Cena: 15.000 €
-Dzienne utrzymanie: 25 €

Silos na kiszonke:
-Cena: 20.000 €
-Dzienne utrzymanie: 5 € 

Changelog 1.0.0.1:
-Dodano wersję silosu z kolizją na wjazdach.
]]></pl>
</description>
	
    <iconFilename>icon_SiloPack.png</iconFilename>
    <multiplayer supported="true"/>
	
    <storeItems>
        <storeItem xmlFilename="SilageSilo.xml"/>
		<storeItem xmlFilename="SilageSilo_Collison.xml"/>
		<storeItem xmlFilename="ManureSilo.xml"/>
    </storeItems>
        
</modDesc>