﻿<?xml version="1.0" encoding="utf-8" standalone="no" ?>
<vehicle type="baleWrapper" xmlns:xsi="http://www.w3.org/2001/XMLSchema-instance" xsi:noNamespaceSchemaLocation="https://validation.gdn.giants-software.com/xml/schema/vehicle.xsd">
    <annotation>Copyright (C) DD ModPassion, All Rights Reserved.</annotation>
    <storeData>
        <name>EasyWrap 150</name>
        <image>$data/store/store_empty.png</image>
        <category>baleWrappers</category>
        <brand>KRONE</brand>
        <showInStore>false</showInStore>
    </storeData>
    <base>
        <filename>filename/foilWrapRoll.i3d</filename>
    </base>
    <fillUnit>
        <fillUnitConfigurations>
            <fillUnitConfiguration>
                <fillUnits>
                    <fillUnit unitTextOverride="$l10n_unit_mShort" fillTypeCategories="foilWrap" capacity="1500" canBeUnloaded="false" allowFoldingThreshold="3000"/>
                    <fillUnit unitTextOverride="$l10n_unit_mShort" fillTypeCategories="foilWrap" capacity="6000" canBeUnloaded="false" allowFoldingThreshold="12000" showOnHud="false" showOnInfoHud="false"/>
                </fillUnits>
            </fillUnitConfiguration>
        </fillUnitConfigurations>
    </fillUnit>
    <baleWrapper>
        <foilWrapAddon storage="design" configuration="2">
            <baseNode node="0>0|2|1|1|7|0"/>
            <roll node="0>0|2|1|1|7|0" rotation="0 -16.2 180" scale="1.17 0.98 1.17"/>
            <material node="0>1|1"/>
            <material node="0>1|2" editVisibility="false"/>
            <storage node="0>0|3|0|0|0" rotation="90 0 0"/>
            <storage node="0>0|3|0|0|1" rotation="90 0 0"/>
            <storage node="0>0|3|0|0|2" rotation="90 0 0"/>
            <storage node="0>0|3|0|0|3" rotation="90 0 0"/>
        </foilWrapAddon>
    </baleWrapper>
    <wearable showOnHud="false"/>
    <washable/>
</vehicle>