<?xml version="1.0" encoding="utf-8" standalone="no" ?>
<placeable type="sellingStation" xmlns:xsi="http://www.w3.org/2001/XMLSchema-instance" xsi:noNamespaceSchemaLocation="../../../shared/xml/schema/placeable.xsd">
    <storeData>
        <name>$l10n_shopItem_liquidDrain</name>
        <functions>
            <function>$l10n_function_liquidDrain</function>
        </functions>		
        <image>store_governmentDrain.png</image>
        <price>100</price>
        <canBeSold>true</canBeSold>
        <showInStore>true</showInStore>
        <lifetime>1000</lifetime>
        <rotation>0</rotation>
        <brand>Lizard</brand>
        <species>placeable</species>
        <category>sellingPoints</category>
        <brush>
            <type>placeable</type>
            <category>production</category>
            <tab>sellingPoints</tab>
        </brush>
        <vertexBufferMemoryUsage>367104</vertexBufferMemoryUsage>
        <indexBufferMemoryUsage>36096</indexBufferMemoryUsage>
        <textureMemoryUsage>2097152</textureMemoryUsage>
        <instanceVertexBufferMemoryUsage>0</instanceVertexBufferMemoryUsage>
        <instanceIndexBufferMemoryUsage>0</instanceIndexBufferMemoryUsage>
        <audioMemoryUsage>0</audioMemoryUsage>
    </storeData>

    <base>
        <filename>govermentDrain.i3d</filename>
        <canBeRenamed>true</canBeRenamed>		
    </base>

    <placement useRandomYRotation="false" useManualYRotation="true" />

    <clearAreas>
        <clearArea startNode="clearArea1Start" widthNode="clearArea1Width" heightNode="clearArea1Height"/>
    </clearAreas>

    <leveling requireLeveling="true" maxSmoothDistance="10" maxSlope="75" maxEdgeAngle="30" >
        <levelAreas>
            <levelArea startNode="levelArea1Start" widthNode="levelArea1Width" heightNode="levelArea1Height" groundType="gravel"/>
        </levelAreas>
    </leveling>

    <tipOcclusionUpdateAreas>
        <tipOcclusionUpdateArea startNode="tipOcclusionUpdateArea1Start" endNode="tipOcclusionUpdateArea1End" />
    </tipOcclusionUpdateAreas>	
	
    <ai>
        <updateAreas>
        </updateAreas>
    </ai>	
	
    <indoorAreas></indoorAreas>
    <triggerMarkers>
        <triggerMarker node="unloadTriggerMarker" filename="$data/shared/assets/marker/markerIcons.xml" id="UNLOAD" adjustToGround="true" />
    </triggerMarkers>	

    <sellingStation supportsExtension="false" litersForFullPriceDrop="2000000" fullPriceRecoverHours="48">
        <unloadTrigger exactFillRootNode="0>3"  fillTypes="WATER MILK DIESEL DEF LIQUIDFERTILIZER HERBICIDE LIQUIDMANURE DIGESTATE"/>
        <fillType name="WATER"				priceScale="0" supportsGreatDemand="true" disablePriceDrop="false" />
        <fillType name="MILK"           	priceScale="0" supportsGreatDemand="true" disablePriceDrop="false" />
        <fillType name="DIESEL"     		priceScale="-0.006" supportsGreatDemand="true" disablePriceDrop="false" />
        <fillType name="DEF"     			priceScale="-0.006" supportsGreatDemand="true" disablePriceDrop="false" />
        <fillType name="LIQUIDFERTILIZER"   priceScale="-0.006" supportsGreatDemand="true" disablePriceDrop="false" />
        <fillType name="HERBICIDE"     		priceScale="-0.006" supportsGreatDemand="true" disablePriceDrop="false" />
        <fillType name="LIQUIDMANURE"     	priceScale="-0.006" supportsGreatDemand="true" disablePriceDrop="false" />
        <fillType name="DIGESTATE"     		priceScale="-0.006" supportsGreatDemand="true" disablePriceDrop="false" />
    </sellingStation>

    <animatedObjects>
        <animatedObject saveId="gate_01" >
            <animation duration="2">
                <part node="0>1">
                    <keyFrame time="0.0" rotation="-99 0 0"/>
                    <keyFrame time="1.0" rotation="0 0 0"/>
                </part>
            </animation>
            <controls triggerNode="0>2" posAction="ACTIVATE_HANDTOOL" posText="action_closeGate" negText="action_openGate" />
        </animatedObject>
    </animatedObjects>
    <i3dMappings>
        <i3dMapping id="cap" node="0>1" />
        <i3dMapping id="playerTrigger" node="0>2" />
        <i3dMapping id="unloadTrigger" node="0>3" />
        <i3dMapping id="unloadTriggerMarker" node="0>5" />
        <i3dMapping id="tipOcclusionUpdateArea1Start" node="0>7" />
        <i3dMapping id="tipOcclusionUpdateArea1End" node="0>7|0" />		
        <i3dMapping id="clearArea1Start" node="0>8|0" />
        <i3dMapping id="clearArea1Width" node="0>8|0|0" />
        <i3dMapping id="clearArea1Height" node="0>8|0|1" />
        <i3dMapping id="levelArea1Start" node="0>9|0" />
        <i3dMapping id="levelArea1Width" node="0>9|0|0" />
        <i3dMapping id="levelArea1Height" node="0>9|0|1" />		
    </i3dMappings>
</placeable>
