﻿<?xml version="1.0" encoding="utf-8" standalone="no" ?>
<modDesc descVersion="63">
     <author>Kassa Farms</author>
    <version>1.0.0.1</version>

    <title>
        <en>Government Drain</en>
        <de>Abfluss Der Regierung</de>
        <es>Drenaje Del Gobierno</es>
        <fr>Drain Du Gouvernement</fr>
        <it>Scarico Del Governo</it>
        <pl>Drenaż Rządowy</pl>
    </title>

    <description>

<en><![CDATA[Place on your farm and have a place to dispose of your unwanted liquids in this government drain. With a small environmental fee of course! (Water is free). 

You can now empty your water tanker if you need it to transport another liquid. No longer the need to have 2 liquid tankers on your farm. This is a great way to free up your liquids trailer for another job.

You can also use the government drain to dispose of your leftover sour milk, or dispose of other liquids. Don’t have time transport your liquid manure to the sell point or BGA we got you covered. However, you should keep in mind that with some liquids it is ILLEGAL to dispose of them in around your village. If you do this, you will surely have to pay a fine for illegal disposal.

The government drain supports the following liquids:
- Water
- Milk
- Slurry
- Digestate
- liquid fertilizer
- Herbicide
- Diesel

Price is only € 100 as it is subsidized by your local government to help keep the village and your farm clean from chemical spills.

Changelog:
1.0.0.1:
- Adjusted the prices much lower as some were way to high.
- Adjusted door animation to be faster.
- Added Italian & Polish translation.

]]></en>

<de><![CDATA[Platzieren Sie auf Ihrer Farm und haben Sie einen Platz, um Ihre unerwünschten Flüssigkeiten in diesem staatlichen Abfluss zu entsorgen. Natürlich mit einem kleinen Umweltbeitrag! (Wasser ist kostenlos).

Sie können Ihren Wassertank jetzt entleeren, wenn Sie ihn für den Transport einer anderen Flüssigkeit benötigen. Sie müssen nicht länger 2 Flüssigkeitstanker auf Ihrer Farm haben. Dies ist eine großartige Möglichkeit, Ihren Flüssigkeitsanhänger für andere Aufgaben freizugeben.

Sie können auch den staatlichen Abfluss verwenden, um Ihre übrig gebliebene Sauermilch oder andere Flüssigkeiten zu entsorgen. Sie haben keine Zeit, Ihre Gülle zur Verkaufsstelle oder BGA zu transportieren, wir kümmern uns darum. Sie sollten jedoch bedenken, dass es bei einigen Flüssigkeiten ILLEGAL ist, sie in Ihrem Dorf zu entsorgen. Wenn Sie dies tun, müssen Sie mit Sicherheit ein Bußgeld wegen illegaler Entsorgung zahlen.

Der Regierungsabfluss unterstützt die folgenden Flüssigkeiten:
- Wasser
- Milch
- Schlamm
- Gärrest
- Flüssigdünger
- Herbizid
-Diesel

Der Preis beträgt nur 100 €, da er von Ihrer lokalen Regierung subventioniert wird, um das Dorf und Ihre Farm vor Chemikalienverschmutzungen zu schützen.

Änderungsprotokoll:
1.0.0.1:
- Die Preise viel niedriger angepasst, da einige viel zu hoch waren.
- Die Türanimation wurde angepasst, um schneller zu sein.
- Italienische und polnische Übersetzung hinzugefügt.

]]></de>

<es><![CDATA[Colóquelo en su granja y tenga un lugar para deshacerse de sus líquidos no deseados en este desagüe del gobierno. ¡Con una pequeña tarifa ambiental, por supuesto! (El agua es gratis).

Ya puedes vaciar tu cisterna de agua si lo necesitas para transportar otro líquido. Ya no es necesario tener 2 camiones cisterna para líquidos en su granja. Esta es una excelente manera de liberar su remolque de líquidos para otro trabajo.

También puede usar el desagüe del gobierno para desechar la leche agria sobrante o desechar otros líquidos. No tiene tiempo para transportar su estiércol líquido al punto de venta o BGA, lo cubrimos. Sin embargo, debe tener en cuenta que con algunos líquidos es ILEGAL desecharlos en los alrededores de su pueblo. Si hace esto, seguramente tendrá que pagar una multa por disposición ilegal.

El desagüe del gobierno admite los siguientes líquidos:
- Agua
- Leche
- Lechada
- Digestato
- fertilizante líquido
- Herbicida
- Diésel

El precio es de solo 100 €, ya que está subvencionado por su gobierno local para ayudar a mantener el pueblo y su granja limpios de derrames químicos.

Registro de cambios:
1.0.0.1:
- Ajustó los precios mucho más bajos ya que algunos eran demasiado altos.
- Se ajustó la animación de la puerta para que sea más rápida.
- Añadida traducción al italiano y al polaco.

]]></es>

<fr><![CDATA[Placez-le sur votre ferme et disposez d'un endroit pour vous débarrasser de vos liquides indésirables dans ce drain gouvernemental. Avec une petite redevance environnementale bien sûr ! (L'eau est gratuite).

Vous pouvez maintenant vider votre citerne d'eau si vous en avez besoin pour transporter un autre liquide. Plus besoin d'avoir 2 citernes de liquide sur votre ferme. C'est un excellent moyen de libérer votre remorque de liquides pour un autre travail.

Vous pouvez également utiliser le drain gouvernemental pour vous débarrasser de vos restes de lait aigre ou vous débarrasser d'autres liquides. Vous n'avez pas le temps de transporter votre lisier au point de vente ou au BGA, nous vous couvrons. Cependant, vous devez garder à l'esprit qu'avec certains liquides, il est ILLÉGAL de les jeter dans votre village. Si vous faites cela, vous devrez sûrement payer une amende pour élimination illégale.

Le drain gouvernemental supporte les liquides suivants :
- L'eau
- Lait
- Lisier
- Digestat
- engrais liquide
- Herbicide
- Gazole

Le prix n'est que de 100 € car il est subventionné par votre gouvernement local pour aider à garder le village et votre ferme propres contre les déversements de produits chimiques.

Journal des modifications :
1.0.0.1 :
- Ajusté les prix beaucoup plus bas car certains étaient bien trop élevés.
- Animation de porte ajustée pour être plus rapide.
- Ajout de la traduction italienne et polonaise.

]]></fr>

<it><![CDATA[Posiziona nella tua fattoria e trova un posto dove smaltire i liquidi indesiderati in questo scarico del governo. Con una piccola tassa ambientale ovviamente! (L'acqua è gratis).

Ora puoi svuotare la tua cisterna d'acqua se ne hai bisogno per trasportare un altro liquido. Non c'è più bisogno di avere 2 cisterne per liquidi nella tua fattoria. Questo è un ottimo modo per liberare il tuo rimorchio di liquidi per un altro lavoro.

Puoi anche utilizzare lo scarico del governo per smaltire il tuo latte acido avanzato o smaltire altri liquidi. Non hai tempo, trasporta il tuo liquame al punto vendita o BGA ti abbiamo coperto. Tuttavia, dovresti tenere presente che con alcuni liquidi è ILLEGALE smaltirli nelle vicinanze del tuo villaggio. Se lo fai, dovrai sicuramente pagare una multa per smaltimento illegale.

Il drenaggio del governo supporta i seguenti liquidi:
- Acqua
- Latte
- Liquami
- Digestato
- fertilizzante liquido
- Erbicida
- Diesel

Il prezzo è di soli € 100 in quanto è sovvenzionato dal tuo governo locale per aiutare a mantenere il villaggio e la tua fattoria puliti dalle fuoriuscite di sostanze chimiche.

Registro delle modifiche:
1.0.0.1:
- Adeguati i prezzi molto più bassi poiché alcuni erano molto alti.
- Animazione della porta modificata per essere più veloce.
- Aggiunta la traduzione in italiano e polacco.

]]></it>

<pl><![CDATA[Umieść na swojej farmie i miej miejsce, w którym możesz pozbyć się niechcianych płynów w tym rządowym odpływie. Oczywiście z niewielką opłatą środowiskową! (Woda jest bezpłatna).

Możesz teraz opróżnić swoją cysternę na wodę, jeśli potrzebujesz jej do transportu innego płynu. Nie ma już potrzeby posiadania 2 cystern z płynem na farmie. To świetny sposób na zwolnienie przyczepy z płynami do innej pracy.

Możesz również użyć drenażu rządowego, aby wyrzucić resztki kwaśnego mleka lub wyrzucić inne płyny. Nie masz czasu na transport gnojowicy do punktu sprzedaży lub BGA, który Cię obejmuje. Należy jednak pamiętać, że w przypadku niektórych płynów wyrzucanie ich w okolicy wioski jest NIELEGALNE. Jeśli to zrobisz, z pewnością będziesz musiał zapłacić grzywnę za nielegalne usuwanie.

Odpływ rządowy obsługuje następujące płyny:
- Woda
- Mleko
- gnojowica
- Poferment
- płynny nawóz
- Herbicyd
- Diesel

Cena wynosi tylko 100 €, ponieważ jest dotowana przez samorząd lokalny, aby pomóc utrzymać wioskę i gospodarstwo w czystości przed wyciekami chemikaliów.

Dziennik zmian:
1.0.0.1:
- Skorygowano ceny znacznie niższe, ponieważ niektóre były zbyt wysokie.
- Poprawiono animację drzwi, aby była szybsza.
- Dodano tłumaczenie na włoski i polski.

]]></pl>

    </description>

    <iconFilename>modicon.dds</iconFilename>

    <multiplayer supported="true" />

    <storeItems>
		<storeItem xmlFilename="govermentDrain.xml"/>
    </storeItems>

	<l10n>       
		<text name="shopItem_liquidDrain">
            <en>Goverment Drain</en>
            <de>Abfluss Der Regierung</de>
            <es>Drenaje Del Gobierno</es>
            <fr>Drain Du Gouvernement</fr>
			<it>Scarico Del governo</it>
			<pl>Drenaż Rządowy</pl>
        </text>
        <text name="function_liquidDrain">
            <en>Place on your farm to get rid of your unwanted liquids in this government drain. With a small fee of course! (water is free)</en>
            <de>Platzieren Sie es auf Ihrer Farm, um Ihre unerwünschten Flüssigkeiten in diesem Abfluss der Regierung loszuwerden. Natürlich gegen eine kleine Gebühr! (Wasser ist kostenlos)</de>
            <es>Colóquelo en su granja para deshacerse de sus líquidos no deseados en este desagüe del gobierno. ¡Con una pequeña tarifa, por supuesto! (el agua es gratis)</es>
            <fr>Placez sur votre ferme pour vous débarrasser de vos liquides indésirables dans ce drain gouvernemental. Avec un petit supplément bien sûr ! (l'eau est gratuite)</fr>
			<it>Posiziona nella tua fattoria per sbarazzarti dei liquidi indesiderati in questo scarico del governo. Ovviamente con una piccola quota! (l'acqua è gratis)</it>
			<pl>Umieść na swojej farmie, aby pozbyć się niechcianych płynów w tym rządowym odpływie. Oczywiście za niewielką opłatą! (woda jest bezpłatna)</pl>
        </text>
    </l10n>
</modDesc>
