<?xml version="1.0" encoding="utf-8" standalone="no" ?>
<placeable type="bunkerSilo" xmlns:xsi="http://www.w3.org/2001/XMLSchema-instance" xsi:noNamespaceSchemaLocation="../../../../shared/xml/schema/placeable.xsd">
    <storeData>
        <name>$l10n_bunkerSiloMedium_1</name>
        <functions>
            <function>$l10n_function_bunkerSilo</function>
        </functions>
        <image>store_bunkerSiloMedium1.png</image>
        <price>13700</price>
        <dailyUpkeep>14</dailyUpkeep>
        <lifetime>1000</lifetime>
        <rotation>0</rotation>
        <brand>LIZARD</brand>
        <species>placeable</species>
        <category>silos</category>
        <brush>
            <type>placeable</type>
            <category>buildings</category>
            <tab>silos</tab>
        </brush>
        <storeIconRendering>
            <settings cameraXRot="-25" advancedBoundingBox="true"/>
        </storeIconRendering>
        <vertexBufferMemoryUsage>11520</vertexBufferMemoryUsage>
        <indexBufferMemoryUsage>1792</indexBufferMemoryUsage>
        <textureMemoryUsage>2555904</textureMemoryUsage>
        <audioMemoryUsage>0</audioMemoryUsage>
        <instanceVertexBufferMemoryUsage>0</instanceVertexBufferMemoryUsage>
        <instanceIndexBufferMemoryUsage>0</instanceIndexBufferMemoryUsage>
    </storeData>

    <base>
        <filename>SilosMedium1.i3d</filename>
    </base>

    <placement useRandomYRotation="false" useManualYRotation="true" placementPositionSnapSize="0.5" placementRotationSnapAngle="90" >
        <testAreas>
            <testArea startNode="testArea1Start" endNode="testArea1End" />
        </testAreas>

        <sounds>
            <place template="smallImp" />
        </sounds>
    </placement>

    <clearAreas>
        <clearArea startNode="clearArea1Start" widthNode="clearArea1Width" heightNode="clearArea1Height"/>
    </clearAreas>

    <leveling requireLeveling="true" maxSmoothDistance="10" maxSlope="75" maxEdgeAngle="30">
        <levelAreas>
            <levelArea startNode="levelArea1Start" widthNode="levelArea1Width" heightNode="levelArea1Height" groundType="concrete"/>
        </levelAreas>
    </leveling>

    <indoorAreas>
        <indoorArea startNode="indoorArea1Start" widthNode="indoorArea1Width" heightNode="indoorArea1Height" />
    </indoorAreas>

    <tipOcclusionUpdateAreas>
        <tipOcclusionUpdateArea startNode="tipOcclusionUpdateArea1Start" endNode="tipOcclusionUpdateArea1End" />
    </tipOcclusionUpdateAreas>

    <ai>
        <updateAreas>
            <updateArea startNode="tipOcclusionUpdateArea1Start" endNode="tipOcclusionUpdateArea1End" />
        </updateAreas>
    </ai>

    <bunkerSilo isExtendable="true" siloToSiloDistance="6.0" snapDistance="10" acceptedFillTypes="chaff grass_windrow dryGrass_windrow" inputFillType="chaff" outputFillType="silage" distanceToCompactedFillLevel="100" openingLength="1" >
        <area startNode="siloAreaStart" widthNode="siloAreaWidth" heightNode="siloAreaHeight" />
        <interactionTrigger node="siloTrigger" />
    </bunkerSilo>

    <i3dMappings>
        <i3dMapping id="siloAreaStart" node="0>1|0|0" />
        <i3dMapping id="siloAreaWidth" node="0>1|0|1" />
        <i3dMapping id="siloAreaHeight" node="0>1|0|2" />
        <i3dMapping id="siloTrigger" node="0>1|0|3" />
        <i3dMapping id="clearArea1Start" node="0>2|0" />
        <i3dMapping id="clearArea1Width" node="0>2|0|0" />
        <i3dMapping id="clearArea1Height" node="0>2|0|1" />
        <i3dMapping id="levelArea1Start" node="0>3|0" />
        <i3dMapping id="levelArea1Width" node="0>3|0|0" />
        <i3dMapping id="levelArea1Height" node="0>3|0|1" />
        <i3dMapping id="testArea1Start" node="0>4|0" />
        <i3dMapping id="testArea1End" node="0>4|0|0" />
        <i3dMapping id="tipOcclusionUpdateArea1Start" node="0>5|0" />
        <i3dMapping id="tipOcclusionUpdateArea1End" node="0>5|0|0" />
		<i3dMapping id="indoorArea1Start" node="0>7|0" />
		<i3dMapping id="indoorArea1Width" node="0>7|0|0" />
		<i3dMapping id="indoorArea1Height" node="0>7|0|1" />
    </i3dMappings>
</placeable>
