﻿<?xml version="1.0" encoding="utf-8" standalone="no" ?>
<modDesc descVersion="65">
    <author>Didek96</author>
    <version>1.0.0.0</version>
    <title>
        <en>Small Silo Pack</en>
		<de>Small Silopaket</de>
    </title>
    <description>
        <en>
            <![CDATA[
silo 10.5m x 4m
Price: 6.300$
Daily Upkeep: 7$

silo 20m x 6m:
Price: 13.700$
Daily Upkeep: 14$
]]>
        </en>
        <de><![CDATA[
Silo 10.5m x 4m:
Preis: 6.300€
Unterhalt: 7€

Silo 20m x 6m:
Preis: 13.700€
Unterhalt: 14€]]></de>
    </description>
    <iconFilename>icon_Smallsilo_Pack.dds</iconFilename>
    <multiplayer supported="true" />
	    
    <storeItems>
        <storeItem xmlFilename="bunkerSiloSmall_1.xml"/> 
		<storeItem xmlFilename="bunkerSiloSmall_2.xml"/> 
		<storeItem xmlFilename="bunkerSiloSmall_3.xml"/> 
		<storeItem xmlFilename="bunkerSiloMedium_1.xml"/> 
		<storeItem xmlFilename="bunkerSiloMedium_2.xml"/> 
		<storeItem xmlFilename="bunkerSiloMedium_3.xml"/> 
    </storeItems>
	
	<l10n>
		<text name="bunkerSiloSmall_1">
			<en>Feed silo with dimensions of 10.5m x 4m</en>
			<de>Futtersilo mit Abmessungen von 10,5m x 4m</de>
			<pl>Silos paszowy o wymiarach 10.5m x 4m </pl>
		</text>
		<text name="bunkerSiloMedium_1">
			<en>Feed silo with dimensions of 20m x 6m</en>
			<de>Futtersilo mit Abmessungen von 20m x 6m</de>
			<pl>Silos paszowy o wymiarach 20m x 6m </pl>
		</text>
    </l10n>
</modDesc>
