<?xml version="1.0" encoding="utf-8" standalone="no" ?>
<placeable type="simplePlaceable" xmlns:xsi="http://www.w3.org/2001/XMLSchema-instance" xsi:noNamespaceSchemaLocation="../../../../shared/xml/schema/placeable.xsd">
    <storeData>
        <name>
          <en>Dealer Sign</en>
          <de>Händlerschild</de>
          <fr>Signe du Concessionnaire</fr>
        </name>
        <functions>
            <function>$l10n_function_decoration</function>
        </functions>
        <image>store_jdDealerSign.png</image>
        <price>1000</price>
        <lifetime>1000</lifetime>
        <dailyUpkeep>5</dailyUpkeep>
        <rotation>0</rotation>
        <brand>JOHNDEERE</brand>
        <species>placeable</species>
        <category>decoration</category>
        <brush>
            <type>placeable</type>
            <category>decoration</category>
            <tab>uncategorized</tab>
        </brush>
        <vertexBufferMemoryUsage>61952</vertexBufferMemoryUsage>
        <indexBufferMemoryUsage>11776</indexBufferMemoryUsage>
        <textureMemoryUsage>3604480</textureMemoryUsage>
        <audioMemoryUsage>0</audioMemoryUsage>
        <instanceVertexBufferMemoryUsage>0</instanceVertexBufferMemoryUsage>
        <instanceIndexBufferMemoryUsage>0</instanceIndexBufferMemoryUsage>
    </storeData>

    <base>
        <filename>jdDealerSign.i3d</filename>
        <canBeRenamed>true</canBeRenamed>
    </base>

    <placement useRandomYRotation="false" useManualYRotation="true" >
        <testAreas>
            <testArea startNode="2|2" endNode="2|2|0" />
        </testAreas>
    </placement>

    <clearAreas>
        <clearArea startNode="2|0" widthNode="2|0|0" heightNode="2|0|1"/>
    </clearAreas>

    <indoorAreas />

    <tipOcclusionUpdateAreas>
        <tipOcclusionUpdateArea startNode="2|1" endNode="2|1|0" />
    </tipOcclusionUpdateAreas>

    <ai>
        <updateAreas>
            <updateArea startNode="2|1" endNode="2|1|0" />
        </updateAreas>
    </ai>

    <leveling requireLeveling="true" maxSmoothDistance="10" maxSlope="75" maxEdgeAngle="30" >
        <levelAreas>
            <levelArea startNode="2|0" widthNode="2|0|0" heightNode="2|0|1" groundType="dirt"/>
        </levelAreas>
    </leveling>

</placeable>
