<?xml version="1.0" encoding="utf-8" standalone="no"?>
<modDesc descVersion="67">
    <author>HungryCow Design</author>
    <version>1.1.0.0</version>
    <title>
        <en>John Deere Dealer Sign</en>
        <de>John Deere Händlerschild</de>
        <fr>Signe De Concessionnaire John Deere</fr>
    </title>

    <description>
        <en>
<![CDATA[This John Deere dealer sign can be placed on your map.  Now any building can serve as a dealership for your role playing needs!  It will automatically illuminate at night.

Price: 1,000
Daily Maintenance: 5

Changelog:
v1.1.0.0
- Added snow mesh and icicles to the model
]]>
        </en>
        <de>
<![CDATA[Dieses John Deere Händlerschild kann auf Ihrer Karte platziert werden. Jetzt kann jedes Gebäude als Händler für Ihre Rollenspiele dienen! Nachts leuchtet sie automatisch auf.

Preis: 1.000
Täglicher Unterhalt: 5

Changelog:
v1.1.0.0
- Added snow mesh and icicles to the model
]]>
        </de>
        <fr>
<![CDATA[Ce panneau de concessionnaire John Deere peut être placé sur votre carte. Désormais, n'importe quel bâtiment peut servir de concession pour vos besoins de jeu de rôle ! Il s'allumera automatiquement la nuit.

Prix: 1,000
Maintenance Quotidienne: 5

Changelog:
v1.1.0.0
- Added snow mesh and icicles to the model
]]>
        </fr>
    </description>

    <iconFilename>icon.dds</iconFilename>

    <multiplayer supported="true" />

    <storeItems>
        <storeItem xmlFilename="jdDealerSign.xml"/>
    </storeItems>

</modDesc>
