<?xml version="1.0" encoding="utf-8" standalone="no" ?>
<placeable type="SiloWithPallet" xmlns:xsi="http://www.w3.org/2001/XMLSchema-instance" xsi:noNamespaceSchemaLocation="../../../../shared/xml/schema/placeable.xsd">
    <storeData>
        <name>$l10n_smallPalletStorage</name>
        <functions>
            <function>$l10n_function_palletStorage</function>
        </functions>
        <image>textures/store_baleStorage.dds</image>
        <price>50000</price>
        <lifetime>1000</lifetime>
        <dailyUpkeep>40</dailyUpkeep>
        <rotation>0</rotation>
        <brand>NONE</brand>
        <species>placeable</species>
        <category>silos</category>
        <brush>
            <type>placeable</type>
            <category>buildings</category>
            <tab>silos</tab>
        </brush>

    </storeData>

    <base>
        <filename>xml/hayLoft.i3d</filename>
        <canBeRenamed>true</canBeRenamed>
    </base>
	
	<aPalletSilo triggerNode="playerTrigger">
        <palletSpawner node="palletSpawner">
            <spawnPlaces>
                <spawnPlace startNode="spawnSpace1start" />
                <spawnPlace startNode="spawnSpace2start" />
                <spawnPlace startNode="spawnSpace3start" />
            </spawnPlaces>
        </palletSpawner>
    </aPalletSilo>

    <placement useRandomYRotation="false" useManualYRotation="true">
        <testAreas>
            <testArea startNode="testArea1Start" endNode="testArea1End" />
        </testAreas>

        <sounds>
            <place template="medImp" />
        </sounds>
    </placement>

    <hotspots>
        <hotspot type="UNLOADING" linkNode="hotspotMarker" teleportNode="teleportNode"/>
    </hotspots>

    <clearAreas>
        <clearArea startNode="clearArea1Start" widthNode="clearArea1Width" heightNode="clearArea1Height"/>
    </clearAreas>

    <leveling requireLeveling="true" maxSmoothDistance="10" maxSlope="75" maxEdgeAngle="30">
        <levelAreas>
            <levelArea startNode="levelArea1Start" widthNode="levelArea1Width" heightNode="levelArea1Height" groundType="dirt"/>
        </levelAreas>
    </leveling>

    <indoorAreas>
        <indoorArea startNode="indoorArea1Start" widthNode="indoorArea1Width" heightNode="indoorArea1Height" />
    </indoorAreas>

    <tipOcclusionUpdateAreas>
        <tipOcclusionUpdateArea startNode="tipOcclusionUpdateArea1Start" endNode="tipOcclusionUpdateArea1End"/>
    </tipOcclusionUpdateAreas>

    <ai>
        <updateAreas>
            <updateArea startNode="tipOcclusionUpdateArea1Start" endNode="tipOcclusionUpdateArea1End" />
        </updateAreas>
        <splines>
            <spline node="aiLoadingSpline" />
        </splines>
    </ai>

    <infoTrigger triggerNode="infoTrigger"/>


	<silo>
        <unloadingStation supportsExtension="true" storageRadius="50">
            <unloadTrigger exactFillRootNode="exactFillRootNode" fillTypes="STRAW DRYGRASS_WINDROW SILAGE GRASS_WINDROW COTTON WOODCHIPS" aiNode="aiNodeUnlading">
				<baleTrigger triggerNode="baleTrigger"/>
			</unloadTrigger>
			<sounds>
				<active template="hayloftPump" linkNode="fanSoundNode"/>
			</sounds>
        </unloadingStation>
		
		<loadingStation supportsExtension="false" >
            <loadTrigger triggerNode="loadingTrigger" fillTypes="STRAW DRYGRASS_WINDROW SILAGE GRASS_WINDROW WOODCHIPS" fillLitersPerSecond="4000" dischargeNode="dischargeNode" aiNode="aiNodeLoading">
                <effectNode effectNode="pipeEffect"      materialType="pipe"           fadeTime="0.5" scale="1 1 1" />
                <effectNode effectNode="pipeEffectSmoke" materialType="unloadingSmoke" fadeTime="0.5" />
            </loadTrigger>
        </loadingStation>

        <storages>
            <storage node="hotspotMarker" fillTypes="STRAW DRYGRASS_WINDROW SILAGE GRASS_WINDROW COTTON WOODCHIPS" isExtension="false" capacity="1000000000" />
        </storages>
    </silo>


    <triggerMarkers>
        <triggerMarker node="markerUnloading" filename="$data/shared/assets/marker/markerIcons.xml" id="UNLOAD" />
        <triggerMarker node="markerLoading"   filename="$data/shared/assets/marker/markerIcons.xml" id="LOAD" />
		<triggerMarker node="playerTrigger" filename="$data/shared/assets/marker/markerIcons.xml" adjustToGround="true" id="WRENCH"/>    
    </triggerMarkers>

    <i3dMappings>
        <i3dMapping id="loadingTrigger" node="0>0|0|0|0" />
        <i3dMapping id="dischargeNode" node="0>0|0|0|1" />
        <i3dMapping id="dischargeEffect" node="0>0|0|0|2" />
        <i3dMapping id="pipeEffect" node="0>0|0|0|2|0" />
        <i3dMapping id="pipeEffectSmoke" node="0>0|0|0|2|1" />
        <i3dMapping id="aiNodeLoading" node="0>0|0|0|3" />
        <i3dMapping id="aiLoadingSpline" node="0>0|0|1" />
        <i3dMapping id="exactFillRootNode" node="0>0|1|2|0" />
        <i3dMapping id="aiNodeUnlading" node="0>0|1|0|1" />
		<i3dMapping id="baleTrigger" node="0>0|1|0|2" />
        <i3dMapping id="fanSoundNode" node="0>0|1|1" />
        <i3dMapping id="infoTrigger" node="0>0|2" />
        <i3dMapping id="teleportNode" node="0>0|3" />
        <i3dMapping id="hotspotMarker" node="0>1" />
        <i3dMapping id="markerUnloading" node="0>0|1|2|0|0" />
        <i3dMapping id="markerLoading" node="0>2|1" />
        <i3dMapping id="clearArea1Start" node="0>3|0" />
        <i3dMapping id="clearArea1Width" node="0>3|0|0" />
        <i3dMapping id="clearArea1Height" node="0>3|0|1" />
        <i3dMapping id="levelArea1Start" node="0>4|0" />
        <i3dMapping id="levelArea1Width" node="0>4|0|0" />
        <i3dMapping id="levelArea1Height" node="0>4|0|1" />
        <i3dMapping id="indoorArea1Start" node="0>5|0" />
        <i3dMapping id="indoorArea1Width" node="0>5|0|0" />
        <i3dMapping id="indoorArea1Height" node="0>5|0|1" />
        <i3dMapping id="testArea1Start" node="0>6|0" />
        <i3dMapping id="testArea1End" node="0>6|0|0" />
        <i3dMapping id="tipOcclusionUpdateArea1Start" node="0>7|0" />
        <i3dMapping id="tipOcclusionUpdateArea1End" node="0>7|0|0" />
		<i3dMapping id="palletSpawner" node="0>12" />
        <i3dMapping id="spawnSpace1start" node="0>12|0" />
		<i3dMapping id="spawnSpace2start" node="0>12|1" />
		<i3dMapping id="spawnSpace3start" node="0>12|2" />
		<i3dMapping id="playerTrigger" node="0>0|4" />
		<i3dMapping id="playerTriggerMarker" node="0>0|4|0" />
    </i3dMappings>
</placeable>
