﻿<?xml version="1.0" encoding="utf-8" standalone="no" ?>
<modDesc descVersion="72">
    <author>Elk Mountain Modding</author>
    <version>1.0.0.0</version>
    <iconFilename>icon_ranchHouse.dds</iconFilename>
    <title>
        <en>Ranch House</en>
        <de>Ranch Haus</de>
        <fr>Maison De Ferme</fr>	
    </title>
<description>
<en><![CDATA[
A ranch style house with full interior. The sleep trigger is in the bedroom and the wardrobe trigger is in the bathroom.
Price: $100,000
Dailyupkeep: 25$
]]></en>
<de><![CDATA[
Ein Haus im Ranch-Stil mit kompletter Innenausstattung. Der Schlafauslöser befindet sich im Schlafzimmer und der Garderobenauslöser im Badezimmer.
Preis: 100.000 €
Tägliche Wartung: 25 €
]]></de>
<fr><![CDATA[
Une maison de style ranch avec un intérieur complet. Le déclencheur de sommeil est dans la chambre et le déclencheur de garde-robe est dans la salle de bain.
Prix : 100 000 €
Entretien quotidien: 25 €
]]></fr>
</description>
    <multiplayer supported="true"/> 
	
	<storeItems>
        <storeItem rootNode="placeable" xmlFilename="RanchHouse.xml"/>	
	</storeItems>

	<l10n>
        <text name="action_lightOn">
            <en>Switch Light ON</en>
            <de>Licht anschalten</de>
            <pl>Włącz światło</pl>
        </text>
        <text name="action_lightOut">
            <en>Switch Light OFF</en>
            <de>Licht ausschalten</de>
            <pl>Wyłącz światło</pl>
        </text>
        <text name="action_TurnOnFire">
            <en>Turn Fire On</en>
            <de>Feuer Einschalten</de>
            <pl>Włącz ogień</pl>
        </text>	
        <text name="action_TurnOffFire">
            <en>Turn Fire OFF</en>
            <de>Schalten Sie das Feuer aus</de>
            <pl>WYŁĄCZ OGIEŃ</pl>
        </text>		
        <text name="action_CoffeeMakerON">
            <en>Coffee Maker On</en>
            <de>Kaffeemaschine an</de>
            <pl>Ekspres do kawy włączony</pl>
        </text>	
        <text name="action_CoffeeMakerOff">
            <en>Coffee Maker Off</en>
            <de>Kaffeemaschine aus</de>
            <pl>Ekspres do kawy wyłączony</pl>
        </text>		
	</l10n>		
</modDesc>
