<?xml version="1.0" encoding="utf-8" standalone="no" ?>
<placeable type="farmhouse" xmlns:xsi="http://www.w3.org/2001/XMLSchema-instance" xsi:noNamespaceSchemaLocation="../../../../../shared/xml/schema/placeable.xsd">
    <storeData>
        <name>
		<en>Ranch House</en>
        <de>Ranchhaus</de>
		</name>
        <functions>
            <function>$l10n_function_farmHouse</function>		
        </functions>
        <image>store_RanchHouse.dds</image>
        <canBeSold>true</canBeSold>
        <showInStore>true</showInStore>
        <price>100000</price>
        <lifetime>1000</lifetime>
        <dailyUpkeep>25</dailyUpkeep>		
        <rotation>0</rotation>
        <brand>None</brand>
        <species>placeable</species>
        <category>farmhouses</category>
        <brush>
            <type>placeable</type>
            <category>buildings</category>
            <tab>farmhouses</tab>
        </brush>
        <vertexBufferMemoryUsage>5778176</vertexBufferMemoryUsage>
        <indexBufferMemoryUsage>988160</indexBufferMemoryUsage>
        <textureMemoryUsage>61800448</textureMemoryUsage>
        <audioMemoryUsage>0</audioMemoryUsage>
        <instanceVertexBufferMemoryUsage>0</instanceVertexBufferMemoryUsage>
        <instanceIndexBufferMemoryUsage>0</instanceIndexBufferMemoryUsage>
    </storeData>

    <base>
        <filename>RanchHouse.i3d</filename>
        <canBeRenamed>true</canBeRenamed>
    </base>

    <placement useRandomYRotation="false" useManualYRotation="true" >
        <testAreas>
            <testArea startNode="testAreaStart" endNode="testAreaEnd" />
        </testAreas>
        <sounds>
            <place template="largeImp" />
        </sounds>		
    </placement>

    <tipOcclusionUpdateAreas>
        <tipOcclusionUpdateArea startNode="tipOcclusionUpdateAreaStart" endNode="tipOcclusionUpdateAreaEnd" />
    </tipOcclusionUpdateAreas>

    <clearAreas>
        <clearArea startNode="clearArea1Start" widthNode="clearArea1Width" heightNode="clearArea1Height"/>
    </clearAreas>

    <leveling>
        <levelAreas>
            <levelArea startNode="levelArea1Start" widthNode="levelArea1Width" heightNode="levelArea1Height" groundType="grass"/>
        </levelAreas>
    </leveling>

    <indoorAreas>
        <indoorArea startNode="indoorAreaStart" widthNode="indoorAreaWidth" heightNode="indoorAreaHeight"/>
    </indoorAreas>

    <ai>
        <updateAreas>
            <updateArea startNode="tipOcclusionUpdateAreaStart" endNode="tipOcclusionUpdateAreaEnd" />
        </updateAreas>
    </ai>

    <hotspots>
        <hotspot type="FARM" linkNode="0>" teleportNode="spawnPoint" />
    </hotspots>

    <triggerMarkers>
        <triggerMarker node="sleepTriggerMarker"    filename="$data/shared/assets/marker/markerIcons.xml" id="EXCLAMATION_MARK"/>
		<triggerMarker node="wardrobeTriggerMarker" filename="$data/shared/assets/marker/markerIcons.xml" id="EXCLAMATION_MARK"/>
    </triggerMarkers>

     <animatedObjects>
     	 <animatedObject saveId="FrontDoor" >
            <animation duration="1">
                <part node="0>1|2|1">
                    <keyFrame time="0.1" rotation="0 0 0"/>
                    <keyFrame time="1.0" rotation="0 96 0"/>
                </part>
			</animation>
            <controls triggerNode="0>1|2|0" posAction="ACTIVATE_HANDTOOL" posText="action_openDoor" negText="action_closeDoor" />
            <sounds>
                <moving linkNode="0>1|2|0" template="glassDoorLoop" />
                <negEnd linkNode="0>1|2|0" template="metalDoorsClose" />
            </sounds>
        </animatedObject>	
		
     	 <animatedObject saveId="UtilityDoor" >
            <animation duration="1">
                <part node="0>1|4|1">
                    <keyFrame time="0.1" rotation="0 -90 0"/>
                    <keyFrame time="1.0" rotation="0 0 0"/>
                </part>
			</animation>
            <controls triggerNode="0>1|4|0" posAction="ACTIVATE_HANDTOOL" posText="action_openDoor" negText="action_closeDoor" />
            <sounds>
                <moving linkNode="0>1|4|0" template="glassDoorLoop" />
                <negEnd linkNode="0>1|4|0" template="metalDoorsClose" />
            </sounds>
        </animatedObject>	
		
     	 <animatedObject saveId="BedroomDoor" >
            <animation duration="1">
                <part node="0>1|6|1">
                    <keyFrame time="0.1" rotation="0 90 0"/>
                    <keyFrame time="1.0" rotation="0 -20 0"/>
                </part>
			</animation>
            <controls triggerNode="0>1|6|0" posAction="ACTIVATE_HANDTOOL" posText="action_openDoor" negText="action_closeDoor" />
            <sounds>
                <moving linkNode="0>1|6|0" template="glassDoorLoop" />
                <negEnd linkNode="0>1|6|0" template="metalDoorsClose" />
            </sounds>
        </animatedObject>	

     	 <animatedObject saveId="BathroomDoor" >
            <animation duration="1">
                <part node="0>1|5|0">
                    <keyFrame time="0.1" rotation="0 180 0"/>
                    <keyFrame time="1.0" rotation="0 76 0"/>
                </part>
			</animation>
            <controls triggerNode="0>1|5|1" posAction="ACTIVATE_HANDTOOL" posText="action_openDoor" negText="action_closeDoor" />
            <sounds>
                <moving linkNode="0>1|5|1" template="glassDoorLoop" />
                <negEnd linkNode="0>1|5|1" template="metalDoorsClose" />
            </sounds>
        </animatedObject>			

     	 <animatedObject saveId="doubledoors1" >
            <animation duration="1">
                <part node="0>1|0|1">
                    <keyFrame time="0.1" rotation="0 0 0"/>
                    <keyFrame time="1.0" rotation="0 90 0"/>
                </part>
                <part node="0>1|0|2">
                    <keyFrame time="0.1" rotation="0 180 0"/>
                    <keyFrame time="1.0" rotation="0 90 0"/>
                </part>				
			</animation>
            <controls triggerNode="0>1|0|0" posAction="ACTIVATE_HANDTOOL" posText="action_openDoor" negText="action_closeDoor" />
            <sounds>
                <moving linkNode="0>1|0|0" template="glassDoorLoop" />
                <negEnd linkNode="0>1|0|0" template="metalDoorsClose" />
            </sounds>
        </animatedObject>
		
     	 <animatedObject saveId="doubledoors2" >
            <animation duration="1">
                <part node="0>1|1|1">
                    <keyFrame time="0.1" rotation="0 0 0"/>
                    <keyFrame time="1.0" rotation="0 90 0"/>
                </part>
                <part node="0>1|1|2">
                    <keyFrame time="0.1" rotation="-180 0 -180"/>
                    <keyFrame time="1.0" rotation="-180 90 -180"/>
                </part>				
			</animation>
            <controls triggerNode="0>1|1|0" posAction="ACTIVATE_HANDTOOL" posText="action_openDoor" negText="action_closeDoor" />
            <sounds>
                <moving linkNode="0>1|1|0" template="glassDoorLoop" />
                <negEnd linkNode="0>1|1|0" template="metalDoorsClose" />
            </sounds>
        </animatedObject>		
		
		<animatedObject saveId="Fireplace">
            <animation initialTime="0" duration="0.5">
			    <part node="0>0|9|52|0">
                    <keyFrame time="0" visibility="false"/>
                    <keyFrame time="0.8" visibility="true"/>
                </part>		
			    <part node="0>0|9|52|1"> 
                    <keyFrame time="0" visibility="false"/>
                    <keyFrame time="0.8" visibility="true"/>
                </part>	
            </animation>
			
            <controls posAction="ACTIVATE_HANDTOOL" triggerNode="0>0|9|52|2" posText="action_TurnOnFire" negText="action_TurnOffFire" />
			<sounds>
				<posEnd file="sounds/campFire.wav" linkNode="0>0|9|52|2" volume="5" radius="25" innerRadius="3" />
                <moving file="sounds/campFire.wav" linkNode="0>0|9|52|2" volume="5" radius="25" innerRadius="3"  />				
                <negEnd file="sounds/fire.wav" linkNode="0>0|9|52|2" volume="5" radius="25" innerRadius="3" />
            </sounds>
        </animatedObject>		
				
        <animatedObject saveId="lights">
			<sounds>
                <toggle template="lizardFloodLight" innerRadius="20" outerRadius="500" volumeScale="0.2"/>
            </sounds>
            <animation initialTime="0" duration="0.5">
				<part node="0>15">
					<keyFrame time="0.5" visibility="false" />
					<keyFrame time="0.55" visibility="true" />
				</part>
				<part node="0>8|1|4">
					<keyFrame time="0.5" visibility="false" />
					<keyFrame time="0.55" visibility="true" />
				</part>				
				<part node="0>8|2|4">
					<keyFrame time="0.5" visibility="false" />
					<keyFrame time="0.55" visibility="true" />
				</part>				
            </animation>
	       <controls triggerNode="0>7" posAction="ACTIVATE_HANDTOOL" posText="action_turnOnLight" negText="action_turnOffLight" />
        </animatedObject>		
			
		<animatedObject saveId="CoffeeMaker" >
            <animation duration="6">
	            <part node="0>0|9|22|2"> <!-- coffeePot -->
					<keyFrame time="0" translation="6.11999989 0.21831 9.5972805" rotation="0 0 0" />
					<keyFrame time="0.1" translation="5.9380002 0.21831 9.44600964" rotation="0 0 0" />
					<keyFrame time="0.3" translation="5.85300016 0.28046882 9.31498909" rotation="13.58199978 39.53191757 -14.9447403" />
					<keyFrame time="0.4" translation="5.85300016 0.28046882 9.31498909" rotation="13.58199978 39.53191757 -14.9447403" />
					<keyFrame time="0.6" translation="5.9380002 0.21831 9.44600964" rotation="0 0 0" />	
					<keyFrame time="1" translation="6.11999989 0.21831 9.5972805" rotation="0 0 0" />					
				</part>
				
				<part node="0>0|9|67|0|0"> <!-- Coffee -->
					<keyFrame time="0" translation="0 0 0" />
                    <keyFrame time="0.2" translation="0 0 0" />
					<keyFrame time="0.3" translation="0 0.062 0" />
                    <keyFrame time="0.5" translation="0 0.062 0" />					
				</part>	
				
            </animation>

            <controls triggerNode="0>0|9|22|0" posAction="ACTIVATE_HANDTOOL" posText="action_turnOnCoffee" negText="action_turnOffCoffee"/>

			<sounds>
				<moving file="sounds/coffeepour.wav" loops="0" linkNode="0>0|9|22|0" volume="5" radius="10" innerRadius="3" fadeOut="0.25"/>				
            </sounds>
		</animatedObject>			
    </animatedObjects>
	
    <colorable>
        <nodes>
            <node node="Roof" />
        </nodes>

        <colors>
            <color value="RUDOLFHOERMANN_GREEN" />
            <color value="RUDOLFHOERMANN_BEIGE" />
            <color value="RUDOLFHOERMANN_RED" />
            <color value="RUDOLFHOERMANN_BLUE" />
            <color value="RUDOLFHOERMANN_DARKGREY" />
            <color value="RUDOLFHOERMANN_LIGHTGREY" />
            <color value="RUDOLFHOERMANN_WHITEALU" />
            <color value="RUDOLFHOERMANN_GREYALU" />
            <color value="RUDOLFHOERMANN_OXIDRED" />
            <color value="RUDOLFHOERMANN_WOODDARK" />
            <color value="RUDOLFHOERMANN_WOODBRIGHT" />
            <color value="RUDOLFHOERMANN_LIGHTGREEN" />
            <color value="RUDOLFHOERMANN_BROWN" />
            <color value="RUDOLFHOERMANN_DARKBEIGE" />
            <color value="0 0.21 0.05" />			
        </colors>
    </colorable>
	
    <farmhouse spawnNode="spawnPoint">
        <sleeping triggerNode="sleepingTrigger" cameraNode="sleepCameraNode"/>
    </farmhouse>

    <wardrobe triggerNode="wardrobeTrigger"/>

    <i3dMappings>
		<i3dMapping id="clearArea1Start" node="0>13|0" />
        <i3dMapping id="clearArea1Width" node="0>13|0|0" />
        <i3dMapping id="clearArea1Height" node="0>13|0|1" />     
		<i3dMapping id="levelArea1Start" node="0>2|0" />
        <i3dMapping id="levelArea1Width" node="0>2|0|0" />
        <i3dMapping id="levelArea1Height" node="0>2|0|1" />	
        <i3dMapping id="indoorAreaStart" node="0>9|0" />
        <i3dMapping id="indoorAreaWidth" node="0>9|0|0" />
        <i3dMapping id="indoorAreaHeight" node="0>9|0|1" />	       
		<i3dMapping id="sleepCameraNode" node="0>3" />
        <i3dMapping id="sleepTriggerMarker" node="0>5" />
        <i3dMapping id="sleepingTrigger" node="0>4" />       
		<i3dMapping id="spawnPoint" node="0>14" />
        <i3dMapping id="lightTrigger" node="0>7" />		
        <i3dMapping id="wardrobeTrigger" node="0>6|0" />
        <i3dMapping id="wardrobeTriggerMarker" node="0>6|1" />       
		<i3dMapping id="tipOcclusionUpdateAreaStart" node="0>16|0" />
        <i3dMapping id="tipOcclusionUpdateAreaEnd" node="0>16|0|0" />				
		<i3dMapping id="testAreaStart" node="0>11|0" />
        <i3dMapping id="testAreaEnd" node="0>11|0|0" />			
        <i3dMapping id="Roof" node="0>0|7" />		
    </i3dMappings>
</placeable>
