﻿<?xml version="1.0" encoding="utf-8" standalone="no" ?>
<vehicle type="balerWrapper" xmlns:xsi="http://www.w3.org/2001/XMLSchema-instance" xsi:noNamespaceSchemaLocation="https://validation.gdn.giants-software.com/xml/schema/vehicle.xsd">
    <annotation>Copyright (C) DD ModPassion, All Rights Reserved.</annotation>
    <storeData>
        <name>ROLLANT 455 RC UNIWRAP</name>
        <image>$data/store/store_empty.png</image>
        <brand>CLAAS</brand>
        <category>balers</category>
        <showInStore>false</showInStore>
    </storeData>
    <base>
        <filename>filename/foilWrapRoll.i3d</filename>
    </base>
    <fillUnit>
        <fillUnitConfigurations>
            <fillUnitConfiguration>
                <fillUnits>
                    <fillUnit unitTextOverride="$l10n_unit_mShort" fillTypeCategories="foilWrap" capacity="3000" canBeUnloaded="false" allowFoldingThreshold="6000"/>
                </fillUnits>
            </fillUnitConfiguration>
        </fillUnitConfigurations>
    </fillUnit>
    <baleWrapper>
        <foilWrapAddon>
            <baseNode node="0>0|3|2|3"/>
            <roll node="0>0|3|2|3" translation="1.184 1.381 -2.21331" rotation="1.15 -3.7 180" scale="0.83 0.965 0.83"/>
            <roll node="0>0|3|2|3" translation="-1.11934 1.3845 -1.76169" rotation="179 7.5 -0" scale="0.81 0.965 0.81"/>
            <material node="leftWrapFoil"/>
            <material node="rightWrapFoil"/>
            <material node="leftWrapFoilLeftOver" editVisibility="false"/>
            <material node="rightWrapFoilLeftOver" editVisibility="false"/>
        </foilWrapAddon>
    </baleWrapper>
    <wearable showOnHud="false"/>
    <washable/>
</vehicle>