<?xml version="1.0" encoding="utf-8" standalone="no"?>
<vehicle type="baleWrapper" xmlns:xsi="http://www.w3.org/2001/XMLSchema-instance" xsi:noNamespaceSchemaLocation="https://validation.gdn.giants-software.com/xml/schema/vehicle.xsd">
    <annotation>Copyright (C) DD ModPassion, All Rights Reserved.</annotation>
    <storeData>
        <name>AutoWrap 1300</name>
        <image>$data/store/store_empty.png</image>
        <brand>LIZARD</brand>
        <category>baleWrappers</category>
        <showInStore>false</showInStore>
    </storeData>
    <base>
        <filename>filename/foilWrapRoll.i3d</filename>
    </base>
    <fillUnit>
        <fillUnitConfigurations>
            <fillUnitConfiguration>
                <fillUnits>
                    <fillUnit unitTextOverride="$l10n_unit_mShort" fillTypeCategories="foilWrap" capacity="1500" canBeUnloaded="false" allowFoldingThreshold="3000"/>
                </fillUnits>
            </fillUnitConfiguration>
        </fillUnitConfigurations>
    </fillUnit>
    <baleWrapper>
        <foilWrapAddon>
            <baseNode node="0>0|0|3|1"/>
            <roll node="0>0|0|3|1" translation="-0.251 0.979 -0.311" rotation="0 -136.5 0" scale="1 0.922 1"/>
            <material node="0>0|0|10"/>
            <material node="0>0|0|3|2" editVisibility="false"/>
        </foilWrapAddon>
    </baleWrapper>
    <wearable showOnHud="false"/>
    <washable/>
</vehicle>
