﻿<?xml version="1.0" encoding="utf-8" standalone="no"?>
<vehicle type="series7">
    <annotation>Copyright (C) GIANTS Software GmbH, All Rights Reserved.</annotation>

    <storeData>
        <name><en>Series 7 Track</en><tr>Series 7 Palet</tr></name>
        <specs>
            <power>224</power>
            <maxSpeed>60</maxSpeed>
        </specs>
        <functions>
            <function>$l10n_function_tractor</function>
            <function>$l10n_function_tractorFrontloader</function>
        </functions>
        <image>store_deutzFahrSeries7.png</image>
        <price>185000</price>
        <lifetime>600</lifetime>
        <rotation>0</rotation>
        <brand>DEUTZFAHR</brand>
        <category>tractorsM</category>
        <vertexBufferMemoryUsage>2449920</vertexBufferMemoryUsage>
        <indexBufferMemoryUsage>414976</indexBufferMemoryUsage>
        <textureMemoryUsage>4980736</textureMemoryUsage>
        <audioMemoryUsage>342452</audioMemoryUsage>
        <instanceVertexBufferMemoryUsage>0</instanceVertexBufferMemoryUsage>
        <instanceIndexBufferMemoryUsage>0</instanceIndexBufferMemoryUsage>
    </storeData>

    <base>
        <typeDesc>$l10n_typeDesc_tractor</typeDesc>
        <filename>deutzFahrSeries7.i3d</filename>
	<sounds filename="$data/vehicles/deutzFahr/series7/sounds/series7.xml"/>
        <size width="3.2" length="5.5"/>
        <components>
            <component centerOfMass="0 1 -0.58" solverIterationCount="20" mass="3950" />
            <component centerOfMass="0 0.0 0"  solverIterationCount="20" mass="3000" />
            <joint component1="1" component2="2" node="frontAxisJoint" rotLimit="0 0 5" transLimit="0 0 0" maxRotDriveForce="0 0 20" rotDriveRotation="- - 0" rotDriveSpring="0 0 40" rotDriveDamping="0 0 40"/>
        </components>
        <schemaOverlay attacherJointPosition="0 0" name="VEHICLE" />
        <mapHotspot type="TRACTOR" />
    </base>

    <configurationSets title="$l10n_configuration_motorSetup">
        <configurationSet name="7210 TTV">
            <configuration name="motor" index="1" />
        </configurationSet>
        <configurationSet name="7230 TTV">
            <configuration name="motor" index="2" />
        </configurationSet>
        <configurationSet name="7250 TTV">
            <configuration name="motor" index="3" />
        </configurationSet>
        <configurationSet name="7250 TTV Warrior">
            <configuration name="motor" index="4" />
            <configuration name="baseMaterial" index="2" />
        </configurationSet>
    </configurationSets>

    <designConfigurations title="$l10n_isaret">
	<designConfiguration name="$l10n_configuration_valueNo" price="0"/>
	<designConfiguration name="$l10n_configuration_valueYes" price="0">
		<objectChange node="0>0|5|10" visibilityActive="true"/>
	</designConfiguration>
    </designConfigurations>

    <wheels>
        <wheelConfigurations>
            <wheelConfiguration name="$l10n_configuration_valueDefault" price="0" brand="TRELLEBORG">
                <wheels autoRotateBackSpeed="2.2">
                    <wheel filename="$data/shared/wheels/tires/trelleborg/TM900/600_70R30.xml" isLeft="true" hasTireTracks="true" hasParticles="true" >
                        <physics rotSpeed="1" restLoad="2.2" repr="axisFrontLeft"  driveNode="wheelFrontLeft"  forcePointRatio="0.5" initialCompression="25" suspTravel="0.14" spring="55" damper="60" yOffset="0.03"/>
                        <fender node="fenderFrontLeft" rotMax="19" />
                    </wheel>
                    <wheel filename="$data/shared/wheels/tires/trelleborg/TM900/600_70R30.xml" isLeft="false" hasTireTracks="true" hasParticles="true" >
                        <physics rotSpeed="1" restLoad="2.2" repr="axisFrontRight" driveNode="wheelFrontRight" forcePointRatio="0.5" initialCompression="25" suspTravel="0.14" spring="55" damper="60" yOffset="0.03"/>
                        <fender node="fenderFrontRight" rotMin="-19" />
                    </wheel>
                    <wheel filename="$data/shared/wheels/tires/trelleborg/TM800/650_65R42.xml" isLeft="true" hasTireTracks="true" hasParticles="true" >
                        <physics rotSpeed="0" restLoad="2.0" repr="wheelBackLeft"  forcePointRatio="0.5" initialCompression="20" suspTravel="0.2" spring="41" damper="60" yOffset="0.03"/>
                    </wheel>
                    <wheel filename="$data/shared/wheels/tires/trelleborg/TM800/650_65R42.xml" isLeft="false" hasTireTracks="true" hasParticles="true" >
                        <physics rotSpeed="0" restLoad="2.0" repr="wheelBackRight" forcePointRatio="0.5" initialCompression="20" suspTravel="0.2" spring="41" damper="60" yOffset="0.03"/>
                    </wheel>
                </wheels>
            </wheelConfiguration>
            <wheelConfiguration name="$l10n_configuration_valueDefault" price="0" brand="MICHELIN">
                <wheels autoRotateBackSpeed="2.2">
                    <wheel filename="$data/shared/wheels/tires/michelin/axioBib2/600_70R30.xml" isLeft="true" hasTireTracks="true" hasParticles="true" >
                        <physics rotSpeed="1" restLoad="2.2" repr="axisFrontLeft"  driveNode="wheelFrontLeft"  forcePointRatio="0.5" initialCompression="25" suspTravel="0.14" spring="55" damper="60" yOffset="0.03"/>
                        <fender node="fenderFrontLeft" rotMax="19" />
                    </wheel>
                    <wheel filename="$data/shared/wheels/tires/michelin/axioBib2/600_70R30.xml" isLeft="false" hasTireTracks="true" hasParticles="true" >
                        <physics rotSpeed="1" restLoad="2.2" repr="axisFrontRight" driveNode="wheelFrontRight" forcePointRatio="0.5" initialCompression="25" suspTravel="0.14" spring="55" damper="60" yOffset="0.03"/>
                        <fender node="fenderFrontRight" rotMin="-19" />
                    </wheel>
                    <wheel filename="$data/shared/wheels/tires/michelin/axioBib2/650_65R42.xml" isLeft="true" hasTireTracks="true" hasParticles="true" >
                        <physics rotSpeed="0" restLoad="2.0" repr="wheelBackLeft"  forcePointRatio="0.5" initialCompression="20" suspTravel="0.2" spring="41" damper="60" yOffset="0.03"/>
                    </wheel>
                    <wheel filename="$data/shared/wheels/tires/michelin/axioBib2/650_65R42.xml" isLeft="false" hasTireTracks="true" hasParticles="true" >
                        <physics rotSpeed="0" restLoad="2.0" repr="wheelBackRight" forcePointRatio="0.5" initialCompression="20" suspTravel="0.2" spring="41" damper="60" yOffset="0.03"/>
                    </wheel>
                </wheels>
            </wheelConfiguration>
            <wheelConfiguration name="$l10n_configuration_valueWheelWeights" price="1000" brand="TRELLEBORG">
                <wheels autoRotateBackSpeed="2.2">
                    <wheel filename="$data/shared/wheels/tires/trelleborg/TM900/600_70R30.xml" isLeft="true" hasTireTracks="true" hasParticles="true" >
                        <physics rotSpeed="1" restLoad="2.2" repr="axisFrontLeft"  driveNode="wheelFrontLeft"  forcePointRatio="0.5" initialCompression="25" suspTravel="0.14" spring="55" damper="60" yOffset="0.03"/>
                        <fender node="fenderFrontLeft" rotMax="19" />
                    </wheel>
                    <wheel filename="$data/shared/wheels/tires/trelleborg/TM900/600_70R30.xml" isLeft="false" hasTireTracks="true" hasParticles="true" >
                        <physics rotSpeed="1" restLoad="2.2" repr="axisFrontRight" driveNode="wheelFrontRight" forcePointRatio="0.5" initialCompression="25" suspTravel="0.14" spring="55" damper="60" yOffset="0.03"/>
                        <fender node="fenderFrontRight" rotMin="-19" />
                    </wheel>
                    <wheel filename="$data/shared/wheels/tires/trelleborg/TM800/650_65R42.xml" configId="weight3" isLeft="true" hasTireTracks="true" hasParticles="true" >
                        <physics rotSpeed="0" restLoad="2.5" repr="wheelBackLeft"  forcePointRatio="0.5" initialCompression="20" suspTravel="0.2" spring="41" damper="60" yOffset="0.03"/>
                    </wheel>
                    <wheel filename="$data/shared/wheels/tires/trelleborg/TM800/650_65R42.xml" configId="weight3" isLeft="false" hasTireTracks="true" hasParticles="true" >
                        <physics rotSpeed="0" restLoad="2.5" repr="wheelBackRight" forcePointRatio="0.5" initialCompression="20" suspTravel="0.2" spring="41" damper="60" yOffset="0.03"/>
                    </wheel>
                </wheels>
            </wheelConfiguration>

            <wheelConfiguration name="$l10n_configuration_valueWheelBroad" price="2000" brand="MICHELIN">
                <wheels autoRotateBackSpeed="2.2">
                    <wheel filename="$data/shared/wheels/tires/michelin/axioBib2/600_70R30.xml" isLeft="true" hasTireTracks="true" hasParticles="true" >
                        <physics rotSpeed="1" restLoad="2.2" repr="axisFrontLeft"  driveNode="wheelFrontLeft"  forcePointRatio="0.5" initialCompression="25" suspTravel="0.14" spring="55" damper="60" yOffset="0.03"/>
                        <fender node="fenderFrontLeft" rotMax="19" />
                    </wheel>
                    <wheel filename="$data/shared/wheels/tires/michelin/axioBib2/600_70R30.xml" isLeft="false" hasTireTracks="true" hasParticles="true" >
                        <physics rotSpeed="1" restLoad="2.2" repr="axisFrontRight" driveNode="wheelFrontRight" forcePointRatio="0.5" initialCompression="25" suspTravel="0.14" spring="55" damper="60" yOffset="0.03"/>
                        <fender node="fenderFrontRight" rotMin="-19" />
                    </wheel>
                    <wheel filename="$data/shared/wheels/tires/michelin/machXbib/710_70R38.xml" isLeft="true" hasTireTracks="true" hasParticles="true" >
                        <physics rotSpeed="0" restLoad="2.0" repr="wheelBackLeft"  forcePointRatio="0.5" initialCompression="20" suspTravel="0.2" spring="41" damper="60" yOffset="0.03"/>
                    </wheel>
                    <wheel filename="$data/shared/wheels/tires/michelin/machXbib/710_70R38.xml" isLeft="false" hasTireTracks="true" hasParticles="true" >
                        <physics rotSpeed="0" restLoad="2.0" repr="wheelBackRight" forcePointRatio="0.5" initialCompression="20" suspTravel="0.2" spring="41" damper="60" yOffset="0.03"/>
                    </wheel>
                </wheels>
            </wheelConfiguration>

            <wheelConfiguration name="$l10n_configuration_valueWheelBroadWeights" price="3000" brand="TRELLEBORG">
                <wheels autoRotateBackSpeed="2.2">
                    <wheel filename="$data/shared/wheels/tires/trelleborg/TM900/600_70R30.xml" isLeft="true" hasTireTracks="true" hasParticles="true" >
                        <physics rotSpeed="1" restLoad="2.2" repr="axisFrontLeft"  driveNode="wheelFrontLeft"  forcePointRatio="0.5" initialCompression="25" suspTravel="0.14" spring="55" damper="60" yOffset="0.03"/>
                        <fender node="fenderFrontLeft" rotMax="19" />
                    </wheel>
                    <wheel filename="$data/shared/wheels/tires/trelleborg/TM900/600_70R30.xml" isLeft="false" hasTireTracks="true" hasParticles="true" >
                        <physics rotSpeed="1" restLoad="2.2" repr="axisFrontRight" driveNode="wheelFrontRight" forcePointRatio="0.5" initialCompression="25" suspTravel="0.14" spring="55" damper="60" yOffset="0.03"/>
                        <fender node="fenderFrontRight" rotMin="-19" />
                    </wheel>
                    <wheel filename="$data/shared/wheels/tires/trelleborg/TM800/710_70R38.xml" configId="weight3" isLeft="true" hasTireTracks="true" hasParticles="true" >
                        <physics rotSpeed="0" restLoad="2.6" repr="wheelBackLeft"  forcePointRatio="0.5" initialCompression="20" suspTravel="0.2" spring="41" damper="60" yOffset="0.03"/>
                    </wheel>
                    <wheel filename="$data/shared/wheels/tires/trelleborg/TM800/710_70R38.xml" configId="weight3" isLeft="false" hasTireTracks="true" hasParticles="true" >
                        <physics rotSpeed="0" restLoad="2.6" repr="wheelBackRight" forcePointRatio="0.5" initialCompression="20" suspTravel="0.2" spring="41" damper="60" yOffset="0.03"/>
                    </wheel>
                </wheels>
            </wheelConfiguration>

            <wheelConfiguration name="$l10n_configuration_valueTwinWheelsBack" price="4000" brand="TRELLEBORG">
                <wheels autoRotateBackSpeed="2.2">
                    <wheel filename="$data/shared/wheels/tires/trelleborg/TM900/600_70R30.xml" isLeft="true" hasTireTracks="true" hasParticles="true" >
                        <physics rotSpeed="1" restLoad="2.2" repr="axisFrontLeft"  driveNode="wheelFrontLeft"  forcePointRatio="0.5" initialCompression="25" suspTravel="0.14" spring="55" damper="60" yOffset="0.03"/>
                        <fender node="fenderFrontLeft" rotMax="19" />
                    </wheel>
                    <wheel filename="$data/shared/wheels/tires/trelleborg/TM900/600_70R30.xml" isLeft="false" hasTireTracks="true" hasParticles="true" >
                        <physics rotSpeed="1" restLoad="2.2" repr="axisFrontRight" driveNode="wheelFrontRight" forcePointRatio="0.5" initialCompression="25" suspTravel="0.14" spring="55" damper="60" yOffset="0.03"/>
                        <fender node="fenderFrontRight" rotMin="-19" />
                    </wheel>
                    <wheel filename="$data/shared/wheels/tires/trelleborg/TM800/650_65R42.xml" isLeft="true" hasTireTracks="true" hasParticles="true">
                        <physics rotSpeed="0" restLoad="2.2" repr="wheelBackLeft"  forcePointRatio="0.5" initialCompression="20" suspTravel="0.2" spring="41" damper="60" yOffset="0.03"/>
                        <additionalWheel filename="$data/shared/wheels/tires/trelleborg/TM800/650_65R42.xml" configId="dual" offset="0.2" hasTireTracks="true" hasParticles="true" >
                            <connector filename="$data/shared/wheels/rims/dual001_2.xml" />
                        </additionalWheel>
                    </wheel>
                    <wheel filename="$data/shared/wheels/tires/trelleborg/TM800/650_65R42.xml" isLeft="false" hasTireTracks="true" hasParticles="true">
                        <physics rotSpeed="0" restLoad="2.2" repr="wheelBackRight"  forcePointRatio="0.5" initialCompression="20" suspTravel="0.2" spring="41" damper="60" yOffset="0.03"/>
                        <additionalWheel filename="$data/shared/wheels/tires/trelleborg/TM800/650_65R42.xml" configId="dual" offset="0.2" hasTireTracks="true" hasParticles="true" >
                            <connector filename="$data/shared/wheels/rims/dual001_2.xml" />
                        </additionalWheel>
                    </wheel>
                </wheels>
		<foliageBendingModifier index="2" minX="-2.0" maxX="2.0" />
                <size width="4.5" />
            </wheelConfiguration>

            <wheelConfiguration name="$l10n_configuration_valueTwinWheelsAll" price="6000" brand="TRELLEBORG">
                <wheels autoRotateBackSpeed="2.2" ackermannSteeringIndex="2">
                    <wheel filename="$data/shared/wheels/tires/trelleborg/TM900/600_70R30.xml" isLeft="true" hasTireTracks="true" hasParticles="true" >
                        <physics rotSpeed="1" restLoad="2.4" repr="axisFrontLeft"  driveNode="wheelFrontLeft"  forcePointRatio="0.5" initialCompression="25" suspTravel="0.14" spring="55" damper="60" yOffset="0.03"/>
                        <fender node="fenderFrontLeft" rotMax="19" />
                        <additionalWheel filename="$data/shared/wheels/tires/trelleborg/TM900/600_70R30.xml" configId="dual" offset="0.2" hasTireTracks="true" hasParticles="true" >
                            <connector filename="$data/shared/wheels/rims/dual001_2.xml" />
                        </additionalWheel>
                    </wheel>
                    <wheel filename="$data/shared/wheels/tires/trelleborg/TM900/600_70R30.xml" isLeft="false" hasTireTracks="true" hasParticles="true" >
                        <physics rotSpeed="1" restLoad="2.4" repr="axisFrontRight" driveNode="wheelFrontRight" forcePointRatio="0.5" initialCompression="25" suspTravel="0.14" spring="55" damper="60" yOffset="0.03"/>
                        <fender node="fenderFrontRight" rotMin="-19" />
                        <additionalWheel filename="$data/shared/wheels/tires/trelleborg/TM900/600_70R30.xml" configId="dual" offset="0.2" hasTireTracks="true" hasParticles="true" >
                            <connector filename="$data/shared/wheels/rims/dual001_2.xml" />
                        </additionalWheel>
                    </wheel>
                    <wheel filename="$data/shared/wheels/tires/trelleborg/TM800/650_65R42.xml" isLeft="true" hasTireTracks="true" hasParticles="true">
                        <physics rotSpeed="0" restLoad="2.2" repr="wheelBackLeft"  forcePointRatio="0.5" initialCompression="20" suspTravel="0.2" spring="41" damper="60" yOffset="0.03"/>
                        <additionalWheel filename="$data/shared/wheels/tires/trelleborg/TM800/650_65R42.xml" configId="dual" offset="0.2" hasTireTracks="true" hasParticles="true" >
                            <connector filename="$data/shared/wheels/rims/dual001_2.xml" />
                        </additionalWheel>
                    </wheel>
                    <wheel filename="$data/shared/wheels/tires/trelleborg/TM800/650_65R42.xml" isLeft="false" hasTireTracks="true" hasParticles="true">
                        <physics rotSpeed="0" restLoad="2.2" repr="wheelBackRight"  forcePointRatio="0.5" initialCompression="20" suspTravel="0.2" spring="41" damper="60" yOffset="0.03"/>
                        <additionalWheel filename="$data/shared/wheels/tires/trelleborg/TM800/650_65R42.xml" configId="dual" offset="0.2" hasTireTracks="true" hasParticles="true" >
                            <connector filename="$data/shared/wheels/rims/dual001_2.xml" />
                        </additionalWheel>
                    </wheel>
                </wheels>
                    <foliageBendingModifier index="1" minX="-2.0" maxX="2.0" />
                    <foliageBendingModifier index="2" minX="-2.0" maxX="2.0" />
                <size width="4.5" />
            </wheelConfiguration>
	<wheelConfiguration name="$l10n_configuration_valueCrawler" price="15000" brand="LIZARD">
                <wheels autoRotateBackSpeed="2.2" ackermannSteeringIndex="2">
                    <wheel isLeft="true" hasTireTracks="true" hasParticles="true">
                        <physics rotSpeed="1" restLoad="2.4" repr="axisFrontLeft" driveNode="wheelFrontLeft" forcePointRatio="0.5" radius="0.8" width="0.8" frictionScale="2.5" initialCompression="30" suspTravel="0.22" spring="33" damper="40" yOffset="0.03"/>
                        <steering node="steeringBarLeft" nodeMinTransX="-0.112" nodeMaxTransX="0.112"/>
                        <fender node="fenderFrontLeft" rotMax="28"/>
                    </wheel>
                    <wheel isLeft="false" hasTireTracks="true" hasParticles="true">
                        <physics rotSpeed="1" restLoad="2.4" repr="axisFrontRight" driveNode="wheelFrontRight" forcePointRatio="0.5" radius="0.8" width="0.8" frictionScale="2.5" initialCompression="30" suspTravel="0.22" spring="33" damper="40" yOffset="0.03"/>
                        <fender node="fenderFrontRight" rotMin="-28"/>
                    </wheel>
                    <wheel hasTireTracks="true" hasParticles="true">
                        <physics rotSpeed="0" restLoad="3.0" repr="0>0|0|3" maxWheelSink="0.1" forcePointRatio="0.5" radius="1" width="0.8" mass="0.4" initialCompression="20" suspTravel="0.15" spring="85" damper="60" frictionScale="2.5" tireType="crawler" />
                        <tire tireTrackAtlasIndex="7" isCareWheel="false" />
                    </wheel>
                    <wheel hasTireTracks="true" hasParticles="true">
                        <physics rotSpeed="0" restLoad="3.0" repr="0>0|0|4" maxWheelSink="0.1" forcePointRatio="0.5" radius="1" width="0.8" mass="0.4" initialCompression="20" suspTravel="0.15" spring="85" damper="60" frictionScale="2.5" tireType="crawler" />
                        <tire tireTrackAtlasIndex="7" isCareWheel="false" />
                    </wheel>
                </wheels>
                <crawlers>
			<crawler filename="Tracks/Tracks.xml" linkNode="1>0|0|0|0|1"  wheelIndex="1" isLeft="true"/>
			<crawler filename="Tracks/Tracks.xml" linkNode="1>0|1|0|0|1" wheelIndex="2" isLeft="false"/>
                   	<crawler filename="Tracks/Tracks.xml" linkNode="0>0|0|3"  wheelIndex="3" isLeft="true"/>
                 	<crawler filename="Tracks/Tracks.xml" linkNode="0>0|0|4" wheelIndex="4" isLeft="false"/>
                </crawlers>
		<objectChange node="1>0|0|0|0|1"  scaleActive="0.9 0.75 0.75" scaleInactive="1 1 1"/>	
		<objectChange node="1>0|1|0|0|1"  scaleActive="0.9 0.75 0.75" scaleInactive="1 1 1"/>
            </wheelConfiguration>
        </wheelConfigurations>

        <ackermannSteeringConfigurations>
            <ackermannSteering rotSpeed="40" rotMax="39" rotCenterWheel1="3" rotCenterWheel2="4"/>
            <ackermannSteering rotSpeed="40" rotMax="22" rotCenterWheel1="3" rotCenterWheel2="4"/>
        </ackermannSteeringConfigurations>

        <hubs>
            <hub linkNode="wheelFrontLeft"  filename="$data/shared/wheels/hubs/hub_n12_3.xml"  isLeft="true"  scale="0.42 0.42 0.42" />
            <hub linkNode="wheelFrontRight" filename="$data/shared/wheels/hubs/hub_n12_3.xml"  isLeft="false" scale="0.42 0.42 0.42" />
            <hub linkNode="wheelBackLeft"   filename="$data/shared/wheels/hubs/hub_n10_16.xml" isLeft="true"  scale="0.33 0.33 0.33" />
            <hub linkNode="wheelBackRight"  filename="$data/shared/wheels/hubs/hub_n10_16.xml" isLeft="false" scale="0.33 0.33 0.33" />
        </hubs>
    </wheels>
	
    <attacherJoints comboDuration="2">
        <attacherJoint node="attacherJointBack" lowerRotationOffset="-1.25" upperRotationOffset="-0.51" moveTime="2.5" comboTime="1">
            <distanceToGround lower="0.32" upper="1.14"/>
            <rotationNode node="attacherJointBackRot" upperRotation="35 0 0" lowerRotation="-22 0 0"/>
            <rotationNode2 node="attacherJointBackRot2"/>
            <bottomArm rotationNode="attacherJointBackArmBottom" translationNode="bottomLink" referenceNode="referencePointBackBottom" zScale="-1" startRotation="-17 0 0"/>
            <topArm baseNode="attacherJointBackArmTop"  filename="$data/shared/assets/upperLinks/walterscheid03.i3d" zScale="-1"/>
            <schema position="1 0" rotation="0" invertX="false"/>
            <objectChange node="trailerAttacherJointNode" visibilityActive="false" visibilityInactive="true"/>
        </attacherJoint>
        <attacherJoint node="attacherJointFront" lowerRotationOffset="1.25" upperRotationOffset="0.51" moveTime="2.5" comboTime="0">
            <distanceToGround lower="0.32" upper="1.08"/>
            <rotationNode node="attacherJointFrontRot" upperRotation="-26 0 0" lowerRotation="28 0 0"/>
            <rotationNode2 node="attacherJointFrontRot2"/>
            <bottomArm rotationNode="attacherJointFrontBottomArm" translationNode="bottomLinkFront" referenceNode="referencePointFrontBottom" zScale="1" startRotation="-8.5 0 0"/>
            <topArm baseNode="attacherJointFrontTopArm" filename="$data/shared/assets/upperLinks/walterscheid01.i3d" zScale="1"/>
            <schema position="1 0" rotation="0" invertX="true"/>
            <objectChange node="bottomLinkFrontLeft" rotationActive="179.225 23.972 -1.423" rotationInactive="101.642 23.972 -1.423"/>
            <objectChange node="bottomLinkFrontRight" rotationActive="91.195 156.028 1.423" rotationInactive="168.258 156.028 1.423"/>
        </attacherJoint>
        <attacherJoint node="trailerAttacherJoint" jointType="trailer" lowerRotLimit="10 50 50" comboTime="1" allowsJointLimitMovement="false">
            <distanceToGround lower="0.30" upper="1.11" />
            <transNode node="trailerAttacherJointNode" minY="0.3" maxY="1.11"/>
            <schema position="1 0" rotation="0" invertX="false"/>
            <objectChange node="trailerAttacherJointLowNode" visibilityActive="false" visibilityInactive="true"/>
        </attacherJoint>
        <attacherJoint node="trailerAttacherJointBackLow" jointType="trailerLow" lowerRotLimit="10 50 50" comboTime="1" allowsJointLimitMovement="false">
            <distanceToGround lower="0.4" upper="0.75" />
            <steeringBars leftNode="steeringBarLeftRef" rightNode="steeringBarRightRef"/>
            <transNode node="trailerAttacherJointLowNode" minY="0.38" maxY="0.75"/>
            <schema position="1 0" rotation="0" invertX="false"/>
            <objectChange node="attacherJointBackArmBottom" rotationActive="35 0 0" rotationInactive="-17 0 0"/>
            <objectChange node="trailerAttacherJointNode" visibilityActive="false" visibilityInactive="true"/>
        </attacherJoint>
        <attacherJoint node="trailerAttacherJointFront" jointType="trailer" lowerRotLimit="10 50 50" comboTime="0" allowsJointLimitMovement="false">
            <schema position="1 0" rotation="0" invertX="true"/>
            <objectChange node="bottomLinkFrontLeft" visibilityActive="false" visibilityInactive="true"/>
            <objectChange node="bottomLinkFrontRight" visibilityActive="false" visibilityInactive="true"/>
        </attacherJoint>
        <sounds>
            <attach template="ATTACH_01" />
        </sounds>
    </attacherJoints>

    <powerTakeOffs>
        <output attacherJointIndices="1 3 4" outputNode="ptoBack" />
        <output attacherJointIndices="2 5" outputNode="ptoFront" />
    </powerTakeOffs>
    <licensePlates>
	<licensePlate node="0>0|12|0" position="FRONT" preferedType="SQUARISH" placementArea="0.08 0.27 0.2 0.27"/>
        <licensePlate node="0>0|12|1" position="BACK" preferedType="SQUARISH" placementArea="0.08 0.27 0.2 0.27"/>
    </licensePlates>
    <frontloaderConfigurations>
        <frontloaderConfiguration name="$l10n_ui_no" price="0">
            <objectChange node="attacherBlock" visibilityActive="false"/>
        </frontloaderConfiguration>
        <frontloaderConfiguration name="$l10n_ui_yes" price="1500" >
            <attacherJoint node="attacherJointFL" jointType="attachableFrontloader" lowerRotLimit="0 0 0" lowerTransLimit="0 0 0" moveTime="2">
                <rotationNode upperRotation="0 0 0" lowerRotation="0 0 0"/>
                <schema position="0 0.4" rotation="0" invertX="true"/>
            </attacherJoint>
            <objectChange node="attacherBlock" visibilityActive="true" visibilityInactive="false"/>
        </frontloaderConfiguration>
    </frontloaderConfigurations>

    <lights>
        <states>
            <state lightTypes="0" />
            <state lightTypes="0 1" />
            <state lightTypes="0 1 2" />
        </states>

        <realLights>
            <low>
                <light node="frontLightLow"      lightTypes="0" excludedLightTypes="2 3" />
		<light node="0>0|12|3|0"    	 lightTypes="0"/>
                <light node="workLightBackLow"   lightTypes="1"/>
                <light node="workLightFrontLow"  lightTypes="2"/>
                <light node="highBeamLow"        lightTypes="3" />
            </low>
            <high>
                <light node="frontLightHigh"     lightTypes="0" excludedLightTypes="2 3" />
                <light node="workLightBackHigh"  lightTypes="1"/>
                <light node="workLightFrontHigh" lightTypes="2"/>
                <light node="highBeamHigh"       lightTypes="3"/>
                <light node="backLightsHigh"     lightTypes="0"/>
                <brakeLight node="backLightsHigh" />
                <turnLightLeft node="turnLightLeftFront" />
                <turnLightRight node="turnLightRightFront" />
                <interiorLight node="interiorScreenLight"/>
                <interiorLight node="interiorScreenLight1"/>
                <reverseLight node="reverseLight"/>
            </high>
        </realLights>

        <defaultLights>
            <defaultLight shaderNode="frontlightStatic01"   lightTypes="0 3" intensity="20"/>
            <defaultLight shaderNode="frontlightStatic02"   lightTypes="0 3" intensity="20"/>
            <defaultLight shaderNode="backlightStatic"      lightTypes="0" intensity="30"/>
            <defaultLight shaderNode="worklightBackStatic"  lightTypes="1" intensity="30"/>
            <defaultLight shaderNode="worklightFrontStatic" lightTypes="2" intensity="30"/>
	    <defaultLight shaderNode="0>0|12|2|0" lightTypes="0 3" intensity="20"/>
        </defaultLights>

        <turnLights>
            <turnLightLeft shaderNode="turnlightLeftStatic" />
            <turnLightRight shaderNode="turnlightRightStatic" />
        </turnLights>

        <brakeLights>
            <brakeLight shaderNode="brakelightStatic" />
            <brakeLight shaderNode="backlightStatic" />
        </brakeLights>

        <reverseLights>
            <reverseLight shaderNode="reverseLightStatic" />
        </reverseLights>

        <beaconLights>
            <beaconLight node="beaconLight1" filename="$data/shared/assets/beaconLights/lizard/beaconLight07.xml" />
        </beaconLights>

        <sounds>
            <switchLight template="SWITCH_01"  />
            <turnLight template="SWITCH_TURNLIGHT" />
        </sounds>

        <dashboards>
            <dashboard displayType="EMITTER" valueType="lightState" node="dashboard_decal" intensity="0.5" lightTypes="0" groups="MOTOR_ACTIVE"/>
            <dashboard displayType="EMITTER" valueType="lightState" node="seatDecalsLight" intensity="0.1" lightTypes="0" groups="MOTOR_ACTIVE"/>
        </dashboards>
    </lights>

    <enterable>
        <exitPoint node="exitPoint"/>
        <enterReferenceNode node="deutzFahr7250_main_component1"/>

        <characterNode node="player_skin" cameraMinDistance="1.5" spineRotation="-90 0 90" >
            <target ikChain="rightFoot" targetNode="player_rightFoot"/>
            <target ikChain="leftFoot" targetNode="player_leftFoot"/>
            <target ikChain="rightArm" targetNode="player_rightHand" poseId="wideFingers"/>
            <target ikChain="leftArm" targetNode="player_leftHand"/>
        </characterNode>

        <characterTargetNodeModifier node="player_rightFoot" transitionTime="0.1" >
            <state node="playerRightFootTargetGas"   referenceNode="gasPedal" directionReferenceNode="playerRightFootTargetGasRef" />
            <state node="playerRightFootTargetBrake" referenceNode="brakePedal" />
        </characterTargetNodeModifier>

        <cameras>
            <camera node="outdoorCamera" rotatable="true" rotateNode="outdoorCameraTarget" limit="true" useWorldXZRotation="true" rotMinX="-1.4" rotMaxX="1" transMin="4" transMax="40" translation="0 0 6.2" rotation="-20 180 0">
                <raycastNode node="cameraRaycastNode1"/>
                <raycastNode node="cameraRaycastNode2"/>
            </camera>
            <camera node="indoorCamera" rotatable="true" limit="true" rotMinX="-1.1" rotMaxX="0.4" transMin="0" transMax="0" useMirror="true" isInside="true" shadowFocusBox="shadowFocusBox"/>
        </cameras>
        <mirrors>
            <mirror node="mirror1Decal" prio="1"/>
            <mirror node="mirror2Decal" prio="1"/>
        </mirrors>
        <dashboards>
            <dashboard displayType="NUMBER" valueType="time"          numbers="numbersTime"  numberColor="1 1 1 1"  precision="2" groups="MOTOR_ACTIVE"/>
            <dashboard displayType="NUMBER" valueType="operatingTime" numbers="numbersOperatingTime" numberColor="SHARED_BLACK1" precision="1" groups="MOTOR_ACTIVE"/>
        </dashboards>
    </enterable>

    <suspensions>
        <suspension node="cabin"             weight="400" minRotation="-5 0 -5" maxRotation="5 0 5" suspensionParametersX="200 17" suspensionParametersZ="200 17" />
        <suspension node="seat"              weight="150" minTranslation="-0.05 -0.15 0.0" maxTranslation="0.05 0.15 0.0" suspensionParametersX="20 4" suspensionParametersY="5 1" suspensionParametersZ="20 4" />
        <suspension useCharacterTorso="true" weight="90" minRotation="0 -5 -5" maxRotation="0 5 5" suspensionParametersY="7 1" suspensionParametersZ="7 1" />
    </suspensions>

    <motorized>
        <consumerConfigurations>
            <consumerConfiguration>
                <consumer fillUnitIndex="1" usage="73"  fillType="diesel" />  <!-- usage is per hour at max load and max rpm -->
                <consumer fillUnitIndex="2" usage="8" fillType="def" />  <!-- usage is per hour at max load and max rpm -->
                <consumer fillUnitIndex="3" usage="250" fillType="air" permanentConsumption="false" refillLitersPerSecond="350" refillCapacityPercentage="0.5" /> <!-- usage per second at full brake power -->
            </consumerConfiguration>
        </consumerConfigurations>

        <motorConfigurations>
            <motorConfiguration name="7210 TTV" price="0" hp="224">
                <motor torqueScale="0.947" minRpm="850" maxRpm="2200" maxForwardSpeed="63" maxBackwardSpeed="22" brakeForce="10" lowBrakeForceScale="0.22" lowBrakeForceSpeedLimit="1">
                    <torque normRpm="0.45" torque="0.9"/>
                    <torque normRpm="0.5" torque="0.97"/>
                    <torque normRpm="0.59" torque="1"/>
                    <torque normRpm="0.72" torque="1"/>
                    <torque normRpm="0.86" torque="0.88"/>
                    <torque normRpm="1" torque="0.72"/>
                </motor>
                <transmission minForwardGearRatio="10.2" maxForwardGearRatio="300" minBackwardGearRatio="32" maxBackwardGearRatio="300" />
                <objectChange node="number_7210" visibilityActive="true"/>
                <objectChange node="number_7230" visibilityActive="false"/>
                <objectChange node="number_7250" visibilityActive="false"/>
                <objectChange node="deutzWarriorDecal_decal" visibilityActive="false"/>
            </motorConfiguration>
            <motorConfiguration name="7230 TTV" price="10500" hp="245">
                <motor torqueScale="1.035"/>
                <objectChange node="number_7210" visibilityActive="false"/>
                <objectChange node="number_7230" visibilityActive="true"/>
                <objectChange node="number_7250" visibilityActive="false"/>
                <objectChange node="deutzWarriorDecal_decal" visibilityActive="false"/>
            </motorConfiguration>
            <motorConfiguration name="7250 TTV" price="19500" hp="263">
                <motor torqueScale="1.113"/>
                <objectChange node="number_7210" visibilityActive="false"/>
                <objectChange node="number_7230" visibilityActive="false"/>
                <objectChange node="number_7250" visibilityActive="true"/>
                <objectChange node="deutzWarriorDecal_decal" visibilityActive="false"/>
            </motorConfiguration>
            <motorConfiguration name="7250 TTV Warrior" price="19500" hp="263">
                <motor torqueScale="1.113"/>
                <objectChange node="number_7210" visibilityActive="false"/>
                <objectChange node="number_7230" visibilityActive="false"/>
                <objectChange node="number_7250" visibilityActive="true"/>
                <objectChange node="deutzWarriorDecal_decal" visibilityActive="true"/>
            </motorConfiguration>
        </motorConfigurations>

        <differentialConfigurations>
            <differentialConfiguration>
                <differentials>
                    <differential torqueRatio="0.5" maxSpeedRatio="1.8" wheelIndex1="1" wheelIndex2="2" /> <!-- front left-right -->
                    <differential torqueRatio="0.5" maxSpeedRatio="1.8" wheelIndex1="3" wheelIndex2="4" /> <!-- back left-right -->
                    <differential torqueRatio="0.5" maxSpeedRatio="1.8" differentialIndex1="1" differentialIndex2="2" /> <!-- front-back -->
                </differentials>
            </differentialConfiguration>
        </differentialConfigurations>

        <exhaustEffects>
            <exhaustEffect node="exhaustParticles" filename="$data/effects/exhaust/exhaust.i3d" minRpmColor="0.9 0.9 0.9 0.1" maxRpmColor="0.9 0.9 0.9 0.4" minRpmScale="0.05" maxRpmScale="0.5" xzRotationsOffset="-150 0" xzRotationsForward="0 300" xzRotationsBackward="150 0" xzRotationsLeft="20 80" xzRotationsRight="40 -200"/>
        </exhaustEffects>
        <motorStartDuration>2200</motorStartDuration>

        <dashboards>
            <dashboard displayType="NUMBER" valueType="speed" numbers="numbersSpeed" precision="1" numberColor="0.4508 0.6307 0.7157 1" groups="MOTOR_ACTIVE"/>
            <dashboard displayType="ANIMATION" valueType="rpm" animName="rpmDisplay"  minValueAnim="0" maxValueAnim="2500" groups="MOTOR_ACTIVE"/>
            <dashboard displayType="ANIMATION" valueType="motorTemperature" animName="tempDisplay"  minValueAnim="20" maxValueAnim="120" groups="MOTOR_ACTIVE"/>
        </dashboards>
    </motorized>

    <drivable>
        <sounds>
            <waterSplash template="WATER_SPLASH_01" />
        </sounds>
        <steeringWheel node="steeringWheel" indoorRotation="540" outdoorRotation="30"/>

        <dashboards>
            <dashboard displayType="ROT"     valueType="accelerationAxis" node="gasPedal"   minRot="0 0 0" maxRot="20 0 0" doInterpolation="true" groups="MOTOR_ACTIVE"/>
            <dashboard displayType="ROT"     valueType="decelerationAxis" node="brakePedal" minRot="0 0 0" maxRot="-20 0 0" doInterpolation="true" groups="MOTOR_ACTIVE"/>
        </dashboards>
    </drivable>

    <animations>
        <animation name="rpmDisplay">
            <part node="rpm" startTime="0" endTime="0.27" startRot="0 0 0" endRot="0 0 0"/>
            <part node="rpm" startTime="0.27" endTime="1" startRot="0 0 0" endRot="0 -210 0"/>
        </animation>
        <animation name="fuelDisplay">
            <part node="fuel" startTime="0" endTime="1" startRot="0 0 0" endRot="0 -110 0"/>
            <part node="fuel1Decal_decal" startTime="0" endTime="0.001" visibility="false"/>
            <part node="fuel1Decal_decal" startTime="0.001" endTime="0.002" visibility="true"/>
            <part node="fuel2Decal_decal" startTime="0.1249" endTime="0.1250" visibility="false"/>
            <part node="fuel2Decal_decal" startTime="0.1250" endTime="0.1251" visibility="true"/>
            <part node="fuel3Decal_decal" startTime="0.249" endTime="0.250" visibility="false"/>
            <part node="fuel3Decal_decal" startTime="0.250" endTime="0.251" visibility="true"/>
            <part node="fuel4Decal_decal" startTime="0.3749" endTime="0.3750" visibility="false"/>
            <part node="fuel4Decal_decal" startTime="0.3750" endTime="0.3751" visibility="true"/>
            <part node="fuel5Decal_decal" startTime="0.499" endTime="0.500" visibility="false"/>
            <part node="fuel5Decal_decal" startTime="0.500" endTime="0.501" visibility="true"/>
            <part node="fuel6Decal_decal" startTime="0.6249" endTime="0.6250" visibility="false"/>
            <part node="fuel6Decal_decal" startTime="0.6250" endTime="0.6251" visibility="true"/>
            <part node="fuel7Decal_decal" startTime="0.749" endTime="0.750" visibility="false"/>
            <part node="fuel7Decal_decal" startTime="0.750" endTime="0.751" visibility="true"/>
            <part node="fuel8Decal_decal" startTime="0.8749" endTime="0.8750" visibility="false"/>
            <part node="fuel8Decal_decal" startTime="0.8750" endTime="0.8751" visibility="true"/>
            <part node="fuel8Decal_decal" startTime="0.8751" endTime="1" visibility="true"/>
        </animation>
        <animation name="tempDisplay">
            <part node="temp" startTime="0" endTime="1" startRot="0 0 0" endRot="0 -90 0"/>
        </animation>
        <animation name="wiperFrontAnimation">
            <part node="wiperFront"  startTime="0.0" endTime="0.5" startRot="0 0 0" endRot="-8 8 45" />
            <part node="wiperFront"  startTime="0.5" endTime="1.0" startRot="-8 8 45" endRot="-3 3 90" />
            <part node="wiperFront"  startTime="1.0" endTime="1.5" startRot="-3 3 90" endRot="-8 8 45" />
            <part node="wiperFront"  startTime="1.5" endTime="2.0" startRot="-8 8 45" endRot="0 0 0" />
        </animation>
        <animation name="wiperBackAnimation">
            <part node="wiperBack"  startTime="0.0" endTime="1" startRot="0 0 0" endRot="-5.5 -145 0" />
            <part node="wiperBack"  startTime="1" endTime="2.0" startRot="-5.5 -145 0" endRot="0 0 0" />
        </animation>
	<animation name="uyar">
            <part node="0>0|5|10|0"  startTime="0" endTime="1" startRot="0 -65 0" endRot="0 0 0" />
            <part node="0>0|5|10|1"  startTime="0" endTime="1" startRot="0 65 0" endRot="0 0 0" />
        </animation>
    </animations>

    <wipers>
        <wiper animName="wiperFrontAnimation" >
            <state animSpeed="0.75" animPause="2.0" />
            <state animSpeed="0.75" animPause="0.0" />
            <state animSpeed="1.10" animPause="0.0" />
        </wiper>
        <wiper animName="wiperBackAnimation" >
            <state animSpeed="1.0" animPause="2.0" />
        </wiper>
    </wipers>

    <connectionHoses>
        <target attacherJointIndices="1 3 4" type="airDoubleRed" node="airDoubleStorage"/>
        <target attacherJointIndices="1 3 4" type="airDoubleYellow" node="airDoubleControl"/>

        <target attacherJointIndices="1 3 4" type="hydraulicIn" node="hydraulic01_in" socket="hydraulic01"/>
        <target attacherJointIndices="1 3 4" type="hydraulicOut" node="hydraulic01_out" socket="hydraulic01"/>
        <target attacherJointIndices="1 3 4" type="hydraulicIn" node="hydraulic02_in" socket="hydraulic02"/>
        <target attacherJointIndices="1 3 4" type="hydraulicOut" node="hydraulic02_out" socket="hydraulic02"/>
        <target attacherJointIndices="1 3 4" type="hydraulicIn" node="hydraulic03_in" socket="hydraulic01"/>
        <target attacherJointIndices="1 3 4" type="hydraulicOut" node="hydraulic03_out" socket="hydraulic01"/>

        <target attacherJointIndices="1 3 4" type="electric" node="backElectric" socket="electric"/>

	<target attacherJointIndices="2 5" type="electric" node="0>0|4|4|18" socket="electric"/>
	<target attacherJointIndices="2 5" type="airDoubleRed" node="0>0|4|4|17"/>
        <target attacherJointIndices="2 5" type="airDoubleYellow" node="0>0|4|4|16"/>
        <target attacherJointIndices="2 5" type="hydraulicIn" node="0>0|4|4|14" socket="hydraulic01"/>
        <target attacherJointIndices="2 5" type="hydraulicOut" node="0>0|4|4|15" socket="hydraulic01"/>

        <toolConnectorHose mountingNode="rightPipe">
            <startTarget attacherJointIndices="2" type="TOOL_CONNECTOR_TOP_RIGHT" node="rightPipe_frontConnector"/>
            <endTarget attacherJointIndices="1 3 4" type="TOOL_CONNECTOR_TOP_RIGHT" node="rightPipe_backConnector"/>
        </toolConnectorHose>

        <toolConnectorHose mountingNode="bottomPipe01">
            <startTarget attacherJointIndices="2" type="TOOL_CONNECTOR_BOTTOM_01" node="bottomPipe01_frontConnector"/>
            <endTarget attacherJointIndices="1 3 4" type="TOOL_CONNECTOR_BOTTOM_01" node="bottomPipe01_backConnector"/>
        </toolConnectorHose>

        <toolConnectorHose mountingNode="bottomPipe02">
            <startTarget attacherJointIndices="2" type="TOOL_CONNECTOR_BOTTOM_02" node="bottomPipe02_frontConnector"/>
            <endTarget attacherJointIndices="1 3 4" type="TOOL_CONNECTOR_BOTTOM_02" node="bottomPipe02_backConnector"/>
        </toolConnectorHose>

        <toolConnectorHose mountingNode="bottomPipe03">
            <startTarget attacherJointIndices="2" type="TOOL_CONNECTOR_BOTTOM_03" node="bottomPipe03_frontConnector"/>
            <endTarget attacherJointIndices="1 3 4" type="TOOL_CONNECTOR_BOTTOM_03" node="bottomPipe03_backConnector"/>
        </toolConnectorHose>

        <toolConnectorHose mountingNode="bottomPipe04">
            <startTarget attacherJointIndices="2" type="TOOL_CONNECTOR_BOTTOM_04" node="bottomPipe04_frontConnector"/>
            <endTarget attacherJointIndices="1 3 4" type="TOOL_CONNECTOR_BOTTOM_04" node="bottomPipe04_backConnector"/>
        </toolConnectorHose>
    </connectionHoses>

    <cylindered>
        <movingTools>
            <movingTool node="attacherJointBackArmBottom">
                <dependentPart node="mainArm"/>
            </movingTool>
            <movingTool node="attacherJointFrontBottomArm">
                <dependentPart node="hydraulicFront"/>
            </movingTool>
        </movingTools>
        <movingParts>
            <movingPart node="hydraulicFront" referencePoint="hydraulicFrontRef" referenceFrame="hydraulicFrontRefFrame">
                <translatingPart node="hydraulicFrontPunch"/>
            </movingPart>
            <movingPart node="mainArm" referencePoint="mainArmRef" localReferencePoint="mainArmPart" referenceFrame="bottomLink">
                <dependentPart node="mainArmPart"/>
            </movingPart>
            <movingPart node="mainArmPart" referencePoint="mainArmRef" referenceFrame="hydraulicMainArmRefFrame">
                <translatingPart node="mainArmPart2"/>
                <dependentPart node="hydraulicMainArm"/>
            </movingPart>
            <movingPart node="hydraulicMainArm" referencePoint="hydraulicMainArmRef" referenceFrame="hydraulicMainArmRefFrame">
                <translatingPart node="hydraulicMainArmPunch"/>
            </movingPart>
            <movingPart node="steeringBarLeft" referencePoint="1>1|0|0" referenceFrame="1>1|0|0" isActiveDirty="true" maxUpdateDistance="50" scaleZ="true"/>
            <movingPart node="steeringBarRight" referencePoint="1>1|0|1" referenceFrame="1>1|0|1" isActiveDirty="true" maxUpdateDistance="50" scaleZ="true"/>
        </movingParts>
    </cylindered>
    <foldable>
        <foldingConfigurations>
            <foldingConfiguration>
                <foldingParts requiresPower="false">
                    <foldingPart animationName="uyar" speedScale="1.3"/>
                </foldingParts>
            </foldingConfiguration>
        </foldingConfigurations>
    </foldable>
    <fillUnit>
        <fillUnitConfigurations>
            <fillUnitConfiguration>
                <fillUnits>
                    <fillUnit unitTextOverride="$l10n_unit_literShort" showOnHud="false" showInShop="false" fillTypes="diesel" capacity="435">
                        <dashboard displayType="ROT" valueType="fillLevelPct" node="0>0|5|4|0" minRot="0 0 0" maxRot="0 -140 0" doInterpolation="true" interpolationSpeed="0.05" groups="MOTOR_ACTIVE"/>
                    </fillUnit>
                    <fillUnit unitTextOverride="$l10n_unit_literShort" showOnHud="false" showInShop="false" showOnInfoHud="false" fillTypes="def" capacity="35"/>
                    <fillUnit unitTextOverride="$l10n_unit_literShort" showOnHud="false" showInShop="false" showOnInfoHud="false" fillTypes="air" capacity="4000"/>
                </fillUnits>
            </fillUnitConfiguration>
        </fillUnitConfigurations>
    </fillUnit>

    <dashboard>
        <groups>
            <group name="MOTOR_STARTING" isMotorStarting="true"/>
            <group name="MOTOR_ACTIVE"   isMotorStarting="true" isMotorRunning="true"/>
        </groups>
        <default>
            <dashboard displayType="EMITTER" node="dashboardDisplayDecal" idleValue="-1" intensity="0.3" groups="MOTOR_ACTIVE" />
            <dashboard displayType="EMITTER" node="cabinDashboardDisplayDecal" idleValue="-1" intensity="0.3" groups="MOTOR_ACTIVE" />
        </default>
    </dashboard>

    <foliageBending>
        <bendingNode minX="-1.35" maxX="1.35" minZ="-0.2" maxZ="2.45" yOffset="0.6" />
        <bendingNode minX="-1.35" maxX="1.35" minZ="-2.2" maxZ="-0.2" yOffset="0.6" />
    </foliageBending>

    <wearable wearDuration="480" workMultiplier="5" fieldMultiplier="2"/>
    <washable dirtDuration="90" washDuration="1" workMultiplier="3" fieldMultiplier="2"/>

    <honk>
        <sound template="HONK_FENDT511C" linkNode="deutzFahr7250_main_component1" />
    </honk>

    <ai>
        <agent width="2.75" length="5.25" height="3.35" lengthOffset="1.25" frontOffset="2.935" />
        <collisionTrigger node="0>0|6|1" width="2.6" height="3.25"/>
    </ai>

    <baseMaterial>
        <material name="deutzFahr7250_mat" baseNode="deutzFahr7250_vis">
            <shaderParameter name="colorMat6" value="DEUTZ_GREEN4"/>
        </material>
    </baseMaterial>

    <baseMaterialConfigurations price="0" useDefaultColors="true">
        <material name="deutzFahr7250_mat" shaderParameter="colorMat6"/>
        <baseMaterialConfiguration name="$l10n_configuration_valueDefault" color="DEUTZ_GREEN4"/>
        <baseMaterialConfiguration name="$l10n_ui_colorSpecial" color="SHARED_BLACK1"/>
    </baseMaterialConfigurations>

    <rimColorConfigurations price="0" useDefaultColors="true">
        <rimColorConfiguration name="$l10n_ui_colorGrey" color="SHARED_WHITE1" material="18" price="0"/>
        <rimColorConfiguration name="$l10n_ui_colorBlack" color="SHARED_DA_METAL_BLACK" material="6" price="0"/>
    </rimColorConfigurations>

    <i3dMappings>
        <i3dMapping id="deutzFahr7250_main_component1" node="0>" />
        <i3dMapping id="deutzFahr7250_vis" node="0>0" />
        <i3dMapping id="wheelBackLeft" node="0>0|0|0" />
        <i3dMapping id="wheelBackRight" node="0>0|0|1" />
        <i3dMapping id="frontAxisJoint" node="0>0|0|2" />
        <i3dMapping id="outdoorCameraTarget" node="0>0|1|0" />
        <i3dMapping id="outdoorCamera" node="0>0|1|0|0" />
        <i3dMapping id="indoorCamera" node="0>0|1|1" />
        <i3dMapping id="cameraRaycastNode1" node="0>0|1|2" />
        <i3dMapping id="cameraRaycastNode2" node="0>0|1|3" />
        <i3dMapping id="shadowFocusBox" node="0>0|1|4" />
        <i3dMapping id="frontlightStatic02" node="0>0|2|0|0" />
        <i3dMapping id="frontLightLow" node="0>0|2|1|0" />
        <i3dMapping id="highBeamLow" node="0>0|2|1|1" />
        <i3dMapping id="frontLightHigh" node="0>0|2|1|2" />
        <i3dMapping id="highBeamHigh" node="0>0|2|1|3" />
	<i3dMapping id="o_n_u_r" node="0>0|2|1|3" />
        <i3dMapping id="workLightBackHigh" node="0>0|2|2|0" />
        <i3dMapping id="workLightFrontHigh" node="0>0|2|2|1" />
        <i3dMapping id="workLightFrontLow" node="0>0|2|2|2" />
        <i3dMapping id="workLightBackLow" node="0>0|2|2|3" />
        <i3dMapping id="backLightsHigh" node="0>0|2|3|0" />
        <i3dMapping id="turnLightLeftFront" node="0>0|2|4|0" />
        <i3dMapping id="turnLightLeftBack" node="0>0|2|4|0|0" />
        <i3dMapping id="turnLightRightFront" node="0>0|2|4|1" />
        <i3dMapping id="turnLightRightBack" node="0>0|2|4|1|0" />
        <i3dMapping id="exitPoint" node="0>0|3" />
        <i3dMapping id="attacherJointBackRot" node="0>0|4|0|0" />
        <i3dMapping id="attacherJointBackRot2" node="0>0|4|0|0|0" />
        <i3dMapping id="attacherJointBack" node="0>0|4|0|0|0|0" />
        <i3dMapping id="attacherJointBackArmBottom" node="0>0|4|0|1" />
        <i3dMapping id="bottomLink" node="0>0|4|0|1|0" />
        <i3dMapping id="referencePointBackBottom" node="0>0|4|0|1|0|0" />
        <i3dMapping id="mainArmRef" node="0>0|4|0|1|0|1" />
        <i3dMapping id="attacherJointBackArmTop" node="0>0|4|0|2" />
        <i3dMapping id="attacherJointFrontRot" node="0>0|4|0|3" />
        <i3dMapping id="attacherJointFrontRot2" node="0>0|4|0|3|0" />
        <i3dMapping id="attacherJointFront" node="0>0|4|0|3|0|0" />
        <i3dMapping id="attacherJointFrontBottomArm" node="0>0|4|0|4" />
        <i3dMapping id="bottomLinkFront" node="0>0|4|0|4|0" />
        <i3dMapping id="referencePointFrontBottom" node="0>0|4|0|4|0|0" />
        <i3dMapping id="hydraulicFrontRef" node="0>0|4|0|4|0|1" />
        <i3dMapping id="bottomLinkFrontLeft" node="0>0|4|0|4|0|2" />
        <i3dMapping id="bottomLinkFrontRight" node="0>0|4|0|4|0|3" />
        <i3dMapping id="attacherJointFrontTopArm" node="0>0|4|0|5" />
        <i3dMapping id="trailerAttacherJointNode" node="0>0|4|1|0" />
        <i3dMapping id="trailerAttacherJoint" node="0>0|4|1|0|0" />
        <i3dMapping id="trailerAttacherJointLowNode" node="0>0|4|1|1" />
        <i3dMapping id="trailerAttacherJointBackLow" node="0>0|4|1|1|0" />
        <i3dMapping id="steeringBarLeftRef" node="0>0|4|1|1|1" />
        <i3dMapping id="steeringBarRightRef" node="0>0|4|1|1|2" />
        <i3dMapping id="trailerAttacherJointFront" node="0>0|4|1|2" />
        <i3dMapping id="ptoBack" node="0>0|4|2|0" />
        <i3dMapping id="ptoFront" node="0>0|4|2|1" />
        <i3dMapping id="attacherBlock" node="0>0|4|3|0" />
        <i3dMapping id="attacherJointFL" node="0>0|4|3|0|0" />
        <i3dMapping id="rightPipe" node="0>0|4|4|0" />
        <i3dMapping id="rightPipe_frontConnector" node="0>0|4|4|0|0" />
        <i3dMapping id="rightPipe_backConnector" node="0>0|4|4|0|1" />
        <i3dMapping id="bottomPipe01" node="0>0|4|4|1" />
        <i3dMapping id="bottomPipe01_frontConnector" node="0>0|4|4|1|0" />
        <i3dMapping id="bottomPipe01_backConnector" node="0>0|4|4|1|1" />
        <i3dMapping id="bottomPipe02" node="0>0|4|4|2" />
        <i3dMapping id="bottomPipe02_frontConnector" node="0>0|4|4|2|0" />
        <i3dMapping id="bottomPipe02_backConnector" node="0>0|4|4|2|1" />
        <i3dMapping id="bottomPipe03" node="0>0|4|4|3" />
        <i3dMapping id="bottomPipe03_frontConnector" node="0>0|4|4|3|0" />
        <i3dMapping id="bottomPipe03_backConnector" node="0>0|4|4|3|1" />
        <i3dMapping id="bottomPipe04" node="0>0|4|4|4" />
        <i3dMapping id="bottomPipe04_frontConnector" node="0>0|4|4|4|0" />
        <i3dMapping id="bottomPipe04_backConnector" node="0>0|4|4|4|1" />
        <i3dMapping id="hydraulic01_in" node="0>0|4|4|5" />
        <i3dMapping id="hydraulic01_out" node="0>0|4|4|6" />
        <i3dMapping id="hydraulic02_in" node="0>0|4|4|7" />
        <i3dMapping id="hydraulic02_out" node="0>0|4|4|8" />
        <i3dMapping id="hydraulic03_in" node="0>0|4|4|9" />
        <i3dMapping id="hydraulic03_out" node="0>0|4|4|10" />
        <i3dMapping id="airDoubleControl" node="0>0|4|4|11" />
        <i3dMapping id="airDoubleStorage" node="0>0|4|4|12" />
        <i3dMapping id="backElectric" node="0>0|4|4|13" />
        <i3dMapping id="cabin" node="0>0|5" />
        <i3dMapping id="seat" node="0>0|5|0" />
        <i3dMapping id="player_skin" node="0>0|5|0|0" />
        <i3dMapping id="player_rightHand" node="0>0|5|0|1" />
        <i3dMapping id="dashboardDisplayDecal" node="0>0|5|0|5" />
        <i3dMapping id="seatDecalsLight" node="0>0|5|0|6" />
        <i3dMapping id="interiorScreenLight1" node="0>0|5|0|7" />
        <i3dMapping id="frontlightStatic01" node="0>0|5|1|1" />
        <i3dMapping id="turnlightRightStatic" node="0>0|5|1|2" />
        <i3dMapping id="turnlightLeftStatic" node="0>0|5|1|3" />
        <i3dMapping id="backlightStatic" node="0>0|5|1|4" />
        <i3dMapping id="worklightFrontStatic" node="0>0|5|1|5" />
        <i3dMapping id="worklightBackStatic" node="0>0|5|1|6" />
        <i3dMapping id="beaconLight1" node="0>0|5|1|7|0" />
        <i3dMapping id="brakelightStatic" node="0>0|5|1|8" />
        <i3dMapping id="reverseLightStatic" node="0>0|5|1|9" />
        <i3dMapping id="reverseLight" node="0>0|5|1|10|0" />
        <i3dMapping id="player_rightFoot" node="0>0|5|2|0" />
        <i3dMapping id="player_leftFoot" node="0>0|5|2|1" />
        <i3dMapping id="playerRightFootTargetGas" node="0>0|5|2|2" />
        <i3dMapping id="steeringWheel" node="0>0|5|3|0" />
        <i3dMapping id="player_leftHand" node="0>0|5|3|0|0" />
        <i3dMapping id="fuel" node="0>0|5|4|0" />
        <i3dMapping id="rpm" node="0>0|5|4|1" />
        <i3dMapping id="numbersSpeed" node="0>0|5|4|2" />
        <i3dMapping id="fuel1Decal_decal" node="0>0|5|4|3|0" />
        <i3dMapping id="fuel2Decal_decal" node="0>0|5|4|3|1" />
        <i3dMapping id="fuel3Decal_decal" node="0>0|5|4|3|2" />
        <i3dMapping id="fuel4Decal_decal" node="0>0|5|4|3|3" />
        <i3dMapping id="fuel5Decal_decal" node="0>0|5|4|3|4" />
        <i3dMapping id="fuel6Decal_decal" node="0>0|5|4|3|5" />
        <i3dMapping id="fuel7Decal_decal" node="0>0|5|4|3|6" />
        <i3dMapping id="fuel8Decal_decal" node="0>0|5|4|3|7" />
        <i3dMapping id="numbersOperatingTime" node="0>0|5|4|4" />
        <i3dMapping id="numbersTime" node="0>0|5|4|5" />
        <i3dMapping id="temp" node="0>0|5|4|10" />
        <i3dMapping id="dashboard_decal" node="0>0|5|4|11" />
        <i3dMapping id="mirror1Decal" node="0>0|5|5|0" />
        <i3dMapping id="mirror2Decal" node="0>0|5|5|1" />
        <i3dMapping id="brakePedal" node="0>0|5|6|0" />
        <i3dMapping id="playerRightFootTargetBrake" node="0>0|5|6|0|0" />
        <i3dMapping id="gasPedal" node="0>0|5|6|1|0" />
        <i3dMapping id="playerRightFootTargetGasRef" node="0>0|5|6|1|0|0" />
        <i3dMapping id="interior" node="0>0|5|7|3" />
        <i3dMapping id="cabinDashboardDisplayDecal" node="0>0|5|7|6" />
        <i3dMapping id="interiorScreenLight" node="0>0|5|8" />
        <i3dMapping id="wiperFront" node="0>0|5|9|0" />
        <i3dMapping id="wiperBack" node="0>0|5|9|1|0" />
        <i3dMapping id="trafficCollisionTrigger" node="0>0|6|0" />
        <i3dMapping id="exhaustParticles" node="0>0|7|0" />
        <i3dMapping id="mainArm" node="0>0|8|0" />
        <i3dMapping id="mainArmPart" node="0>0|8|0|0" />
        <i3dMapping id="mainArmPart2" node="0>0|8|0|0|0" />
        <i3dMapping id="hydraulicMainArmRef" node="0>0|8|0|1" />
        <i3dMapping id="hydraulicMainArm" node="0>0|8|1" />
        <i3dMapping id="hydraulicMainArmPunch" node="0>0|8|1|0" />
        <i3dMapping id="hydraulicMainArmRefFrame" node="0>0|8|2" />
        <i3dMapping id="hydraulicFront" node="0>0|8|3" />
        <i3dMapping id="hydraulicFrontPunch" node="0>0|8|3|0" />
        <i3dMapping id="hydraulicFrontRefFrame" node="0>0|8|4" />
        <i3dMapping id="number_7210" node="0>0|9|0" />
        <i3dMapping id="number_7230" node="0>0|9|1" />
        <i3dMapping id="number_7250" node="0>0|9|2" />
        <i3dMapping id="deutzWarriorDecal_decal" node="0>0|9|3" />
        <i3dMapping id="decals_decal1" node="0>0|10|1" />
        <i3dMapping id="axisFrontLeft" node="1>0|0|0" />
        <i3dMapping id="wheelFrontLeft" node="1>0|0|0|0|0" />
        <i3dMapping id="fenderFrontLeft" node="1>0|0|0|1" />
        <i3dMapping id="steeringBarLeft" node="1>0|0|0|2" />
        <i3dMapping id="axisFrontRight" node="1>0|1|0" />
        <i3dMapping id="wheelFrontRight" node="1>0|1|0|0|0" />
        <i3dMapping id="fenderFrontRight" node="1>0|1|0|1" />
        <i3dMapping id="steeringBarRight" node="1>0|1|0|2" />
        <i3dMapping id="hydraulicSteering" node="1>1|0" />
    </i3dMappings>
</vehicle>
