﻿<?xml version="1.0" encoding="utf-8" standalone="no" ?>
<modDesc descVersion="80">
    <author>Onur Emre</author>
    <version>1.0.0.0</version>
    <title>
        <en>Series 7 Track</en>
	<tr>Series 7 Palet</tr>
    </title>
    <description>
<en>
<![CDATA[Deutz-Fahr Series 7 Track;

- Wheel Brand Options
- Wheel Options
- Track Option
- Front Loader Attacher
- Warning Sign Option
- Changeable Body Color
- Changeable Rim Color

Characteristics:
- Price: 185.000 $
- Power: 224-263 HP
- Max. Speed: 63 kph]]>
</en>
<de>
<![CDATA[Deutz-Fahr Serie 7 Track;

- Reifenmarken konfigurierbar
- Reifenoptionen
- Track-Optionen
- Frontladerkonfiguration
- Warnschild-Option
- Hauptfarbe konfigurierbar
- Felgenfarbe konfigurierbar

Eigenschaften:
- Preis: 185.000 €
- Leistung: 224-263 PS
- Max. Geschwindigkeit: 63 km/h]]>
</de>
</description>
    <iconFilename>icon_deutzFahrSeries7.dds</iconFilename>
    <multiplayer supported="true" />
    <vehicleTypes>
        <type name="series7" parent="tractor" className="Vehicle" filename="$dataS/scripts/vehicles/Vehicle.lua">
          <specialization name="foldable"/>
        </type>
    </vehicleTypes>
    <l10n>
	<text name="isaret"><en>Warning Signs</en><de>Warnschilder</de><tr>Uyarı İşaretleri</tr></text>
    </l10n>
    <storeItems>
        <storeItem xmlFilename="deutzFahrSeries7.xml"/>
    </storeItems>
</modDesc>
