<?xml version="1.0" encoding="utf-8" standalone="no" ?>
<wheel>
    <default>
        <physics radius="0.903" width="0.65" mass="0.278" tireType="mud" frictionScale="1.60" maxLongStiffness="8" maxLatStiffness="100" maxLatStiffnessLoad="2" />
        <tire filename="$data/shared/wheels/tires/michelin/axioBib/R38_axioBib.i3d" nodeLeft="0|0" nodeRight="0|0" maxDeformation="0.086" isCareWheel="false" tireTrackAtlasIndex="0" />
        <outerRim filename="$data/shared/wheels/rims/rim001.i3d" node="1|0" widthAndDiam="23 38" />
        <innerRim filename="wheels/wheels.i3d" nodeLeft="7|2" nodeRight="7|3" offset="-0.04" scale="1 0.79 0.79"/>
    </default>

    <configurations>
        <configuration id="dual" >
            <outerRim filename="$data/shared/wheels/rims/rim001.i3d" node="1|0" widthAndDiam="23 38" />
            <innerRim filename="wheels/wheels.i3d" nodeLeft="1|0" nodeRight="1|1" offset="-0.04" scale="1 0.79 0.79"/>
            <additional filename="wheels/wheels.i3d" nodeLeft="6|0" nodeRight="6|1" offset="-0.57"  scale="1.85 1 1" />
        </configuration>
    </configurations>
</wheel>
