<?xml version="1.0" encoding="utf-8" standalone="no" ?>
<wheel>
    <default>
        <physics radius="1.13" width="0.75" mass="0.406" tireType="mud" frictionScale="1.60" maxLongStiffness="8" maxLatStiffness="100" maxLatStiffnessLoad="2" />
        <tire filename="$data/shared/wheels/tires/michelin/axioBib/R46_axioBib.i3d" nodeLeft="0|0" nodeRight="0|0" maxDeformation="0.112" isCareWheel="false" tireTrackAtlasIndex="0" />   
        <innerRim filename="wheels/wheels.i3d" nodeLeft="7|2" nodeRight="7|3" offset="0.06" scale="1 0.97 0.97"/>
        <outerRim filename="$data/shared/wheels/rims/rim001.i3d" node="1|0" widthAndDiam="26 46" />
    </default>
    <configurations>
        <configuration id="dual" >
            <innerRim filename="wheels/wheels.i3d" nodeLeft="7|0" nodeRight="7|1" offset="0.06" scale="1 0.97 0.97"/>
            <outerRim filename="$data/shared/wheels/rims/rim001.i3d" node="1|0" widthAndDiam="26 46" />
            <additional filename="wheels/wheels.i3d" nodeLeft="6|1" nodeRight="6|0" offset="0.12"  scale="3.5 1.2 1.2" />
        </configuration>
        <configuration id="weight3" >
            <additional filename="$data/shared/wheels/weights/weight003.i3d" nodeLeft="0|0" nodeRight="0|1" offset="0.05" scale="0.7 1 1" mass="1.25" />
            <innerRim filename="wheels/wheels.i3d" nodeLeft="7|2" nodeRight="7|3" offset="0.04" scale="1 0.97 0.97"/>
            <outerRim filename="$data/shared/wheels/rims/rim001.i3d" node="1|0" widthAndDiam="26 46" />
        </configuration>
    </configurations>
</wheel>
