<?xml version="1.0" encoding="utf-8" standalone="no" ?>
<wheel>
	<default>
        <physics radius="1" width="0.48" mass="0.279" tireType="mud" frictionScale="2" maxLongStiffness="9" maxLatStiffness="110" maxLatStiffnessLoad="2" />
        <tire filename="$data/shared/wheels/tires/michelin/agriBib2/R50_agriBib2.i3d" nodeLeft="0|0" nodeRight="0|0" maxDeformation="0.088" isCareWheel="true" tireTrackAtlasIndex="0"/>
        <innerRim filename="wheels/wheels.i3d" nodeLeft="2|1" nodeRight="2|2" offset="0.08" scale="1 0.97 0.97"/>
        <outerRim filename="$data/shared/wheels/rims/rim001.i3d" node="1|0" widthAndDiam="16 50.5" />
        <additional filename="wheels/wheels.i3d" nodeLeft="6|0" nodeRight="6|1" offset="-1.4"  scale="6.4 0.42 0.42" />
	</default>
    <configurations>
        <configuration id="dual" >
            <innerRim filename="wheels/wheels.i3d" nodeLeft="2|1" nodeRight="2|2" offset="0.08" scale="1 0.97 0.97"/>
            <outerRim filename="$data/shared/wheels/rims/rim001.i3d" node="1|0" widthAndDiam="16 50.5" />
            <additional filename="wheels/wheels.i3d" nodeLeft="6|0" nodeRight="6|1" offset="-1.4"  scale="6.4 0.42 0.42" />
        </configuration>

        <configuration id="dual22" >
            <innerRim filename="wheels/wheels.i3d" nodeLeft="2|1" nodeRight="2|2" offset="0.08" scale="1 0.97 0.97"/>
            <outerRim filename="$data/shared/wheels/rims/rim001.i3d" node="1|0" widthAndDiam="16 50.5" />
            <additional filename="wheels/wheels.i3d" nodeLeft="6|0" nodeRight="6|1" offset="-1"  scale="4 0.42 0.42" />
        </configuration>

        <configuration id="dual36" >
            <innerRim filename="wheels/wheels.i3d" nodeLeft="2|1" nodeRight="2|2" offset="0.08" scale="1 0.97 0.97"/>
            <outerRim filename="$data/shared/wheels/rims/rim001.i3d" node="1|0" widthAndDiam="16 50.5" />
            <additional filename="wheels/wheels.i3d" nodeLeft="6|0" nodeRight="6|1" offset="-1.4"  scale="6.4 0.42 0.42" />
        </configuration>
    </configurations>
</wheel>
