<?xml version="1.0" encoding="utf-8" standalone="no" ?>
<wheel>
	<default>
        <physics radius="0.85" width="0.46" mass="0.189" tireType="mud" frictionScale="1.60" maxLongStiffness="8" maxLatStiffness="100" maxLatStiffnessLoad="2" />
        <tire filename="$data/shared/wheels/tires/michelin/agriBib2/R38_agriBib2.i3d" nodeLeft="1|0" nodeRight="1|0" maxDeformation="0.078" isCareWheel="true" tireTrackAtlasIndex="0" />
        <outerRim filename="$data/shared/wheels/rims/rim001.i3d" node="1|0" widthAndDiam="16.5 38" />
        <innerRim filename="wheels/wheels.i3d" nodeLeft="7|2" nodeRight="7|3" offset="0.19" scale="0.95 0.82 0.82"/>
	</default>

    <configurations>
        <configuration id="dual" >
            <outerRim filename="$data/shared/wheels/rims/rim001.i3d" node="1|0" widthAndDiam="16.5 38" />
            <innerRim filename="wheels/wheels.i3d" nodeLeft="1|0" nodeRight="1|1" offset="-0.04" scale="1 0.79 0.79"/>
            <additional filename="wheels/wheels.i3d" nodeLeft="6|2" nodeRight="6|3" offset="-0.62"  scale="2.05 1.01 1.01" />
        </configuration>

        <configuration id="dual22" >
            <outerRim filename="$data/shared/wheels/rims/rim001.i3d" node="1|0" widthAndDiam="16.5 38" />
            <innerRim filename="wheels/wheels.i3d" nodeLeft="1|0" nodeRight="1|1" offset="-0.04" scale="1 0.79 0.79"/>
            <additional filename="wheels/wheels.i3d" nodeLeft="6|2" nodeRight="6|3" offset="-0.42"  scale="1.16 1.01 1.01" />
        </configuration>

        <configuration id="dual36" >
            <outerRim filename="$data/shared/wheels/rims/rim001.i3d" node="1|0" widthAndDiam="16.5 38" />
            <innerRim filename="wheels/wheels.i3d" nodeLeft="1|0" nodeRight="1|1" offset="-0.04" scale="1 0.79 0.79"/>
            <additional filename="wheels/wheels.i3d" nodeLeft="6|2" nodeRight="6|3" offset="-0.77"  scale="2.7 1.01 1.01" />
        </configuration>
    </configurations>
</wheel>
