<?xml version="1.0" encoding="utf-8" standalone="no" ?>
<wheel>
	<default>
        <physics radius="0.85" width="0.38" mass="0.189" tireType="mud" frictionScale="1.60" maxLongStiffness="8" maxLatStiffness="100" maxLatStiffnessLoad="2" />
        <tire filename="wheels/wheels.i3d" nodeLeft="0|0" nodeRight="0|0" maxDeformation="0.078" isCareWheel="true" tireTrackAtlasIndex="0" />      
        <outerRim filename="$data/shared/wheels/rims/rim001.i3d" node="1|0" widthAndDiam="11 45.5" />
        <innerRim filename="wheels/wheels.i3d" nodeLeft="7|2" nodeRight="7|3" offset="0.15" scale="1 1 1"/>
	</default>
    <configurations>
        <configuration id="dual" >
            <outerRim filename="$data/shared/wheels/rims/rim001.i3d" node="1|0" widthAndDiam="11 45.5" />
		    <innerRim filename="wheels/wheels.i3d" nodeLeft="1|0" nodeRight="1|1" offset="-0.04" scale="1 0.96 0.96" />
            <additional filename="wheels/wheels.i3d" nodeLeft="6|2" nodeRight="6|3" offset="-0.62"  scale="2.05 1.3 1.3" />
        </configuration>

        <configuration id="dual22" >
            <outerRim filename="$data/shared/wheels/rims/rim001.i3d" node="1|0" widthAndDiam="11 45.5" />
            <innerRim filename="wheels/wheels.i3d" nodeLeft="1|0" nodeRight="1|1" offset="-0.04" scale="1 0.96 0.96" />
            <additional filename="wheels/wheels.i3d" nodeLeft="6|2" nodeRight="6|3" offset="-0.42"  scale="1.16 1.3 1.3" />
        </configuration>

        <configuration id="dual36" >
            <outerRim filename="$data/shared/wheels/rims/rim001.i3d" node="1|0" widthAndDiam="11 45.5" />
            <innerRim filename="wheels/wheels.i3d" nodeLeft="1|0" nodeRight="1|1" offset="-0.04" scale="1 0.96 0.96" />
            <additional filename="wheels/wheels.i3d" nodeLeft="6|2" nodeRight="6|3" offset="-0.77"  scale="2.7 1.3 1.3" />
        </configuration>
    </configurations>
</wheel>
