<?xml version="1.0" encoding="utf-8" standalone="no" ?>
<wheel>	
	<default>
        <physics radius="1.06" width="1.25" mass="0.426" tireType="mud" frictionScale="1.60" maxLongStiffness="13" maxLatStiffness="150" maxLatStiffnessLoad="2" />
        <tire filename="wheels/wheels.i3d" nodeLeft="4|1" nodeRight="4|1" maxDeformation="0.41" isCareWheel="false" tireTrackAtlasIndex="9" />
        <innerRim filename="wheels/wheels.i3d" nodeLeft="2|3" nodeRight="2|4" offset="-0.35" scale="1 1.16 1.16"/>
        <outerRim filename="$data/shared/wheels/rims/rim001.i3d" node="1|0" widthAndDiam="43 45" />
    </default>
	<configurations>
        <configuration id="weight3" >
            <additional filename="$data/shared/wheels/weights/weight003.i3d" nodeLeft="0|0" nodeRight="0|1" offset="-0.2" scale="0.7 1 1" mass="1.25" />
        </configuration>
    </configurations>
</wheel>
