﻿<?xml version="1.0" encoding="utf-8" standalone="no" ?>
<vehicle type="augerWagon" xmlns:xsi="http://www.w3.org/2001/XMLSchema-instance" xsi:noNamespaceSchemaLocation="../../../../shared/xml/schema/vehicle.xsd">
    <annotation>Copyright (C) GIANTS Software GmbH, All Rights Reserved.</annotation>
    <storeData>
        <name>
            <en>RRW 500 Multi</en>
			<de>RRW 500 Mehrfach</de>
		    <fr>RRW 500 Multi</fr>
		    <es>RRW 500 Múltiple</es>
        </name>
        <specs>
            <neededPower>200</neededPower>
			<combination xmlFilename="terraDosT4_40/terraDosT4_40.xml"/>
			<combination xmlFilename="terraDosT4_40/terraDosT4_40_Forage.xml"/>
        </specs>
        <functions>
            <function>$l10n_function_augerWagon</function>
        </functions>
        <image>store/store_rrw500.dds</image>
        <price>50000</price>
        <lifetime>600</lifetime>
        <rotation>0</rotation>
        <brand>LIZARDLOGISTICS</brand>
        <category>augerWagons</category>
        <shopTranslationOffset>0 0.024 0</shopTranslationOffset>
        <shopRotationOffset>0.031 0 0</shopRotationOffset>
        
        <vertexBufferMemoryUsage>6364160</vertexBufferMemoryUsage>
        <indexBufferMemoryUsage>1335552</indexBufferMemoryUsage>
        <textureMemoryUsage>4849664</textureMemoryUsage>
        <audioMemoryUsage>0</audioMemoryUsage>
        <instanceVertexBufferMemoryUsage>0</instanceVertexBufferMemoryUsage>
        <instanceIndexBufferMemoryUsage>0</instanceIndexBufferMemoryUsage>
    </storeData>
    <base>
        <typeDesc>$l10n_typeDesc_augerWagon</typeDesc>
        <filename>RRW500_Multi/rrw500.i3d</filename>
        <size width="4.8" length="13" height="4.2" lengthOffset="0.2"/>
        <components maxMass="20000">
            <component centerOfMass="0 0.85 -0.7" solverIterationCount="10" mass="10070"/>
        </components>
        <schemaOverlay attacherJointPosition="0 0" name="IMPLEMENT"/>
        <mapHotspot type="TRAILER"/>
    </base>
    <powerConsumer ptoRpm="400" neededMaxPtoPower="75"/>
    <wheels>
        <wheelConfigurations>
            <wheelConfiguration name="$l10n_configuration_valueDefault" price="0" brand="TRELLEBORG" saveId="TRELLEBORG_DEFAULT">
                <wheels>
                    <wheel filename="$data/shared/wheels/tires/trelleborg/T404/800_45R30_5.xml" isLeft="true" hasTireTracks="true" hasParticles="true">
                        <physics tipOcclusionAreaGroupId="1" restLoad="2.1" repr="axisFrontLeft" driveNode="wheelFrontLeft" forcePointRatio="0.5" initialCompression="15" suspTravel="0.15" spring="80" damper="60" yOffset="0.02"/>
                        <steeringAxle scale="0.2" rotMax="20" rotMin="-20"/>
                        <steering node="steeringBarFront" nodeMinTransX="0.1" nodeMaxTransX="-0.1"/>
                    </wheel>
                    <wheel filename="$data/shared/wheels/tires/trelleborg/T404/800_45R30_5.xml" isLeft="false" hasTireTracks="true" hasParticles="true">
                        <physics tipOcclusionAreaGroupId="1" restLoad="2.1" repr="axisFrontRight" driveNode="wheelFrontRight" forcePointRatio="0.5" initialCompression="15" suspTravel="0.15" spring="80" damper="60" yOffset="0.02"/>
                        <steeringAxle scale="0.2" rotMax="20" rotMin="-20"/>
                    </wheel>
                    <wheel filename="$data/shared/wheels/tires/trelleborg/T404/800_45R30_5.xml" isLeft="true">
                        <physics tipOcclusionAreaGroupId="1" restLoad="2.1" repr="wheelMiddleLeft" forcePointRatio="0.5" initialCompression="15" suspTravel="0.15" spring="80" damper="60" yOffset="0.02"/>
                        <wheelChock parkingNode="wheelChock04" filename="$data/shared/assets/wheelChocks/wheelChock02.i3d"/>
                        <wheelChock parkingNode="wheelChock05" isInverted="true" filename="$data/shared/assets/wheelChocks/wheelChock02.i3d"/>
                    </wheel>
                    <wheel filename="$data/shared/wheels/tires/trelleborg/T404/800_45R30_5.xml" isLeft="false">
                        <physics tipOcclusionAreaGroupId="1" restLoad="2.1" repr="wheelMiddleRight" forcePointRatio="0.5" initialCompression="15" suspTravel="0.15" spring="80" damper="60" yOffset="0.02"/>
                    </wheel>
                    <wheel filename="$data/shared/wheels/tires/trelleborg/T404/800_45R30_5.xml" isLeft="true" hasTireTracks="true" hasParticles="true">
                        <physics tipOcclusionAreaGroupId="1" restLoad="2.1" repr="axisBackLeft" driveNode="wheelBackLeft" forcePointRatio="0.5" initialCompression="15" suspTravel="0.15" spring="80" damper="60" yOffset="0.02"/>
                        <steeringAxle scale="-0.7" rotMax="15" rotMin="-15"/>
                        <steering node="steeringBarBack" nodeMinTransX="0.1" nodeMaxTransX="-0.1"/>
                    </wheel>
                    <wheel filename="$data/shared/wheels/tires/trelleborg/T404/800_45R30_5.xml" isLeft="false" hasTireTracks="true" hasParticles="true">
                        <physics tipOcclusionAreaGroupId="1" restLoad="2.1" repr="axisBackRight" driveNode="wheelBackRight" forcePointRatio="0.5" initialCompression="15" suspTravel="0.15" spring="80" damper="60" yOffset="0.02"/>
                        <steeringAxle scale="-0.7" rotMax="15" rotMin="-15"/>
                    </wheel>
                </wheels>
            </wheelConfiguration>
            <wheelConfiguration name="$l10n_configuration_valueDefault" price="0" brand="MICHELIN" saveId="MICHELIN_DEFAULT">
                <wheels baseConfig="TRELLEBORG_DEFAULT">
                    <wheel filename="$data/shared/wheels/tires/michelin/cargoXBib/800_45R30_5.xml">
                        <physics yOffset="0.018"/>
                    </wheel>
                    <wheel filename="$data/shared/wheels/tires/michelin/cargoXBib/800_45R30_5.xml">
                        <physics yOffset="0.018"/>
                    </wheel>
                    <wheel filename="$data/shared/wheels/tires/michelin/cargoXBib/800_45R30_5.xml">
                        <physics yOffset="0.018"/>
                        <wheelChock/>
                        <wheelChock/>
                    </wheel>
                    <wheel filename="$data/shared/wheels/tires/michelin/cargoXBib/800_45R30_5.xml">
                        <physics yOffset="0.018"/>
                    </wheel>
                    <wheel filename="$data/shared/wheels/tires/michelin/cargoXBib/800_45R30_5.xml">
                        <physics yOffset="0.018"/>
                    </wheel>
                    <wheel filename="$data/shared/wheels/tires/michelin/cargoXBib/800_45R30_5.xml">
                        <physics yOffset="0.018"/>
                    </wheel>
                </wheels>
            </wheelConfiguration>
            <wheelConfiguration name="$l10n_configuration_valueDefault" price="0" brand="VREDESTEIN" saveId="VREDESTEIN_DEFAULT">
                <wheels baseConfig="MICHELIN_DEFAULT">
                    <wheel filename="$data/shared/wheels/tires/vredestein/flotationTrac/800_45R30_5.xml"/>
                    <wheel filename="$data/shared/wheels/tires/vredestein/flotationTrac/800_45R30_5.xml"/>
                    <wheel filename="$data/shared/wheels/tires/vredestein/flotationTrac/800_45R30_5.xml">
                        <wheelChock/>
                        <wheelChock/>
                    </wheel>
                    <wheel filename="$data/shared/wheels/tires/vredestein/flotationTrac/800_45R30_5.xml"/>
                    <wheel filename="$data/shared/wheels/tires/vredestein/flotationTrac/800_45R30_5.xml"/>
                    <wheel filename="$data/shared/wheels/tires/vredestein/flotationTrac/800_45R30_5.xml"/>
                </wheels>
            </wheelConfiguration>
        </wheelConfigurations>
        <!-- <rimColor material="18">SHARED_WHITE1</rimColor> -->
        <hubs>
            <color0 useBaseColor="true" />
            <color1>SHARED_GREY3</color1>
            <hub linkNode="wheelFrontLeft" filename="$data/shared/wheels/hubs/hub_n10_5.xml" isLeft="true" scale="0.335 0.335 0.335"/>
            <hub linkNode="wheelFrontRight" filename="$data/shared/wheels/hubs/hub_n10_5.xml" isLeft="false" scale="0.335 0.335 0.335"/>
            <hub linkNode="wheelMiddleLeft" filename="$data/shared/wheels/hubs/hub_n10_5.xml" isLeft="true" scale="0.335 0.335 0.335"/>
            <hub linkNode="wheelMiddleRight" filename="$data/shared/wheels/hubs/hub_n10_5.xml" isLeft="false" scale="0.335 0.335 0.335"/>
            <hub linkNode="wheelBackLeft" filename="$data/shared/wheels/hubs/hub_n10_5.xml" isLeft="true" scale="0.335 0.335 0.335"/>
            <hub linkNode="wheelBackRight" filename="$data/shared/wheels/hubs/hub_n10_5.xml" isLeft="false" scale="0.335 0.335 0.335"/>
        </hubs>
    </wheels>
    <attachable>
        <inputAttacherJoints>
            <inputAttacherJoint node="attacherJoint" jointType="trailerLow" attacherHeight="0.631" steeringBarLeftNode="steeringBarLeftHydraulic" steeringBarRightNode="steeringBarRightHydraulic"/>
        </inputAttacherJoints>
        <brakeForce force="2" maxForce="4.2" maxForceMass="30000"/>
        <steeringAxleAngleScale startSpeed="0" endSpeed="90" backwards="true"/>
        <support animationName="moveSupport"/>
        <airConsumer usage="0.3"/>
    </attachable>
	<attacherJoints>
        <attacherJoint node="trailerAttacherJoint" rootNode="0>" jointType="trailerLow" allowsJointLimitMovement="false" allowsLowering="false" lowerRotLimit="25 50 50" lowerTransLimit="0 0 0" canTurnOnImplement="false" comboTime="1" >
            <schema position="1 0" rotation="0" invertX="false" />
        </attacherJoint>
    </attacherJoints>
    <connectionHoses>
        <hose inputAttacherJointIndices="1" type="hydraulicIn" node="hydraulicIn01" length="1.2" diameter="0.02" straighteningFactor="0.5">
            <objectChange node="hydraulicIn01_detached" visibilityActive="false" visibilityInactive="true"/>
        </hose>
        <hose inputAttacherJointIndices="1" type="hydraulicOut" node="hydraulicOut01" length="1.2" diameter="0.02" straighteningFactor="0.5">
            <objectChange node="hydraulicOut01_detached" visibilityActive="false" visibilityInactive="true"/>
        </hose>
        <hose inputAttacherJointIndices="1" type="hydraulicIn" node="hydraulicIn02" length="1.2" diameter="0.02" straighteningFactor="0.5">
            <objectChange node="hydraulicIn02_detached" visibilityActive="false" visibilityInactive="true"/>
        </hose>
        <hose inputAttacherJointIndices="1" type="hydraulicOut" node="hydraulicOut02" length="1.2" diameter="0.02" straighteningFactor="0.5">
            <objectChange node="hydraulicOut02_detached" visibilityActive="false" visibilityInactive="true"/>
        </hose>
        <hose inputAttacherJointIndices="1" type="hydraulicIn" node="hydraulicIn03" length="1.2" diameter="0.02" straighteningFactor="0.5">
            <objectChange node="hydraulicIn03_detached" visibilityActive="false" visibilityInactive="true"/>
        </hose>
        <hose inputAttacherJointIndices="1" type="hydraulicOut" node="hydraulicOut03" length="1.2" diameter="0.02" straighteningFactor="0.5">
            <objectChange node="hydraulicOut03_detached" visibilityActive="false" visibilityInactive="true"/>
        </hose>
        <hose inputAttacherJointIndices="1" type="hydraulicIn" node="hydraulicIn04" length="1.2" diameter="0.02" straighteningFactor="0.5">
            <objectChange node="hydraulicIn04_detached" visibilityActive="false" visibilityInactive="true"/>
        </hose>
        <hose inputAttacherJointIndices="1" type="hydraulicOut" node="hydraulicOut04" length="1.2" diameter="0.02" straighteningFactor="0.5">
            <objectChange node="hydraulicOut04_detached" visibilityActive="false" visibilityInactive="true"/>
        </hose>
        <hose inputAttacherJointIndices="1" type="airDoubleRed" node="airIn" length="1.2" diameter="0.028" straighteningFactor="0.5">
            <objectChange node="airIn_detached" visibilityActive="false" visibilityInactive="true"/>
        </hose>
        <hose inputAttacherJointIndices="1" type="airDoubleYellow" node="airOut" length="1.2" diameter="0.028" straighteningFactor="0.5">
            <objectChange node="airOut_detached" visibilityActive="false" visibilityInactive="true"/>
        </hose>
        <hose inputAttacherJointIndices="1" type="electric" node="electric" length="1.2" diameter="0.008" straighteningFactor="0.5">
            <objectChange node="electric_detached" visibilityActive="false" visibilityInactive="true"/>
        </hose>
		
		
		<target attacherJointIndices="1" type="airDoubleRed" node="airDoubleStorage" socket="air_red"/>
        <target attacherJointIndices="1" type="airDoubleYellow" node="airDoubleControl"  socket="air_yellow"/>
        <target attacherJointIndices="1" type="electric" node="electricBack"  socket="electric"/>

        <target attacherJointIndices="1" type="hydraulicIn" node="hydraulic01_in">
            <objectChange node="hydraulic01_in_cover" rotationActive="0 0 -80" rotationInactive="0 0 0"/>
        </target>
        <target attacherJointIndices="1" type="hydraulicOut" node="hydraulic01_out">
            <objectChange node="hydraulic01_out_cover" rotationActive="0 0 -80" rotationInactive="0 0 0"/>
        </target>
        <target attacherJointIndices="1" type="hydraulicIn" node="hydraulic02_in">
            <objectChange node="hydraulic02_in_cover" rotationActive="0 0 -80" rotationInactive="0 0 0"/>
        </target>
        <target attacherJointIndices="1" type="hydraulicOut" node="hydraulic02_out">
            <objectChange node="hydraulic02_out_cover" rotationActive="0 0 -80" rotationInactive="0 0 0"/>
        </target>
        <target attacherJointIndices="1" type="hydraulicIn" node="hydraulic03_in">
            <objectChange node="hydraulic03_in_cover" rotationActive="0 0 -80" rotationInactive="0 0 0"/>
        </target>
        <target attacherJointIndices="1" type="hydraulicOut" node="hydraulic03_out">
            <objectChange node="hydraulic03_out_cover" rotationActive="0 0 -80" rotationInactive="0 0 0"/>
        </target>
        <target attacherJointIndices="1" type="hydraulicIn" node="hydraulic04_in">
            <objectChange node="hydraulic04_in_cover" rotationActive="0 0 -80" rotationInactive="0 0 0"/>
        </target>
        <target attacherJointIndices="1" type="hydraulicOut" node="hydraulic04_out">
            <objectChange node="hydraulic04_out_cover" rotationActive="0 0 -80" rotationInactive="0 0 0"/>
        </target>
        
    </connectionHoses>
    <powerTakeOffs>
        <input inputAttacherJointIndices="1" inputNode="ptoInputNode" aboveAttacher="true" detachNode="ptoDetachNode" filename="$data/shared/assets/powerTakeOffs/walterscheidW.xml" color="SHARED_DA_METAL_BLACK" decalColor="WALTERSCHEID_YELLOW1">
            <objectChange node="ptoDetachArm" rotationActive="-123.689 0 0" rotationInactive="0 0 0"/>
        </input>
		<output attacherJointIndices="1" outputNode="ptoBack" />
    </powerTakeOffs>
    <dynamicallyLoadedParts>
        <dynamicallyLoadedPart node="1|0" linkNode="hydraulicIn01_connector" filename="$data/shared/connectionHoses/connectors.i3d"/>
        <dynamicallyLoadedPart node="1|0" linkNode="hydraulicOut01_connector" filename="$data/shared/connectionHoses/connectors.i3d"/>
        <dynamicallyLoadedPart node="1|0" linkNode="hydraulicIn02_connector" filename="$data/shared/connectionHoses/connectors.i3d"/>
        <dynamicallyLoadedPart node="1|0" linkNode="hydraulicOut02_connector" filename="$data/shared/connectionHoses/connectors.i3d"/>
        <dynamicallyLoadedPart node="1|0" linkNode="hydraulicIn03_connector" filename="$data/shared/connectionHoses/connectors.i3d"/>
        <dynamicallyLoadedPart node="1|0" linkNode="hydraulicOut03_connector" filename="$data/shared/connectionHoses/connectors.i3d"/>
        <dynamicallyLoadedPart node="1|0" linkNode="hydraulicIn04_connector" filename="$data/shared/connectionHoses/connectors.i3d"/>
        <dynamicallyLoadedPart node="1|0" linkNode="hydraulicOut04_connector" filename="$data/shared/connectionHoses/connectors.i3d"/>
        <dynamicallyLoadedPart node="1|1" linkNode="electric_detachedAdapter" filename="$data/shared/connectionHoses/connectors.i3d"/>
        <dynamicallyLoadedPart node="1|2" linkNode="airIn01_detachedAdapter" filename="$data/shared/connectionHoses/connectors.i3d"/>
        <dynamicallyLoadedPart node="1|3" linkNode="airOut01_detachedAdapter" filename="$data/shared/connectionHoses/connectors.i3d"/>
        <dynamicallyLoadedPart node="0" linkNode="chockSupport1" filename="$data/shared/assets/wheelChocks/wheelChockSupport01.i3d"/>
        <dynamicallyLoadedPart node="0" linkNode="chockSupport2" filename="$data/shared/assets/wheelChocks/wheelChockSupport01.i3d"/>
    </dynamicallyLoadedParts>
    <lights>
        <sharedLight linkNode="hellaWorkingLightRound_01" filename="$data/shared/assets/lights/hella/hellaWorkingLightRound_01_back.xml">
            <rotationNode name="rotationNode1" rotation="-40 0 0"/>
        </sharedLight>
        <sharedLight linkNode="rearLight13_left" filename="$data/shared/assets/lights/lizard/rearLight13_left.xml"/>
        <sharedLight linkNode="rearLight13_right" filename="$data/shared/assets/lights/lizard/rearLight13_right.xml"/>
        <sharedLight linkNode="sideMarker01_left" filename="$data/shared/assets/lights/lizard/sideMarker01_left.xml"/>
        <sharedLight linkNode="sideMarker01_left1" filename="$data/shared/assets/lights/lizard/sideMarker01_left.xml"/>
        <sharedLight linkNode="sideMarker01_right" filename="$data/shared/assets/lights/lizard/sideMarker01_right.xml"/>
        <sharedLight linkNode="sideMarker01_right1" filename="$data/shared/assets/lights/lizard/sideMarker01_right.xml"/>
        <sharedLight linkNode="sideMarker05Orange" filename="$data/shared/assets/lights/lizard/sideMarker05Orange.xml"/>
        <sharedLight linkNode="sideMarker05Orange1" filename="$data/shared/assets/lights/lizard/sideMarker05Orange.xml"/>
        <sharedLight linkNode="sideMarker05Orange2" filename="$data/shared/assets/lights/lizard/sideMarker05Orange.xml"/>
        <sharedLight linkNode="sideMarker05Orange3" filename="$data/shared/assets/lights/lizard/sideMarker05Orange.xml"/>
        <sharedLight linkNode="sideMarker05Orange4" filename="$data/shared/assets/lights/lizard/sideMarker05Orange.xml"/>
        <sharedLight linkNode="sideMarker05Orange5" filename="$data/shared/assets/lights/lizard/sideMarker05Orange.xml"/>
        <sharedLight linkNode="workingLight02" filename="$data/shared/assets/lights/hella/hellaWorkingLightRound_01_back.xml">
            <rotationNode name="rotationNode1" rotation="-40 0 0"/>
        </sharedLight>
        <sharedLight linkNode="workingLight03" filename="$data/shared/assets/lights/hella/hellaWorkingLightRound_01_back.xml">
            <rotationNode name="rotationNode1" rotation="-40 0 0"/>
        </sharedLight>
        <sharedLight linkNode="reflectorYellowRound_03" filename="$data/shared/assets/reflectors/lizard/yellowRound_01.xml"/>
        <sharedLight linkNode="reflectorYellowRound_04" filename="$data/shared/assets/reflectors/lizard/yellowRound_01.xml"/>
        <sharedLight linkNode="reflectorYellowRound_05" filename="$data/shared/assets/reflectors/lizard/yellowRound_01.xml"/>
        <sharedLight linkNode="reflectorYellowRound_06" filename="$data/shared/assets/reflectors/lizard/yellowRound_01.xml"/>
        <sharedLight linkNode="reflectorYellowRound_07" filename="$data/shared/assets/reflectors/lizard/yellowRound_01.xml"/>
        <sharedLight linkNode="reflectorYellowRound_08" filename="$data/shared/assets/reflectors/lizard/yellowRound_01.xml"/>
        <sharedLight linkNode="reflectorYellowRound_09" filename="$data/shared/assets/reflectors/lizard/yellowRound_01.xml"/>
        <sharedLight linkNode="reflectorYellowRound_10" filename="$data/shared/assets/reflectors/lizard/yellowRound_01.xml"/>
        <sharedLight linkNode="reflectorYellowRound_11" filename="$data/shared/assets/reflectors/lizard/yellowRound_01.xml"/>
        <sharedLight linkNode="reflectorYellowRound_12" filename="$data/shared/assets/reflectors/lizard/yellowRound_01.xml"/>
        <sharedLight linkNode="plateNumberLight01" filename="$data/shared/assets/lights/lizard/plateNumberLight02.xml"/>
        <realLights>
            <high>
                <light node="backLightsHigh1" lightTypes="0"/>
                <light node="licensePlateLightHigh" lightTypes="0"/>
                <light node="workLightBackHigh1" lightTypes="1"/>
                <brakeLight node="backLightsHigh1"/>
                <turnLightLeft node="turnLightLeftBack"/>
                <turnLightRight node="turnLightRightBack"/>
            </high>
        </realLights>
        <beaconLights>
            <beaconLight node="beaconLight07" filename="$data/shared/assets/beaconLights/lizard/beaconLight07.xml"/>
        </beaconLights>
    </lights>
    <licensePlates>
        <licensePlate node="licensePlateNodeBack" position="BACK" preferedType="ELONGATED" placementArea="0.12 0.28 0.11 0.28"/>
    </licensePlates>
    <foldable>
        <foldingConfigurations>
            <foldingConfiguration>
                <foldingParts startMoveDirection="1" loadMovingToolStatesMaxLimit="-1" loadMovingToolStatesMinLimit="-1">
                    <foldingPart animationName="folding" speedScale="1.2"/>
                </foldingParts>
            </foldingConfiguration>
        </foldingConfigurations>
    </foldable>
    <animations>
        <animation name="folding">
            <part node="augerArm02" startTime="0" endTime="4" startRot="0 0 0" endRot="0 0 115"/>
            <part node="augerArm03" startTime="0" endTime="4" startRot="0 0 -130" endRot="0 0 -130"/>
            <part node="beetPlate" startTime="2" endTime="4" startRot="0 0 0" endRot="0 0 95"/>
            <sound template="hydraulicLayerTone" startTime="0.01" endTime="3.99" volumeScale="1" pitchScale="0.8"/>
            <sound template="foldStartMed02" startTime="3.99" direction="-1" volumeScale="3" pitchScale="0.6"/>
            <sound template="sheetImp01" startTime="3.99" direction="-1" volumeScale="1.5" pitchScale="0.3"/>
            <sound template="clackVar6" startTime="0.01" direction="-1" volumeScale="1" pitchScale="0.8"/>
            <sound template="clackVar4" startTime="0.01" direction="-1" volumeScale="1" pitchScale="0.8"/>
            <sound template="sheetImp02" startTime="0.01" direction="-1" volumeScale="1.5" pitchScale="0.8"/>
            <sound template="cylinderPunch" startTime="0.01" direction="-1" volumeScale="0.5" pitchScale="1"/>
            <sound template="foldStartMed02" startTime="0.01" direction="1" volumeScale="2.5" pitchScale="0.7"/>
            <sound template="clackVar4" startTime="0.01" direction="1" volumeScale="2.5" pitchScale="0.7"/>
            <sound template="clackVar6" startTime="3.99" direction="1" volumeScale="1.5" pitchScale="0.7"/>
            <sound template="cylinderPunch" startTime="3.99" direction="1" volumeScale="0.5" pitchScale="1"/>
            <sound template="clackVar4" startTime="3.99" direction="1" volumeScale="1.5" pitchScale="0.7"/>
            <sound template="sheetImp01" startTime="3.99" direction="1" volumeScale="2" pitchScale="0.3"/>
        </animation>
        <animation name="foldPipe">
            <part node="augerArm01" startTime="0" endTime="4" startRot="0 0 6.5" endRot="0 0 -25"/>
            <part node="augerArm02" startTime="0" endTime="4" startRot="0 0 0" endRot="0 0 0"/>
            <part node="augerArm03" startTime="0" endTime="2" startRot="0 0 -130" endRot="0 0 -90"/>
            <part node="augerArm03" startTime="2" endTime="4" startRot="0 0 -90" endRot="0 0 -45"/>
            <part node="beltConveyor_meshScroll" startTime="2" endTime="2.01" visibility="false"/>
            <part node="beltConveyor_meshScroll" startTime="2.01" endTime="3" visibility="true"/>
            <part node="beltConveyor_skinned" startTime="2" endTime="2.01" visibility="true"/>
            <part node="beltConveyor_skinned" startTime="2.01" endTime="3" visibility="false"/>
            <sound template="hydraulicLayerTone" startTime="0.01" endTime="3.99" volumeScale="1.2" pitchScale="0.6"/>
            <sound template="defaultHydraulicSound" startTime="0.01" endTime="3.99" volumeScale="1" pitchScale="0.8"/>
            <sound template="clackVar6" startTime="3.99" direction="1" volumeScale="1.5" pitchScale="0.6"/>
            <sound template="clackVar4" startTime="3.99" direction="1" volumeScale="1" pitchScale="0.5"/>
            <sound template="sheetImp02" startTime="3.99" direction="1" volumeScale="2" pitchScale="0.8"/>
            <sound template="sheetImp01" startTime="3.99" direction="1" volumeScale="1.2" pitchScale="0.3"/>
            <sound template="foldStopMed02" startTime="0.1" direction="-1" volumeScale="2" pitchScale="0.8"/>
            <sound template="clackVar4" startTime="0.1" direction="-1" volumeScale="1.5" pitchScale="0.8"/>
            <sound template="cylinderPunch" startTime="0.01" direction="-1" volumeScale="0.5" pitchScale="1"/>
            <sound template="sheetImp02" startTime="0.01" direction="1" volumeScale="2" pitchScale="0.8"/>
            <sound template="clackVar4" startTime="0.01" direction="1" volumeScale="1" pitchScale="0.8"/>
        </animation>
        <animation name="augerArm03Anim">
            <part node="beltConveyor_meshScroll" startTime="0" endTime="0.999999" shaderParameter="scrollPosition" shaderStartValues="- 0 1 0" shaderEndValues="- 0 1 1"/>
            <part node="beltConveyor_meshScroll" startTime="0.999999" endTime="1" shaderParameter="scrollPosition" shaderStartValues="- 0 1 1" shaderEndValues="- 1 2 0"/>
            <part node="beltConveyor_meshScroll" startTime="1" endTime="1.999999" shaderParameter="scrollPosition" shaderStartValues="- 1 2 0" shaderEndValues="- 1 2 1"/>
            <part node="beltConveyor_meshScroll" startTime="1.999999" endTime="2" shaderParameter="scrollPosition" shaderStartValues="- 1 2 1" shaderEndValues="- 2 3 0"/>
            <part node="beltConveyor_meshScroll" startTime="2" endTime="2.999999" shaderParameter="scrollPosition" shaderStartValues="- 2 3 0" shaderEndValues="- 2 3 1"/>
            <part node="beltConveyor_meshScroll" startTime="2.999999" endTime="3" shaderParameter="scrollPosition" shaderStartValues="- 2 3 1" shaderEndValues="- 3 4 0"/>
            <part node="beltConveyor_meshScroll" startTime="3" endTime="4" shaderParameter="scrollPosition" shaderStartValues="- 3 4 0" shaderEndValues="- 3 4 1"/>
        </animation>
        <animation name="moveSupport">
            <part node="drawbar" startTime="0" endTime="0.5" startRot="4 0 0" endRot="4 0 0"/>
            <part node="supportArm" startTime="0" endTime="0.5" startRot="0 0 0" endRot="39 0 0"/>
            <part node="supportArmPart" startTime="0" endTime="0.5" startRot="0 0 0" endRot="-41 0 0"/>
            <sound template="defaultHydraulicSound" startTime="0.01" endTime="0.49" volumeScale="1" pitchScale="0.8" linkNode="attacherJoint"/>
            <sound template="metalClose" startTime="0.01" direction="-1" volumeScale="0.7" pitchScale="2.8" linkNode="attacherJoint"/>
            <sound template="metalClose" startTime="0.5" direction="1" volumeScale="0.7" pitchScale="2.8" linkNode="attacherJoint"/>
            <sound template="clackVar1" startTime="0.1" direction="1" volumeScale="1.3" pitchScale="1.8" linkNode="attacherJoint"/>
            <sound template="clackVar1" startTime="0.5" direction="-1" volumeScale="1.3" pitchScale="1.8" linkNode="attacherJoint"/>
        </animation>
    </animations>
    <cylindered>
	
        <movingTools>
            <movingTool node="drawbar" playSound="true">
                <dependentPart node="drawbarHydraulic"/>
                <inputAttacherJoint value="true"/>
            </movingTool>
            <movingTool node="supportArm" playSound="true">
                <dependentPart node="supportArmHydraulic"/>
            </movingTool>
            <movingTool node="augerArm01" playSound="true" freezingPipeStates="0 1" foldMinLimit="0" foldMaxLimit="0.1">
                <controls axis="AXIS_DOOR_3" invertAxis="true" mouseSpeedFactor="0.2" iconName="PIPE_ROTATE_X"/>
                <rotation rotSpeed="10" rotAcceleration="200" rotMax="-30" rotMin="-75" rotationAxis="3"/>
                <dependentPart node="augerArm01Hydraulic01"/>
                <dependentPart node="augerArm01Hydraulic02"/>
            </movingTool>
            <movingTool node="augerArm02" playSound="true">
                <dependentPart node="augerArm02Hydraulic"/>
            </movingTool>
            <movingTool node="augerArm03" freezingPipeStates="0 1" foldMinLimit="0" foldMaxLimit="0.1" playSound="true">
                <controls axis="AXIS_PIPE" invertAxis="false" mouseSpeedFactor="0.2" iconName="PIPE_END_ROTATE"/>
                <rotation rotSpeed="25" rotAcceleration="200" rotMax="0" rotMin="-90" rotationAxis="3"/>
                <dependentPart node="augerArm03Hydraulic"/>
                <dependentAnimation name="augerArm03Anim" rotationAxis="3" minValue="-90" maxValue="0" invert="true"/>
            </movingTool>
        </movingTools>
        <movingParts>
            <movingPart node="drawbarHydraulic" referencePoint="drawbarHydraulicRef" referenceFrame="drawbarHydraulicRef">
                <translatingPart node="drawbarHydraulicPunch"/>
            </movingPart>
            <movingPart node="steeringBarLeftHydraulic" referencePoint="steeringBarLeftHydraulicRef" referenceFrame="steeringBarLeftHydraulicRef">
                <translatingPart node="steeringBarLeftHydraulicPunch"/>
            </movingPart>
            <movingPart node="steeringBarRightHydraulic" referencePoint="steeringBarRightHydraulicRef" referenceFrame="steeringBarRightHydraulicRef">
                <translatingPart node="steeringBarRightHydraulicPunch"/>
            </movingPart>
            <movingPart node="steeringBarFrontLeft" referencePoint="steeringBarFrontLeftRef" referenceFrame="steeringBarFrontLeftRef" scaleZ="true" isActiveDirty="true" maxUpdateDistance="25"/>
            <movingPart node="steeringBarFrontRight" referencePoint="steeringBarFrontRightRef" referenceFrame="steeringBarFrontRightRef" scaleZ="true" isActiveDirty="true" maxUpdateDistance="25"/>
            <movingPart node="steeringBarBackLeft" referencePoint="steeringBarBackLeftRef" referenceFrame="steeringBarBackLeftRef" scaleZ="true" isActiveDirty="true" maxUpdateDistance="25"/>
            <movingPart node="steeringBarBackRight" referencePoint="steeringBarBackRightRef" referenceFrame="steeringBarBackRightRef" scaleZ="true" isActiveDirty="true" maxUpdateDistance="25"/>
            <movingPart node="supportArmHydraulic" referencePoint="supportArmHydraulicRef" referenceFrame="supportArmHydraulicRef">
                <translatingPart node="supportArmHydraulicPunch"/>
            </movingPart>
            <movingPart node="augerArm01Hydraulic01" referencePoint="augerArm01Hydraulic01Ref" referenceFrame="augerArm01Hydraulic01RefFrame">
                <translatingPart node="augerArm01HydraulicPunch01"/>
            </movingPart>
            <movingPart node="augerArm01Hydraulic02" referencePoint="augerArm01Hydraulic02Ref" referenceFrame="augerArm01Hydraulic02RefFrame">
                <translatingPart node="augerArm01HydraulicPunch02"/>
            </movingPart>
            <movingPart node="augerArm02Hydraulic" referencePoint="augerArm02HydraulicRef" referenceFrame="augerArm02HydraulicRefFrame">
                <translatingPart node="augerArm02HydraulicPunch"/>
            </movingPart>
            <movingPart node="augerArm03Hydraulic" referencePoint="augerArm03HydraulicRef" referenceFrame="augerArm03HydraulicRefFrame">
                <translatingPart node="augerArm03HydraulicPunch"/>
            </movingPart>
        </movingParts>
        <sounds>
            <actionSound template="defaultHydraulicSound" pitchScale="0.8" volumeScale="0.8" linkNode="augerArm03" actionNames="TOOL_MOVE_POS TOOL_MOVE_NEG" nodes="augerArm03"/>
            <actionSound template="hydraulicLayerTone" pitchScale="0.8" volumeScale="1" linkNode="augerArm01Hydraulic02" actionNames="TRANSLATING_POS TRANSLATING_NEG" nodes="augerArm01Hydraulic02"/>
            <actionSound template="clackVar6" pitchScale="0.8" volumeScale="1" linkNode="augerArm03" actionNames="TOOL_MOVE_END_POS_LIMIT" nodes="augerArm03"/>
            <actionSound template="sheetImp02" pitchScale="1.3" volumeScale="1.2" linkNode="augerArm03" actionNames="TOOL_MOVE_END_POS_LIMIT" nodes="augerArm03"/>
            <actionSound template="clackVar6" pitchScale="0.7" volumeScale="1.2" linkNode="augerArm03" actionNames="TOOL_MOVE_END_NEG_LIMIT" nodes="augerArm03"/>
            <actionSound template="clackVar4" pitchScale="1.3" volumeScale="0.5" linkNode="augerArm03" actionNames="TOOL_MOVE_END_NEG_LIMIT" nodes="augerArm03"/>
            <actionSound template="clackVar6" pitchScale="0.8" volumeScale="1.2" linkNode="augerArm01" actionNames="TOOL_MOVE_END_POS_LIMIT" nodes="augerArm01"/>
            <actionSound template="sheetImp01" pitchScale="0.3" volumeScale="1.6" linkNode="augerArm01" actionNames="TOOL_MOVE_END_POS_LIMIT" nodes="augerArm01"/>
            <actionSound template="cylinderPunch" pitchScale="1" volumeScale="0.4" linkNode="augerArm01" actionNames="TOOL_MOVE_END_POS_LIMIT" nodes="augerArm01"/>
            <actionSound template="clackVar6" pitchScale="0.6" volumeScale="1.4" linkNode="augerArm01" actionNames="TOOL_MOVE_END_NEG_LIMIT" nodes="augerArm01"/>
            <actionSound template="clackVar4" pitchScale="1" volumeScale="0.8" linkNode="augerArm01" actionNames="TOOL_MOVE_END_NEG_LIMIT" nodes="augerArm01"/>
            <actionSound template="sheetImp02" pitchScale="0.8" volumeScale="2" linkNode="augerArm01" actionNames="TOOL_MOVE_END_NEG_LIMIT" nodes="augerArm01"/>
        </sounds>
    </cylindered>
	
	<configurationSets title="$l10n_configuration_fillUnit">
        <configurationSet name="120K" >
			<configuration name="fillUnit" index="1"/>
			<configuration name="dischargeable" index="1"/>
		</configurationSet>
		<configurationSet name="500K" >
			<configuration name="fillUnit" index="2"/>
			<configuration name="dischargeable" index="2"/>
		</configurationSet>
		<configurationSet name="2.5M">
			<configuration name="fillUnit" index="3"/>
			<configuration name="dischargeable" index="3"/>
		</configurationSet>
		<configurationSet name="5M">
			<configuration name="fillUnit" index="4"/>
			<configuration name="dischargeable" index="4"/>
		</configurationSet>
		<configurationSet name="10M">
			<configuration name="fillUnit" index="5"/>
			<configuration name="dischargeable" index="5"/>
		</configurationSet>
		
	</configurationSets>
	
    <fillUnit>
        <fillUnitConfigurations title="$l10n_configuration_fillUnit">
            <fillUnitConfiguration  name="$l10n_configuration_capacityX" price="0" params="120000" updateMass="false">
                <fillUnits allowFoldingWhileFilled="true" >
                    <fillUnit shopDisplayUnit="CUBICMETER" fillTypes="CARROT BEETROOT PARSNIP WHEAT BARLEY OAT CANOLA SORGHUM SUNFLOWER SOYBEAN MAIZE POTATO SUGARBEET SUGARBEET_CUT SUGARCANE COTTON GRAPE OLIVE SEEDS FERTILIZER PIGFOOD MINERAL_FEED LIME STRAW WOOL FORAGE FORAGE_MIXING CHAFF WOODCHIPS SILAGE GRASS_WINDROW DRYGRASS_WINDROW SNOW ROADSALT STONE CHICKENFOOD FEEDPELLETS GRAINGRIST HORSEFOOD MINERALS POWERFOOD SHEEPFOOD HAYPELLETS PIGFOOD2 CHOPPEDMAIZE CHOPPEDMAIZE_FERMENTED CCMRAW GRAINGRIST SILOGRASS GRASS_FERMENTED BEETPULP BEETPULP_FERMENTED POTATO_CUT BREWERSGRAIN BREWERSGRAIN_FERMENTED DRYCLOVER_WINDROW CLOVER_FERMENTED DRYALFALFA_WINDROW ALFALFA_FERMENTED CROP_WINDROW WETGRASS_WINDROW GRASS_WINDROW SEMIDRYGRASS_WINDROW DRYGRASS_WINDROW DRYHORSEGRASS_WINDROW HORSEGRASS_FERMENTED FORAGE2 FORAGE3 FORAGE4 FORAGE5" capacity="120000" foldMinLimit="0" foldMaxLimit="0">
                        <exactFillRootNode node="exactFillRootNode"/> 
                    </fillUnit>
                </fillUnits>
            </fillUnitConfiguration>
			<fillUnitConfiguration  name="$l10n_configuration_capacityX" price="10000" params="500000" updateMass="false">
                <fillUnits allowFoldingWhileFilled="true" >
                    <fillUnit shopDisplayUnit="CUBICMETER" fillTypes="CARROT BEETROOT PARSNIP WHEAT BARLEY OAT CANOLA SORGHUM SUNFLOWER SOYBEAN MAIZE POTATO SUGARBEET SUGARBEET_CUT SUGARCANE COTTON GRAPE OLIVE SEEDS FERTILIZER PIGFOOD MINERAL_FEED LIME STRAW WOOL FORAGE FORAGE_MIXING CHAFF WOODCHIPS SILAGE GRASS_WINDROW DRYGRASS_WINDROW SNOW ROADSALT STONE CHICKENFOOD FEEDPELLETS GRAINGRIST HORSEFOOD MINERALS POWERFOOD SHEEPFOOD HAYPELLETS PIGFOOD2 CHOPPEDMAIZE CHOPPEDMAIZE_FERMENTED CCMRAW GRAINGRIST SILOGRASS GRASS_FERMENTED BEETPULP BEETPULP_FERMENTED POTATO_CUT BREWERSGRAIN BREWERSGRAIN_FERMENTED DRYCLOVER_WINDROW CLOVER_FERMENTED DRYALFALFA_WINDROW ALFALFA_FERMENTED CROP_WINDROW WETGRASS_WINDROW GRASS_WINDROW SEMIDRYGRASS_WINDROW DRYGRASS_WINDROW DRYHORSEGRASS_WINDROW HORSEGRASS_FERMENTED FORAGE2 FORAGE3 FORAGE4 FORAGE5" capacity="500000" foldMinLimit="0" foldMaxLimit="0" updateMass="false">
                        <exactFillRootNode node="exactFillRootNode"/>
                    </fillUnit>
                </fillUnits>
            </fillUnitConfiguration>
			<fillUnitConfiguration  name="$l10n_configuration_capacityX" price="20000" params="2500000" updateMass="false">
                <fillUnits allowFoldingWhileFilled="true" >
                    <fillUnit shopDisplayUnit="CUBICMETER" fillTypes="CARROT BEETROOT PARSNIP WHEAT BARLEY OAT CANOLA SORGHUM SUNFLOWER SOYBEAN MAIZE POTATO SUGARBEET SUGARBEET_CUT SUGARCANE COTTON GRAPE OLIVE SEEDS FERTILIZER PIGFOOD MINERAL_FEED LIME STRAW WOOL FORAGE FORAGE_MIXING CHAFF WOODCHIPS SILAGE GRASS_WINDROW DRYGRASS_WINDROW SNOW ROADSALT STONE CHICKENFOOD FEEDPELLETS GRAINGRIST HORSEFOOD MINERALS POWERFOOD SHEEPFOOD HAYPELLETS PIGFOOD2 CHOPPEDMAIZE CHOPPEDMAIZE_FERMENTED CCMRAW GRAINGRIST SILOGRASS GRASS_FERMENTED BEETPULP BEETPULP_FERMENTED POTATO_CUT BREWERSGRAIN BREWERSGRAIN_FERMENTED DRYCLOVER_WINDROW CLOVER_FERMENTED DRYALFALFA_WINDROW ALFALFA_FERMENTED CROP_WINDROW WETGRASS_WINDROW GRASS_WINDROW SEMIDRYGRASS_WINDROW DRYGRASS_WINDROW DRYHORSEGRASS_WINDROW HORSEGRASS_FERMENTED FORAGE2 FORAGE3 FORAGE4 FORAGE5" capacity="2500000" foldMinLimit="0" foldMaxLimit="0" updateMass="false">
                        <exactFillRootNode node="exactFillRootNode"/>
                    </fillUnit>
                </fillUnits>
            </fillUnitConfiguration>
			<fillUnitConfiguration  name="$l10n_configuration_capacityX" price="30000" params="5000000" updateMass="false">
                <fillUnits allowFoldingWhileFilled="true" >
                    <fillUnit shopDisplayUnit="CUBICMETER" fillTypes="CARROT BEETROOT PARSNIP WHEAT BARLEY OAT CANOLA SORGHUM SUNFLOWER SOYBEAN MAIZE POTATO SUGARBEET SUGARBEET_CUT SUGARCANE COTTON GRAPE OLIVE SEEDS FERTILIZER PIGFOOD MINERAL_FEED LIME STRAW WOOL FORAGE FORAGE_MIXING CHAFF WOODCHIPS SILAGE GRASS_WINDROW DRYGRASS_WINDROW SNOW ROADSALT STONE CHICKENFOOD FEEDPELLETS GRAINGRIST HORSEFOOD MINERALS POWERFOOD SHEEPFOOD HAYPELLETS PIGFOOD2 CHOPPEDMAIZE CHOPPEDMAIZE_FERMENTED CCMRAW GRAINGRIST SILOGRASS GRASS_FERMENTED BEETPULP BEETPULP_FERMENTED POTATO_CUT BREWERSGRAIN BREWERSGRAIN_FERMENTED DRYCLOVER_WINDROW CLOVER_FERMENTED DRYALFALFA_WINDROW ALFALFA_FERMENTED CROP_WINDROW WETGRASS_WINDROW GRASS_WINDROW SEMIDRYGRASS_WINDROW DRYGRASS_WINDROW DRYHORSEGRASS_WINDROW HORSEGRASS_FERMENTED FORAGE2 FORAGE3 FORAGE4 FORAGE5" capacity="5000000" foldMinLimit="0" foldMaxLimit="0" updateMass="false">
                        <exactFillRootNode node="exactFillRootNode"/>
                    </fillUnit>
                </fillUnits>
            </fillUnitConfiguration>
			<fillUnitConfiguration  name="$l10n_configuration_capacityX" price="40000" params="10000000" updateMass="false">
                <fillUnits allowFoldingWhileFilled="true" >
                    <fillUnit shopDisplayUnit="CUBICMETER" fillTypes="CARROT BEETROOT PARSNIP WHEAT BARLEY OAT CANOLA SORGHUM SUNFLOWER SOYBEAN MAIZE POTATO SUGARBEET SUGARBEET_CUT SUGARCANE COTTON GRAPE OLIVE SEEDS FERTILIZER PIGFOOD MINERAL_FEED LIME STRAW WOOL FORAGE FORAGE_MIXING CHAFF WOODCHIPS SILAGE GRASS_WINDROW DRYGRASS_WINDROW SNOW ROADSALT STONE CHICKENFOOD FEEDPELLETS GRAINGRIST HORSEFOOD MINERALS POWERFOOD SHEEPFOOD HAYPELLETS PIGFOOD2 CHOPPEDMAIZE CHOPPEDMAIZE_FERMENTED CCMRAW GRAINGRIST SILOGRASS GRASS_FERMENTED BEETPULP BEETPULP_FERMENTED POTATO_CUT BREWERSGRAIN BREWERSGRAIN_FERMENTED DRYCLOVER_WINDROW CLOVER_FERMENTED DRYALFALFA_WINDROW ALFALFA_FERMENTED CROP_WINDROW WETGRASS_WINDROW GRASS_WINDROW SEMIDRYGRASS_WINDROW DRYGRASS_WINDROW DRYHORSEGRASS_WINDROW HORSEGRASS_FERMENTED FORAGE2 FORAGE3 FORAGE4 FORAGE5" capacity="10000000" foldMinLimit="0" foldMaxLimit="0" updateMass="false">
                        <exactFillRootNode node="exactFillRootNode"/>
                    </fillUnit>
                </fillUnits>
            </fillUnitConfiguration>
			
	   </fillUnitConfigurations>
    </fillUnit>
    <fillVolume>
        <fillVolumeConfigurations>
            <fillVolumeConfiguration>
                <volumes>
                    <volume node="fillVolume" maxDelta="1" maxAllowedHeapAngle="25" fillUnitIndex="1"/>
                </volumes>
            </fillVolumeConfiguration>
        </fillVolumeConfigurations>
        <unloadInfos>
            <unloadInfo>
                <node node="unloadInfo" width="0.3" length="0.3"/>
            </unloadInfo>
        </unloadInfos>
    </fillVolume>
    <pipe foldMinState="1" foldMaxState="1" foldMinLimit="0" foldMaxLimit="0.1" dischargeNodeIndex="1">
        <states num="2" unloading="2"/>
        <animation name="foldPipe" speedScale="1.2"/>
        <unloadingTriggers>
            <unloadingTrigger node="trailerTrigger"/>
        </unloadingTriggers>
        <animationNodes>
            <animationNode node="unloadingDisc01" rotSpeed="-100" rotAxis="3" turnOnFadeTime="2" turnOffFadeTime="2"/>
            <animationNode node="unloadingDisc02" rotSpeed="100" rotAxis="1" turnOnFadeTime="2" turnOffFadeTime="2"/>
            <animationNode node="unloadingDisc03" rotSpeed="100" rotAxis="1" turnOnFadeTime="2" turnOffFadeTime="2"/>
            <animationNode node="unloadingDisc04" rotSpeed="-100" rotAxis="3" turnOnFadeTime="2" turnOffFadeTime="2"/>
            <animationNode node="unloadingDisc05" rotSpeed="-100" rotAxis="3" turnOnFadeTime="2" turnOffFadeTime="2"/>
            <animationNode node="unloadingDisc06" rotSpeed="-1000" rotAxis="3" turnOnFadeTime="2" turnOffFadeTime="2"/>
            <animationNode class="ScrollingAnimation" node="beltConveyor_meshScroll" shaderParameterName="scrollPosition" shaderParameterComponent="1" scrollLength="1" scrollSpeed="-0.3" turnOnFadeTime="0.5" turnOffFadeTime="2" turnedOffPosition="0" minAlphaForTurnOff="0.5"/>
            <animationNode class="ScrollingAnimation" node="beltConveyor_uvScroll" shaderParameterName="offsetUV" shaderParameterComponent="2" scrollLength="10.170167" scrollSpeed="3.0510501" turnOnFadeTime="0.5" turnOffFadeTime="2" turnedOffPosition="0" minAlphaForTurnOff="0.5"/>
            <animationNode class="ScrollingAnimation" node="beltShortRacks_meshScroll" shaderParameterName="scrollPosition" shaderParameterComponent="1" scrollLength="1" scrollSpeed="-0.05" turnOnFadeTime="2" turnOffFadeTime="2"/>
            <animationNode class="ScrollingAnimation" node="beltShortRacks_uvScroll" shaderParameterName="offsetUV" shaderParameterComponent="2" scrollLength="6" scrollSpeed="0.3" turnOnFadeTime="2" turnOffFadeTime="2"/>
            <animationNode class="ScrollingAnimation" node="beltLongRacks_meshScroll" shaderParameterName="scrollPosition" shaderParameterComponent="1" scrollLength="1" scrollSpeed="-0.013753581" turnOnFadeTime="2" turnOffFadeTime="2"/>
            <animationNode class="ScrollingAnimation" node="beltLongRacks_uvScroll" shaderParameterName="offsetUV" shaderParameterComponent="2" scrollLength="21.8125" scrollSpeed="0.3" turnOnFadeTime="2" turnOffFadeTime="2"/>
        </animationNodes>
    </pipe>
	
    <dischargeable>
	<dischargeableConfigurations title="$l10n_configuration_fillUnit">
	<dischargeableConfiguration name="120K" price="0">
        <dischargeNode node="pipeRaycastNode" emptySpeed="12000" fillUnitIndex="1" unloadInfoIndex="1" maxDistance="8">
            <info width="1.8" length="0.3" useRaycastHitPosition="true"/>
            <raycast useWorldNegYDirection="true" yOffset="1"/>
            <effects>
                <effectNode effectNode="particleAnimation01" effectClass="MorphPositionEffect" materialType="belt" delay="0" fadeTime="1.5" scrollLength="2" scrollSpeed="1.5"/>
                <effectNode effectNode="emitterShape" effectClass="ParticleEffect" materialType="unloadingParticle" emitCountScale="7" lifespan="0.11" delay="1.35" extraDistance="0" worldSpace="true"/>
            </effects>
            <dischargeStateSound template="augerBelt" pitchScale="1.0" volumeScale="1.0" fadeIn="2" fadeOut="2.7"/>
        </dischargeNode>
    
	</dischargeableConfiguration>
	<dischargeableConfiguration name="500K" price="0">
        <dischargeNode node="pipeRaycastNode" emptySpeed="50000" fillUnitIndex="1" unloadInfoIndex="1" maxDistance="8">
            <info width="1.8" length="0.3" useRaycastHitPosition="true"/>
            <raycast useWorldNegYDirection="true" yOffset="1"/>
            <effects>
                <effectNode effectNode="particleAnimation01" effectClass="MorphPositionEffect" materialType="belt" delay="0" fadeTime="1.5" scrollLength="2" scrollSpeed="1.5"/>
                <effectNode effectNode="emitterShape" effectClass="ParticleEffect" materialType="unloadingParticle" emitCountScale="7" lifespan="0.11" delay="1.35" extraDistance="0" worldSpace="true"/>
            </effects>
            <dischargeStateSound template="augerBelt" pitchScale="1.0" volumeScale="1.0" fadeIn="2" fadeOut="2.7"/>
        </dischargeNode>
    
	</dischargeableConfiguration>
	<dischargeableConfiguration name="2.5M" price="0">
        <dischargeNode node="pipeRaycastNode" emptySpeed="250000" fillUnitIndex="1" unloadInfoIndex="1" maxDistance="8">
            <info width="1.8" length="0.3" useRaycastHitPosition="true"/>
            <raycast useWorldNegYDirection="true" yOffset="1"/>
            <effects>
                <effectNode effectNode="particleAnimation01" effectClass="MorphPositionEffect" materialType="belt" delay="0" fadeTime="1.5" scrollLength="2" scrollSpeed="1.5"/>
                <effectNode effectNode="emitterShape" effectClass="ParticleEffect" materialType="unloadingParticle" emitCountScale="7" lifespan="0.11" delay="1.35" extraDistance="0" worldSpace="true"/>
            </effects>
            <dischargeStateSound template="augerBelt" pitchScale="1.0" volumeScale="1.0" fadeIn="2" fadeOut="2.7"/>
        </dischargeNode>
   
	</dischargeableConfiguration>
	<dischargeableConfiguration name="5M" price="0">
        <dischargeNode node="pipeRaycastNode" emptySpeed="500000" fillUnitIndex="1" unloadInfoIndex="1" maxDistance="8">
            <info width="1.8" length="0.3" useRaycastHitPosition="true"/>
            <raycast useWorldNegYDirection="true" yOffset="1"/>
            <effects>
                <effectNode effectNode="particleAnimation01" effectClass="MorphPositionEffect" materialType="belt" delay="0" fadeTime="1.5" scrollLength="2" scrollSpeed="1.5"/>
                <effectNode effectNode="emitterShape" effectClass="ParticleEffect" materialType="unloadingParticle" emitCountScale="7" lifespan="0.11" delay="1.35" extraDistance="0" worldSpace="true"/>
            </effects>
            <dischargeStateSound template="augerBelt" pitchScale="1.0" volumeScale="1.0" fadeIn="2" fadeOut="2.7"/>
        </dischargeNode>
   
	</dischargeableConfiguration>
	<dischargeableConfiguration name="10M" price="0">
        <dischargeNode node="pipeRaycastNode" emptySpeed="1000000" fillUnitIndex="1" unloadInfoIndex="1" maxDistance="8">
            <info width="1.8" length="0.3" useRaycastHitPosition="true"/>
            <raycast useWorldNegYDirection="true" yOffset="1"/>
            <effects>
                <effectNode effectNode="particleAnimation01" effectClass="MorphPositionEffect" materialType="belt" delay="0" fadeTime="1.5" scrollLength="2" scrollSpeed="1.5"/>
                <effectNode effectNode="emitterShape" effectClass="ParticleEffect" materialType="unloadingParticle" emitCountScale="7" lifespan="0.11" delay="1.35" extraDistance="0" worldSpace="true"/>
            </effects>
            <dischargeStateSound template="augerBelt" pitchScale="1.0" volumeScale="1.0" fadeIn="2" fadeOut="2.7"/>
        </dischargeNode>
   
	</dischargeableConfiguration>
		</dischargeableConfigurations>
    </dischargeable>
    <ai>
        <allowTurnBackward value="false"/>
        <agentAttachment jointNode="attacherJoint" rotCenterWheelIndices="1 2 3 4 5 6" width="3.2" height="3.9" length="10.8" lengthOffset="0.6"/>
    </ai>
    <foliageBending>
        <bendingNode minX="-1.55" maxX="1.55" minZ="-5.5" maxZ="1.55" yOffset="0.6"/>
        <bendingNode minX="-1.3" maxX="1.3" minZ="1.5" maxZ="4.7" yOffset="0.6"/>
        <bendingNode minX="-0.3" maxX="0.3" minZ="4.7" maxZ="6" yOffset="0.6"/>
    </foliageBending>
    <baseMaterial>
        <material name="rrw500Part01_mat" baseNode="rrw500_vis">
            <shaderParameter name="colorMat0" value="HOLMER_RED1"/>
        </material>
        <material name="rrw500Part02_mat" baseNode="rrw500_vis2">
            <shaderParameter name="colorMat0" value="HOLMER_RED1"/>
			<shaderParameter name="colorMat1" value="HOLMER_RED1"/>
        </material>
		<material name="rrw500CombinedDecals_mat3" baseNode="0>0|6|2">
            <shaderParameter name="colorMat0" value="HOLMER_RED1"/>
        </material>
		<material name="scharmullerHitches_mat" baseNode="0>0|7|0">
            <shaderParameter name="colorMat0" value="HOLMER_RED1"/>
        </material>
    </baseMaterial>
	
	<baseMaterialConfigurations useDefaultColors="true">
		<baseMaterialConfiguration name="$l10n_color_Holmer_Red"  color="HOLMER_RED1" />
		<baseMaterialConfiguration name="$l10n_color_GRIMME_YELLOW" 		color="GRIMME_YELLOW1" 			material="0" price="0"/>
		<baseMaterialConfiguration name="$l10n_color_LIGHT_SILVER"  	color="SHARED_WHITE2" 		material="27" price="0"/>
		<baseMaterialConfiguration name="$l10n_color_BLUSH" 		color="KOTTE_RED1" 			    material="0" price="0"/>
		<baseMaterialConfiguration name="$l10n_color_TURQUOISE" 		color="BERTHOUD_TURQUOISE1" 	material="0" price="0"/>
		<baseMaterialConfiguration name="$l10n_color_EINBOECK_GREEN" 		color="EINBOECK_GREEN1" 			material="0" price="0"/>
		<baseMaterialConfiguration name="$l10n_color_BREDAL_YELLOW" color="BREDAL_YELLOW1" 		material="0" price="0"/>
		<baseMaterialConfiguration name="$l10n_color_FENDT_ORANGE"      color="FENDT_ORANGE1"           material="0" price="0"/>
		<baseMaterialConfiguration name="$l10n_color_PLUM" 		    color="0.040 0.010 0.220"		    material="0" price="0"/>
		
		<baseMaterialConfiguration name="$l10n_color_KRONE_YELLOW" 		color="KRONE_YELLOW1" 			material="0" price="0"/>
		<baseMaterialConfiguration name="$l10n_color_SILVER" 		    color="SHARED_GREY2" 		material="27" price="0"/>
		<baseMaterialConfiguration name="$l10n_color_PEACH" 		    color="KAERCHER_RED" 			    material="0" price="0"/>
		<baseMaterialConfiguration name="$l10n_color_FARMET_BLUE" 		color="FARMET_BLUE1" 	material="0" price="0" isDefault="true"/>
		<baseMaterialConfiguration name="$l10n_color_KRONE_GREEN" 		color="KRONE_GREEN1" 			material="0" price="0"/>
		<baseMaterialConfiguration name="$l10n_color_DEUTZ_YELLOW" color="DEUTZ_YELLOW1" 		material="0" price="0"/>
		<baseMaterialConfiguration name="$l10n_color_ROTTNE_ORANGE"      color="ROTTNE_ORANGE2"           material="0" price="0"/>
		<baseMaterialConfiguration name="$l10n_color_PURPLE" 		    color="FENDT_VIOLET1"		    material="0" price="0"/>
		
		<baseMaterialConfiguration name="$l10n_color_GOLD_CHROME" 	color="KRONE_YELLOW1" 		material="2" price="0"/>
		<baseMaterialConfiguration name="$l10n_color_BLACK_CHROME" 	color="SHARED_BLACK2" 		material="2" price="0"/>
		<baseMaterialConfiguration name="$l10n_color_RED_CHROME" 	color="CASEIH_RED1" 		material="2" price="0"/>
		<baseMaterialConfiguration name="$l10n_color_BLUE_CHROME" 	color="NEWHOLLAND_BLUE1" 	material="2" price="0"/>
		<baseMaterialConfiguration name="$l10n_color_GREEN_CHROME" 	color="KRONE_GREEN1" 		material="2" price="0"/>
		<baseMaterialConfiguration name="$l10n_color_YELLOW_CHROME" color="JOHNDEERE_YELLOW1"	material="2" price="0"/>
		<baseMaterialConfiguration name="$l10n_color_ORANGE_CHROME" color="VALTRA_ORANGE1" 	    material="2" price="0"/>
		<baseMaterialConfiguration name="$l10n_color_PURPLE_CHROME" color="FENDT_VIOLET1" 		material="2" price="0"/>
		
		<baseMaterialConfiguration name="$l10n_color_GOLD_GLOSS" 	color="KRONE_YELLOW1"		material="3" price="0"/>
		<baseMaterialConfiguration name="$l10n_color_BLACK_GLOSS"  	color="SHARED_BLACK2" 		material="3" price="0"/>
		<baseMaterialConfiguration name="$l10n_color_RED_GLOSS" 	color="CASEIH_RED1" 		material="3" price="0"/>
		<baseMaterialConfiguration name="$l10n_color_BLUE_GLOSS" 	color="NEWHOLLAND_BLUE1" 	material="3" price="0"/>
		<baseMaterialConfiguration name="$l10n_color_GREEN_GLOSS"  	color="KRONE_GREEN1" 		material="3" price="0"/>
		<baseMaterialConfiguration name="$l10n_color_YELLOW_GLOSS" 	color="JOHNDEERE_YELLOW1"	material="3" price="0"/>
		<baseMaterialConfiguration name="$l10n_color_ORANGE_GLOSS" 	color="VALTRA_ORANGE1" 	    material="3" price="0"/>
		<baseMaterialConfiguration name="$l10n_color_PURPLE_GLOSS" 	color="FENDT_VIOLET1" 	    material="3" price="0"/>
		
		<baseMaterialConfiguration name="$l10n_color_GOLD_METALFLAKE" 	color="KRONE_YELLOW1"		material="9" price="0"/>
		<baseMaterialConfiguration name="$l10n_color_BLACK_METALFLAKE" 	color="SHARED_BLACK2" 		material="9" price="0"/>
		<baseMaterialConfiguration name="$l10n_color_RED_METALFLAKE" 	color="CASEIH_RED1" 		material="9" price="0"/>
		<baseMaterialConfiguration name="$l10n_color_BLUE_METALFLAKE" 	color="NEWHOLLAND_BLUE1" 	material="9" price="0"/>
		<baseMaterialConfiguration name="$l10n_color_GREEN_METALFLAKE" 	color="KRONE_GREEN1" 		material="9" price="0"/>
		<baseMaterialConfiguration name="$l10n_color_YELLOW_METALFLAKE" color="JOHNDEERE_YELLOW1"	material="9" price="0"/>
		<baseMaterialConfiguration name="$l10n_color_ORANGE_METALFLAKE" color="VALTRA_ORANGE1" 	    material="9" price="0"/>
		<baseMaterialConfiguration name="$l10n_color_PURPLE_METALFLAKE" color="FENDT_VIOLET1" 	    material="9" price="0"/>
		
		<baseMaterialConfiguration name="$l10n_color_GOLD_SATIN" 	    color="KRONE_YELLOW1"		material="27" price="0"/>
		<baseMaterialConfiguration name="$l10n_color_BLACK_SATIN" 	    color="SHARED_BLACK2" 		material="27" price="0"/>
		<baseMaterialConfiguration name="$l10n_color_RED_SATIN" 		color="CASEIH_RED1" 		material="27" price="0"/>
		<baseMaterialConfiguration name="$l10n_color_BLUE_SATIN" 	    color="NEWHOLLAND_BLUE1" 	material="27" price="0"/>
		<baseMaterialConfiguration name="$l10n_color_GREEN_SATIN" 	    color="KRONE_GREEN1" 		material="27" price="0"/>
		<baseMaterialConfiguration name="$l10n_color_YELLOW_SATIN"   	color="JOHNDEERE_YELLOW1"	material="27" price="0"/>
		<baseMaterialConfiguration name="$l10n_color_ORANGE_SATIN" 	    color="VALTRA_ORANGE1" 	    material="27" price="0"/>
		<baseMaterialConfiguration name="$l10n_color_PURPLE_SATIN" 	    color="FENDT_VIOLET1" 		material="27" price="0"/>
		
		<baseMaterialConfiguration name="$l10n_color_OLD_KRONE_YELLOW" 	color="KRONE_YELLOW1"	    material="6" price="0"/>
		<baseMaterialConfiguration name="$l10n_color_OLD_BLACK" 	    color="SHARED_BLACK2" 		material="6" price="0"/>
		<baseMaterialConfiguration name="$l10n_color_OLD_CASE_RED" 		color="CASEIH_RED1" 		material="6" price="0"/>
		<baseMaterialConfiguration name="$l10n_color_OLD_NH_BLUE" 	    color="NEWHOLLAND_BLUE1" 	material="6" price="0"/>
		<baseMaterialConfiguration name="$l10n_color_OLD_KRONE_GREEN" 	color="KRONE_GREEN1"        material="6" price="0"/>
		<baseMaterialConfiguration name="$l10n_color_OLD_JD_YELLOW"   	color="JOHNDEERE_YELLOW1"	material="6" price="0"/>
		<baseMaterialConfiguration name="$l10n_color_OLD_ORANGE" 	    color="VALTRA_ORANGE1" 	    material="6" price="0"/>
		<baseMaterialConfiguration name="$l10n_color_OLD_PURPLE" 	    color="FENDT_VIOLET1" 		material="6" price="0"/>
		
		<baseMaterialConfiguration name="$l10n_color_GOLD_CHECK" 	color="KRONE_YELLOW1"	    material="39" price="0"/>
		<baseMaterialConfiguration name="$l10n_color_BLACK_CHECK" 	    color="SHARED_BLACK2" 		material="39" price="0"/>
		<baseMaterialConfiguration name="$l10n_color_RED_CHECK" 		color="CASEIH_RED1" 		material="39" price="0"/>
		<baseMaterialConfiguration name="$l10n_color_BLUE_CHECK" 	    color="NEWHOLLAND_BLUE1" 	material="39" price="0"/>
		<baseMaterialConfiguration name="$l10n_color_JD_GREEN_CHECK" 	color="KRONE_GREEN1"        material="39" price="0"/>
		<baseMaterialConfiguration name="$l10n_color_JD_YELLOW_CHECK"   	color="JOHNDEERE_YELLOW1"	material="39" price="0"/>
		<baseMaterialConfiguration name="$l10n_color_ORANGE_CHECK" 	    color="VALTRA_ORANGE1" 	    material="39" price="0"/>
		<baseMaterialConfiguration name="$l10n_color_PURPLE_CHECK" 	    color="FENDT_VIOLET1" 		material="39" price="0"/>
		<baseMaterialConfiguration name="$l10n_color_STAINLESS_CHECK"  	color="SHARED_WHITE2" 		material="39" price="0"/>
		
		<baseMaterialConfiguration name="$l10n_color_CHROME" 		color="SHARED_WHITE2"		material="2" price="0"/>
		<baseMaterialConfiguration name="$l10n_color_STAINLESS"  	color="SHARED_WHITE2" 		material="3" price="0"  />
		<baseMaterialConfiguration name="$l10n_color_Tooth_Paste" color="HUERLIMANN_GREEN1_1" price="0"  />
        <material name="rrw500Part01_mat" 		shaderParameter="colorMat0" />
        <material name="rrw500Part02_mat" 	shaderParameter="colorMat0"/>
		<material name="rrw500CombinedDecals_mat3" 	shaderParameter="colorMat0"/>
		<material name="scharmullerHitches_mat" 	shaderParameter="colorMat0"/>
        				
    </baseMaterialConfigurations>
	
	<designMaterialConfigurations useDefaultColors="true">
		<designMaterialConfiguration name="$l10n_color_Holmer_Red"  color="HOLMER_RED1" />
		<designMaterialConfiguration name="$l10n_color_GRIMME_YELLOW" 		color="GRIMME_YELLOW1" 			material="0" price="0"/>
		<designMaterialConfiguration name="$l10n_color_LIGHT_SILVER"  	color="SHARED_WHITE2" 		material="27" price="0"/>
		<designMaterialConfiguration name="$l10n_color_BLUSH" 		color="KOTTE_RED1" 			    material="0" price="0"/>
		<designMaterialConfiguration name="$l10n_color_TURQUOISE" 		color="BERTHOUD_TURQUOISE1" 	material="0" price="0"/>
		<designMaterialConfiguration name="$l10n_color_EINBOECK_GREEN" 		color="EINBOECK_GREEN1" 			material="0" price="0"/>
		<designMaterialConfiguration name="$l10n_color_BREDAL_YELLOW" color="BREDAL_YELLOW1" 		material="0" price="0"/>
		<designMaterialConfiguration name="$l10n_color_FENDT_ORANGE"      color="FENDT_ORANGE1"           material="0" price="0"/>
		<designMaterialConfiguration name="$l10n_color_PLUM" 		    color="0.040 0.010 0.220"		    material="0" price="0"/>
		
		<designMaterialConfiguration name="$l10n_color_KRONE_YELLOW" 		color="KRONE_YELLOW1" 			material="0" price="0"/>
		<designMaterialConfiguration name="$l10n_color_SILVER" 		    color="SHARED_GREY2" 		material="27" price="0"/>
		<designMaterialConfiguration name="$l10n_color_PEACH" 		    color="KAERCHER_RED" 			    material="0" price="0"/>
		<designMaterialConfiguration name="$l10n_color_FARMET_BLUE" 		color="FARMET_BLUE1" 	material="0" price="0"/>
		<designMaterialConfiguration name="$l10n_color_KRONE_GREEN" 		color="KRONE_GREEN1" 			material="0" price="0"/>
		<designMaterialConfiguration name="$l10n_color_DEUTZ_YELLOW" color="DEUTZ_YELLOW1" 		material="0" price="0"/>
		<designMaterialConfiguration name="$l10n_color_ROTTNE_ORANGE"      color="ROTTNE_ORANGE2"           material="0" price="0"/>
		<designMaterialConfiguration name="$l10n_color_PURPLE" 		    color="FENDT_VIOLET1"		    material="0" price="0"/>
		
		<designMaterialConfiguration name="$l10n_color_GOLD_CHROME" 	color="KRONE_YELLOW1" 		material="2" price="0"/>
		<designMaterialConfiguration name="$l10n_color_BLACK_CHROME" 	color="SHARED_BLACK2" 		material="2" price="0"/>
		<designMaterialConfiguration name="$l10n_color_RED_CHROME" 	color="CASEIH_RED1" 		material="2" price="0"/>
		<designMaterialConfiguration name="$l10n_color_BLUE_CHROME" 	color="NEWHOLLAND_BLUE1" 	material="2" price="0"/>
		<designMaterialConfiguration name="$l10n_color_GREEN_CHROME" 	color="KRONE_GREEN1" 		material="2" price="0"/>
		<designMaterialConfiguration name="$l10n_color_YELLOW_CHROME" color="JOHNDEERE_YELLOW1"	material="2" price="0"/>
		<designMaterialConfiguration name="$l10n_color_ORANGE_CHROME" color="VALTRA_ORANGE1" 	    material="2" price="0"/>
		<designMaterialConfiguration name="$l10n_color_PURPLE_CHROME" color="FENDT_VIOLET1" 		material="2" price="0"/>
		
		<designMaterialConfiguration name="$l10n_color_GOLD_GLOSS" 	color="KRONE_YELLOW1"		material="3" price="0"/>
		<designMaterialConfiguration name="$l10n_color_BLACK_GLOSS"  	color="SHARED_BLACK2" 		material="3" price="0"/>
		<designMaterialConfiguration name="$l10n_color_RED_GLOSS" 	color="CASEIH_RED1" 		material="3" price="0"/>
		<designMaterialConfiguration name="$l10n_color_BLUE_GLOSS" 	color="NEWHOLLAND_BLUE1" 	material="3" price="0"/>
		<designMaterialConfiguration name="$l10n_color_GREEN_GLOSS"  	color="KRONE_GREEN1" 		material="3" price="0"/>
		<designMaterialConfiguration name="$l10n_color_YELLOW_GLOSS" 	color="JOHNDEERE_YELLOW1"	material="3" price="0"/>
		<designMaterialConfiguration name="$l10n_color_ORANGE_GLOSS" 	color="VALTRA_ORANGE1" 	    material="3" price="0"/>
		<designMaterialConfiguration name="$l10n_color_PURPLE_GLOSS" 	color="FENDT_VIOLET1" 	    material="3" price="0"/>
		
		<designMaterialConfiguration name="$l10n_color_GOLD_METALFLAKE" 	color="KRONE_YELLOW1"		material="9" price="0"/>
		<designMaterialConfiguration name="$l10n_color_BLACK_METALFLAKE" 	color="SHARED_BLACK2" 		material="9" price="0"/>
		<designMaterialConfiguration name="$l10n_color_RED_METALFLAKE" 	color="CASEIH_RED1" 		material="9" price="0"/>
		<designMaterialConfiguration name="$l10n_color_BLUE_METALFLAKE" 	color="NEWHOLLAND_BLUE1" 	material="9" price="0"/>
		<designMaterialConfiguration name="$l10n_color_GREEN_METALFLAKE" 	color="KRONE_GREEN1" 		material="9" price="0"/>
		<designMaterialConfiguration name="$l10n_color_YELLOW_METALFLAKE" color="JOHNDEERE_YELLOW1"	material="9" price="0"/>
		<designMaterialConfiguration name="$l10n_color_ORANGE_METALFLAKE" color="VALTRA_ORANGE1" 	    material="9" price="0"/>
		<designMaterialConfiguration name="$l10n_color_PURPLE_METALFLAKE" color="FENDT_VIOLET1" 	    material="9" price="0"/>
		
		<designMaterialConfiguration name="$l10n_color_GOLD_SATIN" 	    color="KRONE_YELLOW1"		material="27" price="0"/>
		<designMaterialConfiguration name="$l10n_color_BLACK_SATIN" 	    color="SHARED_BLACK2" 		material="27" price="0" isDefault="true"/>
		<designMaterialConfiguration name="$l10n_color_RED_SATIN" 		color="CASEIH_RED1" 		material="27" price="0"/>
		<designMaterialConfiguration name="$l10n_color_BLUE_SATIN" 	    color="NEWHOLLAND_BLUE1" 	material="27" price="0"/>
		<designMaterialConfiguration name="$l10n_color_GREEN_SATIN" 	    color="KRONE_GREEN1" 		material="27" price="0"/>
		<designMaterialConfiguration name="$l10n_color_YELLOW_SATIN"   	color="JOHNDEERE_YELLOW1"	material="27" price="0"/>
		<designMaterialConfiguration name="$l10n_color_ORANGE_SATIN" 	    color="VALTRA_ORANGE1" 	    material="27" price="0"/>
		<designMaterialConfiguration name="$l10n_color_PURPLE_SATIN" 	    color="FENDT_VIOLET1" 		material="27" price="0"/>
		
		<designMaterialConfiguration name="$l10n_color_OLD_KRONE_YELLOW" 	color="KRONE_YELLOW1"	    material="6" price="0"/>
		<designMaterialConfiguration name="$l10n_color_OLD_BLACK" 	    color="SHARED_BLACK2" 		material="6" price="0"/>
		<designMaterialConfiguration name="$l10n_color_OLD_CASE_RED" 		color="CASEIH_RED1" 		material="6" price="0"/>
		<designMaterialConfiguration name="$l10n_color_OLD_NH_BLUE" 	    color="NEWHOLLAND_BLUE1" 	material="6" price="0"/>
		<designMaterialConfiguration name="$l10n_color_OLD_KRONE_GREEN" 	color="KRONE_GREEN1"        material="6" price="0"/>
		<designMaterialConfiguration name="$l10n_color_OLD_JD_YELLOW"   	color="JOHNDEERE_YELLOW1"	material="6" price="0"/>
		<designMaterialConfiguration name="$l10n_color_OLD_ORANGE" 	    color="VALTRA_ORANGE1" 	    material="6" price="0"/>
		<designMaterialConfiguration name="$l10n_color_OLD_PURPLE" 	    color="FENDT_VIOLET1" 		material="6" price="0"/>
		
		<designMaterialConfiguration name="$l10n_color_GOLD_CHECK" 	color="KRONE_YELLOW1"	    material="39" price="0"/>
		<designMaterialConfiguration name="$l10n_color_BLACK_CHECK" 	    color="SHARED_BLACK2" 		material="39" price="0"/>
		<designMaterialConfiguration name="$l10n_color_RED_CHECK" 		color="CASEIH_RED1" 		material="39" price="0"/>
		<designMaterialConfiguration name="$l10n_color_BLUE_CHECK" 	    color="NEWHOLLAND_BLUE1" 	material="39" price="0"/>
		<designMaterialConfiguration name="$l10n_color_JD_GREEN_CHECK" 	color="KRONE_GREEN1"        material="39" price="0"/>
		<designMaterialConfiguration name="$l10n_color_JD_YELLOW_CHECK"   	color="JOHNDEERE_YELLOW1"	material="39" price="0"/>
		<designMaterialConfiguration name="$l10n_color_ORANGE_CHECK" 	    color="VALTRA_ORANGE1" 	    material="39" price="0"/>
		<designMaterialConfiguration name="$l10n_color_PURPLE_CHECK" 	    color="FENDT_VIOLET1" 		material="39" price="0"/>
		<designMaterialConfiguration name="$l10n_color_STAINLESS_CHECK"  	color="SHARED_WHITE2" 		material="39" price="0"/>
		
		<designMaterialConfiguration name="$l10n_color_CHROME" 		color="SHARED_WHITE2"		material="2" price="0"/>
		<designMaterialConfiguration name="$l10n_color_STAINLESS"  	color="SHARED_WHITE2" 		material="3" price="0"  />
		<designMaterialConfiguration name="$l10n_color_Tooth_Paste" color="HUERLIMANN_GREEN1_1" price="0"  />
		
		<material name="rrw500Part02_mat" 		shaderParameter="colorMat1" />
			
    </designMaterialConfigurations>
	
	<rimColorConfigurations price="0" useDefaultColors="true">
        
		<rimColorConfiguration name="$l10n_color_GRIMME_YELLOW" color="GRIMME_YELLOW1" 		material="0" price="0"/>
		<rimColorConfiguration name="$l10n_color_LIGHT_SILVER"  	color="SHARED_WHITE2" 		material="27" price="0"/>
		<rimColorConfiguration name="$l10n_color_BLUSH" 		color="KOTTE_RED1" 			    material="0" price="0"/>
		<rimColorConfiguration name="$l10n_color_TURQUOISE" 		color="BERTHOUD_TURQUOISE1" 	material="0" price="0"/>
		<rimColorConfiguration name="$l10n_color_EINBOECK_GREEN" 		color="EINBOECK_GREEN1" 			material="0" price="0"/>
		<rimColorConfiguration name="$l10n_color_BREDAL_YELLOW" color="BREDAL_YELLOW1" 		material="0" price="0"/>
		<rimColorConfiguration name="$l10n_color_FENDT_ORANGE"      color="FENDT_ORANGE1"           material="0" price="0"/>
		<rimColorConfiguration name="$l10n_color_PLUM" 		    color="0.040 0.010 0.220"		    material="0" price="0"/>
		
		<rimColorConfiguration name="$l10n_color_KRONE_YELLOW" 		color="KRONE_YELLOW1" 			material="0" price="0"/>
		<rimColorConfiguration name="$l10n_color_SILVER" 		    color="SHARED_GREY2" 		material="27" price="0"/>
		<rimColorConfiguration name="$l10n_color_PEACH" 		    color="KAERCHER_RED" 			    material="0" price="0"/>
		<rimColorConfiguration name="$l10n_color_FARMET_BLUE" 		color="FARMET_BLUE1" 	material="0" price="0"/>
		<rimColorConfiguration name="$l10n_color_KRONE_GREEN" 		color="KRONE_GREEN1" 			material="0" price="0"/>
		<rimColorConfiguration name="$l10n_color_DEUTZ_YELLOW" color="DEUTZ_YELLOW1" 		material="0" price="0"/>
		<rimColorConfiguration name="$l10n_color_ROTTNE_ORANGE"      color="ROTTNE_ORANGE2"           material="0" price="0"/>
		<rimColorConfiguration name="$l10n_color_PURPLE" 		    color="FENDT_VIOLET1"		    material="0" price="0"/>
		
		<rimColorConfiguration name="$l10n_color_GOLD_CHROME" 	color="KRONE_YELLOW1" 		material="2" price="0"/>
		<rimColorConfiguration name="$l10n_color_BLACK_CHROME" 	color="SHARED_BLACK2" 		material="2" price="0"/>
		<rimColorConfiguration name="$l10n_color_RED_CHROME" 	color="CASEIH_RED1" 		material="2" price="0"/>
		<rimColorConfiguration name="$l10n_color_BLUE_CHROME" 	color="NEWHOLLAND_BLUE1" 	material="2" price="0"/>
		<rimColorConfiguration name="$l10n_color_GREEN_CHROME" 	color="KRONE_GREEN1" 		material="2" price="0"/>
		<rimColorConfiguration name="$l10n_color_YELLOW_CHROME" color="JOHNDEERE_YELLOW1"	material="2" price="0"/>
		<rimColorConfiguration name="$l10n_color_ORANGE_CHROME" color="VALTRA_ORANGE1" 	    material="2" price="0"/>
		<rimColorConfiguration name="$l10n_color_PURPLE_CHROME" color="FENDT_VIOLET1" 		material="2" price="0"/>
		
		<rimColorConfiguration name="$l10n_color_GOLD_GLOSS" 	color="KRONE_YELLOW1"		material="3" price="0"/>
		<rimColorConfiguration name="$l10n_color_BLACK_GLOSS"  	color="SHARED_BLACK2" 		material="3" price="0"/>
		<rimColorConfiguration name="$l10n_color_RED_GLOSS" 	color="CASEIH_RED1" 		material="3" price="0" />
		<rimColorConfiguration name="$l10n_color_BLUE_GLOSS" 	color="NEWHOLLAND_BLUE1" 	material="3" price="0"/>
		<rimColorConfiguration name="$l10n_color_GREEN_GLOSS"  	color="KRONE_GREEN1" 		material="3" price="0"/>
		<rimColorConfiguration name="$l10n_color_YELLOW_GLOSS" 	color="JOHNDEERE_YELLOW1"	material="3" price="0"/>
		<rimColorConfiguration name="$l10n_color_ORANGE_GLOSS" 	color="VALTRA_ORANGE1" 	    material="3" price="0"/>
		<rimColorConfiguration name="$l10n_color_PURPLE_GLOSS" 	color="FENDT_VIOLET1" 	    material="3" price="0"/>
		
		<rimColorConfiguration name="$l10n_color_GOLD_METALFLAKE" 	color="KRONE_YELLOW1"		material="9" price="0"/>
		<rimColorConfiguration name="$l10n_color_BLACK_METALFLAKE" 	color="SHARED_BLACK2" 		material="9" price="0"/>
		<rimColorConfiguration name="$l10n_color_RED_METALFLAKE" 	color="CASEIH_RED1" 		material="9" price="0"/>
		<rimColorConfiguration name="$l10n_color_BLUE_METALFLAKE" 	color="NEWHOLLAND_BLUE1" 	material="9" price="0"/>
		<rimColorConfiguration name="$l10n_color_GREEN_METALFLAKE" 	color="KRONE_GREEN1" 		material="9" price="0"/>
		<rimColorConfiguration name="$l10n_color_YELLOW_METALFLAKE" color="JOHNDEERE_YELLOW1"	material="9" price="0"/>
		<rimColorConfiguration name="$l10n_color_ORANGE_METALFLAKE" color="VALTRA_ORANGE1" 	    material="9" price="0"/>
		<rimColorConfiguration name="$l10n_color_PURPLE_METALFLAKE" color="FENDT_VIOLET1" 	    material="9" price="0"/>
		
		<rimColorConfiguration name="$l10n_color_GOLD_SATIN" 	    color="KRONE_YELLOW1"		material="27" price="0"/>
		<rimColorConfiguration name="$l10n_color_BLACK_SATIN" 	    color="SHARED_BLACK2" 		material="27" price="0" isDefault="true"/>
		<rimColorConfiguration name="$l10n_color_RED_SATIN" 		color="CASEIH_RED1" 		material="27" price="0"/>
		<rimColorConfiguration name="$l10n_color_BLUE_SATIN" 	    color="NEWHOLLAND_BLUE1" 	material="27" price="0"/>
		<rimColorConfiguration name="$l10n_color_GREEN_SATIN" 	    color="KRONE_GREEN1" 		material="27" price="0"/>
		<rimColorConfiguration name="$l10n_color_YELLOW_SATIN"   	color="JOHNDEERE_YELLOW1"	material="27" price="0"/>
		<rimColorConfiguration name="$l10n_color_ORANGE_SATIN" 	    color="VALTRA_ORANGE1" 	    material="27" price="0"/>
		<rimColorConfiguration name="$l10n_color_PURPLE_SATIN" 	    color="FENDT_VIOLET1" 		material="27" price="0"/>
		
		<rimColorConfiguration name="$l10n_color_OLD_KRONE_YELLOW" 	color="KRONE_YELLOW1"	    material="6" price="0"/>
		<rimColorConfiguration name="$l10n_color_OLD_BLACK" 	    color="SHARED_BLACK2" 		material="6" price="0"/>
		<rimColorConfiguration name="$l10n_color_OLD_CASE_RED" 		color="CASEIH_RED1" 		material="6" price="0"/>
		<rimColorConfiguration name="$l10n_color_OLD_NH_BLUE" 	    color="NEWHOLLAND_BLUE1" 	material="6" price="0"/>
		<rimColorConfiguration name="$l10n_color_OLD_KRONE_GREEN" 	color="KRONE_GREEN1"        material="6" price="0"/>
		<rimColorConfiguration name="$l10n_color_OLD_JD_YELLOW"   	color="JOHNDEERE_YELLOW1"	material="6" price="0"/>
		<rimColorConfiguration name="$l10n_color_OLD_ORANGE" 	    color="VALTRA_ORANGE1" 	    material="6" price="0"/>
		<rimColorConfiguration name="$l10n_color_OLD_PURPLE" 	    color="FENDT_VIOLET1" 		material="6" price="0"/>
		
		<rimColorConfiguration name="$l10n_color_GOLD_CHECK" 	color="KRONE_YELLOW1"	    material="39" price="0"/>
		<rimColorConfiguration name="$l10n_color_BLACK_CHECK" 	    color="SHARED_BLACK2" 		material="39" price="0"/>
		<rimColorConfiguration name="$l10n_color_RED_CHECK" 		color="CASEIH_RED1" 		material="39" price="0"/>
		<rimColorConfiguration name="$l10n_color_BLUE_CHECK" 	    color="NEWHOLLAND_BLUE1" 	material="39" price="0"/>
		<rimColorConfiguration name="$l10n_color_JD_GREEN_CHECK" 	color="KRONE_GREEN1"        material="39" price="0"/>
		<rimColorConfiguration name="$l10n_color_JD_YELLOW_CHECK"   	color="JOHNDEERE_YELLOW1"	material="39" price="0"/>
		<rimColorConfiguration name="$l10n_color_ORANGE_CHECK" 	    color="VALTRA_ORANGE1" 	    material="39" price="0"/>
		<rimColorConfiguration name="$l10n_color_PURPLE_CHECK" 	    color="FENDT_VIOLET1" 		material="39" price="0"/>
		<rimColorConfiguration name="$l10n_color_STAINLESS_CHECK"  	color="SHARED_WHITE2" 		material="39" price="0"/>
		
		<rimColorConfiguration name="$l10n_color_CHROME" 		color="SHARED_WHITE2"		material="2" price="0"/>
		<rimColorConfiguration name="$l10n_color_STAINLESS"  	color="SHARED_WHITE2" 		material="3" price="0"  />
		<rimColorConfiguration name="$l10n_color_Tooth_Paste" color="HUERLIMANN_GREEN1_1" price="0" />
		<rimColorConfiguration name="$l10n_color_Default" color="SHARED_WHITE1" material="18" price="0" />
    </rimColorConfigurations>
	
	<baseColorConfigurations price="0" useDefaultColors="true" title="$l10n_configuration_hubColor" >
	    <baseColorConfiguration name="$l10n_color_GRIMME_YELLOW" color="GRIMME_YELLOW1" 		material="0" price="0"/>
		<baseColorConfiguration name="$l10n_color_LIGHT_SILVER"  	color="SHARED_WHITE2" 		material="27" price="0"/>
		<baseColorConfiguration name="$l10n_color_BLUSH" 		color="KOTTE_RED1" 			    material="0" price="0"/>
		<baseColorConfiguration name="$l10n_color_TURQUOISE" 		color="BERTHOUD_TURQUOISE1" 	material="0" price="0"/>
		<baseColorConfiguration name="$l10n_color_EINBOECK_GREEN" 		color="EINBOECK_GREEN1" 			material="0" price="0"/>
		<baseColorConfiguration name="$l10n_color_BREDAL_YELLOW" color="BREDAL_YELLOW1" 		material="0" price="0"/>
		<baseColorConfiguration name="$l10n_color_FENDT_ORANGE"      color="FENDT_ORANGE1"           material="0" price="0"/>
		<baseColorConfiguration name="$l10n_color_PLUM" 		    color="0.040 0.010 0.220"		    material="0" price="0"/>
		
		<baseColorConfiguration name="$l10n_color_KRONE_YELLOW" 		color="KRONE_YELLOW1" 			material="0" price="0"/>
		<baseColorConfiguration name="$l10n_color_SILVER" 		    color="SHARED_GREY2" 		material="27" price="0"/>
		<baseColorConfiguration name="$l10n_color_PEACH" 		    color="KAERCHER_RED" 			    material="0" price="0"/>
		<baseColorConfiguration name="$l10n_color_FARMET_BLUE" 		color="FARMET_BLUE1" 	material="0" price="0" isDefault="true"/>
		<baseColorConfiguration name="$l10n_color_KRONE_GREEN" 		color="KRONE_GREEN1" 			material="0" price="0"/>
		<baseColorConfiguration name="$l10n_color_DEUTZ_YELLOW" color="DEUTZ_YELLOW1" 		material="0" price="0"/>
		<baseColorConfiguration name="$l10n_color_ROTTNE_ORANGE"      color="ROTTNE_ORANGE2"           material="0" price="0"/>
		<baseColorConfiguration name="$l10n_color_PURPLE" 		    color="FENDT_VIOLET1"		    material="0" price="0"/>
		
		<baseColorConfiguration name="$l10n_color_GOLD_CHROME" 	color="KRONE_YELLOW1" 		material="2" price="0"/>
		<baseColorConfiguration name="$l10n_color_BLACK_CHROME" 	color="SHARED_BLACK2" 		material="2" price="0"/>
		<baseColorConfiguration name="$l10n_color_RED_CHROME" 	color="CASEIH_RED1" 		material="2" price="0"/>
		<baseColorConfiguration name="$l10n_color_BLUE_CHROME" 	color="NEWHOLLAND_BLUE1" 	material="2" price="0"/>
		<baseColorConfiguration name="$l10n_color_GREEN_CHROME" 	color="KRONE_GREEN1" 		material="2" price="0"/>
		<baseColorConfiguration name="$l10n_color_YELLOW_CHROME" color="JOHNDEERE_YELLOW1"	material="2" price="0"/>
		<baseColorConfiguration name="$l10n_color_ORANGE_CHROME" color="VALTRA_ORANGE1" 	    material="2" price="0"/>
		<baseColorConfiguration name="$l10n_color_PURPLE_CHROME" color="FENDT_VIOLET1" 		material="2" price="0"/>
		
		<baseColorConfiguration name="$l10n_color_GOLD_GLOSS" 	color="KRONE_YELLOW1"		material="3" price="0"/>
		<baseColorConfiguration name="$l10n_color_BLACK_GLOSS"  	color="SHARED_BLACK2" 		material="3" price="0"/>
		<baseColorConfiguration name="$l10n_color_RED_GLOSS" 	color="CASEIH_RED1" 		material="3" price="0" />
		<baseColorConfiguration name="$l10n_color_BLUE_GLOSS" 	color="NEWHOLLAND_BLUE1" 	material="3" price="0"/>
		<baseColorConfiguration name="$l10n_color_GREEN_GLOSS"  	color="KRONE_GREEN1" 		material="3" price="0"/>
		<baseColorConfiguration name="$l10n_color_YELLOW_GLOSS" 	color="JOHNDEERE_YELLOW1"	material="3" price="0"/>
		<baseColorConfiguration name="$l10n_color_ORANGE_GLOSS" 	color="VALTRA_ORANGE1" 	    material="3" price="0"/>
		<baseColorConfiguration name="$l10n_color_PURPLE_GLOSS" 	color="FENDT_VIOLET1" 	    material="3" price="0"/>
		
		<baseColorConfiguration name="$l10n_color_GOLD_METALFLAKE" 	color="KRONE_YELLOW1"		material="9" price="0"/>
		<baseColorConfiguration name="$l10n_color_BLACK_METALFLAKE" 	color="SHARED_BLACK2" 		material="9" price="0"/>
		<baseColorConfiguration name="$l10n_color_RED_METALFLAKE" 	color="CASEIH_RED1" 		material="9" price="0"/>
		<baseColorConfiguration name="$l10n_color_BLUE_METALFLAKE" 	color="NEWHOLLAND_BLUE1" 	material="9" price="0"/>
		<baseColorConfiguration name="$l10n_color_GREEN_METALFLAKE" 	color="KRONE_GREEN1" 		material="9" price="0"/>
		<baseColorConfiguration name="$l10n_color_YELLOW_METALFLAKE" color="JOHNDEERE_YELLOW1"	material="9" price="0"/>
		<baseColorConfiguration name="$l10n_color_ORANGE_METALFLAKE" color="VALTRA_ORANGE1" 	    material="9" price="0"/>
		<baseColorConfiguration name="$l10n_color_PURPLE_METALFLAKE" color="FENDT_VIOLET1" 	    material="9" price="0"/>
		
		<baseColorConfiguration name="$l10n_color_GOLD_SATIN" 	    color="KRONE_YELLOW1"		material="27" price="0"/>
		<baseColorConfiguration name="$l10n_color_BLACK_SATIN" 	    color="SHARED_BLACK2" 		material="27" price="0"/>
		<baseColorConfiguration name="$l10n_color_RED_SATIN" 		color="CASEIH_RED1" 		material="27" price="0"/>
		<baseColorConfiguration name="$l10n_color_BLUE_SATIN" 	    color="NEWHOLLAND_BLUE1" 	material="27" price="0"/>
		<baseColorConfiguration name="$l10n_color_GREEN_SATIN" 	    color="KRONE_GREEN1" 		material="27" price="0"/>
		<baseColorConfiguration name="$l10n_color_YELLOW_SATIN"   	color="JOHNDEERE_YELLOW1"	material="27" price="0"/>
		<baseColorConfiguration name="$l10n_color_ORANGE_SATIN" 	    color="VALTRA_ORANGE1" 	    material="27" price="0"/>
		<baseColorConfiguration name="$l10n_color_PURPLE_SATIN" 	    color="FENDT_VIOLET1" 		material="27" price="0"/>
		
		<baseColorConfiguration name="$l10n_color_OLD_KRONE_YELLOW" 	color="KRONE_YELLOW1"	    material="6" price="0"/>
		<baseColorConfiguration name="$l10n_color_OLD_BLACK" 	    color="SHARED_BLACK2" 		material="6" price="0"/>
		<baseColorConfiguration name="$l10n_color_OLD_CASE_RED" 		color="CASEIH_RED1" 		material="6" price="0"/>
		<baseColorConfiguration name="$l10n_color_OLD_NH_BLUE" 	    color="NEWHOLLAND_BLUE1" 	material="6" price="0"/>
		<baseColorConfiguration name="$l10n_color_OLD_KRONE_GREEN" 	color="KRONE_GREEN1"        material="6" price="0"/>
		<baseColorConfiguration name="$l10n_color_OLD_JD_YELLOW"   	color="JOHNDEERE_YELLOW1"	material="6" price="0"/>
		<baseColorConfiguration name="$l10n_color_OLD_ORANGE" 	    color="VALTRA_ORANGE1" 	    material="6" price="0"/>
		<baseColorConfiguration name="$l10n_color_OLD_PURPLE" 	    color="FENDT_VIOLET1" 		material="6" price="0"/>
		
		<baseColorConfiguration name="$l10n_color_GOLD_CHECK" 	color="KRONE_YELLOW1"	    material="39" price="0"/>
		<baseColorConfiguration name="$l10n_color_BLACK_CHECK" 	    color="SHARED_BLACK2" 		material="39" price="0"/>
		<baseColorConfiguration name="$l10n_color_RED_CHECK" 		color="CASEIH_RED1" 		material="39" price="0"/>
		<baseColorConfiguration name="$l10n_color_BLUE_CHECK" 	    color="NEWHOLLAND_BLUE1" 	material="39" price="0"/>
		<baseColorConfiguration name="$l10n_color_JD_GREEN_CHECK" 	color="KRONE_GREEN1"        material="39" price="0"/>
		<baseColorConfiguration name="$l10n_color_JD_YELLOW_CHECK"   	color="JOHNDEERE_YELLOW1"	material="39" price="0"/>
		<baseColorConfiguration name="$l10n_color_ORANGE_CHECK" 	    color="VALTRA_ORANGE1" 	    material="39" price="0"/>
		<baseColorConfiguration name="$l10n_color_PURPLE_CHECK" 	    color="FENDT_VIOLET1" 		material="39" price="0"/>
		<baseColorConfiguration name="$l10n_color_STAINLESS_CHECK"  	color="SHARED_WHITE2" 		material="39" price="0"/>
		
		<baseColorConfiguration name="$l10n_color_CHROME" 		color="SHARED_WHITE2"		material="2" price="0"/>
		<baseColorConfiguration name="$l10n_color_STAINLESS"  	color="SHARED_WHITE2" 		material="3" price="0"  />
		<baseColorConfiguration name="$l10n_color_Tooth_Paste" color="HUERLIMANN_GREEN1_1" price="0" />
		
		
		</baseColorConfigurations>
    <wearable wearDuration="480" workMultiplier="5" fieldMultiplier="2"/>
    <washable dirtDuration="90" washDuration="1" workMultiplier="3" fieldMultiplier="2"/>
    <i3dMappings>
        <i3dMapping id="rrw500_main_component1" node="0>"/>
        <i3dMapping id="rrw500_vis" node="0>0"/>
        <i3dMapping id="hydraulicIn01" node="0>0|0|0|0"/>
        <i3dMapping id="hydraulicOut01" node="0>0|0|0|1"/>
        <i3dMapping id="hydraulicIn02" node="0>0|0|0|2"/>
        <i3dMapping id="hydraulicOut02" node="0>0|0|0|3"/>
        <i3dMapping id="hydraulicIn03" node="0>0|0|0|4"/>
        <i3dMapping id="hydraulicOut03" node="0>0|0|0|5"/>
        <i3dMapping id="hydraulicIn04" node="0>0|0|0|6"/>
        <i3dMapping id="hydraulicOut04" node="0>0|0|0|7"/>
        <i3dMapping id="airOut" node="0>0|0|0|8"/>
        <i3dMapping id="airIn" node="0>0|0|0|9"/>
        <i3dMapping id="electric" node="0>0|0|0|10"/>
        <i3dMapping id="hydraulicOut04_detached" node="0>0|0|0|11"/>
        <i3dMapping id="hydraulicOut04_connector" node="0>0|0|0|11|0"/>
        <i3dMapping id="hydraulicIn04_detached" node="0>0|0|0|12"/>
        <i3dMapping id="hydraulicIn04_connector" node="0>0|0|0|12|0"/>
        <i3dMapping id="hydraulicOut03_detached" node="0>0|0|0|13"/>
        <i3dMapping id="hydraulicOut03_connector" node="0>0|0|0|13|0"/>
        <i3dMapping id="hydraulicIn03_detached" node="0>0|0|0|14"/>
        <i3dMapping id="hydraulicIn03_connector" node="0>0|0|0|14|0"/>
        <i3dMapping id="hydraulicOut02_detached" node="0>0|0|0|15"/>
        <i3dMapping id="hydraulicOut02_connector" node="0>0|0|0|15|0"/>
        <i3dMapping id="hydraulicIn02_detached" node="0>0|0|0|16"/>
        <i3dMapping id="hydraulicIn02_connector" node="0>0|0|0|16|0"/>
        <i3dMapping id="hydraulicOut01_detached" node="0>0|0|0|17"/>
        <i3dMapping id="hydraulicOut01_connector" node="0>0|0|0|17|0"/>
        <i3dMapping id="hydraulicIn01_detached" node="0>0|0|0|18"/>
        <i3dMapping id="hydraulicIn01_connector" node="0>0|0|0|18|0"/>
        <i3dMapping id="airOut_detached" node="0>0|0|0|19"/>
        <i3dMapping id="airOut01_detachedAdapter" node="0>0|0|0|19|0"/>
        <i3dMapping id="airIn_detached" node="0>0|0|0|20"/>
        <i3dMapping id="airIn01_detachedAdapter" node="0>0|0|0|20|0"/>
        <i3dMapping id="electric_detached" node="0>0|0|0|21"/>
        <i3dMapping id="electric_detachedAdapter" node="0>0|0|0|21|0"/>
        <i3dMapping id="ptoInputNode" node="0>0|0|1"/>
        <i3dMapping id="axisFrontLeft" node="0>0|1|0|0"/>
        <i3dMapping id="wheelFrontLeft" node="0>0|1|0|0|0|0"/>
        <i3dMapping id="steeringBarFrontLeft" node="0>0|1|0|0|1"/>
        <i3dMapping id="axisFrontRight" node="0>0|1|1|0"/>
        <i3dMapping id="wheelFrontRight" node="0>0|1|1|0|0|0"/>
        <i3dMapping id="steeringBarFrontRight" node="0>0|1|1|0|1"/>
        <i3dMapping id="wheelMiddleLeft" node="0>0|1|2"/>
        <i3dMapping id="wheelMiddleRight" node="0>0|1|3"/>
        <i3dMapping id="axisBackLeft" node="0>0|1|4|0"/>
        <i3dMapping id="wheelBackLeft" node="0>0|1|4|0|0|0"/>
        <i3dMapping id="steeringBarBackLeft" node="0>0|1|4|0|1"/>
        <i3dMapping id="axisBackRight" node="0>0|1|5|0"/>
        <i3dMapping id="wheelBackRight" node="0>0|1|5|0|0|0"/>
        <i3dMapping id="steeringBarBackRight" node="0>0|1|5|0|1"/>
        <i3dMapping id="steeringBarFront" node="0>0|1|6"/>
        <i3dMapping id="steeringBarFrontLeftRef" node="0>0|1|6|0"/>
        <i3dMapping id="steeringBarFrontRightRef" node="0>0|1|6|1"/>
        <i3dMapping id="steeringBarBack" node="0>0|1|7"/>
        <i3dMapping id="steeringBarBackLeftRef" node="0>0|1|7|0"/>
        <i3dMapping id="steeringBarBackRightRef" node="0>0|1|7|1"/>
        <i3dMapping id="chockSupport2" node="0>0|1|8"/>
        <i3dMapping id="wheelChock04" node="0>0|1|9"/>
        <i3dMapping id="wheelChock05" node="0>0|1|10"/>
        <i3dMapping id="chockSupport1" node="0>0|1|11"/>
        <i3dMapping id="reflectorYellowRound_03" node="0>0|2|0|0"/>
        <i3dMapping id="reflectorYellowRound_04" node="0>0|2|0|1"/>
        <i3dMapping id="reflectorYellowRound_05" node="0>0|2|0|2"/>
        <i3dMapping id="reflectorYellowRound_06" node="0>0|2|0|3"/>
        <i3dMapping id="reflectorYellowRound_07" node="0>0|2|0|4"/>
        <i3dMapping id="reflectorYellowRound_08" node="0>0|2|0|5"/>
        <i3dMapping id="reflectorYellowRound_09" node="0>0|2|0|6"/>
        <i3dMapping id="reflectorYellowRound_10" node="0>0|2|0|7"/>
        <i3dMapping id="reflectorYellowRound_11" node="0>0|2|0|8"/>
        <i3dMapping id="reflectorYellowRound_12" node="0>0|2|0|9"/>
        <i3dMapping id="rearLight13_left" node="0>0|2|0|10"/>
        <i3dMapping id="rearLight13_right" node="0>0|2|0|11"/>
        <i3dMapping id="sideMarker01_left" node="0>0|2|0|12"/>
        <i3dMapping id="sideMarker01_right" node="0>0|2|0|13"/>
        <i3dMapping id="sideMarker01_left1" node="0>0|2|0|14"/>
        <i3dMapping id="sideMarker01_right1" node="0>0|2|0|15"/>
        <i3dMapping id="sideMarker05Orange" node="0>0|2|0|16"/>
        <i3dMapping id="sideMarker05Orange1" node="0>0|2|0|17"/>
        <i3dMapping id="sideMarker05Orange2" node="0>0|2|0|18"/>
        <i3dMapping id="sideMarker05Orange3" node="0>0|2|0|19"/>
        <i3dMapping id="sideMarker05Orange4" node="0>0|2|0|20"/>
        <i3dMapping id="sideMarker05Orange5" node="0>0|2|0|21"/>
        <i3dMapping id="workingLight03" node="0>0|2|0|22"/>
        <i3dMapping id="workingLight02" node="0>0|2|0|23"/>
        <i3dMapping id="hellaWorkingLightRound_01" node="0>0|2|0|24"/>
        <i3dMapping id="plateNumberLight01" node="0>0|2|0|25"/>
        <i3dMapping id="backLightsHigh1" node="0>0|2|1|0"/>
        <i3dMapping id="licensePlateLightHigh" node="0>0|2|1|1"/>
        <i3dMapping id="turnLightLeftBack" node="0>0|2|2|0"/>
        <i3dMapping id="turnLightRightBack" node="0>0|2|2|1"/>
        <i3dMapping id="workLightBackHigh1" node="0>0|2|3|0"/>
        <i3dMapping id="beaconLight07" node="0>0|2|4|0"/>
        <i3dMapping id="drawbar" node="0>0|3|0"/>
        <i3dMapping id="attacherJoint" node="0>0|3|0|0"/>
        <i3dMapping id="supportArm" node="0>0|3|0|1"/>
        <i3dMapping id="supportArmPart" node="0>0|3|0|1|0"/>
        <i3dMapping id="supportArmHydraulicRef" node="0>0|3|0|1|1"/>
        <i3dMapping id="drawbarHydraulicRef" node="0>0|3|0|2"/>
        <i3dMapping id="ptoDetachArm" node="0>0|3|0|3|0"/>
        <i3dMapping id="ptoDetachNode" node="0>0|3|0|3|1"/>
        <i3dMapping id="supportArmHydraulic" node="0>0|3|0|4"/>
        <i3dMapping id="supportArmHydraulicPunch" node="0>0|3|0|4|0"/>
        <i3dMapping id="steeringBarLeftHydraulic" node="0>0|3|0|7"/>
        <i3dMapping id="steeringBarLeftHydraulicPunch" node="0>0|3|0|7|0"/>
        <i3dMapping id="steeringBarLeftHydraulicRef" node="0>0|3|0|7|0|0"/>
        <i3dMapping id="steeringBarRightHydraulic" node="0>0|3|0|8"/>
        <i3dMapping id="steeringBarRightHydraulicPunch" node="0>0|3|0|8|0"/>
        <i3dMapping id="steeringBarRightHydraulicRef" node="0>0|3|0|8|0|0"/>
        <i3dMapping id="drawbarHydraulic" node="0>0|3|1"/>
        <i3dMapping id="drawbarHydraulicPunch" node="0>0|3|1|0"/>
        <i3dMapping id="unloadingDisc01" node="0>0|3|2|0"/>
        <i3dMapping id="unloadingDisc02" node="0>0|3|2|1"/>
        <i3dMapping id="unloadingDisc03" node="0>0|3|2|2"/>
        <i3dMapping id="unloadingDisc04" node="0>0|3|2|3"/>
        <i3dMapping id="unloadingDisc05" node="0>0|3|2|4"/>
        <i3dMapping id="augerArm01" node="0>0|3|3"/>
        <i3dMapping id="augerArm02" node="0>0|3|3|0"/>
        <i3dMapping id="augerArm03" node="0>0|3|3|0|0"/>
        <i3dMapping id="unloadingDisc06" node="0>0|3|3|0|0|0"/>
        <i3dMapping id="augerArm03HydraulicRef" node="0>0|3|3|0|0|1"/>
        <i3dMapping id="pipeRaycastNode" node="0>0|3|3|0|0|2"/>
        <i3dMapping id="emitterShape" node="0>0|3|3|0|0|3|0"/>
        <i3dMapping id="augerArm03HydraulicRefFrame" node="0>0|3|3|0|1"/>
        <i3dMapping id="augerArm03Hydraulic" node="0>0|3|3|0|1|0"/>
        <i3dMapping id="augerArm03HydraulicPunch" node="0>0|3|3|0|1|0|0"/>
        <i3dMapping id="augerArm02HydraulicRef" node="0>0|3|3|0|2"/>
        <i3dMapping id="augerArm02HydraulicRefFrame" node="0>0|3|3|1"/>
        <i3dMapping id="augerArm02Hydraulic" node="0>0|3|3|1|0"/>
        <i3dMapping id="augerArm02HydraulicPunch" node="0>0|3|3|1|0|0"/>
        <i3dMapping id="augerArm01HydraulicRef" node="0>0|3|3|2"/>
        <i3dMapping id="augerArm01Hydraulic01Ref" node="0>0|3|3|3"/>
        <i3dMapping id="augerArm01Hydraulic02Ref" node="0>0|3|3|4"/>
        <i3dMapping id="beltConveyor_meshScroll" node="0>0|3|3|5|0"/>
        <i3dMapping id="augerArm01Hydraulic02RefFrame" node="0>0|3|4"/>
        <i3dMapping id="augerArm01Hydraulic02" node="0>0|3|4|0"/>
        <i3dMapping id="augerArm01HydraulicPunch02" node="0>0|3|4|0|0"/>
        <i3dMapping id="augerArm01Hydraulic01RefFrame" node="0>0|3|5"/>
        <i3dMapping id="augerArm01Hydraulic01" node="0>0|3|5|0"/>
        <i3dMapping id="augerArm01HydraulicPunch01" node="0>0|3|5|0|0"/>
        <i3dMapping id="beltLongRacks_meshScroll" node="0>0|3|6|0|0"/>
        <i3dMapping id="beltLongRacks_uvScroll" node="0>0|3|6|0|1"/>
        <i3dMapping id="beltConveyor_skinned" node="0>0|3|6|1|0"/>
        <i3dMapping id="beltConveyor_uvScroll" node="0>0|3|6|1|1"/>
        <i3dMapping id="beltShortRacks_meshScroll" node="0>0|3|6|2|0"/>
        <i3dMapping id="beltShortRacks_uvScroll" node="0>0|3|6|2|1"/>
        <i3dMapping id="beetPlate" node="0>0|3|7"/>
        <i3dMapping id="exactFillRootNode" node="0>0|4|0"/>
        <i3dMapping id="trailerTrigger" node="0>0|4|1"/>
        <i3dMapping id="unloadInfo" node="0>0|4|2"/>
        <i3dMapping id="fillVolume" node="0>0|4|3"/>
        <i3dMapping id="licensePlateNodeBack" node="0>0|5"/>
        <i3dMapping id="rrw500_vis2" node="0>0|6|0"/>
        <i3dMapping id="alphaMesh_decal" node="0>0|6|2"/>
        <i3dMapping id="particleAnimation01" node="0>1|2"/>
		<i3dMapping id="trailerAttacherJoint" node="0>0|7|0|0"/>
		<i3dMapping id="ptoBack" node="0>0|8|0|0"/>
		
		
        <i3dMapping id="hydraulic01_in_cover" node="0>0|8|1|0|0" />
        <i3dMapping id="hydraulic01_out_cover" node="0>0|8|1|1|0" />
        <i3dMapping id="hydraulic02_in_cover" node="0>0|8|1|2|0" />
        <i3dMapping id="hydraulic02_out_cover" node="0>0|8|1|3|0" />
        <i3dMapping id="hydraulic03_in_cover" node="0>0|8|1|7|0" />
        <i3dMapping id="hydraulic03_out_cover" node="0>0|8|1|8|0" />
        <i3dMapping id="hydraulic04_in_cover" node="0>0|8|1|9|0" />
        <i3dMapping id="hydraulic04_out_cover" node="0>0|8|1|10|0" />
        
        <i3dMapping id="hydraulic01_in" node="0>0|8|1|0" />
        <i3dMapping id="hydraulic01_out" node="0>0|8|1|1" />
        <i3dMapping id="hydraulic02_in" node="0>0|8|1|2" />
        <i3dMapping id="hydraulic03_in" node="0>0|8|1|7" />
        <i3dMapping id="hydraulic02_out" node="0>0|8|1|2" />
        <i3dMapping id="hydraulic03_out" node="0>0|8|1|8" />
        <i3dMapping id="hydraulic04_in" node="0>0|8|1|9" />
        <i3dMapping id="hydraulic04_out" node="0>0|8|1|10" />
        
        <i3dMapping id="airDoubleControl" node="0>0|8|1|5" />
        <i3dMapping id="airDoubleStorage" node="0>0|8|1|4" />
        <i3dMapping id="electricBack" node="0>0|8|1|6" />
    </i3dMappings>
</vehicle>
