<?xml version="1.0" encoding="utf-8" standalone="no" ?>
<placeable type="farmhouse" xmlns:xsi="http://www.w3.org/2001/XMLSchema-instance" xsi:noNamespaceSchemaLocation="../../../../../shared/xml/schema/placeable.xsd">
    <storeData>
        <name>$l10n_object_farmhouse</name>
        <functions>
            <function>$l10n_function_farmHouse</function>
        </functions>
        <image>store_Cabin.dds</image>
        <canBeSold>true</canBeSold>
        <showInStore>true</showInStore>
        <price>40000</price>
        <lifetime>1000</lifetime>
        <rotation>0</rotation>
        <brand>LIZARD</brand>
        <species>placeable</species>
        <category>farmhouses</category>
        <brush>
            <type>placeable</type>
            <category>buildings</category>
            <tab>farmhouses</tab>
        </brush>



        <vertexBufferMemoryUsage>3156736</vertexBufferMemoryUsage>
        <indexBufferMemoryUsage>584192</indexBufferMemoryUsage>
        <textureMemoryUsage>44630016</textureMemoryUsage>
        <audioMemoryUsage>0</audioMemoryUsage>
        <instanceVertexBufferMemoryUsage>0</instanceVertexBufferMemoryUsage>
        <instanceIndexBufferMemoryUsage>0</instanceIndexBufferMemoryUsage>
    </storeData>

    <base>
        <filename>Cabin.i3d</filename>
        <canBeRenamed>true</canBeRenamed>
    </base>

    <placement useRandomYRotation="false" useManualYRotation="true" >
        <testAreas>
            <testArea startNode="testAreaStart" endNode="testAreaEnd" />
        </testAreas>
        <sounds>
            <place template="largeImp" />
        </sounds>		
    </placement>

    <tipOcclusionUpdateAreas>
        <tipOcclusionUpdateArea startNode="tipOcclusionUpdateAreaStart" endNode="tipOcclusionUpdateAreaEnd" />
    </tipOcclusionUpdateAreas>

    <clearAreas>
        <clearArea startNode="clearArea1Start" widthNode="clearArea1Width" heightNode="clearArea1Height"/>
    </clearAreas>

    <leveling>
        <levelAreas>
            <levelArea startNode="levelArea1Start" widthNode="levelArea1Width" heightNode="levelArea1Height" groundType="grass"/>
        </levelAreas>
    </leveling>

    <indoorAreas>
        <indoorArea startNode="indoorAreaStart" widthNode="indoorAreaWidth" heightNode="indoorAreaHeight"/>
    </indoorAreas>

    <ai>
        <updateAreas>
            <updateArea startNode="tipOcclusionUpdateAreaStart" endNode="tipOcclusionUpdateAreaEnd" />
        </updateAreas>
    </ai>


    <hotspots>
        <hotspot type="FARM" linkNode="0>" teleportNode="spawnPoint" />
    </hotspots>

    <triggerMarkers>
        <triggerMarker node="sleepTriggerMarker"    filename="$data/shared/assets/marker/markerIcons.xml" id="EXCLAMATION_MARK"/>
		<triggerMarker node="wardrobeTriggerMarker" filename="$data/shared/assets/marker/markerIcons.xml" id="EXCLAMATION_MARK"/>
    </triggerMarkers>



     <animatedObjects>
     	 <animatedObject saveId="door" >
            <animation duration="1">
                <part node="0>3|0">
                    <keyFrame time="0.1" rotation="0 -90 0"/>
                    <keyFrame time="1.0" rotation="0 0 0"/>
                </part>
			</animation>
            <controls triggerNode="doorTrigger" posAction="ACTIVATE_HANDTOOL" posText="action_openDoor" negText="action_closeDoor" />
            <sounds>
                <moving linkNode="doorTrigger" template="glassDoorLoop" />
                <negEnd linkNode="doorTrigger" template="metalDoorsClose" />
            </sounds>
        </animatedObject>
     	
     	 <animatedObject saveId="bathDoor" >
            <animation duration="1">
                <part node="0>1|0">
                    <keyFrame time="0.1" rotation="0 180 0"/>
                    <keyFrame time="1.0" rotation="0 90 0"/>
                </part>
			</animation>
            <controls triggerNode="BathTrigger" posAction="ACTIVATE_HANDTOOL" posText="action_openDoor" negText="action_closeDoor" />
            <sounds>
                <moving linkNode="BathTrigger" template="glassDoorLoop" />
                <negEnd linkNode="BathTrigger" template="metalDoorsClose" />
            </sounds>
        </animatedObject>
           

     	 <animatedObject saveId="BedroomDoor" >
            <animation duration="1">
                <part node="0>2|0">
                    <keyFrame time="0.1" rotation="0 0 0"/>
                    <keyFrame time="1.0" rotation="0 90 0"/>
                </part>
			</animation>
            <controls triggerNode="BedDoorTrigger" posAction="ACTIVATE_HANDTOOL" posText="action_openDoor" negText="action_closeDoor" />
            <sounds>
                <moving linkNode="BedDoorTrigger" template="glassDoorLoop" />
                <negEnd linkNode="BedDoorTrigger" template="metalDoorsClose" />
            </sounds>
        </animatedObject>
           
		
        <animatedObject saveId="lightswitch">
			<sounds>
                <toggle template="lizardFloodLight" innerRadius="20" outerRadius="500" volumeScale="0.2"/>
            </sounds>
            <animation initialTime="0" duration="0.5">
				<part node="0>12">
					<keyFrame time="0.5" visibility="false" />
					<keyFrame time="0.55" visibility="true" />
				</part>

            </animation>
            <controls posAction="ACTIVATE_HANDTOOL" triggerNode="lightTrigger" posText="lightON" negText="lightOFF" />
        </animatedObject>
    </animatedObjects>
	

	
    <farmhouse spawnNode="spawnPoint">
        <sleeping triggerNode="sleepingTrigger" cameraNode="sleepCameraNode"/>
    </farmhouse>

    <wardrobe triggerNode="wardrobeTrigger"/>

    <colorable>
        <nodes>
            <node node="Roof" />
        </nodes>

        <colors>
            <color value="RUDOLFHOERMANN_GREEN" />
            <color value="RUDOLFHOERMANN_BEIGE" />
            <color value="RUDOLFHOERMANN_RED" />
            <color value="RUDOLFHOERMANN_BLUE" />
            <color value="RUDOLFHOERMANN_DARKGREY" />
            <color value="RUDOLFHOERMANN_LIGHTGREY" />
            <color value="RUDOLFHOERMANN_WHITEALU" />
            <color value="RUDOLFHOERMANN_GREYALU" />
            <color value="RUDOLFHOERMANN_OXIDRED" />
            <color value="RUDOLFHOERMANN_WOODDARK" />
            <color value="RUDOLFHOERMANN_WOODBRIGHT" />
            <color value="RUDOLFHOERMANN_LIGHTGREEN" />
            <color value="RUDOLFHOERMANN_BROWN" />
            <color value="RUDOLFHOERMANN_DARKBEIGE" />
        </colors>
    </colorable>

    <i3dMappings>
		<i3dMapping id="FrontDoor" node="0>3|0" />  
	    <i3dMapping id="doorTrigger" node="0>3|1" />	
		<i3dMapping id="BathDoor" node="0>1|0" /> 			
		<i3dMapping id="BathTrigger" node="0>1|1" />	

		<i3dMapping id="BedroomDoor" node="0>2|0" /> 			
		<i3dMapping id="BedDoorTrigger" node="0>2|1" />		
		
		<i3dMapping id="clearArea1Start" node="0>5|0" />
        <i3dMapping id="clearArea1Width" node="0>5|0|0" />
        <i3dMapping id="clearArea1Height" node="0>5|0|1" />
        
		<i3dMapping id="levelArea1Start" node="0>5|0" />
        <i3dMapping id="levelArea1Width" node="0>5|0|0" />
        <i3dMapping id="levelArea1Height" node="0>5|0|1" />
		
        <i3dMapping id="indoorAreaStart" node="0>5|0" />
        <i3dMapping id="indoorAreaWidth" node="0>5|0|0" />
        <i3dMapping id="indoorAreaHeight" node="0>5|0|1" />	
        
		<i3dMapping id="sleepCameraNode" node="0>6" />
        <i3dMapping id="sleepTriggerMarker" node="0>8" />
        <i3dMapping id="sleepingTrigger" node="0>7" />
        
		<i3dMapping id="spawnPoint" node="0>10" />
        <i3dMapping id="lightTrigger" node="0>11" />		
        <i3dMapping id="wardrobeTrigger" node="0>9|0" />
        <i3dMapping id="wardrobeTriggerMarker" node="0>9|1" />
        
		<i3dMapping id="tipOcclusionUpdateAreaStart" node="0>5|0|0" />
        <i3dMapping id="tipOcclusionUpdateAreaEnd" node="0>5|0|1" />		
		
		<i3dMapping id="testAreaStart" node="0>15|0" />
        <i3dMapping id="testAreaEnd" node="0>15|0|0" />		

	    <i3dMapping id="Roof" node="0>0|4" />	
    </i3dMappings>
</placeable>
