﻿<?xml version="1.0" encoding="utf-8" standalone="no" ?>
<modDesc descVersion="64">
    <author>Elk Mtn. Modding</author>
    <version>1.0.0.0</version>
    <iconFilename>icon.png</iconFilename>
    <title>
        <en>Rustic Cabin</en>
        <de>Rustikale Hütte</de>
        <fr>Cabane Rustique</fr>	
    </title>
    <description>
	    <en><![CDATA[This rustic cabin is perfect for a stater home or a small farm set up, it has fully working sleep trigger in the bedroom and wardrobe trigger in the bathroom. The cabin has manual lights inside the cabin and auto lights on the porch.]]></en>
	    <de><![CDATA[Diese rustikale Hütte ist perfekt für ein Starter-Haus oder eine kleine Farm. Sie verfügt über einen voll funktionsfähigen Schlaftrigger im Schlafzimmer und einen Kleiderschranktrigger im Badezimmer. Die Hütte hat manuelle Lichter in der Hütte und automatische Lichter auf der Veranda.]]></de>
		<fr><![CDATA[Cette cabane rustique est parfaite pour une maison d'État ou une petite ferme, elle dispose d'un déclencheur de sommeil entièrement fonctionnel dans la chambre et d'un déclencheur de garde-robe dans la salle de bain. La cabine a des lumières manuelles à l'intérieur de la cabine et des lumières automatiques sur le porche.]]></fr>
    </description>
    <multiplayer supported="true"/> 
	
	
	<storeItems>
        <storeItem rootNode="placeable" xmlFilename="Cabin.xml"/>	
	</storeItems>
	

	
</modDesc>
