<?xml version="1.0" encoding="utf-8" standalone="no" ?>
<l10n>
    <texts>
        <!-- name -->
        <text name="name_adattatore"                            text="Adaptador"/>
        <text name="name_lamaDozer"                             text="Cuchilla niveladora"/>
        <text name="name_cestello"                              text="Cesta elevación"/>
        <text name="name_miscelatore"                           text="Batidor de puerines"/>
        <!-- Function -->
        <text name="function_adapterTT"                         text="Adaptador: de tripuntal a manipuladora telescopica"/>
        <!-- F1 helpbox -->
        <text name="category_tank"                              text="Tanques"/>
    </texts>
</l10n>