<?xml version="1.0" encoding="utf-8" standalone="no" ?>
<l10n>
    <texts>
        <!-- name -->
        <text name="name_adattatore"                            text="Adapter"/>
        <text name="name_lamaDozer"                             text="Dozer blade"/>
        <text name="name_cestello"                              text="Cage"/>
        <text name="name_miscelatore"                           text="Mixer"/>
        <!-- Function -->
        <text name="function_adapterTT"                         text="Adapter: from vehicle by three points of the tractor to telehandler tool"/>
        <text name="function_cestello"                          text="This tool can be used to transport your big bags, tanks, bulk and silage additive"/>
        <!-- F1 helpbox -->
        <text name="category_tank"                              text="Tanks"/>
    </texts>
</l10n>