<?xml version="1.0" encoding="utf-8" standalone="no" ?>
<l10n>
    <texts>
        <!-- name -->
        <text name="name_adattatore"                            text="Adapter"/>
        <text name="name_lamaDozer"                             text="Lemiesz do spychania"/>
        <text name="name_cestello"                              text="Klatka"/>
        <text name="name_miscelatore"                           text="Mieszadło"/>
        <!-- Function -->
        <text name="function_adapterTT"                         text="Adapter: z narzędzia 3-punktowego ciągnika na końcówkę ładowarki teleskopowej"/>
        <!-- F1 helpbox -->
        <text name="category_tank"                              text="Czołgi"/>
    </texts>
</l10n>