<?xml version="1.0" encoding="utf-8" standalone="no" ?>
<l10n>
    <texts>
        <!-- name -->
        <text name="name_adattatore"                            text="Adapter"/>
        <text name="name_lamaDozer"                             text="Schiebeschild"/>
        <text name="name_cestello"                              text="Käfig"/>
        <text name="name_miscelatore"                           text="Güllemixer"/>
        <!-- Function -->
        <text name="function_adapterTT"                         text="Adapter: von 3-Punkt des Traktors zum Teleskoplader"/>
        <text name="function_cestello"                          text="Dieses Gerät kann zum Transportieren von Big Bags, Basisfutter, Tanks und Siliermittel verwendet werden."/>
        <!-- F1 helpbox -->
        <text name="category_tank"                              text="Tanks"/>
    </texts>
</l10n>