<?xml version="1.0" encoding="utf-8" standalone="no" ?>
<l10n>
    <texts>
        <!-- name -->
        <text name="name_adattatore"                            text="Адаптер"/>
        <text name="name_lamaDozer"                             text="Отвал"/>
        <text name="name_cestello"                              text="Клеть"/>
        <text name="name_miscelatore"                           text="Смешиватель жижи"/>
        <!-- Function -->
        <text name="function_adapterTT"                         text="Адаптер крепления: с трёхточечного на телескопическое"/>
        <!-- F1 helpbox -->
        <text name="category_tank"                              text="Танки"/>
    </texts>
</l10n>