<?xml version="1.0" encoding="utf-8" standalone="no" ?>
<l10n>
    <texts>
        <!-- name -->
        <text name="name_adattatore"                            text="Adattatore"/>
        <text name="name_lamaDozer"                             text="Lama dozer"/>
        <text name="name_cestello"                              text="Cestello"/>
        <text name="name_miscelatore"                           text="Miscelatore"/>
        <!-- Function -->
        <text name="function_adapterTT"                         text="Adattatore: da veicolo tre punti del trattore ad attrezzo per telescopico"/>
        <!-- F1 helpbox -->
        <text name="category_tank"                              text="Serbatoi"/>
    </texts>
</l10n>