<?xml version="1.0" encoding="utf-8" standalone="no" ?>
<l10n>
    <texts>
        <!-- name -->
        <text name="name_adattatore"                            text="Adaptateur"/>
        <text name="name_lamaDozer"                             text="Lame bulldozer"/>
        <text name="name_cestello"                              text="Panier nacelle"/>
        <text name="name_miscelatore"                           text="Mélangeur"/>
        <!-- Function -->
        <text name="function_adapterTT"                         text="Adaptateur: d'une fixation trois points à un outil télescopique"/>
        <!-- F1 helpbox -->
        <text name="category_tank"                              text="Réservoirs"/>
    </texts>
</l10n>