﻿<?xml version="1.0" encoding="utf-8" standalone="no" ?>
<modDesc descVersion="67">
    <author>DD ModPassion</author>
    <version>1.5.0.0</version>
    <title>
        <en>CSZ Implements Pack</en>
        <de>CSZ Geräte-Pack</de>
    </title>
    <description>
        <en><![CDATA[
CSZ Implements Pack contains equipments made for tractors.
These packages includes:

Cage
Capacity with automatic loading and unloading:
- 2.000 l big bag with wheat, fertilizer, oat, lime, pig food, seeds, road salt
- 4.000 l tank with liquid fertilizer, herbicide
- 2.000 l pallet with bulk category
- 120 l pallet with silage additive
Price: 700 $

Adapter
From vehicle by three points of the tractor to telehandler tool
Price: 1.300 $

Dozer blade
Leveler with snow included
Price: 3.500 $
Working width: 3 m

Mixer for liquid manure
Only for decoration
Price: 1.000 $

Changelog 1.5.0.0
- Added pallet with silage additive.
]]></en>
        <de><![CDATA[
CSZ Geräte-Pack enthält Werkzeuge für Traktoren.
Dieses Pack beinhaltet:

Käfig
Kapazität mit automatischer Be- und Entladung:
- 2.000 l Big Bags mit Weizen, Mineraldünger, Hafer, Kalk, Schweinefutter, Saatgut
- 4.000 l Tank mit Flüssigdünger, Herbizid
- 2.000 l Pallete mit Basisfutter
- 120 l Pallete mit Siliermittel
Preis: 700 €

Adapter
Vom Fahrzeug über 3-Punkt des Traktors zum Teleskoplader-Werkzeug
Preis: 1.300 €

Schiebeschild
Planierschild inkl. Schnee
Preis: 3.500 €
Arbeitsbreite: 3 m

Güllemischer
Nur zur Dekoration
Preis: 1.000 €

Changelog 1.5.0.0
- Pallete mit Siliermittel hinzugefügt.
]]></de>
    </description>
    <iconFilename>icon_CSZ_implements_pack.png</iconFilename>
    <multiplayer supported="true"/>
    <vehicleTypes>
        <type name="baseAttachable_attacherJointControl" parent="baseAttachable" filename="$dataS/scripts/vehicles/Vehicle.lua">
            <specialization name="attacherJointControl"/>
        </type>
        <type name="fuelTrailer_attacherJointControl" parent="fuelTrailer" filename="$dataS/scripts/vehicles/Vehicle.lua">
            <specialization name="attacherJointControl"/>
        </type>
        <type name="turnOnShovel_attacherJointControl" parent="turnOnShovel" filename="$dataS/scripts/vehicles/Vehicle.lua">
            <specialization name="attacherJointControl"/>
        </type>
    </vehicleTypes>
    <storeItems>
        <storeItem xmlFilename="xmlFilename/adattatore.xml"/>
        <storeItem xmlFilename="xmlFilename/cestello_crossplay.xml"/>
        <storeItem xmlFilename="xmlFilename/lamaDozer.xml"/>
        <storeItem xmlFilename="xmlFilename/lamaDozer_leveler.xml"/>
        <storeItem xmlFilename="xmlFilename/lamaDozer_winterEquipment.xml"/>
        <storeItem xmlFilename="xmlFilename/miscelatore.xml"/>
    </storeItems>
    <l10n filenamePrefix="l10n"/>
    <brands>
        <brand name="CSZ" title="CSZ" image="image/brand_CSZ.png"/>
    </brands>
</modDesc>