<?xml version="1.0" encoding="utf-8" standalone="no" ?>
<vehicle type="pallet" xmlns:xsi="http://www.w3.org/2001/XMLSchema-instance" xsi:noNamespaceSchemaLocation="https://validation.gdn.giants-software.com/xml/schema/vehicle.xsd">
    <annotation>Copyright (C) DD ModPassion, All Rights Reserved.</annotation>
    <storeData>
        <name params="$l10n_name_foilWrap">%s</name>
        <functions>
            <function>$l10n_function_foilWrap</function>
        </functions>
        <storePacks>
            <storePack>STARTER_FOILWRAP</storePack>
        </storePacks>
        <image>image/store_foilWrap.png</image>
        <price>2500</price>
        <allowLeasing>false</allowLeasing>
        <showInStore>false</showInStore>
        <rotation>0</rotation>
        <brand>LIZARD</brand>
        <category>pallets</category>
        <financeCategory>PURCHASE_FOILWRAP</financeCategory>
        <shopHeight>2</shopHeight>
        <storeIconRendering>
            <settings cameraXRot="-15" cameraYRot="25"/>
        </storeIconRendering>
    </storeData>
    <base>
        <typeDesc>$l10n_typeDesc_pallet_foilWrap</typeDesc>
        <filename>filename/foilWrapPallet.i3d</filename>
        <size width="1.6" length="1.1" height="1.2"/>
        <input allowed="false"/>
        <canBeReset>false</canBeReset>
        <components>
            <component centerOfMass="0 0.1 0" solverIterationCount="10" mass="30"/>
        </components>
        <schemaOverlay attacherJointPosition="0 0" name="IMPLEMENT"/>
        <showInVehicleMenu>false</showInVehicleMenu>
        <mapHotspot type="TOOL_TRAILED"/>
    </base>
    <configurationSets title="$l10n_shop_configuration">
        <configurationSet name="$l10n_infohud_pallet">
            <configuration name="vehicleType" index="1"/>
            <configuration name="inputAttacherJoint" index="1"/>
        </configurationSet>
        <configurationSet name="$l10n_ui_vehicle">
            <configuration name="vehicleType" index="2"/>
        </configurationSet>
    </configurationSets>
    <vehicleTypeConfigurations title="$l10n_shop_configuration">
        <vehicleTypeConfiguration name="$l10n_infohud_pallet" vehicleType="pallet"/>
        <vehicleTypeConfiguration name="$l10n_ui_vehicle" vehicleType="palletAttachable"/>
    </vehicleTypeConfigurations>
    <attachable>
        <inputAttacherJointConfigurations>
            <inputAttacherJointConfiguration name="CSZ %s" params="$l10n_shopItem_skidSteerPalletFork">
                <inputAttacherJoint node="0>3" jointType="loaderFork"/>
                <objectChange node="0>2|4" rotationActive="0 0 0" rotationInactive="180 0 0"/>
                <objectChange node="0>2|6" visibilityActive="true" visibilityInactive="false"/>
                <objectChange node="0>2|7" visibilityActive="false" visibilityInactive="true"/>
            </inputAttacherJointConfiguration>
            <inputAttacherJointConfiguration name="$l10n_configuration_inputAttacher3Point">
                <inputAttacherJoint node="0>2|7|0" topReferenceNode="0>2|7|1" jointType="implement" isControllable="true" lowerRotLimitScale="0 0 0" upperRotLimitScale="0 0 0" lowerTransLimitScale="0 0 0" upperTransLimitScale="0 0 0" upperRotationOffset="0">
                    <distanceToGround lower="0" upper="0.7"/>
                    <objectChange node="0>0|1" translationActive="0 1.5 -7" translationInactive="0 1.5 0"/>
                </inputAttacherJoint>
            </inputAttacherJointConfiguration>
        </inputAttacherJointConfigurations>
    </attachable>
    <attacherJointControl>
        <control controlFunction="controlAttacherJointHeight" controlAxis="AXIS_HYDRAULICATTACHER1" invertControlAxis="true" mouseSpeedFactor="0.3" iconName="IMPLEMENT_ATTACHER_TRANS"/>
        <sounds>
            <hydraulic template="defaultHydraulicSound" linkNode="0>"/>
        </sounds>
    </attacherJointControl>
    <pallet fillUnitIndex="1" node="0>0|2">
        <content>
            <object node="0>4|0" useAsTensionBeltMesh="false"/>
            <object node="0>4|1" useAsTensionBeltMesh="false"/>
            <object node="0>4|2" useAsTensionBeltMesh="false"/>
            <object node="0>4|3" useAsTensionBeltMesh="false"/>
            <object node="0>4|4" useAsTensionBeltMesh="false"/>
            <object node="0>4|5" useAsTensionBeltMesh="false"/>
            <object node="0>4|6" useAsTensionBeltMesh="false"/>
            <object node="0>4|7" useAsTensionBeltMesh="false"/>
            <object node="0>4|8" useAsTensionBeltMesh="false"/>
            <object node="0>4|9" useAsTensionBeltMesh="false"/>
            <object node="0>4|10" useAsTensionBeltMesh="false"/>
            <object node="0>4|11" useAsTensionBeltMesh="false"/>
            <object node="0>4|12" useAsTensionBeltMesh="false"/>
            <object node="0>4|13" useAsTensionBeltMesh="false"/>
            <object node="0>4|14" useAsTensionBeltMesh="false"/>
            <object node="0>4|15" useAsTensionBeltMesh="false"/>
            <object node="0>4|16" useAsTensionBeltMesh="false"/>
            <object node="0>4|17" useAsTensionBeltMesh="false"/>
            <object node="0>4|18" useAsTensionBeltMesh="false"/>
            <object node="0>4|19" useAsTensionBeltMesh="false"/>
            <object node="0>4|20" useAsTensionBeltMesh="false"/>
            <object node="0>4|21" useAsTensionBeltMesh="false"/>
            <object node="0>4|22" useAsTensionBeltMesh="false"/>
            <object node="0>4|23" useAsTensionBeltMesh="false"/>
            <object node="0>4|24" useAsTensionBeltMesh="false"/>
            <object node="0>4|25" useAsTensionBeltMesh="false"/>
            <object node="0>4|26" useAsTensionBeltMesh="false"/>
            <object node="0>4|27" useAsTensionBeltMesh="false"/>
            <object node="0>4|28" useAsTensionBeltMesh="false"/>
            <object node="0>4|29" useAsTensionBeltMesh="false"/>
            <object node="0>4|30" useAsTensionBeltMesh="false"/>
            <object node="0>4|31" useAsTensionBeltMesh="false"/>
            <object node="0>4|32" useAsTensionBeltMesh="false"/>
        </content>
        <sounds>
            <unload template="palletsFillBag" pitchScale="1"/>
        </sounds>
    </pallet>
    <fillUnit>
        <fillUnitConfigurations>
            <fillUnitConfiguration name="1.500 m x 33 %s" params="$l10n_unit_pieces" price="0">
                <fillUnits removeVehicleIfEmpty="true">
                    <fillUnit unitTextOverride="$l10n_unit_mShort" fillTypes="foilWrap" showOnHud="false" capacity="49500"/>
                </fillUnits>
            </fillUnitConfiguration>
            <fillUnitConfiguration name="2.000 m x 33 %s" params="$l10n_unit_pieces" price="800">
                <fillUnits removeVehicleIfEmpty="true">
                    <fillUnit unitTextOverride="$l10n_unit_mShort" fillTypes="foilWrap" showOnHud="false" capacity="66000"/>
                </fillUnits>
            </fillUnitConfiguration>
            <fillUnitConfiguration name="2.500 m x 33 %s" params="$l10n_unit_pieces" price="1700">
                <fillUnits removeVehicleIfEmpty="true">
                    <fillUnit unitTextOverride="$l10n_unit_mShort" fillTypes="foilWrap" showOnHud="false" capacity="82500"/>
                </fillUnits>
            </fillUnitConfiguration>
            <fillUnitConfiguration name="3.000 m x 33 %s" params="$l10n_unit_pieces" price="2500">
                <fillUnits removeVehicleIfEmpty="true">
                    <fillUnit unitTextOverride="$l10n_unit_mShort" fillTypes="foilWrap" showOnHud="false" capacity="99000"/>
                </fillUnits>
            </fillUnitConfiguration>
        </fillUnitConfigurations>
    </fillUnit>
    <fillTriggerVehicle triggerNode="0>0|1" fillUnitIndex="1" litersPerSecond="1000000000"/>
    <dynamicMount triggerNode="0>0|0" triggerForceAcceleration="4" additionalMountDistance="0.5" jointTransY="0.11" jointLimitToRotY="true"/>
    <dischargeable requiresTipOcclusionArea="false"/>
    <tensionBeltObject>
        <meshNodes>
            <meshNode node="0>0|2"/>
        </meshNodes>
    </tensionBeltObject>
    <baseMaterial>
        <material name="wireSupport" baseNode="0>2|5">
            <shaderParameter name="colorMat0" value="0.5 0.5 0.5 18"/>
        </material>
        <material name="foilWrapRoll_mat" baseNode="0>2|8">
            <shaderParameter name="colorMat0" value="SHARED_WRAP_WHITE"/>
        </material>
    </baseMaterial>
    <designConfigurations title="$l10n_configuration_wrappingColor">
        <designConfiguration name="$l10n_ui_colorWhite" price="0">
            <material name="foilWrapRoll_mat" shaderParameter="colorMat0" color="SHARED_WRAP_WHITE"/>
        </designConfiguration>
    </designConfigurations>
    <ai>
        <agentAttachment width="1.6" length="1.1" height="1.2"/>
    </ai>
    <wearable showOnHud="false"/>
    <washable/>
    <i3dMappings>
        <i3dMapping id="euroPalletVis" node="0>2"/>
    </i3dMappings>
</vehicle>