<?xml version="1.0" encoding="utf-8" standalone="no" ?>
<modDesc descVersion="63">
    <author>CuratoFarms</author>
    <version>1.0.0.0</version>
    <title>
		<en>Sugarbeet Cutter Pack</en>
		<de>Zuckerrübenschnitzler-Pack</de>
	</title>
	<description>
		<en>
			<![CDATA[This mod pack contains all the base game auger trailers. These have been changed to only accept Sugarbeets and will unload Sugar beet Cut via the pipe.]]>
		</en>
		<de>
			<![CDATA[Dieses Mod-Pack enthält alle Überladewagen aus dem Basisspiel. Diese wurden so geändert, dass sie nur noch Zuckerrüben annehmen und den Zuckerrübenschnitzel über das Rohr entladen.]]>
		</de>
	</description>
    <iconFilename>modIcon.dds</iconFilename>
    <multiplayer supported="true" />

    <storeItems>
		<storeItem xmlFilename="xml/gtw330.xml" />
		<storeItem xmlFilename="xml/ulw4000.xml" />
		<storeItem xmlFilename="xml/conveyAllCST1550.xml" />
		<storeItem xmlFilename="xml/haulMaster.xml" />
		<storeItem xmlFilename="xml/series2200.xml" />
		<storeItem xmlFilename="xml/motherBin4000.xml" />
		<storeItem xmlFilename="xml/motherBin6000.xml" />
		<storeItem xmlFilename="xml/suw5000.xml" />
		<storeItem xmlFilename="xml/kuw2000.xml" />
		<storeItem xmlFilename="xml/beetCart.xml" />
		<storeItem xmlFilename="xml/rrw500.xml" />
    </storeItems>
</modDesc>
