<?xml version="1.0" encoding="utf-8" standalone="no" ?>
<placeable type="silo" xmlns:xsi="http://www.w3.org/2001/XMLSchema-instance" xsi:noNamespaceSchemaLocation="../../../../../shared/xml/schema/placeable.xsd">
    <storeData>
        <name>$l10n_shopItem_fuelTankVertical_NOroof_new</name>
        <image>placeables/store_fuelTankVertical_NOroof_new.png</image>
        <price>2900</price>
        <dailyUpkeep>0</dailyUpkeep>
        <specs>
            <fillTypes>diesel</fillTypes>
        </specs>
        <lifetime>1000</lifetime>
        <rotation>0</rotation>
        <brand>emilianaSerbatoi</brand>
        <species>placeable</species>
        <category>dieselTanks</category>
		<canBeSold>true</canBeSold>
        <showInStore>true</showInStore>
		<brush>
            <type>placeable</type>
            <category>buildings</category>
            <tab>containers</tab>
        </brush>
    </storeData>

	<base>
        <filename>placeables/fuelTankVertical_NOroof_new.i3d</filename>
        <canBeRenamed>true</canBeRenamed>
    </base>

    <placement useRandomYRotation="false" useManualYRotation="true" >
        <testAreas>
            <testArea startNode="testArea1Start" endNode="testArea1End" />
        </testAreas>

        <sounds>
            <place template="siloImp" pitchScale="1.4"/>
        </sounds>
    </placement>

    <indoorAreas>
        <indoorArea startNode="indoorArea1Start" widthNode="indoorArea1Width" heightNode="indoorArea1Height"/>
    </indoorAreas>

    <clearAreas>
        <clearArea startNode="clearArea01Start" widthNode="clearArea01Width" heightNode="clearArea01Height"/>
    </clearAreas>

    <leveling requireLeveling="true" maxSmoothDistance="1" maxSlope="75" maxEdgeAngle="30">
        <levelAreas>
            <levelArea startNode="levelArea1Start" widthNode="levelArea1Height" heightNode="levelArea1Width" groundType="asphalt"/>
        </levelAreas>
    </leveling>

    <indoorAreas />

    <ai>
        <updateAreas>
            <updateArea startNode="tipOcclusionUpdateArea1Start" endNode="tipOcclusionUpdateArea1End" />
        </updateAreas>
    </ai>

    <tipOcclusionUpdateAreas>
        <tipOcclusionUpdateArea startNode="tipOcclusionUpdateArea1Start" endNode="tipOcclusionUpdateArea1End" />
    </tipOcclusionUpdateAreas>

    <triggerMarkers>
        <triggerMarker node="loadingMarker"       filename="$data/shared/assets/marker/markerIcons.xml" id="LOAD" />
        <triggerMarker node="refillTriggerMarker" filename="$data/shared/assets/marker/markerIcons.xml" id="WRENCH" />
    </triggerMarkers>

    <hotspots>
        <hotspot type="FUEL" linkNode="hotspotNode" />
    </hotspots>

    <infoTrigger triggerNode="infoTrigger"/>

    <silo playerActionTrigger="refillPlayerTrigger" sellWarningText="$l10n_info_tankNotEmpty">
        <loadingStation node="loadingTrigger" supportsExtension="false">
            <loadTrigger triggerNode="loadingTrigger" fillTypes="DIESEL" fillLitersPerSecond="20" dischargeNode="dischargeNode" startFillText="$l10n_action_refuel" stopFillText="$l10n_action_stopRefuel"/>
        </loadingStation>

        <unloadingStation supportsExtension="false">
            <unloadTrigger exactFillRootNode="exactFillRootNode" fillTypes="DIESEL"/>
        </unloadingStation>

        <storages>
            <storage node="storage" fillTypes="DIESEL" capacity="15000" isExtension="false">
                <startFillLevel fillType="DIESEL" fillLevel="0" />
            </storage>
        </storages>
    </silo>

    <i3dMappings>
        <i3dMapping id="fuelTankVertical" node="0>" />
        <i3dMapping id="silo" node="0>0" />
        <i3dMapping id="storage" node="0>0|0" />
        <i3dMapping id="hotspotNode" node="0>0|1" />
        <i3dMapping id="unloadingStation" node="0>0|2" />
        <i3dMapping id="exactFillRootNode" node="0>0|2|0" />
        <i3dMapping id="loadingStation" node="0>0|3" />
        <i3dMapping id="loadingTrigger" node="0>0|3|0" />
        <i3dMapping id="dischargeNode" node="0>0|3|1" />
        <i3dMapping id="loadingMarker" node="0>0|3|2" />
        <i3dMapping id="infoTrigger" node="0>0|4" />
        <i3dMapping id="aiNode" node="0>0|5" />
        <i3dMapping id="refillPlayerTrigger" node="0>0|6" />
        <i3dMapping id="refillTriggerMarker" node="0>0|6|0" />
        <i3dMapping id="indoorArea1Start" node="0>1|0" />
        <i3dMapping id="indoorArea1Width" node="0>1|0|0" />
        <i3dMapping id="indoorArea1Height" node="0>1|0|1" />
        <i3dMapping id="clearAreas" node="0>2" />
        <i3dMapping id="clearArea01Start" node="0>2|0" />
        <i3dMapping id="clearArea01Width" node="0>2|0|0" />
        <i3dMapping id="clearArea01Height" node="0>2|0|1" />
        <i3dMapping id="levelingAreas" node="0>3" />
        <i3dMapping id="levelArea1Start" node="0>3|0" />
        <i3dMapping id="levelArea1Width" node="0>3|0|0" />
        <i3dMapping id="levelArea1Height" node="0>3|0|1" />
        <i3dMapping id="testAreas" node="0>4" />
        <i3dMapping id="testArea1Start" node="0>4|0" />
        <i3dMapping id="testArea1End" node="0>4|0|0" />
        <i3dMapping id="tipOcclusionUpdateAreas" node="0>5" />
        <i3dMapping id="tipOcclusionUpdateArea1Start" node="0>5|0" />
        <i3dMapping id="tipOcclusionUpdateArea1End" node="0>5|0|0" />
        <i3dMapping id="tipCollision1" node="0>6" />
        <i3dMapping id="tipOcclusion" node="0>6|0" />
        <i3dMapping id="visuals" node="0>7" />
        <i3dMapping id="glass_vis" node="0>7|0" />
        <i3dMapping id="emilianaSerbatoi_decal" node="0>7|1" />
        <i3dMapping id="fuelTankVertical_roof" node="0>7|2" />
        <i3dMapping id="fuelTankVertical_NOroof" node="0>7|3" />
        <i3dMapping id="fuelTankVertical_vis" node="0>7|4" />
        <i3dMapping id="collisions" node="0>8" />
        <i3dMapping id="coll1" node="0>8|0" />
        <i3dMapping id="coll2" node="0>8|1" />
    </i3dMappings>
</placeable>
