﻿<?xml version="1.0" encoding="utf-8" standalone="no" ?>
<vehicle type="dynamicMountAttacherShovelLeveler" xmlns:xsi="http://www.w3.org/2001/XMLSchema-instance" xsi:noNamespaceSchemaLocation="https://validation.gdn.giants-software.com/xml/schema/vehicle.xsd">
    <annotation>Copyright (C) DD ModPassion, All Rights Reserved.</annotation>
    <storeData>
        <name>$l10n_name_bennaScaricoCentrale</name>
        <specs>
            <combination filterCategory="frontLoaderVehicles"/>
            <workingWidth>2.70</workingWidth>
        </specs>
        <functions>
            <function>$l10n_function_frontloaderShovel</function>
        </functions>
        <image>image/store_bennaScaricoCentrale_frontLoaders.png</image>
        <price>2800</price>
        <lifetime>600</lifetime>
        <rotation>0</rotation>
        <brand>CSZ</brand>
        <category>frontLoaderTools</category>
        <shopDynamicTitle>true</shopDynamicTitle>
        <shopTranslationOffset>0 0.1 0</shopTranslationOffset>
        <shopLoadingDelay initial="0.4"/>
        <vertexBufferMemoryUsage>347392</vertexBufferMemoryUsage>
        <indexBufferMemoryUsage>68096</indexBufferMemoryUsage>
        <textureMemoryUsage>458752</textureMemoryUsage>
        <audioMemoryUsage>0</audioMemoryUsage>
        <instanceVertexBufferMemoryUsage>0</instanceVertexBufferMemoryUsage>
        <instanceIndexBufferMemoryUsage>0</instanceIndexBufferMemoryUsage>
    </storeData>
    <base>
        <typeDesc>$l10n_typeDesc_bennaScaricoCentrale</typeDesc>
        <filename>filename/bennaScaricoCentrale.i3d</filename>
        <size width="2" length="3"/>
        <components>
            <component centerOfMass="0 0 0" solverIterationCount="10" mass="980"/>
        </components>
        <schemaOverlay attacherJointPosition="0 0" name="IMPLEMENT"/>
        <mapHotspot type="TOOL"/>
    </base>
    <attachable>
        <inputAttacherJointConfigurations>
            <inputAttacherJointConfiguration name="$l10n_configuration_inputAttacherFrontLoader" vehicleBrand="CSZ_frontLoaders" vehicleIcon="image/store_bennaScaricoCentrale_frontLoaders.png">
                <inputAttacherJoint node="0>2|0" jointType="frontloader"/>
                <objectChange node="0>" massActive="980"/>
                <objectChange node="0>2" scaleActive="1 1 1" visibilityActive="true" scaleInactive="0 0 0" visibilityInactive="false"/>
                <objectChange node="0>2|2|0" compoundChildActive="true" compoundChildInactive="false"/>
                <objectChange node="0>2|2|1" compoundChildActive="true" compoundChildInactive="false"/>
                <objectChange node="0>2|2|2" compoundChildActive="true" compoundChildInactive="false"/>
                <objectChange node="0>2|2|3" compoundChildActive="true" compoundChildInactive="false"/>
                <objectChange node="0>2|2|4" compoundChildActive="true" compoundChildInactive="false"/>
                <objectChange node="0>2|2|5" compoundChildActive="true" compoundChildInactive="false"/>
                <objectChange node="0>2|2|6" compoundChildActive="true" compoundChildInactive="false"/>
                <objectChange node="0>0" scaleActive="1 0.7 0.7"/>
                <objectChange node="0>5" scaleActive="1 0.7 0.7"/>
            </inputAttacherJointConfiguration>
            <inputAttacherJointConfiguration name="$l10n_configuration_inputAttacherTeleLoaders" vehicleBrand="CSZ_teleLoaders" vehicleIcon="image/store_bennaScaricoCentrale_teleLoaders.png" price="200">
                <inputAttacherJoint node="0>3|0" jointType="telehandler"/>
                <objectChange node="0>" massActive="1080"/>
                <objectChange node="0>3" scaleActive="1 1 1" visibilityActive="true" scaleInactive="0 0 0" visibilityInactive="false"/>
                <objectChange node="0>3|2|0" compoundChildActive="true" compoundChildInactive="false"/>
                <objectChange node="0>3|2|1" compoundChildActive="true" compoundChildInactive="false"/>
                <objectChange node="0>3|2|2" compoundChildActive="true" compoundChildInactive="false"/>
                <objectChange node="0>3|2|3" compoundChildActive="true" compoundChildInactive="false"/>
                <objectChange node="0>3|2|4" compoundChildActive="true" compoundChildInactive="false"/>
                <objectChange node="0>3|2|5" compoundChildActive="true" compoundChildInactive="false"/>
                <objectChange node="0>3|2|6" compoundChildActive="true" compoundChildInactive="false"/>
                <objectChange node="0>0" scaleActive="1 0.85 0.9"/>
                <objectChange node="0>5" scaleActive="1 0.85 0.9"/>
            </inputAttacherJointConfiguration>
            <inputAttacherJointConfiguration name="$l10n_configuration_inputAttacherWheelLoader" vehicleBrand="CSZ_wheelLoaders" vehicleIcon="image/store_bennaScaricoCentrale_wheelLoaders.png" price="400">
                <inputAttacherJoint node="0>4|0" jointType="wheelLoader"/>
                <objectChange node="0>" massActive="1180"/>
                <objectChange node="0>4" scaleActive="1 1 1" visibilityActive="true" scaleInactive="0 0 0" visibilityInactive="false"/>
                <objectChange node="0>4|2|0" compoundChildActive="true" compoundChildInactive="false"/>
                <objectChange node="0>4|2|1" compoundChildActive="true" compoundChildInactive="false"/>
                <objectChange node="0>4|2|2" compoundChildActive="true" compoundChildInactive="false"/>
                <objectChange node="0>4|2|3" compoundChildActive="true" compoundChildInactive="false"/>
                <objectChange node="0>4|2|4" compoundChildActive="true" compoundChildInactive="false"/>
                <objectChange node="0>4|2|5" compoundChildActive="true" compoundChildInactive="false"/>
                <objectChange node="0>4|2|6" compoundChildActive="true" compoundChildInactive="false"/>
                <objectChange node="0>0" scaleActive="1 1 1"/>
                <objectChange node="0>5" scaleActive="1 1 1"/>
            </inputAttacherJointConfiguration>
        </inputAttacherJointConfigurations>
        <inputAttacherJoints>
            <inputAttacherJoint node="0>0" jointType="loaderFork"/>
            <inputAttacherJoint node="0>0|0" jointType="hookLift"/>
            <inputAttacherJoint node="0>0|1" jointType="hookLift"/>
        </inputAttacherJoints>
        <toolCameras>
            <toolCamera node="0>0|2|1|0" rotatable="true" rotateNode="0>0|2|1" limit="true" useWorldXZRotation="true" rotMinX="-1.4" rotMaxX="1" transMin="1.5" transMax="18" translation="0 0 5.5" rotation="-17.5 180 0">
                <raycastNode node="0>0|2|1"/>
                <raycastNode node="0>0|2|2"/>
                <raycastNode node="0>0|2|3"/>
            </toolCamera>
        </toolCameras>
        <support animationName="moveSupport"/>
    </attachable>
    <configurationSets title="$l10n_configuration_attacherJoint">
        <configurationSet name="$l10n_configuration_inputAttacherFrontLoader">
            <configuration name="inputAttacherJoint" index="1"/>
            <configuration name="fillUnit"           index="1"/>
        </configurationSet>
        <configurationSet name="$l10n_configuration_inputAttacherTeleLoaders">
            <configuration name="inputAttacherJoint" index="2"/>
            <configuration name="fillUnit"           index="2"/>
        </configurationSet>
        <configurationSet name="$l10n_configuration_inputAttacherWheelLoader">
            <configuration name="inputAttacherJoint" index="3"/>
            <configuration name="fillUnit"           index="3"/>
        </configurationSet>
    </configurationSets>
    <vehicleTypeConfigurations title="$l10n_category_leveler">
        <vehicleTypeConfiguration name="$l10n_button_activate" vehicleType="dynamicMountAttacherShovelLeveler_trailer"/>
        <vehicleTypeConfiguration name="$l10n_button_deactivate" vehicleType="dynamicMountAttacherShovel_trailer"/>
    </vehicleTypeConfigurations>
    <connectionHoses>
        <hose inputAttacherJointIndices="4" type="hydraulicIn" node="0>5|3|0" adapterNode="0>5|3|2|2|0" length="1" diameter="0.02">
            <objectChange node="0>5|3|2" visibilityActive="false" visibilityInactive="true"/>
        </hose>
        <hose inputAttacherJointIndices="4" type="hydraulicOut" node="0>5|3|1" adapterNode="0>5|3|2|2|1" length="1" diameter="0.02"/>
        <localHose>
            <hose type="hydraulicIn" node="0>5|3|2|0" length="0.4" diameter="0.02"/>
            <target type="none" node="0>5|3|2|2|0"/>
        </localHose>
        <localHose>
            <hose type="hydraulicOut" node="0>5|3|2|1" length="0.4" diameter="0.02"/>
            <target type="none" node="0>5|3|2|2|1"/>
        </localHose>
        <localHose>
            <hose type="hydraulicIn" node="0>5|3|3" length="0.4" diameter="0.02" isTwoPointHose="true"/>
            <target type="none" node="0>5|3|3|0"/>
        </localHose>
        <localHose>
            <hose type="hydraulicOut" node="0>5|3|4" length="0.4" diameter="0.02" isTwoPointHose="true"/>
            <target type="none" node="0>5|3|4|0"/>
        </localHose>
        <localHose>
            <hose type="hydraulicIn" node="0>5|3|5" length="0.4" diameter="0.02" isTwoPointHose="true"/>
            <target type="none" node="0>5|3|5|0"/>
        </localHose>
        <localHose>
            <hose type="hydraulicOut" node="0>5|3|6" length="0.4" diameter="0.02" isTwoPointHose="true"/>
            <target type="none" node="0>5|3|6|0"/>
        </localHose>
    </connectionHoses>
    <animations>
        <animation name="moveSupport">
            <part node="0>5|0" startTime="0" endTime="0.5" startTrans="0.57 0.164292 -0.478888" endTrans="0.57 0.164292 -0.478888"/>
        </animation>
    </animations>
    <cylindered>
        <movingTools>
            <movingTool node="0>5|0" playSound="true">
                <controls axis="AXIS_FRONTLOADER_TOOL2" invertAxis="true" mouseSpeedFactor="0.3" iconName="TOOL_OPEN_CLOSE"/>
                <translation transSpeed="10" transAcceleration="5" transMax="1.16" transMin="0.57" translationAxis="1"/>
            </movingTool>
        </movingTools>
        <sounds>
            <actionSound template="defaultHydraulicSound" pitchScale="0.6" volumeScale="2"   linkNode="0>5|0" actionNames="TOOL_MOVE_POS TOOL_MOVE_NEG" nodes="0>5|0"/>
            <actionSound template="clackVar6"             pitchScale="0.9" volumeScale="1.4" linkNode="0>5|0" actionNames="TOOL_MOVE_END_POS_LIMIT"     nodes="0>5|0"/>
            <actionSound template="cylinderPunch"         pitchScale="2"   volumeScale="0.5" linkNode="0>5|0" actionNames="TOOL_MOVE_END_POS_LIMIT"     nodes="0>5|0"/>
            <actionSound template="clackVar6"             pitchScale="0.6" volumeScale="1.7" linkNode="0>5|0" actionNames="TOOL_MOVE_END_NEG_LIMIT"     nodes="0>5|0"/>
            <actionSound template="sheetImp02"            pitchScale="0.8" volumeScale="2"   linkNode="0>5|0" actionNames="TOOL_MOVE_END_NEG_LIMIT"     nodes="0>5|0"/>
        </sounds>
    </cylindered>
    <fillUnit>
        <fillUnitConfigurations>
            <fillUnitConfiguration name="$l10n_configuration_inputAttacherFrontLoader">
                <fillUnits>
                    <unloading node="0>5|1" width="3" offset="0 0 0"/>
                    <fillUnit shopDisplayUnit="CUBICMETER" fillTypeCategories="shovel" capacity="2000">
                        <exactFillRootNode node="0>5|2|0|3"/>
                    </fillUnit>
                    <fillUnit unitTextOverride="CUBICMETER" fillTypeCategories="shovel" capacity="10000" showInShop="false" showOnHud="false"/>
                </fillUnits>
            </fillUnitConfiguration>
            <fillUnitConfiguration name="$l10n_configuration_inputAttacherTeleLoaders">
                <fillUnits>
                    <unloading node="0>5|1" width="3" offset="0 0 0"/>
                    <fillUnit shopDisplayUnit="CUBICMETER" fillTypeCategories="shovel" capacity="3000">
                        <exactFillRootNode node="0>5|2|0|3"/>
                    </fillUnit>
                    <fillUnit unitTextOverride="CUBICMETER" fillTypeCategories="shovel" capacity="10000" showInShop="false" showOnHud="false"/>
                </fillUnits>
            </fillUnitConfiguration>
            <fillUnitConfiguration name="$l10n_configuration_inputAttacherWheelLoader">
                <fillUnits>
                    <unloading node="0>5|1" width="3" offset="0 0 0"/>
                    <fillUnit shopDisplayUnit="CUBICMETER" fillTypeCategories="shovel" capacity="4000">
                        <exactFillRootNode node="0>5|2|0|3"/>
                    </fillUnit>
                    <fillUnit unitTextOverride="CUBICMETER" fillTypeCategories="shovel" capacity="10000" showInShop="false" showOnHud="false"/>
                </fillUnits>
            </fillUnitConfiguration>
        </fillUnitConfigurations>
    </fillUnit>
    <fillVolume>
        <fillVolumeConfigurations>
            <fillVolumeConfiguration>
                <volumes>
                    <volume node="0>5|2|0|0" maxAllowedHeapAngle="15" fillUnitIndex="1"/>
                </volumes>
            </fillVolumeConfiguration>
        </fillVolumeConfigurations>
        <loadInfos>
            <loadInfo>
                <node node="0>5|2|0|1" width="2.5" length="0.1"/>
            </loadInfo>
        </loadInfos>
        <unloadInfos>
            <unloadInfo>
                <node node="0>5|2|0|2" width="2.5" length="0.1"/>
            </unloadInfo>
        </unloadInfos>
    </fillVolume>
    <dischargeable requiresTipOcclusionArea="false">
        <dischargeNode node="0>5|2|1" fillUnitIndex="1" emptySpeed="200">
            <raycast node="0>5|2|1" maxDistance="30" useWorldNegYDirection="true" yOffset="2"/>
            <info width="2.5" length="1" zOffset="0.5"/>
            <movingToolActivation node="0>5|0" isInverted="false" openFactor="0.4"/>
            <effects>
                <effectNode effectClass="TipEffect">
                    <effectNode effectNode="0>5|2|2" materialType="unloadingParticle" effectClass="ParticleEffect" lifespan="0.3"/>
                    <effectNode effectNode="0>5|2|3|0" materialType="unloading" fadeTime="0.5" alignXAxisToWorldY="true"/>
                </effectNode>
                <effectNode effectNode="0>5|2|3|1" materialType="unloadingSmoke" fadeTime="0.5" alignXAxisToWorldY="true"/>
            </effects>
        </dischargeNode>
    </dischargeable>
    <shovel>
        <shovelNode node="0>5|2|1" fillUnitIndex="1" loadInfoIndex="1" width="2.45" length="0.5" needsMovement="true" maxPickupAngle="105"/>
        <dischargeInfo node="0>5|2|1" minSpeedAngle="0" maxSpeedAngle="50"/>
    </shovel>
    <leveler fillUnitIndex="2" maxFillLevelPerMS="30">
        <levelerNode node="0>5|2|5" width="2.4" zOffset="0.9" minDropWidth="1.2" maxDropWidth="2.6" minDropDirOffset="1" maxDropDirOffset="1.5" minFillLevel="0.85">
            <smoothing allowed="true" radius="0.5" overlap="1.7" direction="0"/>
        </levelerNode>
        <pickUpDirection>1</pickUpDirection>
    </leveler>
    <suspensions>
        <suspension node="0>5|2|5" weight="150" minTranslation="0 -0.5 0.0" maxTranslation="0.0 0.5 0.0" suspensionParametersX="20 4" suspensionParametersY="1 1" suspensionParametersZ="20 4" serverOnly="true"/>
    </suspensions>
    <ai>
        <agentAttachment width="2.5" height="1.0" length="1.2" lengthOffset="0.1"/>
    </ai>
    <tensionBeltObject>
        <meshNodes>
            <meshNode node="0>2|1"/>
            <meshNode node="0>3|1"/>
            <meshNode node="0>4|1"/>
            <meshNode node="0>5"/>
        </meshNodes>
    </tensionBeltObject>
    <foliageBending>
        <bendingNode minX="-1.35" maxX="1.35" minZ="-0.5" maxZ="1.2" yOffset="0.02"/>
    </foliageBending>
    <baseMaterial>
        <material name="CSZ_pack_mat" baseNode="0>5">
            <shaderParameter name="colorMat0" material="16" value="1 0 0"/>
        </material>
    </baseMaterial>
    <wearable wearDuration="480" workMultiplier="5" fieldMultiplier="2"/>
    <washable dirtDuration="90" washDuration="1" workMultiplier="6" fieldMultiplier="2"/>
</vehicle>