<?xml version="1.0" encoding="utf-8" standalone="no" ?>
<vehicle type="baseAttachable" xmlns:xsi="http://www.w3.org/2001/XMLSchema-instance" xsi:noNamespaceSchemaLocation="https://validation.gdn.giants-software.com/xml/schema/vehicle.xsd">
    <annotation>Copyright (C) DD ModPassion, All Rights Reserved.</annotation>
    <parentFile xmlFilename="xmlFilename/cestello.xml">
        <attributes>
            <set path="vehicle.storeData.specs.combination(0)#filterCategory" value="frontLoaderVehicles"/>
            <remove path="vehicle.storeData.specs.combination(2)"/>
            <set path="vehicle.storeData.image" value="image/store_cestello_frontLoaders.png"/>
            <set path="vehicle.storeData.category" value="frontLoaderTools"/>
            <remove path="vehicle.attachable.inputAttacherJointConfigurations.inputAttacherJointConfiguration(6)"/>
            <remove path="vehicle.attachable.inputAttacherJointConfigurations.inputAttacherJointConfiguration(5)"/>
            <remove path="vehicle.attachable.inputAttacherJointConfigurations.inputAttacherJointConfiguration(0)"/>
         </attributes>
    </parentFile>
    <storeData>
        <name>$l10n_name_cestello</name>
        <image>image/store_cestello_frontLoaders.png</image>
        <brand>CSZ</brand>
        <category>frontLoaderTools</category>
        <vertexBufferMemoryUsage>0</vertexBufferMemoryUsage>
        <indexBufferMemoryUsage>0</indexBufferMemoryUsage>
        <textureMemoryUsage>0</textureMemoryUsage>
        <audioMemoryUsage>0</audioMemoryUsage>
        <instanceVertexBufferMemoryUsage>0</instanceVertexBufferMemoryUsage>
        <instanceIndexBufferMemoryUsage>0</instanceIndexBufferMemoryUsage>
    </storeData>
    <wearable wearDuration="480" workMultiplier="5" fieldMultiplier="2"/>
    <washable dirtDuration="90" washDuration="1" workMultiplier="6" fieldMultiplier="2"/>
</vehicle>
