﻿<?xml version="1.0" encoding="utf-8" standalone="no" ?>
<vehicle type="baseAttachable" xmlns:xsi="http://www.w3.org/2001/XMLSchema-instance" xsi:noNamespaceSchemaLocation="https://validation.gdn.giants-software.com/xml/schema/vehicle.xsd">
    <annotation>Copyright (C) DD ModPassion, All Rights Reserved.</annotation>
    <storeData>
        <name>$l10n_name_forcaBalleTrattenitore</name>
        <specs>
            <combination filterCategory="frontLoaderVehicles"/>
        </specs>
        <functions>
            <function>$l10n_function_frontloaderBaleFork</function>
            <function>$l10n_posizioneBalle</function>
            <function>$l10n_fillType_roundBaleP</function>
        </functions>
        <storePacks>
            <storePack>STARTER_HAY</storePack>
            <storePack>STARTER_FORAGE</storePack>
        </storePacks>
        <image>image/store_forcaBalleTrattenitore_frontLoaders.png</image>
        <price>1800</price>
        <lifetime>600</lifetime>
        <rotation>0</rotation>
        <brand>CSZ</brand>
        <category>frontLoaderTools</category>
        <shopDynamicTitle>true</shopDynamicTitle>
        <shopTranslationOffset>0 0.1 0</shopTranslationOffset>
        <shopLoadingDelay initial="0.4"/>
        <shopHeight>2.5</shopHeight>
    </storeData>
    <base>
        <typeDesc>$l10n_typeDesc_forcaBalleTrattenitore</typeDesc>
        <filename>filename/forcaBalleTrattenitore.i3d</filename>
        <size width="2" length="2"/>
        <components>
            <component centerOfMass="0 0.2 0.2" solverIterationCount="10" mass="500"/>
            <component solverIterationCount="10" mass="150"/>
            <joint component1="1" component2="2" node="0>0|3|0" rotLimit="0 0 0" transLimit="0 0 0" transLimitSpring="1000 1000 1000" transLimitDamping="10 10 10" transLimitForceLimit="-1 100 -1"/>
        </components>
        <schemaOverlay attacherJointPosition="0 0" name="IMPLEMENT"/>
        <mapHotspot type="TOOL"/>
        <objectChanges>
            <objectChange node="0>7|3|0" translationActive="0 0.35 0.7" rotationActive="90 0 0"/>
            <objectChange node="0>7|3|1" translationActive="0 1.50 0.7" rotationActive="90 0 0"/>
            <objectChange node="0>7|3|2" translationActive="0 2.65 0.7" rotationActive="90 0 0"/>
            <objectChange node="0>7|4|0" translationActive="0 0.35 0.9" rotationActive="90 0 0"/>
            <objectChange node="0>7|4|1" translationActive="0 1.50 0.9" rotationActive="90 0 0"/>
            <objectChange node="0>7|4|2" translationActive="0 2.65 0.9" rotationActive="90 0 0"/>
            <objectChange node="0>7|5|0" translationActive="0 0.35 1.0" rotationActive="90 0 0"/>
            <objectChange node="0>7|5|1" translationActive="0 1.50 1.0" rotationActive="90 0 0"/>
            <objectChange node="0>7|5|2" translationActive="0 2.65 1.0" rotationActive="90 0 0"/>
            <objectChange node="0>7|6|0" translationActive="0 0.00 0.7" rotationActive="0 90 0"/>
            <objectChange node="0>7|6|1" translationActive="0 0.90 0.7" rotationActive="0 90 0"/>
            <objectChange node="0>7|6|2" translationActive="0 1.80 0.7" rotationActive="0 90 0"/>
            <objectChange node="0>7|6|3" translationActive="0 2.70 0.7" rotationActive="0 90 0"/>
            <objectChange node="0>7|7|0" translationActive="0 0.00 0.7" rotationActive="0 90 0"/>
            <objectChange node="0>7|7|1" translationActive="0 0.90 0.7" rotationActive="0 90 0"/>
            <objectChange node="0>7|7|2" translationActive="0 1.80 0.7" rotationActive="0 90 0"/>
            <objectChange node="0>7|7|3" translationActive="0 2.70 0.7" rotationActive="0 90 0"/>
            <objectChange node="0>7|8|0" translationActive="0 0.00 0.7" rotationActive="0 90 0"/>
            <objectChange node="0>7|8|1" translationActive="0 0.90 0.7" rotationActive="0 90 0"/>
            <objectChange node="0>7|8|2" translationActive="0 1.80 0.7" rotationActive="0 90 0"/>
            <objectChange node="0>7|8|3" translationActive="0 2.70 0.7" rotationActive="0 90 0"/>
            <objectChange node="0>7|9|0" translationActive="0 0.00 0.7" rotationActive="0 90 0"/>
            <objectChange node="0>7|9|1" translationActive="0 1.30 0.7" rotationActive="0 90 0"/>
            <objectChange node="0>7|9|2" translationActive="0 2.60 0.7" rotationActive="0 90 0"/>
            <objectChange node="0>7|10|0" translationActive="0 0.00 0.7" rotationActive="0 90 0"/>
            <objectChange node="0>7|10|1" translationActive="0 1.30 0.7" rotationActive="0 90 0"/>
            <objectChange node="0>7|10|2" translationActive="0 2.60 0.7" rotationActive="0 90 0"/>
            <objectChange node="0>7|11|0" translationActive="0 0.00 0.7" rotationActive="0 90 0"/>
            <objectChange node="0>7|11|1" translationActive="0 1.30 0.7" rotationActive="0 90 0"/>
            <objectChange node="0>7|11|2" translationActive="0 2.60 0.7" rotationActive="0 90 0"/>
        </objectChanges>
    </base>
    <attachable>
        <inputAttacherJointConfigurations>
            <inputAttacherJointConfiguration name="$l10n_configuration_inputAttacherFrontLoader" vehicleBrand="CSZ_frontLoaders" vehicleIcon="image/store_forcaBalleTrattenitore_frontLoaders.png">
                <inputAttacherJoint node="0>2|0" jointType="frontloader"/>
                <objectChange node="0>2" scaleActive="1 1 1" visibilityActive="true" scaleInactive="0 0 0" visibilityInactive="false"/>
                <objectChange node="0>5" scaleActive="1.44 1 1"/>
                <objectChange node="0>6" scaleActive="1.44 1 1"/>
                <objectChange node="1>0|0|0" scaleActive="1 1 1"/>
                <objectChange node="1>0|0|1" scaleActive="0 0 0"/>
                <objectChange node="1>0|0|2" scaleActive="0 0 0"/>
            </inputAttacherJointConfiguration>
            <inputAttacherJointConfiguration name="$l10n_configuration_inputAttacherTeleLoaders" vehicleBrand="CSZ_teleLoaders" vehicleIcon="image/store_forcaBalleTrattenitore_teleLoaders.png">
                <inputAttacherJoint node="0>3|0" jointType="telehandler"/>
                <objectChange node="0>3" scaleActive="1 1 1" visibilityActive="true" scaleInactive="0 0 0" visibilityInactive="false"/>
                <objectChange node="0>5" scaleActive="1 1 1"/>
                <objectChange node="0>6" scaleActive="1 1 1"/>
                <objectChange node="1>0|0|0" scaleActive="0 0 0"/>
                <objectChange node="1>0|0|1" scaleActive="1 1 1"/>
                <objectChange node="1>0|0|2" scaleActive="0 0 0"/>
            </inputAttacherJointConfiguration>
            <inputAttacherJointConfiguration name="$l10n_configuration_inputAttacherWheelLoader" vehicleBrand="CSZ_wheelLoaders" vehicleIcon="image/store_forcaBalleTrattenitore_wheelLoaders.png">
                <inputAttacherJoint node="0>4|0" jointType="wheelLoader"/>
                <objectChange node="0>4" scaleActive="1 1 1" visibilityActive="true" scaleInactive="0 0 0" visibilityInactive="false"/>
                <objectChange node="0>5" scaleActive="1.34 1 1"/>
                <objectChange node="0>6" scaleActive="1.34 1 1"/>
                <objectChange node="1>0|0|0" scaleActive="0 0 0"/>
                <objectChange node="1>0|0|1" scaleActive="0 0 0"/>
                <objectChange node="1>0|0|2" scaleActive="1 1 1"/>
            </inputAttacherJointConfiguration>
            <inputAttacherJointConfiguration name="$l10n_configuration_inputAttacherFrontLoader" vehicleBrand="CSZ_frontLoaders" vehicleIcon="image/store_forcaBalleTrattenitore_frontLoaders.png">
                <inputAttacherJoint node="0>2|0" jointType="frontloader"/>
                <objectChange node="0>2" scaleActive="1 1 1" visibilityActive="true" scaleInactive="0 0 0" visibilityInactive="false"/>
                <objectChange node="0>5" scaleActive="1.44 1 1"/>
                <objectChange node="0>6" scaleActive="1.44 1 1"/>
                <objectChange node="1>0|0|0" scaleActive="1 1 1"/>
                <objectChange node="1>0|0|1" scaleActive="0 0 0"/>
                <objectChange node="1>0|0|2" scaleActive="0 0 0"/>
            </inputAttacherJointConfiguration>
            <inputAttacherJointConfiguration name="$l10n_configuration_inputAttacherTeleLoaders" vehicleBrand="CSZ_teleLoaders" vehicleIcon="image/store_forcaBalleTrattenitore_teleLoaders.png">
                <inputAttacherJoint node="0>3|0" jointType="telehandler"/>
                <objectChange node="0>3" scaleActive="1 1 1" visibilityActive="true" scaleInactive="0 0 0" visibilityInactive="false"/>
                <objectChange node="0>5" scaleActive="1 1 1"/>
                <objectChange node="0>6" scaleActive="1 1 1"/>
                <objectChange node="1>0|0|0" scaleActive="0 0 0"/>
                <objectChange node="1>0|0|1" scaleActive="1 1 1"/>
                <objectChange node="1>0|0|2" scaleActive="0 0 0"/>
            </inputAttacherJointConfiguration>
            <inputAttacherJointConfiguration name="$l10n_configuration_inputAttacherWheelLoader" vehicleBrand="CSZ_wheelLoaders" vehicleIcon="image/store_forcaBalleTrattenitore_wheelLoaders.png">
                <inputAttacherJoint node="0>4|0" jointType="wheelLoader"/>
                <objectChange node="0>4" scaleActive="1 1 1" visibilityActive="true" scaleInactive="0 0 0" visibilityInactive="false"/>
                <objectChange node="0>5" scaleActive="1.34 1 1"/>
                <objectChange node="0>6" scaleActive="1.34 1 1"/>
                <objectChange node="1>0|0|0" scaleActive="0 0 0"/>
                <objectChange node="1>0|0|1" scaleActive="0 0 0"/>
                <objectChange node="1>0|0|2" scaleActive="1 1 1"/>
            </inputAttacherJointConfiguration>
        </inputAttacherJointConfigurations>
        <inputAttacherJoints>
            <inputAttacherJoint node="0>0" jointType="loaderFork"/>
            <inputAttacherJoint node="0>0|0" jointType="hookLift"/>
            <inputAttacherJoint node="0>0|1" jointType="hookLift"/>
        </inputAttacherJoints>
        <toolCameras>
            <toolCamera node="0>0|2|1|0" rotatable="true" rotateNode="0>0|2|1" limit="true" useWorldXZRotation="true" rotMinX="-1.4" rotMaxX="1" transMin="1.5" transMax="18" translation="0 0 5.5" rotation="-17.5 180 0">
                <raycastNode node="0>0|2|1"/>
                <raycastNode node="0>0|2|2"/>
                <raycastNode node="0>0|2|3"/>
            </toolCamera>
        </toolCameras>
    </attachable>
    <configurationSets title="$l10n_tipoCaricamento">
        <configurationSet name="$l10n_automatico">
            <configuration name="vehicleType"        index="1"/>
            <configuration name="folding"            index="1"/>
        </configurationSet>
        <configurationSet name="$l10n_manuale">
            <configuration name="vehicleType"        index="2"/>
            <configuration name="folding"            index="2"/>
        </configurationSet>
    </configurationSets>
    <designConfigurations title="$l10n_lunghezzaPunte">
        <designConfiguration name="0,90 m">
            <objectChange node="0>5|1" visibilityActive="true" visibilityInactive="false"/>
            <objectChange node="0>5|1|0|0" scaleActive="1 1 1" scaleInactive="0 0 0"/>
            <objectChange node="0>5|1|1|0" scaleActive="1 1 1" scaleInactive="0 0 0"/>
            <objectChange node="0>5|1|2|0" scaleActive="1 1 1" scaleInactive="0 0 0"/>
            <objectChange node="0>5|1|3|0" scaleActive="1 1 1" scaleInactive="0 0 0"/>
        </designConfiguration>
        <designConfiguration name="1,20 m" price="60">
            <objectChange node="0>5|2" visibilityActive="true" visibilityInactive="false"/>
            <objectChange node="0>5|2|0|0" scaleActive="1 1 1" scaleInactive="0 0 0"/>
            <objectChange node="0>5|2|1|0" scaleActive="1 1 1" scaleInactive="0 0 0"/>
            <objectChange node="0>5|2|2|0" scaleActive="1 1 1" scaleInactive="0 0 0"/>
            <objectChange node="0>5|2|3|0" scaleActive="1 1 1" scaleInactive="0 0 0"/>
        </designConfiguration>
        <designConfiguration name="1,40 m" price="120">
            <objectChange node="0>5|3" visibilityActive="true" visibilityInactive="false"/>
            <objectChange node="0>5|3|0|0" scaleActive="1 1 1" scaleInactive="0 0 0"/>
            <objectChange node="0>5|3|1|0" scaleActive="1 1 1" scaleInactive="0 0 0"/>
            <objectChange node="0>5|3|2|0" scaleActive="1 1 1" scaleInactive="0 0 0"/>
            <objectChange node="0>5|3|3|0" scaleActive="1 1 1" scaleInactive="0 0 0"/>
        </designConfiguration>
    </designConfigurations>
    <vehicleTypeConfigurations title="$l10n_tipoCaricamento">
        <vehicleTypeConfiguration name="$l10n_automatico" price="200" vehicleType="baleLoader">
            <objectChange node="0>5|1|0|0|0" scaleActive="0 0 0" scaleInactive="1 1 1"/>
            <objectChange node="0>5|1|1|0|0" scaleActive="0 0 0" scaleInactive="1 1 1"/>
            <objectChange node="0>5|1|2|0|0" scaleActive="0 0 0" scaleInactive="1 1 1"/>
            <objectChange node="0>5|1|3|0|0" scaleActive="0 0 0" scaleInactive="1 1 1"/>
            <objectChange node="0>5|2|0|0|0" scaleActive="0 0 0" scaleInactive="1 1 1"/>
            <objectChange node="0>5|2|1|0|0" scaleActive="0 0 0" scaleInactive="1 1 1"/>
            <objectChange node="0>5|2|2|0|0" scaleActive="0 0 0" scaleInactive="1 1 1"/>
            <objectChange node="0>5|2|3|0|0" scaleActive="0 0 0" scaleInactive="1 1 1"/>
            <objectChange node="0>5|3|0|0|0" scaleActive="0 0 0" scaleInactive="1 1 1"/>
            <objectChange node="0>5|3|1|0|0" scaleActive="0 0 0" scaleInactive="1 1 1"/>
            <objectChange node="0>5|3|2|0|0" scaleActive="0 0 0" scaleInactive="1 1 1"/>
            <objectChange node="0>5|3|3|0|0" scaleActive="0 0 0" scaleInactive="1 1 1"/>
        </vehicleTypeConfiguration>
        <vehicleTypeConfiguration name="$l10n_manuale" vehicleType="implementDynamicMountAttacher"/>
    </vehicleTypeConfigurations>
    <connectionHoses>
        <hose inputAttacherJointIndices="4" type="hydraulicIn" node="0>5|4|0" adapterNode="0>5|4|2|2|0" length="1" diameter="0.02">
            <objectChange node="0>5|4|2" visibilityActive="false" visibilityInactive="true"/>
        </hose>
        <hose inputAttacherJointIndices="4" type="hydraulicOut" node="0>5|4|1" adapterNode="0>5|4|2|2|1" length="1" diameter="0.02"/>
        <localHose>
            <hose type="hydraulicIn" node="0>5|4|2|0" length="0.4" diameter="0.02" straighteningFactor="2" isTwoPointHose="true"/>
            <target type="none" node="0>5|4|2|2|0"/>
        </localHose>
        <localHose>
            <hose type="hydraulicOut" node="0>5|4|2|1" length="0.4" diameter="0.02" straighteningFactor="2.5" isTwoPointHose="true"/>
            <target type="none" node="0>5|4|2|2|1"/>
        </localHose>
        <localHose>
            <hose type="hydraulicIn" node="0>5|5" length="0.4" diameter="0.02" straighteningFactor="2" isTwoPointHose="true"/>
            <target type="none" node="0>5|4|3"/>
        </localHose>
        <localHose>
            <hose type="hydraulicOut" node="0>5|6" length="0.4" diameter="0.02" straighteningFactor="2.5" isTwoPointHose="true"/>
            <target type="none" node="0>5|4|4"/>
        </localHose>
    </connectionHoses>
    <animations>
        <animation name="folding" resetOnStart="false">
            <part node="0>0|3|0" startTime="0" endTime="4" startTrans="0 0 3" endTrans="0 0 0"/>
            <part node="0>6|0" startTime="0" endTime="4" startTrans="0 1.5 0" endTrans="0 0 0"/>
            <part node="0>6|0|0" startTime="0" endTime="4" startTrans="0 1.5 0" endTrans="0 0 0"/>
            <part node="0>6|0|2" startTime="0" endTime="4" shaderParameter="offsetUV" shaderStartValues="0 6.75 0 0" shaderEndValues="0 0 0 0"/>
            <part node="0>6|0|1|0" startTime="0" endTime="4" startRot="0 0 720" endRot="0 0 0"/>
            <part node="0>6|0|1|1" startTime="0" endTime="4" startRot="0 0 720" endRot="0 0 0"/>
            <part node="0>6|0|1|2" startTime="0" endTime="4" startRot="0 0 -720" endRot="0 0 0"/>
            <part node="0>6|0|1|3" startTime="0" endTime="4" startRot="0 0 -720" endRot="0 0 0"/>
            <sound template="defaultHydraulicSound" startTime="0" endTime="4" volumeScale="1" pitchScale="1.2" fadeIn="0.1" fadeOut="0.1"/>
        </animation>
        <animation name="rotatePlatform" resetOnStart="true">
            <part node="0>1" startTime="0" endTime="1" endTrans="0.001 0 0"/>
        </animation>
        <animation name="moveBalePlacesRound">
            <part node="0>0|3|0" startTime="0" endTime="1" startTrans="0 0 0" endTrans="0 0 0.45"/>
            <part node="0>6|0" startTime="0" endTime="1" startTrans="0 0 0" endTrans="0 0.225 0"/>
            <part node="0>6|0|0" startTime="0" endTime="1" startTrans="0 0 0" endTrans="0 0.225 0"/>
            <part node="0>6|0|2" startTime="0" endTime="1" shaderParameter="offsetUV" shaderStartValues="0 0 0 0" shaderEndValues="0 0.675 0 0"/>
            <part node="0>6|0|1|1" startTime="0" endTime="1" startRot="0 0 0" endRot="0 0 72"/>
            <part node="0>6|0|1|0" startTime="0" endTime="1" startRot="0 0 0" endRot="0 0 72"/>
            <part node="0>6|0|1|2" startTime="0" endTime="1" startRot="0 0 0" endRot="0 0 -72"/>
            <part node="0>6|0|1|3" startTime="0" endTime="1" startRot="0 0 0" endRot="0 0 -72"/>
            <part node="0>0|3|0" startTime="1" endTime="3" startTrans="0 0 0.45" endTrans="0 0 2.75"/>
            <part node="0>6|0" startTime="1" endTime="3" startTrans="0 0.225 0" endTrans="0 1.375 0"/>
            <part node="0>6|0|0" startTime="1" endTime="3" startTrans="0 0.225 0" endTrans="0 1.375 0"/>
            <part node="0>6|0|2" startTime="1" endTime="3" shaderParameter="offsetUV" shaderStartValues="0 0.675 0 0" shaderEndValues="0 6.1875 0 0"/>
            <part node="0>6|0|1|0" startTime="1" endTime="3" startRot="0 0 72" endRot="0 0 660"/>
            <part node="0>6|0|1|1" startTime="1" endTime="3" startRot="0 0 72" endRot="0 0 660"/>
            <part node="0>6|0|1|2" startTime="1" endTime="3" startRot="0 0 -72" endRot="0 0 -660"/>
            <part node="0>6|0|1|3" startTime="1" endTime="3" startRot="0 0 -72" endRot="0 0 -660"/>
            <sound template="defaultHydraulicSound" startTime="0" endTime="3" volumeScale="1" pitchScale="1.2" fadeIn="0.1" fadeOut="0.1"/>
        </animation>
        <animation name="moveBalePlacesSquare">
            <part node="0>0|3|0" startTime="1" endTime="4" startTrans="0 0 0" endTrans="0 0 2.7"/>
            <part node="0>6|0" startTime="1" endTime="4" startTrans="0 0 0" endTrans="0 1.35 0"/>
            <part node="0>6|0|0" startTime="1" endTime="4" startTrans="0 0 0" endTrans="0 1.35 0"/>
            <part node="0>6|0|2" startTime="1" endTime="4" shaderParameter="offsetUV" shaderStartValues="0 0 0 0" shaderEndValues="0 6.075 0 0"/>
            <part node="0>6|0|1|0" startTime="1" endTime="4" startRot="0 0 0" endRot="0 0 648"/>
            <part node="0>6|0|1|1" startTime="1" endTime="4" startRot="0 0 0" endRot="0 0 648"/>
            <part node="0>6|0|1|2" startTime="1" endTime="4" startRot="0 0 0" endRot="0 0 -648"/>
            <part node="0>6|0|1|3" startTime="1" endTime="4" startRot="0 0 0" endRot="0 0 -648"/>
            <sound template="defaultHydraulicSound" startTime="0" endTime="4" volumeScale="1" pitchScale="1.2" fadeIn="0.1" fadeOut="0.1"/>
        </animation>
        <animation name="moveBalePlacesBigSquare">
            <part node="0>0|3|0" startTime="0" endTime="1" startTrans="0 0 0" endTrans="0 0 0.2"/>
            <part node="0>6|0" startTime="0" endTime="1" startTrans="0 0 0" endTrans="0 0.1 0"/>
            <part node="0>6|0|0" startTime="0" endTime="1" startTrans="0 0 0" endTrans="0 0.1 0"/>
            <part node="0>6|0|2" startTime="0" endTime="1" shaderParameter="offsetUV" shaderStartValues="0 0 0 0" shaderEndValues="0 0.45 0 0"/>
            <part node="0>6|0|1|0" startTime="0" endTime="1" startRot="0 0 0" endRot="0 0 48"/>
            <part node="0>6|0|1|1" startTime="0" endTime="1" startRot="0 0 0" endRot="0 0 48"/>
            <part node="0>6|0|1|2" startTime="0" endTime="1" startRot="0 0 0" endRot="0 0 -48"/>
            <part node="0>6|0|1|3" startTime="0" endTime="1" startRot="0 0 0" endRot="0 0 -48"/>
            <part node="0>0|3|0" startTime="1" endTime="3" startTrans="0 0 0.2" endTrans="0 0 2.75"/>
            <part node="0>6|0" startTime="1" endTime="3" startTrans="0 0.1 0" endTrans="0 1.375 0"/>
            <part node="0>6|0|0" startTime="1" endTime="3" startTrans="0 0.1 0" endTrans="0 1.375 0"/>
            <part node="0>6|0|2" startTime="1" endTime="3" shaderParameter="offsetUV" shaderStartValues="0 0.45 0 0" shaderEndValues="0 6.1875 0 0"/>
            <part node="0>6|0|1|0" startTime="1" endTime="3" startRot="0 0 48" endRot="0 0 660"/>
            <part node="0>6|0|1|1" startTime="1" endTime="3" startRot="0 0 48" endRot="0 0 660"/>
            <part node="0>6|0|1|2" startTime="1" endTime="3" startRot="0 0 -48" endRot="0 0 -660"/>
            <part node="0>6|0|1|3" startTime="1" endTime="3" startRot="0 0 -48" endRot="0 0 -660"/>
            <sound template="defaultHydraulicSound" startTime="0" endTime="3" volumeScale="1" pitchScale="1.2" fadeIn="0.1" fadeOut="0.1"/>
        </animation>
        <animation name="moveBalePlacesToEmpty">
            <part node="0>0|3|0" startTime="0" endTime="4" startTrans="0 0 0" endTrans="0 0 3"/>
            <part node="0>6|0" startTime="0" endTime="4" startTrans="0 0 0" endTrans="0 1.5 0"/>
            <part node="0>6|0|0" startTime="0" endTime="4" startTrans="0 0 0" endTrans="0 1.5 0"/>
            <part node="0>6|0|2" startTime="0" endTime="4" shaderParameter="offsetUV" shaderStartValues="0 0 0 0" shaderEndValues="0 6.75 0 0"/>
            <part node="0>6|0|1|0" startTime="0" endTime="4" startRot="0 0 0" endRot="0 0 720"/>
            <part node="0>6|0|1|1" startTime="0" endTime="4" startRot="0 0 0" endRot="0 0 720"/>
            <part node="0>6|0|1|2" startTime="0" endTime="4" startRot="0 0 0" endRot="0 0 -720"/>
            <part node="0>6|0|1|3" startTime="0" endTime="4" startRot="0 0 0" endRot="0 0 -720"/>
            <sound template="defaultHydraulicSound" startTime="0" endTime="4" volumeScale="1" pitchScale="1.2" fadeIn="0.1" fadeOut="0.1"/>
        </animation>
        <animation name="chainAnimation">
            <part node="0>6|0|2" startTime="0" endTime="3" shaderParameter="offsetUV" shaderStartValues="0 0 0 0" shaderEndValues="0 13.5 0 0"/>
            <part node="0>6|0|1|0" startTime="0" endTime="3" startRot="0 0 0" endRot="0 0 720"/>
            <part node="0>6|0|1|1" startTime="0" endTime="3" startRot="0 0 0" endRot="0 0 720"/>
            <part node="0>6|0|1|2" startTime="0" endTime="3" startRot="0 0 0" endRot="0 0 -720"/>
            <part node="0>6|0|1|3" startTime="0" endTime="3" startRot="0 0 0" endRot="0 0 -720"/>
        </animation>
    </animations>
    <cylindered>
        <movingTools>
            <movingTool node="0>0|3|0" playSound="true" foldingConfigurationIndex="2">
                <controls axis="AXIS_FRONTLOADER_ARM2" invertAxis="false" mouseSpeedFactor="0.5" iconName="FORKLIFT_TRANSLATE_Y"/>
                <translation translationAxis="3" transSpeed="1" transAcceleration="100" transMax="3" transMin="0"/>
                <componentJoint index="1" anchorActor="0"/>
            </movingTool>
        </movingTools>
        <movingParts>
            <movingPart node="0>6" referencePoint="1>1|0" referenceFrame="1>1|0" isActiveDirty="true" maxUpdateDistance="200" doDirectionAlignment="false">
                <translatingPart node="0>6|0|0" maxZTrans="3" divideTranslatingDistance="true"/>
                <translatingPart node="0>6|0" divideTranslatingDistance="true"/>
                <dependentAnimation useTranslatingPartIndex="2" name="chainAnimation" translationAxis="3" minValue="0" maxValue="3"/>
           </movingPart>
        </movingParts>
        <sounds>
            <actionSound template="defaultHydraulicSound" pitchScale="0.6" volumeScale="2"   linkNode="0>0|3|0" actionNames="TOOL_MOVE_POS TOOL_MOVE_NEG" nodes="0>0|3|0"/>
            <actionSound template="clackVar6"             pitchScale="0.9" volumeScale="1.4" linkNode="0>0|3|0" actionNames="TOOL_MOVE_END_POS_LIMIT"     nodes="0>0|3|0"/>
            <actionSound template="cylinderPunch"         pitchScale="2"   volumeScale="0.5" linkNode="0>0|3|0" actionNames="TOOL_MOVE_END_POS_LIMIT"     nodes="0>0|3|0"/>
            <actionSound template="clackVar6"             pitchScale="0.8" volumeScale="1.7" linkNode="0>0|3|0" actionNames="TOOL_MOVE_END_NEG_LIMIT"     nodes="0>0|3|0"/>
            <actionSound template="thudVar2"              pitchScale="2"   volumeScale="1"   linkNode="0>0|3|0" actionNames="TOOL_MOVE_END_NEG_LIMIT"     nodes="0>0|3|0"/>
        </sounds>
    </cylindered>
    <foldable>
        <foldingConfigurations>
            <foldingConfiguration>
                <foldingParts foldInputButton="TOGGLE_PIPE" startMoveDirection="1" detachingMinLimit="0.9" detachingMaxLimit="1.0" posDirectionText="$l10n_action_foldOBJECT" negDirectionText="$l10n_action_unfoldOBJECT">
                    <foldingPart animationName="folding" speedScale="1"/>
                </foldingParts>
            </foldingConfiguration>
            <foldingConfiguration/>
        </foldingConfigurations>
    </foldable>
    <fillUnit>
        <fillUnitConfigurations title="$l10n_configuration_fillUnitBale">
            <fillUnitConfiguration name="4 %s - 3 %s - 3 %s" params="$l10n_unit_bale|$l10n_unit_bale|$l10n_unit_bale">
                <fillUnits allowFoldingWhileFilled="false">
                    <fillUnit unitTextOverride="$l10n_unit_bale" capacity="4" fillTypes="roundBale squareBale" showOnHud="false"/>
                    <fillUnit unitTextOverride="$l10n_unit_bale" capacity="3" fillTypes="roundBale" showCapacityInShop="false"/>
                    <fillUnit unitTextOverride="$l10n_unit_bale" capacity="4" fillTypes="squareBale" showCapacityInShop="false"/>
                    <fillUnit unitTextOverride="$l10n_unit_bale" capacity="3" fillTypes="squareBale" showCapacityInShop="false"/>
                </fillUnits>
            </fillUnitConfiguration>
            <fillUnitConfiguration name="3 %s - 3 %s - 3 %s" params="$l10n_unit_bale|$l10n_unit_bale|$l10n_unit_bale">
                <fillUnits allowFoldingWhileFilled="false">
                    <fillUnit unitTextOverride="$l10n_unit_bale" capacity="3" fillTypes="roundBale squareBale" showOnHud="false"/>
                    <fillUnit unitTextOverride="$l10n_unit_bale" capacity="3" fillTypes="roundBale" showCapacityInShop="false"/>
                    <fillUnit unitTextOverride="$l10n_unit_bale" capacity="3" fillTypes="squareBale" showCapacityInShop="false"/>
                    <fillUnit unitTextOverride="$l10n_unit_bale" capacity="3" fillTypes="squareBale" showCapacityInShop="false"/>
                </fillUnits>
            </fillUnitConfiguration>
            <fillUnitConfiguration name="2 %s - 2 %s - 2 %s" params="$l10n_unit_bale|$l10n_unit_bale|$l10n_unit_bale">
                <fillUnits allowFoldingWhileFilled="false">
                    <fillUnit unitTextOverride="$l10n_unit_bale" capacity="2" fillTypes="roundBale squareBale" showOnHud="false"/>
                    <fillUnit unitTextOverride="$l10n_unit_bale" capacity="2" fillTypes="roundBale" showCapacityInShop="false"/>
                    <fillUnit unitTextOverride="$l10n_unit_bale" capacity="2" fillTypes="squareBale" showCapacityInShop="false"/>
                    <fillUnit unitTextOverride="$l10n_unit_bale" capacity="2" fillTypes="squareBale" showCapacityInShop="false"/>
                </fillUnits>
            </fillUnitConfiguration>
            <fillUnitConfiguration name="1 %s - 1 %s - 1 %s" params="$l10n_unit_bale|$l10n_unit_bale|$l10n_unit_bale">
                <fillUnits allowFoldingWhileFilled="false">
                    <fillUnit unitTextOverride="$l10n_unit_bale" capacity="1" fillTypes="roundBale squareBale" showOnHud="false"/>
                    <fillUnit unitTextOverride="$l10n_unit_bale" capacity="1" fillTypes="roundBale" showCapacityInShop="false"/>
                    <fillUnit unitTextOverride="$l10n_unit_bale" capacity="1" fillTypes="squareBale" showCapacityInShop="false"/>
                    <fillUnit unitTextOverride="$l10n_unit_bale" capacity="1" fillTypes="squareBale" showCapacityInShop="false"/>
                </fillUnits>
            </fillUnitConfiguration>
        </fillUnitConfigurations>
    </fillUnit>
    <baleLoader transportPositionAfterUnloading="false" automaticUnloading="false" allowKinematicMounting="false">
        <texts lowering="action_baleloaderOperatingPosition" unload="$l10n_action_unfold" lowerPlattform="$l10n_action_baleloaderOperatingPosition"/>
        <grabber grabNode="0>7|0" triggerNode="0>7|1"/>
        <balePlaces startBalePlace="0>7|2"/>
        <baleTypes>
            <baleType width="1.2" diameter="1.25" fillUnitIndex="2">
                <balePlaces>
                    <balePlace node="0>7|3|0"/>
                    <balePlace node="0>7|3|1"/>
                    <balePlace node="0>7|3|2"/>
                </balePlaces>
                <animations>
                    <moveBalePlaces name="moveBalePlacesRound" alwaysMove="true"/>
                </animations>
            </baleType>
            <baleType width="1.2" diameter="1.5" fillUnitIndex="2">
                <balePlaces>
                    <balePlace node="0>7|4|0"/>
                    <balePlace node="0>7|4|1"/>
                    <balePlace node="0>7|4|2"/>
                </balePlaces>
                <animations>
                    <moveBalePlaces name="moveBalePlacesRound" alwaysMove="true"/>
                </animations>
            </baleType>
            <baleType width="1.2" diameter="1.8" fillUnitIndex="2">
                <balePlaces>
                    <balePlace node="0>7|5|0"/>
                    <balePlace node="0>7|5|1"/>
                    <balePlace node="0>7|5|2"/>
                </balePlaces>
                <animations>
                    <moveBalePlaces name="moveBalePlacesRound" alwaysMove="true"/>
                </animations>
            </baleType>
            <baleType width="1.2" height="0.9" length="1.8" fillUnitIndex="3">
                <balePlaces>
                    <balePlace node="0>7|6|0"/>
                    <balePlace node="0>7|6|1"/>
                    <balePlace node="0>7|6|2"/>
                    <balePlace node="0>7|6|3"/>
                </balePlaces>
                <animations>
                    <moveBalePlaces name="moveBalePlacesSquare" alwaysMove="true"/>
                </animations>
            </baleType>
            <baleType width="1.2" height="0.9" minLength="1.8" maxLength="2.2" fillUnitIndex="3">
                <balePlaces>
                    <balePlace node="0>7|7|0"/>
                    <balePlace node="0>7|7|1"/>
                    <balePlace node="0>7|7|2"/>
                    <balePlace node="0>7|7|3"/>
                </balePlaces>
                <animations>
                    <moveBalePlaces name="moveBalePlacesSquare" alwaysMove="true"/>
                </animations>
            </baleType>
            <baleType width="1.2" height="0.9" minLength="2.2" maxLength="2.4" fillUnitIndex="3">
                <balePlaces>
                    <balePlace node="0>7|8|0"/>
                    <balePlace node="0>7|8|1"/>
                    <balePlace node="0>7|8|2"/>
                    <balePlace node="0>7|8|3"/>
                </balePlaces>
                <animations>
                    <moveBalePlaces name="moveBalePlacesSquare" alwaysMove="true"/>
                </animations>
            </baleType>
            <baleType width="1.2" height="1.3" length="1.8" fillUnitIndex="4">
                <balePlaces>
                    <balePlace node="0>7|9|0"/>
                    <balePlace node="0>7|9|1"/>
                    <balePlace node="0>7|9|2"/>
                </balePlaces>
                <animations>
                    <moveBalePlaces name="moveBalePlacesBigSquare" alwaysMove="true"/>
                </animations>
            </baleType>
            <baleType width="1.2" height="1.3" minLength="1.8" maxLength="2.2" fillUnitIndex="4">
                <balePlaces>
                    <balePlace node="0>7|10|0"/>
                    <balePlace node="0>7|10|1"/>
                    <balePlace node="0>7|10|2"/>
                </balePlaces>
                <animations>
                    <moveBalePlaces name="moveBalePlacesBigSquare" alwaysMove="true"/>
                </animations>
            </baleType>
            <baleType width="1.2" height="1.3" minLength="2.2" maxLength="2.4" fillUnitIndex="4">
                <balePlaces>
                    <balePlace node="0>7|11|0"/>
                    <balePlace node="0>7|11|1"/>
                    <balePlace node="0>7|11|2"/>
                </balePlaces>
                <animations>
                    <moveBalePlaces name="moveBalePlacesBigSquare" alwaysMove="true"/>
                </animations>
            </baleType>
        </baleTypes>
    </baleLoader>
    <dynamicMountAttacher node="0>">
        <mountCollisionMask node="0>5|1|0|0|0" collisionMask="134225920" mountType="FORK"/>
        <mountCollisionMask node="0>5|1|1|0|0" collisionMask="134225920" mountType="FORK"/>
        <mountCollisionMask node="0>5|1|2|0|0" collisionMask="134225920" mountType="FORK"/>
        <mountCollisionMask node="0>5|1|3|0|0" collisionMask="134225920" mountType="FORK"/>
        <mountCollisionMask node="0>5|2|0|0|0" collisionMask="134225920" mountType="FORK"/>
        <mountCollisionMask node="0>5|2|1|0|0" collisionMask="134225920" mountType="FORK"/>
        <mountCollisionMask node="0>5|2|2|0|0" collisionMask="134225920" mountType="FORK"/>
        <mountCollisionMask node="0>5|2|3|0|0" collisionMask="134225920" mountType="FORK"/>
        <mountCollisionMask node="0>5|3|0|0|0" collisionMask="134225920" mountType="FORK"/>
        <mountCollisionMask node="0>5|3|1|0|0" collisionMask="134225920" mountType="FORK"/>
        <mountCollisionMask node="0>5|3|2|0|0" collisionMask="134225920" mountType="FORK"/>
        <mountCollisionMask node="0>5|3|3|0|0" collisionMask="134225920" mountType="FORK"/>
    </dynamicMountAttacher>
    <ai>
        <agentAttachment width="2" height="2" length="2" lengthOffset="0.1"/>
    </ai>
    <tensionBeltObject>
        <meshNodes>
            <meshNode node="0>2|1"/>
            <meshNode node="0>3|1"/>
            <meshNode node="0>4|1"/>
            <meshNode node="0>5"/>
            <meshNode node="0>5|0"/>
            <meshNode node="0>5|1|0|0"/>
            <meshNode node="0>5|1|1|0"/>
            <meshNode node="0>5|1|2|0"/>
            <meshNode node="0>5|1|3|0"/>
            <meshNode node="0>5|2|0|0"/>
            <meshNode node="0>5|2|1|0"/>
            <meshNode node="0>5|2|2|0"/>
            <meshNode node="0>5|2|3|0"/>
            <meshNode node="0>5|3|0|0"/>
            <meshNode node="0>5|3|1|0"/>
            <meshNode node="0>5|3|2|0"/>
            <meshNode node="0>5|3|3|0"/>
            <meshNode node="0>6|0"/>
            <meshNode node="0>6|0|0|0"/>
            <meshNode node="0>6|0|2"/>
            <meshNode node="0>6|0|3"/>
        </meshNodes>
    </tensionBeltObject>
    <foliageBending>
        <bendingNode minX="1" maxX="-1" minZ="1.5" maxZ="-0.5" yOffset="0.02"/>
        <bendingNode minX="-0.75" maxX="0.75" minZ="-0.55" maxZ="-0.35" yOffset="0.025"/>
    </foliageBending>
    <baseMaterial>
        <material name="CSZ_pack_mat" baseNode="0>5">
            <shaderParameter name="colorMat0" material="16" value="1 0 0"/>
        </material>
    </baseMaterial>
    <wearable wearDuration="480" workMultiplier="5" fieldMultiplier="2"/>
    <washable dirtDuration="90" washDuration="1" workMultiplier="2" fieldMultiplier="2"/>
</vehicle>
