﻿<?xml version="1.0" encoding="utf-8" standalone="no" ?>
<vehicle type="baseAttachable" xmlns:xsi="http://www.w3.org/2001/XMLSchema-instance" xsi:noNamespaceSchemaLocation="https://validation.gdn.giants-software.com/xml/schema/vehicle.xsd">
    <annotation>Copyright (C) DD ModPassion, All Rights Reserved.</annotation>
    <parentFile xmlFilename="xmlFilename/skidSteer/forcaBalle.xml">
        <attributes>
            <set path="vehicle.storeData.name" value="$l10n_name_forcaBallePunteReclinabili"/>
            <set path="vehicle.storeData.specs.combination(0)#filterCategory" value="frontLoaderVehicles"/>
            <set path="vehicle.storeData.image" value="image/store_forcaBallePunteReclinabili_frontLoaders.png"/>
            <set path="vehicle.storeData.price" value="1500"/>
            <set path="vehicle.storeData.category" value="frontLoaderTools"/>
            <remove path="vehicle.storeData.functions.function(2)"/>
            <remove path="vehicle.animations.animation(1).part(0)"/>
            <remove path="vehicle.animations.animation(1).part(0)"/>
            <remove path="vehicle.animations.animation(1).part(0)"/>
            <remove path="vehicle.animations.animation(1).part(0)"/>
            <remove path="vehicle.animations.animation(1).part(0)"/>
            <remove path="vehicle.animations.animation(1).part(0)"/>
            <remove path="vehicle.animations.animation(1).part(0)"/>
            <set path="vehicle.fillUnit.fillUnitConfigurations.fillUnitConfiguration(0)#name" value="3 %s - 3 %s - 2 %s"/>
            <remove path="vehicle.baleLoader.baleTypes.baleType(2)"/>
            <remove path="vehicle.baleLoader.baleTypes.baleType(1)"/>
            <remove path="vehicle.baleLoader.baleTypes.baleType(0)"/>
            <remove path="vehicle.configurationSets.configurationSet(3)"/>
            <remove path="vehicle.configurationSets.configurationSet(2)"/>
            <remove path="vehicle.configurationSets.configurationSet(1)"/>
            <remove path="vehicle.configurationSets.configurationSet(0)"/>
            <set path="vehicle.configurationSets.configurationSet(0)#isDefault" value="true"/>
         </attributes>
    </parentFile>
    <storeData>
        <name>$l10n_name_forcaBallePunteReclinabili</name>
        <image>image/store_forcaBallePunteReclinabili_skidSteers.png</image>
        <brand>CSZ</brand>
        <category>frontLoaderTools</category>
        <vertexBufferMemoryUsage>0</vertexBufferMemoryUsage>
        <indexBufferMemoryUsage>0</indexBufferMemoryUsage>
        <textureMemoryUsage>0</textureMemoryUsage>
        <audioMemoryUsage>0</audioMemoryUsage>
        <instanceVertexBufferMemoryUsage>0</instanceVertexBufferMemoryUsage>
        <instanceIndexBufferMemoryUsage>0</instanceIndexBufferMemoryUsage>
    </storeData>
    <wearable wearDuration="480" workMultiplier="5" fieldMultiplier="2"/>
    <washable dirtDuration="90" washDuration="1" workMultiplier="6" fieldMultiplier="2"/>
</vehicle>