﻿<?xml version="1.0" encoding="utf-8" standalone="no" ?>
<vehicle type="implementDynamicMountAttacher" xmlns:xsi="http://www.w3.org/2001/XMLSchema-instance" xsi:noNamespaceSchemaLocation="https://validation.gdn.giants-software.com/xml/schema/vehicle.xsd">
    <annotation>Copyright (C) DD ModPassion, All Rights Reserved.</annotation>
    <storeData>
        <name>$l10n_name_piastraPortaforcheSmartStack</name>
        <specs>
            <combination xmlFilename="xmlFilename/gabbiaSmartStack.xml"/>
            <combination filterCategory="frontLoaderVehicles"/>
        </specs>
        <functions>
            <function>$l10n_function_frontloaderPalletFork</function>
        </functions>
        <storePacks>
            <storePack>STARTER_CHICKENS</storePack>
            <storePack>STARTER_ANIMALS</storePack>
        </storePacks>
        <image>image/store_piastraPortaforcheSmartStack_frontLoaders.png</image>
        <price>900</price>
        <lifetime>600</lifetime>
        <rotation>0</rotation>
        <brand>CSZ</brand>
        <category>frontLoaderTools</category>
        <shopDynamicTitle>true</shopDynamicTitle>
        <shopTranslationOffset>0 0.1 0</shopTranslationOffset>
        <shopLoadingDelay initial="0.4"/>
        <shopHeight>2</shopHeight>
        <vertexBufferMemoryUsage>115712</vertexBufferMemoryUsage>
        <indexBufferMemoryUsage>16128</indexBufferMemoryUsage>
        <textureMemoryUsage>458752</textureMemoryUsage>
        <audioMemoryUsage>0</audioMemoryUsage>
        <instanceVertexBufferMemoryUsage>0</instanceVertexBufferMemoryUsage>
        <instanceIndexBufferMemoryUsage>0</instanceIndexBufferMemoryUsage>
    </storeData>
    <base>
        <typeDesc>$l10n_typeDesc_piastraPortaforcheSmartStack</typeDesc>
        <filename>filename/piastraPortaforcheSmartStack.i3d</filename>
        <size width="2" length="2"/>
        <components>
            <component centerOfMass="0 0 0.5" solverIterationCount="10" mass="250"/>
        </components>
        <schemaOverlay attacherJointPosition="0 0" name="IMPLEMENT"/>
        <mapHotspot type="TOOL"/>
    </base>
    <attachable>
        <inputAttacherJointConfigurations>
            <inputAttacherJointConfiguration name="$l10n_configuration_inputAttacherFrontLoader" vehicleBrand="CSZ_frontLoaders" vehicleIcon="image/store_piastraPortaforcheSmartStack_frontLoaders.png">
                <inputAttacherJoint node="0>2|0" jointType="frontloader"/>
                <objectChange node="0>2" scaleActive="1 1 1" visibilityActive="true" scaleInactive="0 0 0" visibilityInactive="false"/>
            </inputAttacherJointConfiguration>
            <inputAttacherJointConfiguration name="$l10n_configuration_inputAttacherTeleLoaders" vehicleBrand="CSZ_teleLoaders" vehicleIcon="image/store_piastraPortaforcheSmartStack_teleLoaders.png">
                <inputAttacherJoint node="0>3|0" jointType="telehandler"/>
                <objectChange node="0>3" scaleActive="1 1 1" visibilityActive="true" scaleInactive="0 0 0" visibilityInactive="false"/>
            </inputAttacherJointConfiguration>
            <inputAttacherJointConfiguration name="$l10n_configuration_inputAttacherWheelLoader" vehicleBrand="CSZ_wheelLoaders" vehicleIcon="image/store_piastraPortaforcheSmartStack_wheelLoaders.png">
                <inputAttacherJoint node="0>4|0" jointType="wheelLoader"/>
                <objectChange node="0>4" scaleActive="1 1 1" visibilityActive="true" scaleInactive="0 0 0" visibilityInactive="false"/>
            </inputAttacherJointConfiguration>
        </inputAttacherJointConfigurations>
        <inputAttacherJoints>
            <inputAttacherJoint node="0>0" jointType="loaderFork"/>
            <inputAttacherJoint node="0>0|0" jointType="hookLift"/>
            <inputAttacherJoint node="0>0|1" jointType="hookLift"/>
        </inputAttacherJoints>
        <toolCameras>
            <toolCamera node="0>0|2|1|0" rotatable="true" rotateNode="0>0|2|1" limit="true" useWorldXZRotation="true" rotMinX="-1.4" rotMaxX="1" transMin="1.5" transMax="18" translation="0 0 5.5" rotation="-17.5 180 0">
                <raycastNode node="0>0|2|1"/>
                <raycastNode node="0>0|2|2"/>
                <raycastNode node="0>0|2|3"/>
            </toolCamera>
        </toolCameras>
        <support animationName="moveSupport"/>
    </attachable>
    <configurationSets title="$l10n_configuration_attacherJoint">
        <configurationSet name="$l10n_configuration_inputAttacherFrontLoader">
            <configuration name="inputAttacherJoint" index="1"/>
        </configurationSet>
        <configurationSet name="$l10n_configuration_inputAttacherTeleLoaders">
            <configuration name="inputAttacherJoint" index="2"/>
        </configurationSet>
        <configurationSet name="$l10n_configuration_inputAttacherWheelLoader">
            <configuration name="inputAttacherJoint" index="3"/>
        </configurationSet>
    </configurationSets>
    <attacherJoints>
        <attacherJoint node="0>0|3" jointType="loaderFork" allowsJointLimitMovement="false" allowsLowering="false" rotLimitSpring="7500 7500 7500" rotLimitDamping="2 2 2" transLimitSpring="7500 7500 7500" transLimitDamping="5 5 5">
            <schema position="1 0" rotation="0" invertX="false"/>
        </attacherJoint>
        <attacherJoint node="0>0|4" jointType="loaderFork" allowsJointLimitMovement="false" allowsLowering="false" rotLimitSpring="7500 7500 7500" rotLimitDamping="2 2 2" transLimitSpring="7500 7500 7500" transLimitDamping="5 5 5">
            <schema position="1 0" rotation="0" invertX="false"/>
        </attacherJoint>
    </attacherJoints>
    <animations>
        <animation name="collisione">
            <part node="0>5|0" startTime="0.0" endTime="1.0" startScale="1 1 1" endScale="1 1 0"/>
            <part node="0>5|1" startTime="0.0" endTime="1.0" startScale="1 1 1" endScale="1 1 0"/>
        </animation>
        <animation name="moveSupport">
        </animation>
    </animations>
    <foldable>
        <foldingConfigurations>
            <foldingConfiguration>
                <foldingParts posDirectionText="$l10n_collisioneOff" negDirectionText="$l10n_collisioneOn" turnOnFoldDirection="-1" detachingMinLimit="0" detachingMaxLimit="0.1">
                    <foldingPart animationName="collisione" speedScale="1"/>
                </foldingParts>
            </foldingConfiguration>
        </foldingConfigurations>
    </foldable>
    <dynamicMountAttacher node="0>">
        <mountCollisionMask node="0>5|0" collisionMask="134225920"/>
        <mountCollisionMask node="0>5|1" collisionMask="134225920"/>
    </dynamicMountAttacher>
    <ai>
        <agentAttachment width="1.5" height="1.0" length="1.5" lengthOffset="0.1"/>
    </ai>
    <tensionBeltObject>
        <meshNodes>
            <meshNode node="0>2|1"/>
            <meshNode node="0>3|1"/>
            <meshNode node="0>4|1"/>
            <meshNode node="0>5"/>
        </meshNodes>
    </tensionBeltObject>
    <foliageBending>
        <bendingNode minX="0.5" maxX="-0.5" minZ="0.2" maxZ="-0.2" yOffset="0.02"/>
    </foliageBending>
    <baseMaterial>
        <material name="CSZ_pack_mat" baseNode="0>5">
            <shaderParameter name="colorMat0" material="16" value="1 0 0"/>
        </material>
    </baseMaterial>
    <wearable wearDuration="480" workMultiplier="5" fieldMultiplier="2"/>
    <washable dirtDuration="90" washDuration="1" workMultiplier="6" fieldMultiplier="2"/>
</vehicle>
