﻿<?xml version="1.0" encoding="utf-8" standalone="no" ?>
<vehicle type="implementDynamicMountAttacher" xmlns:xsi="http://www.w3.org/2001/XMLSchema-instance" xsi:noNamespaceSchemaLocation="https://validation.gdn.giants-software.com/xml/schema/vehicle.xsd">
    <annotation>Copyright (C) DD ModPassion, All Rights Reserved.</annotation>
    <storeData>
        <name>$l10n_name_piastraPortaforcheDoppia</name>
        <specs>
            <combination filterCategory="frontLoaderVehicles"/>
        </specs>
        <functions>
            <function>$l10n_function_frontloaderPalletFork</function>
        </functions>
        <storePacks>
            <storePack>STARTER_TRANSPORT</storePack>
        </storePacks>
        <image>image/store_piastraPortaforcheDoppia_frontLoaders.png</image>
        <price>1400</price>
        <lifetime>600</lifetime>
        <rotation>0</rotation>
        <brand>CSZ</brand>
        <category>frontLoaderTools</category>
        <shopDynamicTitle>true</shopDynamicTitle>
        <shopTranslationOffset>0 0.1 0</shopTranslationOffset>
        <shopLoadingDelay initial="0.4"/>
    </storeData>
    <base>
        <typeDesc>$l10n_typeDesc_piastraPortaforcheDoppia</typeDesc>
        <filename>filename/piastraPortaforcheDoppia.i3d</filename>
        <size width="2" length="3"/>
        <components>
            <component centerOfMass="0 0 0.5" solverIterationCount="10" mass="400"/>
            <component solverIterationCount="10" mass="50"/>
            <joint component1="1" component2="2" node="0>5|6" rotLimit="0 0 0" transLimit="0 0 0" rotLimitSpring="300 0 0" rotLimitDamping="30 0 0" rotLimitForceLimit="50 -1 -1"/>
        </components>
        <schemaOverlay attacherJointPosition="0 0" name="IMPLEMENT"/>
        <mapHotspot type="TOOL"/>
    </base>
    <attachable>
        <inputAttacherJointConfigurations>
            <inputAttacherJointConfiguration name="$l10n_configuration_inputAttacherFrontLoader" vehicleBrand="CSZ_frontLoaders" vehicleIcon="image/store_piastraPortaforcheDoppia_frontLoaders.png">
                <objectChange node="0>" massActive="400"/>
                <objectChange node="1>" massActive="50"/>
                <inputAttacherJoint node="0>2|0" jointType="frontloader"/>
                <objectChange node="0>2" scaleActive="1 1 1" visibilityActive="true" scaleInactive="0 0 0" visibilityInactive="false"/>
            </inputAttacherJointConfiguration>
            <inputAttacherJointConfiguration name="$l10n_configuration_inputAttacherTeleLoaders" vehicleBrand="CSZ_teleLoaders" vehicleIcon="image/store_piastraPortaforcheDoppia_teleLoaders.png">
                <objectChange node="0>" massActive="400"/>
                <objectChange node="1>" massActive="50"/>
                <inputAttacherJoint node="0>3|0" jointType="telehandler"/>
                <objectChange node="0>3" scaleActive="1 1 1" visibilityActive="true" scaleInactive="0 0 0" visibilityInactive="false"/>
            </inputAttacherJointConfiguration>
            <inputAttacherJointConfiguration name="$l10n_configuration_inputAttacherWheelLoader" vehicleBrand="CSZ_wheelLoaders" vehicleIcon="image/store_piastraPortaforcheDoppia_wheelLoaders.png">
                <objectChange node="0>" massActive="400"/>
                <objectChange node="1>" massActive="50"/>
                <inputAttacherJoint node="0>4|0" jointType="wheelLoader"/>
                <objectChange node="0>4" scaleActive="1 1 1" visibilityActive="true" scaleInactive="0 0 0" visibilityInactive="false"/>
            </inputAttacherJointConfiguration>
            <inputAttacherJointConfiguration name="$l10n_configuration_inputAttacherFrontLoader" vehicleBrand="CSZ_frontLoaders" vehicleIcon="image/store_piastraPortaforcheDoppiaTronchi_frontLoaders.png">
                <objectChange node="0>" massActive="450"/>
                <objectChange node="1>" massActive="250"/>
                <inputAttacherJoint node="0>2|0" jointType="frontloader"/>
                <objectChange node="0>2" scaleActive="1 1 1" visibilityActive="true" scaleInactive="0 0 0" visibilityInactive="false"/>
            </inputAttacherJointConfiguration>
            <inputAttacherJointConfiguration name="$l10n_configuration_inputAttacherTeleLoaders" vehicleBrand="CSZ_teleLoaders" vehicleIcon="image/store_piastraPortaforcheDoppiaTronchi_teleLoaders.png">
                <objectChange node="0>" massActive="450"/>
                <objectChange node="1>" massActive="250"/>
                <inputAttacherJoint node="0>3|0" jointType="telehandler"/>
                <objectChange node="0>3" scaleActive="1 1 1" visibilityActive="true" scaleInactive="0 0 0" visibilityInactive="false"/>
            </inputAttacherJointConfiguration>
            <inputAttacherJointConfiguration name="$l10n_configuration_inputAttacherWheelLoader" vehicleBrand="CSZ_wheelLoaders" vehicleIcon="image/store_piastraPortaforcheDoppiaTronchi_wheelLoaders.png">
                <objectChange node="0>" massActive="450"/>
                <objectChange node="1>" massActive="250"/>
                <inputAttacherJoint node="0>4|0" jointType="wheelLoader"/>
                <objectChange node="0>4" scaleActive="1 1 1" visibilityActive="true" scaleInactive="0 0 0" visibilityInactive="false"/>
            </inputAttacherJointConfiguration>
        </inputAttacherJointConfigurations>
        <inputAttacherJoints>
            <inputAttacherJoint node="0>0" jointType="loaderFork"/>
            <inputAttacherJoint node="0>0|0" jointType="hookLift"/>
            <inputAttacherJoint node="0>0|1" jointType="hookLift"/>
        </inputAttacherJoints>
        <toolCameras>
            <toolCamera node="0>0|2|1|0" rotatable="true" rotateNode="0>0|2|1" limit="true" useWorldXZRotation="true" rotMinX="-1.4" rotMaxX="1" transMin="1.5" transMax="18" translation="0 0 5.5" rotation="-17.5 180 0">
                <raycastNode node="0>0|2|1"/>
                <raycastNode node="0>0|2|2"/>
                <raycastNode node="0>0|2|3"/>
            </toolCamera>
        </toolCameras>
        <support animationName="moveSupport"/>
    </attachable>
    <configurationSets title="$l10n_configuration_attacherJoint">
        <configurationSet name="$l10n_configuration_inputAttacherFrontLoader">
            <configuration name="inputAttacherJoint" index="1"/>
            <configuration name="vehicleType"        index="1"/>
            <configuration name="attacherJoint"      index="1"/>
        </configurationSet>
        <configurationSet name="$l10n_configuration_inputAttacherTeleLoaders">
            <configuration name="inputAttacherJoint" index="2"/>
            <configuration name="vehicleType"        index="1"/>
            <configuration name="attacherJoint"      index="1"/>
        </configurationSet>
        <configurationSet name="$l10n_configuration_inputAttacherWheelLoader">
            <configuration name="inputAttacherJoint" index="3"/>
            <configuration name="vehicleType"        index="1"/>
            <configuration name="attacherJoint"      index="1"/>
        </configurationSet>
        <configurationSet name="$l10n_configuration_inputAttacherFrontLoader">
            <configuration name="inputAttacherJoint" index="4"/>
            <configuration name="vehicleType"        index="2"/>
            <configuration name="attacherJoint"      index="2"/>
        </configurationSet>
        <configurationSet name="$l10n_configuration_inputAttacherTeleLoaders">
            <configuration name="inputAttacherJoint" index="5"/>
            <configuration name="vehicleType"        index="2"/>
            <configuration name="attacherJoint"      index="2"/>
        </configurationSet>
        <configurationSet name="$l10n_configuration_inputAttacherWheelLoader">
            <configuration name="inputAttacherJoint" index="6"/>
            <configuration name="vehicleType"        index="2"/>
            <configuration name="attacherJoint"      index="2"/>
        </configurationSet>
    </configurationSets>
    <attacherJoints>
        <attacherJointConfigurations title="$l10n_configuration_design">
            <attacherJointConfiguration name="$l10n_name_piastraPortaforcheDoppia" connectionHoseConfigId="1">
                <objectChange node="0>5|1" visibilityActive="false"/>
                <objectChange node="0>5|2" visibilityActive="false"/>
                <objectChange node="0>5|3" visibilityActive="false"/>
                <objectChange node="0>5|4|5|2" visibilityActive="false"/>
                <objectChange node="0>5|5" scaleActive="1 1 1" visibilityActive="true"/>
                <objectChange node="1>" visibilityActive="false"/>
                <objectChange node="1>0" scaleActive="0 0 0" compoundChildActive="true"/>
                <objectChange node="1>1" scaleActive="0 0 0" compoundChildActive="true"/>
                <objectChange node="1>2" scaleActive="0 0 0" compoundChildActive="true"/>
                <objectChange node="1>3" scaleActive="0 0 0" compoundChildActive="true"/>
                <objectChange node="1>4" scaleActive="0 0 0" compoundChildActive="true"/>
                <objectChange node="1>5" scaleActive="0 0 0" compoundChildActive="true"/>
                <objectChange node="1>6" scaleActive="0 0 0" compoundChildActive="true"/>
            </attacherJointConfiguration>
            <attacherJointConfiguration name="$l10n_name_piastraPortaforcheDoppiaTronchi" connectionHoseConfigId="2">
                <objectChange node="0>5|1" visibilityActive="true"/>
                <objectChange node="0>5|2" visibilityActive="true"/>
                <objectChange node="0>5|3" visibilityActive="true"/>
                <objectChange node="0>5|4|5|2" visibilityActive="true"/>
                <objectChange node="0>5|5" scaleActive="1 1 1" visibilityActive="true"/>
                <objectChange node="1>" visibilityActive="true"/>
                <objectChange node="1>0" scaleActive="1 1 1" compoundChildActive="true"/>
                <objectChange node="1>1" scaleActive="1 1 1" compoundChildActive="true"/>
                <objectChange node="1>2" scaleActive="1 1 1" compoundChildActive="true"/>
                <objectChange node="1>3" scaleActive="1 1 1" compoundChildActive="true"/>
                <objectChange node="1>4" scaleActive="1 1 1" compoundChildActive="true"/>
                <objectChange node="1>5" scaleActive="1 1 1" compoundChildActive="true"/>
                <objectChange node="1>6" scaleActive="1 1 1" compoundChildActive="true"/>
            </attacherJointConfiguration>
        </attacherJointConfigurations>
    </attacherJoints>
    <vehicleTypeConfigurations title="$l10n_configuration_design">
        <vehicleTypeConfiguration name="$l10n_name_piastraPortaforcheDoppia" vehicleType="implementDynamicMountAttacher"/>
        <vehicleTypeConfiguration name="$l10n_name_piastraPortaforcheDoppiaTronchi" vehicleType="logGrab"/>
    </vehicleTypeConfigurations>
    <connectionHoses>
        <connectionHoseConfigurations>
            <connectionHoseConfiguration/>
            <connectionHoseConfiguration>
                <hose inputAttacherJointIndices="4" type="hydraulicIn" node="0>5|4|3" adapterNode="0>5|4|5|2|0" length="1.8" diameter="0.02">
                    <objectChange node="0>5|4|5" visibilityActive="false" visibilityInactive="true"/>
                </hose>
                <hose inputAttacherJointIndices="4" type="hydraulicOut" node="0>5|4|4" adapterNode="0>5|4|5|2|1" length="1.85" diameter="0.02"/>
                <localHose>
                    <hose type="hydraulicIn" node="0>5|4|5|0" length="0.4" diameter="0.02" straighteningFactor="2" isTwoPointHose="true"/>
                    <target type="none" node="0>5|4|5|2|0"/>
                </localHose>
                <localHose>
                    <hose type="hydraulicOut" node="0>5|4|5|1" length="0.4" diameter="0.02" straighteningFactor="2.5" isTwoPointHose="true"/>
                    <target type="none" node="0>5|4|5|2|1"/>
                </localHose>
                <localHose>
                    <hose type="hydraulicIn" node="0>5|4|14" length="0.05" diameter="0.02" isTwoPointHose="true"/>
                    <target type="none" node="0>5|1|0|1"/>
                </localHose>
                <localHose>
                    <hose type="hydraulicOut" node="0>5|4|15" length="0.05" diameter="0.02" isTwoPointHose="true"/>
                    <target type="none" node="0>5|1|0|2"/>
                </localHose>
                <localHose>
                    <hose type="hydraulicIn" node="0>5|4|16" length="0.05" diameter="0.02" isTwoPointHose="true"/>
                    <target type="none" node="0>5|1|0|3"/>
                </localHose>
                <localHose>
                    <hose type="hydraulicOut" node="0>5|4|17" length="0.05" diameter="0.02" isTwoPointHose="true"/>
                    <target type="none" node="0>5|1|0|4"/>
                </localHose>
            </connectionHoseConfiguration>
        </connectionHoseConfigurations>
        <hose inputAttacherJointIndices="4" type="hydraulicIn" node="0>5|4|0" adapterNode="0>5|4|2|2|0" length="1" diameter="0.02">
            <objectChange node="0>5|4|2" visibilityActive="false" visibilityInactive="true"/>
        </hose>
        <hose inputAttacherJointIndices="4" type="hydraulicOut" node="0>5|4|1" adapterNode="0>5|4|2|2|1" length="1" diameter="0.02"/>
        <localHose>
            <hose type="hydraulicIn" node="0>5|4|2|0" length="0.4" diameter="0.02" straighteningFactor="2" isTwoPointHose="true"/>
            <target type="none" node="0>5|4|2|2|0"/>
        </localHose>
        <localHose>
            <hose type="hydraulicOut" node="0>5|4|2|1" length="0.4" diameter="0.02" straighteningFactor="2.5" isTwoPointHose="true"/>
            <target type="none" node="0>5|4|2|2|1"/>
        </localHose>
        <localHose>
            <hose type="hydraulicIn" node="0>5|4|6" length="0.05" diameter="0.02" isTwoPointHose="true"/>
            <target type="none" node="0>5|4|8"/>
        </localHose>
        <localHose>
            <hose type="hydraulicOut" node="0>5|4|7" length="0.05" diameter="0.02" isTwoPointHose="true"/>
            <target type="none" node="0>5|4|9"/>
        </localHose>
        <localHose>
            <hose type="hydraulicIn" node="0>5|4|10" length="0.05" diameter="0.02" isTwoPointHose="true"/>
            <target type="none" node="0>5|4|12"/>
        </localHose>
        <localHose>
            <hose type="hydraulicOut" node="0>5|4|11" length="0.05" diameter="0.02" isTwoPointHose="true"/>
            <target type="none" node="0>5|4|13"/>
        </localHose>
    </connectionHoses>
    <animations>
        <animation name="collisione">
            <part node="0>5|0|0|0" startTime="0" endTime="1" startScale="1 1 1" endScale="1 1 0"/>
            <part node="0>5|0|1|0" startTime="0" endTime="1" startScale="1 1 1" endScale="1 1 0"/>
        </animation>
        <animation name="moveSupport">
            <part node="0>5|6" startTime="0" endTime="0.05" endRot="0 0 0"/>
        </animation>
    </animations>
    <foldable>
        <foldingConfigurations>
            <foldingConfiguration>
                <foldingParts posDirectionText="$l10n_collisioneOff" negDirectionText="$l10n_collisioneOn" turnOnFoldDirection="-1" detachingMinLimit="0" detachingMaxLimit="0.1">
                    <foldingPart animationName="collisione" speedScale="1"/>
                </foldingParts>
            </foldingConfiguration>
        </foldingConfigurations>
    </foldable>
    <cylindered>
        <movingTools>
            <movingTool node="0>5|0|0" playSound="true">
                <controls axis="AXIS_FRONTLOADER_TOOL2" invertAxis="true" mouseSpeedFactor="0.5" iconName="TOOL_OPEN_CLOSE"/>
                <translation translationAxis="1" transSpeed="1" transAcceleration="1" transMax="1.05" transMin="0" startTrans="0.5"/>
                <dependentMovingTool node="0>5|0|1" speedScale="-1"/>
            </movingTool>
            <movingTool node="0>5|0|1" playSound="true">
                <translation translationAxis="1" transSpeed="1" transAcceleration="1" transMax="0" transMin="-1.05" startTrans="-0.5"/>
            </movingTool>
            <!-- trattenitore -->
            <movingTool node="0>5|6" playSound="true">
                <controls axis="AXIS_FRONTLOADER_ARM2" invertAxis="true" mouseSpeedFactor="1" iconName="TOOL_OPEN_CLOSE"/>
                <componentJoint index="1" anchorActor="0"/>
                <rotation rotSpeed="100" rotAcceleration="250" rotMax="40" rotMin="-90"/>
            </movingTool>
            <!-- trattenitore -->
        </movingTools>
        <movingParts>
            <movingPart node="0>5|2" referencePoint="1>7" referenceFrame="1>7" limitedAxis="1" isActiveDirty="true" maxUpdateDistance="100"/>
            <movingPart node="0>5|1|0" referencePoint="0>5|2|0" referenceFrame="0>5|2" limitedAxis="1" isActiveDirty="true" maxUpdateDistance="100">
                <translatingPart node="0>5|1|0|0"/>
            </movingPart>
        </movingParts>
        <sounds>
            <actionSound template="hingeMedium" pitchScale="0.6" volumeScale="2" linkNode="0>5|0|0" actionNames="TOOL_MOVE_POS TOOL_MOVE_NEG" nodes="0>5|0|0"/>
            <actionSound template="clackVar6"   pitchScale="1"   volumeScale="1" linkNode="0>5|0|0" actionNames="TOOL_MOVE_END_POS_LIMIT"     nodes="0>5|0|0"/>
            <actionSound template="clackVar6"   pitchScale="0.8" volumeScale="1" linkNode="0>5|0|0" actionNames="TOOL_MOVE_END_NEG_LIMIT"     nodes="0>5|0|0"/>
            <actionSound template="defaultHydraulicSound" pitchScale="0.6" volumeScale="2"   linkNode="0>5|6" actionNames="TOOL_MOVE_POS TOOL_MOVE_NEG" nodes="0>5|6"/>
            <actionSound template="clackVar6"             pitchScale="0.9" volumeScale="1.4" linkNode="0>5|6" actionNames="TOOL_MOVE_END_POS_LIMIT"     nodes="0>5|6"/>
            <actionSound template="cylinderPunch"         pitchScale="2"   volumeScale="0.5" linkNode="0>5|6" actionNames="TOOL_MOVE_END_POS_LIMIT"     nodes="0>5|6"/>
            <actionSound template="clackVar6"             pitchScale="0.8" volumeScale="1.7" linkNode="0>5|6" actionNames="TOOL_MOVE_END_NEG_LIMIT"     nodes="0>5|6"/>
            <actionSound template="thudVar2"              pitchScale="2"   volumeScale="1"   linkNode="0>5|6" actionNames="TOOL_MOVE_END_NEG_LIMIT"     nodes="0>5|6"/>
        </sounds>
    </cylindered>
    <logGrab jointNode="0>" jointRoot="0>">
        <trigger node="0>5|5"/>
        <grab componentJoint="1" axis="3" rotationOffsetThreshold="10" rotationOffsetTime="1000"/>
    </logGrab>
    <dynamicMountAttacher node="0>">
        <mountCollisionMask node="0>5|0|0|0" collisionMask="134225920"/>
        <mountCollisionMask node="0>5|0|1|0" collisionMask="134225920"/>
        <!-- trattenitore -->
        <grab>
            <movingToolActivation node="0>5|6" isInverted="true" openFactor="1"/>
        </grab>
        <!-- trattenitore -->
    </dynamicMountAttacher>
    <ai>
        <agentAttachment width="3" height="1.0" length="1.5" lengthOffset="0.1"/>
    </ai>
    <tensionBeltObject>
        <meshNodes>
            <meshNode node="0>2|1"/>
            <meshNode node="0>3|1"/>
            <meshNode node="0>4|1"/>
            <meshNode node="0>5"/>
            <meshNode node="0>5|0|0"/>
            <meshNode node="0>5|0|1"/>
            <meshNode node="0>5|1|0"/>
            <meshNode node="0>5|1|0|0"/>
            <meshNode node="0>5|2|1"/>
            <meshNode node="0>5|3"/>
        </meshNodes>
    </tensionBeltObject>
    <foliageBending>
        <bendingNode minX="1.2" maxX="-1.2" minZ="0.2" maxZ="-0.2" yOffset="0.02"/>
    </foliageBending>
    <baseMaterial>
        <material name="CSZ_pack_mat" baseNode="0>5">
            <shaderParameter name="colorMat0" material="16" value="1 0 0"/>
        </material>
    </baseMaterial>
    <wearable wearDuration="480" workMultiplier="5" fieldMultiplier="2"/>
    <washable dirtDuration="90" washDuration="1" workMultiplier="6" fieldMultiplier="2"/>
</vehicle>
