﻿<?xml version="1.0" encoding="utf-8" standalone="no" ?>
<vehicle type="implementDynamicMountAttacher" xmlns:xsi="http://www.w3.org/2001/XMLSchema-instance" xsi:noNamespaceSchemaLocation="https://validation.gdn.giants-software.com/xml/schema/vehicle.xsd">
    <annotation>Copyright (C) DD ModPassion, All Rights Reserved.</annotation>
    <storeData>
        <name>$l10n_name_piastraPortaforcheSingola</name>
        <specs>
            <combination filterCategory="frontLoaderVehicles"/>
        </specs>
        <functions>
            <function>$l10n_function_frontloaderPalletFork</function>
        </functions>
        <storePacks>
            <storePack>STARTER_TRANSPORT</storePack>
        </storePacks>
        <image>image/store_piastraPortaforcheSingola_frontLoaders.png</image>
        <price>900</price>
        <lifetime>600</lifetime>
        <rotation>0</rotation>
        <brand>CSZ</brand>
        <category>frontLoaderTools</category>
        <shopDynamicTitle>true</shopDynamicTitle>
        <shopTranslationOffset>0 0.1 0</shopTranslationOffset>
        <shopLoadingDelay initial="0.4"/>
        <shopHeight>1</shopHeight>
    </storeData>
    <base>
        <typeDesc>$l10n_typeDesc_piastraPortaforcheSingola</typeDesc>
        <filename>filename/piastraPortaforcheSingola.i3d</filename>
        <size width="2" length="2"/>
        <components>
            <component centerOfMass="0 0 0.5" solverIterationCount="10" mass="290"/>
            <component solverIterationCount="10" mass="10"/>
            <joint component1="1" component2="2" node="0>0|5" rotLimit="0 0 0" transLimit="0 0 0" transLimitSpring="0 300 0" transLimitDamping="0 30 0" transLimitForceLimit="-1 50 -1"/>
        </components>
        <schemaOverlay attacherJointPosition="0 0" name="IMPLEMENT"/>
        <mapHotspot type="TOOL"/>
    </base>
    <attachable>
        <inputAttacherJointConfigurations>
            <inputAttacherJointConfiguration name="$l10n_configuration_inputAttacherFrontLoader" vehicleBrand="CSZ_frontLoaders" vehicleIcon="image/store_piastraPortaforcheSingola_frontLoaders.png">
                <inputAttacherJoint node="0>2|0" jointType="frontloader"/>
                <objectChange node="1>" massActive="10"/>
                <objectChange node="0>2" scaleActive="1 1 1" visibilityActive="true" scaleInactive="0 0 0" visibilityInactive="false"/>
            </inputAttacherJointConfiguration>
            <inputAttacherJointConfiguration name="$l10n_configuration_inputAttacherTeleLoaders" vehicleBrand="CSZ_teleLoaders" vehicleIcon="image/store_piastraPortaforcheSingola_teleLoaders.png">
                <inputAttacherJoint node="0>3|0" jointType="telehandler"/>
                <objectChange node="1>" massActive="10"/>
                <objectChange node="0>3" scaleActive="1 1 1" visibilityActive="true" scaleInactive="0 0 0" visibilityInactive="false"/>
            </inputAttacherJointConfiguration>
            <inputAttacherJointConfiguration name="$l10n_configuration_inputAttacherWheelLoader" vehicleBrand="CSZ_wheelLoaders" vehicleIcon="image/store_piastraPortaforcheSingola_wheelLoaders.png">
                <inputAttacherJoint node="0>4|0" jointType="wheelLoader"/>
                <objectChange node="1>" massActive="10"/>
                <objectChange node="0>4" scaleActive="1 1 1" visibilityActive="true" scaleInactive="0 0 0" visibilityInactive="false"/>
            </inputAttacherJointConfiguration>
            <inputAttacherJointConfiguration name="$l10n_configuration_inputAttacherFrontLoader" vehicleBrand="CSZ_frontLoaders" vehicleIcon="image/store_piastraPortaforcheSingolaTrattenitoreRidotto_frontLoaders.png">
                <inputAttacherJoint node="0>2|0" jointType="frontloader"/>
                <objectChange node="1>" massActive="160"/>
                <objectChange node="0>2" scaleActive="1 1 1" visibilityActive="true" scaleInactive="0 0 0" visibilityInactive="false"/>
            </inputAttacherJointConfiguration>
            <inputAttacherJointConfiguration name="$l10n_configuration_inputAttacherTeleLoaders" vehicleBrand="CSZ_teleLoaders" vehicleIcon="image/store_piastraPortaforcheSingolaTrattenitoreRidotto_teleLoaders.png">
                <inputAttacherJoint node="0>3|0" jointType="telehandler"/>
                <objectChange node="1>" massActive="160"/>
                <objectChange node="0>3" scaleActive="1 1 1" visibilityActive="true" scaleInactive="0 0 0" visibilityInactive="false"/>
            </inputAttacherJointConfiguration>
            <inputAttacherJointConfiguration name="$l10n_configuration_inputAttacherWheelLoader" vehicleBrand="CSZ_wheelLoaders" vehicleIcon="image/store_piastraPortaforcheSingolaTrattenitoreRidotto_wheelLoaders.png">
                <inputAttacherJoint node="0>4|0" jointType="wheelLoader"/>
                <objectChange node="1>" massActive="160"/>
                <objectChange node="0>4" scaleActive="1 1 1" visibilityActive="true" scaleInactive="0 0 0" visibilityInactive="false"/>
            </inputAttacherJointConfiguration>
            <inputAttacherJointConfiguration name="$l10n_configuration_inputAttacherFrontLoader" vehicleBrand="CSZ_frontLoaders" vehicleIcon="image/store_piastraPortaforcheSingolaTrattenitoreCompleto_frontLoaders.png">
                <inputAttacherJoint node="0>2|0" jointType="frontloader"/>
                <objectChange node="1>" massActive="190"/>
                <objectChange node="0>2" scaleActive="1 1 1" visibilityActive="true" scaleInactive="0 0 0" visibilityInactive="false"/>
            </inputAttacherJointConfiguration>
            <inputAttacherJointConfiguration name="$l10n_configuration_inputAttacherTeleLoaders" vehicleBrand="CSZ_teleLoaders" vehicleIcon="image/store_piastraPortaforcheSingolaTrattenitoreCompleto_teleLoaders.png">
                <inputAttacherJoint node="0>3|0" jointType="telehandler"/>
                <objectChange node="1>" massActive="190"/>
                <objectChange node="0>3" scaleActive="1 1 1" visibilityActive="true" scaleInactive="0 0 0" visibilityInactive="false"/>
            </inputAttacherJointConfiguration>
            <inputAttacherJointConfiguration name="$l10n_configuration_inputAttacherWheelLoader" vehicleBrand="CSZ_wheelLoaders" vehicleIcon="image/store_piastraPortaforcheSingolaTrattenitoreCompleto_wheelLoaders.png">
                <inputAttacherJoint node="0>4|0" jointType="wheelLoader"/>
                <objectChange node="1>" massActive="190"/>
                <objectChange node="0>4" scaleActive="1 1 1" visibilityActive="true" scaleInactive="0 0 0" visibilityInactive="false"/>
            </inputAttacherJointConfiguration>
        </inputAttacherJointConfigurations>
        <inputAttacherJoints>
            <inputAttacherJoint node="0>0" jointType="loaderFork"/>
            <inputAttacherJoint node="0>0|0" jointType="hookLift"/>
            <inputAttacherJoint node="0>0|1" jointType="hookLift"/>
        </inputAttacherJoints>
        <toolCameras>
            <toolCamera node="0>0|2|1|0" rotatable="true" rotateNode="0>0|2|1" limit="true" useWorldXZRotation="true" rotMinX="-1.4" rotMaxX="1" transMin="1.5" transMax="18" translation="0 0 5.5" rotation="-17.5 180 0">
                <raycastNode node="0>0|2|1"/>
                <raycastNode node="0>0|2|2"/>
                <raycastNode node="0>0|2|3"/>
            </toolCamera>
        </toolCameras>
        <support animationName="moveSupport"/>
    </attachable>
    <configurationSets title="$l10n_configuration_attacherJoint">
        <configurationSet name="$l10n_configuration_inputAttacherFrontLoader">
            <configuration name="inputAttacherJoint" index="1"/>
            <configuration name="design"             index="1"/>
            <configuration name="attacherJoint"      index="1"/>
        </configurationSet>
        <configurationSet name="$l10n_configuration_inputAttacherTeleLoaders">
            <configuration name="inputAttacherJoint" index="2"/>
            <configuration name="design"             index="1"/>
            <configuration name="attacherJoint"      index="1"/>
        </configurationSet>
        <configurationSet name="$l10n_configuration_inputAttacherWheelLoader">
            <configuration name="inputAttacherJoint" index="3"/>
            <configuration name="design"             index="1"/>
            <configuration name="attacherJoint"      index="1"/>
        </configurationSet>
        <configurationSet name="$l10n_configuration_inputAttacherFrontLoader">
            <configuration name="inputAttacherJoint" index="4"/>
            <configuration name="design"             index="2"/>
            <configuration name="attacherJoint"      index="2"/>
        </configurationSet>
        <configurationSet name="$l10n_configuration_inputAttacherTeleLoaders">
            <configuration name="inputAttacherJoint" index="5"/>
            <configuration name="design"             index="2"/>
            <configuration name="attacherJoint"      index="2"/>
        </configurationSet>
        <configurationSet name="$l10n_configuration_inputAttacherWheelLoader">
            <configuration name="inputAttacherJoint" index="6"/>
            <configuration name="design"             index="2"/>
            <configuration name="attacherJoint"      index="2"/>
        </configurationSet>
        <configurationSet name="$l10n_configuration_inputAttacherFrontLoader">
            <configuration name="inputAttacherJoint" index="7"/>
            <configuration name="design"             index="3"/>
            <configuration name="attacherJoint"      index="2"/>
        </configurationSet>
        <configurationSet name="$l10n_configuration_inputAttacherTeleLoaders">
            <configuration name="inputAttacherJoint" index="8"/>
            <configuration name="design"             index="3"/>
            <configuration name="attacherJoint"      index="2"/>
        </configurationSet>
        <configurationSet name="$l10n_configuration_inputAttacherWheelLoader">
            <configuration name="inputAttacherJoint" index="9"/>
            <configuration name="design"             index="3"/>
            <configuration name="attacherJoint"      index="2"/>
        </configurationSet>
    </configurationSets>
    <designConfigurations>
        <designConfiguration name="$l10n_configuration_valueNo"/>
        <designConfiguration name="$l10n_configuration_valueSmall">
            <objectChange node="0>5|1|0|0" visibilityActive="true" visibilityInactive="false"/>
            <objectChange node="1>0|0|0|0" scaleActive="1 1 1" compoundChildActive="true" scaleInactive="0 0 0" compoundChildInactive="false"/>
        </designConfiguration>
        <designConfiguration name="$l10n_configuration_valueBig">
            <objectChange node="0>5|1|0|1" visibilityActive="true" visibilityInactive="false"/>
            <objectChange node="1>0|0|0|1" scaleActive="1 1 1" compoundChildActive="true" scaleInactive="0 0 0" compoundChildInactive="false"/>
        </designConfiguration>
    </designConfigurations>
    <attacherJoints>
        <attacherJointConfigurations title="$l10n_configuration_design">
            <attacherJointConfiguration name="$l10n_name_piastraPortaforcheSingola" connectionHoseConfigId="1">
                <objectChange node="0>5|1" visibilityActive="false"/>
                <objectChange node="0>5|2|5|2" visibilityActive="false"/>
                <objectChange node="0>5|1|1|0" scaleActive="0 0 0" compoundChildActive="true"/>
                <objectChange node="1>0|0|0" scaleActive="0 0 0" compoundChildActive="true"/>
                <objectChange node="1>0|0|0|0" scaleActive="0 0 0" compoundChildActive="true"/>
                <objectChange node="1>0|0|0|1" scaleActive="0 0 0" compoundChildActive="true"/>
            </attacherJointConfiguration>
            <attacherJointConfiguration name="$l10n_name_piastraPortaforcheSingolaTrattenitore" connectionHoseConfigId="2">
                <objectChange node="0>5|1" visibilityActive="true"/>
                <objectChange node="0>5|2|5|2" visibilityActive="true"/>
                <objectChange node="0>5|1|1|0" scaleActive="1 1 1" compoundChildActive="true"/>
                <objectChange node="1>0|0|0" scaleActive="1 1 1" compoundChildActive="true"/>
            </attacherJointConfiguration>
        </attacherJointConfigurations>
        <attacherJoint node="0>0|6" jointType="loaderFork" allowsJointLimitMovement="false" allowsLowering="false" rotLimitSpring="7500 7500 7500" rotLimitDamping="2 2 2" transLimitSpring="7500 7500 7500" transLimitDamping="5 5 5">
            <schema position="1 0" rotation="0" invertX="false"/>
        </attacherJoint>
        <attacherJoint node="0>0|7" jointType="loaderFork" allowsJointLimitMovement="false" allowsLowering="false" rotLimitSpring="7500 7500 7500" rotLimitDamping="2 2 2" transLimitSpring="7500 7500 7500" transLimitDamping="5 5 5">
            <schema position="1 0" rotation="0" invertX="false"/>
        </attacherJoint>
    </attacherJoints>
    <connectionHoses>
        <connectionHoseConfigurations>
            <connectionHoseConfiguration/>
            <connectionHoseConfiguration>
                <hose inputAttacherJointIndices="4" type="hydraulicIn" node="0>5|2|3" adapterNode="0>5|2|5|2|0" length="1.8" diameter="0.02">
                    <objectChange node="0>5|2|5" visibilityActive="false" visibilityInactive="true"/>
                </hose>
                <hose inputAttacherJointIndices="4" type="hydraulicOut" node="0>5|2|4" adapterNode="0>5|2|5|2|1" length="1.85" diameter="0.02"/>
                <localHose>
                    <hose type="hydraulicIn" node="0>5|2|5|0" length="0.4" diameter="0.02" straighteningFactor="2" isTwoPointHose="true"/>
                    <target type="none" node="0>5|2|5|2|0"/>
                </localHose>
                <localHose>
                    <hose type="hydraulicOut" node="0>5|2|5|1" length="0.4" diameter="0.02" straighteningFactor="2.5" isTwoPointHose="true"/>
                    <target type="none" node="0>5|2|5|2|1"/>
                </localHose>
            </connectionHoseConfiguration>
        </connectionHoseConfigurations>
        <hose inputAttacherJointIndices="4" type="hydraulicIn" node="0>5|2|0" adapterNode="0>5|2|2|2|0" length="1" diameter="0.02">
            <objectChange node="0>5|2|2" visibilityActive="false" visibilityInactive="true"/>
        </hose>
        <hose inputAttacherJointIndices="4" type="hydraulicOut" node="0>5|2|1" adapterNode="0>5|2|2|2|1" length="1" diameter="0.02"/>
        <localHose>
            <hose type="hydraulicIn" node="0>5|2|2|0" length="0.4" diameter="0.02" straighteningFactor="2" isTwoPointHose="true"/>
            <target type="none" node="0>5|2|2|2|0"/>
        </localHose>
        <localHose>
            <hose type="hydraulicOut" node="0>5|2|2|1" length="0.4" diameter="0.02" straighteningFactor="2.5" isTwoPointHose="true"/>
            <target type="none" node="0>5|2|2|2|1"/>
        </localHose>
        <localHose>
            <hose type="hydraulicIn" node="0>5|2|6" length="0.05" diameter="0.02" isTwoPointHose="true"/>
            <target type="none" node="0>5|2|8"/>
        </localHose>
        <localHose>
            <hose type="hydraulicOut" node="0>5|2|7" length="0.05" diameter="0.02" isTwoPointHose="true"/>
            <target type="none" node="0>5|2|9"/>
        </localHose>
        <localHose>
            <hose type="hydraulicIn" node="0>5|2|10" length="0.05" diameter="0.02" isTwoPointHose="true"/>
            <target type="none" node="0>5|2|12"/>
        </localHose>
        <localHose>
            <hose type="hydraulicOut" node="0>5|2|11" length="0.05" diameter="0.02" isTwoPointHose="true"/>
            <target type="none" node="0>5|2|13"/>
        </localHose>
    </connectionHoses>
    <animations>
        <animation name="collisione">
            <part node="0>5|0|0|0" startTime="0" endTime="1" startScale="1 1 1" endScale="1 1 0"/>
            <part node="0>5|0|1|0" startTime="0" endTime="1" startScale="1 1 1" endScale="1 1 0"/>
        </animation>
        <animation name="moveSupport">
        </animation>
    </animations>
    <foldable>
        <foldingConfigurations>
            <foldingConfiguration>
                <foldingParts posDirectionText="$l10n_collisioneOff" negDirectionText="$l10n_collisioneOn" turnOnFoldDirection="-1" detachingMinLimit="0" detachingMaxLimit="0.1">
                    <foldingPart animationName="collisione" speedScale="1"/>
                </foldingParts>
            </foldingConfiguration>
        </foldingConfigurations>
    </foldable>
    <cylindered>
        <movingTools>
            <movingTool node="0>5|0|0" playSound="true">
                <controls axis="AXIS_FRONTLOADER_TOOL2" invertAxis="true" mouseSpeedFactor="0.5" iconName="TOOL_OPEN_CLOSE"/>
                <translation translationAxis="1" transSpeed="1" transAcceleration="1" transMax="0.45" transMin="0" startTrans="0.2"/>
                <dependentMovingTool node="0>5|0|1" speedScale="-1"/>
            </movingTool>
            <movingTool node="0>5|0|1" playSound="true">
                <translation translationAxis="1" transSpeed="1" transAcceleration="1" transMax="0" transMin="-0.45" startTrans="-0.2"/>
            </movingTool>
            <!-- trattenitore -->
            <movingTool node="0>0|5" playSound="true">
                <controls axis="AXIS_FRONTLOADER_ARM2" invertAxis="false" mouseSpeedFactor="0.5" iconName="CRANE_ARM2_TRANSLATE"/>
                <componentJoint index="1" anchorActor="0"/>
                <translation translationAxis="2" transSpeed="1" transAcceleration="100" transMax="1.2" transMin="0"/>
            </movingTool>
            <!-- trattenitore -->
        </movingTools>
        <movingParts>
            <movingPart node="0>5|1|0" referencePoint="1>1" referenceFrame="1>1" limitedAxis="2" isActiveDirty="true" maxUpdateDistance="100" moveToReferenceFrame="true"/>
        </movingParts>
        <sounds>
            <actionSound template="hingeMedium" pitchScale="0.6" volumeScale="2" linkNode="0>5|0|0" actionNames="TOOL_MOVE_POS TOOL_MOVE_NEG" nodes="0>5|0|0"/>
            <actionSound template="clackVar6"   pitchScale="1"   volumeScale="1" linkNode="0>5|0|0" actionNames="TOOL_MOVE_END_POS_LIMIT"     nodes="0>5|0|0"/>
            <actionSound template="clackVar6"   pitchScale="0.8" volumeScale="1" linkNode="0>5|0|0" actionNames="TOOL_MOVE_END_NEG_LIMIT"     nodes="0>5|0|0"/>
            <actionSound template="defaultHydraulicSound" pitchScale="0.6" volumeScale="2"   linkNode="0>0|5" actionNames="TOOL_MOVE_POS TOOL_MOVE_NEG" nodes="0>0|5"/>
            <actionSound template="clackVar6"             pitchScale="0.9" volumeScale="1.4" linkNode="0>0|5" actionNames="TOOL_MOVE_END_POS_LIMIT"     nodes="0>0|5"/>
            <actionSound template="cylinderPunch"         pitchScale="2"   volumeScale="0.5" linkNode="0>0|5" actionNames="TOOL_MOVE_END_POS_LIMIT"     nodes="0>0|5"/>
            <actionSound template="clackVar6"             pitchScale="0.8" volumeScale="1.7" linkNode="0>0|5" actionNames="TOOL_MOVE_END_NEG_LIMIT"     nodes="0>0|5"/>
            <actionSound template="thudVar2"              pitchScale="2"   volumeScale="1"   linkNode="0>0|5" actionNames="TOOL_MOVE_END_NEG_LIMIT"     nodes="0>0|5"/>
        </sounds>
    </cylindered>
    <dynamicMountAttacher node="0>">
        <mountCollisionMask node="0>5|0|0|0" collisionMask="134225920"/>
        <mountCollisionMask node="0>5|0|1|0" collisionMask="134225920"/>
        <!-- trattenitore -->
        <grab>
            <movingToolActivation node="0>0|5" isInverted="true" openFactor="1"/>
        </grab>
        <!-- trattenitore -->
    </dynamicMountAttacher>
    <ai>
        <agentAttachment width="1.5" height="1.0" length="1.5" lengthOffset="0.1"/>
    </ai>
    <tensionBeltObject>
        <meshNodes>
            <meshNode node="0>2|1"/>
            <meshNode node="0>3|1"/>
            <meshNode node="0>4|1"/>
            <meshNode node="0>5"/>
            <meshNode node="0>5|0|0"/>
            <meshNode node="0>5|0|1"/>
            <meshNode node="0>5|1|0"/>
            <meshNode node="0>5|1|0|0"/>
            <meshNode node="0>5|1|0|1"/>
            <meshNode node="0>5|1|1"/>
        </meshNodes>
    </tensionBeltObject>
    <foliageBending>
        <bendingNode minX="0.5" maxX="-0.5" minZ="0.2" maxZ="-0.2" yOffset="0.02"/>
    </foliageBending>
    <baseMaterial>
        <material name="CSZ_pack_mat" baseNode="0>5">
            <shaderParameter name="colorMat0" material="16" value="1 0 0"/>
        </material>
    </baseMaterial>
    <wearable wearDuration="480" workMultiplier="5" fieldMultiplier="2"/>
    <washable dirtDuration="90" washDuration="1" workMultiplier="6" fieldMultiplier="2"/>
</vehicle>
