﻿<?xml version="1.0" encoding="utf-8" standalone="no" ?>
<vehicle type="baleGrab" xmlns:xsi="http://www.w3.org/2001/XMLSchema-instance" xsi:noNamespaceSchemaLocation="https://validation.gdn.giants-software.com/xml/schema/vehicle.xsd">
    <annotation>Copyright (C) DD ModPassion, All Rights Reserved.</annotation>
    <storeData>
        <name>$l10n_name_pinzaFasciati</name>
        <specs>
            <combination filterCategory="frontLoaderVehicles"/>
        </specs>
        <functions>
            <function>$l10n_function_frontloaderBaleFork</function>
            <function>$l10n_posizioneBalle</function>
            <function>$l10n_fillType_roundBaleP</function>
        </functions>
        <storePacks>
            <storePack>STARTER_HAY</storePack>
            <storePack>STARTER_FORAGE</storePack>
        </storePacks>
        <image>image/store_pinzaFasciati_frontLoaders.png</image>
        <price>2800</price>
        <lifetime>600</lifetime>
        <rotation>0</rotation>
        <brand>CSZ</brand>
        <category>frontLoaderTools</category>
        <shopDynamicTitle>true</shopDynamicTitle>
        <shopTranslationOffset>0 0.1 0</shopTranslationOffset>
        <shopLoadingDelay initial="0.4"/>
        <vertexBufferMemoryUsage>361216</vertexBufferMemoryUsage>
        <indexBufferMemoryUsage>78848</indexBufferMemoryUsage>
        <textureMemoryUsage>458752</textureMemoryUsage>
        <audioMemoryUsage>0</audioMemoryUsage>
        <instanceVertexBufferMemoryUsage>0</instanceVertexBufferMemoryUsage>
        <instanceIndexBufferMemoryUsage>0</instanceIndexBufferMemoryUsage>
    </storeData>
    <base>
        <typeDesc>$l10n_typeDesc_pinzaFasciati</typeDesc>
        <filename>filename/pinzaFasciati.i3d</filename>
        <size width="2" length="2"/>
        <components>
            <component centerOfMass="0 0.2 0" solverIterationCount="20" mass="200"/>
            <component solverIterationCount="15" mass="40"/>
            <component solverIterationCount="15" mass="40"/>
            <joint component1="1" component2="2" node="0>5|5" rotLimit="0 0 0" transLimit="0 0 0" rotLimitSpring="0 180 0" rotLimitDamping="0 10 0" rotLimitForceLimit="-1 10 -1"/>
            <joint component1="1" component2="3" node="0>5|6" rotLimit="0 0 0" transLimit="0 0 0" rotLimitSpring="0 180 0" rotLimitDamping="0 10 0" rotLimitForceLimit="-1 10 -1"/>
        </components>
        <schemaOverlay attacherJointPosition="0 0" name="IMPLEMENT"/>
        <mapHotspot type="TOOL"/>
    </base>
    <attachable>
        <inputAttacherJointConfigurations>
            <inputAttacherJointConfiguration name="$l10n_configuration_inputAttacherFrontLoader" vehicleBrand="CSZ_frontLoaders" vehicleIcon="image/store_pinzaFasciati_frontLoaders.png">
                <inputAttacherJoint node="0>2|0" jointType="frontloader"/>
                <objectChange node="0>2" scaleActive="1 1 1" visibilityActive="true" scaleInactive="0 0 0" visibilityInactive="false"/>
            </inputAttacherJointConfiguration>
            <inputAttacherJointConfiguration name="$l10n_configuration_inputAttacherTeleLoaders" vehicleBrand="CSZ_teleLoaders" vehicleIcon="image/store_pinzaFasciati_teleLoaders.png">
                <inputAttacherJoint node="0>3|0" jointType="telehandler"/>
                <objectChange node="0>3" scaleActive="1 1 1" visibilityActive="true" scaleInactive="0 0 0" visibilityInactive="false"/>
            </inputAttacherJointConfiguration>
            <inputAttacherJointConfiguration name="$l10n_configuration_inputAttacherWheelLoader" vehicleBrand="CSZ_wheelLoaders" vehicleIcon="image/store_pinzaFasciati_wheelLoaders.png">
                <inputAttacherJoint node="0>4|0" jointType="wheelLoader"/>
                <objectChange node="0>4" scaleActive="1 1 1" visibilityActive="true" scaleInactive="0 0 0" visibilityInactive="false"/>
            </inputAttacherJointConfiguration>
        </inputAttacherJointConfigurations>
        <inputAttacherJoints>
            <inputAttacherJoint node="0>0" jointType="loaderFork"/>
            <inputAttacherJoint node="0>0|0" jointType="hookLift"/>
            <inputAttacherJoint node="0>0|1" jointType="hookLift"/>
        </inputAttacherJoints>
        <toolCameras>
            <toolCamera node="0>0|2|1|0" rotatable="true" rotateNode="0>0|2|1" limit="true" useWorldXZRotation="true" rotMinX="-1.4" rotMaxX="1" transMin="1.5" transMax="18" translation="0 0 5.5" rotation="-17.5 180 0">
                <raycastNode node="0>0|2|1"/>
                <raycastNode node="0>0|2|2"/>
                <raycastNode node="0>0|2|3"/>
            </toolCamera>
        </toolCameras>
    </attachable>
    <configurationSets title="$l10n_configuration_attacherJoint">
        <configurationSet name="$l10n_configuration_inputAttacherFrontLoader">
            <configuration name="inputAttacherJoint" index="1"/>
        </configurationSet>
        <configurationSet name="$l10n_configuration_inputAttacherTeleLoaders">
            <configuration name="inputAttacherJoint" index="2"/>
        </configurationSet>
        <configurationSet name="$l10n_configuration_inputAttacherWheelLoader">
            <configuration name="inputAttacherJoint" index="3"/>
        </configurationSet>
    </configurationSets>
     <connectionHoses>
        <hose inputAttacherJointIndices="4" type="hydraulicIn" node="0>5|3|0" adapterNode="0>5|3|2|2|0" length="1" diameter="0.02">
            <objectChange node="0>5|3|2" visibilityActive="false" visibilityInactive="true"/>
        </hose>
        <hose inputAttacherJointIndices="4" type="hydraulicOut" node="0>5|3|1" adapterNode="0>5|3|2|2|1" length="1" diameter="0.02"/>
        <localHose>
            <hose type="hydraulicIn" node="0>5|3|2|0" length="0.4" diameter="0.02" straighteningFactor="2" isTwoPointHose="true"/>
            <target type="none" node="0>5|3|2|2|0" straighteningFactor="2"/>
        </localHose>
        <localHose>
            <hose type="hydraulicOut" node="0>5|3|2|1" length="0.4" diameter="0.02" straighteningFactor="2.5" isTwoPointHose="true"/>
            <target type="none" node="0>5|3|2|2|1" straighteningFactor="2"/>
        </localHose>
        <localHose>
            <hose type="hydraulicIn" node="0>5|3|3" length="0.05" diameter="0.02" isTwoPointHose="true"/>
            <target type="none" node="0>5|1|0|0|1"/>
        </localHose>
        <localHose>
            <hose type="hydraulicOut" node="0>5|3|4" length="0.05" diameter="0.02" isTwoPointHose="true"/>
            <target type="none" node="0>5|1|0|0|2"/>
        </localHose>
    </connectionHoses>
    <cylindered>
        <movingTools>
            <movingTool node="0>5|5" playSound="true">
                <controls axis="AXIS_FRONTLOADER_TOOL2" invertAxis="true" mouseSpeedFactor="1" iconName="TOOL_OPEN_CLOSE"/>
                <rotation rotationAxis="2" rotSpeed="70" rotAcceleration="250" rotMax="45" rotMin="0"/>
                <componentJoint index="2" anchorActor="0"/>
                <dependentMovingTool node="0>5|6" speedScale="-1"/>
            </movingTool>
            <movingTool node="0>5|6" playSound="true">
                <rotation rotationAxis="2" rotSpeed="70" rotAcceleration="250" rotMax="0" rotMin="-45"/>
                <componentJoint index="1" anchorActor="0"/>
            </movingTool>
        </movingTools>
        <movingParts>
            <movingPart node="0>5|0" referencePoint="1>2" referenceFrame="1>2" limitedAxis="2" isActiveDirty="true" maxUpdateDistance="50">
                <dependentPart node="0>5|1|0|0"/>
            </movingPart>
            <movingPart node="0>5|1" referencePoint="2>2" referenceFrame="2>2" limitedAxis="2" isActiveDirty="true" maxUpdateDistance="50">
                <dependentPart node="0>5|1|0|0"/>
            </movingPart>
            <movingPart node="0>5|1|0|0" referencePoint="0>5|0|0" referenceFrame="0>5" limitedAxis="2">
                <translatingPart node="0>5|1|0|0|0"/>
            </movingPart>
        </movingParts>
        <sounds>
            <actionSound template="defaultHydraulicSound" pitchScale="0.6" volumeScale="2"   linkNode="0>5|5" actionNames="TOOL_MOVE_POS TOOL_MOVE_NEG" nodes="0>5|5"/>
            <actionSound template="clackVar6"             pitchScale="0.9" volumeScale="1.4" linkNode="0>5|5" actionNames="TOOL_MOVE_END_POS_LIMIT"     nodes="0>5|5"/>
            <actionSound template="cylinderPunch"         pitchScale="2"   volumeScale="0.5" linkNode="0>5|5" actionNames="TOOL_MOVE_END_POS_LIMIT"     nodes="0>5|5"/>
            <actionSound template="clackVar6"             pitchScale="0.8" volumeScale="1.7" linkNode="0>5|5" actionNames="TOOL_MOVE_END_NEG_LIMIT"     nodes="0>5|5"/>
            <actionSound template="thudVar2"              pitchScale="2"   volumeScale="1"   linkNode="0>5|5" actionNames="TOOL_MOVE_END_NEG_LIMIT"     nodes="0>5|5"/>
        </sounds>
    </cylindered>
    <baleGrab triggerNode="0>5|4" rootNode="0>" jointNode="0>5|4" jointType="TYPE_AUTO_ATTACH_XYZ" forceAcceleration="30" grabRefComponentJointIndex1="0" grabRefComponentJointIndex2="1" rotDiffThreshold1="4" rotDiffThreshold2="-4"/>
    <ai>
        <agentAttachment width="1.5" height="1.0" length="1.5" lengthOffset="0.1"/>
    </ai>
    <tensionBeltObject>
        <meshNodes>
            <meshNode node="0>2|1"/>
            <meshNode node="0>3|1"/>
            <meshNode node="0>4|1"/>
            <meshNode node="0>5"/>
            <meshNode node="0>5|0|1"/>
            <meshNode node="0>5|1|0|0"/>
            <meshNode node="0>5|1|0|0|0"/>
            <meshNode node="0>5|1|1"/>
        </meshNodes>
    </tensionBeltObject>
    <foliageBending>
        <bendingNode minX="0.5" maxX="-0.5" minZ="0.5" maxZ="-0.5" yOffset="0.02"/>
    </foliageBending>
    <baseMaterial>
        <material name="CSZ_pack_mat" baseNode="0>5">
            <shaderParameter name="colorMat0" material="16" value="1 0 0"/>
        </material>
    </baseMaterial>
    <wearable wearDuration="480" workMultiplier="5" fieldMultiplier="2"/>
    <washable dirtDuration="90" washDuration="1" workMultiplier="6" fieldMultiplier="2"/>
</vehicle>
