﻿<?xml version="1.0" encoding="utf-8" standalone="no" ?>
<vehicle type="baleLoader" xmlns:xsi="http://www.w3.org/2001/XMLSchema-instance" xsi:noNamespaceSchemaLocation="https://validation.gdn.giants-software.com/xml/schema/vehicle.xsd">
    <annotation>Copyright (C) DD ModPassion, All Rights Reserved.</annotation>
    <storeData>
        <name>$l10n_name_pinzaMordenteDentiLunghi</name>
        <specs>
            <combination filterCategory="frontLoaderVehicles"/>
        </specs>
        <functions>
            <function>$l10n_function_frontloaderBaleFork</function>
            <function>$l10n_posizioneBalle</function>
            <function>$l10n_fillType_roundBaleP</function>
        </functions>
        <storePacks>
            <storePack>STARTER_HAY</storePack>
            <storePack>STARTER_FORAGE</storePack>
        </storePacks>
        <image>image/store_pinzaMordenteDentiLunghi_frontLoaders.png</image>
        <price>3300</price>
        <lifetime>600</lifetime>
        <rotation>0</rotation>
        <brand>CSZ</brand>
        <category>frontLoaderTools</category>
        <shopDynamicTitle>true</shopDynamicTitle>
        <shopTranslationOffset>0 0.1 0</shopTranslationOffset>
        <shopLoadingDelay initial="0.4"/>
        <vertexBufferMemoryUsage>398848</vertexBufferMemoryUsage>
        <indexBufferMemoryUsage>69632</indexBufferMemoryUsage>
        <textureMemoryUsage>458752</textureMemoryUsage>
        <audioMemoryUsage>0</audioMemoryUsage>
        <instanceVertexBufferMemoryUsage>0</instanceVertexBufferMemoryUsage>
        <instanceIndexBufferMemoryUsage>0</instanceIndexBufferMemoryUsage>
    </storeData>
    <base>
        <typeDesc>$l10n_typeDesc_pinzaMordenteDentiLunghi</typeDesc>
        <filename>filename/pinzaMordenteDentiLunghi.i3d</filename>
        <size width="2.5" length="2.5"/>
        <components>
            <component centerOfMass="0 0.2 0" solverIterationCount="20" mass="250"/>
            <component solverIterationCount="15" mass="40"/>
            <component solverIterationCount="15" mass="40"/>
            <joint component1="1" component2="2" node="0>5|5" rotLimit="0 0 0" transLimit="0 0 0" rotLimitSpring="0 180 0" rotLimitDamping="0 10 0" rotLimitForceLimit="-1 50 -1"/>
            <joint component1="1" component2="3" node="0>5|6" rotLimit="0 0 0" transLimit="0 0 0" rotLimitSpring="0 180 0" rotLimitDamping="0 10 0" rotLimitForceLimit="-1 50 -1"/>
        </components>
        <schemaOverlay attacherJointPosition="0 0" name="IMPLEMENT"/>
        <mapHotspot type="TOOL"/>
        <objectChanges>
            <objectChange node="0>6|3|0" translationActive="0 0.40 0.575" rotationActive="90 0 0"/>
            <objectChange node="0>6|3|1" translationActive="0 1.55 0.575" rotationActive="90 0 0"/>
            <objectChange node="0>6|3|2" translationActive="0 2.70 0.575" rotationActive="90 0 0"/>
            <objectChange node="0>6|4|0" translationActive="0 0.40 0.675" rotationActive="90 0 0"/>
            <objectChange node="0>6|4|1" translationActive="0 1.55 0.675" rotationActive="90 0 0"/>
            <objectChange node="0>6|4|2" translationActive="0 2.70 0.675" rotationActive="90 0 0"/>
            <objectChange node="0>6|5|0" translationActive="0 0.40 0.825" rotationActive="90 0 0"/>
            <objectChange node="0>6|5|1" translationActive="0 1.55 0.825" rotationActive="90 0 0"/>
            <objectChange node="0>6|5|2" translationActive="0 2.70 0.825" rotationActive="90 0 0"/>
        </objectChanges>
    </base>
    <attachable>
        <inputAttacherJointConfigurations>
            <inputAttacherJointConfiguration name="$l10n_configuration_inputAttacherFrontLoader" vehicleBrand="CSZ_frontLoaders" vehicleIcon="image/store_pinzaMordenteDentiLunghi_frontLoaders.png">
                <inputAttacherJoint node="0>2|0" jointType="frontloader"/>
                <objectChange node="0>2" scaleActive="1 1 1" visibilityActive="true" scaleInactive="0 0 0" visibilityInactive="false"/>
            </inputAttacherJointConfiguration>
            <inputAttacherJointConfiguration name="$l10n_configuration_inputAttacherTeleLoaders" vehicleBrand="CSZ_teleLoaders" vehicleIcon="image/store_pinzaMordenteDentiLunghi_teleLoaders.png">
                <inputAttacherJoint node="0>3|0" jointType="telehandler"/>
                <objectChange node="0>3" scaleActive="1 1 1" visibilityActive="true" scaleInactive="0 0 0" visibilityInactive="false"/>
            </inputAttacherJointConfiguration>
            <inputAttacherJointConfiguration name="$l10n_configuration_inputAttacherWheelLoader" vehicleBrand="CSZ_wheelLoaders" vehicleIcon="image/store_pinzaMordenteDentiLunghi_wheelLoaders.png">
                <inputAttacherJoint node="0>4|0" jointType="wheelLoader"/>
                <objectChange node="0>4" scaleActive="1 1 1" visibilityActive="true" scaleInactive="0 0 0" visibilityInactive="false"/>
            </inputAttacherJointConfiguration>
        </inputAttacherJointConfigurations>
        <inputAttacherJoints>
            <inputAttacherJoint node="0>0" jointType="loaderFork"/>
            <inputAttacherJoint node="0>0|0" jointType="hookLift"/>
            <inputAttacherJoint node="0>0|1" jointType="hookLift"/>
        </inputAttacherJoints>
        <toolCameras>
            <toolCamera node="0>0|2|1|0" rotatable="true" rotateNode="0>0|2|1" limit="true" useWorldXZRotation="true" rotMinX="-1.4" rotMaxX="1" transMin="1.5" transMax="18" translation="0 0 5.5" rotation="-17.5 180 0">
                <raycastNode node="0>0|2|1"/>
                <raycastNode node="0>0|2|2"/>
                <raycastNode node="0>0|2|3"/>
            </toolCamera>
        </toolCameras>
        <support animationName="moveSupport"/>
    </attachable>
    <configurationSets title="$l10n_configuration_attacherJoint">
        <configurationSet name="$l10n_configuration_inputAttacherFrontLoader">
            <configuration name="inputAttacherJoint" index="1"/>
        </configurationSet>
        <configurationSet name="$l10n_configuration_inputAttacherTeleLoaders">
            <configuration name="inputAttacherJoint" index="2"/>
        </configurationSet>
        <configurationSet name="$l10n_configuration_inputAttacherWheelLoader">
            <configuration name="inputAttacherJoint" index="3"/>
        </configurationSet>
    </configurationSets>
     <connectionHoses>
        <hose inputAttacherJointIndices="4" type="hydraulicIn" node="0>5|3|0" adapterNode="0>5|3|2|2|0" length="1" diameter="0.02">
            <objectChange node="0>5|3|2" visibilityActive="false" visibilityInactive="true"/>
        </hose>
        <hose inputAttacherJointIndices="4" type="hydraulicOut" node="0>5|3|1" adapterNode="0>5|3|2|2|1" length="1" diameter="0.02"/>
        <localHose>
            <hose type="hydraulicIn" node="0>5|3|2|0" length="0.4" diameter="0.02" straighteningFactor="2" isTwoPointHose="true"/>
            <target type="none" node="0>5|3|2|2|0"/>
        </localHose>
        <localHose>
            <hose type="hydraulicOut" node="0>5|3|2|1" length="0.4" diameter="0.02" straighteningFactor="2.5" isTwoPointHose="true"/>
            <target type="none" node="0>5|3|2|2|1"/>
        </localHose>
        <localHose>
            <hose type="hydraulicIn" node="0>5|3|3" length="0.05" diameter="0.02" isTwoPointHose="true"/>
            <target type="none" node="0>5|0|0|0|1"/>
        </localHose>
        <localHose>
            <hose type="hydraulicOut" node="0>5|3|4" length="0.05" diameter="0.02" isTwoPointHose="true"/>
            <target type="none" node="0>5|0|0|0|2"/>
        </localHose>
        <localHose>
            <hose type="hydraulicIn" node="0>5|3|5" length="0.05" diameter="0.02" isTwoPointHose="true"/>
            <target type="none" node="0>5|0|1|0|1"/>
        </localHose>
        <localHose>
            <hose type="hydraulicOut" node="0>5|3|6" length="0.05" diameter="0.02" isTwoPointHose="true"/>
            <target type="none" node="0>5|0|1|0|2"/>
        </localHose>
    </connectionHoses>
    <animations>
        <animation name="folding">
            <part node="0>5|5" startTime="0" endTime="0.5" startRot="0 61 0" endRot="0 0 0"/>
            <part node="0>5|6" startTime="0" endTime="0.5" startRot="0 -61 0" endRot="0 0 0"/>
        </animation>
        <animation name="releaseFrontplattform" resetOnStart="true">
            <part node="0>5|5" startTime="0" endTime="0.5" endRot="0 61 0"/>
            <part node="0>5|6" startTime="0" endTime="0.5" endRot="0 -61 0"/>
        </animation>
        <animation name="emptyRotate130">
            <part node="0>5|5" startTime="0" endTime="0.5" startRot="0 61 0" endRot="0 25 0"/>
            <part node="0>5|6" startTime="0" endTime="0.5" startRot="0 -61 0" endRot="0 -25 0"/>
        </animation>
        <animation name="emptyRotate150">
            <part node="0>5|5" startTime="0" endTime="0.5" startRot="0 61 0" endRot="0 37.5 0"/>
            <part node="0>5|6" startTime="0" endTime="0.5" startRot="0 -61 0" endRot="0 -37.5 0"/>
        </animation>
        <animation name="emptyRotate180">
            <part node="0>5|5" startTime="0" endTime="0.5" startRot="0 61 0" endRot="0 45 0"/>
            <part node="0>5|6" startTime="0" endTime="0.5" startRot="0 -61 0" endRot="0 -45 0"/>
        </animation>
        <animation name="moveSupport">
            <part node="0>5|2" startTime="0" endTime="0.5" startTrans="0 0.45 0" endTrans="0 0 0"/>
            <part node="1>0|0" startTime="0" endTime="0.5" startScale="0 0 0" endScale="1 1 1"/>
            <part node="1>0|1" startTime="0" endTime="0.5" startScale="0 0 0" endScale="1 1 1"/>
            <part node="1>0|2" startTime="0" endTime="0.5" startScale="0 0 0" endScale="1 1 1"/>
            <part node="1>0|3" startTime="0" endTime="0.5" startScale="0 0 0" endScale="1 1 1"/>
            <part node="2>0|0" startTime="0" endTime="0.5" startScale="0 0 0" endScale="1 1 1"/>
            <part node="2>0|2" startTime="0" endTime="0.5" startScale="0 0 0" endScale="1 1 1"/>
            <part node="2>0|1" startTime="0" endTime="0.5" startScale="0 0 0" endScale="1 1 1"/>
            <part node="2>0|3" startTime="0" endTime="0.5" startScale="0 0 0" endScale="1 1 1"/>
        </animation>
    </animations>
    <cylindered>
        <movingTools>
            <movingTool node="0>5|5" playSound="true">
                <controls axis="AXIS_FRONTLOADER_TOOL2" invertAxis="true" mouseSpeedFactor="0.5" iconName="TOOL_OPEN_CLOSE"/>
                <rotation rotationAxis="2" rotSpeed="70" rotAcceleration="250" rotMax="61" rotMin="0"/>
                <componentJoint index="2" anchorActor="0"/>
                <dependentMovingTool node="0>5|6" speedScale="-1"/>
            </movingTool>
            <movingTool node="0>5|6" playSound="true">
                <rotation rotationAxis="2" rotSpeed="70" rotAcceleration="250" rotMax="0" rotMin="-61"/>
                <componentJoint index="1" anchorActor="0"/>
            </movingTool>
        </movingTools>
        <movingParts>
            <movingPart node="0>5|1|0" referencePoint="1>2" referenceFrame="1>2" limitedAxis="2" isActiveDirty="true" maxUpdateDistance="100"/>
            <movingPart node="0>5|1|1" referencePoint="2>2" referenceFrame="2>2" limitedAxis="2" isActiveDirty="true" maxUpdateDistance="100"/>
            <movingPart node="0>5|0|0|0" referencePoint="0>5|1|0|0" referenceFrame="0>" limitedAxis="2" isActiveDirty="true" maxUpdateDistance="100">
                <translatingPart node="0>5|0|0|0|0"/>
            </movingPart>
            <movingPart node="0>5|0|1|0" referencePoint="0>5|1|1|0" referenceFrame="0>" limitedAxis="2" isActiveDirty="true" maxUpdateDistance="100">
                <translatingPart node="0>5|0|1|0|0"/>
            </movingPart>
        </movingParts>
        <sounds>
            <actionSound template="defaultHydraulicSound" pitchScale="0.6" volumeScale="2"   linkNode="0>5|5" actionNames="TOOL_MOVE_POS TOOL_MOVE_NEG" nodes="0>5|5"/>
            <actionSound template="clackVar6"             pitchScale="0.9" volumeScale="1.4" linkNode="0>5|5" actionNames="TOOL_MOVE_END_POS_LIMIT"     nodes="0>5|5"/>
            <actionSound template="cylinderPunch"         pitchScale="2"   volumeScale="0.5" linkNode="0>5|5" actionNames="TOOL_MOVE_END_POS_LIMIT"     nodes="0>5|5"/>
            <actionSound template="clackVar6"             pitchScale="0.8" volumeScale="1.7" linkNode="0>5|5" actionNames="TOOL_MOVE_END_NEG_LIMIT"     nodes="0>5|5"/>
            <actionSound template="thudVar2"              pitchScale="2"   volumeScale="1"   linkNode="0>5|5" actionNames="TOOL_MOVE_END_NEG_LIMIT"     nodes="0>5|5"/>
        </sounds>
    </cylindered>
    <foldable>
        <foldingConfigurations>
            <foldingConfiguration>
                <foldingParts foldInputButton="TOGGLE_PIPE" startMoveDirection="1" detachingMinLimit="0.9" detachingMaxLimit="1.0" posDirectionText="$l10n_action_foldOBJECT" negDirectionText="$l10n_action_unfoldOBJECT">
                    <foldingPart animationName="folding" speedScale="1"/>
                </foldingParts>
            </foldingConfiguration>
        </foldingConfigurations>
    </foldable>
    <fillUnit>
        <fillUnitConfigurations title="$l10n_configuration_fillUnitBale">
            <fillUnitConfiguration name="2 %s - 0 %s - 0 %s" params="$l10n_unit_bale|$l10n_unit_bale|$l10n_unit_bale">
                <fillUnits allowFoldingWhileFilled="false">
                    <fillUnit unitTextOverride="$l10n_unit_bale" capacity="2" fillTypes="roundBale" fillAnimation="folding" fillAnimationLoadTime="0"/>
                </fillUnits>
            </fillUnitConfiguration>
            <fillUnitConfiguration name="1 %s - 0 %s - 0 %s" params="$l10n_unit_bale|$l10n_unit_bale|$l10n_unit_bale">
                <fillUnits allowFoldingWhileFilled="false">
                    <fillUnit unitTextOverride="$l10n_unit_bale" capacity="1" fillTypes="roundBale" fillAnimation="folding" fillAnimationLoadTime="0"/>
                </fillUnits>
            </fillUnitConfiguration>
        </fillUnitConfigurations>
    </fillUnit>
    <baleLoader transportPositionAfterUnloading="false" automaticUnloading="false" allowKinematicMounting="false">
        <texts lowering="action_baleloaderOperatingPosition" unload="$l10n_action_unfold" abortUnloading="$l10n_action_unfold" lowerPlattform="$l10n_action_baleloaderOperatingPosition"/>
        <grabber grabNode="0>6|0" triggerNode="0>6|1"/>
        <balePlaces>
             <balePlace node="0>6|2"/>
        </balePlaces>
        <baleTypes>
            <baleType width="1.2" diameter="1.25" fillUnitIndex="1">
                <balePlaces startBalePlace="0>6|3"/>
                <animations>
                    <emptyRotate name="emptyRotate130" reset="false"/>
                </animations>
            </baleType>
            <baleType width="1.2" diameter="1.5" fillUnitIndex="1">
                <balePlaces startBalePlace="0>6|4"/>
                <animations>
                    <emptyRotate name="emptyRotate150" reset="false"/>
                </animations>
            </baleType>
            <baleType width="1.2" diameter="1.8" fillUnitIndex="1">
                <balePlaces startBalePlace="0>6|5"/>
                <animations>
                    <emptyRotate name="emptyRotate180" reset="false"/>
                </animations>
            </baleType>
        </baleTypes>
    </baleLoader>
    <ai>
        <agentAttachment width="1.5" height="1.0" length="1.5" lengthOffset="0.1"/>
    </ai>
    <tensionBeltObject>
        <meshNodes>
            <meshNode node="0>2|1"/>
            <meshNode node="0>3|1"/>
            <meshNode node="0>4|1"/>
            <meshNode node="0>5"/>
            <meshNode node="0>5|0|0|0"/>
            <meshNode node="0>5|0|0|0|0"/>
            <meshNode node="0>5|0|1|0"/>
            <meshNode node="0>5|0|1|0|0"/>
            <meshNode node="0>5|1|0|1"/>
            <meshNode node="0>5|1|1|1"/>
            <meshNode node="0>5|2"/>
        </meshNodes>
    </tensionBeltObject>
    <foliageBending>
        <bendingNode minX="0.5" maxX="-0.5" minZ="0.5" maxZ="-0.5" yOffset="0.02"/>
    </foliageBending>
    <baseMaterial>
        <material name="CSZ_pack_mat" baseNode="0>5">
            <shaderParameter name="colorMat0" material="16" value="1 0 0"/>
        </material>
    </baseMaterial>
    <wearable wearDuration="480" workMultiplier="5" fieldMultiplier="2"/>
    <washable dirtDuration="90" washDuration="1" workMultiplier="6" fieldMultiplier="2"/>
</vehicle>
