﻿<?xml version="1.0" encoding="utf-8" standalone="no" ?>
<vehicle type="leveler" xmlns:xsi="http://www.w3.org/2001/XMLSchema-instance" xsi:noNamespaceSchemaLocation="https://validation.gdn.giants-software.com/xml/schema/vehicle.xsd">
    <annotation>Copyright (C) DD ModPassion, All Rights Reserved.</annotation>
    <storeData>
        <name>$l10n_name_raschiatore</name>
        <specs>
            <combination filterCategory="frontLoaderVehicles"/>
            <workingWidth>3.00</workingWidth>
        </specs>
        <functions>
            <function>$l10n_function_leveler</function>
        </functions>
        <image>image/store_raschiatore_frontLoaders.png</image>
        <price>750</price>
        <lifetime>600</lifetime>
        <rotation>0</rotation>
        <brand>CSZ</brand>
        <category>frontLoaderTools</category>
        <shopDynamicTitle>true</shopDynamicTitle>
        <shopTranslationOffset>0 0.1 0</shopTranslationOffset>
        <shopLoadingDelay initial="0.4"/>
    </storeData>
    <base>
        <typeDesc>$l10n_typeDesc_raschiatore</typeDesc>
        <filename>filename/raschiatore.i3d</filename>
        <size width="2" length="3"/>
        <components>
            <component centerOfMass="0 0 0.25" solverIterationCount="10" mass="250"/>
        </components>
        <schemaOverlay attacherJointPosition="0 0" name="IMPLEMENT"/>
        <mapHotspot type="TOOL"/>
    </base>
    <attachable>
        <inputAttacherJointConfigurations>
            <inputAttacherJointConfiguration name="$l10n_configuration_inputAttacherFrontLoader" vehicleBrand="CSZ_frontLoaders" vehicleIcon="image/store_raschiatoreDentiForgiati_frontLoaders.png">
                <inputAttacherJoint node="0>2|0" jointType="frontloader"/>
                <objectChange node="0>" massActive="250"/>
                <objectChange node="0>2" scaleActive="1 1 1" visibilityActive="true" scaleInactive="0 0 0" visibilityInactive="false"/>
            </inputAttacherJointConfiguration>
            <inputAttacherJointConfiguration name="$l10n_configuration_inputAttacherTeleLoaders" vehicleBrand="CSZ_teleLoaders" vehicleIcon="image/store_raschiatoreDentiForgiati_teleLoaders.png">
                <inputAttacherJoint node="0>3|0" jointType="telehandler"/>
                <objectChange node="0>" massActive="250"/>
                <objectChange node="0>3" scaleActive="1 1 1" visibilityActive="true" scaleInactive="0 0 0" visibilityInactive="false"/>
            </inputAttacherJointConfiguration>
            <inputAttacherJointConfiguration name="$l10n_configuration_inputAttacherWheelLoader" vehicleBrand="CSZ_wheelLoaders" vehicleIcon="image/store_raschiatoreDentiForgiati_wheelLoaders.png">
                <inputAttacherJoint node="0>4|0" jointType="wheelLoader"/>
                <objectChange node="0>" massActive="250"/>
                <objectChange node="0>4" scaleActive="1 1 1" visibilityActive="true" scaleInactive="0 0 0" visibilityInactive="false"/>
            </inputAttacherJointConfiguration>
            <inputAttacherJointConfiguration name="$l10n_configuration_inputAttacherFrontLoader" vehicleBrand="CSZ_frontLoaders" vehicleIcon="image/store_raschiatoreMonoblocco_frontLoaders.png">
                <inputAttacherJoint node="0>2|0" jointType="frontloader"/>
                <objectChange node="0>" massActive="350"/>
                <objectChange node="0>2" scaleActive="1 1 1" visibilityActive="true" scaleInactive="0 0 0" visibilityInactive="false"/>
            </inputAttacherJointConfiguration>
            <inputAttacherJointConfiguration name="$l10n_configuration_inputAttacherTeleLoaders" vehicleBrand="CSZ_teleLoaders" vehicleIcon="image/store_raschiatoreMonoblocco_teleLoaders.png">
                <inputAttacherJoint node="0>3|0" jointType="telehandler"/>
                <objectChange node="0>" massActive="350"/>
                <objectChange node="0>3" scaleActive="1 1 1" visibilityActive="true" scaleInactive="0 0 0" visibilityInactive="false"/>
            </inputAttacherJointConfiguration>
            <inputAttacherJointConfiguration name="$l10n_configuration_inputAttacherWheelLoader" vehicleBrand="CSZ_wheelLoaders" vehicleIcon="image/store_raschiatoreMonoblocco_wheelLoaders.png">
                <inputAttacherJoint node="0>4|0" jointType="wheelLoader"/>
                <objectChange node="0>" massActive="350"/>
                <objectChange node="0>4" scaleActive="1 1 1" visibilityActive="true" scaleInactive="0 0 0" visibilityInactive="false"/>
            </inputAttacherJointConfiguration>
        </inputAttacherJointConfigurations>
        <inputAttacherJoints>
            <inputAttacherJoint node="0>0" jointType="loaderFork"/>
            <inputAttacherJoint node="0>0|0" jointType="hookLift"/>
            <inputAttacherJoint node="0>0|1" jointType="hookLift"/>
        </inputAttacherJoints>
        <toolCameras>
            <toolCamera node="0>0|2|1|0" rotatable="true" rotateNode="0>0|2|1" limit="true" useWorldXZRotation="true" rotMinX="-1.4" rotMaxX="1" transMin="1.5" transMax="18" translation="0 0 5.5" rotation="-17.5 180 0">
                <raycastNode node="0>0|2|1"/>
                <raycastNode node="0>0|2|2"/>
                <raycastNode node="0>0|2|3"/>
            </toolCamera>
        </toolCameras>
    </attachable>
    <configurationSets title="$l10n_configuration_attacherJoint">
        <configurationSet name="$l10n_configuration_inputAttacherFrontLoader">
            <configuration name="inputAttacherJoint" index="1"/>
            <configuration name="design"             index="1"/>
        </configurationSet>
        <configurationSet name="$l10n_configuration_inputAttacherTeleLoaders">
            <configuration name="inputAttacherJoint" index="2"/>
            <configuration name="design"             index="1"/>
        </configurationSet>
        <configurationSet name="$l10n_configuration_inputAttacherWheelLoader">
            <configuration name="inputAttacherJoint" index="3"/>
            <configuration name="design"             index="1"/>
        </configurationSet>
        <configurationSet name="$l10n_configuration_inputAttacherFrontLoader">
            <configuration name="inputAttacherJoint" index="1"/>
            <configuration name="design"             index="2"/>
        </configurationSet>
        <configurationSet name="$l10n_configuration_inputAttacherTeleLoaders">
            <configuration name="inputAttacherJoint" index="2"/>
            <configuration name="design"             index="2"/>
        </configurationSet>
        <configurationSet name="$l10n_configuration_inputAttacherWheelLoader">
            <configuration name="inputAttacherJoint" index="3"/>
            <configuration name="design"             index="2"/>
        </configurationSet>
    </configurationSets>
    <designConfigurations>
        <designConfiguration name="$l10n_dentiForgiati">
            <objectChange node="0>5|0" visibilityActive="true" visibilityInactive="false"/>
        </designConfiguration>
        <designConfiguration name="$l10n_monoblocco">
            <objectChange node="0>5|1" visibilityActive="true" visibilityInactive="false"/>
        </designConfiguration>
    </designConfigurations>
    <fillUnit>
        <fillUnitConfigurations>
            <fillUnitConfiguration>
                <fillUnits>
                    <fillUnit unitTextOverride="$l10n_unit_literShort" fillTypeCategories="shovel" capacity="2000" showInShop="false" showOnHud="true"/>
                </fillUnits>
            </fillUnitConfiguration>
        </fillUnitConfigurations>
    </fillUnit>
    <leveler fillUnitIndex="1" maxFillLevelPerMS="25" ignoreFarmlandState="true">
        <levelerNode node="0>6|0" width="2.4" zOffset="-0.2" minDropWidth="2" maxDropWidth="2.4"/>
        <force node="0>" maxForce="30" direction="1"/>
        <pickUpDirection>-1</pickUpDirection>
        <effects>
            <effectNode effectNode="0>6|1|0" effectClass="LevelerEffect" materialType="leveler" fadeTime="0.1" speed="0.5" maxHeight="0.5"/>
        </effects>
    </leveler>
    <ai>
        <agentAttachment width="3" height="1.0" length="1.5" lengthOffset="0.1"/>
    </ai>
    <tensionBeltObject>
        <meshNodes>
            <meshNode node="0>2|1"/>
            <meshNode node="0>3|1"/>
            <meshNode node="0>4|1"/>
            <meshNode node="0>5"/>
            <meshNode node="0>5|0"/>
            <meshNode node="0>5|1"/>
        </meshNodes>
    </tensionBeltObject>
    <foliageBending>
        <bendingNode minX="0" maxX="0" minZ="0" maxZ="0" yOffset="0.02"/>
    </foliageBending>
    <baseMaterial>
        <material name="CSZ_pack_mat" baseNode="0>5">
            <shaderParameter name="colorMat0" material="16" value="1 0 0"/>
        </material>
    </baseMaterial>
    <wearable wearDuration="480" workMultiplier="5" fieldMultiplier="2"/>
    <washable dirtDuration="90" washDuration="1" workMultiplier="6" fieldMultiplier="2"/>
</vehicle>
