﻿<?xml version="1.0" encoding="utf-8" standalone="no" ?>
<modDesc descVersion="71">
    <author>GtX</author>

    <translations>(ru) DisPlayBoy</translations>

    <version>1.0.0.0</version>

    <title>
        <en>Seed Cleaner 1200-LG</en>
        <de>Saatgutreiniger 1200-LG</de>
        <fr>Nettoyant Pour Semences 1200-LG</fr>
        <es>Limpiador De Semillas 1200-LG</es>
        <ru>Очиститель Семян 1200-LG</ru>
    </title>

    <description>
        <en>
        <![CDATA[This seed cleaning machine is designed to emulate the process of cleaning, drying and treating grain seeds for use in a seeder or planter.

To maintain realism only one grain type can be stored for processing at any one time. The grain fill level is displayed in the 'Prices Screen' and can be removed from the seed cleaner if required.

To keep the game balanced the conversion rate of each grain is similar to that of the 'FX Seed Treater' included with the 'AGI PACK'. The average cost of producing 1000 litres of Seed when using Wheat is 710 $

The conversion process is completed at real time and will not be affected by the time scale adjustments.

Corteva LumiGEN seed treatment tanks are available for purchase at the store.

Seed Cleaner 1200-LG:
  - Price: 67,000 $
  - Daily maintenance: 12 $
  - Category: Tools
  - Seed per hour: 72,000 l
  - Seed capacity: 80,000 l

Accepted grains:
  - Wheat
  - Barley
  - Oat
  - Canola
  - Sorghum
  - Sunflower
  - Soybean
  - Corn

Accepted seed treatment:
  - LumiGEN

]]>
        </en>
        <de>
        <![CDATA[Diese Saatgutreinigungsmaschine soll den Prozess der Reinigung, Trocknung und Behandlung von Getreidesamen für den Einsatz in einer Sämaschine oder Pflanzmaschine nachahmen.

Um den Realismus zu bewahren, kann immer nur eine Getreidesorte zur Verarbeitung gelagert werden. Der Füllstand der Körner wird auf dem "Preisbildschirm" angezeigt und kann bei Bedarf aus dem Saatgutreiniger entfernt werden.

Um das Spiel ausgewogen zu halten, ist die Umwandlungsrate jedes Getreides ähnlich wie die des 'FX Seed Treater', der im 'AGI PACK' enthalten ist. Die durchschnittlichen Kosten für die Herstellung von 1000 Litern Saatgut bei Verwendung von Weizen betragen 710 €.

Die Umrechnung erfolgt in Echtzeit und wird durch die Anpassung der Zeitskala nicht beeinflusst.

Corteva LumiGEN Saatgutbehandlungstanks können im Shop erworben werden.

Saatgutreiniger 1200-LG:
  - Preis: 67000 €
  - Unterhalt: 12 €/Tag
  - Kategorien: Werkzeuge
  - Saatgut: 72,000 l/Std
  - Saatgutkapazität: 80,000 l

Akzeptierte Körner:
  - Weizen
  - Gerste
  - Hafer
  - Raps
  - Sorghumhirse
  - Sonnenblumen
  - Sojabohnen
  - Mais

Zulässige Saatgutaufbereitung:
  - LumiGEN

]]>
        </de>
        <fr>
        <![CDATA[Cette machine de nettoyage de semences est conçue pour émuler le processus de nettoyage, de séchage et de traitement des semences de céréales à utiliser dans un semoir ou un planteur.

Pour maintenir le réalisme, un seul type de grain peut être stocké pour le traitement à la fois. Le niveau de remplissage du grain est affiché sur l' écran des prix et peut être retiré du nettoyeur de semences si nécessaire.

Pour garder le jeu équilibré, le taux de conversion de chaque grain est similaire à celui du 'FX Seed Treater' inclus avec le 'AGI PACK'. Le coût moyen de production de 1000 litres de semences avec du blé est de 710 €

Le processus de conversion est terminé en temps réel et ne sera pas affecté par les ajustements de l'échelle de temps.

Les réservoirs de traitement des semences Corteva LumiGEN peuvent être achetés en magasin.

Nettoyant pour semences 1200-LG:
  - Prix: 67,000 €
  - Entretien quotidien: 12 €
  - Catégorie: Outils
  - Graines par heure: 72,000 l
  - Capacité en graines: 80,000 l

Grains acceptés:
  - Blé
  - Orge
  - Avoine
  - Colza
  - Sorgho
  - Tournesols
  - Soja
  - Maïs

Traitement des semences accepté:
  - LumiGEN

]]>
        </fr>
        <es>
        <![CDATA[Esta máquina limpiadora de semillas está diseñada para emular el proceso de limpieza, secado y tratamiento de semillas de granos para su uso en una sembradora o sembradora.

Para mantener el realismo, solo se puede almacenar un tipo de grano para su procesamiento en cualquier momento. El nivel de llenado de granos se muestra en la 'Pantalla de precios' y se puede quitar del limpiador de semillas si es necesario.

Para mantener el juego equilibrado, la tasa de conversión de cada grano es similar a la del 'FX Seed Treater' incluido con el 'AGI PACK'. El costo promedio de producir 1000 litros de Semilla usando Trigo es de 710 €

El proceso de conversión se completa en tiempo real y no se verá afectado por los ajustes de escala de tiempo.

Los tanques de tratamiento de semillas Corteva LumiGEN se pueden comprar en tiendas.

Limpiador de semillas 1200-LG:
  - Precio: 67,000 €
  - Mantenimiento diario: 12 €
  - Categoría: Herramientas
  - Semillas por hora: 72,000 l
  - Capacidad de semillas: 80,000 l

Granos aceptados:
  - Trigo
  - Cebada
  - Avena
  - Colza
  - Sorgo
  - Girasol
  - Habas de soja
  - Maíz

Tratamiento de semillas aceptado:
  - LumiGEN

]]>
        </es>
    </description>

    <multiplayer supported="true"/>
    <iconFilename>icon_seedCleaner.dds</iconFilename>

    <l10n>
        <text name="stationName_seedCleaner">
            <en>Seed Cleaner 1200-LG</en>
            <de>Saatgutreiniger 1200-LG</de>
            <fr>Nettoyant pour semences 1200-LG</fr>
            <es>Limpiador de semillas 1200-LG</es>
            <ru>Очиститель семян 1200-LG</ru>
        </text>
        <text name="function_seedCleaner">
            <en>The Farming Innovations Seed Cleaner 1200-LG is capable of cleaning and treating up to 72000 Litres of seed each hour.</en>
            <de>Der Saatgutreiniger 1200-LG von Farming Innovations kann bis zu 72000 Liter Saatgut pro Stunde reinigen und behandeln.</de>
            <fr>Le nettoyeur de semences Farming Innovations 1200-LG est capable de nettoyer et de traiter jusqu'à 72000 litres de semences par heure.</fr>
            <es>El limpiador de semillas Farming Innovations 1200-LG es capaz de limpiar y tratar hasta 72000 litros de semillas por hora.</es>
            <ru>Очиститель семян 1200-LG от Farming Innovations способен очищать и обрабатывать до 72000 литров семян каждый час.</ru>
        </text>
        <text name="shopItem_lumiGenTank">
            <en>LumiGEN™ Tank</en>
            <de>LumiGEN™ Tank</de>
            <fr>Réservoir de LumiGEN™</fr>
            <es>Tanque de LumiGEN™</es>
            <ru>Резервуар LumiGEN™</ru>
        </text>
        <text name="function_lumiGenTank">
            <en>LumiGEN™ is an advanced seed treatment. Suitable for use in the Farming Innovations Seed Cleaner 1200-LG.</en>
            <de>LumiGEN™ ist eine fortgeschrittene Saatgutbehandlung. Geeignet für den Einsatz im Farming Innovations Saatgutreiniger 1200-LG.</de>
            <fr>LumiGEN™ est un traitement avancé des semences. Convient pour une utilisation dans le nettoyant pour semences Farming Innovations 1200-LG.</fr>
            <es>LumiGEN™ es un tratamiento avanzado de semillas. Adecuado para su uso en el limpiador de semillas Farming Innovations 1200-LG.</es>
            <ru>LumiGEN™ является продвинутой обработкой семян. Подходит для использования в очистителе семян 1200-LG от Farming Innovations.</ru>
        </text>
        <text name="fillType_lumiGen">
            <en>LumiGEN™</en> <!-- No translation as system name is English only and I am not using the different types of seed treatments. Added here so ™ is available easily. -->
        </text>
    </l10n>

    <extraSourceFiles>
        <sourceFile filename="scripts/animations/BeaconLightAnimation.lua"/>
    </extraSourceFiles>

    <placeableSpecializations>
        <specialization name="seedCleaner" className="PlaceableSeedCleaner" filename="scripts/PlaceableSeedCleaner.lua"/>
    </placeableSpecializations>

    <placeableTypes>
        <type name="seedCleaner" parent="simplePlaceable" className="Placeable" filename="$dataS/scripts/placeables/Placeable.lua">
            <specialization name="seedCleaner"/>
            <specialization name="infoTrigger"/>
        </type>
    </placeableTypes>

    <brands>
        <brand name="FARMING_INNOVATIONS" title="Farming Innovations" image="textures/brand_farmingInnovations.dds"/>
    </brands>

    <fillTypes filename="fillTypes/fillTypes.xml"/>

    <storeItems>
        <storeItem xmlFilename="liquidTank/lumiGenTank.xml"/>
        <storeItem xmlFilename="liquidTank/multiPurchaseLumiGenTank.xml"/>
        <storeItem xmlFilename="seedCleaner.xml"/>
    </storeItems>
</modDesc>
