<?xml version="1.0" encoding="utf-8" standalone="no" ?>
<placeable type="seedCleaner" xmlns:xsi="http://www.w3.org/2001/XMLSchema-instance" xsi:noNamespaceSchemaLocation="../../../../shared/xml/schema/placeable.xsd">
    <storeData>
        <name>$l10n_stationName_seedCleaner</name>
        <functions>
            <function>$l10n_function_seedCleaner</function>
        </functions>
        <image>store_seedCleaner.dds</image>
        <price>67000</price>
        <lifetime>1000</lifetime>
        <dailyUpkeep>12</dailyUpkeep>
        <rotation>0</rotation>
        <brand>FARMING_INNOVATIONS</brand>
        <species>placeable</species>
        <category>placeableMisc</category>
        <brush>
            <type>placeable</type>
            <category>buildings</category>
            <tab>tools</tab>
        </brush>

        <storeIconRendering>
            <settings cameraXRot="-20" cameraYRot="20" advancedBoundingBox="true"/>
        </storeIconRendering>
        <vertexBufferMemoryUsage>448768</vertexBufferMemoryUsage>
        <indexBufferMemoryUsage>80896</indexBufferMemoryUsage>
        <textureMemoryUsage>4653056</textureMemoryUsage>
        <audioMemoryUsage>0</audioMemoryUsage>
        <instanceVertexBufferMemoryUsage>0</instanceVertexBufferMemoryUsage>
        <instanceIndexBufferMemoryUsage>0</instanceIndexBufferMemoryUsage>
    </storeData>

    <base>
        <filename>seedCleaner.i3d</filename>
        <canBeRenamed>true</canBeRenamed>
    </base>

    <placement useRandomYRotation="false" useManualYRotation="true">
        <testAreas>
            <testArea startNode="testArea1Start" endNode="testArea1End"/>
        </testAreas>

        <sounds>
            <place template="smallImp"/>
        </sounds>
    </placement>

    <clearAreas>
        <clearArea startNode="clearArea1Start" widthNode="clearArea1Width" heightNode="clearArea1Height"/>
    </clearAreas>

    <leveling requireLeveling="true" maxSmoothDistance="8" maxSlope="30" maxEdgeAngle="30">
        <levelAreas>
            <levelArea startNode="levelArea1Start" widthNode="levelArea1Width" heightNode="levelArea1Height" groundType="dirt"/>
        </levelAreas>
    </leveling>

    <indoorAreas>
        <indoorArea startNode="indoorArea1Start" widthNode="indoorArea1Width" heightNode="indoorArea1Height"/>
    </indoorAreas>

    <tipOcclusionUpdateAreas>
        <tipOcclusionUpdateArea startNode="tipOcclusionUpdateArea1Start" endNode="tipOcclusionUpdateArea1End"/>
    </tipOcclusionUpdateAreas>

    <ai>
        <updateAreas>
            <updateArea startNode="tipOcclusionUpdateArea1Start" endNode="tipOcclusionUpdateArea1End"/>
        </updateAreas>

        <splines>
            <spline node="aiSplineUnload"/>
            <spline node="aiSplineLoad"/>
        </splines>
    </ai>

    <lights>
        <sharedLight filename="$data/shared/assets/lights/lizard/buildings/industrialWallLight.xml" linkNode="industrialWallLight" groupIndex="1" />

        <realLights>
            <low>
                <light node="realLightLow" groupIndex="1"/>
            </low>
            <high>
                <light node="realLightHigh" groupIndex="1"/>
            </high>
        </realLights>

        <group activateTime="17:30" deactivateTime="8:20"/>
    </lights>

    <dynamicallyLoadedParts>
        <dynamicallyLoadedPart filename="$data/shared/assets/extinguisher.i3d" node="0" linkNode="extinguisher" />
    </dynamicallyLoadedParts>

    <infoTrigger triggerNode="infoTrigger"/>

    <hotspots>
        <hotspot type="LOADING" linkNode="aiNodeUnload" teleportNode="teleportNode"/>
    </hotspots>

    <triggerMarkers>
        <triggerMarker node="warningStripesCorner1" adjustToGround="true"/>
        <triggerMarker node="warningStripesCorner2" adjustToGround="true"/>
    </triggerMarkers>

    <seedCleaner>
        <!-- Conversion 'Litres Per Second' is real time, game speed multiplier is ignored to keep this balanced. -->
        <rawMaterials conversionPerSecond="20">
            <rawMaterial fillType="WHEAT"     factor="2"/>
            <rawMaterial fillType="BARLEY"    factor="1.854"/>
            <rawMaterial fillType="OAT"       factor="3.122"/>
            <rawMaterial fillType="CANOLA"    factor="3.068"/>
            <rawMaterial fillType="SORGHUM"   factor="2.170"/>
            <rawMaterial fillType="SUNFLOWER" factor="3.422"/>
            <rawMaterial fillType="SOYBEAN"   factor="3.954"/>
            <rawMaterial fillType="MAIZE"     factor="1.934"/>
        </rawMaterials>

        <treatment fillType="LUMIGEN" usagePerLitre="0.0546"/>

        <!-- Note: Cost values are similar to the AGI Pack treatment to keep the game balanced. ;-)

            One pallet LumGen™: 2000l / $3625 -> with usage of 0.0546 is approximately $99 / 1000l seeds
            Average high price wheat: $1221
            With factor 2 the costs are: 1221 / 2 + 99 = ~$710

            Regular seed price: $950
            Reference value is wheat, others depending on yield difference
        -->

        <unloadingStation>
            <unloadTrigger exactFillRootNode="exactFillRootNode" fillTypes="WHEAT BARLEY OAT CANOLA SORGHUM SUNFLOWER SOYBEAN MAIZE LUMIGEN" aiNode="aiNodeUnload"/>
        </unloadingStation>

        <loadingStation>
            <loadTrigger triggerNode="loadingTrigger" fillLitersPerSecond="500" dischargeNode="dischargeNode" fillTypes="WHEAT BARLEY OAT CANOLA SORGHUM SUNFLOWER SOYBEAN MAIZE LUMIGEN SEEDS" aiNode="aiNodeLoad">
                <effectNode effectClass="PipeEffect" effectNode="pipeEffect"      materialType="pipe"           fadeTime="0.5" maxBending="0" controlPoint="3.6 0 0 0"/>
                <effectNode                          effectNode="pipeEffectSmoke" materialType="unloadingSmoke" fadeTime="0.5"/>
            </loadTrigger>
        </loadingStation>

        <storage fillTypes="WHEAT BARLEY OAT CANOLA SORGHUM SUNFLOWER SOYBEAN MAIZE" capacity="30000">
            <capacity fillType="SEEDS"   capacity="80000"/>
            <capacity fillType="LUMIGEN" capacity="4000"/>
        </storage>

        <sounds>
            <start template="STRAWBLOWER_START" linkNode="0>"/>
            <stop  template="STRAWBLOWER_STOP"  linkNode="0>"/>
            <work  template="STRAWBLOWER_WORK"  linkNode="0>"/>
        </sounds>

        <animationNodes>
            <!-- No need for a real light on the beacon so set range to 0 to disable real light for all performance levels -->
            <animationNode node="beaconLight06" class="BeaconLightAnimation" filename="$data/shared/assets/beaconLights/lizard/beaconLight06.xml" realLightRange="0"/>

            <animationNode node="rotorLeft"  rotSpeed="-1200" rotAxis="2" turnOnFadeTime="2.5" turnOffFadeTime="6"/>
            <animationNode node="rotorRight" rotSpeed="-1200" rotAxis="2" turnOnFadeTime="2.5" turnOffFadeTime="6"/>
        </animationNodes>

        <effectNodes>
            <effectNode effectNode="effectGrain" materialType="UNLOADING" defaultFillType="SEEDS" dynamicFillType="false" startDelay="3.5"/>
            <effectNode effectNode="dustEmitter" effectClass="ParticleEffect" particleType="SMOKE" emitCountScale="0.11" extraDistance="500" delay="4"/>
        </effectNodes>

        <displays>
            <display type="fillLevel" categoryType="rawMaterialsType" node="grainDisplay"  font="DIGIT" mask="0000000000000" alignment="RIGHT" size="0.13" color="1 0.5 0.25 1" hiddenColor="0.060 0.003 0.003 1" emissiveScale="1"/>
            <display type="fillLevel" categoryType="treatmentType"    node="liquidDisplay" font="DIGIT" mask="0000000000000" alignment="RIGHT" size="0.13" color="1 0.5 0.25 1" hiddenColor="0.060 0.003 0.003 1" emissiveScale="1"/>
            <display type="fillLevel" categoryType="convertedType"    node="outputDisplay" font="DIGIT" mask="0000000000000" alignment="RIGHT" size="0.13" color="1 0.5 0.25 1" hiddenColor="0.060 0.003 0.003 1" emissiveScale="1"/>
        </displays>

        <fillPlanes>
            <fillPlane node="genericGrainPlane"     categoryType="rawMaterialsType" minY="-0.816" maxY="0.816"    changeVisibility="true" isCustomShape="true"/>
            <fillPlane node="genericGrainPlaneFlat" categoryType="rawMaterialsType"                               changeVisibility="true" isCustomShape="true"/>

            <fillPlane node="genericTankFillPlane"  categoryType="treatmentType" minScaleY="0.01" maxScaleY="1.0" changeVisibility="true" isCustomShape="true"/>
            <fillPlane node="genericSeedPlane"      categoryType="convertedType" minY="-0.367" maxY="2.418"       changeVisibility="true" isCustomShape="true"/>
        </fillPlanes>
    </seedCleaner>

    <!-- This is fake as specialisation is not used in placeable. Only added to display input / output fill types in the store.
         ShopController is sadly hard coded and specs cannot add this function without unnecessary overwrites
    -->
    <productionPoint>
        <productions>
            <production>
                <inputs>
                    <input fillType="WHEAT"/>
                    <input fillType="BARLEY"/>
                    <input fillType="OAT"/>
                    <input fillType="CANOLA"/>
                    <input fillType="SORGHUM"/>
                    <input fillType="SUNFLOWER"/>
                    <input fillType="SOYBEAN"/>
                    <input fillType="MAIZE"/>
                    <input fillType="LUMIGEN"/>
                </inputs>

                <outputs>
                    <output fillType="SEEDS"/>
                </outputs>
            </production>
        </productions>
    </productionPoint>

    <animatedObjects>
        <animatedObject saveId="spoutRotation">
            <animation duration="4.0">
                <part node="spout">
                    <keyFrame time="0.0" rotation="0 0 0"/>
                    <keyFrame time="1.0" rotation="0 -90 0"/>
                </part>
                <part node="spoutHandle">
                    <keyFrame time="0.0" rotation="0 0 0"/>
                    <keyFrame time="1.0" rotation="0 0 -180"/>
                </part>
                <part node="spoutExtend">
                    <keyFrame time="0.4" translation="0 0 0"/>
                    <keyFrame time="1.0" translation="1.635 0 0"/>
                </part>
                <part node="spoutPunch">
                    <keyFrame time="0.4" translation="0 0 0"/>
                    <keyFrame time="1.0" translation="0.834 0 0"/>
                </part>
            </animation>

            <controls triggerNode="animationTrigger" posAction="INTERACT" posText="action_rotate"/>

            <sounds>
                <moving template="defaultHydraulicSound" linkNode="spout" loops="0"/>
            </sounds>
        </animatedObject>
    </animatedObjects>

    <i3dMappings>
        <i3dMapping id="exactFillRootNode" node="0>0|0|0"/>
        <i3dMapping id="aiNodeUnload" node="0>0|0|1"/>
        <i3dMapping id="aiSplineUnload" node="0>0|0|2"/>
        <i3dMapping id="spout" node="0>0|1|0"/>
        <i3dMapping id="spoutExtend" node="0>0|1|0|0"/>
        <i3dMapping id="loadingTrigger" node="0>0|1|0|0|0"/>
        <i3dMapping id="dischargeNode" node="0>0|1|0|0|1"/>
        <i3dMapping id="pipeEffect" node="0>0|1|0|0|2|0"/>
        <i3dMapping id="pipeEffectSmoke" node="0>0|1|0|0|2|1"/>
        <i3dMapping id="aiSplineLoad" node="0>0|1|0|0|3"/>
        <i3dMapping id="aiNodeLoad" node="0>0|1|0|0|4"/>
        <i3dMapping id="spoutPunch" node="0>0|1|0|1"/>
        <i3dMapping id="rotorLeft" node="0>0|2|0"/>
        <i3dMapping id="rotorRight" node="0>0|2|1"/>
        <i3dMapping id="genericGrainPlane" node="0>0|3|0"/>
        <i3dMapping id="genericGrainPlaneFlat" node="0>0|3|1"/>
        <i3dMapping id="genericTankFillPlane" node="0>0|3|2"/>
        <i3dMapping id="genericSeedPlane" node="0>0|3|3"/>
        <i3dMapping id="grainDisplay" node="0>0|4|0"/>
        <i3dMapping id="liquidDisplay" node="0>0|4|1"/>
        <i3dMapping id="outputDisplay" node="0>0|4|2"/>
        <i3dMapping id="effectGrain" node="0>0|5|0"/>
        <i3dMapping id="dustEmitter" node="0>0|5|1"/>
        <i3dMapping id="teleportNode" node="0>0|6"/>
        <i3dMapping id="animationTrigger" node="0>0|7"/>
        <i3dMapping id="infoTrigger" node="0>0|8"/>
        <i3dMapping id="spoutHandle" node="0>1|0|0"/>
        <i3dMapping id="industrialWallLight" node="0>2|0"/>
        <i3dMapping id="realLightLow" node="0>2|0|0"/>
        <i3dMapping id="realLightHigh" node="0>2|0|1"/>
        <i3dMapping id="beaconLight06" node="0>2|1"/>
        <i3dMapping id="extinguisher" node="0>3|0"/>
        <i3dMapping id="warningStripesCorner1" node="0>4|0"/>
        <i3dMapping id="warningStripesCorner2" node="0>4|1"/>
        <i3dMapping id="clearArea1Start" node="0>6|0"/>
        <i3dMapping id="clearArea1Width" node="0>6|0|0"/>
        <i3dMapping id="clearArea1Height" node="0>6|0|1"/>
        <i3dMapping id="levelArea1Start" node="0>7|0"/>
        <i3dMapping id="levelArea1Width" node="0>7|0|0"/>
        <i3dMapping id="levelArea1Height" node="0>7|0|1"/>
        <i3dMapping id="indoorArea1Start" node="0>8|0"/>
        <i3dMapping id="indoorArea1Width" node="0>8|0|0"/>
        <i3dMapping id="indoorArea1Height" node="0>8|0|1"/>
        <i3dMapping id="testArea1Start" node="0>9|0"/>
        <i3dMapping id="testArea1End" node="0>9|0|0"/>
        <i3dMapping id="tipOcclusionUpdateArea1Start" node="0>10|0"/>
        <i3dMapping id="tipOcclusionUpdateArea1End" node="0>10|0|0"/>
    </i3dMappings>
</placeable>
