﻿<?xml version="1.0" encoding="utf-8" standalone="no" ?>
<modDesc descVersion="60">

    <author>onkelyogi</author>
	
    <version>22.3.1</version>

    aggiornamenti vari
	
    <iconFilename>mod/FS22_MKSPack_OY.dds</iconFilename>
 
    <title>
        <de>MKS Pack OY</de>
        <en>MKS Pack OY</en>
    </title>
	
    <description>
        <de>Lizard MKS 8 und 32 mit längerem Reparaturintervall, Farbwahl, Pflegebereifung, erhöhter Kapazität und Sichtbarkeit</de>
        <en>Lizard MKS 8 and 32 including longer wear duration, colour choice, narrow wheels, increased capacity and view distance</en>
    </description>
	
	<multiplayer supported="true" />
    
	<brands>
		<brand name="OY" title="OY" image="mod/brand_yogi.dds"/>
	</brands>

    <extraSourceFiles>
		<sourceFile filename="scripts/FS22_onkelyogiCategory_OY.lua" />
    </extraSourceFiles>
	
    <storeItems>
		<newStoreCategories>
			<newStoreCategory type="VEHICLE" name="onkelyogi" title="onkelyogi" image="mod/onkelyogi.dds" />
        </newStoreCategories>

        <storeItem rootNode="vehicle" xmlFilename="FS22_MKS30_OY.xml"/>
        <storeItem rootNode="vehicle" xmlFilename="FS22_MKS100_OY.xml"/>
    </storeItems>
	
</modDesc>
