<?xml version="1.0" encoding="utf-8" standalone="no"?>
<vehicle type="baleWrapper" xmlns:xsi="http://www.w3.org/2001/XMLSchema-instance" xsi:noNamespaceSchemaLocation="https://validation.gdn.giants-software.com/xml/schema/vehicle.xsd">
    <annotation>Copyright (C) DD ModPassion, All Rights Reserved.</annotation>
    <storeData>
        <name>AutoWrap 1300</name>
        <image>$data/store/store_empty.png</image>
        <brand>LIZARD</brand>
        <category>baleWrappers</category>
        <showInStore>false</showInStore>
    </storeData>
    <base>
        <filename>filename/foilWrapRoll.i3d</filename>
    </base>
    <fillUnit>
        <fillUnitConfigurations>
            <fillUnitConfiguration>
                <fillUnits>
                    <fillUnit unitTextOverride="$l10n_unit_mShort" fillTypeCategories="foilWrap" capacity="1500" canBeUnloaded="false" allowFoldingThreshold="3000"/>
                    <fillUnit unitTextOverride="$l10n_unit_mShort" fillTypeCategories="foilWrap" capacity="7500" canBeUnloaded="false" allowFoldingThreshold="15000" showOnHud="false" showOnInfoHud="false"/>
                </fillUnits>
            </fillUnitConfiguration>
        </fillUnitConfigurations>
    </fillUnit>
    <baleWrapper>
        <foilWrapAddon storage="design" configuration="2">
            <baseNode node="0>0|0|3|0"/>
            <roll node="0>0|0|3|0" translation="0 0.002 0" rotation="0 37.5 0" scale="0.58 1.05 0.58"/>
            <material node="0>3|0"/>
            <material node="0>0|0|3|2" editVisibility="false"/>
            <storage node="0>1|0|2" translation="0.64 1.06 1.63"/>
            <storage node="0>1|0|4" translation="0 0.002 0"/>
            <storage node="0>1|0|4" translation="0 0.002 0"/>
            <storage node="0>1|0|4" translation="0 0.002 0"/>
            <storage node="0>1|0|4" translation="0 0.002 0"/>
        </foilWrapAddon>
    </baleWrapper>
    <wearable showOnHud="false"/>
    <washable/>
</vehicle>
