﻿<?xml version="1.0" encoding="utf-8" standalone="no" ?>
<modDesc descVersion="80">
    <author>BERNIESCS</author>
    <version>1.0.0.2</version>
    <title>
        <en>Old Grain Mill</en>
        <de>Alte Getreidemühle</de>
    </title>

<description>
<en>
<![CDATA[Old Grain Mill
- Price: 25000 $
- Daily upkeep: 50 $
Input: Wheat, Barley, Oat, Sorghum
Output: Flour

Storage capacity:
- Wheat: 270000 liter
- Barley: 270000 liter
- Oat: 270000 liter
- Sorghum: 270000 liter
- Flour: 30000 liter

Changelog 1.0.0.2:
- Mill completely retextured
- Mill wheel now turns]]>
</en>
<de>
<![CDATA[Getreidemühle
- Preis: 65000 €
- Unterhalt: 50 €/Tag
- Größe: 40m x 16m

Benötigte Rohstoffe: Weizen, Gerste, Hafer ,Sorghum
Produziert: Mehl

Lagerkapazität:
- Weizen: 270000 liter
- Gerste: 270000 liter
- Hafer: 270000 liter
- Sorghum: 270000 liter
- Mehl: 30000 liter

Changelog 1.0.0.2:
- Mühle komplett neu texturiert
- Mühlrad dreht sich jetzt]]>
</de>
</description>

	<placeableTypes>
		<type name="muehle_mit_wasserrad" parent="simplePlaceable" className="Placeable" filename="$dataS/scripts/placeables/Placeable.lua">
			<specialization name="windTurbine" />
			<specialization name="incomePerHour" />
			<specialization name="productionPoint" />
			<specialization name="infoTrigger" />
		</type>
	
	</placeableTypes>	


    <iconFilename>icon_SCS_MUEHLE.dds</iconFilename>	
    <multiplayer supported="true" />

    <storeItems>
        <storeItem xmlFilename="SCS_MUEHLE.xml"/>
    </storeItems>

</modDesc>
