<?xml version="1.0" encoding="utf-8" standalone="no" ?>
<placeable type="productionPoint" xmlns:xsi="http://www.w3.org/2001/XMLSchema-instance" xsi:noNamespaceSchemaLocation="../../../../../shared/xml/schema/placeable.xsd">
    <storeData>
        <name>$l10n_shopItem_Franken_Farm_Fermenter</name>
        <functions>
            <function>$l10n_function_forageFactory</function>
        </functions>
        <image>store_textures/store_Franken_Farm_Fermenter.png</image>
        <price>15000</price>
        <dailyUpkeep>120</dailyUpkeep>
        <lifetime>1000</lifetime>
        <rotation>0</rotation>
        <brand>Lizard</brand>
		<species>placeable</species>
        <category>productionPoints</category>
        <brush>
            <type>placeable</type>
            <category>production</category>
            <tab>factories</tab>
		</brush>


        <vertexBufferMemoryUsage>632576</vertexBufferMemoryUsage>
        <indexBufferMemoryUsage>80640</indexBufferMemoryUsage>
        <textureMemoryUsage>3538944</textureMemoryUsage>
        <audioMemoryUsage>0</audioMemoryUsage>
        <instanceVertexBufferMemoryUsage>0</instanceVertexBufferMemoryUsage>
        <instanceIndexBufferMemoryUsage>0</instanceIndexBufferMemoryUsage>
    </storeData>

    <base>
        <filename>Franken_Farm_Fermenter.i3d</filename>
		<boughtWithFarmland>true</boughtWithFarmland>
        <canBeRenamed>true</canBeRenamed>
    </base>

    <placement useRandomYRotation="false" useManualYRotation="true" >
        <testAreas>
            <testArea startNode="testArea1Start" endNode="testArea1End" />
            <testArea startNode="testArea2Start" endNode="testArea2End" />
        </testAreas>
		
		 <sounds>
            <place template="smallImp" />
         </sounds>
    </placement>

    <clearAreas>
        <clearArea startNode="clearArea1Start" widthNode="clearArea1Width" heightNode="clearArea1Height"/>
        <clearArea startNode="clearArea2Start" widthNode="clearArea2Width" heightNode="clearArea2Height"/>
    </clearAreas>

    <leveling requireLeveling="true" maxSmoothDistance="1" maxSlope="75" maxEdgeAngle="30">
        <levelAreas>
            <levelArea startNode="levelAreaStart" widthNode="levelAreaWidth" heightNode="levelAreaHeight" groundType="asphalt"/>
        </levelAreas>
    </leveling>

    <indoorAreas/>

    <tipOcclusionUpdateAreas>
        <tipOcclusionUpdateArea startNode="tipOcclusionUpdateArea1Start" endNode="tipOcclusionUpdateArea1End" />
    </tipOcclusionUpdateAreas>

    <ai>
        <updateAreas>
            <updateArea startNode="tipOcclusionUpdateArea1Start" endNode="tipOcclusionUpdateArea1End" />
        </updateAreas>
        <splines>
            <spline node="aiSpline" />
        </splines>
    </ai>


    <infoTrigger triggerNode="infoTrigger"/>

    <productionPoint>
        <productions sharedThroughputCapacity="false">
            <production id="grassSilage" name="%s %s" params="$l10n_fillType_grass|$l10n_fillType_silage" cyclesPerHour="5" costsPerActiveHour="0.1">
                <inputs>
                    <input fillType="grass_windrow" amount="1000" />
                </inputs>
                <outputs>
                    <output fillType="silage" amount="1000" />
                </outputs>
            </production>
            <production id="drygrassSilage" name="%s %s" params="$l10n_fillType_dryGrass|$l10n_fillType_silage" cyclesPerHour="5" costsPerActiveHour="0.1">
                <inputs>
                    <input fillType="drygrass_windrow" amount="1000" />
                </inputs>
                <outputs>
                    <output fillType="silage" amount="1000" />
                </outputs>
            </production>
            <production id="chaffSilage" name="%s %s" params="$l10n_fillType_chaff|$l10n_fillType_silage" cyclesPerHour="5" costsPerActiveHour="0.1">
                <inputs>
                    <input fillType="chaff" amount="1000" />
                </inputs>
                <outputs>
                    <output fillType="silage" amount="1000" />
                </outputs>
            </production>
            <production id="strawSilage" name="%s %s" params="$l10n_fillType_straw|$l10n_fillType_silage" cyclesPerHour="5" costsPerActiveHour="0.1">
                <inputs>
                    <input fillType="straw" amount="1000" />
                </inputs>
                <outputs>
                    <output fillType="silage" amount="1000" />
                </outputs>
            </production>
        </productions>

        <storage isExtension="false" fillLevelSyncThreshold="50">
            <capacity fillType="grass_windrow"   capacity="2000000" />
            <capacity fillType="drygrass_windrow"   capacity="2000000" />
            <capacity fillType="chaff"   capacity="2000000" />
            <capacity fillType="straw"   capacity="2000000" />
            <capacity fillType="silage"  capacity="2000000" />
        </storage>

        <sellingStation node="sellingStation" supportsExtension="false">
            <unloadTrigger exactFillRootNode="exactFillRootNode" fillTypes="grass_windrow drygrass_windrow chaff straw" aiNode="aiUnloadingNode">

			</unloadTrigger>        
        </sellingStation>

        <loadingStation node="loadingTrigger" supportsExtension="false">
            <loadTrigger triggerNode="loadingTrigger" fillLitersPerSecond="2000" dischargeNode="dischargeNode" fillTypes="grass_windrow drygrass_windrow chaff straw silage" aiNode="aiLoadingNode">
                <effectNode effectClass="PipeEffect" effectNode="pipeEffect"      materialType="pipe"           fadeTime="0.5" maxBending="0" controlPoint="4.8 0 0 0" shapeScaleSpread="0.6 0.6 1 0"/>
                <effectNode                          effectNode="pipeEffectSmoke" materialType="unloadingSmoke" fadeTime="0.5" />
            </loadTrigger>
        </loadingStation>


        <sounds/>
    </productionPoint>

    <hotspots>
		<hotspot type="PRODUCTION_POINT" linkNode="mapPosition" teleportNode="markerUnloading"/>
    </hotspots>

    <triggerMarkers>
        <triggerMarker node="markerLoading"   filename="$data/shared/assets/marker/markerIcons.xml" id="LOAD" />
        <triggerMarker node="markerUnloading" filename="$data/shared/assets/marker/markerIcons.xml" id="UNLOAD" />
    </triggerMarkers>

    <i3dMappings>
        <i3dMapping id="mapPosition" node="0>0|0" />
        <i3dMapping id="storage" node="0>0|1" />
        <i3dMapping id="loadingTrigger" node="0>0|2|0|0" />
        <i3dMapping id="dischargeNode" node="0>0|2|0|1" />
        <i3dMapping id="dischargeEffect" node="0>0|2|0|2" />
        <i3dMapping id="pipeEffect" node="0>0|2|0|2|0" />
        <i3dMapping id="pipeEffectSmoke" node="0>0|2|0|2|1" />
        <i3dMapping id="aiLoadingNode" node="0>0|2|0|3" />
        <i3dMapping id="markerLoading" node="0>5" />
        <i3dMapping id="exactFillRootNode" node="0>0|3|0" />
        <i3dMapping id="aiUnloadingNode" node="0>0|3|2" />
        <i3dMapping id="markerUnloading" node="0>6" />
        <i3dMapping id="infoTrigger" node="0>0|4" />
        <i3dMapping id="aiSpline" node="0>0|5" />
        <i3dMapping id="clearArea1Start" node="0>1|0" />
        <i3dMapping id="clearArea1Width" node="0>1|0|0" />
        <i3dMapping id="clearArea1Height" node="0>1|0|1" />
        <i3dMapping id="clearArea2Start" node="0>1|1" />
        <i3dMapping id="clearArea2Width" node="0>1|1|0" />
        <i3dMapping id="clearArea2Height" node="0>1|1|1" />
        <i3dMapping id="levelAreaStart" node="0>2" />
        <i3dMapping id="levelAreaWidth" node="0>2|0" />
        <i3dMapping id="levelAreaHeight" node="0>2|1" />
        <i3dMapping id="testArea1Start" node="0>3|0" />
        <i3dMapping id="testArea1End" node="0>3|0|0" />
        <i3dMapping id="testArea2Start" node="0>3|1" />
        <i3dMapping id="testArea2End" node="0>3|1|0" />
        <i3dMapping id="tipOcclusionUpdateArea1Start" node="0>4|0" />
        <i3dMapping id="tipOcclusionUpdateArea1End" node="0>4|0|0" />
    </i3dMappings>
</placeable>
