<?xml version="1.0" encoding="utf-8" standalone="no" ?>
<placeable type="cowHusbandryManureheap" xmlns:xsi="http://www.w3.org/2001/XMLSchema-instance" xsi:noNamespaceSchemaLocation="../../../../shared/xml/schema/placeable.xsd">
    <storeData>
        <name>$l10n_shopItem_SCS_Franken_Farm_Kuhstall</name>
        <image>store_textures/store_Franken_Farm_Kuhstall.png</image>
        <price>80000</price>
        <functions>
            <function>$l10n_function_animalPenCow</function>
        </functions>
        <lifetime>1000</lifetime>
        <dailyUpkeep>100</dailyUpkeep>
        <rotation>0</rotation>
        <brand>Lizard</brand>
        <species>placeable</species>
        <category>animalpens</category>
        <brush>
            <type>placeable</type>
            <category>animals</category>
            <tab>cows</tab>
        </brush>


        <storeIconRendering>
            <settings cameraXRot="-20" cameraYRot="50" advancedBoundingBox="true"/>
        </storeIconRendering>

        <vertexBufferMemoryUsage>2969856</vertexBufferMemoryUsage>
        <indexBufferMemoryUsage>256512</indexBufferMemoryUsage>
        <textureMemoryUsage>16121856</textureMemoryUsage>
        <audioMemoryUsage>0</audioMemoryUsage>
        <instanceVertexBufferMemoryUsage>0</instanceVertexBufferMemoryUsage>
        <instanceIndexBufferMemoryUsage>0</instanceIndexBufferMemoryUsage>
    </storeData>

    <base>
        <filename>Franken_Farm_Kuhstall.i3d</filename>
		<boughtWithFarmland>true</boughtWithFarmland>		
        <canBeRenamed>true</canBeRenamed>
    </base>

    <placement useRandomYRotation="false" useManualYRotation="true" >
        <testAreas>
            <testArea startNode="testArea1Start" endNode="testArea1End" />
            <testArea startNode="testArea2Start" endNode="testArea2End" />
        </testAreas>
		 <sounds>
            <place template="smallImp" />
         </sounds>		
    </placement>

    <clearAreas>
        <clearArea startNode="clearArea1Start" widthNode="clearArea1Width" heightNode="clearArea1Height"/>
    </clearAreas>

    <leveling requireLeveling="true" maxSmoothDistance="10" maxSlope="75" maxEdgeAngle="30">
        <levelAreas>
            <levelArea startNode="levelArea1Start" widthNode="levelArea1Width" heightNode="levelArea1Height" groundType="grass"/>
        </levelAreas>

        <paintAreas>
            <paintArea startNode="paintArea1Start" widthNode="paintArea1Width" heightNode="paintArea1Height" groundType="dirt" />
        </paintAreas>
    </leveling>



    <indoorAreas>
        <indoorArea startNode="indoorArea1Start" widthNode="indoorArea1Width" heightNode="indoorArea1Height"/>
        <indoorArea startNode="indoorArea2Start" widthNode="indoorArea2Width" heightNode="indoorArea2Height"/>
        <indoorArea startNode="indoorArea3Start" widthNode="indoorArea3Width" heightNode="indoorArea3Height"/>		
    </indoorAreas>

    <triggerMarkers>
        <triggerMarker node="markerMilk" filename="$data/shared/assets/marker/markerIcons.xml" id="LOAD" />
        <triggerMarker node="markerFood" filename="$data/shared/assets/marker/markerIcons.xml" id="UNLOAD" />
        <triggerMarker node="markerAnimals" filename="$data/shared/assets/marker/markerIcons.xml" id="ANIMALS" />
        <triggerMarker node="markerLiquidManure" filename="$data/shared/assets/marker/markerIcons.xml" id="LOAD" />
        <triggerMarker node="loadingTriggerMarker" filename="$data/shared/assets/marker/markerIcons.xml" id="LOAD" adjustToGround="true" />		
    </triggerMarkers>

    <tipOcclusionUpdateAreas>
        <tipOcclusionUpdateArea startNode="tipOcclusionUpdateArea1Start" endNode="tipOcclusionUpdateArea1End" />
    </tipOcclusionUpdateAreas>

    <ai>
        <updateAreas>
            <updateArea startNode="tipOcclusionUpdateArea1Start" endNode="tipOcclusionUpdateArea1End" />
        </updateAreas>
    </ai>

    <hotspots>
        <hotspot type="COW" teleportNode="teleportNode" />
    </hotspots>

    <animatedObjects>
       
	   <animatedObject saveId="Door1" >
            <animation duration="1.5">
                <part node="Door1_A">
                    <keyFrame time="0.0" rotation="0 0 0"/>
                    <keyFrame time="1.0" rotation="0 127.42 0"/>
                </part>
                <part node="Door1_B">
                    <keyFrame time="0.0" rotation="0 0 0"/>
                    <keyFrame time="1.0" rotation="0 -144 0"/>
                </part>
            </animation>
            <controls triggerNode="Door1_Trigger" posAction="ACTIVATE_HANDTOOL" posText="action_openDoor" negText="action_closeDoor" />
            <sounds>
                <moving linkNode="Door1_Trigger" template="woodBigDoorLoop" />
                <posEnd linkNode="Door1_Trigger" template="metalDoorsOpen" />
                <negEnd linkNode="Door1_Trigger" template="metalDoorsClose" />
            </sounds>
        </animatedObject>
		
	   <animatedObject saveId="Door2" >
            <animation duration="1.5">
                <part node="Door2_A">
                    <keyFrame time="0.0" rotation="0 0 0"/>
                    <keyFrame time="1.0" rotation="0 -119.33 0"/>
                </part>
                <part node="Door2_B">
                    <keyFrame time="0.0" rotation="0 0 0"/>
                    <keyFrame time="1.0" rotation="0 127.42 0"/>
                </part>
            </animation>
            <controls triggerNode="Door2_Trigger" posAction="ACTIVATE_HANDTOOL" posText="action_openDoor" negText="action_closeDoor" />
            <sounds>
                <moving linkNode="Door2_Trigger" template="woodBigDoorLoop" />
                <posEnd linkNode="Door2_Trigger" template="metalDoorsOpen" />
                <negEnd linkNode="Door2_Trigger" template="metalDoorsClose" />
            </sounds>
        </animatedObject>	

	   <animatedObject saveId="Door3" >
            <animation duration="1.5">
                <part node="Door3_A">
                    <keyFrame time="0.0" rotation="0 0 0"/>
                    <keyFrame time="1.0" rotation="0 -119.33 0"/>
                </part>
                <part node="Door3_B">
                    <keyFrame time="0.0" rotation="0 0 0"/>
                    <keyFrame time="1.0" rotation="0 111.24 0"/>
                </part>
            </animation>
            <controls triggerNode="Door3_Trigger" posAction="ACTIVATE_HANDTOOL" posText="action_openDoor" negText="action_closeDoor" />
            <sounds>
                <moving linkNode="Door3_Trigger" template="woodBigDoorLoop" />
                <posEnd linkNode="Door3_Trigger" template="metalDoorsOpen" />
                <negEnd linkNode="Door3_Trigger" template="metalDoorsClose" />
            </sounds>
        </animatedObject>	

	   <animatedObject saveId="Door4" >
            <animation duration="1.5">
                <part node="Door4_A">
                    <keyFrame time="0.0" translation="0 0 0"/>
                    <keyFrame time="1.0" translation="3.999 0 0"/>
                </part>

            </animation>
            <controls triggerNode="Door4_Trigger" posAction="ACTIVATE_HANDTOOL" posText="action_openDoor" negText="action_closeDoor" />
            <sounds>
                <moving linkNode="Door4_Trigger" template="slidingGateWoodLoop" />
                <posEnd linkNode="Door4_Trigger" template="metalDoorsOpen" />
                <negEnd linkNode="Door4_Trigger" template="metalDoorsClose" />
            </sounds>
        </animatedObject>	 
 		
 	   <animatedObject saveId="Door5" >
            <animation duration="1.5">
                <part node="Door5_A">
                    <keyFrame time="0.0" translation="0 0 0"/>
                    <keyFrame time="1.0" translation="-3.565 0 0"/>
                </part>

            </animation>
            <controls triggerNode="Door5_Trigger" posAction="ACTIVATE_HANDTOOL" posText="action_openDoor" negText="action_closeDoor" />
            <sounds>
                <moving linkNode="Door5_Trigger" template="slidingGateWoodLoop" />
                <posEnd linkNode="Door5_Trigger" template="metalDoorsOpen" />
                <negEnd linkNode="Door5_Trigger" template="metalDoorsClose" />
            </sounds>
        </animatedObject>

 	   <animatedObject saveId="Door6" >
            <animation duration="1.5">
                <part node="Door6_A">
                    <keyFrame time="0.0" rotation="0 0 0"/>
                    <keyFrame time="1.0" rotation="0 180 0"/>
                </part>

            </animation>
            <controls triggerNode="Door6_Trigger" posAction="ACTIVATE_HANDTOOL" posText="action_openDoor" negText="action_closeDoor" />
            <sounds>
                <moving linkNode="Door6_Trigger" template="woodBigDoorLoop" />
                <posEnd linkNode="Door6_Trigger" template="metalDoorsOpen" />
                <negEnd linkNode="Door6_Trigger" template="metalDoorsClose" />
            </sounds>
        </animatedObject>	

 	   <animatedObject saveId="Door7" >
            <animation duration="1.5">
                <part node="Door7_A">
                    <keyFrame time="0.0" rotation="0 0 0"/>
                    <keyFrame time="1.0" rotation="0 -95.06 0"/>
                </part>
                <part node="Door7_B">
                    <keyFrame time="0.0" rotation="0 0 0"/>
                    <keyFrame time="1.0" rotation="0 163.82 0"/>
                </part>
            </animation>
            <controls triggerNode="Door7_Trigger" posAction="ACTIVATE_HANDTOOL" posText="action_openDoor" negText="action_closeDoor" />
            <sounds>
                <moving linkNode="Door7_Trigger" template="woodBigDoorLoop" />
                <posEnd linkNode="Door7_Trigger" template="metalDoorsOpen" />
                <negEnd linkNode="Door7_Trigger" template="metalDoorsClose" />
            </sounds>
        </animatedObject>	
		
 	   <animatedObject saveId="Door8" >
            <animation duration="1.5">
                <part node="Door8_A">
                    <keyFrame time="0.0" rotation="0 0 0"/>
                    <keyFrame time="1.0" rotation="0 123.37 0"/>
                </part>
                <part node="Door8_B">
                    <keyFrame time="0.0" rotation="0 0 0"/>
                    <keyFrame time="1.0" rotation="0 -90 0"/>
                </part>
            </animation>
            <controls triggerNode="Door8_Trigger" posAction="ACTIVATE_HANDTOOL" posText="action_openDoor" negText="action_closeDoor" />
            <sounds>
                <moving linkNode="Door8_Trigger" template="woodBigDoorLoop" />
                <posEnd linkNode="Door8_Trigger" template="metalDoorsOpen" />
                <negEnd linkNode="Door8_Trigger" template="metalDoorsClose" />
            </sounds>
        </animatedObject>			
		
    </animatedObjects>

    <dynamicallyLoadedParts>
        <dynamicallyLoadedPart node="0" linkNode="lightSwitch" filename="$data/shared/assets/lights/terraLed/switch.i3d" />

        <dynamicallyLoadedPart node="0" linkNode="milkContainer" filename="$data/placeables/lely/nautilus/nautilus.i3d"/>
    </dynamicallyLoadedParts>

    <lights>
        <group weatherRequiredFlags="NIGHT" />

        <sharedLight filename="$data/shared/assets/lights/terraLed/fluorescentTube50W.xml" linkNode="tubeLight01" groupIndex="1"/>
        <sharedLight filename="$data/shared/assets/lights/terraLed/fluorescentTube50W.xml" linkNode="tubeLight02" groupIndex="1"/>
        <sharedLight filename="$data/shared/assets/lights/terraLed/fluorescentTube50W.xml" linkNode="tubeLight03" groupIndex="1"/>
		<sharedLight filename="$data/shared/assets/lights/terraLed/fluorescentTube50W.xml" linkNode="tubeLight04" groupIndex="1"/>
		<sharedLight filename="$data/shared/assets/lights/terraLed/fluorescentTube50W.xml" linkNode="tubeLight05" groupIndex="1"/>
		<sharedLight filename="$data/shared/assets/lights/terraLed/fluorescentTube50W.xml" linkNode="tubeLight06" groupIndex="1"/>
		<sharedLight filename="$data/shared/assets/lights/terraLed/fluorescentTube50W.xml" linkNode="tubeLight07" groupIndex="1"/>
		<sharedLight filename="$data/shared/assets/lights/terraLed/fluorescentTube50W.xml" linkNode="tubeLight08" groupIndex="1"/>
		<sharedLight filename="$data/shared/assets/lights/terraLed/fluorescentTube50W.xml" linkNode="tubeLight09" groupIndex="1"/>
		<sharedLight filename="$data/shared/assets/lights/terraLed/fluorescentTube50W.xml" linkNode="tubeLight10" groupIndex="1"/>
		<sharedLight filename="$data/shared/assets/lights/terraLed/fluorescentTube50W.xml" linkNode="tubeLight11" groupIndex="1"/>
        <realLights>
            <low>
                <light node="realLightsLow" groupIndex="1"/>
            </low>
            <high>
                <light node="realLightsHigh" groupIndex="1"/>
            </high>
        </realLights>
    </lights>

    <infoTrigger triggerNode="infoTrigger" />

    <husbandry saveId="Animals_COW" hasStatistics="false">
        <storage node="storage" fillTypes="LIQUIDMANURE MILK STRAW MANURE" isExtension="false">
            <capacity fillType="LIQUIDMANURE" capacity="56250" />
            <capacity fillType="MILK" capacity="33750" />
            <capacity fillType="STRAW" capacity="21375" />
            <capacity fillType="MANURE" capacity="0" />
        </storage>

         <unloadingStation supportsExtension="true" storageRadius="65" hideFromPricesMenu="true">
            <unloadTrigger exactFillRootNode="exactFillRootNodeStraw" fillTypes="STRAW"   >
                <baleTrigger triggerNode="baleTriggerStraw"/>
            </unloadTrigger>
            <unloadTrigger fillTypes="MANURE MILK LIQUIDMANURE" />
        </unloadingStation>
		

        <loadingStation supportsExtension="true" storageRadius="50">
            <loadTrigger triggerNode="liquidManureTrigger" fillTypes="LIQUIDMANURE" fillLitersPerSecond="2000" aiNode="aiLoadingNodeLiquidManure" />
            <loadTrigger triggerNode="milkTrigger" fillTypes="MILK" fillLitersPerSecond="2000" aiNode="aiLoadingNodeMilk"/>
        </loadingStation>

        <animals type="COW" maxNumAnimals="45" maxNumVisualAnimals="20">
            <navigation rootNode="navigationRootNode" filename="Cow_Mesh.i3d" />
            <loadingTrigger node="loadingTrigger" />
        </animals>

        <food capacity="33750" >
            <foodPlaces>
                <foodPlace node="foodPlace1" />
                <foodPlace node="foodPlace2" />
                <foodPlace node="foodPlace3" />
                <foodPlace node="foodPlace4" />
                <foodPlace node="foodPlace5" />
                <foodPlace node="foodPlace6" />
                <foodPlace node="foodPlace7" />
                <foodPlace node="foodPlace8" />
                <foodPlace node="foodPlace9" />
            </foodPlaces>
            <dynamicFoodPlane node="fillVolumeFood" defaultFillType="forage"/>
            <feedingTrough exactFillRootNode="exactFillRootNodeFood">
                <baleTrigger triggerNode="baleTrigger"/>
            </feedingTrough>
        </food>

        <liquidManure />

        <milk>
            <milkingRobots>
                <milkingRobot linkNode="milkingRobot1" class="MilkingRobot" filename="$data/placeables/lely/astronautA5/astronautA5.xml" />
            </milkingRobots>
        </milk>

        <water automaticWaterSupply="true" />

        <straw>
            <manure factor="1.5" />
            <strawPlane node="strawPlane" minY="-0.481" maxY="-0.264" colorChange="false" />
        </straw>

        <fences>
            <fence filename="$data/placeables/lizard/fencesFarm/level01/fencesFarmLevel01Singleton.xml" hasStartPole="true" hasEndPole="true">
                <node node="fence1Node1" />
                <node node="fence1Node2" />
                <node node="fence1Node3" />
                <node node="fence1Node4" />
            </fence>
        </fences>

    </husbandry>

     <manureHeap node="manureHeap" capacity="220000" isExtension="false" >
        <area startNode="tipAreaStart" widthNode="tipAreaWidth" heightNode="tipAreaHeight" activationTriggerNode="activationTrigger" />
        <clearArea startNode="clearAreaStart" widthNode="clearAreaWidth" heightNode="clearAreaHeight" />

        <loadingStation storageRadius="10" supportsExtension="false">
            <loadTrigger triggerNode="loadingTriggerManure" aiNode="loadingTriggerAINode" fillTypes="MANURE" fillLitersPerSecond="2000" />
        </loadingStation>
    </manureHeap> 

    <i3dMappings>
	
	    <i3dMapping id="manureHeap" node="0>24" />
	    <i3dMapping id="tipAreaStart" node="0>24|0|3|0" />
	    <i3dMapping id="tipAreaWidth" node="0>24|0|3|1" />
	    <i3dMapping id="tipAreaHeight" node="0>24|0|3|2" />
	    <i3dMapping id="activationTrigger" node="0>24|0|5" />
	    <i3dMapping id="clearAreaStart" node="0>24|0|4" />
	    <i3dMapping id="clearAreaWidth" node="0>24|0|4|0" />
	    <i3dMapping id="clearAreaHeight" node="0>24|0|4|1" />
	    <i3dMapping id="loadingTriggerManure" node="0>24|0|0" />
	    <i3dMapping id="loadingTriggerAINode" node="0>24|0|1" />
        <i3dMapping id="loadingTriggerMarker" node="0>24|0|2" />		
        <i3dMapping id="infoTriggerManure" node="0>12" />	
        <i3dMapping id="tipCollisionWall" node="0>24|3|2" />
	
        <i3dMapping id="teleportNode" node="0>0" />
        <i3dMapping id="fillVolumeFood" node="0>1|0" />
        <i3dMapping id="exactFillRootNodeFood" node="0>1|1" />
        <i3dMapping id="foodPlace1" node="0>1|2|0" />
        <i3dMapping id="foodPlace2" node="0>1|2|1" />
        <i3dMapping id="foodPlace3" node="0>1|2|2" />
        <i3dMapping id="foodPlace4" node="0>1|2|3" />
        <i3dMapping id="foodPlace5" node="0>1|2|4" />
        <i3dMapping id="foodPlace6" node="0>1|2|5" />
        <i3dMapping id="foodPlace7" node="0>1|2|6" />
        <i3dMapping id="foodPlace8" node="0>1|2|7" />
        <i3dMapping id="foodPlace9" node="0>1|2|8" />
        <i3dMapping id="baleTrigger" node="0>1|3" />
        <i3dMapping id="baleTriggerStraw" node="0>4|2" />  

		
        <i3dMapping id="Door1" node="0>2|0" />
        <i3dMapping id="Door1_A" node="0>2|0|0" />
        <i3dMapping id="Door1_B" node="0>2|0|1" />
        <i3dMapping id="Door1_Trigger" node="0>2|0|2" />

        <i3dMapping id="Door2" node="0>2|1" />
        <i3dMapping id="Door2_A" node="0>2|1|0" />
        <i3dMapping id="Door2_B" node="0>2|1|1" />
        <i3dMapping id="Door2_Trigger" node="0>2|1|2" />
		
        <i3dMapping id="Door3" node="0>2|2" />
        <i3dMapping id="Door3_A" node="0>2|2|0" />
        <i3dMapping id="Door3_B" node="0>2|2|1" />
        <i3dMapping id="Door3_Trigger" node="0>2|2|2" />

        <i3dMapping id="Door4" node="0>2|3" />
        <i3dMapping id="Door4_A" node="0>2|3|0" />
        <i3dMapping id="Door4_Trigger" node="0>2|3|1" />		

        <i3dMapping id="Door5" node="0>2|4" />
        <i3dMapping id="Door5_A" node="0>2|4|0" />
        <i3dMapping id="Door5_Trigger" node="0>2|4|1" />

        <i3dMapping id="Door6" node="0>2|5" />
        <i3dMapping id="Door6_A" node="0>2|5|0" />
        <i3dMapping id="Door6_Trigger" node="0>2|5|1" />

        <i3dMapping id="Door7" node="0>2|6" />
        <i3dMapping id="Door7_A" node="0>2|6|0" />
        <i3dMapping id="Door7_B" node="0>2|6|1" />		
        <i3dMapping id="Door7_Trigger" node="0>2|6|2" />	

        <i3dMapping id="Door8" node="0>2|7" />
        <i3dMapping id="Door8_A" node="0>2|7|0" />
        <i3dMapping id="Door8_B" node="0>2|7|1" />		
        <i3dMapping id="Door8_Trigger" node="0>2|7|2" />			
		
		<i3dMapping id="storage" node="0>3" />
        <i3dMapping id="strawPlane" node="0>4|0" />
        <i3dMapping id="exactFillRootNodeStraw" node="0>4|1" />
        <i3dMapping id="milkTrigger" node="0>5|0" />
        <i3dMapping id="milkingRobot1" node="0>5|1" />
        <i3dMapping id="aiLoadingNodeMilk" node="0>5|2" />
        <i3dMapping id="milkContainer" node="0>5|3" />
        <i3dMapping id="liquidManureTank" node="0>6" />
        <i3dMapping id="liquidManureTrigger" node="0>6|0" />
        <i3dMapping id="aiLoadingNodeLiquidManure" node="0>6|1" />
        <i3dMapping id="realLightsLow" node="0>7|0|0" />
        <i3dMapping id="realLightsHigh" node="0>7|0|1" />
        <i3dMapping id="linkedLights" node="0>7|1" />
	
		
        <i3dMapping id="tubeLight01" node="0>7|1|0" />
        <i3dMapping id="tubeLight02" node="0>7|1|1" />
        <i3dMapping id="tubeLight03" node="0>7|1|2" />
        <i3dMapping id="tubeLight04" node="0>7|1|3" />
        <i3dMapping id="tubeLight05" node="0>7|1|4" />
        <i3dMapping id="tubeLight06" node="0>7|1|5" />
        <i3dMapping id="tubeLight07" node="0>7|1|6" />
        <i3dMapping id="tubeLight08" node="0>7|1|7" />
        <i3dMapping id="tubeLight09" node="0>7|1|8" />
        <i3dMapping id="tubeLight10" node="0>7|1|9" />
        <i3dMapping id="tubeLight11" node="0>7|1|10" />
		
        <i3dMapping id="lightSwitch" node="0>7|2" />
        <i3dMapping id="waterPlace1" node="0>8|0" />
        <i3dMapping id="navigationRootNode" node="0>9" />
        <i3dMapping id="markerMilk" node="0>10|0" />
        <i3dMapping id="markerAnimals" node="0>10|1" />
        <i3dMapping id="markerLiquidManure" node="0>10|2" />
        <i3dMapping id="markerFood" node="0>10|3" />
        
		<i3dMapping id="fence1Node1" node="0>11|0|0" />
        <i3dMapping id="fence1Node2" node="0>11|0|1" />
        <i3dMapping id="fence1Node3" node="0>11|0|2" />
        <i3dMapping id="fence1Node4" node="0>11|0|3" />		
		

        <i3dMapping id="infoTrigger" node="0>12" />
        <i3dMapping id="loadingTrigger" node="0>13" />
        <i3dMapping id="clearArea1Start" node="0>14|0" />
        <i3dMapping id="clearArea1Width" node="0>14|0|0" />
        <i3dMapping id="clearArea1Height" node="0>14|0|1" />

        <i3dMapping id="levelArea1Start" node="0>15|0" />
        <i3dMapping id="levelArea1Width" node="0>15|0|0" />
        <i3dMapping id="levelArea1Height" node="0>15|0|1" />
        <i3dMapping id="paintArea1Start" node="0>15|1" />
        <i3dMapping id="paintArea1Width" node="0>15|1|0" />
        <i3dMapping id="paintArea1Height" node="0>15|1|1" />



	
		
        <i3dMapping id="indoorArea1Start" node="0>17|0" />
        <i3dMapping id="indoorArea1Width" node="0>17|0|0" />
        <i3dMapping id="indoorArea1Height" node="0>17|0|1" />
        <i3dMapping id="indoorArea2Start" node="0>17|1" />
        <i3dMapping id="indoorArea2Width" node="0>17|1|0" />
        <i3dMapping id="indoorArea2Height" node="0>17|1|1" />
		
        <i3dMapping id="indoorArea3Start" node="0>17|2" />
        <i3dMapping id="indoorArea3Width" node="0>17|2|0" />
        <i3dMapping id="indoorArea3Height" node="0>17|2|1" />		
		
        <i3dMapping id="testArea1Start" node="0>18|0" />
        <i3dMapping id="testArea1End" node="0>18|0|0" />
        <i3dMapping id="testArea2Start" node="0>18|1" />
        <i3dMapping id="testArea2End" node="0>18|1|0" />
        <i3dMapping id="tipOcclusionUpdateArea1Start" node="0>19|0" />
        <i3dMapping id="tipOcclusionUpdateArea1End" node="0>19|0|0" />


    </i3dMappings>
</placeable>
