<?xml version="1.0" encoding="utf-8" standalone="no" ?>
<placeable type="simplePlaceable" xmlns:xsi="http://www.w3.org/2001/XMLSchema-instance" xsi:noNamespaceSchemaLocation="../../../../shared/xml/schema/placeable.xsd">
    <storeData>
        <name>$l10n_shopItem_SCS_Franken_Farm_Unterstand_B</name>
        <functions>
            <function>$l10n_function_garage</function>
        </functions>
        <image>store_textures/store_Franken_Farm_Unterstand_B.dds</image>
        <price>8000</price>
        <dailyUpkeep>40</dailyUpkeep>
        <lifetime>1000</lifetime>
        <rotation>0</rotation>
        <brand>Lizard</brand>
        <species>placeable</species>
        <category>sheds</category>
        <canBeSold>true</canBeSold>
        <showInStore>true</showInStore>

        <vertexBufferMemoryUsage>1659648</vertexBufferMemoryUsage>
        <indexBufferMemoryUsage>129536</indexBufferMemoryUsage>
        <textureMemoryUsage>8912896</textureMemoryUsage>
        <audioMemoryUsage>0</audioMemoryUsage>
        <instanceVertexBufferMemoryUsage>0</instanceVertexBufferMemoryUsage>
        <instanceIndexBufferMemoryUsage>0</instanceIndexBufferMemoryUsage>
    </storeData>

    <base>
        <filename>Franken_Farm_Unterstand_B.i3d</filename>
		<boughtWithFarmland>true</boughtWithFarmland>		
    </base>

    <placement useRandomYRotation="false" useManualYRotation="true">
        <testAreas>
            <testArea startNode="testArea1Start" endNode="testArea1End" />
        </testAreas>
		 <sounds>
            <place template="smallImp" />
         </sounds>			
    </placement>

    <clearAreas>
        <clearArea startNode="clearArea1Start" widthNode="clearArea1Width" heightNode="clearArea1Height"/>
    </clearAreas>

    <leveling requireLeveling="true" maxSmoothDistance="3" maxSlope="75" maxEdgeAngle="30">
        <levelAreas>
            <levelArea startNode="levelArea1Start" widthNode="levelArea1Width" heightNode="levelArea1Height" groundType="asphalt"/>
        </levelAreas>
    </leveling>

    <indoorAreas>
        <indoorArea startNode="indoorArea1Start" widthNode="indoorArea1Width" heightNode="indoorArea1Height"/>
        <indoorArea startNode="indoorArea2Start" widthNode="indoorArea2Width" heightNode="indoorArea2Height"/>		
    </indoorAreas>

    <tipOcclusionUpdateAreas>
        <tipOcclusionUpdateArea startNode="tipOcclusionUpdateArea1Start" endNode="tipOcclusionUpdateArea1End" />
    </tipOcclusionUpdateAreas>

    <ai>
        <updateAreas>
            <updateArea startNode="tipOcclusionUpdateArea1Start" endNode="tipOcclusionUpdateArea1End" />
        </updateAreas>
    </ai>

  <animatedObjects>
       
	   <animatedObject saveId="Door1" >
            <animation duration="1.5">
                <part node="Door1_A">
                    <keyFrame time="0.0" translation="1.185 0 -0.076"/>
                    <keyFrame time="1.0" translation="-2.204 0 -0.076"/>
                </part>
                <part node="Door1_B">
                    <keyFrame time="0.0" translation="4.58 0 -0.117"/>
                    <keyFrame time="1.0" translation="-1.908 0 -0.117"/>
                </part>
            </animation>
            <controls triggerNode="Door1_Trigger" posAction="ACTIVATE_HANDTOOL" posText="action_openDoor" negText="action_closeDoor" />
            <sounds>
                <moving linkNode="Door1_Trigger" template="slidingGateWoodLoop" />
                <posEnd linkNode="Door1_Trigger" template="metalDoorsOpen" />
                <negEnd linkNode="Door1_Trigger" template="metalDoorsClose" />
            </sounds>
        </animatedObject>
		
	   <animatedObject saveId="Door2" >
            <animation duration="1.5">
                <part node="Door2_A">
                    <keyFrame time="0.0" translation="-1.091 0 0"/>
                    <keyFrame time="1.0" translation="-4.559 0 0"/>
                </part>
                <part node="Door2_B">
                    <keyFrame time="0.0" translation="2.209 0 -0.065"/>
                    <keyFrame time="1.0" translation="-4.28 0 -0.065"/>
                </part>
            </animation>
            <controls triggerNode="Door2_Trigger" posAction="ACTIVATE_HANDTOOL" posText="action_openDoor" negText="action_closeDoor" />
            <sounds>
                <moving linkNode="Door2_Trigger" template="slidingGateWoodLoop" />
                <posEnd linkNode="Door2_Trigger" template="metalDoorsOpen" />
                <negEnd linkNode="Door2_Trigger" template="metalDoorsClose" />
            </sounds>
        </animatedObject>

	   <animatedObject saveId="Door3" >
            <animation duration="1.5">
                <part node="Door3_A">
                    <keyFrame time="0.0" rotation="0 0 0"/>
                    <keyFrame time="1.0" rotation="0 -103.15 0"/>
                </part>
                <part node="Door3_B">
                    <keyFrame time="0.0" rotation="0 0 0"/>
                    <keyFrame time="1.0" rotation="0 95 0"/>
                </part>
            </animation>
            <controls triggerNode="Door3_Trigger" posAction="ACTIVATE_HANDTOOL" posText="action_openDoor" negText="action_closeDoor" />
            <sounds>
                <moving linkNode="Door3_Trigger" template="slidingGateWoodLoop" />
                <posEnd linkNode="Door3_Trigger" template="metalDoorsOpen" />
                <negEnd linkNode="Door3_Trigger" template="metalDoorsClose" />
            </sounds>
        </animatedObject>		

	   <animatedObject saveId="Door4" >
            <animation duration="1.5">
                <part node="Door4_A">
                    <keyFrame time="0.0" rotation="0 0 0"/>
                    <keyFrame time="1.0" rotation="0 -95 0"/>
                </part>
                <part node="Door4_B">
                    <keyFrame time="0.0" rotation="0 0 0"/>
                    <keyFrame time="1.0" rotation="0 99 0"/>
                </part>
            </animation>
            <controls triggerNode="Door4_Trigger" posAction="ACTIVATE_HANDTOOL" posText="action_openDoor" negText="action_closeDoor" />
            <sounds>
                <moving linkNode="Door4_Trigger" template="slidingGateWoodLoop" />
                <posEnd linkNode="Door4_Trigger" template="metalDoorsOpen" />
                <negEnd linkNode="Door4_Trigger" template="metalDoorsClose" />
            </sounds>
        </animatedObject>			
    </animatedObjects>
	
	
	

    <lights>
        <sharedLight filename="$data/shared/assets/lights/terraLed/fluorescentTube50W.xml" linkNode="lightNode01" groupIndex="1">
        </sharedLight>
        <sharedLight filename="$data/shared/assets/lights/terraLed/fluorescentTube50W.xml" linkNode="lightNode02" groupIndex="1">
        </sharedLight>
        <sharedLight filename="$data/shared/assets/lights/terraLed/fluorescentTube50W.xml" linkNode="lightNode03" groupIndex="1">
        </sharedLight>
       
        <realLights>
            <low>
                <light node="realLightsLow" groupIndex="1"/>
            </low>
            <high>
                <light node="realLightsHigh" groupIndex="1"/>
            </high>
        </realLights>

        <group name="$l10n_action_placeableLightShed" triggerNode="lightTrigger">
            <sounds>
                <toggle template="lizardFloodLight" innerRadius="50" outerRadius="100" volumeScale="0.2"/>
            </sounds>
        </group>
    </lights>



    <i3dMappings>

        <i3dMapping id="clearArea1Start" node="0>1|0" />
        <i3dMapping id="clearArea1Width" node="0>1|0|0" />
        <i3dMapping id="clearArea1Height" node="0>1|0|1" />
        <i3dMapping id="levelArea1Start" node="0>2|0" />
        <i3dMapping id="levelArea1Width" node="0>2|0|0" />
        <i3dMapping id="levelArea1Height" node="0>2|0|1" />		
        <i3dMapping id="indoorArea1Start" node="0>3|0" />
        <i3dMapping id="indoorArea1Width" node="0>3|0|0" />
        <i3dMapping id="indoorArea1Height" node="0>3|0|1" />

        <i3dMapping id="Door1" node="0>0|0" />
        <i3dMapping id="Door1_A" node="0>0|0|0" />
        <i3dMapping id="Door1_B" node="0>0|0|1" />
        <i3dMapping id="Door1_Trigger" node="0>0|0|2" />

        <i3dMapping id="Door2" node="0>0|1" />
        <i3dMapping id="Door2_A" node="0>0|1|0" />
        <i3dMapping id="Door2_B" node="0>0|1|1" />
        <i3dMapping id="Door2_Trigger" node="0>0|1|2" />

        <i3dMapping id="Door3" node="0>0|2" />
        <i3dMapping id="Door3_A" node="0>0|2|0" />
        <i3dMapping id="Door3_B" node="0>0|2|1" />
        <i3dMapping id="Door3_Trigger" node="0>0|2|2" />

        <i3dMapping id="Door4" node="0>0|3" />
        <i3dMapping id="Door4_A" node="0>0|3|0" />
        <i3dMapping id="Door4_B" node="0>0|3|1" />
        <i3dMapping id="Door4_Trigger" node="0>0|3|2" />		

        <i3dMapping id="indoorArea2Start" node="0>3|1" />
        <i3dMapping id="indoorArea2Width" node="0>3|1|0" />
        <i3dMapping id="indoorArea2Height" node="0>3|1|1" />

        <i3dMapping id="lightTrigger" node="0>4|0" />

        <i3dMapping id="realLightsLow" node="0>4|1|0" />
        <i3dMapping id="realLightsHigh" node="0>4|1|1" />
		
        <i3dMapping id="lightNode01" node="0>4|2" />
        <i3dMapping id="lightNode02" node="0>4|3" />
        <i3dMapping id="lightNode03" node="0>4|4" />		
        <i3dMapping id="lightNode01" node="0>4|5" />
        <i3dMapping id="lightNode02" node="0>4|6" />
        <i3dMapping id="lightNode03" node="0>4|7" />		
		
		
        <i3dMapping id="testArea1Start" node="0>5|0" />
        <i3dMapping id="testArea1End" node="0>5|0|0" />
        <i3dMapping id="tipOcclusionUpdateArea1Start" node="0>6|0" />
        <i3dMapping id="tipOcclusionUpdateArea1End" node="0>6|0|0" />
    </i3dMappings>
</placeable>
