<?xml version="1.0" encoding="utf-8" standalone="no" ?>
<placeable type="chickenHusbandrySilo" xmlns:xsi="http://www.w3.org/2001/XMLSchema-instance" xsi:noNamespaceSchemaLocation="../../../../shared/xml/schema/placeable.xsd">
    <storeData>
        <name>$l10n_shopItem_SCS_Franken_Farm_Scheune</name>
        <image>store_textures/store_Franken_Farm_Scheune.png</image>
        <price>15000</price>
        <functions>
            <function>$l10n_function_animalPenChicken</function>
        </functions>
        <lifetime>1000</lifetime>
        <dailyUpkeep>25</dailyUpkeep>
        <rotation>0</rotation>
        <brand>Lizard</brand>
        <species>placeable</species>
        <category>animalpens</category>
        <brush>
            <type>placeable</type>
            <category>animals</category>
            <tab>chickens</tab>
        </brush>
        <storeIconRendering>
            <settings cameraXRot="-20" cameraYRot="50" advancedBoundingBox="true"/>
        </storeIconRendering>


        <vertexBufferMemoryUsage>1126656</vertexBufferMemoryUsage>
        <indexBufferMemoryUsage>97280</indexBufferMemoryUsage>
        <textureMemoryUsage>10027008</textureMemoryUsage>
        <audioMemoryUsage>0</audioMemoryUsage>
        <instanceVertexBufferMemoryUsage>0</instanceVertexBufferMemoryUsage>
        <instanceIndexBufferMemoryUsage>0</instanceIndexBufferMemoryUsage>
    </storeData>

    <base>
        <filename>Franken_Farm_Scheune.i3d</filename>
		<boughtWithFarmland>true</boughtWithFarmland>		
        <canBeRenamed>true</canBeRenamed>
    </base>

    <placement useRandomYRotation="false" useManualYRotation="true">
        <testAreas>
            <testArea startNode="testArea1Start" endNode="testArea1End" />
            <testArea startNode="testArea2Start" endNode="testArea2End" />
        </testAreas>
		 <sounds>
            <place template="smallImp" />
         </sounds>			
    </placement>

    <clearAreas>
         <clearArea startNode="clearArea1Start" widthNode="clearArea1Width" heightNode="clearArea1Height"/>
         <clearArea startNode="clearArea2Start" widthNode="clearArea2Width" heightNode="clearArea2Height"/>
         <clearArea startNode="clearArea3Start" widthNode="clearArea3Width" heightNode="clearArea3Height"/>		
    </clearAreas>

    <leveling requireLeveling="true" maxSmoothDistance="10" maxSlope="75" maxEdgeAngle="30">
         <levelAreas>
             <levelArea startNode="levelArea1Start" widthNode="levelArea1Width" heightNode="levelArea1Height" groundType="dirt"/>
         </levelAreas>

        <paintAreas>
            <paintArea startNode="paintArea1Start" widthNode="paintArea1Width" heightNode="paintArea1Height" groundType="grass" />
        </paintAreas>
    </leveling>

    <foliageAreas>
        <foliageArea startNode="foliageArea1Start" widthNode="foliageArea1Width" heightNode="foliageArea1Height" decoFoliage="grassShort" />
    </foliageAreas>

    <indoorAreas>
         <indoorArea startNode="indoorArea1Start" widthNode="indoorArea1Width" heightNode="indoorArea1Height"/>
         <indoorArea startNode="indoorArea2Start" widthNode="indoorArea2Width" heightNode="indoorArea2Height"/>	
         <indoorArea startNode="indoorArea3Start" widthNode="indoorArea3Width" heightNode="indoorArea3Height"/>	
    </indoorAreas>

    <tipOcclusionUpdateAreas>
        <tipOcclusionUpdateArea startNode="tipOcclusionUpdateArea1Start" endNode="tipOcclusionUpdateArea1End" />
    </tipOcclusionUpdateAreas>

    <ai>
        <updateAreas>
            <updateArea startNode="tipOcclusionUpdateArea1Start" endNode="tipOcclusionUpdateArea1End" />
        </updateAreas>
    </ai>

    <triggerMarkers>
        <triggerMarker node="markerFood" filename="$data/shared/assets/marker/markerIcons.xml" id="UNLOAD" />
        <triggerMarker node="markerAnimals" filename="$data/shared/assets/marker/markerIcons.xml" id="ANIMALS" />
        <triggerMarker node="markerEggsDecal1" adjustToGround="true"/>
        <triggerMarker node="markerEggsDecal2" adjustToGround="true"/>
        <triggerMarker node="markerEggsDecal3" adjustToGround="true"/>
        <triggerMarker node="markerEggsDecal4" adjustToGround="true"/>
	    <triggerMarker node="triggermarkerloadSilo" filename="$data/shared/assets/marker/markerIcons.xml" id="LOAD" />				<!-- Silo -->
        <triggerMarker node="triggerMarkerunloadSilo" filename="$data/shared/assets/marker/markerIcons.xml" id="UNLOAD" />		
    </triggerMarkers>

		<infoTrigger triggerNode="infoTriggerSilo"/>		<!-- Silo -->	

    <hotspots>
         <hotspot type="CHICKEN" teleportNode="teleportNode" />
    </hotspots>

    <animatedObjects>
	
        <animatedObject saveId="Door01" >
            <animation duration="1.5">
                <part node="Door01_L">
                    <keyFrame time="0.0" rotation="0 0 0"/>
                    <keyFrame time="1.0" rotation="0 -103.15 0"/>
                </part>
                <part node="Door01_R">
                    <keyFrame time="0.0" rotation="0 0 0"/>
                    <keyFrame time="1.0" rotation="0 103.15 0"/>
                </part>				
            </animation>
            <controls triggerNode="Door01_Trigger" posAction="ACTIVATE_HANDTOOL" posText="action_openDoor" negText="action_closeDoor" />
            <sounds>
                <moving linkNode="Door01_Trigger" template="woodBigDoorLoop" />
                <posEnd linkNode="Door01_Trigger" template="metalDoorsOpen" />
                <negEnd linkNode="Door01_Trigger" template="metalDoorsClose" />
            </sounds>
        </animatedObject>
     

        <animatedObject saveId="Door02" >
            <animation duration="1.5">
                <part node="Door02_L">
                    <keyFrame time="0.0" rotation="0 0 0"/>
                    <keyFrame time="1.0" rotation="0 -91 0"/>
                </part>
                <part node="Door02_R">
                    <keyFrame time="0.0" rotation="0 0 0"/>
                    <keyFrame time="1.0" rotation="0 123.37 0"/>
                </part>				
            </animation>
            <controls triggerNode="Door02_Trigger" posAction="ACTIVATE_HANDTOOL" posText="action_openDoor" negText="action_closeDoor" />
            <sounds>
                <moving linkNode="Door02_Trigger" template="woodBigDoorLoop" />
                <posEnd linkNode="Door02_Trigger" template="metalDoorsOpen" />
                <negEnd linkNode="Door02_Trigger" template="metalDoorsClose" />
            </sounds>
        </animatedObject>


        <animatedObject saveId="Door03" >
            <animation duration="1.5">
                <part node="Door03_L">
                    <keyFrame time="0.0" rotation="0 0 0"/>
                    <keyFrame time="1.0" rotation="0 -91.01 0"/>
                </part>
		
            </animation>
            <controls triggerNode="Door03_Trigger" posAction="ACTIVATE_HANDTOOL" posText="action_openDoor" negText="action_closeDoor" />
            <sounds>
                <moving linkNode="Door03_Trigger" template="woodBigDoorLoop" />
                <posEnd linkNode="Door03_Trigger" template="metalDoorsOpen" />
                <negEnd linkNode="Door03_Trigger" template="metalDoorsClose" />
            </sounds>
        </animatedObject>

        <animatedObject saveId="Door04" >
            <animation duration="1.5">
                <part node="Door04_L">
                    <keyFrame time="0.0" rotation="0 0 0"/>
                    <keyFrame time="1.0" rotation="0 175.96 0"/>
                </part>
		
            </animation>
            <controls triggerNode="Door04_Trigger" posAction="ACTIVATE_HANDTOOL" posText="action_openDoor" negText="action_closeDoor" />
            <sounds>
                <moving linkNode="Door04_Trigger" template="woodBigDoorLoop" />
                <posEnd linkNode="Door04_Trigger" template="metalDoorsOpen" />
                <negEnd linkNode="Door04_Trigger" template="metalDoorsClose" />
            </sounds>
        </animatedObject>
		
        <animatedObject saveId="Offloading_Silo1" >
            <animation duration="1.5">
                <part node="Offloading_Silo1_Door">
                    <keyFrame time="0.0" translation="-0.824 0.116 2.697"/>
                    <keyFrame time="1.0" translation="-4.061 0.116 2.697"/>
                </part>
                <part node="Offloading_Silo1_XTrigger">
                    <keyFrame time="0.0" translation="-7.548 9.551 4.375"/>
                    <keyFrame time="1.0" translation="-7.548 0.145 4.375"/>
                </part>		
            </animation>
            <controls triggerNode="Offloading_Silo1_Trigger" posAction="ACTIVATE_HANDTOOL" posText="action_openOffloadingpit" negText="action_closeOffloadingpit" />
            <sounds>
                <moving linkNode="Offloading_Silo1_Trigger" template="slidingGateWoodLoop" />
                <posEnd linkNode="Offloading_Silo1_Trigger" template="metalDoorsOpen" />
                <negEnd linkNode="Offloading_Silo1_Trigger" template="metalDoorsClose" />
            </sounds>
        </animatedObject>	

        <animatedObject saveId="Offloading_Silo2" >
            <animation duration="1.5">
                <part node="Offloading_Silo2_Door">
                    <keyFrame time="0.0" rotation="90 0 0"/>
                    <keyFrame time="1.0" rotation="0 0 0"/>
                </part>
                <part node="Offloading_Silo2_XTrigger">
                    <keyFrame time="0.0" translation="1.869 8.565 7.186"/>
                    <keyFrame time="1.0" translation="1.869 0.017 7.186"/>
                </part>				
		
            </animation>
            <controls triggerNode="Offloading_Silo2_Trigger" posAction="ACTIVATE_HANDTOOL" posText="action_openOffloadingpit" negText="action_closeOffloadingpit" />
            <sounds>
                <moving linkNode="Offloading_Silo2_Trigger" template="woodBigDoorLoop" />
                <posEnd linkNode="Offloading_Silo2_Trigger" template="metalDoorsOpen" />
                <negEnd linkNode="Offloading_Silo2_Trigger" template="metalDoorsClose" />
            </sounds>
        </animatedObject>


		
	 
    </animatedObjects>

    <dynamicallyLoadedParts>
        <dynamicallyLoadedPart node="0" linkNode="lightSwitch" filename="$data/shared/assets/lights/terraLed/switch.i3d" />
        <dynamicallyLoadedPart node="0" linkNode="Spawn_SILO" filename="Franken_Farm_Scheune_SILO.i3d" />		
    </dynamicallyLoadedParts>

    <lights>
        <sharedLight filename="$data/shared/assets/lights/terraLed/fluorescentTube50W.xml" linkNode="tubeLight01" groupIndex="1"  />
        <sharedLight filename="$data/shared/assets/lights/terraLed/fluorescentTube50W.xml" linkNode="tubeLight02" groupIndex="1"  />
        <sharedLight filename="$data/shared/assets/lights/terraLed/fluorescentTube50W.xml" linkNode="tubeLight03" groupIndex="1"  />
        <sharedLight filename="$data/shared/assets/lights/terraLed/fluorescentTube50W.xml" linkNode="tubeLight04" groupIndex="1"  />
        <sharedLight filename="$data/shared/assets/lights/terraLed/fluorescentTube50W.xml" linkNode="tubeLight05" groupIndex="1"  />
        <realLights>
            <low>
                <light node="realLightsLow" groupIndex="1"/>
            </low>
            <high>
                <light node="realLightsHigh" groupIndex="1"/>
            </high>
        </realLights>

        <group name="$l10n_action_placeableLightShed" activateTime="17:30" deactivateTime="7:00"/>
    </lights>

    <infoTrigger triggerNode="infoTrigger" />


    <husbandry saveId="Animals_CHICKEN" hasStatistics="false">
        <storage node="storage" fillTypes="WATER" isExtension="false">
            <capacity fillType="WATER" capacity="0" />
        </storage>

        <unloadingStation supportsExtension="false" hideFromPricesMenu="true" />

        <loadingStation supportsExtension="false" />

        <animals type="CHICKEN" maxNumAnimals="360" >
            <navigation rootNode="navigationRootNode" filename="Chicken_Mesh.i3d" />
            <loadingTrigger node="loadingTrigger" />
        </animals>

        <food capacity="9000" >
             <feedingTrough exactFillRootNode="exactFillRootNodeFood" />
            <foodPlane node="foodPlane" minY="-0.207" maxY="-0.009" changeVisibility="true" defaultFillType="WHEAT"/>
        </food>

        <pallets fillType="EGG" maxNumPallets="6" unitText="$l10n_unit_pieces">
            <spawnPlaces >
                <spawnPlace startNode="palletArea1Start" endNode="palletArea1End" />
                <spawnPlace startNode="palletArea2Start" endNode="palletArea2End" />
            </spawnPlaces>
        </pallets>

        <fences>
            <fence filename="$data/placeables/lizard/fencesFarm/chickenNetFence/chickenNetFenceSingleton.xml" hasStartPole="true" hasEndPole="true">
                <node node="fence1Node1" />
                <node node="fence1Node2" />
                <node node="fence1Node3" />
                <node node="fence1Node4" />
            </fence>
        </fences>
    </husbandry>



    <silo>
        <loadingStation node="loadingTriggerSilo" supportsExtension="true" storageRadius="50">
            <loadTrigger triggerNode="loadingTriggerSilo" fillLitersPerSecond="2000" dischargeNode="dischargeNodeSilo" fillTypeCategories="bulk" aiNode="aiLoadingNodeSilo">
                <effectNode effectClass="PipeEffect" effectNode="pipeEffectSilo"      materialType="pipe"           fadeTime="0.5" maxBending="0" controlPoint="4.8 0 0 0"/>
                <effectNode                          effectNode="pipeEffectSmokeSilo" materialType="unloadingSmoke" fadeTime="0.5" />
            </loadTrigger>
        </loadingStation>

        <unloadingStation supportsExtension="true" storageRadius="50">
            <unloadTrigger exactFillRootNode="exactFillRootNodeSilo" fillTypeCategories="bulk" aiNode="aiUnloadingNodeSilo"/>
        </unloadingStation>

        <storages>
            <storage node="storageSilo" fillTypeCategories="bulk" capacity="300000" isExtension="true"/>
        </storages>
    </silo> 

    <i3dMappings>
        <i3dMapping id="teleportNode" node="0>0" />
        <i3dMapping id="exactFillRootNodeFood" node="0>1|0" />
        <i3dMapping id="foodPlane" node="0>1|5" />
        <i3dMapping id="Door01" node="0>2|0" />
		<i3dMapping id="Door01_L" node="0>2|0|0" />
		<i3dMapping id="Door01_R" node="0>2|0|1" />
		<i3dMapping id="Door01_Trigger" node="0>2|0|2" />		

        <i3dMapping id="Door02" node="0>2|1" />
		<i3dMapping id="Door02_L" node="0>2|1|0" />
		<i3dMapping id="Door02_R" node="0>2|1|1" />
		<i3dMapping id="Door02_Trigger" node="0>2|1|2" />	

        <i3dMapping id="Door03" node="0>2|2" />
		<i3dMapping id="Door03_L" node="0>2|2|0" />
		<i3dMapping id="Door03_Trigger" node="0>2|2|1" />	

        <i3dMapping id="Door04" node="0>2|3" />
		<i3dMapping id="Door04_L" node="0>2|3|0" />
		<i3dMapping id="Door04_Trigger" node="0>2|3|1" />	
		
        <i3dMapping id="Offloading_Silo1" node="0>24" />
		<i3dMapping id="Offloading_Silo1_Door" node="0>24|0" />
		<i3dMapping id="Offloading_Silo1_Trigger" node="0>24|1" />		
		<i3dMapping id="Offloading_Silo1_XTrigger" node="0>23|3" />
		
        <i3dMapping id="Offloading_Silo2" node="0>25" />
		<i3dMapping id="Offloading_Silo2_Door" node="0>25|0" />
		<i3dMapping id="Offloading_Silo2_Trigger" node="0>25|1" />	
		<i3dMapping id="Offloading_Silo2_XTrigger" node="0>1|0" />

        <i3dMapping id="storage" node="0>3" />
        <i3dMapping id="palletTrigger" node="0>4|0" />
        <i3dMapping id="palletArea1Start" node="0>4|1" />
        <i3dMapping id="palletArea1End" node="0>4|1|0" />
        <i3dMapping id="palletArea2Start" node="0>4|2" />
        <i3dMapping id="palletArea2End" node="0>4|2|0" />
        <i3dMapping id="navigationRootNode" node="0>5" />
        <i3dMapping id="realLightsLow" node="0>6|0|0" />
        <i3dMapping id="realLightsHigh" node="0>6|0|1" />
        <i3dMapping id="linkedLights" node="0>6|1" />
        <i3dMapping id="tubeLight01" node="0>6|1|0" />
        <i3dMapping id="tubeLight02" node="0>6|1|1" />
        <i3dMapping id="tubeLight03" node="0>6|1|2" />
        <i3dMapping id="tubeLight04" node="0>6|1|3" />
        <i3dMapping id="tubeLight05" node="0>6|1|4" />		
		
        <i3dMapping id="lightSwitch" node="0>6|2" />
        <i3dMapping id="fence1Node1" node="0>7|0|0" />
        <i3dMapping id="fence1Node2" node="0>7|0|1" />
        <i3dMapping id="fence1Node3" node="0>7|0|2" />
        <i3dMapping id="fence1Node4" node="0>7|0|3" />
        <i3dMapping id="markerEggsDecal1" node="0>8|0|0" />
        <i3dMapping id="markerEggsDecal2" node="0>8|0|1" />
        <i3dMapping id="markerEggsDecal3" node="0>8|0|2" />
        <i3dMapping id="markerEggsDecal4" node="0>8|0|3" />
        <i3dMapping id="markerAnimals" node="0>8|1" />
        <i3dMapping id="markerFood" node="0>8|2" />
        <i3dMapping id="infoTrigger" node="0>9" />
        <i3dMapping id="loadingTrigger" node="0>10" />
		
        <i3dMapping id="clearArea1Start" node="0>11|0" />
        <i3dMapping id="clearArea1Width" node="0>11|0|0" />
        <i3dMapping id="clearArea1Height" node="0>11|0|1" />
        <i3dMapping id="clearArea2Start" node="0>11|1" />
        <i3dMapping id="clearArea2Width" node="0>11|1|0" />
        <i3dMapping id="clearArea2Height" node="0>11|1|1" />
        <i3dMapping id="clearArea3Start" node="0>11|2" />
        <i3dMapping id="clearArea3Width" node="0>11|2|0" />
        <i3dMapping id="clearArea3Height" node="0>11|2|1" />	
		
		
        <i3dMapping id="levelArea1Start" node="0>12|0" />
        <i3dMapping id="levelArea1Width" node="0>12|0|0" />
        <i3dMapping id="levelArea1Height" node="0>12|0|1" />
        <i3dMapping id="paintArea1Start" node="0>13|0" />
        <i3dMapping id="paintArea1Width" node="0>13|0|0" />
        <i3dMapping id="paintArea1Height" node="0>13|0|1" />
        <i3dMapping id="foliageArea1Start" node="0>14|0" />
        <i3dMapping id="foliageArea1Width" node="0>14|0|0" />
        <i3dMapping id="foliageArea1Height" node="0>14|0|1" />
		
        <i3dMapping id="indoorArea1Start" node="0>15|0" />
        <i3dMapping id="indoorArea1Width" node="0>15|0|0" />
        <i3dMapping id="indoorArea1Height" node="0>15|0|1" />

        <i3dMapping id="indoorArea2Start" node="0>15|1" />
        <i3dMapping id="indoorArea2Width" node="0>15|1|0" />
        <i3dMapping id="indoorArea2Height" node="0>15|1|1" />

        <i3dMapping id="indoorArea3Start" node="0>15|2" />
        <i3dMapping id="indoorArea3Width" node="0>15|2|0" />
        <i3dMapping id="indoorArea3Height" node="0>15|2|1" />	
		
        <i3dMapping id="testArea1Start" node="0>16|0" />
        <i3dMapping id="testArea1End" node="0>16|0|0" />
        <i3dMapping id="testArea2Start" node="0>16|1" />
        <i3dMapping id="testArea2End" node="0>16|1|0" />
        <i3dMapping id="tipOcclusionUpdateArea1Start" node="0>17|0" />
        <i3dMapping id="tipOcclusionUpdateArea1End" node="0>17|0|0" />

        <i3dMapping id="Spawn_SILO" node="0>22" />
		
		<i3dMapping id="silo" 					 node="0>23" />
        <i3dMapping id="mapPositionSilo" 		 node="0>23|0" />
        <i3dMapping id="storageSilo" 			 node="0>23|1" />
        <i3dMapping id="loadingStationSilo" 	 node="0>23|2" />
        <i3dMapping id="loadingTriggersSilo" 	 node="0>23|2|0" />
        <i3dMapping id="loadingTriggerSilo" 	 node="0>23|2|0|0" />
        <i3dMapping id="dischargeNodeSilo" 		 node="0>23|2|0|1" />
        <i3dMapping id="dischargeEffectSilo" 	 node="0>23|2|0|2" />
        <i3dMapping id="pipeEffectSilo" 		 node="0>23|2|0|2|0" />
        <i3dMapping id="pipeEffectSmokeSilo" 	 node="0>23|2|0|2|1" />
        <i3dMapping id="aiLoadingNodeSilo" 		 node="0>23|2|0|3" />
        <i3dMapping id="unloadingStationSilo" 	 node="0>23|3" />
        <i3dMapping id="exactFillRootNodeSilo" 	 node="0>23|3|0" />
        <i3dMapping id="aiUnloadingNodeSilo" 	 node="0>23|3|1" />	
		
		<!-- Silo -->
		<i3dMapping id="infoTriggerSilo" 		     node="0>9" />
        <i3dMapping id="triggerMarkerunloadSilo" node="0>23|5" />
        <i3dMapping id="triggermarkerloadSilo" 	 node="0>23|6" />			
    </i3dMappings>
</placeable>
