﻿<?xml version="1.0" encoding="utf-8" standalone="no" ?>
<modDesc descVersion="73">
    <author>BERNIESCS</author>
    <version>1.0.0.0</version>

	
<title>
<en>Franconian Farm Buildings</en>
<de>Franken Hof Gebäude</de>
<fr>Bâtiment De Ferme Franconienne</fr>
</title>
	
	
<description>
<en>
<![CDATA[This is a placeable Franconian farm. It consists of :
- Farmhouse: 50.000 $ / Cost per day 50 $ 
- Chicken coop with farm silo 15,000 $ / cost per day 25 $.
The silo has a capacity of 300,000 litres.
Here you have to activate the respective unloading point by opening the flap.
The unloading point of the silo is located in the passage of the barn.
The feed unloading point for the chickens is outside at the front of the barn.
- Cowshed, medium with dung heap. 80.000 $ / 100 $ per day
- 2 shelters for implements and tractors
- High silo
Price: 15.000 $
Maintenance: 120 $/day
In : grass, hay, straw, chopped material
Out : Silage]]>
</en>
<de>
<![CDATA[Dies ist ein platzierbarer fränkischer Hof. Er besteht aus :
- Farmhaus: 50.000 € / Kosten je Tag 50 €
- Hühnerstall mit Farmsilo 15.000 € / Kosten je Tag 25 €
Das Silo hat eine Kapazität von 300.000 L
Hier müssen sie die jeweilige Abladestelle aktivieren indem sie die Klappe öffen.
Die Entladestelle des Silos befindet sich in der Durchfahrt der Scheune.
Die Futterentladestelle für die Hühner befindet sich Aussen an der Frontseite der Scheune..
- Kustall, Medium  mit Misthaufen. 80.000 € / 100 €je Tag
- 2 Unterstände für Geräte und Traktoren
- Hochsilo
Preis: 15.000 €
Unterhalt: 120 €/Tag
In : Gras, Heu, Stroh, Häckselgut
Out : Silage  
]]>
</de>
<fr>
<![CDATA[Il s'agit d'une ferme franconienne plaçable. Elle se compose de :
- Ferme : 50.000 € / coût par jour 50 €.
- Poulailler avec silo de ferme 15.000 € / coût par jour 25 €.
Le silo a une capacité de 300.000 litres.
Ici, vous devez activer le lieu de déchargement en ouvrant la trappe.
Le point de déchargement du silo se trouve dans le passage de la grange.
Le point de déchargement de l'aliment pour les poules se trouve à l'extérieur, à l'avant de la grange.
- Étable, moyen avec tas de fumier. 80.000 € / 100 €par jour
- 2 abris pour outils et tracteurs
- Silo en hauteur
Prix : 15.000 €.
Entretien : 120 €/jour
In : herbe, foin, paille, broyat
Out : ensilage
]]>
</fr>
</description>

    <iconFilename>icon_FFBuildings.dds</iconFilename>
    <multiplayer supported="true" />
	

	
	<placeableTypes>
		<type name="chickenHusbandrySilo" parent="simplePlaceable" className="Placeable" filename="$dataS/scripts/placeables/Placeable.lua">
			<specialization name="husbandry" />
			<specialization name="husbandryAnimals" />
			<specialization name="husbandryFood" />
			<specialization name="husbandryFence" />
			<specialization name="infoTrigger" />
			<specialization name="husbandryPallets" />	
			<specialization name="silo" />
		</type>
		
		<type name="cowHusbandryManureheap" parent="simplePlaceable" className="Placeable" filename="$dataS/scripts/placeables/Placeable.lua">
			<specialization name="husbandry" />
			<specialization name="husbandryAnimals" />
			<specialization name="husbandryFood" />
			<specialization name="husbandryFence" />
			<specialization name="infoTrigger" />
			<specialization name="husbandryWater" />
			<specialization name="husbandryMilk" />
			<specialization name="husbandryStraw" />
			<specialization name="husbandryLiquidManure" />
			<specialization name="manureHeap" />
		</type>		
	</placeableTypes>	


    <storeItems>
        <storeItem xmlFilename="Franken_Farm_House.xml"/>
		<storeItem xmlFilename="Franken_Farm_Scheune.xml"/>
		<storeItem xmlFilename="Franken_Farm_Kuhstall.xml"/>
		<storeItem xmlFilename="Franken_Farm_Unterstand_A.xml"/>
		<storeItem xmlFilename="Franken_Farm_Unterstand_B.xml"/>
		<storeItem xmlFilename="Franken_Farm_Fermenter.xml"/>		
    </storeItems>


	<l10n>
 
	<text name="shopItem_SCS_FARMHOUSE"> <en>Farmhouse</en> <de>Bauernhaus</de> <fr>Corp de ferme</fr> </text>
	<text name="shopItem_SCS_Franken_Farm_Scheune"> <en>Shed with chicken coop and Silo</en>  <de>Unterstand mit Huehnerstall und Silo</de>  <fr>Abri avec poulailler et silo</fr> </text>	
	<text name="shopItem_SCS_Franken_Farm_Kuhstall"> <en>Cowshed with manure pit</en>  <de>Kuhstall mit Misthaufen</de>  <fr>Étable à vaches avec tas de fumier</fr> </text>	
	<text name="shopItem_SCS_Franken_Farm_Unterstand_A"> <en>Shed</en>  <de>Unterstand</de>  <fr>hangar</fr> </text>	
	<text name="shopItem_SCS_Franken_Farm_Unterstand_B"> <en>Shed B</en>  <de>Unterstand B</de>  <fr>hangar B</fr> </text>
	<text name="shopItem_Franken_Farm_Fermenter"> <en>Production Silage</en>  <de>Silage Produktion</de>  <fr>Ensilage de production</fr> </text>

	<text name="function_forageFactory"> <en>Production Silage</en>  <de>Silage Produktion</de>  <fr>Ensilage de production</fr> </text>

	<text name="action_openOffloadingpit"> <en>Open Offloading-Pit</en> <de>Klappe der Entladestelle öffnen</de> <fr>Ouvrir la fosse de déchargement</fr></text>
	<text name="action_closeOffloadingpit"> <en>Close Offloading-Pit</en> <de>Klappe der Entladestelle schliessen</de> <fr>Fermer la fosse de déchagement</fr></text> 	
	

	</l10n>
</modDesc>
