<?xml version="1.0" encoding="utf-8" standalone="no" ?>
<placeable type="simplePlaceable" xmlns:xsi="http://www.w3.org/2001/XMLSchema-instance" xsi:noNamespaceSchemaLocation="../../../../shared/xml/schema/placeable.xsd">
    <storeData>
        <name>$l10n_placeable_Salvagehall_1_Big_Deko</name>
        <functions>
            <function>$l10n_function_garage</function>
        </functions>
        <image>store_Bergehalle1_deko.png</image>
        <price>175000</price>
        <dailyUpkeep>15</dailyUpkeep>
        <lifetime>1000</lifetime>
        <rotation>0</rotation>
        <brand>Lizard</brand>
        <species>placeable</species>
        <canBeSold>false</canBeSold>
        <showInStore>false</showInStore>
        <category>sheds</category>
        <brush>
            <type>placeable</type>
            <category>buildings</category>
            <tab>sheds</tab>
        </brush>
        <vertexBufferMemoryUsage>1371648</vertexBufferMemoryUsage>
        <indexBufferMemoryUsage>168960</indexBufferMemoryUsage>
        <textureMemoryUsage>5832704</textureMemoryUsage>
        <audioMemoryUsage>0</audioMemoryUsage>
        <instanceVertexBufferMemoryUsage>0</instanceVertexBufferMemoryUsage>
        <instanceIndexBufferMemoryUsage>0</instanceIndexBufferMemoryUsage>
    </storeData>

    <base>
        <filename>Bergehalle1_Deko.i3d</filename>
        <boughtWithFarmland>true</boughtWithFarmland>
    </base>

    <placement useRandomYRotation="false" useManualYRotation="true" >
        <testAreas>
            <testArea startNode="testArea1Start" endNode="testArea1End" />
        </testAreas>

        <sounds>
            <place template="medImp" />
        </sounds>
    </placement>

    <clearAreas>
        <clearArea startNode="clearArea1Start" widthNode="clearArea1Width" heightNode="clearArea1Height"/>
    </clearAreas>

    <leveling requireLeveling="true" maxSmoothDistance="10" maxSlope="75" maxEdgeAngle="30">
        <levelAreas>
            <levelArea startNode="levelArea1Start" widthNode="levelArea1Width" heightNode="levelArea1Height" groundType="asphalt"/>
        </levelAreas>
    </leveling>

    <indoorAreas>
        <indoorArea startNode="indoorArea1Start" widthNode="indoorArea1Width" heightNode="indoorArea1Height" />
    </indoorAreas>

    <tipOcclusionUpdateAreas>
        <tipOcclusionUpdateArea startNode="tipOcclusionUpdateArea1Start" endNode="tipOcclusionUpdateArea1End" />
    </tipOcclusionUpdateAreas>

    <ai>
        <updateAreas>
            <updateArea startNode="tipOcclusionUpdateArea1Start" endNode="tipOcclusionUpdateArea1End" />
        </updateAreas>
    </ai>


    <animatedObjects>
    </animatedObjects>

    <i3dMappings>
        <i3dMapping id="clearArea1Start" node="0>4|0" />
        <i3dMapping id="clearArea1Width" node="0>4|0|0" />
        <i3dMapping id="clearArea1Height" node="0>4|0|1" />
        <i3dMapping id="levelArea1Start" node="0>5|0" />
        <i3dMapping id="levelArea1Width" node="0>5|0|0" />
        <i3dMapping id="levelArea1Height" node="0>5|0|1" />
        <i3dMapping id="testArea1Start" node="0>6|0" />
        <i3dMapping id="testArea1End" node="0>6|0|0" />
        <i3dMapping id="indoorArea1Start" node="0>0|0" />
        <i3dMapping id="indoorArea1Width" node="0>0|0|0" />
        <i3dMapping id="indoorArea1Height" node="0>0|0|1" />
        <i3dMapping id="tipOcclusionUpdateArea1Start" node="0>1|0" />
        <i3dMapping id="tipOcclusionUpdateArea1End" node="0>1|0|0" />
    </i3dMappings>
</placeable>