<?xml version="1.0" encoding="utf-8" standalone="no" ?>
<placeable type="simplePlaceable" xmlns:xsi="http://www.w3.org/2001/XMLSchema-instance" xsi:noNamespaceSchemaLocation="../../../../shared/xml/schema/placeable.xsd">
    <storeData>
        <name>$l10n_placeable_Salvagehall_5</name>
        <functions>
            <function>$l10n_function_garage</function>
        </functions>
        <image>store_Bergehalle5.png</image>
        <price>80000</price>
        <dailyUpkeep>14</dailyUpkeep>
        <lifetime>1000</lifetime>
        <rotation>0</rotation>
        <brand>Lizard</brand>
        <species>placeable</species>
        <category>sheds</category>
        <brush>
            <type>placeable</type>
            <category>buildings</category>
            <tab>sheds</tab>
        </brush>
        <vertexBufferMemoryUsage>845824</vertexBufferMemoryUsage>
        <indexBufferMemoryUsage>116736</indexBufferMemoryUsage>
        <textureMemoryUsage>4784128</textureMemoryUsage>
        <audioMemoryUsage>0</audioMemoryUsage>
        <instanceVertexBufferMemoryUsage>0</instanceVertexBufferMemoryUsage>
        <instanceIndexBufferMemoryUsage>0</instanceIndexBufferMemoryUsage>
    </storeData>

    <base>
        <filename>Bergehalle5.i3d</filename>
        <boughtWithFarmland>true</boughtWithFarmland>
    </base>

    <placement useRandomYRotation="false" useManualYRotation="true" >
        <testAreas>
            <testArea startNode="testArea1Start" endNode="testArea1End" />
        </testAreas>

        <sounds>
            <place template="medImp" />
        </sounds>
    </placement>

    <clearAreas>
        <clearArea startNode="clearArea1Start" widthNode="clearArea1Width" heightNode="clearArea1Height"/>
    </clearAreas>

    <leveling requireLeveling="true" maxSmoothDistance="10" maxSlope="75" maxEdgeAngle="30">
        <levelAreas>
            <levelArea startNode="levelArea1Start" widthNode="levelArea1Width" heightNode="levelArea1Height" groundType="asphalt"/>
        </levelAreas>
    </leveling>

    <indoorAreas>
        <indoorArea startNode="indoorArea1Start" widthNode="indoorArea1Width" heightNode="indoorArea1Height" />
    </indoorAreas>

    <tipOcclusionUpdateAreas>
        <tipOcclusionUpdateArea startNode="tipOcclusionUpdateArea1Start" endNode="tipOcclusionUpdateArea1End" />
    </tipOcclusionUpdateAreas>

    <ai>
        <updateAreas>
            <updateArea startNode="tipOcclusionUpdateArea1Start" endNode="tipOcclusionUpdateArea1End" />
        </updateAreas>
    </ai>

    <animatedObjects>
			<!-- Rolltor 3 -->
				<animatedObject saveId="BergehalleRolltor4">
					<controls posAction="ACTIVATE_HANDTOOL" triggerNode="Trigger3" posText="action_openGate" negText="action_closeGate" />
				<sounds>
                <moving file="$data/sounds/prefab/gate/gateLoop.ogg" loops="0" volume="0.8" radius="25" innerRadius="3" fadeOut="0.25"/>
                </sounds>	
					<animation initialTime="0" duration="4">
						<part node="Tor_L3"> <!--index of left door node-->
							<keyFrame time="0" translation="0 0 0" />
							<keyFrame time="0.25" translation="0 0 0" />
							<keyFrame time="1.00" translation="0 0 2.25" />
						</part>
						<part node="Tor_R3"> <!--index of right door node-->
							<keyFrame time="0" translation="0 0 0" />
							<keyFrame time="0.75" translation="0 0 -2.25" />
							<keyFrame time="1.00" translation="0 0 -2.25" />
						</part>
					</animation>
				</animatedObject>
			<!-- Licht-->
				<animatedObject saveId="BergehalleLichtIndoor">
				<controls posAction="ACTIVATE_HANDTOOL" triggerNode="playerTrigger1" posText="action_LightsOn" negText="action_LightsOff" />
				<sounds>
				<moving file="sounds/switch01_0.ogg" loops="0" volume="0.8" radius="25" innerRadius="3" fadeOut="0.25"/>
				</sounds>
					<animation initialTime="0" duration="0.25">
						<part node="lever01"> <!--index of Lever of the Lightswitch-->
							<keyFrame time="0.00" rotation="0 0 0" />
							<keyFrame time="1" rotation="90 0 0" />
						</part>
						<part node="light"> <!--index of TG with realLights and emmisive shape-->
							<keyFrame time="0.5" visibility="false" />
							<keyFrame time="0.55" visibility="true" />
						</part>
					</animation>
				</animatedObject>
    </animatedObjects>

    <i3dMappings>
        <i3dMapping id="clearArea1Start" node="0>5|0" />
        <i3dMapping id="clearArea1Width" node="0>5|0|0" />
        <i3dMapping id="clearArea1Height" node="0>5|0|1" />
        <i3dMapping id="levelArea1Start" node="0>6|0" />
        <i3dMapping id="levelArea1Width" node="0>6|0|0" />
        <i3dMapping id="levelArea1Height" node="0>6|0|1" />
        <i3dMapping id="testArea1Start" node="0>7|0" />
        <i3dMapping id="testArea1End" node="0>7|0|0" />
        <i3dMapping id="indoorArea1Start" node="0>0|0" />
        <i3dMapping id="indoorArea1Width" node="0>0|0|0" />
        <i3dMapping id="indoorArea1Height" node="0>0|0|1" />
        <i3dMapping id="tipOcclusionUpdateArea1Start" node="0>1|0" />
        <i3dMapping id="tipOcclusionUpdateArea1End" node="0>1|0|0" />
        <i3dMapping id="Trigger3" node="0>2|0|0" />
        <i3dMapping id="Tor_L3" node="0>2|0|1" />
        <i3dMapping id="Tor_R3" node="0>2|0|2" />
        <i3dMapping id="playerTrigger1" node="0>4|0|0" />
        <i3dMapping id="light" node="0>4|0|2" />
        <i3dMapping id="lever01" node="0>4|0|1|0" />
    </i3dMappings>
</placeable>