﻿<?xml version="1.0" encoding="utf-8" standalone="no" ?>
<modDesc descVersion="79">
    <author>Razak</author>
    <version>1.3.0.0</version>
    <title>
        <en>Salvage Halls Package</en>
        <de>Bergehallen Packet</de>
    </title>
<description>
<en><![CDATA[A package of 6 recovery sheds, 2 shelters and 4 storage areas for bales and pallets for the yard.
Bulk goods can be unloaded in all halls, but care should be taken to ensure that the
that the halls are at right angles when they are used for bulk goods.

The decoration halls are only for pre-placing on maps for mappers / modders.
Since the fans are animated, the building cannot be placed or sold in the game,
therefore the buildings do not appear in the purchase menu.

Hall 1 - 4 & Shelter 1:
Size: L 49m x W 15m

Hall 5:
Size: L 25m x W 15m

Shelter 2:
Size: L 29m x W 15m

Hall 1:
One gate at each end, 2 gates at the front and ventilators on the rear wall.
- Price: 150000 €
- Maintenance: 25 €/day

Hall 2:
Like hall 1 only without fans
- Price: 135000 €
- Maintenance: 22 €/day

Hall 3:
Only doors at the front
- Price: 130000 €
- Maintenance: 20 €/day

Hall 4:
Only gates on the front sides
- Price: 130000 €
- Maintenance: 20 €/day

Hall 5:
Small recovery hall with gate at the front
- Price: 80000 €
- Maintenance: 14 €/day

Shelter 1:
A large shelter for machines
- Price: 80000 €
- Maintenance: 14 €/day

Shelter 2:
A small shelter for machines
- Price: 50000 €
- Maintenance: 7 €/day

- Small bale store for all types of bales and pallets
Price: 25.000 € each
Maintenance: 15 €/day
Capacity: 250

- Large bale store for all types of bales and pallets
Price: 15.000 € each
Maintenance: 10 €/day
Capacity: 500

Changelog 1.3.0.0:
- Hall 1 with blue roof added for the map Kandelin in MV
- Hall 1 with bales and pallet warehouse added
- Hall 1 with blue roof as well as bales and pallet storage added

Changelog 1.2.0.0:
- Added 3 deco halls for mappers where the fans rotate
- 2 bales and pallet storage added

Changelog 1.1.0.0:
- Textures adjusted so that there is no longer a conflict with Guideline 7.4]]></en>
<de><![CDATA[Ein Paket aus 6 Bergehallen, 2 Unterständen und 4 Lager für Ballen und Paletten für den Hof.
In allen Hallen kann Schüttgut abgeladen werden, aber es sollte drauf geachtet
werden, dass die Hallen im rechten Winkel stehen, wenn sie für Schüttgut genutzt werden.

Die Deko Hallen sind nur von zum vorplazieren auf Karten für Mapper / Modder.
Da die Ventilatoren animiert sind kann das Gebäude nicht im Spiel Plaziert oder verkauft werden,
daher tauchen die Gebäude erst garnicht im Kaufmenü auf.

Halle 1 - 4 & Unterstand 1:
Größe: L 49m x B 15m

Halle 5:
Größe: L 25m x B 15m

Unterstand 2:
Größe: L 29m x B 15m

Halle 1:
Je ein Tor an den Stirnseiten, 2 Tore an der Front und Ventilatoren an der Rückwand.
- Preis: 150000 €
- Unterhalt: 25 €/Tag

Halle 2:
Wie Halle 1 nur ohne Ventilatoren
- Preis: 135000 €
- Unterhalt: 22 €/Tag

Halle 3:
Nur Tore an der Frontseite
- Preis: 130000 €
- Unterhalt: 20 €/Tag

Halle 4:
Nur Tore an den Stirnseiten
- Preis: 130000 €
- Unterhalt: 20 €/Tag

Halle 5:
Kleine Bergehalle mit Tor an der Front
- Preis: 80000 €
- Unterhalt: 14 €/Tag

Unterstand 1:
Ein großer Unterstand für Maschinen
- Preis: 80000 €
- Unterhalt: 14 €/Tag

Unterstand 2:
Ein kleiner Unterstand für Maschinen
- Preis: 50000 €
- Unterhalt: 7 €/Tag

- Kleines Ballenlager für alle Ballen- und Paletten Sorten
Preis: je 25.000 €
Unterhalt: 15 €/Tag
Kapazität: 250

- Großes Ballenlager für alle Ballen- und Paletten Sorten
Preis: je 15.000 €
Unterhalt: 10 €/Tag
Kapazität: 500

Changelog 1.3.0.0:
- Halle 1 mit Blauem Dach für die Karte Kandelin in MV hinzu gefügt
- Halle 1 mit Ballen und Palettenlager hinzu gefügt
- Halle 1 mit blauem Dach sowie Ballen und Palettenlager hinzu gefügt

Changelog 1.2.0.0:
- 3 Deko-Hallen für Mapper hinzu gefügt wo sich die Ventilatoren drehen
- 2 Ballen und Palletenlager hinzu gefügt

Changelog 1.1.0.0:
- Texturen angepasst damit es keinen Konflikt mehr mit der Guideline 7.4 gibt]]></de>

</description>

    <iconFilename>icon_Bergehalle.dds</iconFilename>
    <multiplayer supported="true" />

    <storeItems>
        <storeItem xmlFilename="Bergehalle1.xml" />
        <storeItem xmlFilename="Bergehalle1blau.xml" />
        <storeItem xmlFilename="Bergehalle2.xml" />
        <storeItem xmlFilename="Bergehalle3.xml" />
        <storeItem xmlFilename="Bergehalle4.xml" />
        <storeItem xmlFilename="Bergehalle5.xml" />
        <storeItem xmlFilename="Unterstand1.xml" />
        <storeItem xmlFilename="Unterstand2.xml" />
        <storeItem xmlFilename="Bergehalle1_big.xml" />
        <storeItem xmlFilename="Bergehalle1_deko.xml" />
        <storeItem xmlFilename="Bergehalle1b_Deko.xml" />
        <storeItem xmlFilename="squareBaleStorage.xml"/>
        <storeItem xmlFilename="squareBaleStorage_sml.xml"/>
        <storeItem xmlFilename="Bergehalle1_silo.xml" />
        <storeItem xmlFilename="Bergehalle1blau_silo.xml" />
    </storeItems>

    <l10n>
        <text name="placeable_Salvagehall_1_Silo">
            <en>Salvage hall 1 with bales and pallet storage</en>
			<de>Bergehalle 1 mit Ballen und Palettenlager</de>
        </text>
        <text name="placeable_Salvagehall_1_blau_Silo">
            <en>Salvage hall 1 blue with bales and pallet storage</en>
			<de>Bergehalle 1 Blau mit Ballen und Palettenlager</de>
        </text>
        <text name="action_LightsOn">
            <en>Switch on light</en>
            <de>Licht anschalten</de>
        </text>
        <text name="action_LightsOff">
            <en>Switch off light</en>
            <de>Licht ausschalten</de>
        </text>
        <text name="placeable_Salvagehall_1">
            <en>Salvage hall 1 with fans</en>
			<de>Bergehalle 1 mit Ventilatoren</de>
        </text>
        <text name="placeable_Salvagehall_2">
            <en>Salvage hall 1 without fans</en>
			<de>Bergehalle 2 ohne Ventilatoren</de>
        </text>
        <text name="placeable_Salvagehall_3">
            <en>Salvage hall 3</en>
			<de>Bergehalle 3</de>
        </text>
        <text name="placeable_Salvagehall_4">
            <en>Salvage hall 4</en>
			<de>Bergehalle 4</de>
        </text>
        <text name="placeable_Salvagehall_5">
            <en>Salvage hall 5</en>
			<de>Bergehalle 5</de>
        </text>
        <text name="placeable_Shelter_1">
            <en>Shelter 1</en>
			<de>Unterstand 1</de>
        </text>
        <text name="placeable_Shelter_2">
            <en>Shelter 2</en>
			<de>Unterstand 2</de>
        </text>
        <text name="placeable_Salvagehall_1_Big">
            <en>Wider version of recovery hall 1 with fans</en>
			<de>Breitere Version von Bergehalle 1 mit Ventilatoren</de>
        </text>
        <text name="placeable_Salvagehall_1_Big_Deko">
            <en>Closed salvage hall for decorating</en>
			<de>Verschlossene Bergehalle zum Dekorieren</de>
        </text>
    </l10n>
</modDesc>