﻿<?xml version="1.0" encoding="utf-8" standalone="no" ?>
<vehicle type="baleWrapper" xmlns:xsi="http://www.w3.org/2001/XMLSchema-instance" xsi:noNamespaceSchemaLocation="https://validation.gdn.giants-software.com/xml/schema/vehicle.xsd">
    <annotation>Copyright (C) DD ModPassion, All Rights Reserved.</annotation>
    <storeData>
        <name>7850 C</name>
        <image>$data/store/store_empty.png</image>
        <brand>KVERNELAND</brand>
        <category>baleWrappers</category>
        <showInStore>false</showInStore>
    </storeData>
    <base>
        <filename>filename/foilWrapRoll.i3d</filename>
    </base>
    <fillUnit>
        <fillUnitConfigurations>
            <fillUnitConfiguration>
                <fillUnits>
                    <fillUnit unitTextOverride="$l10n_unit_mShort" fillTypeCategories="foilWrap" capacity="3000" canBeUnloaded="false" allowFoldingThreshold="6000"/>
                    <fillUnit unitTextOverride="$l10n_unit_mShort" fillTypeCategories="foilWrap" capacity="6000" canBeUnloaded="false" allowFoldingThreshold="12000" showOnHud="false" showOnInfoHud="false"/>
                </fillUnits>
            </fillUnitConfiguration>
        </fillUnitConfigurations>
    </fillUnit>
    <baleWrapper>
        <foilWrapAddon storage="fillUnit" configuration="1">
            <baseNode node="0>0|3|2|0|4"/>
            <baseNode node="0>0" texture="data/vehicles/kverneland/wrapper7850C/texture.png"/>
            <baseNode node="0>0|3|1|2|2"/>
            <baseNode node="0>0|3|1|2|3"/>
            <roll node="0>0|3|2|0|4" translation="1.064 1.506 0.334" rotation="180 46.2 180" scale="0.96 0.965 0.96"/>
            <roll node="0>0|3|2|0|4" translation="-1.084 1.506 -1.069" rotation="0 -46.2 0" scale="0.96 0.965 0.96"/>
            <material node="leftWrap"/>
            <material node="rightWrap"/>
            <material node="leftLeftOverWrap" editVisibility="false"/>
            <material node="rightLeftOverWrap" editVisibility="false"/>
            <storage node="0>0|3|1|2" translation="0 0.51 0.62" rotation="0 -25 0"/>
            <storage node="0>0|3|1|2" translation="-0.23 0.51 0.512" rotation="0 -25 0"/>
            <storage node="0>0|3|1|2" translation="-0.11 0.51 0.87" rotation="0 -25 0"/>
            <storage node="0>0|3|1|2" translation="-0.34 0.51 0.76" rotation="0 -25 0"/>
        </foilWrapAddon>
    </baleWrapper>
    <wearable showOnHud="false"/>
    <washable/>
</vehicle>