<?xml version="1.0" encoding="utf-8" standalone="no" ?>
<modDesc descVersion="80">
    <author>Rick Black Labele</author>
    <version>1.0.0.0</version>
    <title>
        <de>Mehr HeightTypes (256)</de>
		<en>More HeightTypes (256)</en>
    </title>
    <description>
        <de>
<![CDATA[Dieser Mod erhöht die maximale Anzahl an Heighttypes die man auf einem Savegame haben kann. Standardmäßig sind maximal 63 Heighttypes möglich, durch diesen Mod wird die Zahl auf 256 erhöht.
Hierbei gibt es natürlich zu bedenken dass das Limit nicht Grundlos gesetzt wurde und es durch sehr viele Heighttypes vielleicht zu Performance-Einbrüchen kommen kann vor allem wenn alle auch gleichzeitig aktiv sind.
Wie weit man das auf einem entsprechenden Savegame treiben kann muss also jeder für sich selbst herausfinden.
]]>
        </de>
	<en>
<![CDATA[This mod increases the maximum number of heighttypes you can have on a savegame. By default, a maximum of 63 heighttypes are possible, this mod increases the number to 256.
Of course, it should be noted that the limit was not set for no reason and that a large number of heighttypes can lead to a drop in performance, especially if they are all active at the same time.
So everyone has to find out for themselves how far they can push this on a corresponding savegame.
]]>
	</en>

    </description>

	<iconFilename>icon_DMHTLI_256.dds</iconFilename>
    <multiplayer supported="true"/>
	
    <extraSourceFiles>
        <sourceFile filename="DensityMapHeightTypeLimitIncreaser.lua"/>
    </extraSourceFiles>
	
</modDesc>