﻿<?xml version="1.0" encoding="utf-8" standalone="no" ?>
<vehicle type="augerWagon" xmlns:xsi="http://www.w3.org/2001/XMLSchema-instance" xsi:noNamespaceSchemaLocation="../../../../shared/xml/schema/vehicle.xsd">
    <annotation>Copyright (C) GIANTS Software GmbH, All Rights Reserved.</annotation>

    <storeData>
        <name>
			<en>Beet Cart SugarBeet Cutter</en>
			<de>Rübenwagen Zuckerrübenschnitzler</de>
		</name>
        <specs>
            <neededPower>400</neededPower>
        </specs>
        <functions>
            <function>$l10n_function_augerWagon</function>
        </functions>
        <image>$data/vehicles/amityTech/beetCart/store_beetCart.png</image>
        <price>135000</price>
        <lifetime>600</lifetime>
        <rotation>0</rotation>
        <brand>AMITYTECH</brand>
        <category>augerWagons</category>
        <shopTranslationOffset>0 0.025 0</shopTranslationOffset>
        <shopRotationOffset>0.314 0 0</shopRotationOffset>
        <vertexBufferMemoryUsage>2996480</vertexBufferMemoryUsage>
        <indexBufferMemoryUsage>809984</indexBufferMemoryUsage>
        <textureMemoryUsage>4718592</textureMemoryUsage>
        <audioMemoryUsage>0</audioMemoryUsage>
        <instanceVertexBufferMemoryUsage>0</instanceVertexBufferMemoryUsage>
        <instanceIndexBufferMemoryUsage>0</instanceIndexBufferMemoryUsage>
    </storeData>

    <base>
        <typeDesc>$l10n_typeDesc_augerWagon</typeDesc>
        <filename>$data/vehicles/amityTech/beetCart/beetCart.i3d</filename>
        <size width="4.5" length="11.5" height="3.7" lengthOffset="1.3" />
        <sounds volumeFactor="2.0"/>
        <components maxMass="45000">
            <component centerOfMass="0 1.2 0.35" solverIterationCount="10" mass="12000" />
        </components>
        <schemaOverlay attacherJointPosition="0 0" name="IMPLEMENT" />
    </base>

    <powerConsumer ptoRpm="350" neededMaxPtoPower="125"/>

    <wheels>
        <wheelConfigurations>
            <wheelConfiguration name="$l10n_configuration_valueDefault" price="0">
                <wheels autoRotateBackSpeed="1.7">
                    <wheel hasTireTracks="true" hasParticles="true">
                        <physics tipOcclusionAreaGroupId="1" rotSpeed="1" restLoad="3.1" repr="crawlerLeftBackWheelRepr" driveNode="crawlerLeftBackWheelDriveNode"   radius="0.48" width="0.93" mass="0.2" frictionScale="1.5" tireType="crawler" initialCompression="20" suspTravel="0.15" spring="140" damper="110" supportsWheelSink="false"/>
                        <tire tireTrackAtlasIndex="6" isCareWheel="false" />
                    </wheel>
                    <wheel>
                        <physics tipOcclusionAreaGroupId="1" rotSpeed="1" restLoad="2.9" repr="crawlerLeftFrontWheel"                                                radius="0.48" width="0.93" mass="0.2" frictionScale="0.7" tireType="crawler" initialCompression="20" suspTravel="0.15" spring="140" damper="110" supportsWheelSink="false" transRatio="1"/>
                        <tire isCareWheel="false" />
                    </wheel>
                    <wheel hasTireTracks="true" hasParticles="true">
                        <physics tipOcclusionAreaGroupId="1" rotSpeed="1" restLoad="3.1" repr="crawlerRightBackWheelRepr" driveNode="crawlerRightBackWheelDriveNode" radius="0.48" width="0.93" mass="0.2" frictionScale="1.5" tireType="crawler" initialCompression="20" suspTravel="0.15" spring="140" damper="110" supportsWheelSink="false"/>
                        <tire tireTrackAtlasIndex="6" isCareWheel="false" />
                    </wheel>
                    <wheel>
                        <physics tipOcclusionAreaGroupId="1" rotSpeed="1" restLoad="2.9" repr="crawlerRightFrontWheel"                                               radius="0.48" width="0.93" mass="0.2" frictionScale="0.7" tireType="crawler" initialCompression="20" suspTravel="0.15" spring="140" damper="110" supportsWheelSink="false" transRatio="1"/>
                        <tire isCareWheel="false" />
                    </wheel>
                </wheels>

                <crawlers>
                    <crawler filename="$data/shared/crawlers/camso/camoplastFlexHaulCrawler/camoplastFlexHaulCrawler.xml" linkNode="crawlerLeftLinkNode"  wheelIndices="1 2" isLeft="true"/>
                    <crawler filename="$data/shared/crawlers/camso/camoplastFlexHaulCrawler/camoplastFlexHaulCrawler.xml" linkNode="crawlerRightLinkNode" wheelIndices="3 4" isLeft="false"/>
                </crawlers>
            </wheelConfiguration>
        </wheelConfigurations>
    </wheels>

    <attachable>
        <inputAttacherJoints>
            <inputAttacherJoint node="attacherJoint" jointType="trailerLow" attacherHeight="0.6" />
        </inputAttacherJoints>
        <brakeForce force="0.8" maxForce="2.3" maxForceMass="44300"/>
        <support animationName="moveSupport" />
        <airConsumer usage="0.3" />
    </attachable>

    <connectionHoses>
        <hose inputAttacherJointIndices="1" type="electric"  node="hydraulicIn01"  length="1.2" diameter="0.012">
            <objectChange node="hydraulicIn01_detached" visibilityActive="false" visibilityInactive="true"/>
        </hose>
        <hose inputAttacherJointIndices="1" type="hydraulicIn"  node="hydraulicIn03"  length="1.5" diameter="0.01">
            <objectChange node="hydraulicIn03_detached" visibilityActive="false" visibilityInactive="true"/>
        </hose>
        <hose inputAttacherJointIndices="1" type="hydraulicOut" node="hydraulicOut03" length="1.5" diameter="0.01">
            <objectChange node="hydraulicOut03_detached" visibilityActive="false" visibilityInactive="true"/>
        </hose>
        <hose inputAttacherJointIndices="1" type="hydraulicOut" node="hydraulicOut01" length="1.5" diameter="0.012">
            <objectChange node="hydraulicOut01_detached" visibilityActive="false" visibilityInactive="true"/>
        </hose>
        <hose inputAttacherJointIndices="1" type="hydraulicIn"  node="hydraulicIn02"  length="1.5" diameter="0.012">
            <objectChange node="hydraulicIn02_detached" visibilityActive="false" visibilityInactive="true"/>
        </hose>
        <hose inputAttacherJointIndices="1" type="hydraulicOut" node="hydraulicOut02" length="1.5" diameter="0.012">
            <objectChange node="hydraulicOut02_detached" visibilityActive="false" visibilityInactive="true"/>
        </hose>
    </connectionHoses>

    <dynamicallyLoadedParts>
        <dynamicallyLoadedPart node="1|1" linkNode="hydraulicIn01_connector"   filename="$data/shared/connectionHoses/connectors.i3d" />
        <dynamicallyLoadedPart node="1|0" linkNode="hydraulicOut01_connector"   filename="$data/shared/connectionHoses/connectors.i3d" />
        <dynamicallyLoadedPart node="1|0" linkNode="hydraulicIn02_connector"   filename="$data/shared/connectionHoses/connectors.i3d" />
        <dynamicallyLoadedPart node="1|0" linkNode="hydraulicOut02_connector"   filename="$data/shared/connectionHoses/connectors.i3d" />
        <dynamicallyLoadedPart node="1|0" linkNode="hydraulicIn03_connector"   filename="$data/shared/connectionHoses/connectors.i3d" />
        <dynamicallyLoadedPart node="1|0" linkNode="hydraulicOut03_connector"   filename="$data/shared/connectionHoses/connectors.i3d" />
    </dynamicallyLoadedParts>

    <licensePlates>
        <licensePlate node="licensePlateBack" position="BACK" preferedType="SQUARISH" placementArea="0.1 0.2 0.2 0.2"/>
    </licensePlates>

    <lights>
        <sharedLight linkNode="rearLight_01_left" filename="$data/shared/assets/lights/lizard/rearLight18.xml" />
        <sharedLight linkNode="rearLight_01_right" filename="$data/shared/assets/lights/lizard/rearLight18.xml" />
        <sharedLight linkNode="turnLight01_left" filename="$data/shared/assets/lights/lizard/turnLight01_left.xml" />
        <sharedLight linkNode="turnLight01_right" filename="$data/shared/assets/lights/lizard/turnLight01_right.xml" />
        <sharedLight linkNode="bigTriangle" filename="$data/shared/assets/reflectors/lizard/bigTriangle.xml" />
        <realLights>
            <high>
                <light node="backLightsHigh1" lightTypes="0" />
                <light node="workLightBackHigh1" lightTypes="2" />
                <brakeLight node="backLightsHigh1" />
                <turnLightLeft node="turnLightLeftBack" />
                <turnLightRight node="turnLightRightBack" />
            </high>
        </realLights>

        <defaultLights>
            <defaultLight shaderNode="workLightStatic" lightTypes="2"/>
        </defaultLights>
    </lights>

    <foldable>
        <foldingConfigurations>
            <foldingConfiguration>
                <foldingParts startMoveDirection="1" loadMovingToolStatesMaxLimit="-1" loadMovingToolStatesMinLimit="-1">
                    <foldingPart animationName="folding" speedScale="1" />
                </foldingParts>
            </foldingConfiguration>
        </foldingConfigurations>
    </foldable>

    <animations>
        <animation name="folding">
            <part node="augerArm01"   startTime="0" endTime="4" startRot="0 0 -40" endRot="0 0 -40" />
            <part node="augerArm02"   startTime="0" endTime="4" startRot="0 0 0"     endRot="0 0 -93.5" />

            <sound template="defaultHydraulicSound"  startTime="0.01" endTime="3.99"  direction="-1"   pitchScale="1.0"    volumeScale="0.9" />
            <sound template="defaultHydraulicSound"  startTime="0.01" endTime="3.99"  direction="1"    pitchScale="0.7"    volumeScale="1.6" />
            <sound template="clackVar1"              startTime="3.8"  direction="1"   pitchScale="0.8" volumeScale="1"/>
            <sound template="metalClose"             startTime="3.9"  direction="1"   pitchScale="0.5" volumeScale="3.1"   fadeIn="0.1"/>
            <sound template="metalClose"             startTime="3.9"  direction="1"   pitchScale="1.5" volumeScale="1.1"/>
            <sound template="clackVar4"              startTime="0.5"  direction="-1"  pitchScale="0.6" volumeScale="8.5"   fadeIn="0.3"/>
        </animation>
        <animation name="foldPipe">
            <part node="augerArm01"   startTime="0" endTime="4" startRot="0 0 -40"     endRot="0 0 0" />

            <sound template="defaultHydraulicSound"  startTime="0.01" endTime="3.99"  direction="-1"   pitchScale="1.0"    volumeScale="0.9" />
            <sound template="defaultHydraulicSound"  startTime="0.01" endTime="3.99"  direction="1"    pitchScale="0.7"    volumeScale="1.6" />
            <sound template="clackVar1"              startTime="3.8"  direction="1"   pitchScale="0.8" volumeScale="1.3"/>
            <sound template="metalClose"             startTime="3.9"  direction="1"   pitchScale="0.5" volumeScale="3.1"   fadeIn="0.2"/>
            <sound template="clackVar4"              startTime="0.5"  direction="-1"  pitchScale="0.6" volumeScale="8.5"   fadeIn="0.3"/>
        </animation>

        <animation name="raycastNodeAnim">
            <part node="pipeRaycastNode"   startTime="0" endTime="1" startRot="0 0 -10" endRot="0 0 -30" />
        </animation>

        <animation name="moveSupport">
            <part node="supportArm"        startTime="0" endTime="0.5" startTrans="0 0 0" endTrans="0 -0.35 0" />

            <sound template="metalClose"            startTime="0.01" direction="-1"  volumeScale="0.7" pitchScale="2.8" linkNode="attacherJoint"/>
            <sound template="metalClose"            startTime="0.5"  direction="1"   volumeScale="0.7" pitchScale="2.8" linkNode="attacherJoint"/>
            <sound template="clackVar1"             startTime="0.1"  direction="1"   volumeScale="1.3" pitchScale="1.8" linkNode="attacherJoint"/>
            <sound template="clackVar1"             startTime="0.5"  direction="-1"  volumeScale="1.3" pitchScale="1.8" linkNode="attacherJoint"/>
        </animation>
    </animations>

    <cylindered>
        <movingTools>
            <movingTool node="augerArm01" freezingPipeStates="0 1" foldMinLimit="0" foldMaxLimit="0.1">
                <controls axis="AXIS_DOOR_3" invertAxis="false" mouseSpeedFactor="0.2" iconName="PIPE_ROTATE_X" />
                <rotation rotSpeed="10" rotAcceleration="200" rotMax="40" rotMin="0" startRot="-40" rotationAxis="3"/>
                <dependentAnimation name="raycastNodeAnim" rotationAxis="3" minValue="0" maxValue="40"/>
                <dependentPart node="augerArm01Hydraulic" />
            </movingTool>

            <movingTool node="augerArm02">
                <dependentPart node="augerArm02Hydraulic" />
            </movingTool>
        </movingTools>

        <movingParts>
            <movingPart node="augerArm01Hydraulic" referencePoint="augerArm01HydraulicRef" referenceFrame="augerArm01HydraulicRef" >
                <translatingPart node="augerArm01HydraulicPunch" />
            </movingPart>

            <movingPart node="augerArm02Hydraulic" referencePoint="augerArm02HydraulicRef" referenceFrame="augerArm02HydraulicRef" >
                <translatingPart node="augerArm02HydraulicPunch" />
            </movingPart>

            <movingPart node="crawlerLeftLinkNode" referencePoint="crawlerLeftFrontWheel" referenceFrame="crawlerLeftLinkNodeRefFrame" isActiveDirty="true" maxUpdateDistance="40"/>
            <movingPart node="crawlerRightLinkNode" referencePoint="crawlerRightFrontWheel" referenceFrame="crawlerRightLinkNodeRefFrame" isActiveDirty="true" maxUpdateDistance="40"/>
        </movingParts>

        <sounds>
            <actionSound template="defaultHydraulicSound" pitchScale="0.4" volumeScale="1.7" linkNode="augerArm01Hydraulic" actionNames="TRANSLATING_POS TRANSLATING_NEG" nodes="augerArm01Hydraulic" fadeIn="0.1" fadeOut="0.01" />
            <actionSound template="clackVar6"              pitchScale="0.8" volumeScale="1.1" linkNode="augerArm01"          actionNames="TOOL_MOVE_END_NEG_LIMIT"         nodes="augerArm01"/>
            <actionSound template="sheetImp02"              pitchScale="0.6" volumeScale="1" linkNode="augerArm01"          actionNames="TOOL_MOVE_END_NEG_LIMIT"         nodes="augerArm01"/>
            <actionSound template="metalClose"              pitchScale="0.6" volumeScale="0.8" linkNode="augerArm01"          actionNames="TOOL_MOVE_END_NEG_LIMIT"         nodes="augerArm01"/>

            <actionSound template="clackVar6"              pitchScale="0.6" volumeScale="1.1" linkNode="augerArm01"           actionNames="TOOL_MOVE_END_POS_LIMIT"         nodes="augerArm01"/>
            <actionSound template="sheetImp02"              pitchScale="1.6" volumeScale="1" linkNode="augerArm01"          actionNames="TOOL_MOVE_END_POS_LIMIT"         nodes="augerArm01"/>
        </sounds>
    </cylindered>

    <fillUnit>
        <fillUnitConfigurations>
            <fillUnitConfiguration price="0" >
                <fillUnits>
                    <fillUnit shopDisplayUnit="CUBICMETER" fillTypes="SUGARBEET" capacity="45000">
                        <exactFillRootNode node="exactFillRootNode" />
                    </fillUnit>
                </fillUnits>
            </fillUnitConfiguration>
        </fillUnitConfigurations>
    </fillUnit>

    <fillVolume>
        <fillVolumeConfigurations>
            <fillVolumeConfiguration>
                <volumes>
                    <volume node="fillVolume" maxDelta="1" maxAllowedHeapAngle="25" fillUnitIndex="1" />
                </volumes>
            </fillVolumeConfiguration>
        </fillVolumeConfigurations>

        <unloadInfos>
            <unloadInfo>
                <node node="unloadInfo" width="0.3" length="0.3" />
            </unloadInfo>
        </unloadInfos>
    </fillVolume>

    <pipe dischargeNodeIndex="1" foldMinLimit="0" foldMaxLimit="0.1">
        <states num="2" unloading="2" />
        <animation name="foldPipe" speedScale="1" />
        <unloadingTriggers>
            <unloadingTrigger node="trailerTrigger" />
        </unloadingTriggers>
        <animationNodes>
            <animationNode class="ScrollingAnimation" node="belt_1" shaderParameterName="offsetUV" shaderParameterComponent="2" scrollLength="10" scrollSpeed="0.5" turnOnFadeTime="0.5" turnOffFadeTime="2" />
            <animationNode class="ScrollingAnimation" node="belt_2" shaderParameterName="offsetUV" shaderParameterComponent="2" scrollLength="10" scrollSpeed="0.5" turnOnFadeTime="0.5" turnOffFadeTime="2" />
            <animationNode node="gear01" rotSpeed="250" rotAxis="3" turnOnFadeTime="2" turnOffFadeTime="2" />
            <animationNode node="gear02" rotSpeed="-250" rotAxis="1" turnOnFadeTime="2" turnOffFadeTime="2" />
            <animationNode node="gear03" rotSpeed="-250" rotAxis="1" turnOnFadeTime="2" turnOffFadeTime="2" />
            <animationNode node="gear04" rotSpeed="250" rotAxis="1" turnOnFadeTime="2" turnOffFadeTime="2" />
            <animationNode node="gear05" rotSpeed="250" rotAxis="1" turnOnFadeTime="2" turnOffFadeTime="2" />
            <animationNode node="gear06" rotSpeed="250" rotAxis="3" turnOnFadeTime="2" turnOffFadeTime="2" />
            <animationNode node="cleaningRoller" rotSpeed="250" rotAxis="3" turnOnFadeTime="2" turnOffFadeTime="2" />
        </animationNodes>
    </pipe>

    <dischargeable>
        <dischargeNode node="pipeRaycastNode" emptySpeed="1000" fillUnitIndex="1" unloadInfoIndex="1" maxDistance="8">
            <info width="0.3" length="0.3" useRaycastHitPosition="true"/>
			<fillType converterName="SUGARBEET_CUTTER"/>
            <effects>
                <effectNode effectNode="particleAnimation01" effectClass="MorphPositionEffect" materialType="belt" delay="0" fadeTime="2" scrollLength="1" scrollSpeed="1.5" />
                <effectNode effectNode="emitterShape"        effectClass="ParticleEffect"      materialType="unloadingParticle" emitCountScale="7" lifespan="0.11" delay="1.85" extraDistance="0" worldSpace="true"/>
            </effects>

            <dischargeStateSound template="augerBelt" pitchScale="0.7" volumeScale="1.2" fadeIn="2" fadeOut="2.7"/>
        </dischargeNode>
    </dischargeable>

    <ai>
        <allowTurnBackward value="false"/>
        <agentAttachment jointNode="attacherJoint" rotCenterWheelIndices="1 2 3 4" width="3.5" height="3.9" length="9.2" lengthOffset="0.5"/>
    </ai>

    <foliageBending>
        <bendingNode minX="-0.7" maxX="0.7" minZ="-3.5" maxZ="2.7" yOffset="0.8" />
        <bendingNode minX="-0.5" maxX="0.5" minZ="2.7" maxZ="6.5" yOffset="0.5" />
        <bendingNode minX="-1.75" maxX="1.75" minZ="-1.85" maxZ="1.8" yOffset="0.5" />
    </foliageBending>

    <baseMaterial>
        <material name="beetCart_mat" baseNode="beetCart_vis">
            <shaderParameter name="colorMat0" value="AMITYTECH_RED1"/>
        </material>
        <material name="beetCartAlpha_mat" baseNode="alpha">
            <shaderParameter name="colorMat0" value="AMITYTECH_RED1"/>
        </material>
    </baseMaterial>

    <wearable wearDuration="480" workMultiplier="5" fieldMultiplier="2"/>
    <washable dirtDuration="90" washDuration="1" workMultiplier="3" fieldMultiplier="2"/>

    <i3dMappings>
        <i3dMapping id="beetCart_vis" node="0>0" />
        <i3dMapping id="attacherJoint" node="0>0|0|0" />
        <i3dMapping id="supportArm" node="0>0|0|1" />
        <i3dMapping id="hydraulicOut02" node="0>0|0|2|0" />
        <i3dMapping id="hydraulicIn02" node="0>0|0|2|1" />
        <i3dMapping id="hydraulicOut01" node="0>0|0|2|2" />
        <i3dMapping id="hydraulicIn01" node="0>0|0|2|3" />
        <i3dMapping id="hydraulicIn01_detached" node="0>0|0|2|4" />
        <i3dMapping id="hydraulicIn01_connector" node="0>0|0|2|4|0" />
        <i3dMapping id="hydraulicOut01_detached" node="0>0|0|2|5" />
        <i3dMapping id="hydraulicOut01_connector" node="0>0|0|2|5|0" />
        <i3dMapping id="hydraulicIn02_detached" node="0>0|0|2|6" />
        <i3dMapping id="hydraulicIn02_connector" node="0>0|0|2|6|0" />
        <i3dMapping id="hydraulicOut02_detached" node="0>0|0|2|7" />
        <i3dMapping id="hydraulicOut02_connector" node="0>0|0|2|7|0" />
        <i3dMapping id="hydraulicIn03_detached" node="0>0|0|2|8" />
        <i3dMapping id="hydraulicIn03_connector" node="0>0|0|2|8|0" />
        <i3dMapping id="hydraulicOut03_detached" node="0>0|0|2|9" />
        <i3dMapping id="hydraulicOut03_connector" node="0>0|0|2|9|0" />
        <i3dMapping id="hydraulicOut03" node="0>0|0|2|10" />
        <i3dMapping id="hydraulicIn03" node="0>0|0|2|11" />
        <i3dMapping id="crawlerLeftBackWheelRepr" node="0>0|1|0" />
        <i3dMapping id="crawlerLeftBackWheelDriveNode" node="0>0|1|0|0" />
        <i3dMapping id="crawlerLeftLinkNodeRefFrame" node="0>0|1|0|1" />
        <i3dMapping id="crawlerLeftLinkNode" node="0>0|1|0|1|0" />
        <i3dMapping id="crawlerLeftFrontWheel" node="0>0|1|1" />
        <i3dMapping id="crawlerRightBackWheelRepr" node="0>0|1|2" />
        <i3dMapping id="crawlerRightBackWheelDriveNode" node="0>0|1|2|0" />
        <i3dMapping id="crawlerRightLinkNodeRefFrame" node="0>0|1|2|1" />
        <i3dMapping id="crawlerRightLinkNode" node="0>0|1|2|1|0" />
        <i3dMapping id="crawlerRightFrontWheel" node="0>0|1|3" />
        <i3dMapping id="bigTriangle" node="0>0|2|0|0" />
        <i3dMapping id="rearLight_01_left" node="0>0|2|0|1" />
        <i3dMapping id="rearLight_01_right" node="0>0|2|0|2" />
        <i3dMapping id="turnLight01_right" node="0>0|2|0|3" />
        <i3dMapping id="turnLight01_left" node="0>0|2|0|4" />
        <i3dMapping id="workLightStatic" node="0>0|2|1|0" />
        <i3dMapping id="backLightsHigh1" node="0>0|2|2|0" />
        <i3dMapping id="turnLightLeftBack" node="0>0|2|3|0" />
        <i3dMapping id="turnLightRightBack" node="0>0|2|3|1" />
        <i3dMapping id="workLightBackHigh1" node="0>0|2|4|0" />
        <i3dMapping id="licensePlateBack" node="0>0|3" />
        <i3dMapping id="augerArm01Hydraulic" node="0>0|4|0" />
        <i3dMapping id="augerArm01HydraulicPunch" node="0>0|4|0|0" />
        <i3dMapping id="augerArm01" node="0>0|4|1" />
        <i3dMapping id="augerArm02" node="0>0|4|1|0" />
        <i3dMapping id="augerArm02HydraulicRef" node="0>0|4|1|0|0" />
        <i3dMapping id="pipeRaycastNode" node="0>0|4|1|0|1" />
        <i3dMapping id="gear06" node="0>0|4|1|0|2" />
        <i3dMapping id="emitterShape" node="0>0|4|1|0|6" />
        <i3dMapping id="augerArm02Hydraulic" node="0>0|4|1|1" />
        <i3dMapping id="augerArm02HydraulicPunch" node="0>0|4|1|1|0" />
        <i3dMapping id="augerArm01HydraulicRef" node="0>0|4|1|2" />
        <i3dMapping id="cleaningRoller" node="0>0|4|2" />
        <i3dMapping id="gear01" node="0>0|4|3" />
        <i3dMapping id="gear01Part" node="0>0|4|4" />
        <i3dMapping id="gear02" node="0>0|4|5" />
        <i3dMapping id="gear03" node="0>0|4|6" />
        <i3dMapping id="gear04" node="0>0|4|7" />
        <i3dMapping id="gear05" node="0>0|4|8" />
        <i3dMapping id="belt_2" node="0>0|4|9" />
        <i3dMapping id="unloadInfo" node="0>0|5|0" />
        <i3dMapping id="trailerTrigger" node="0>0|5|1" />
        <i3dMapping id="exactFillRootNode" node="0>0|5|2" />
        <i3dMapping id="fillVolume" node="0>0|5|3" />
        <i3dMapping id="alpha" node="0>0|6|0" />
        <i3dMapping id="belt_1" node="0>1|0" />
        <i3dMapping id="particleAnimation01" node="0>1|3" />
    </i3dMappings>
</vehicle>
