﻿<?xml version="1.0" encoding="utf-8" standalone="no" ?>
<vehicle type="augerWagon" xmlns:xsi="http://www.w3.org/2001/XMLSchema-instance" xsi:noNamespaceSchemaLocation="../../../../shared/xml/schema/vehicle.xsd">
    <annotation>Copyright (C) GIANTS Software GmbH, All Rights Reserved.</annotation>

    <storeData>
        <name>
			<en>GTW 330 SugarBeet Cutter</en>
			<de>GTW 330 Zuckerrübenschnitzler</de>
		</name>
        <specs>
            <neededPower>300</neededPower>
        </specs>
        <functions>
            <function>$l10n_function_augerWagon</function>
        </functions>
        <image>$data/vehicles/bergmann/gtw330/store_gtw330.png</image>
        <price>76000</price>
        <lifetime>600</lifetime>
        <rotation>0</rotation>
        <brand>BERGMANN</brand>
        <category>augerWagons</category>
        <shopTranslationOffset>0 0.074 0</shopTranslationOffset>
        <shopRotationOffset>0.133 0 0</shopRotationOffset>
        <vertexBufferMemoryUsage>3888384</vertexBufferMemoryUsage>
        <indexBufferMemoryUsage>671232</indexBufferMemoryUsage>
        <textureMemoryUsage>2097152</textureMemoryUsage>
        <audioMemoryUsage>0</audioMemoryUsage>
        <instanceVertexBufferMemoryUsage>0</instanceVertexBufferMemoryUsage>
        <instanceIndexBufferMemoryUsage>0</instanceIndexBufferMemoryUsage>
    </storeData>

    <base>
        <typeDesc>$l10n_typeDesc_augerWagon</typeDesc>
        <filename>$data/vehicles/bergmann/gtw330/gtw330.i3d</filename>
        <size width="4.2" length="10.5" lengthOffset="1.1" />
        <sounds volumeFactor="2.0"/>
        <components maxMass="35000">
            <component centerOfMass="0 1 -0.25" solverIterationCount="10" mass="8750" />
        </components>
        <schemaOverlay attacherJointPosition="0 0" name="IMPLEMENT" />
    </base>

    <powerConsumer ptoRpm="350" neededMaxPtoPower="50"/>

    <wheels>
        <wheelConfigurations>
            <wheelConfiguration name="$l10n_configuration_valueDefault" price="0" brand="TRELLEBORG" saveId="TRELLEBORG_DEFAULT">
                <wheels autoRotateBackSpeed="1.7">
                    <wheel filename="$data/shared/wheels/tires/trelleborg/TwinRadial/750_60R30_5.xml" isLeft="true">
                        <physics tipOcclusionAreaGroupId="1" restLoad="2.4" repr="wheelFrontLeft"                           forcePointRatio="0.5" initialCompression="14" suspTravel="0.20" spring="60" damper="50" yOffset="0.014"/>
                        <wheelChock parkingNode="wheelChock01" />
                        <wheelChock parkingNode="wheelChock02" isInverted="true" />
                    </wheel>
                    <wheel filename="$data/shared/wheels/tires/trelleborg/TwinRadial/750_60R30_5.xml" isLeft="false">
                        <physics tipOcclusionAreaGroupId="1" restLoad="2.4" repr="wheelFrontRight"                          forcePointRatio="0.5" initialCompression="14" suspTravel="0.20" spring="60" damper="50" yOffset="0.014"/>
                    </wheel>
                    <wheel filename="$data/shared/wheels/tires/trelleborg/TwinRadial/750_60R30_5.xml" isLeft="true" hasTireTracks="true" hasParticles="true">
                        <physics tipOcclusionAreaGroupId="1" restLoad="2.2" repr="axisBackLeft"  driveNode="wheelBackLeft"  forcePointRatio="0.5" initialCompression="14" suspTravel="0.20" spring="60" damper="50" yOffset="0.014"/>
                        <steeringAxle scale="-0.7" rotMax="15" rotMin="-15" />
                        <steering node="steeringBar" nodeMinTransX="0.08" nodeMaxTransX="-0.08"/>
                    </wheel>
                    <wheel filename="$data/shared/wheels/tires/trelleborg/TwinRadial/750_60R30_5.xml" isLeft="false" hasTireTracks="true" hasParticles="true">
                        <physics tipOcclusionAreaGroupId="1" restLoad="2.2" repr="axisBackRight" driveNode="wheelBackRight" forcePointRatio="0.5" initialCompression="14" suspTravel="0.20" spring="60" damper="50" yOffset="0.014"/>
                        <steeringAxle scale="-0.7" rotMax="15" rotMin="-15" />
                    </wheel>
                </wheels>
            </wheelConfiguration>

            <wheelConfiguration name="$l10n_configuration_valueWheelBroad" price="1650" brand="TRELLEBORG" saveId="TRELLEBORG_BROAD">
                <wheels baseConfig="TRELLEBORG_DEFAULT">
                    <wheel filename="$data/shared/wheels/tires/trelleborg/TwinRadial/850_50R30_5.xml">
                        <physics yOffset="-0.01"/>
                        <wheelChock />
                        <wheelChock />
                    </wheel>
                    <wheel filename="$data/shared/wheels/tires/trelleborg/TwinRadial/850_50R30_5.xml">
                        <physics yOffset="-0.01"/>
                    </wheel>
                    <wheel filename="$data/shared/wheels/tires/trelleborg/TwinRadial/850_50R30_5.xml">
                        <physics yOffset="-0.01"/>
                    </wheel>
                    <wheel filename="$data/shared/wheels/tires/trelleborg/TwinRadial/850_50R30_5.xml">
                        <physics yOffset="-0.01"/>
                    </wheel>
                </wheels>
            </wheelConfiguration>

            <wheelConfiguration name="$l10n_configuration_valueDefault" price="0" brand="MICHELIN" saveId="MICHELIN_DEFAULT">
                <wheels baseConfig="TRELLEBORG_DEFAULT">
                    <wheel filename="$data/shared/wheels/tires/michelin/cargoXBib/750_60R30_5.xml">
                        <physics yOffset="0.015"/>
                        <wheelChock />
                        <wheelChock />
                    </wheel>
                    <wheel filename="$data/shared/wheels/tires/michelin/cargoXBib/750_60R30_5.xml">
                        <physics yOffset="0.015"/>
                    </wheel>
                    <wheel filename="$data/shared/wheels/tires/michelin/cargoXBib/750_60R30_5.xml">
                        <physics yOffset="0.015"/>
                    </wheel>
                    <wheel filename="$data/shared/wheels/tires/michelin/cargoXBib/750_60R30_5.xml">
                        <physics yOffset="0.015"/>
                    </wheel>
                </wheels>
            </wheelConfiguration>

            <wheelConfiguration name="$l10n_configuration_valueWheelBroad" price="1650" brand="MICHELIN" saveId="MICHELIN_BROAD">
                <wheels baseConfig="TRELLEBORG_DEFAULT">
                    <wheel filename="$data/shared/wheels/tires/michelin/cargoXBib/850_50R30_5.xml">
                        <physics yOffset="-0.01"/>
                        <wheelChock />
                        <wheelChock />
                    </wheel>
                    <wheel filename="$data/shared/wheels/tires/michelin/cargoXBib/850_50R30_5.xml">
                        <physics yOffset="-0.01"/>
                    </wheel>
                    <wheel filename="$data/shared/wheels/tires/michelin/cargoXBib/850_50R30_5.xml">
                        <physics yOffset="-0.01"/>
                    </wheel>
                    <wheel filename="$data/shared/wheels/tires/michelin/cargoXBib/850_50R30_5.xml">
                        <physics yOffset="-0.01"/>
                    </wheel>
                </wheels>
            </wheelConfiguration>

            <wheelConfiguration name="$l10n_configuration_valueDefault" price="0" brand="MITAS" saveId="MITAS_DEFAULT">
                <wheels baseConfig="TRELLEBORG_DEFAULT">
                    <wheel filename="$data/shared/wheels/tires/mitas/agriterra03/750_60R30_5.xml">
                        <physics yOffset="0.005"/>
                        <wheelChock />
                        <wheelChock />
                    </wheel>
                    <wheel filename="$data/shared/wheels/tires/mitas/agriterra03/750_60R30_5.xml">
                        <physics yOffset="0.005"/>
                    </wheel>
                    <wheel filename="$data/shared/wheels/tires/mitas/agriterra03/750_60R30_5.xml">
                        <physics yOffset="0.005"/>
                    </wheel>
                    <wheel filename="$data/shared/wheels/tires/mitas/agriterra03/750_60R30_5.xml">
                        <physics yOffset="0.005"/>
                    </wheel>
                </wheels>
            </wheelConfiguration>

            <wheelConfiguration name="$l10n_configuration_valueDefault" price="0" brand="BKT" saveId="BKT_DEFAULT">
                <wheels baseConfig="TRELLEBORG_DEFAULT">
                    <wheel filename="$data/shared/wheels/tires/bkt/ridemaxFL693M/750_60R30_5.xml">
                        <physics yOffset="0.009"/>
                        <wheelChock />
                        <wheelChock />
                    </wheel>
                    <wheel filename="$data/shared/wheels/tires/bkt/ridemaxFL693M/750_60R30_5.xml">
                        <physics yOffset="0.009"/>
                    </wheel>
                    <wheel filename="$data/shared/wheels/tires/bkt/ridemaxFL693M/750_60R30_5.xml">
                        <physics yOffset="0.009"/>
                    </wheel>
                    <wheel filename="$data/shared/wheels/tires/bkt/ridemaxFL693M/750_60R30_5.xml">
                        <physics yOffset="0.009"/>
                    </wheel>
                </wheels>
            </wheelConfiguration>

            <wheelConfiguration name="$l10n_configuration_valueDefault" price="0" brand="VREDESTEIN" saveId="VREDESTEIN_DEFAULT">
                <wheels baseConfig="TRELLEBORG_DEFAULT">
                    <wheel filename="$data/shared/wheels/tires/vredestein/flotationTrac/750_60R30_5.xml">
                        <physics yOffset="0.0155"/>
                        <wheelChock />
                        <wheelChock />
                    </wheel>
                    <wheel filename="$data/shared/wheels/tires/vredestein/flotationTrac/750_60R30_5.xml">
                        <physics yOffset="0.0155"/>
                    </wheel>
                    <wheel filename="$data/shared/wheels/tires/vredestein/flotationTrac/750_60R30_5.xml">
                        <physics yOffset="0.0155"/>
                    </wheel>
                    <wheel filename="$data/shared/wheels/tires/vredestein/flotationTrac/750_60R30_5.xml">
                        <physics yOffset="0.0155"/>
                    </wheel>
                </wheels>
            </wheelConfiguration>
        </wheelConfigurations>

        <rimColor material="18">SHARED_WHITE1</rimColor>

        <hubs>
            <color0>BERGMANN_GREEN1</color0>
            <color1>SHARED_GREY3</color1>
            <hub linkNode="wheelFrontLeft"  filename="$data/shared/wheels/hubs/hub_n10_5.xml" isLeft="true"  scale="0.335 0.335 0.335" />
            <hub linkNode="wheelFrontRight" filename="$data/shared/wheels/hubs/hub_n10_5.xml" isLeft="false" scale="0.335 0.335 0.335" />
            <hub linkNode="wheelBackLeft"   filename="$data/shared/wheels/hubs/hub_n10_5.xml" isLeft="true"  scale="0.335 0.335 0.335" />
            <hub linkNode="wheelBackRight"  filename="$data/shared/wheels/hubs/hub_n10_5.xml" isLeft="false" scale="0.335 0.335 0.335" />
        </hubs>
    </wheels>

    <attachable>
        <inputAttacherJoints>
            <inputAttacherJoint node="attacherJoint" jointType="trailerLow" attacherHeight="0.745" />
        </inputAttacherJoints>
        <brakeForce force="2.1" maxForce="6" maxForceMass="35000"/>
        <support animationName="moveSupport" />
        <airConsumer usage="0.3" />
    </attachable>

    <powerTakeOffs>
        <input inputAttacherJointIndices="1" inputNode="ptoInputNode" aboveAttacher="true" detachNode="ptoDetachNode"/>
    </powerTakeOffs>

    <connectionHoses>
        <hose inputAttacherJointIndices="1" type="hydraulicIn"  node="hydraulicIn01"  length="1.7" diameter="0.018">
            <objectChange node="hydraulicIn01_detached" visibilityActive="false" visibilityInactive="true"/>
        </hose>
        <hose inputAttacherJointIndices="1" type="hydraulicOut" node="hydraulicOut01" length="1.7" diameter="0.018">
            <objectChange node="hydraulicOut01_detached" visibilityActive="false" visibilityInactive="true"/>
        </hose>

        <hose inputAttacherJointIndices="1" type="hydraulicIn"  node="hydraulicIn02"  length="1.7" diameter="0.018">
            <objectChange node="hydraulicIn02_detached" visibilityActive="false" visibilityInactive="true"/>
        </hose>
        <hose inputAttacherJointIndices="1" type="hydraulicOut" node="hydraulicOut02" length="1.7" diameter="0.018">
            <objectChange node="hydraulicOut02_detached" visibilityActive="false" visibilityInactive="true"/>
        </hose>

        <hose inputAttacherJointIndices="1" type="airDoubleRed" node="airIn" length="1.7" diameter="0.018">
            <objectChange node="airIn_detached" visibilityActive="false" visibilityInactive="true" />
        </hose>
        <hose inputAttacherJointIndices="1" type="airDoubleYellow" node="airOut" length="1.7" diameter="0.018">
            <objectChange node="airOut_detached" visibilityActive="false" visibilityInactive="true" />
        </hose>
        <hose inputAttacherJointIndices="1" type="electric"  node="electricIn01"  length="1.7" diameter="0.018">
            <objectChange node="electricIn01_detached" visibilityActive="false" visibilityInactive="true"/>
        </hose>
    </connectionHoses>

    <dynamicallyLoadedParts>
        <dynamicallyLoadedPart node="0" linkNode="chockSupport" filename="$data/shared/assets/wheelChocks/wheelChockSupport01.i3d"/>
        <dynamicallyLoadedPart node="0" linkNode="chockSupport1" filename="$data/shared/assets/wheelChocks/wheelChockSupport01.i3d"/>
        <dynamicallyLoadedPart node="1|3" linkNode="airIn_detachedAdapter"  filename="$data/shared/connectionHoses/connectors.i3d" />
        <dynamicallyLoadedPart node="1|2" linkNode="airOut_detachedAdapter" filename="$data/shared/connectionHoses/connectors.i3d" />
        <dynamicallyLoadedPart node="1|0" linkNode="hydraulicIn01_detachedAdapter"  filename="$data/shared/connectionHoses/connectors.i3d" />
        <dynamicallyLoadedPart node="1|0" linkNode="hydraulicOut01_detachedAdapter" filename="$data/shared/connectionHoses/connectors.i3d" />
        <dynamicallyLoadedPart node="1|0" linkNode="hydraulicIn02_detachedAdapter"  filename="$data/shared/connectionHoses/connectors.i3d" />
        <dynamicallyLoadedPart node="1|0" linkNode="hydraulicOut02_detachedAdapter" filename="$data/shared/connectionHoses/connectors.i3d" />
        <dynamicallyLoadedPart node="1|1" linkNode="electricIn01_detachedAdapter" filename="$data/shared/connectionHoses/connectors.i3d" />
    </dynamicallyLoadedParts>

    <lights>
        <sharedLight linkNode="workingLight01" filename="$data/shared/assets/lights/lizard/workingLight01.xml" />
        <sharedLight linkNode="sideMarker03_left" filename="$data/shared/assets/lights/lizard/sideMarker03_left.xml" />
        <sharedLight linkNode="sideMarker03_right" filename="$data/shared/assets/lights/lizard/sideMarker03_right.xml" />
        <sharedLight linkNode="rearLight13_left" filename="$data/shared/assets/lights/lizard/rearLight13_left.xml" />
        <sharedLight linkNode="rearLight13_right" filename="$data/shared/assets/lights/lizard/rearLight13_right.xml" />
        <sharedLight linkNode="plateNumberLight01" filename="$data/shared/assets/lights/lizard/plateNumberLight02.xml" />
        <sharedLight linkNode="reflectorYellowRound_03" filename="$data/shared/assets/lights/lizard/sideMarker05Orange.xml" />
        <sharedLight linkNode="reflectorYellowRound_04" filename="$data/shared/assets/lights/lizard/sideMarker05Orange.xml" />
        <sharedLight linkNode="reflectorYellowRound_05" filename="$data/shared/assets/lights/lizard/sideMarker05Orange.xml" />
        <sharedLight linkNode="reflectorYellowRound_06" filename="$data/shared/assets/lights/lizard/sideMarker05Orange.xml" />
        <sharedLight linkNode="reflectorYellowRound_07" filename="$data/shared/assets/lights/lizard/sideMarker05Orange.xml" />
        <sharedLight linkNode="reflectorYellowRound_08" filename="$data/shared/assets/lights/lizard/sideMarker05Orange.xml" />
        <sharedLight linkNode="reflectorYellowRound_09" filename="$data/shared/assets/lights/lizard/sideMarker05Orange.xml" />
        <sharedLight linkNode="reflectorYellowRound_10" filename="$data/shared/assets/lights/lizard/sideMarker05Orange.xml" />
        <sharedLight linkNode="reflectorYellowRound_11" filename="$data/shared/assets/lights/lizard/sideMarker05Orange.xml" />
        <sharedLight linkNode="reflectorYellowRound_12" filename="$data/shared/assets/lights/lizard/sideMarker05Orange.xml" />
        <sharedLight linkNode="reflectorYellowRound_13" filename="$data/shared/assets/lights/lizard/sideMarker05Orange.xml" />

        <realLights>
            <high>
                <light node="backLightsHigh1" lightTypes="0" />
                <light node="licensePlateLightHigh" lightTypes="0" />
                <brakeLight node="backLightsHigh1" />
                <turnLightLeft node="turnLightLeftBack" />
                <turnLightRight node="turnLightRightBack" />
            </high>
        </realLights>
    </lights>

    <licensePlates>
        <licensePlate node="licensePlateNodeBack"  position="BACK" preferedType="ELONGATED" placementArea="0.07 0.28 0.06 0.31"/>
    </licensePlates>

    <animations>
        <animation name="foldPipe">
            <part node="augerArm01"   startTime="0" endTime="6" startRot="0 0 0" endRot="0 0 0" />
            <part node="augerArm02"   startTime="0" endTime="6" startRot="0 0 0" endRot="0 0 -176" />
            <part node="augerArm03"   startTime="0" endTime="6" startRot="0 0 0" endRot="0 0 90" />
            <part node="augerArm03Rot"   startTime="0" endTime="6" startRot="0 0 0" endRot="0 0 0" />
            <part node="augerArm03PartRef"  startTime="0" endTime="6" startTrans="-0.227 0.263 -0.318" endTrans="-0.211 0.978 -0.318" />

            <sound template="defaultHydraulicSound"  startTime="0.01" endTime="5.9"  direction="-1"   pitchScale="1.2" volumeScale="0.6" />
            <sound template="defaultHydraulicSound"  startTime="0.01" endTime="5.9"  direction="1"    pitchScale="0.7" volumeScale="1.0" />
            <sound template="cylinderPunch"          startTime="0.02" direction="-1" pitchScale="1.1" volumeScale="1.1"/>
            <sound template="clackVar1"              startTime="0.1"  direction="-1" volumeScale="0.7"/>
            <sound template="clackVar4"              startTime="0.01" direction="1"  pitchScale="0.4" volumeScale="3.0" fadeIn="0.2"/>
            <sound template="clackVar4"              startTime="5.99" direction="-1" pitchScale="0.4" volumeScale="3.0" fadeIn="0.2"/>
            <sound template="cylinderPunch"          startTime="5.99" direction="1"  pitchScale="1.3" volumeScale="1.1"/>
            <sound template="clackVar1"              startTime="5.7"  direction="1"  pitchScale="0.8" volumeScale="0.8"/>
            <sound template="latchSmall"             startTime="5.6"  direction="1"  pitchScale="0.4" volumeScale="0.3"/>
            <sound template="hingeMedium"            startTime="1.8"  direction="1"  pitchScale="0.3" volumeScale="2.5"/>
        </animation>

        <animation name="raycastNodeAnim">
            <part node="pipeRaycastNode"   startTime="0" endTime="1" startRot="0 0 30" endRot="0 0 -40" />
            <part node="augerArm03PartRef"  startTime="0" endTime="1" startTrans="-0.227 0.263 -0.318" endTrans="-0.211 0.978 -0.318" />
        </animation>

        <animation name="moveSupport">
            <part node="supportArm"        startTime="0.00" endTime="0.75" startRot="0 0 0" endRot="-90 0 0" />
            <part node="supportCollision"  startTime="0.00" endTime="0.75" startTrans="0 0.6 0" endTrans="0 -0.05 0" />

            <sound template="metalClose"            startTime="0.01" direction="-1" volumeScale="0.7" pitchScale="2.8" linkNode="attacherJoint"/>
            <sound template="metalClose"            startTime="0.7" direction="1" volumeScale="0.7" pitchScale="2.8" linkNode="attacherJoint"/>
            <sound template="clackVar1"             startTime="0.1" direction="1"  volumeScale="1.3" pitchScale="1.8" linkNode="attacherJoint"/>
            <sound template="clackVar1"             startTime="0.7" direction="-1"  volumeScale="1.3" pitchScale="1.8" linkNode="attacherJoint"/>
        </animation>

        <animation name="toggleCover">
            <part node="covers_closed" startTime="0"    endTime="0.05" visibility="true" />
            <part node="covers_closed" startTime="0.05" endTime="0.1"  visibility="false" />
            <part node="covers_opened" startTime="0"    endTime="0.05" visibility="false" />
            <part node="covers_opened" startTime="0.05" endTime="0.1"  visibility="true" />

            <sound template="fabricCover2" startTime="0.01" direction="1"  volumeScale="1.4" pitchScale="1.5"/>
            <sound template="fabricCover1" startTime="0.05" direction="-1" volumeScale="1.4" pitchScale="1.8"/>
        </animation>
    </animations>

    <cylindered>
        <movingTools>
            <movingTool node="augerArm01" freezingPipeStates="1">
                <controls axis="AXIS_DOOR_3" invertAxis="true" mouseSpeedFactor="0.2" iconName="PIPE_ROTATE_X" />
                <rotation rotSpeed="10" rotAcceleration="200" rotMax="0" rotMin="-35" startRot="0" rotationAxis="3"/>
                <dependentPart node="augerArm01Hydraulic" />
                <powerTakeOffs indices="1"/>
            </movingTool>
            <movingTool node="augerArm03Rot" freezingPipeStates="1">
                <controls axis="AXIS_PIPE" invertAxis="false" mouseSpeedFactor="0.2" iconName="PIPE_END_ROTATE" />
                <rotation rotSpeed="25" rotAcceleration="200" rotMin="-45" rotMax="0" startRot="0" rotationAxis="3"/>
                <dependentAnimation name="raycastNodeAnim" rotationAxis="3" minValue="-90" maxValue="0"/>
                <dependentPart node="augerArm03Part" />
                <dependentPart node="augerArm03Hydraulic" />
            </movingTool>
            <movingTool node="augerArm02" playSound="true" >
                <dependentPart node="augerArm02Arm01" />
            </movingTool>
            <movingTool node="augerArm03" playSound="true" >
                <dependentPart node="augerArm03Part" />
                <dependentPart node="augerArm03Hydraulic" />
            </movingTool>
        </movingTools>

        <movingParts>
            <movingPart node="augerArm03Part" referencePoint="augerArm03PartRef" referenceFrame="augerArm03PartRef" limitedAxis="1" isActiveDirty="true" maxUpdateDistance="40"/>
            <movingPart node="steeringBarBackLeft" referencePoint="steeringBarBackLeftRef" referenceFrame="steeringBarBackLeftRef" isActiveDirty="true" maxUpdateDistance="40" scaleZ="true"/>
            <movingPart node="steeringBarBackRight" referencePoint="steeringBarBackRightRef" referenceFrame="steeringBarBackRightRef" isActiveDirty="true" maxUpdateDistance="40" scaleZ="true"/>
            <movingPart node="steeringBarDamper" referencePoint="steeringBarDamperRef" referenceFrame="steeringBarDamperRef" isActiveDirty="true" maxUpdateDistance="40">
                <translatingPart node="steeringBarDamperPunch" />
            </movingPart>
            <movingPart node="augerArm02Arm01" localReferencePoint="augerArm02Arm02" referencePoint="augerArm02Arm02Ref" referenceFrame="augerArm02Arm01RefFrame">
                <dependentPart node="augerArm02Arm02" />
                <dependentPart node="augerArm02Hydraulic" />
            </movingPart>
            <movingPart node="augerArm02Arm02" referencePoint="augerArm02Arm02Ref" referenceFrame="augerArm02Arm02RefFrame"/>
            <movingPart node="augerArm02Hydraulic" referencePoint="augerArm02HydraulicRef" referenceFrame="augerArm02HydraulicRefFrame">
                <translatingPart node="augerArm02HydraulicPunch" />
            </movingPart>
            <movingPart node="augerArm03Hydraulic" referencePoint="augerArm03HydraulicRef" referenceFrame="augerArm03HydraulicRefFrame">
                <translatingPart node="augerArm03HydraulicPunch" />
            </movingPart>
            <movingPart node="augerArm01Hydraulic" referencePoint="augerArm01HydraulicRef" referenceFrame="augerArm01HydraulicRef">
                <translatingPart node="augerArm01HydraulicPunch" />
            </movingPart>
        </movingParts>

        <sounds>
            <actionSound template="defaultHydraulicSound" pitchScale="1.2" volumeScale="0.8" linkNode="augerArm01Hydraulic" actionNames="TRANSLATING_POS TRANSLATING_NEG" nodes="augerArm01Hydraulic" fadeIn="0.1" fadeOut="0.05"/>
            <actionSound template="defaultHydraulicSound" pitchScale="1.6" volumeScale="0.3" linkNode="augerArm03Hydraulic" actionNames="TRANSLATING_POS TRANSLATING_NEG" nodes="augerArm03Hydraulic"/>
            <actionSound template="clackVar4"             pitchScale="1"   volumeScale="0.2" linkNode="augerArm03Rot"       actionNames="TOOL_MOVE_END_POS_LIMIT"         nodes="augerArm03Rot"/>
            <actionSound template="sheetImp02"            pitchScale="1.7" volumeScale="0.5" linkNode="augerArm03Rot"       actionNames="TOOL_MOVE_END_POS_LIMIT"         nodes="augerArm03Rot"/>
            <actionSound template="clackVar6"             pitchScale="1"   volumeScale="0.5" linkNode="augerArm03Rot"       actionNames="TOOL_MOVE_END_POS_LIMIT"         nodes="augerArm03Rot"/>
            <actionSound template="sheetImp02"            pitchScale="1.5" volumeScale="0.5" linkNode="augerArm03Rot"       actionNames="TOOL_MOVE_END_NEG_LIMIT"         nodes="augerArm03Rot"/>
            <actionSound template="clackVar6"             pitchScale="0.8" volumeScale="0.5" linkNode="augerArm03Rot"       actionNames="TOOL_MOVE_END_NEG_LIMIT"         nodes="augerArm03Rot"/>
            <actionSound template="clackVar6"             pitchScale="0.7" volumeScale="1.3" linkNode="augerArm01"          actionNames="TOOL_MOVE_END_NEG_LIMIT"         nodes="augerArm01"/>
            <actionSound template="thudVar2"              pitchScale="1"   volumeScale="1.3" linkNode="augerArm01"          actionNames="TOOL_MOVE_END_NEG_LIMIT"         nodes="augerArm01"/>
            <actionSound template="cylinderPunch"         pitchScale="1.6" volumeScale="0.4" linkNode="augerArm01"          actionNames="TOOL_MOVE_END_NEG_LIMIT"         nodes="augerArm01"/>
            <actionSound template="clackVar6"             pitchScale="0.8" volumeScale="1.3" linkNode="augerArm01"          actionNames="TOOL_MOVE_END_POS_LIMIT"         nodes="augerArm01"/>
            <actionSound template="sheetImp02"            pitchScale="0.6" volumeScale="2"   linkNode="augerArm01"          actionNames="TOOL_MOVE_END_POS_LIMIT"         nodes="augerArm01"/>
            <actionSound template="cylinderPunch"         pitchScale="1.6" volumeScale="0.4" linkNode="augerArm01"          actionNames="TOOL_MOVE_END_POS_LIMIT"         nodes="augerArm01"/>
        </sounds>
    </cylindered>

    <fillUnit>
        <fillUnitConfigurations>
            <fillUnitConfiguration>
                <fillUnits>
                    <fillUnit shopDisplayUnit="CUBICMETER" fillTypes="sugarBeet" capacity="33000" >
                        <exactFillRootNode node="exactFillRootNode" />
                    </fillUnit>
                </fillUnits>
            </fillUnitConfiguration>
        </fillUnitConfigurations>
    </fillUnit>

    <fillVolume>
        <fillVolumeConfigurations>
            <fillVolumeConfiguration>
                <volumes>
                    <volume node="fillVolume" maxDelta="0.2" fillUnitIndex="1" />
                </volumes>
            </fillVolumeConfiguration>
        </fillVolumeConfigurations>

        <unloadInfos>
            <unloadInfo>
                <node node="unloadInfo" width="0.3" length="0.3" />
            </unloadInfo>
        </unloadInfos>
    </fillVolume>

    <pipe dischargeNodeIndex="1">
        <states num="2" unloading="2" />
        <animation name="foldPipe" speedScale="1" />
        <unloadingTriggers>
            <unloadingTrigger node="trailerTrigger" />
        </unloadingTriggers>

        <animationNodes>
            <animationNode node="augerArm02Auger"    rotSpeed="-500"  rotAxis="3" turnOnFadeTime="2" turnOffFadeTime="2" />
        </animationNodes>
    </pipe>

    <dischargeable>
        <dischargeNode node="pipeRaycastNode" emptySpeed="1000" fillUnitIndex="1" unloadInfoIndex="1" maxDistance="8">
            <info width="0.3" length="0.3" useRaycastHitPosition="true"/>
			<fillType converterName="SUGARBEET_CUTTER"/>
            <effects>
                <effectNode effectClass="PipeEffect" effectNode="pipeEffect"      materialType="pipe" delay="0" maxBending="0.9" positionUpdateNodes="pipeEffectSmoke" extraDistance="0.7"/>
                <effectNode                          effectNode="pipeEffectSmoke" materialType="unloadingSmoke"  delay="0.1" alignToWorldY="true"/>
            </effects>

            <dischargeStateSound template="augerBelt" pitchScale="0.65" volumeScale="1.1" fadeIn="0.5" fadeOut="2.7"/>
        </dischargeNode>
    </dischargeable>

    <cover>
        <coverConfigurations>
            <coverConfiguration >
                <cover openAnimation="toggleCover" fillUnitIndices="1" />
            </coverConfiguration>
        </coverConfigurations>
    </cover>

    <ai>
        <allowTurnBackward value="false"/>
        <agentAttachment jointNode="attacherJoint" rotCenterWheelIndices="1 2 3 4" width="3.1" height="3.95" length="8.2" lengthOffset="1"/>
    </ai>

    <foliageBending>
        <bendingNode minX="-1.5" maxX="1.5" minZ="-3.8" maxZ="1.0" yOffset="0.6" />
        <bendingNode minX="-1.0" maxX="1.0" minZ="1.0" maxZ="4.0" yOffset="0.5" />
        <bendingNode minX="-0.4" maxX="0.4" minZ="4" maxZ="5.6" yOffset="0.5" />
    </foliageBending>

    <tipOccluder>
        <occlusionArea start="occlusionAreaStart" width="occlusionAreaWidth" height="occlusionAreaHeight"/>
    </tipOccluder>

    <baseMaterial>
        <material name="gtw330Main_mat" baseNode="gtw330_lod0">
            <shaderParameter name="colorMat0" value="BERGMANN_GREEN1"/>
        </material>
        <material name="gtw330Moving_mat" baseNode="gtw330Moving_lod0">
            <shaderParameter name="colorMat0" value="BERGMANN_GREEN1"/>
        </material>
    </baseMaterial>

    <wearable wearDuration="480" workMultiplier="5" fieldMultiplier="2"/>
    <washable dirtDuration="90" washDuration="1" workMultiplier="3" fieldMultiplier="2"/>

    <i3dMappings>
        <i3dMapping id="gtw330_main_component1" node="0>" />
        <i3dMapping id="attacherJoint" node="0>0|0|0" />
        <i3dMapping id="supportArm" node="0>0|0|1|0" />
        <i3dMapping id="supportCollision" node="0>0|0|1|1" />
        <i3dMapping id="ptoDetachNode" node="0>0|0|2" />
        <i3dMapping id="hydraulicIn01_detached" node="0>0|0|3|0" />
        <i3dMapping id="hydraulicIn01_detachedAdapter" node="0>0|0|3|0|0" />
        <i3dMapping id="hydraulicOut01_detached" node="0>0|0|3|1" />
        <i3dMapping id="hydraulicOut01_detachedAdapter" node="0>0|0|3|1|0" />
        <i3dMapping id="hydraulicIn02_detached" node="0>0|0|3|2" />
        <i3dMapping id="hydraulicIn02_detachedAdapter" node="0>0|0|3|2|0" />
        <i3dMapping id="hydraulicOut02_detached" node="0>0|0|3|3" />
        <i3dMapping id="hydraulicOut02_detachedAdapter" node="0>0|0|3|3|0" />
        <i3dMapping id="airIn_detached" node="0>0|0|3|4" />
        <i3dMapping id="airIn_detachedAdapter" node="0>0|0|3|4|0" />
        <i3dMapping id="airOut_detached" node="0>0|0|3|5" />
        <i3dMapping id="airOut_detachedAdapter" node="0>0|0|3|5|0" />
        <i3dMapping id="hydraulicIn01" node="0>0|0|3|6" />
        <i3dMapping id="hydraulicOut01" node="0>0|0|3|7" />
        <i3dMapping id="hydraulicIn02" node="0>0|0|3|8" />
        <i3dMapping id="hydraulicOut02" node="0>0|0|3|9" />
        <i3dMapping id="airIn" node="0>0|0|3|10" />
        <i3dMapping id="airOut" node="0>0|0|3|11" />
        <i3dMapping id="electricIn01_detached" node="0>0|0|3|12" />
        <i3dMapping id="electricIn01_detachedAdapter" node="0>0|0|3|12|0" />
        <i3dMapping id="electricIn01" node="0>0|0|3|13" />
        <i3dMapping id="wheelFrontLeft" node="0>0|1|0" />
        <i3dMapping id="wheelFrontRight" node="0>0|1|1" />
        <i3dMapping id="axisBackLeft" node="0>0|1|2" />
        <i3dMapping id="wheelBackLeft" node="0>0|1|2|0" />
        <i3dMapping id="steeringBarBackLeft" node="0>0|1|2|1" />
        <i3dMapping id="axisBackRight" node="0>0|1|3" />
        <i3dMapping id="wheelBackRight" node="0>0|1|3|0" />
        <i3dMapping id="steeringBarBackRight" node="0>0|1|3|1" />
        <i3dMapping id="steeringBarDamperRef" node="0>0|1|3|1|0" />
        <i3dMapping id="chockSupport" node="0>0|1|4|0" />
        <i3dMapping id="wheelChock01" node="0>0|1|4|1" />
        <i3dMapping id="chockSupport1" node="0>0|1|4|2" />
        <i3dMapping id="wheelChock02" node="0>0|1|4|3" />
        <i3dMapping id="rearLight13_left" node="0>0|2|0|0" />
        <i3dMapping id="rearLight13_right" node="0>0|2|0|1" />
        <i3dMapping id="plateNumberLight01" node="0>0|2|0|2" />
        <i3dMapping id="reflectorYellowRound_03" node="0>0|2|0|3" />
        <i3dMapping id="reflectorYellowRound_04" node="0>0|2|0|4" />
        <i3dMapping id="reflectorYellowRound_05" node="0>0|2|0|5" />
        <i3dMapping id="reflectorYellowRound_06" node="0>0|2|0|6" />
        <i3dMapping id="reflectorYellowRound_07" node="0>0|2|0|7" />
        <i3dMapping id="reflectorYellowRound_08" node="0>0|2|0|8" />
        <i3dMapping id="reflectorYellowRound_09" node="0>0|2|0|9" />
        <i3dMapping id="reflectorYellowRound_10" node="0>0|2|0|10" />
        <i3dMapping id="reflectorYellowRound_11" node="0>0|2|0|11" />
        <i3dMapping id="reflectorYellowRound_12" node="0>0|2|0|12" />
        <i3dMapping id="reflectorYellowRound_13" node="0>0|2|0|13" />
        <i3dMapping id="sideMarker03_left" node="0>0|2|0|14" />
        <i3dMapping id="sideMarker03_right" node="0>0|2|0|15" />
        <i3dMapping id="backLightsHigh1" node="0>0|2|1|0" />
        <i3dMapping id="licensePlateLightHigh" node="0>0|2|1|1" />
        <i3dMapping id="turnLightLeftBack" node="0>0|2|2|0" />
        <i3dMapping id="turnLightRightBack" node="0>0|2|2|1" />
        <i3dMapping id="augerArm01" node="0>0|3|0" />
        <i3dMapping id="augerArm01HydraulicRef" node="0>0|3|0|0" />
        <i3dMapping id="augerArm02" node="0>0|3|0|1" />
        <i3dMapping id="augerArm02Auger" node="0>0|3|0|1|0|0" />
        <i3dMapping id="augerArm03Rot" node="0>0|3|0|1|1" />
        <i3dMapping id="augerArm03" node="0>0|3|0|1|1|0" />
        <i3dMapping id="augerArm03HydraulicRef" node="0>0|3|0|1|1|0|0" />
        <i3dMapping id="pipeRaycastNode" node="0>0|3|0|1|1|0|1|0" />
        <i3dMapping id="augerArm03PartRef" node="0>0|3|0|1|1|0|4" />
        <i3dMapping id="pipeEffect" node="0>0|3|0|1|1|0|5|0" />
        <i3dMapping id="pipeEffectSmoke" node="0>0|3|0|1|1|0|5|1" />
        <i3dMapping id="workingLight01" node="0>0|3|0|1|1|0|8" />
        <i3dMapping id="augerArm03HydraulicRefFrame" node="0>0|3|0|1|2" />
        <i3dMapping id="augerArm03Hydraulic" node="0>0|3|0|1|3" />
        <i3dMapping id="augerArm03HydraulicPunch" node="0>0|3|0|1|3|0" />
        <i3dMapping id="augerArm03Part" node="0>0|3|0|1|4|0" />
        <i3dMapping id="augerArm02Arm02Ref" node="0>0|3|0|1|5" />
        <i3dMapping id="augerArm02Arm01RefFrame" node="0>0|3|0|1|6" />
        <i3dMapping id="augerArm02Arm01" node="0>0|3|0|2" />
        <i3dMapping id="augerArm02Arm02" node="0>0|3|0|2|0" />
        <i3dMapping id="augerArm02HydraulicRef" node="0>0|3|0|2|0|0" />
        <i3dMapping id="augerArm02Hydraulic" node="0>0|3|0|3" />
        <i3dMapping id="augerArm02HydraulicPunch" node="0>0|3|0|3|0" />
        <i3dMapping id="augerArm02Arm02RefFrame" node="0>0|3|0|4" />
        <i3dMapping id="augerArm02HydraulicRefFrame" node="0>0|3|0|5" />
        <i3dMapping id="ptoInputNode" node="0>0|3|0|6" />
        <i3dMapping id="augerArm01Hydraulic" node="0>0|3|1" />
        <i3dMapping id="augerArm01HydraulicPunch" node="0>0|3|1|0" />
        <i3dMapping id="steeringBar" node="0>0|3|2" />
        <i3dMapping id="steeringBarBackLeftRef" node="0>0|3|2|0" />
        <i3dMapping id="steeringBarBackRightRef" node="0>0|3|2|1" />
        <i3dMapping id="steeringBarDamper" node="0>0|3|3" />
        <i3dMapping id="steeringBarDamperPunch" node="0>0|3|3|0" />
        <i3dMapping id="covers_closed" node="0>0|4|0" />
        <i3dMapping id="covers_opened" node="0>0|4|1" />
        <i3dMapping id="trailerTrigger" node="0>0|5|0" />
        <i3dMapping id="unloadInfo" node="0>0|5|1" />
        <i3dMapping id="fillVolume" node="0>0|5|2" />
        <i3dMapping id="exactFillRootNode" node="0>0|5|3" />
        <i3dMapping id="licensePlateNodeBack" node="0>0|6" />
        <i3dMapping id="occlusionAreaStart" node="0>0|7|0" />
        <i3dMapping id="occlusionAreaWidth" node="0>0|7|1" />
        <i3dMapping id="occlusionAreaHeight" node="0>0|7|2" />
        <i3dMapping id="gtw330_lod0" node="0>0|8|0|0" />
        <i3dMapping id="gtw330Moving_lod0" node="0>0|8|1|0" />
    </i3dMappings>
</vehicle>
