﻿<?xml version="1.0" encoding="utf-8" standalone="no" ?>
<vehicle type="augerWagon" xmlns:xsi="http://www.w3.org/2001/XMLSchema-instance" xsi:noNamespaceSchemaLocation="../../../../shared/xml/schema/vehicle.xsd">
    <annotation>Copyright (C) GIANTS Software GmbH, All Rights Reserved.</annotation>

    <storeData>
        <name>
			<en>SUW 5000 SugarBeet Cutter</en>
			<de>SUW 5000 Zuckerrübenschnitzler</de>
		</name>
        <specs>
            <neededPower>280</neededPower>
        </specs>
        <functions>
            <function>$l10n_function_tipper</function>
            <function>$l10n_function_augerWagon</function>
        </functions>
        <image>$data/vehicles/hawe/suw5000/store_suw5000.png</image>
        <price>116000</price>
        <lifetime>600</lifetime>
        <rotation>0</rotation>
        <brand>HAWE</brand>
        <category>augerWagons</category>
        <shopTranslationOffset>0 0.101 0</shopTranslationOffset>
        <shopRotationOffset>-0.197 0 0</shopRotationOffset>
        <vertexBufferMemoryUsage>4472064</vertexBufferMemoryUsage>
        <indexBufferMemoryUsage>1040896</indexBufferMemoryUsage>
        <textureMemoryUsage>2686976</textureMemoryUsage>
        <audioMemoryUsage>0</audioMemoryUsage>
        <instanceVertexBufferMemoryUsage>0</instanceVertexBufferMemoryUsage>
        <instanceIndexBufferMemoryUsage>0</instanceIndexBufferMemoryUsage>
    </storeData>

    <base>
        <typeDesc>$l10n_typeDesc_tipper</typeDesc>
        <filename>$data/vehicles/hawe/suw5000/suw5000.i3d</filename>
        <size width="3.8" height="4.3" length="13"/>
        <sounds volumeFactor="2.0"/>
        <components maxMass="34000">
            <component centerOfMass="0 0.75 -0.8" solverIterationCount="10" mass="10900" />
        </components>
        <schemaOverlay attacherJointPosition="0 0" name="IMPLEMENT" />
    </base>

    <powerConsumer ptoRpm="400" neededMaxPtoPower="50"/>

    <wheels>
        <wheelConfigurations>
            <wheelConfiguration name="$l10n_configuration_valueDefault" price="0"  brand="TRELLEBORG" saveId="TRELLEBORG_DEFAULT">
                <wheels>
                    <wheel filename="$data/shared/wheels/tires/trelleborg/TwinRadial/710_50R26_5.xml" isLeft="true" hasTireTracks="true" hasParticles="true" >
                        <physics tipOcclusionAreaGroupId="1" restLoad="1.9" repr="axisFrontLeft"    driveNode="wheelFrontLeft"  forcePointRatio="0.5" initialCompression="20" suspTravel="0.15" spring="54" damper="50" yOffset="0.01" />
                        <steeringAxle scale="0.2" rotMax="20" rotMin="-20" />
                        <steering node="steeringBarFront" nodeMinTransX="0.1" nodeMaxTransX="-0.1"/>
                    </wheel>
                    <wheel filename="$data/shared/wheels/tires/trelleborg/TwinRadial/710_50R26_5.xml" isLeft="false" hasTireTracks="true" hasParticles="true" >
                        <physics tipOcclusionAreaGroupId="1" restLoad="1.9" repr="axisFrontRight"   driveNode="wheelFrontRight" forcePointRatio="0.5" initialCompression="20" suspTravel="0.15" spring="54" damper="50" yOffset="0.01" />
                        <steeringAxle scale="0.2" rotMax="20" rotMin="-20" />
                    </wheel>
                    <wheel filename="$data/shared/wheels/tires/trelleborg/TwinRadial/710_50R26_5.xml" isLeft="true" >
                        <physics tipOcclusionAreaGroupId="1" restLoad="1.9" repr="wheelMiddleLeft"                              forcePointRatio="0.5" initialCompression="20" suspTravel="0.15" spring="54" damper="50" yOffset="0.01" />
                       <wheelChock parkingNode="wheelChock03"/>
                       <wheelChock parkingNode="wheelChock04" isInverted="true"/>
                    </wheel>
                    <wheel filename="$data/shared/wheels/tires/trelleborg/TwinRadial/710_50R26_5.xml" isLeft="false" >
                        <physics tipOcclusionAreaGroupId="1" restLoad="1.9" repr="wheelMiddleRight"                             forcePointRatio="0.5" initialCompression="20" suspTravel="0.15" spring="54" damper="50" yOffset="0.01" />
                    </wheel>
                    <wheel filename="$data/shared/wheels/tires/trelleborg/TwinRadial/710_50R26_5.xml" isLeft="true" hasTireTracks="true" hasParticles="true" >
                        <physics tipOcclusionAreaGroupId="1" restLoad="1.9" repr="axisBackLeft"    driveNode="wheelBackLeft"    forcePointRatio="0.5" initialCompression="20" suspTravel="0.15" spring="54" damper="50" yOffset="0.01" />
                        <steeringAxle scale="-0.7" rotMax="15" rotMin="-15" />
                        <steering node="steeringBarBack" nodeMinTransX="0.1" nodeMaxTransX="-0.1"/>
                    </wheel>
                    <wheel filename="$data/shared/wheels/tires/trelleborg/TwinRadial/710_50R26_5.xml" isLeft="false" hasTireTracks="true" hasParticles="true" >
                        <physics tipOcclusionAreaGroupId="1" restLoad="1.9" repr="axisBackRight"   driveNode="wheelBackRight"   forcePointRatio="0.5" initialCompression="20" suspTravel="0.15" spring="54" damper="50" yOffset="0.01" />
                        <steeringAxle scale="-0.7" rotMax="15" rotMin="-15" />
                    </wheel>
                </wheels>
            </wheelConfiguration>

            <wheelConfiguration name="$l10n_configuration_valueDefault" price="0" brand="MICHELIN" saveId="MICHELIN_DEFAULT">
                <wheels baseConfig="TRELLEBORG_DEFAULT">
                    <wheel filename="$data/shared/wheels/tires/michelin/cargoXBibHF/710_50R26_5.xml">
                        <physics yOffset="0.022"/>
                    </wheel>
                    <wheel filename="$data/shared/wheels/tires/michelin/cargoXBibHF/710_50R26_5.xml">
                        <physics yOffset="0.022"/>
                    </wheel>
                    <wheel filename="$data/shared/wheels/tires/michelin/cargoXBibHF/710_50R26_5.xml">
                        <physics yOffset="0.022"/>
                       <wheelChock/>
                       <wheelChock/>
                    </wheel>
                    <wheel filename="$data/shared/wheels/tires/michelin/cargoXBibHF/710_50R26_5.xml">
                        <physics yOffset="0.022"/>
                    </wheel>
                    <wheel filename="$data/shared/wheels/tires/michelin/cargoXBibHF/710_50R26_5.xml">
                        <physics yOffset="0.022"/>
                    </wheel>
                    <wheel filename="$data/shared/wheels/tires/michelin/cargoXBibHF/710_50R26_5.xml">
                        <physics yOffset="0.022"/>
                    </wheel>
                </wheels>
            </wheelConfiguration>

            <wheelConfiguration name="$l10n_configuration_valueDefault" price="0" brand="BKT" saveId="BKT_DEFAULT">
                <wheels baseConfig="TRELLEBORG_DEFAULT">
                    <wheel filename="$data/shared/wheels/tires/bkt/ridemaxFL693M/710_50R26_5.xml">
                        <physics yOffset="0.012"/>
                    </wheel>
                    <wheel filename="$data/shared/wheels/tires/bkt/ridemaxFL693M/710_50R26_5.xml">
                        <physics yOffset="0.012"/>
                    </wheel>
                    <wheel filename="$data/shared/wheels/tires/bkt/ridemaxFL693M/710_50R26_5.xml">
                        <physics yOffset="0.012"/>
                       <wheelChock/>
                       <wheelChock/>
                    </wheel>
                    <wheel filename="$data/shared/wheels/tires/bkt/ridemaxFL693M/710_50R26_5.xml">
                        <physics yOffset="0.012"/>
                    </wheel>
                    <wheel filename="$data/shared/wheels/tires/bkt/ridemaxFL693M/710_50R26_5.xml">
                        <physics yOffset="0.012"/>
                    </wheel>
                    <wheel filename="$data/shared/wheels/tires/bkt/ridemaxFL693M/710_50R26_5.xml">
                        <physics yOffset="0.012"/>
                    </wheel>
                </wheels>
            </wheelConfiguration>

            <wheelConfiguration name="$l10n_configuration_valueDefault" price="0" brand="VREDESTEIN" saveId="VREDESTEIN_DEFAULT">
                <wheels baseConfig="TRELLEBORG_DEFAULT">
                    <wheel filename="$data/shared/wheels/tires/vredestein/flotationTrac/710_50R26_5.xml">
                        <physics yOffset="0.02"/>
                    </wheel>
                    <wheel filename="$data/shared/wheels/tires/vredestein/flotationTrac/710_50R26_5.xml">
                        <physics yOffset="0.02"/>
                    </wheel>
                    <wheel filename="$data/shared/wheels/tires/vredestein/flotationTrac/710_50R26_5.xml">
                        <physics yOffset="0.02"/>
                       <wheelChock/>
                       <wheelChock/>
                    </wheel>
                    <wheel filename="$data/shared/wheels/tires/vredestein/flotationTrac/710_50R26_5.xml">
                        <physics yOffset="0.02"/>
                    </wheel>
                    <wheel filename="$data/shared/wheels/tires/vredestein/flotationTrac/710_50R26_5.xml">
                        <physics yOffset="0.02"/>
                    </wheel>
                    <wheel filename="$data/shared/wheels/tires/vredestein/flotationTrac/710_50R26_5.xml">
                        <physics yOffset="0.02"/>
                    </wheel>
                </wheels>
            </wheelConfiguration>
        </wheelConfigurations>

        <rimColor material="18">SHARED_WHITE1</rimColor>

        <hubs>
            <color0>HAWE_GREY1</color0>
            <color1>SHARED_GREY3</color1>
            <hub linkNode="wheelFrontLeft"   filename="$data/shared/wheels/hubs/hub_n10_5.xml" isLeft="true"  scale="0.3 0.335 0.335" />
            <hub linkNode="wheelFrontRight"  filename="$data/shared/wheels/hubs/hub_n10_5.xml" isLeft="false" scale="0.3 0.335 0.335" />
            <hub linkNode="wheelBackLeft"    filename="$data/shared/wheels/hubs/hub_n10_5.xml" isLeft="true"  scale="0.3 0.335 0.335" />
            <hub linkNode="wheelBackRight"   filename="$data/shared/wheels/hubs/hub_n10_5.xml" isLeft="false" scale="0.3 0.335 0.335" />
            <hub linkNode="wheelMiddleLeft"  filename="$data/shared/wheels/hubs/hub_n10_5.xml" isLeft="true"  scale="0.3 0.335 0.335" />
            <hub linkNode="wheelMiddleRight" filename="$data/shared/wheels/hubs/hub_n10_5.xml" isLeft="false" scale="0.3 0.335 0.335" />
        </hubs>
    </wheels>

    <attachable>
        <inputAttacherJoints>
            <inputAttacherJoint node="attacherJoint" jointType="trailerLow" attacherHeight="0.73"/>
        </inputAttacherJoints>
        <steeringAxleAngleScale startSpeed="0" endSpeed="90" backwards="true"/>
        <support animationName="moveSupport" />
        <brakeForce force="1.4" maxForce="3.8" maxForceMass="34000"/>
    </attachable>

    <powerTakeOffs>
        <input inputAttacherJointIndices="1" inputNode="pto" aboveAttacher="true" detachNode="ptoDetachNode"/>
    </powerTakeOffs>

    <dynamicallyLoadedParts>
        <dynamicallyLoadedPart node="1|0" linkNode="hydraulicIn01_detachedAdapter"  filename="$data/shared/connectionHoses/connectors.i3d" />
        <dynamicallyLoadedPart node="1|0" linkNode="hydraulicOut01_detachedAdapter" filename="$data/shared/connectionHoses/connectors.i3d" />
        <dynamicallyLoadedPart node="1|0" linkNode="hydraulicIn02_detachedAdapter"  filename="$data/shared/connectionHoses/connectors.i3d" />
        <dynamicallyLoadedPart node="1|0" linkNode="hydraulicOut02_detachedAdapter" filename="$data/shared/connectionHoses/connectors.i3d" />
        <dynamicallyLoadedPart node="1|3" linkNode="airIn_detachedAdapter"  filename="$data/shared/connectionHoses/connectors.i3d" />
        <dynamicallyLoadedPart node="1|2" linkNode="airOut_detachedAdapter" filename="$data/shared/connectionHoses/connectors.i3d" />
        <dynamicallyLoadedPart node="1|1" linkNode="electricIn01_detachedAdapter" filename="$data/shared/connectionHoses/connectors.i3d" />
        <dynamicallyLoadedPart node="0" linkNode="camera_03" filename="$data/shared/assets/camera_03.i3d" />
    </dynamicallyLoadedParts>

    <licensePlates>
        <licensePlate node="licensePlateNodeBack"  position="BACK" preferedType="ELONGATED" placementArea="0.06 0.28 0.15 0.28"/>
    </licensePlates>

    <connectionHoses>
        <hose inputAttacherJointIndices="1" type="hydraulicIn"  node="hydraulicIn01"  length="1.7" diameter="0.015" straighteningFactor="1.5">
           <objectChange node="hydraulicIn01_detached" visibilityActive="false" visibilityInactive="true"/>
        </hose>
        <hose inputAttacherJointIndices="1" type="hydraulicOut" node="hydraulicOut01" length="1.7" diameter="0.015" straighteningFactor="1.5">
           <objectChange node="hydraulicOut01_detached" visibilityActive="false" visibilityInactive="true"/>
        </hose>
        <hose inputAttacherJointIndices="1" type="hydraulicIn"  node="hydraulicIn02"  length="1.7" diameter="0.015" straighteningFactor="1.5">
           <objectChange node="hydraulicIn02_detached" visibilityActive="false" visibilityInactive="true"/>
        </hose>
        <hose inputAttacherJointIndices="1" type="hydraulicOut" node="hydraulicOut02" length="1.7" diameter="0.015" straighteningFactor="1.5">
           <objectChange node="hydraulicOut02_detached" visibilityActive="false" visibilityInactive="true"/>
        </hose>
        <hose inputAttacherJointIndices="1" type="airDoubleRed" node="airIn" length="1.7" diameter="0.015" straighteningFactor="1">
            <objectChange node="airIn_detached" visibilityActive="false" visibilityInactive="true" />
        </hose>
        <hose inputAttacherJointIndices="1" type="airDoubleYellow" node="airOut" length="1.7" diameter="0.015" straighteningFactor="1">
            <objectChange node="airOut_detached" visibilityActive="false" visibilityInactive="true" />
        </hose>
        <hose inputAttacherJointIndices="1" type="electric" node="electricIn01" length="1.7" diameter="0.02" straighteningFactor="1">
           <objectChange node="electricIn01_detached" visibilityActive="false" visibilityInactive="true"/>
        </hose>
    </connectionHoses>

    <lights>
        <sharedLight linkNode="workingLight11_01" filename="$data/shared/assets/lights/hella/hellaWorkingLightSquare_01_front.xml"/>
        <sharedLight linkNode="workingLight11_02" filename="$data/shared/assets/lights/hella/hellaWorkingLightSquare_01_front.xml"/>
        <sharedLight linkNode="workingLight11_03" filename="$data/shared/assets/lights/hella/hellaWorkingLightSquare_01_back.xml" >
            <rotationNode name="rotationNode1" rotation="-52 0 0" />
        </sharedLight>
        <sharedLight linkNode="workingLight11_04" filename="$data/shared/assets/lights/hella/hellaWorkingLightSquare_01_back.xml" >
            <rotationNode name="rotationNode1" rotation="-52 0 0" />
        </sharedLight>
        <sharedLight linkNode="rearLight22Red"        filename="$data/shared/assets/lights/lizard/rearLight22Red.xml" />
        <sharedLight linkNode="rearLight22Red1"       filename="$data/shared/assets/lights/lizard/rearLight22Red.xml" />
        <sharedLight linkNode="rearLight36_left"      filename="$data/shared/assets/lights/lizard/rearLight36_left.xml" />
        <sharedLight linkNode="rearLight36_right"     filename="$data/shared/assets/lights/lizard/rearLight36_right.xml" />
        <sharedLight linkNode="rearLight36_left1"     filename="$data/shared/assets/lights/lizard/rearLight36_left.xml" />
        <sharedLight linkNode="rearLight36_right1"    filename="$data/shared/assets/lights/lizard/rearLight36_right.xml" />
        <sharedLight linkNode="sideMarker03_left"     filename="$data/shared/assets/lights/lizard/sideMarker01_left.xml" />
        <sharedLight linkNode="sideMarker03_right"    filename="$data/shared/assets/lights/lizard/sideMarker01_right.xml" />
        <sharedLight linkNode="plateNumberLight02_01" filename="$data/shared/assets/lights/lizard/plateNumberLight02.xml" />
        <sharedLight linkNode="plateNumberLight02_02" filename="$data/shared/assets/lights/lizard/plateNumberLight02.xml" />
        <sharedLight linkNode="workingLight14"        filename="$data/shared/assets/lights/lizard/workingLight14.xml" />
        <sharedLight linkNode="yellowRectangle_01"    filename="$data/shared/assets/lights/lizard/sideMarker05Orange.xml" />
        <sharedLight linkNode="yellowRectangle_02"    filename="$data/shared/assets/lights/lizard/sideMarker05Orange.xml" />
        <sharedLight linkNode="yellowRectangle_03"    filename="$data/shared/assets/lights/lizard/sideMarker05Orange.xml" />
        <sharedLight linkNode="yellowRectangle_04"    filename="$data/shared/assets/lights/lizard/sideMarker05Orange.xml" />
        <sharedLight linkNode="yellowRectangle_05"    filename="$data/shared/assets/lights/lizard/sideMarker05Orange.xml" />
        <sharedLight linkNode="yellowRectangle_06"    filename="$data/shared/assets/lights/lizard/sideMarker05Orange.xml" />
        <sharedLight linkNode="yellowRectangle_07"    filename="$data/shared/assets/lights/lizard/sideMarker05Orange.xml" />
        <sharedLight linkNode="yellowRectangle_08"    filename="$data/shared/assets/lights/lizard/sideMarker05Orange.xml" />
        <sharedLight linkNode="yellowRectangle_09"    filename="$data/shared/assets/lights/lizard/sideMarker05Orange.xml" />
        <sharedLight linkNode="yellowRectangle_010"   filename="$data/shared/assets/lights/lizard/sideMarker05Orange.xml" />

        <realLights>
            <high>
                <light node="backLightsHigh1" lightTypes="0"/>
                <light node="licensePlateLightHigh" lightTypes="0"/>
                <light node="workLightBackLow" lightTypes="2"/>
                <light node="workLightBackHigh1" lightTypes="1"/>
                <turnLightLeft node="turnLightLeftBack" />
                <turnLightRight node="turnLightRightBack" />
                <brakeLight node="backLightsHigh1" />
            </high>
        </realLights>
    </lights>

    <animations>
        <animation name="tipAnimationBack">
            <part node="backDoor" startTime="0" endTime="3" startRot="0 0 0" endRot="90 0 0" />

            <sound template="clackVar2"             startTime="0.05" direction="0"   volumeScale="1.0" pitchScale="1.7"/>
            <sound template="metalOpen"             startTime="2.69" direction="1"   volumeScale="2.5" pitchScale="0.4"/>
            <sound template="metalOpen"             startTime="2.89" direction="1"   volumeScale="2.0" pitchScale="0.8"/>
            <sound template="metalClose"            startTime="0.05" direction="1"   volumeScale="3.0" pitchScale="0.3"/>
            <sound template="metalOpen"             startTime="0.05" direction="-1"  volumeScale="2.5" pitchScale="0.5"/>
            <sound template="metalClose"            startTime="0.01" direction="-1"  volumeScale="2.0" pitchScale="1.1"/>
            <sound template="latchSmall"            startTime="0.01" direction="-1"  volumeScale="0.1" pitchScale="0.6"/>
            <sound template="clackVar4"             startTime="2.99" direction="-1"  pitchScale="0.4"  volumeScale="3.0" fadeIn="0.2"/>
            <sound template="cylinderPunch"         startTime="0.01" direction="0"/>
            <sound template="defaultHydraulicSound" startTime="0.01" endTime="2.99"  pitchScale="1.1" volumeScale="0.7"/>
        </animation>
        <animation name="tipAnimationPipe">
        </animation>
        <animation name="foldPipe">
            <part node="pipeFolding"     startTime="0" endTime="3" startRot="0 0 0"   endRot="0 0 -96.804" />
            <part node="pipeFoldingFlap" startTime="0" endTime="3" startRot="0 0 0"   endRot="-27.441 0 0" />
            <part node="unloadingDoor"   startTime="0" endTime="3" startTrans="0 0 0" endTrans="0 1.169 0" />
            <part node="extension"       startTime="0" endTime="3" startTrans="0 -0.469 0" endTrans="0 -0.469 0" />

            <sound template="defaultHydraulicSound"  startTime="0.01" endTime="2.99"  direction="-1"    pitchScale="1.2" volumeScale="0.6" />
            <sound template="defaultHydraulicSound"  startTime="0.01" endTime="2.9"   direction="1"     pitchScale="0.7" volumeScale="1.0" />
            <sound template="hydraulicLayerTone"     startTime="0.01" endTime="2.9"   direction="1"     pitchScale="0.5" volumeScale="0.7" />
            <sound template="hydraulicLayerTone"     startTime="0.01" endTime="2.9"   direction="-1"    pitchScale="1.0" volumeScale="0.2" />
            <sound template="cylinderPunch"          startTime="0.02" direction="-1"  pitchScale="1.1"  volumeScale="0.7"/>
            <sound template="clackVar1"              startTime="0.1"  direction="-1"  volumeScale="0.7"/>
            <sound template="clackVar4"              startTime="0.01" direction="1"   pitchScale="0.4"  volumeScale="3.0" fadeIn="0.2"/>
            <sound template="clackVar4"              startTime="2.99" direction="-1"  pitchScale="0.4"  volumeScale="3.0" fadeIn="0.2"/>
            <sound template="metalClose"             startTime="0.01" direction="-1"  volumeScale="1.6" pitchScale="0.7"/>
            <sound template="cylinderPunch"          startTime="2.99" direction="1"   pitchScale="1.3"  volumeScale="1.1"/>
            <sound template="clackVar1"              startTime="2.9"  direction="1"   pitchScale="0.8"  volumeScale="0.8"/>
            <sound template="slideOpen"              startTime="0.01" direction="1"   pitchScale="0.5"  volumeScale="2.0"/>
        </animation>
        <animation name="moveSupport">
            <part node="drawbar"     startTime="0" endTime="0.7" startRot="3.8 0 0" endRot="4.6 0 0" />
            <part node="supportArm"  startTime="0" endTime="0.7" startRot="-80 0 0" endRot="-131 0 0" />

            <sound template="metalClose"            startTime="0.01" direction="-1"  volumeScale="0.7" pitchScale="2.8" linkNode="attacherJoint"/>
            <sound template="metalClose"            startTime="0.5"  direction="1"   volumeScale="0.7" pitchScale="2.8" linkNode="attacherJoint"/>
            <sound template="clackVar1"             startTime="0.1"  direction="1"   volumeScale="1.3" pitchScale="1.8" linkNode="attacherJoint"/>
            <sound template="clackVar1"             startTime="0.5"  direction="-1"  volumeScale="1.3" pitchScale="1.8" linkNode="attacherJoint"/>
        </animation>
    </animations>

    <cylindered>
        <movingTools>
            <movingTool node="backDoor" playSound="true">
                <dependentPart node="backDoorHydraulic" />
            </movingTool>
            <movingTool node="drawbar" playSound="true">
                <controls axis="AXIS_DRAWBAR" invertAxis="false" mouseSpeedFactor="0.2" iconName="DRAWBAR_ROTATE_X" />
                <rotation rotSpeed="10" rotAcceleration="40" rotMax="10" rotMin="-10" startRot="0" rotationAxis="1"/>
                <inputAttacherJoint value="true" />
                <dependentPart node="drawbarHydraulic" />
            </movingTool>
            <movingTool node="supportArm" playSound="true">
                <dependentPart node="supportArmHydraulic" />
            </movingTool>
            <movingTool node="pipeFolding" playSound="true">
                <dependentPart node="pipeFoldingHydraulic" />
            </movingTool>

            <movingTool node="pipeYRot" playSound="true" isConsumingPower="true" freezingPipeStates="1">
                <controls axis="AXIS_CRANE_ARM" invertAxis="true" mouseSpeedFactor="0.6" iconName="PIPE_ROTATE_Y" />
                <rotation rotSpeed="30" rotAcceleration="50" rotationAxis="2" rotMax="179.9" rotMin="-50"/>
            </movingTool>

            <movingTool node="pipeFlap01" playSound="true" isConsumingPower="true" freezingPipeStates="1">
                <controls axis="AXIS_CRANE_ARM2" invertAxis="true" mouseSpeedFactor="0.6" iconName="PIPE_ROTATE_Y" />
                <rotation rotSpeed="30" rotAcceleration="50" rotationAxis="1" rotMax="0" rotMin="-35"/>
                <dependentPart node="pipeFlap01Hydraulic" />
                <dependentMovingTool node="pipeFlap02" speedScale="1"/>
            </movingTool>
            <movingTool node="pipeFlap02">
                <rotation rotSpeed="30" rotAcceleration="50" rotationAxis="1" rotMax="0" rotMin="-35"/>
            </movingTool>
        </movingTools>

        <movingParts>
            <movingPart node="flap02Arm" referencePoint="flap02ArmRef" referenceFrame="flap02ArmRef" isActiveDirty="true" maxUpdateDistance="20" scaleZ="true"/>
            <movingPart node="steeringBarFrontLeft" referencePoint="steeringBarFrontLeftRef" referenceFrame="steeringBarFrontLeftRef" isActiveDirty="true" maxUpdateDistance="20" scaleZ="true"/>
            <movingPart node="steeringBarFrontRight" referencePoint="steeringBarFrontRightRef" referenceFrame="steeringBarFrontRightRef" isActiveDirty="true" maxUpdateDistance="20" scaleZ="true"/>
            <movingPart node="steeringBarBackLeft" referencePoint="steeringBarBackLeftRef" referenceFrame="steeringBarBackLeftRef" isActiveDirty="true" maxUpdateDistance="20" scaleZ="true"/>
            <movingPart node="steeringBarBackRight" referencePoint="steeringBarBackRightRef" referenceFrame="steeringBarBackRightRef" isActiveDirty="true" maxUpdateDistance="20" scaleZ="true"/>
            <movingPart node="steeringBarFrontDamper" referencePoint="steeringBarFrontDamperRef" referenceFrame="steeringBarFrontDamperRef" isActiveDirty="true" maxUpdateDistance="20">
                <translatingPart node="steeringBarFrontDamperPunch" />
            </movingPart>
            <movingPart node="steeringBarBackDamper" referencePoint="steeringBarBackDamperRef" referenceFrame="steeringBarBackDamperRef" isActiveDirty="true" maxUpdateDistance="20">
                <translatingPart node="steeringBarBackDamperPunch" />
            </movingPart>
            <movingPart node="supportArmHydraulic" referencePoint="supportArmHydraulicRef" referenceFrame="supportArmHydraulicRef">
                <translatingPart node="supportArmHydraulicPunch" />
            </movingPart>
            <movingPart node="drawbarHydraulic" referencePoint="drawbarHydraulicRef" referenceFrame="drawbarHydraulicRef">
                <translatingPart node="drawbarHydraulicPunch" />
            </movingPart>
            <movingPart node="pipeFoldingHydraulic" referencePoint="pipeFoldingHydraulicRef" referenceFrame="pipeFoldingHydraulicRef">
                <translatingPart node="pipeFoldingHydraulicPunch" />
            </movingPart>
            <movingPart node="backDoorHydraulic" referencePoint="backDoorHydraulicRef" referenceFrame="backDoorHydraulicRef">
                <translatingPart node="backDoorHydraulicPunch" />
            </movingPart>
            <movingPart node="pipeFlap01Hydraulic" referencePoint="pipeFlap01HydraulicRef" referenceFrame="pipeFlap01HydraulicRefFrame">
                <translatingPart node="pipeFlap01HydraulicPunch" />
            </movingPart>
        </movingParts>

        <sounds>
            <actionSound template="defaultHydraulicSound" pitchScale="0.6" volumeScale="1"   linkNode="drawbarHydraulic" actionNames="TRANSLATING_POS TRANSLATING_NEG" nodes="drawbarHydraulic" fadeIn="0.1" fadeOut="0.02"/>
            <actionSound template="defaultHydraulicSound" pitchScale="1.2" volumeScale="0.8" linkNode="pipeYRot"         actionNames="TOOL_MOVE_POS TOOL_MOVE_NEG"     nodes="pipeYRot" fadeIn="0.1" fadeOut="0.05"/>
            <actionSound template="defaultHydraulicSound" pitchScale="1.6" volumeScale="0.3" linkNode="pipeFlap01"       actionNames="TOOL_MOVE_POS TOOL_MOVE_NEG"     nodes="pipeFlap01"/>
            <actionSound template="clackVar6"             pitchScale="0.8" volumeScale="1.2" linkNode="drawbar"          actionNames="TOOL_MOVE_END_POS_LIMIT"         nodes="drawbar" />
            <actionSound template="foldStartMed02"        pitchScale="0.8" volumeScale="1.2" linkNode="drawbar"          actionNames="TOOL_MOVE_END_POS_LIMIT"         nodes="drawbar" />
            <actionSound template="metalClose"            pitchScale="2"   volumeScale="0.5" linkNode="drawbar"          actionNames="TOOL_MOVE_END_POS_LIMIT"         nodes="drawbar" />
            <actionSound template="cylinderPunch"         pitchScale="1"   volumeScale="0.3" linkNode="drawbar"          actionNames="TOOL_MOVE_END_POS_LIMIT"         nodes="drawbar" />
            <actionSound template="clackVar6"             pitchScale="0.6" volumeScale="1.2" linkNode="drawbar"          actionNames="TOOL_MOVE_END_NEG_LIMIT"         nodes="drawbar" />
            <actionSound template="foldStartMed02"        pitchScale="0.8" volumeScale="1.2" linkNode="drawbar"          actionNames="TOOL_MOVE_END_NEG_LIMIT"         nodes="drawbar" />
            <actionSound template="sheetImp02"            pitchScale="0.8" volumeScale="2.1" linkNode="drawbar"          actionNames="TOOL_MOVE_END_NEG_LIMIT"         nodes="drawbar" />
            <actionSound template="cylinderPunch"         pitchScale="1"   volumeScale="0.3" linkNode="drawbar"          actionNames="TOOL_MOVE_END_NEG_LIMIT"         nodes="drawbar" />
            <actionSound template="clackVar4"             pitchScale="1"   volumeScale="0.2" linkNode="pipeFlap01"       actionNames="TOOL_MOVE_END_POS_LIMIT"         nodes="pipeFlap01"/>
            <actionSound template="sheetImp02"            pitchScale="1.7" volumeScale="0.5" linkNode="pipeFlap01"       actionNames="TOOL_MOVE_END_POS_LIMIT"         nodes="pipeFlap01"/>
            <actionSound template="clackVar6"             pitchScale="1"   volumeScale="0.5" linkNode="pipeFlap01"       actionNames="TOOL_MOVE_END_POS_LIMIT"         nodes="pipeFlap01"/>
            <actionSound template="sheetImp02"            pitchScale="1.5" volumeScale="0.5" linkNode="pipeFlap01"       actionNames="TOOL_MOVE_END_NEG_LIMIT"         nodes="pipeFlap01"/>
            <actionSound template="clackVar6"             pitchScale="0.8" volumeScale="0.5" linkNode="pipeFlap01"       actionNames="TOOL_MOVE_END_NEG_LIMIT"         nodes="pipeFlap01"/>
            <actionSound template="clackVar6"             pitchScale="0.7" volumeScale="1.3" linkNode="pipeYRot"         actionNames="TOOL_MOVE_END_NEG_LIMIT"         nodes="pipeYRot"/>
            <actionSound template="thudVar2"              pitchScale="1"   volumeScale="1.3" linkNode="pipeYRot"         actionNames="TOOL_MOVE_END_NEG_LIMIT"         nodes="pipeYRot"/>
            <actionSound template="cylinderPunch"         pitchScale="1.6" volumeScale="0.4" linkNode="pipeYRot"         actionNames="TOOL_MOVE_END_NEG_LIMIT"         nodes="pipeYRot"/>
            <actionSound template="clackVar6"             pitchScale="0.8" volumeScale="1.3" linkNode="pipeYRot"         actionNames="TOOL_MOVE_END_POS_LIMIT"         nodes="pipeYRot"/>
            <actionSound template="sheetImp02"            pitchScale="0.6" volumeScale="2"   linkNode="pipeYRot"         actionNames="TOOL_MOVE_END_POS_LIMIT"         nodes="pipeYRot"/>
            <actionSound template="cylinderPunch"         pitchScale="1.6" volumeScale="0.4" linkNode="pipeYRot"         actionNames="TOOL_MOVE_END_POS_LIMIT"         nodes="pipeYRot"/>
        </sounds>
    </cylindered>

    <fillUnit>
        <fillUnitConfigurations>
            <fillUnitConfiguration name="$l10n_configuration_valueDefault" price="0" >
                <fillUnits>
                    <fillUnit shopDisplayUnit="CUBICMETER" fillTypes="sugarBeet" capacity="50000" >
                        <exactFillRootNode node="exactFillRootNode" />
                        <autoAimTargetNode node="fillAutoAimTarget" startZ="1.85" endZ="-5.0" invert="false" startPercentage="25"/>
                    </fillUnit>
                </fillUnits>
            </fillUnitConfiguration>
        </fillUnitConfigurations>
    </fillUnit>

    <fillVolume>
        <fillVolumeConfigurations>
            <fillVolumeConfiguration>
                <volumes>
                    <volume node="fillVolume" maxDelta="1.5" maxAllowedHeapAngle="15" fillUnitIndex="1"/>
                </volumes>
            </fillVolumeConfiguration>
        </fillVolumeConfigurations>

        <unloadInfos>
            <unloadInfo>
                <node node="fillVolumeUnloadBack" width="3.0" length="1.7" />
            </unloadInfo>
            <unloadInfo>
                <node node="fillVolumeUnloadPipe" width="3.0" length="1.7" />
            </unloadInfo>
        </unloadInfos>

        <heightNodes>
            <heightNode>
                <refNode node="heightNode01" />
                <refNode node="heightNode02" />
                <node node="grainEffectBack"  baseScale="1 1 1"   transAxis="0 0.8 0" />
                <node node="emitterShapeBack" baseScale="1 0.1 1" scaleAxis="0 0.4 0" />
            </heightNode>
        </heightNodes>
    </fillVolume>

    <trailer>
        <trailerConfigurations>
            <trailerConfiguration>
                <trailer>
                    <tipSide name="$l10n_info_tipSideBack" dischargeNodeIndex="1">
                        <animation name="tipAnimationBack" speedScale="1.0" startTipTime="0.25"/>
                        <animationNodes>
                            <animationNode node="drum01" rotSpeed="-25" rotAxis="1" turnOnFadeTime="1" turnOffFadeTime="1" />
                            <animationNode node="drum02" rotSpeed="-25"  rotAxis="1" turnOnFadeTime="1" turnOffFadeTime="1" />
                            <animationNode class="ScrollingAnimation" node="belt_uvScroll" shaderParameterName="offsetUV" shaderParameterComponent="2" scrollLength="8.687" scrollSpeed="0.3" turnOnFadeTime="2" turnOffFadeTime="2" />
                            <animationNode class="ScrollingAnimation" node="belt_meshScroll" shaderParameterName="scrollPosition" scrollSpeed="0.01" scrollLength="8.687" turnOnFadeTime="2" turnOffFadeTime="2"/>
                        </animationNodes>
                    </tipSide>
                    <tipSide name="$l10n_controlGroup_pipe" dischargeNodeIndex="2">
                        <animation name="tipAnimationPipe" speedScale="1.0" />
                    </tipSide>
                </trailer>
            </trailerConfiguration>
        </trailerConfigurations>
    </trailer>

    <pipe>
        <pipeConfigurations>
            <pipeConfiguration name="$l10n_configuration_valueShortPipe" price="0" dischargeNodeIndex="2" forceDischargeNodeIndex="false" automaticDischarge="false">
                <pipeNodes>
                    <pipeNode node="pipeYRot" rotationSpeeds="0 35 0" autoAimYRotation="true" autoAimInvertZ="true" minRotationLimits="- -58 -" maxRotationLimits="- 300 -" foldPriority="1">
                        <state rotation="0 0 0" />
                        <state rotation="0 0 0"/>
                    </pipeNode>
                    <pipeNode node="pipeFlap01" rotationSpeeds="40 0 0" autoAimXRotation="true" subPipeNode="pipeFlap02" minRotationLimits="-35 - -" maxRotationLimits="0 - -" bendingRegulation="0.15" subPipeNodeRatio="0.5">
                        <state rotation="0 0 0"/>
                        <state rotation="-15 0 0"/>
                    </pipeNode>
                    <pipeNode node="pipeFlap02" rotationSpeeds="80 0 0" autoAimXRotation="true" minRotationLimits="-35 - -" maxRotationLimits="0 - -" bendingRegulation="0.15">
                        <state rotation="0 0 0"/>
                        <state rotation="-15 0 0"/>
                        <bendingRegulationNode node="dischargeNodePipe" axis="1" direction="1"/>
                    </pipeNode>
                </pipeNodes>
                <states num="2" unloading="2" autoAiming="2" turnOnAllowed="2"/>
                <animation name="foldPipe" speedScale="1"/>
                <unloadingTriggers>
                    <unloadingTrigger node="trailerTrigger" />
                </unloadingTriggers>
            </pipeConfiguration>
        </pipeConfigurations>

        <animationNodes>
            <animationNode node="scroller01" rotSpeed="-1000" rotAxis="1" turnOnFadeTime="2" turnOffFadeTime="2" />
            <animationNode node="scroller02" rotSpeed="1000" rotAxis="1" turnOnFadeTime="2" turnOffFadeTime="2" />
            <animationNode node="scroller03" rotSpeed="-1000" rotAxis="1" turnOnFadeTime="2" turnOffFadeTime="2" />
            <animationNode node="auger01" rotSpeed="-300" rotAxis="1" turnOnFadeTime="2" turnOffFadeTime="2" />
            <animationNode node="auger02" rotSpeed="-300" rotAxis="1" turnOnFadeTime="2" turnOffFadeTime="2" />
            <animationNode node="spreader01" rotSpeed="1000" rotAxis="2" turnOnFadeTime="2" turnOffFadeTime="2" />
            <animationNode node="drum01" rotSpeed="25" rotAxis="1" turnOnFadeTime="1" turnOffFadeTime="1" />
            <animationNode node="drum02" rotSpeed="25"  rotAxis="1" turnOnFadeTime="1" turnOffFadeTime="1" />
            <animationNode class="ScrollingAnimation" node="belt_uvScroll" shaderParameterName="offsetUV" shaderParameterComponent="2" scrollLength="8.687" scrollSpeed="-0.3" turnOnFadeTime="2" turnOffFadeTime="2" />
            <animationNode class="ScrollingAnimation" node="belt_meshScroll" shaderParameterName="scrollPosition" scrollSpeed="-0.01" scrollLength="8.687" turnOnFadeTime="2" turnOffFadeTime="2"/>
        </animationNodes>
    </pipe>

    <dischargeable>
        <dischargeNode node="dischargeNode" emptySpeed="3571" fillUnitIndex="1" unloadInfoIndex="1" allowAIDischarge="true">
            <info width="2.5" length="0.5" />
			<fillType converterName="SUGARBEET_CUTTER"/>
            <effects>
                <effectNode effectClass="TipEffect">
                    <effectNode effectNode="emitterShapeBack" materialType="unloadingParticle" worldSpace="false" effectClass="ParticleEffect" delay="0" stopTime="0"/>
                    <effectNode effectNode="grainEffectBack" materialType="unloading" fadeTime="0.5" extraDistanceNode="dischargeNode"/>
                </effectNode>
                <effectNode effectNode="smokeEffectBack" materialType="unloadingSmoke" fadeTime="0.5" />
            </effects>
            <dischargeStateSound template="augerBelt" pitchScale="0.7" volumeScale="0.4" fadeIn="0.1" fadeOut="2"/>
        </dischargeNode>
        <dischargeNode node="dischargeNodePipe" emptySpeed="1000" fillUnitIndex="1" unloadInfoIndex="2">
            <info width="0.4" length="0.4" useRaycastHitPosition="true"/>
			<fillType converterName="SUGARBEET_CUTTER"/>
            <effects>
                <effectNode effectClass="ParticleEffect" effectNode="pipeUnloadEmitter" delay="0" materialType="unloadingParticle" particleType="unloading" lifespan="0.2" stopTime="0" worldSpace="false" ignoreDistanceLifeSpan="true"/>
                <effectNode                              effectNode="pipeEffect1"  delay="0"      materialType="unloading" fadeScale="0"/>
                <effectNode                              effectNode="pipeEffect2"  delay="0.1"    materialType="unloading" fadeScale="0"/>
                <effectNode effectClass="PipeEffect"     effectNode="pipeEffect3"  delay="0.12"   materialType="pipe"      maxBending="0.15" shapeScaleSpread="1.03 0.96 1 0"/>
            </effects>
            <dischargeStateSound template="dischargeLoop" pitchScale="1" volumeScale="0.4" fadeIn="0.1" fadeOut="2"/>
        </dischargeNode>
    </dischargeable>

    <ai>
        <allowTurnBackward value="false"/>
        <turningRadiusLimitation radius="8"/>
        <agentAttachment jointNode="attacherJoint" rotCenterWheelIndices="1 2 3 4 5 6" width="3" height="4" length="10.6" lengthOffset="0.7"/>
    </ai>

    <foliageBending>
        <bendingNode minX="-1.45" maxX="1.45" minZ="-3.9" maxZ="1.2" yOffset="0.5" />
        <bendingNode minX="-1.35" maxX="1.35" minZ="1.2" maxZ="4.5" yOffset="0.6" />
        <bendingNode minX="-1.25" maxX="1.25" minZ="-5.8" maxZ="-3.8" yOffset="1" />
        <bendingNode minX="-0.25" maxX="0.25" minZ="0" maxZ="1.4" yOffset="-0.8" node="drawbar" />
    </foliageBending>

    <baseMaterial>
        <material name="suw5000_A_vmask_mat" baseNode="suw5000_vis">
            <shaderParameter name="colorMat1" value="HAWE_GREY1"/>
            <shaderParameter name="colorMat2" value="HAWE_GREEN1"/>
        </material>
        <material name="suw5000_B_vmask_mat" baseNode="animated_vis">
            <shaderParameter name="colorMat1" value="HAWE_GREY1"/>
            <shaderParameter name="colorMat2" value="HAWE_GREEN1"/>
        </material>
    </baseMaterial>

    <wearable wearDuration="480" workMultiplier="5" fieldMultiplier="2"/>
    <washable dirtDuration="90" washDuration="1" workMultiplier="3" fieldMultiplier="2"/>

    <i3dMappings>
        <i3dMapping id="suw5000_main_component1" node="0>" />
        <i3dMapping id="suw5000_vis" node="0>0" />
        <i3dMapping id="pto" node="0>0|0|0" />
        <i3dMapping id="ptoDetachNode" node="0>0|0|1" />
        <i3dMapping id="sideMarker03_left" node="0>0|1|0|0" />
        <i3dMapping id="sideMarker03_right" node="0>0|1|0|1" />
        <i3dMapping id="plateNumberLight02_01" node="0>0|1|0|2" />
        <i3dMapping id="plateNumberLight02_02" node="0>0|1|0|3" />
        <i3dMapping id="yellowRectangle_010" node="0>0|1|0|4" />
        <i3dMapping id="yellowRectangle_09" node="0>0|1|0|5" />
        <i3dMapping id="yellowRectangle_08" node="0>0|1|0|6" />
        <i3dMapping id="yellowRectangle_07" node="0>0|1|0|7" />
        <i3dMapping id="yellowRectangle_06" node="0>0|1|0|8" />
        <i3dMapping id="yellowRectangle_05" node="0>0|1|0|9" />
        <i3dMapping id="yellowRectangle_04" node="0>0|1|0|10" />
        <i3dMapping id="yellowRectangle_03" node="0>0|1|0|11" />
        <i3dMapping id="yellowRectangle_02" node="0>0|1|0|12" />
        <i3dMapping id="yellowRectangle_01" node="0>0|1|0|13" />
        <i3dMapping id="rearLight36_left" node="0>0|1|0|14" />
        <i3dMapping id="rearLight36_left1" node="0>0|1|0|15" />
        <i3dMapping id="rearLight36_right" node="0>0|1|0|16" />
        <i3dMapping id="rearLight36_right1" node="0>0|1|0|17" />
        <i3dMapping id="workingLight11_03" node="0>0|1|0|18" />
        <i3dMapping id="workingLight11_04" node="0>0|1|0|19" />
        <i3dMapping id="backLightsHigh1" node="0>0|1|1|0" />
        <i3dMapping id="licensePlateLightHigh" node="0>0|1|1|1" />
        <i3dMapping id="turnLightLeftBack" node="0>0|1|2|0" />
        <i3dMapping id="turnLightRightBack" node="0>0|1|2|1" />
        <i3dMapping id="workLightBackHigh1" node="0>0|1|3|0" />
        <i3dMapping id="axisFrontLeft" node="0>0|2|0" />
        <i3dMapping id="wheelFrontLeft" node="0>0|2|0|0" />
        <i3dMapping id="steeringBarFrontLeft" node="0>0|2|0|1" />
        <i3dMapping id="steeringBarFrontDamperRef" node="0>0|2|0|1|0" />
        <i3dMapping id="axisFrontRight" node="0>0|2|1" />
        <i3dMapping id="wheelFrontRight" node="0>0|2|1|0" />
        <i3dMapping id="steeringBarFrontRight" node="0>0|2|1|1" />
        <i3dMapping id="axisBackLeft" node="0>0|2|2" />
        <i3dMapping id="wheelBackLeft" node="0>0|2|2|0" />
        <i3dMapping id="steeringBarBackLeft" node="0>0|2|2|1" />
        <i3dMapping id="steeringBarBackDamperRef" node="0>0|2|2|1|0" />
        <i3dMapping id="axisBackRight" node="0>0|2|3" />
        <i3dMapping id="wheelBackRight" node="0>0|2|3|0" />
        <i3dMapping id="steeringBarBackRight" node="0>0|2|3|1" />
        <i3dMapping id="wheelMiddleLeft" node="0>0|2|4" />
        <i3dMapping id="wheelMiddleRight" node="0>0|2|5" />
        <i3dMapping id="wheelChock03" node="0>0|2|6" />
        <i3dMapping id="wheelChock04" node="0>0|2|7" />
        <i3dMapping id="exactFillRootNode" node="0>0|3|0" />
        <i3dMapping id="fillAutoAimTarget" node="0>0|3|1" />
        <i3dMapping id="trailerTrigger" node="0>0|3|2" />
        <i3dMapping id="fillVolume" node="0>0|3|3" />
        <i3dMapping id="fillVolumeUnloadBack" node="0>0|3|4" />
        <i3dMapping id="fillVolumeUnloadPipe" node="0>0|3|5" />
        <i3dMapping id="dischargeNode" node="0>0|3|6" />
        <i3dMapping id="heightNode01" node="0>0|3|7" />
        <i3dMapping id="heightNode02" node="0>0|3|8" />
        <i3dMapping id="licensePlateNodeBack" node="0>0|4" />
        <i3dMapping id="drawbar" node="0>0|5|0" />
        <i3dMapping id="attacherJoint" node="0>0|5|0|0" />
        <i3dMapping id="drawbarHydraulicRef" node="0>0|5|0|1" />
        <i3dMapping id="supportArm" node="0>0|5|0|2" />
        <i3dMapping id="supportArmHydraulicRef" node="0>0|5|0|2|1" />
        <i3dMapping id="supportArmHydraulic" node="0>0|5|0|3" />
        <i3dMapping id="supportArmHydraulicPunch" node="0>0|5|0|3|0" />
        <i3dMapping id="hydraulicIn01_detached" node="0>0|5|0|4|0" />
        <i3dMapping id="hydraulicIn01_detachedAdapter" node="0>0|5|0|4|0|0" />
        <i3dMapping id="hydraulicOut01_detached" node="0>0|5|0|4|1" />
        <i3dMapping id="hydraulicOut01_detachedAdapter" node="0>0|5|0|4|1|0" />
        <i3dMapping id="hydraulicIn02_detached" node="0>0|5|0|4|2" />
        <i3dMapping id="hydraulicIn02_detachedAdapter" node="0>0|5|0|4|2|0" />
        <i3dMapping id="hydraulicOut02_detached" node="0>0|5|0|4|3" />
        <i3dMapping id="hydraulicOut02_detachedAdapter" node="0>0|5|0|4|3|0" />
        <i3dMapping id="airIn_detached" node="0>0|5|0|4|4" />
        <i3dMapping id="airIn_detachedAdapter" node="0>0|5|0|4|4|0" />
        <i3dMapping id="airOut_detached" node="0>0|5|0|4|5" />
        <i3dMapping id="airOut_detachedAdapter" node="0>0|5|0|4|5|0" />
        <i3dMapping id="airOut" node="0>0|5|0|4|6" />
        <i3dMapping id="airIn" node="0>0|5|0|4|7" />
        <i3dMapping id="hydraulicOut02" node="0>0|5|0|4|8" />
        <i3dMapping id="hydraulicIn02" node="0>0|5|0|4|9" />
        <i3dMapping id="hydraulicOut01" node="0>0|5|0|4|10" />
        <i3dMapping id="hydraulicIn01" node="0>0|5|0|4|11" />
        <i3dMapping id="electricIn01_detached" node="0>0|5|0|4|12" />
        <i3dMapping id="electricIn01_detachedAdapter" node="0>0|5|0|4|12|0" />
        <i3dMapping id="electricIn01" node="0>0|5|0|4|13" />
        <i3dMapping id="drawbarHydraulic" node="0>0|5|1" />
        <i3dMapping id="drawbarHydraulicPunch" node="0>0|5|1|0" />
        <i3dMapping id="pipeYRot" node="0>0|5|2|0" />
        <i3dMapping id="pipeFolding" node="0>0|5|2|0|0|0" />
        <i3dMapping id="pipeFoldingFlap" node="0>0|5|2|0|0|0|0|0" />
        <i3dMapping id="pipeFoldingHydraulicRef" node="0>0|5|2|0|0|0|1" />
        <i3dMapping id="pipeFlap01" node="0>0|5|2|0|0|0|2|0" />
        <i3dMapping id="pipeFlap02" node="0>0|5|2|0|0|0|2|0|0|0" />
        <i3dMapping id="flap02Arm" node="0>0|5|2|0|0|0|2|0|0|0|0" />
        <i3dMapping id="dischargeNodePipe" node="0>0|5|2|0|0|0|2|0|0|0|1" />
        <i3dMapping id="pipeEffect3" node="0>0|5|2|0|0|0|2|0|0|0|2" />
        <i3dMapping id="pipeFlap01HydraulicRef" node="0>0|5|2|0|0|0|2|0|1" />
        <i3dMapping id="pipeEffect2" node="0>0|5|2|0|0|0|2|0|2" />
        <i3dMapping id="pipeFlap01HydraulicRefFrame" node="0>0|5|2|0|0|0|3" />
        <i3dMapping id="pipeFlap01Hydraulic" node="0>0|5|2|0|0|0|3|0" />
        <i3dMapping id="pipeFlap01HydraulicPunch" node="0>0|5|2|0|0|0|3|0|0" />
        <i3dMapping id="flap02ArmRef" node="0>0|5|2|0|0|0|4" />
        <i3dMapping id="workingLight11_01" node="0>0|5|2|0|0|0|6" />
        <i3dMapping id="workingLight11_02" node="0>0|5|2|0|0|0|7" />
        <i3dMapping id="workLightBackLow" node="0>0|5|2|0|0|0|8|0" />
        <i3dMapping id="pipeEffect1" node="0>0|5|2|0|0|0|9" />
        <i3dMapping id="pipeFoldingHydraulic" node="0>0|5|2|0|1" />
        <i3dMapping id="pipeFoldingHydraulicPunch" node="0>0|5|2|0|1|0" />
        <i3dMapping id="backDoor" node="0>0|5|3" />
        <i3dMapping id="backDoorHydraulicRef" node="0>0|5|3|0" />
        <i3dMapping id="camera_03" node="0>0|5|3|2" />
        <i3dMapping id="workingLight14" node="0>0|5|3|3" />
        <i3dMapping id="rearLight22Red1" node="0>0|5|3|4" />
        <i3dMapping id="rearLight22Red" node="0>0|5|3|5" />
        <i3dMapping id="backDoorHydraulic" node="0>0|5|4" />
        <i3dMapping id="backDoorHydraulicPunch" node="0>0|5|4|0" />
        <i3dMapping id="unloadingDoor" node="0>0|5|5" />
        <i3dMapping id="scroller01" node="0>0|5|6" />
        <i3dMapping id="scroller02" node="0>0|5|7" />
        <i3dMapping id="scroller03" node="0>0|5|8" />
        <i3dMapping id="auger01" node="0>0|5|9" />
        <i3dMapping id="auger02" node="0>0|5|10" />
        <i3dMapping id="spreader01" node="0>0|5|11" />
        <i3dMapping id="steeringBarFront" node="0>0|5|12" />
        <i3dMapping id="steeringBarFrontLeftRef" node="0>0|5|12|0" />
        <i3dMapping id="steeringBarFrontRightRef" node="0>0|5|12|1" />
        <i3dMapping id="steeringBarBack" node="0>0|5|13" />
        <i3dMapping id="steeringBarBackLeftRef" node="0>0|5|13|0" />
        <i3dMapping id="steeringBarBackRightRef" node="0>0|5|13|1" />
        <i3dMapping id="extension" node="0>0|5|14" />
        <i3dMapping id="steeringBarBackDamper" node="0>0|5|15" />
        <i3dMapping id="steeringBarBackDamperPunch" node="0>0|5|15|0" />
        <i3dMapping id="steeringBarFrontDamper" node="0>0|5|16" />
        <i3dMapping id="steeringBarFrontDamperPunch" node="0>0|5|16|0" />
        <i3dMapping id="drum01" node="0>0|5|17" />
        <i3dMapping id="drum02" node="0>0|5|18" />
        <i3dMapping id="belt_meshScroll" node="0>0|5|19" />
        <i3dMapping id="belt_uvScroll" node="0>0|5|20" />
        <i3dMapping id="pipeUnloadEmitter" node="0>0|6|0" />
        <i3dMapping id="effectNodesBack" node="0>0|6|1|0" />
        <i3dMapping id="grainEffectBack" node="0>0|6|1|0|0" />
        <i3dMapping id="smokeEffectBack" node="0>0|6|1|0|1" />
        <i3dMapping id="emitterShapeBack" node="0>0|6|1|1|0" />
        <i3dMapping id="animated_vis" node="0>0|7|0" />
    </i3dMappings>
</vehicle>
