<?xml version="1.0" encoding="utf-8" standalone="no" ?>
<map xmlns:xsi="http://www.w3.org/2001/XMLSchema-instance" xsi:noNamespaceSchemaLocation="../../shared/xml/schema/fillTypes.xsd">
	<fillTypes>
		<fillType name="ROCKPOWDER" title="$l10n_newfillType01" showOnPriceTable="true">
            <physics massPerLiter="0.7" maxPhysicalSurfaceAngle="38" />
            <economy pricePerLiter="0.05">
                <factors>
                    <factor period="1"  value="1.0" />
                    <factor period="2"  value="1.0" />
                    <factor period="3"  value="1.0" />
                    <factor period="4"  value="1.0" />
                    <factor period="5"  value="1.0" />
                    <factor period="6"  value="1.0" />
                    <factor period="7"  value="1.0" />
                    <factor period="8"  value="1.0" />
                    <factor period="9"  value="1.0" />
                    <factor period="10" value="1.0" />
                    <factor period="11" value="1.0" />
                    <factor period="12" value="1.0" />
                </factors>
            </economy>
            <image      hud     ="hud/hud_fill_rockPowder.png" />
			<textures   diffuse ="fillPlanes/rockPowder_diffuse.png"
                        normal  ="fillPlanes/rockPowder_normal.png"
                        specular="fillPlanes/rockPowder_specular.png"
                        distance="$data/fillPlanes/distance/woodChipsDistance_diffuse.png" />
        </fillType>
	</fillTypes>
    <fillTypeCategories>
		<fillTypeCategory name="BULK">ROCKPOWDER</fillTypeCategory>
    </fillTypeCategories>
</map>
