<?xml version="1.0" encoding="utf-8" standalone="no" ?>
<wheel xmlns:xsi="http://www.w3.org/2001/XMLSchema-instance" xsi:noNamespaceSchemaLocation="../../../../../../shared/xml/schema/wheel.xsd">
    <brand>TRELLEBORG</brand>
    <name>T510</name>
    <default>
        <physics radius="0.232" width="0.203" mass="0.009" tireType="offRoad" frictionScale="1.60" maxLongStiffness="8" maxLatStiffness="100" maxLatStiffnessLoad="2" />
        <tire filename="$data/shared/wheels/tires/trelleborg/T510/R08_T510.i3d" nodeLeft="3|0" nodeRight="3|0" maxDeformation="0.026" sideDeformOffset="0.95" isCareWheel="true" tireTrackAtlasIndex="4" />
    </default>
    <configurations>
        <configuration id="axis" >
            <additional filename="$data/shared/wheels/hubs/hubSmall01.i3d" nodeLeft="0|1" nodeRight="0|0" scale="0.2 0.13 0.13" />
        </configuration>
    </configurations>
</wheel>
