﻿<?xml version="1.0" encoding="utf-8" standalone="no" ?>
<modDesc descVersion="61">
    <author>Adams Kong</author>
    <version>1.0.0.0</version>
	<title>
		<en>Great Plains YP-2425A</en>
	</title>
<description>
        <en>
            <![CDATA[Price: 142.000 €
Required power: 280 hp
Working width: 18.2 m
Max. working speed: 15 kph
]]>
        </en>
        <de>
            <![CDATA[Preis: 142.000 €
Benötigte Leistung: 280 PS
Arbeitsbreite: 18.2 m
Arbeitsgeschwindigkeit: 15 km/h
]]>
</de>
        <fr><![CDATA[Prix: 142.000 €
Puissance requise: 280 ch
Largeur de travail: 18.2 m
Vitesse de travail: 15 km/h
]]>
</fr>
    </description>
    <iconFilename>icon.dds</iconFilename>
	<multiplayer supported="true" />
    <storeItems>
        <storeItem xmlFilename="yp2425A.xml"/>
    </storeItems>
</modDesc>
