<?xml version="1.0" encoding="utf-8" standalone="no" ?>
<placeable type="workshop" xmlns:xsi="http://www.w3.org/2001/XMLSchema-instance" xsi:noNamespaceSchemaLocation="../../../../shared/xml/schema/placeable.xsd">
    <storeData>
        <name>$l10n_3BayGarageWorkshop</name>
        <functions>
            <function>$l10n_function_workshop</function>
        </functions>
        <image>store_3bayworkshop.dds</image>
        <price>30000</price>
        <dailyUpkeep>15</dailyUpkeep>
        <lifetime>1000</lifetime>
        <rotation>0</rotation>
        <brand>NONE</brand>
        <species>placeable</species>
        <category>placeableMisc</category>
        <canBeSold>true</canBeSold>
        <showInStore>true</showInStore>
		<brush>
            <type>placeable</type>
            <category>buildings</category>
            <tab>tools</tab>
        </brush>
        
        <vertexBufferMemoryUsage>2355968</vertexBufferMemoryUsage>
        <indexBufferMemoryUsage>350208</indexBufferMemoryUsage>
        <textureMemoryUsage>12648448</textureMemoryUsage>
        <audioMemoryUsage>0</audioMemoryUsage>
        <instanceVertexBufferMemoryUsage>0</instanceVertexBufferMemoryUsage>
        <instanceIndexBufferMemoryUsage>0</instanceIndexBufferMemoryUsage>
    </storeData>

    <base>
        <filename>3BayGarageWorkShop.i3d</filename>
		<canBeRenamed>true</canBeRenamed>
		<boughtWithFarmland>true</boughtWithFarmland>
    </base>

    <placement useRandomYRotation="false" useManualYRotation="true">
        <testAreas>
            <testArea startNode="testArea1Start" endNode="testArea1End" />
        </testAreas>

        <sounds>
            <place template="smallImp" />
        </sounds>
    </placement>

    <clearAreas>
        <clearArea startNode="clearArea01Start" widthNode="clearArea01Width" heightNode="clearArea01Height"/>
    </clearAreas>

    <leveling requireLeveling="true" maxSmoothDistance="5" maxSlope="75" maxEdgeAngle="30">
        <levelAreas>
            <levelArea startNode="levelingArea01Start" widthNode="levelingArea01Width" heightNode="levelingArea01Height" groundType="gravel"/>
        </levelAreas>
    </leveling>

    <indoorAreas>
        <indoorArea startNode="indoorAreaStart" widthNode="indoorAreaWidth" heightNode="indoorAreaHeight"/>
    </indoorAreas>

    <tipOcclusionUpdateAreas>
        <tipOcclusionUpdateArea startNode="tipOcclusionUpdateArea1Start" endNode="tipOcclusionUpdateArea1End" />
    </tipOcclusionUpdateAreas>

    <ai>
        <updateAreas>
            <updateArea startNode="tipOcclusionUpdateArea1Start" endNode="tipOcclusionUpdateArea1End" />
        </updateAreas>
    </ai>
	


    

    

    <animatedObjects>
        <animatedObject saveId="door01" >
            <animation duration="4.5">
                <clip rootNode="rollingDoor1Panel1" name="garageSmallSource" filename="$data/placeables/rudolfHormann/garageSmall/garageSmallGate_animation.i3d" />
                <part node="occluderMeshDoor1">
                    <keyFrame time="0"    visibility="true" />
                    <keyFrame time="0.01" visibility="false" />
                </part>
            </animation>
            <controls triggerNode="rollingDoor1Trigger" posAction="ACTIVATE_HANDTOOL" posText="action_openGate" negText="action_closeGate" />
            <sounds>
                <moving linkNode="rollingDoor1Sound" template="slidingGateMetalLoop" />
                <posEnd linkNode="rollingDoor1Sound" template="slidingGateMetalOpen" />
                <negEnd linkNode="rollingDoor1Sound" template="slidingGateMetalClose" />
            </sounds>
        </animatedObject>
        <animatedObject>
            <animation duration="4.5">
                <clip rootNode="rollingDoor2Panel1" name="garageSmallSource" filename="$data/placeables/rudolfHormann/garageSmall/garageSmallGate_animation.i3d" />
                <part node="occluderMeshDoor2">
                    <keyFrame time="0"    visibility="true" />
                    <keyFrame time="0.01" visibility="false" />
                </part>
            </animation>
            <controls triggerNode="rollingDoor2Trigger" posAction="ACTIVATE_HANDTOOL" posText="action_openGate" negText="action_closeGate" />
            <sounds>
                <moving linkNode="rollingDoor2Sound" template="slidingGateMetalLoop" />
                <posEnd linkNode="rollingDoor2Sound" template="slidingGateMetalOpen" />
                <negEnd linkNode="rollingDoor2Sound" template="slidingGateMetalClose" />
            </sounds>
        </animatedObject>
        <animatedObject>
            <animation duration="4.5">
                <clip rootNode="rollingDoor3Panel1" name="garageSmallSource" filename="$data/placeables/rudolfHormann/garageSmall/garageSmallGate_animation.i3d" />
                <part node="occluderMeshDoor3">
                    <keyFrame time="0"    visibility="true" />
                    <keyFrame time="0.01" visibility="false" />
                </part>
            </animation>
            <controls triggerNode="rollingDoor3Trigger" posAction="ACTIVATE_HANDTOOL" posText="action_openGate" negText="action_closeGate" />
            <sounds>
                <moving linkNode="rollingDoor3Sound" template="slidingGateMetalLoop" />
                <posEnd linkNode="rollingDoor3Sound" template="slidingGateMetalOpen" />
                <negEnd linkNode="rollingDoor3Sound" template="slidingGateMetalClose" />
            </sounds>
        </animatedObject>
    </animatedObjects>

    <colorable>
        <nodes>
            
            <node node="rollingDoor1Panel1" />
			<node node="metalStructure" />
            
        </nodes>

        <colors>

            <color value="FENDT_GREY1" />
       
        </colors>
    </colorable>
	
	<triggerMarkers>
        <triggerMarker node="markerWrench" filename="$data/shared/assets/marker/markerIcons.xml" id="WRENCH" />
    </triggerMarkers>

    <hotspots>
        <hotspot type="SHOP" linkNode="vehicleTrigger" />
    </hotspots>

    <workshop>
        <sellingPoint playerTriggerNode="playerTrigger" iconNode="markerWrench" sellTriggerNode="vehicleTrigger" ownWorkshop="true" mobileWorkshop="false" />
    </workshop>

    <i3dMappings>
	  <i3dMapping id="garageSmall" node="0>" />
	  <i3dMapping id="doors" node="0>0" />
	  <i3dMapping id="rollingDoor1" node="0>0|0" />
	  <i3dMapping id="rollingDoor1Panel1" node="0>0|0|0" />
	  <i3dMapping id="rollingDoor1Panel2" node="0>0|0|0|0" />
	  <i3dMapping id="rollingDoor1Panel3" node="0>0|0|0|0|0" />
	  <i3dMapping id="rollingDoor1Panel4" node="0>0|0|0|0|0|0" />
	  <i3dMapping id="rollingDoor1Panel5" node="0>0|0|0|0|0|0|0" />
	  <i3dMapping id="screwsDecals_0" node="0>0|0|0|0|0|0|0|0" />
	  <i3dMapping id="screwsDecals_1" node="0>0|0|0|0|0|0|1" />
	  <i3dMapping id="colPart2_0" node="0>0|0|0|0|0|0|2" />
	  <i3dMapping id="screwsDecals_2" node="0>0|0|0|0|0|1" />
	  <i3dMapping id="screwsDecals_3" node="0>0|0|0|0|1" />
	  <i3dMapping id="screwsDecals_4" node="0>0|0|0|1" />
	  <i3dMapping id="colPart1_0" node="0>0|0|0|2" />
	  <i3dMapping id="rollingDoor1Trigger" node="0>0|0|1" />
	  <i3dMapping id="rollingDoor1Sound" node="0>0|0|2" />
	  <i3dMapping id="occluderMeshDoor1" node="0>0|0|3" />
	  <i3dMapping id="rollingDoor2" node="0>0|1" />
	  <i3dMapping id="rollingDoor2Panel1" node="0>0|1|0" />
	  <i3dMapping id="rollingDoor2Panel2" node="0>0|1|0|0" />
	  <i3dMapping id="rollingDoor2Panel3" node="0>0|1|0|0|0" />
	  <i3dMapping id="rollingDoor2Panel4" node="0>0|1|0|0|0|0" />
	  <i3dMapping id="rollingDoor2Panel5" node="0>0|1|0|0|0|0|0" />
	  <i3dMapping id="screwsDecals_5" node="0>0|1|0|0|0|0|0|0" />
	  <i3dMapping id="screwsDecals_6" node="0>0|1|0|0|0|0|1" />
	  <i3dMapping id="colPart2_1" node="0>0|1|0|0|0|0|2" />
	  <i3dMapping id="screwsDecals_7" node="0>0|1|0|0|0|1" />
	  <i3dMapping id="screwsDecals_8" node="0>0|1|0|0|1" />
	  <i3dMapping id="screwsDecals_9" node="0>0|1|0|1" />
	  <i3dMapping id="colPart1_1" node="0>0|1|0|2" />
	  <i3dMapping id="rollingDoor2Trigger" node="0>0|1|1" />
	  <i3dMapping id="rollingDoor2Sound" node="0>0|1|2" />
	  <i3dMapping id="occluderMeshDoor2" node="0>0|1|3" />
	  <i3dMapping id="rollingDoor3" node="0>0|2" />
	  <i3dMapping id="rollingDoor3Panel1" node="0>0|2|0" />
	  <i3dMapping id="rollingDoor3Panel2" node="0>0|2|0|0" />
	  <i3dMapping id="rollingDoor3Panel3" node="0>0|2|0|0|0" />
	  <i3dMapping id="rollingDoor3Panel4" node="0>0|2|0|0|0|0" />
	  <i3dMapping id="rollingDoor3Panel5" node="0>0|2|0|0|0|0|0" />
	  <i3dMapping id="screwsDecals_10" node="0>0|2|0|0|0|0|0|0" />
	  <i3dMapping id="screwsDecals_11" node="0>0|2|0|0|0|0|1" />
	  <i3dMapping id="colPart2_2" node="0>0|2|0|0|0|0|2" />
	  <i3dMapping id="screwsDecals_12" node="0>0|2|0|0|0|1" />
	  <i3dMapping id="screwsDecals_13" node="0>0|2|0|0|1" />
	  <i3dMapping id="screwsDecals_14" node="0>0|2|0|1" />
	  <i3dMapping id="colPart1_2" node="0>0|2|0|2" />
	  <i3dMapping id="rollingDoor3Trigger" node="0>0|2|1" />
	  <i3dMapping id="rollingDoor3Sound" node="0>0|2|2" />
	  <i3dMapping id="occluderMeshDoor3" node="0>0|2|3" />
	  <i3dMapping id="clearAreas" node="0>1" />
	  <i3dMapping id="clearArea01Start" node="0>1|0" />
	  <i3dMapping id="clearArea01Width" node="0>1|0|0" />
	  <i3dMapping id="clearArea01Height" node="0>1|0|1" />
	  <i3dMapping id="leveling" node="0>2" />
	  <i3dMapping id="levelingArea01Start" node="0>2|0" />
	  <i3dMapping id="levelingArea01Width" node="0>2|0|0" />
	  <i3dMapping id="levelingArea01Height" node="0>2|0|1" />
	  <i3dMapping id="indoorAreas" node="0>3" />
	  <i3dMapping id="indoorAreaStart" node="0>3|0" />
	  <i3dMapping id="indoorAreaWidth" node="0>3|0|0" />
	  <i3dMapping id="indoorAreaHeight" node="0>3|0|1" />
	  <i3dMapping id="lights" node="0>4" />
	  <i3dMapping id="ceilingLamp02_0" node="0>4|0" />
	  <i3dMapping id="ceilingLampCable_0" node="0>4|0|0" />
	  <i3dMapping id="Illum_0" node="0>4|0|1" />
	  <i3dMapping id="selfLit_0" node="0>4|0|1|0" />
	  <i3dMapping id="ceilingLampInnerLit_0" node="0>4|0|1|0|0" />
	  <i3dMapping id="bulblit_0" node="0>4|0|1|0|1" />
	  <i3dMapping id="realLights_0" node="0>4|0|1|1" />
	  <i3dMapping id="spotLight01_0" node="0>4|0|1|1|0" />
	  <i3dMapping id="ceilingLamp02_1" node="0>4|1" />
	  <i3dMapping id="ceilingLampCable_1" node="0>4|1|0" />
	  <i3dMapping id="Illum_1" node="0>4|1|1" />
	  <i3dMapping id="selfLit_1" node="0>4|1|1|0" />
	  <i3dMapping id="ceilingLampInnerLit_1" node="0>4|1|1|0|0" />
	  <i3dMapping id="bulblit_1" node="0>4|1|1|0|1" />
	  <i3dMapping id="realLights_1" node="0>4|1|1|1" />
	  <i3dMapping id="spotLight01_1" node="0>4|1|1|1|0" />
	  <i3dMapping id="ceilingLamp02_2" node="0>4|2" />
	  <i3dMapping id="ceilingLampCable_2" node="0>4|2|0" />
	  <i3dMapping id="Illum_2" node="0>4|2|1" />
	  <i3dMapping id="selfLit_2" node="0>4|2|1|0" />
	  <i3dMapping id="ceilingLampInnerLit_2" node="0>4|2|1|0|0" />
	  <i3dMapping id="bulblit_2" node="0>4|2|1|0|1" />
	  <i3dMapping id="realLights_2" node="0>4|2|1|1" />
	  <i3dMapping id="spotLight01_2" node="0>4|2|1|1|0" />
	  <i3dMapping id="ceilingLamp02_3" node="0>4|3" />
	  <i3dMapping id="ceilingLampCable_3" node="0>4|3|0" />
	  <i3dMapping id="Illum_3" node="0>4|3|1" />
	  <i3dMapping id="selfLit_3" node="0>4|3|1|0" />
	  <i3dMapping id="ceilingLampInnerLit_3" node="0>4|3|1|0|0" />
	  <i3dMapping id="bulblit_3" node="0>4|3|1|0|1" />
	  <i3dMapping id="realLights_3" node="0>4|3|1|1" />
	  <i3dMapping id="spotLight01_3" node="0>4|3|1|1|0" />
	  <i3dMapping id="warehouseWallLampNEW_0" node="0>4|4" />
	  <i3dMapping id="warehouseWallLampWire_0" node="0>4|4|0" />
	  <i3dMapping id="bulbUnlit_0" node="0>4|4|1" />
	  <i3dMapping id="illum_0" node="0>4|4|2" />
	  <i3dMapping id="selfLit_4" node="0>4|4|2|0" />
	  <i3dMapping id="warehouseWallLampWireLit_0" node="0>4|4|2|0|0" />
	  <i3dMapping id="warehouseWallLampInnerLit_0" node="0>4|4|2|0|1" />
	  <i3dMapping id="bulbLit_0" node="0>4|4|2|0|2" />
	  <i3dMapping id="realLights_4" node="0>4|4|2|1" />
	  <i3dMapping id="spotLight_0" node="0>4|4|2|1|0" />
	  <i3dMapping id="warehouseWallLampNEW_1" node="0>4|5" />
	  <i3dMapping id="warehouseWallLampWire_1" node="0>4|5|0" />
	  <i3dMapping id="bulbUnlit_1" node="0>4|5|1" />
	  <i3dMapping id="illum_1" node="0>4|5|2" />
	  <i3dMapping id="selfLit_5" node="0>4|5|2|0" />
	  <i3dMapping id="warehouseWallLampWireLit_1" node="0>4|5|2|0|0" />
	  <i3dMapping id="warehouseWallLampInnerLit_1" node="0>4|5|2|0|1" />
	  <i3dMapping id="bulbLit_1" node="0>4|5|2|0|2" />
	  <i3dMapping id="realLights_5" node="0>4|5|2|1" />
	  <i3dMapping id="spotLight_1" node="0>4|5|2|1|0" />
	  <i3dMapping id="tipCols" node="0>5" />
	  <i3dMapping id="tipCol01" node="0>5|0" />
	  <i3dMapping id="tipCol02" node="0>5|1" />
	  <i3dMapping id="tipCol03" node="0>5|2" />
	  <i3dMapping id="tipCol04" node="0>5|3" />
	  <i3dMapping id="testAreas" node="0>6" />
	  <i3dMapping id="testArea1Start" node="0>6|0" />
	  <i3dMapping id="testArea1End" node="0>6|0|0" />
	  <i3dMapping id="tipOcclusionUpdateAreas" node="0>7" />
	  <i3dMapping id="tipOcclusionUpdateArea1Start" node="0>7|0" />
	  <i3dMapping id="tipOcclusionUpdateArea1End" node="0>7|0|0" />
	  <i3dMapping id="visuals" node="0>8" />
	  <i3dMapping id="LOD0" node="0>8|0" />
	  <i3dMapping id="metalStructure" node="0>8|0|0" />
	  <i3dMapping id="3_Bay_Garage" node="0>8|0|1" />
	  <i3dMapping id="Brackets" node="0>8|0|2" />
	  <i3dMapping id="ConcreteWall" node="0>8|0|3" />
	  <i3dMapping id="Eavetrough" node="0>8|0|4" />
	  <i3dMapping id="WoodStructure" node="0>8|0|5" />
	  <i3dMapping id="winter" node="0>8|0|6" />
	  <i3dMapping id="snow" node="0>8|0|6|0" />
	  <i3dMapping id="icicles" node="0>8|0|6|1" />
	  <i3dMapping id="occluderMesh" node="0>8|1" />
	  <i3dMapping id="workshop" node="0>9" />
	  <i3dMapping id="markerWrench" node="0>9|0" />
	  <i3dMapping id="vehicleTrigger" node="0>9|1" />
	  <i3dMapping id="playerTrigger" node="0>9|2" />
	  <i3dMapping id="workbench_SPOT" node="0>10" />
	  <i3dMapping id="cabinetWorkbench06_PREFAB" node="0>10|0" />
	  <i3dMapping id="cabinetWorkbench06" node="0>10|0|0" />
	  <i3dMapping id="visual_0" node="0>10|0|0|0" />
	  <i3dMapping id="door_0" node="0>10|0|0|0|0" />
	  <i3dMapping id="drawer01a_0" node="0>10|0|0|0|1" />
	  <i3dMapping id="drawer01b_0" node="0>10|0|0|0|2" />
	  <i3dMapping id="drawer01c_0" node="0>10|0|0|0|3" />
	  <i3dMapping id="drawer03a_0" node="0>10|0|0|0|4" />
	  <i3dMapping id="drawer03b_0" node="0>10|0|0|0|5" />
	  <i3dMapping id="screwBoxEmpty" node="0>10|0|0|0|6" />
	  <i3dMapping id="screwBoxesVariation01" node="0>10|0|0|0|7" />
	  <i3dMapping id="screwBoxesVariation02" node="0>10|0|0|0|8" />
	  <i3dMapping id="earmuffs_vis" node="0>10|0|1" />
	  <i3dMapping id="hammer03_vis_0" node="0>10|0|2" />
	  <i3dMapping id="wrenchKey01_vis_0" node="0>10|0|3" />
	  <i3dMapping id="wrenchKey01_vis_1" node="0>10|0|4" />
	  <i3dMapping id="wrenchKey01_vis_2" node="0>10|0|5" />
	  <i3dMapping id="wrenchKey01_vis_3" node="0>10|0|6" />
	  <i3dMapping id="wrenchKey01_vis_4" node="0>10|0|7" />
	  <i3dMapping id="plasticCrate03_vis" node="0>10|0|8" />
	  <i3dMapping id="extensionCordRolledShort_vis" node="0>10|0|9" />
	  <i3dMapping id="extensionCordRolledLong_vis" node="0>10|0|10" />
	  <i3dMapping id="floodSensor" node="0>10|0|11" />
	  <i3dMapping id="floodSensor_vis" node="0>10|0|11|0" />
	  <i3dMapping id="screwBoxFull_0" node="0>10|0|12" />
	  <i3dMapping id="extensionCordRolledLong" node="0>10|0|13" />
	  <i3dMapping id="visual_1" node="0>10|0|13|0" />
	  <i3dMapping id="wrenchKey02" node="0>10|0|14" />
	  <i3dMapping id="wrenchKey02_vis" node="0>10|0|14|0" />
	  <i3dMapping id="hammer01" node="0>10|0|15" />
	  <i3dMapping id="hammer01_vis" node="0>10|0|15|0" />
	  <i3dMapping id="cabinetWorkbenchTable05_PREFAB" node="0>10|1" />
	  <i3dMapping id="cabinetWorkbench05" node="0>10|1|0" />
	  <i3dMapping id="visual_2" node="0>10|1|0|0" />
	  <i3dMapping id="door_1" node="0>10|1|0|0|0" />
	  <i3dMapping id="drawer01a_1" node="0>10|1|0|0|1" />
	  <i3dMapping id="drawer01b_1" node="0>10|1|0|0|2" />
	  <i3dMapping id="drawer01c_1" node="0>10|1|0|0|3" />
	  <i3dMapping id="drawer02a" node="0>10|1|0|0|4" />
	  <i3dMapping id="drawer02b" node="0>10|1|0|0|5" />
	  <i3dMapping id="drawer03a_1" node="0>10|1|0|0|6" />
	  <i3dMapping id="drawer03b_1" node="0>10|1|0|0|7" />
	  <i3dMapping id="boardLarge" node="0>10|1|0|1" />
	  <i3dMapping id="oilCan01_vis_0" node="0>10|1|1" />
	  <i3dMapping id="oilCan01_vis_1" node="0>10|1|2" />
	  <i3dMapping id="oilCan01_vis_2" node="0>10|1|3" />
	  <i3dMapping id="wrenchPlier02_vis_0" node="0>10|1|4" />
	  <i3dMapping id="wrenchPlier01_vis_0" node="0>10|1|5" />
	  <i3dMapping id="wrenchPlier03_vis_0" node="0>10|1|6" />
	  <i3dMapping id="hammer02_vis" node="0>10|1|7" />
	  <i3dMapping id="grinderBladeVisual_0" node="0>10|1|8" />
	  <i3dMapping id="grinderBladeVisual_1" node="0>10|1|9" />
	  <i3dMapping id="grinder" node="0>10|1|10" />
	  <i3dMapping id="grinder_vis" node="0>10|1|10|0" />
	  <i3dMapping id="oilCan02" node="0>10|1|11" />
	  <i3dMapping id="oilCan02_vis_0" node="0>10|1|11|0" />
	  <i3dMapping id="oiler01" node="0>10|1|12" />
	  <i3dMapping id="oiler01_vis_0" node="0>10|1|12|0" />
	  <i3dMapping id="oilCan01" node="0>10|1|13" />
	  <i3dMapping id="oilCan01_vis_3" node="0>10|1|13|0" />
	  <i3dMapping id="wrenchPlier03" node="0>10|1|14" />
	  <i3dMapping id="wrenchPlier03_vis_1" node="0>10|1|14|0" />
	  <i3dMapping id="hammer03" node="0>10|1|15" />
	  <i3dMapping id="hammer03_vis_1" node="0>10|1|15|0" />
	  <i3dMapping id="wrenchKey01" node="0>10|1|16" />
	  <i3dMapping id="wrenchKey01_vis_5" node="0>10|1|16|0" />
	  <i3dMapping id="wrenchFrenchKey" node="0>10|1|17" />
	  <i3dMapping id="wrenchFrenchKey_vis" node="0>10|1|17|0" />
	  <i3dMapping id="cabinetWorkbenchTable04_PREFAB" node="0>10|2" />
	  <i3dMapping id="cabinetWorkbench04" node="0>10|2|0" />
	  <i3dMapping id="visual_3" node="0>10|2|0|0" />
	  <i3dMapping id="door_2" node="0>10|2|0|0|0" />
	  <i3dMapping id="drawer01" node="0>10|2|0|0|1" />
	  <i3dMapping id="screwBoxFull_1" node="0>10|2|1" />
	  <i3dMapping id="screwBoxFull_2" node="0>10|2|2" />
	  <i3dMapping id="burner_vis" node="0>10|2|3" />
	  <i3dMapping id="wrenchPlier01_vis_1" node="0>10|2|4" />
	  <i3dMapping id="wrenchPlier02_vis_1" node="0>10|2|5" />
	  <i3dMapping id="plasticCrate02_vis" node="0>10|2|6" />
	  <i3dMapping id="extensionCordReel_vis" node="0>10|2|7" />
	  <i3dMapping id="oilCan02_vis_1" node="0>10|2|8" />
	  <i3dMapping id="oiler01_vis_1" node="0>10|2|9" />
	  <i3dMapping id="bucketPlasticBlue" node="0>10|2|10" />
	  <i3dMapping id="bucketPlasticBlue_vis" node="0>10|2|10|0" />
	  <i3dMapping id="wrenchTire" node="0>10|2|11" />
	  <i3dMapping id="wrenchTire_vis" node="0>10|2|11|0" />
	  <i3dMapping id="batteryCharger" node="0>10|2|12" />
	  <i3dMapping id="glass" node="0>10|2|12|0" />
	  <i3dMapping id="visual_4" node="0>10|2|12|1" />
	  <i3dMapping id="oiler02" node="0>10|2|13" />
	  <i3dMapping id="oiler02_vis" node="0>10|2|13|0" />
	  
	</i3dMappings>
</placeable>
