<?xml version="1.0" encoding="utf-8" standalone="no" ?>
<placeable type="chickenHusbandry" xmlns:xsi="http://www.w3.org/2001/XMLSchema-instance" xsi:noNamespaceSchemaLocation="../../../../shared/xml/schema/placeable.xsd">
    <storeData>
        <name>$l10n_ChickenBarn</name>
        <image>store_chickenbarn.dds</image>
        <price>45000</price>
        <functions>
            <function>$l10n_function_animalPenChicken</function>
        </functions>
        <lifetime>1000</lifetime>
        <dailyUpkeep>15</dailyUpkeep>
        <rotation>0</rotation>
        <brand>NONE</brand>
        <species>placeable</species>
        <category>animalpens</category>
        <brush>
            <type>placeable</type>
            <category>animals</category>
            <tab>chickens</tab>
        </brush>
  

        <storeIconRendering>
            <settings cameraXRot="-20" cameraYRot="50" advancedBoundingBox="true"/>
        </storeIconRendering>
     
        <vertexBufferMemoryUsage>1562880</vertexBufferMemoryUsage>
        <indexBufferMemoryUsage>181504</indexBufferMemoryUsage>
        <textureMemoryUsage>11141120</textureMemoryUsage>
        <audioMemoryUsage>0</audioMemoryUsage>
        <instanceVertexBufferMemoryUsage>0</instanceVertexBufferMemoryUsage>
        <instanceIndexBufferMemoryUsage>0</instanceIndexBufferMemoryUsage>
    </storeData>

    <base>
        <filename>chickenBarn.i3d</filename>
        <canBeRenamed>true</canBeRenamed>
		<boughtWithFarmland>true</boughtWithFarmland>
    </base>

    <placement useRandomYRotation="false" useManualYRotation="true">
        <testAreas>
            <testArea startNode="testArea1Start" endNode="testArea1End" />
          
        </testAreas>

        <sounds>
            <place template="medImp" />
            <placeLayered template="chickenLayer" />
        </sounds>
    </placement>

    <clearAreas>
         <clearArea startNode="clearArea1Start" widthNode="clearArea1Width" heightNode="clearArea1Height"/>
         
    </clearAreas>

    <leveling requireLeveling="true" maxSmoothDistance="10" maxSlope="75" maxEdgeAngle="30">
         <levelAreas>
             <levelArea startNode="levelArea1Start" widthNode="levelArea1Width" heightNode="levelArea1Height" groundType="dirt"/>
         </levelAreas>


    </leveling>

    

    <indoorAreas>
         <indoorArea startNode="indoorArea1Start" widthNode="indoorArea1Width" heightNode="indoorArea1Height"/>
    </indoorAreas>

    <tipOcclusionUpdateAreas>
        <tipOcclusionUpdateArea startNode="tipOcclusionUpdateArea1Start" endNode="tipOcclusionUpdateArea1End" />
    </tipOcclusionUpdateAreas>

    <ai>
        <updateAreas>
            <updateArea startNode="tipOcclusionUpdateArea1Start" endNode="tipOcclusionUpdateArea1End" />
        </updateAreas>
    </ai>

    <triggerMarkers>
        <triggerMarker node="markerFood" filename="$data/shared/assets/marker/markerIcons.xml" id="UNLOAD" />
        <triggerMarker node="markerAnimals" filename="$data/shared/assets/marker/markerIcons.xml" id="ANIMALS" />
        <triggerMarker node="markerEggsDecal1" adjustToGround="true"/>
        <triggerMarker node="markerEggsDecal2" adjustToGround="true"/>
        <triggerMarker node="markerEggsDecal3" adjustToGround="true"/>
        <triggerMarker node="markerEggsDecal4" adjustToGround="true"/>
		<triggerMarker node="markerEggsDecal5" adjustToGround="true"/>
        <triggerMarker node="markerEggsDecal6" adjustToGround="true"/>
        <triggerMarker node="markerEggsDecal7" adjustToGround="true"/>
        <triggerMarker node="markerEggsDecal8" adjustToGround="true"/>
    </triggerMarkers>

    <hotspots>
         <hotspot type="CHICKEN" teleportNode="teleportNode" />
    </hotspots>

    <animatedObjects>
        <animatedObject saveId="BarnDoor" >
            <animation duration="3">
                <part node="BarnDoor_02">
                    <keyFrame time="0.0" translation="0 2.14908004 10.32999992"/>
                    <keyFrame time="1.0" translation="-3.79999995 2.14908004 10.32999992"/>
                </part>
				
            </animation>
            <controls triggerNode="barnDoor02_Trigger" posAction="ACTIVATE_HANDTOOL" posText="action_openDoor" negText="action_closeDoor" />
            <sounds>
                <moving template="fenceMetalLoop" linkNode="BarnDoorSound01" />
                <posEnd template="fenceMetalOpen" linkNode="BarnDoorSound01" />
                <negEnd template="fenceMetalClose" linkNode="BarnDoorSound01" />
            </sounds>
        </animatedObject>
		
		<animatedObject saveId="ChickenFeeders" >
            <animation duration="4">
                <part node="ChickenFeeders">
                    <keyFrame time="0.0" translation="0.047 0.776573 -2.62007999"/>
                    <keyFrame time="1.0" translation="0.047 4.99138832 -2.62007999"/>
                </part>
				<part node="wheelLever">
                    <keyFrame time="0.0" rotation="0 0 0"/>
                    <keyFrame time="1.0" rotation="0 0 360"/>
                </part>
            </animation>
            <controls triggerNode="Feeder_Trigger" posAction="ACTIVATE_HANDTOOL" posText="action_RaiseFeeders" negText="action_LowerFeeders" />
            <sounds>
                <moving template="fenceMetalLoop" linkNode="Feeder_Sound" />
                <posEnd template="fenceMetalOpen" linkNode="Feeder_Sound" />
                <negEnd template="fenceMetalClose" linkNode="Feeder_Sound" />
            </sounds>
        </animatedObject>
       
    </animatedObjects>

    

    

    <infoTrigger triggerNode="infoTrigger" />

    <husbandry saveId="Animals_CHICKEN" hasStatistics="false">
        <storage node="storage" fillTypes="WATER" isExtension="false">
            <capacity fillType="WATER" capacity="0" />
        </storage>

        <unloadingStation supportsExtension="false" hideFromPricesMenu="true" />

        <loadingStation supportsExtension="false" />

        <animals type="CHICKEN" maxNumAnimals="500" >
            <navigation rootNode="navigationRootNode" filename="navigationMesh.i3d" />
            <loadingTrigger node="loadingTrigger" />
        </animals>

        <food capacity="100000" >
             <feedingTrough exactFillRootNode="exactFillRootNodeFood" />
            
        </food>

        <pallets fillType="EGG" maxNumPallets="12" unitText="$l10n_unit_pieces">
            <palletTrigger node="palletTrigger" />
			
            <spawnPlaces >
                <spawnPlace startNode="palletArea1Start" endNode="palletArea1End" />
                <spawnPlace startNode="palletArea2Start" endNode="palletArea2End" />
				<spawnPlace startNode="palletArea3Start" endNode="palletArea3End" />
				<spawnPlace startNode="palletArea4Start" endNode="palletArea4End" />
            </spawnPlaces>
        </pallets>

        
    </husbandry>

  

<i3dMappings>
  <i3dMapping id="chickenBarnBig" node="0>" />
  <i3dMapping id="teleportNode" node="0>0" />
  <i3dMapping id="food" node="0>1" />
  <i3dMapping id="exactFillRootNodeFood" node="0>1|0" />
  <i3dMapping id="feederSmall1" node="0>1|1" />
  <i3dMapping id="feederSmall2" node="0>1|2" />
  <i3dMapping id="storage" node="0>2" />
  <i3dMapping id="palletAreas" node="0>3" />
  <i3dMapping id="palletTrigger" node="0>3|0" />
  <i3dMapping id="palletArea1Start" node="0>3|1" />
  <i3dMapping id="palletArea1End" node="0>3|1|0" />
  <i3dMapping id="palletArea2Start" node="0>3|2" />
  <i3dMapping id="palletArea2End" node="0>3|2|0" />
  <i3dMapping id="palletArea3Start" node="0>3|3" />
  <i3dMapping id="palletArea3End" node="0>3|3|0" />
  <i3dMapping id="palletArea4Start" node="0>3|4" />
  <i3dMapping id="palletArea4End" node="0>3|4|0" />
  <i3dMapping id="navigationRootNode" node="0>4" />
  <i3dMapping id="NavMesh" node="0>4|0" />
  <i3dMapping id="walkingPlane" node="0>4|1" />
  <i3dMapping id="walkingPlaneCoops" node="0>4|2" />
  <i3dMapping id="lights" node="0>5" />
  <i3dMapping id="warningStripes" node="0>6" />
  <i3dMapping id="markerEggs_0" node="0>6|0" />
  <i3dMapping id="markerEggsDecal1" node="0>6|0|0" />
  <i3dMapping id="markerEggsDecal2" node="0>6|0|1" />
  <i3dMapping id="markerEggsDecal3" node="0>6|0|2" />
  <i3dMapping id="markerEggsDecal4" node="0>6|0|3" />
  <i3dMapping id="markerAnimals" node="0>6|1" />
  <i3dMapping id="markerFood" node="0>6|2" />
  <i3dMapping id="markerEggs_1" node="0>6|3" />
  <i3dMapping id="markerEggsDecal5" node="0>6|3|0" />
  <i3dMapping id="markerEggsDecal6" node="0>6|3|1" />
  <i3dMapping id="markerEggsDecal7" node="0>6|3|2" />
  <i3dMapping id="markerEggsDecal8" node="0>6|3|3" />
  <i3dMapping id="infoTrigger" node="0>7" />
  <i3dMapping id="loadingTrigger" node="0>8" />
  <i3dMapping id="clearAreas" node="0>9" />
  <i3dMapping id="clearArea1Start" node="0>9|0" />
  <i3dMapping id="clearArea1Width" node="0>9|0|0" />
  <i3dMapping id="clearArea1Height" node="0>9|0|1" />
  <i3dMapping id="levelAreas" node="0>10" />
  <i3dMapping id="levelArea1Start" node="0>10|0" />
  <i3dMapping id="levelArea1Width" node="0>10|0|0" />
  <i3dMapping id="levelArea1Height" node="0>10|0|1" />
  <i3dMapping id="indoorAreas" node="0>11" />
  <i3dMapping id="indoorArea1Start" node="0>11|0" />
  <i3dMapping id="indoorArea1Width" node="0>11|0|0" />
  <i3dMapping id="indoorArea1Height" node="0>11|0|1" />
  <i3dMapping id="testAreas" node="0>12" />
  <i3dMapping id="testArea1Start" node="0>12|0" />
  <i3dMapping id="testArea1End" node="0>12|0|0" />
  <i3dMapping id="tipOcclusionUpdateAreas" node="0>13" />
  <i3dMapping id="tipOcclusionUpdateArea1Start" node="0>13|0" />
  <i3dMapping id="tipOcclusionUpdateArea1End" node="0>13|0|0" />
  <i3dMapping id="Chicken_Barn" node="0>14" />
  <i3dMapping id="BarnDoor_02" node="0>14|0" />
  <i3dMapping id="BarnDoor02_Collison" node="0>14|0|0" />
  <i3dMapping id="Sliders_Right02" node="0>14|0|1" />
  <i3dMapping id="ChickenCoops" node="0>14|1" />
  <i3dMapping id="ChickenFence" node="0>14|2" />
  <i3dMapping id="Cement_Post" node="0>14|3" />
  <i3dMapping id="EavesTrough" node="0>14|4" />
  <i3dMapping id="Foundation_Wall" node="0>14|5" />
  <i3dMapping id="Inside_Roof" node="0>14|6" />
  <i3dMapping id="Roof" node="0>14|7" />
  <i3dMapping id="Roof_Vents" node="0>14|8" />
  <i3dMapping id="Slider_Rail" node="0>14|9" />
  <i3dMapping id="Structure" node="0>14|10" />
  <i3dMapping id="PoleCollisions" node="0>14|10|0" />
  <i3dMapping id="Walls" node="0>14|11" />
  <i3dMapping id="Windows_Trim" node="0>14|12" />
  <i3dMapping id="Wood_Ramps" node="0>14|13" />
  <i3dMapping id="Wooden_Floors" node="0>14|14" />
  <i3dMapping id="barnDoor02_Trigger" node="0>14|15" />
  <i3dMapping id="BarnDoorSound01" node="0>14|16" />
  <i3dMapping id="Lights" node="0>15" />
  <i3dMapping id="lightsRight" node="0>15|0" />
  <i3dMapping id="ceilingLamp01_0" node="0>15|0|0" />
  <i3dMapping id="ceilingLampCable_0" node="0>15|0|0|0" />
  <i3dMapping id="Illum_0" node="0>15|0|0|1" />
  <i3dMapping id="selfLit_0" node="0>15|0|0|1|0" />
  <i3dMapping id="ceilingLampInnerLit_0" node="0>15|0|0|1|0|0" />
  <i3dMapping id="bulblit_0" node="0>15|0|0|1|0|1" />
  <i3dMapping id="realLights_0" node="0>15|0|0|1|1" />
  <i3dMapping id="spotLight01_0" node="0>15|0|0|1|1|0" />
  <i3dMapping id="ceilingLamp01_1" node="0>15|0|1" />
  <i3dMapping id="ceilingLampCable_1" node="0>15|0|1|0" />
  <i3dMapping id="Illum_1" node="0>15|0|1|1" />
  <i3dMapping id="selfLit_1" node="0>15|0|1|1|0" />
  <i3dMapping id="ceilingLampInnerLit_1" node="0>15|0|1|1|0|0" />
  <i3dMapping id="bulblit_1" node="0>15|0|1|1|0|1" />
  <i3dMapping id="realLights_1" node="0>15|0|1|1|1" />
  <i3dMapping id="spotLight01_1" node="0>15|0|1|1|1|0" />
  <i3dMapping id="ceilingLamp01_2" node="0>15|0|2" />
  <i3dMapping id="ceilingLampCable_2" node="0>15|0|2|0" />
  <i3dMapping id="Illum_2" node="0>15|0|2|1" />
  <i3dMapping id="selfLit_2" node="0>15|0|2|1|0" />
  <i3dMapping id="ceilingLampInnerLit_2" node="0>15|0|2|1|0|0" />
  <i3dMapping id="bulblit_2" node="0>15|0|2|1|0|1" />
  <i3dMapping id="realLights_2" node="0>15|0|2|1|1" />
  <i3dMapping id="spotLight01_2" node="0>15|0|2|1|1|0" />
  <i3dMapping id="lightsLeft" node="0>15|1" />
  <i3dMapping id="ceilingLamp01_3" node="0>15|1|0" />
  <i3dMapping id="ceilingLampCable_3" node="0>15|1|0|0" />
  <i3dMapping id="Illum_3" node="0>15|1|0|1" />
  <i3dMapping id="selfLit_3" node="0>15|1|0|1|0" />
  <i3dMapping id="ceilingLampInnerLit_3" node="0>15|1|0|1|0|0" />
  <i3dMapping id="bulblit_3" node="0>15|1|0|1|0|1" />
  <i3dMapping id="realLights_3" node="0>15|1|0|1|1" />
  <i3dMapping id="spotLight01_3" node="0>15|1|0|1|1|0" />
  <i3dMapping id="ceilingLamp01_4" node="0>15|1|1" />
  <i3dMapping id="ceilingLampCable_4" node="0>15|1|1|0" />
  <i3dMapping id="Illum_4" node="0>15|1|1|1" />
  <i3dMapping id="selfLit_4" node="0>15|1|1|1|0" />
  <i3dMapping id="ceilingLampInnerLit_4" node="0>15|1|1|1|0|0" />
  <i3dMapping id="bulblit_4" node="0>15|1|1|1|0|1" />
  <i3dMapping id="realLights_4" node="0>15|1|1|1|1" />
  <i3dMapping id="spotLight01_4" node="0>15|1|1|1|1|0" />
  <i3dMapping id="ceilingLamp01_5" node="0>15|1|2" />
  <i3dMapping id="ceilingLampCable_5" node="0>15|1|2|0" />
  <i3dMapping id="Illum_5" node="0>15|1|2|1" />
  <i3dMapping id="selfLit_5" node="0>15|1|2|1|0" />
  <i3dMapping id="ceilingLampInnerLit_5" node="0>15|1|2|1|0|0" />
  <i3dMapping id="bulblit_5" node="0>15|1|2|1|0|1" />
  <i3dMapping id="realLights_5" node="0>15|1|2|1|1" />
  <i3dMapping id="spotLight01_5" node="0>15|1|2|1|1|0" />
  <i3dMapping id="warehouseWallLamp" node="0>15|2" />
  <i3dMapping id="warehouseWallLampWire" node="0>15|2|0" />
  <i3dMapping id="bulbUnlit" node="0>15|2|1" />
  <i3dMapping id="illum" node="0>15|2|2" />
  <i3dMapping id="selfLit_6" node="0>15|2|2|0" />
  <i3dMapping id="warehouseWallLampWireLit" node="0>15|2|2|0|0" />
  <i3dMapping id="warehouseWallLampInnerLit" node="0>15|2|2|0|1" />
  <i3dMapping id="bulbLit" node="0>15|2|2|0|2" />
  <i3dMapping id="realLights_6" node="0>15|2|2|1" />
  <i3dMapping id="spotLight" node="0>15|2|2|1|0" />
  <i3dMapping id="ceilingLamp02_0" node="0>15|3" />
  <i3dMapping id="ceilingLampCable_6" node="0>15|3|0" />
  <i3dMapping id="Illum_6" node="0>15|3|1" />
  <i3dMapping id="selfLit_7" node="0>15|3|1|0" />
  <i3dMapping id="ceilingLampInnerLit_6" node="0>15|3|1|0|0" />
  <i3dMapping id="bulblit_6" node="0>15|3|1|0|1" />
  <i3dMapping id="realLights_7" node="0>15|3|1|1" />
  <i3dMapping id="spotLight01_6" node="0>15|3|1|1|0" />
  <i3dMapping id="ceilingLamp02_1" node="0>15|4" />
  <i3dMapping id="ceilingLampCable_7" node="0>15|4|0" />
  <i3dMapping id="Illum_7" node="0>15|4|1" />
  <i3dMapping id="selfLit_8" node="0>15|4|1|0" />
  <i3dMapping id="ceilingLampInnerLit_7" node="0>15|4|1|0|0" />
  <i3dMapping id="bulblit_7" node="0>15|4|1|0|1" />
  <i3dMapping id="realLights_8" node="0>15|4|1|1" />
  <i3dMapping id="spotLight01_7" node="0>15|4|1|1|0" />
  <i3dMapping id="ceilingLamp02_2" node="0>15|5" />
  <i3dMapping id="ceilingLampCable_8" node="0>15|5|0" />
  <i3dMapping id="Illum_8" node="0>15|5|1" />
  <i3dMapping id="selfLit_9" node="0>15|5|1|0" />
  <i3dMapping id="ceilingLampInnerLit_8" node="0>15|5|1|0|0" />
  <i3dMapping id="bulblit_8" node="0>15|5|1|0|1" />
  <i3dMapping id="realLights_9" node="0>15|5|1|1" />
  <i3dMapping id="spotLight01_8" node="0>15|5|1|1|0" />
  <i3dMapping id="Windows" node="0>16" />
  <i3dMapping id="windows" node="0>16|0" />
  <i3dMapping id="Chicken_Feeders" node="0>17" />
  <i3dMapping id="Beams" node="0>17|0" />
  <i3dMapping id="Cable_Pulleys" node="0>17|1" />
  <i3dMapping id="ChickenFeeders" node="0>17|2" />
  <i3dMapping id="Barley_fillplane" node="0>17|2|0" />
  <i3dMapping id="Feeder_01" node="0>17|2|1" />
  <i3dMapping id="Cable_Hook" node="0>17|2|1|0" />
  <i3dMapping id="Feeder_Drum1" node="0>17|2|1|1" />
  <i3dMapping id="Feeder_02" node="0>17|2|2" />
  <i3dMapping id="Cable_Hook.001" node="0>17|2|2|0" />
  <i3dMapping id="Feeder_Drum2" node="0>17|2|2|1" />
  <i3dMapping id="Feeder_03" node="0>17|2|3" />
  <i3dMapping id="Cable_Hook.002" node="0>17|2|3|0" />
  <i3dMapping id="Feeder_Drum3" node="0>17|2|3|1" />
  <i3dMapping id="Feeder_Sound" node="0>17|3" />
  <i3dMapping id="Feeder_Trigger" node="0>17|4" />
  <i3dMapping id="wheelLever" node="0>17|5" />
  <i3dMapping id="Wooden_CableWheel" node="0>17|5|0" />
  <i3dMapping id="uniaKarma10_vis" node="0>18" />
  <i3dMapping id="screws" node="0>18|0" />
  <i3dMapping id="stickers" node="0>18|1" />
  <i3dMapping id="OccluderMesheChickenBarn" node="0>19" />
  <i3dMapping id="occluderMeshInside" node="0>19|0" />
  <i3dMapping id="occluderMeshOutside" node="0>19|1" />
</i3dMappings>
</placeable>
