<?xml version="1.0" encoding="utf-8" standalone="no" ?>
<placeable type="simplePlaceable" xmlns:xsi="http://www.w3.org/2001/XMLSchema-instance" xsi:noNamespaceSchemaLocation="../../../../shared/xml/schema/placeable.xsd">
    <storeData>
        <name>$l10n_DriveThroughShed</name>
        <functions>
            <function>$l10n_function_garage</function>
        </functions>
        <image>store_DriveThroughShed.dds</image>
        <price>35000</price>
        <dailyUpkeep>15</dailyUpkeep>
        <lifetime>1000</lifetime>
        <rotation>0</rotation>
        <brand>NONE</brand>
        <species>placeable</species>
        <category>sheds</category>
        <brush>
            <type>placeable</type>
            <category>buildings</category>
            <tab>sheds</tab>
        </brush>

        <vertexBufferMemoryUsage>874496</vertexBufferMemoryUsage>
        <indexBufferMemoryUsage>98304</indexBufferMemoryUsage>
        <textureMemoryUsage>4849664</textureMemoryUsage>
        <audioMemoryUsage>0</audioMemoryUsage>
        <instanceVertexBufferMemoryUsage>0</instanceVertexBufferMemoryUsage>
        <instanceIndexBufferMemoryUsage>0</instanceIndexBufferMemoryUsage>
    </storeData>

    <base>
        <filename>DriveThroughShed.i3d</filename>
        <canBeRenamed>true</canBeRenamed>
		<boughtWithFarmland>true</boughtWithFarmland>
    </base>

    <placement useRandomYRotation="false" useManualYRotation="true" >
        <testAreas>
            <testArea startNode="testArea1Start" endNode="testArea1End" />
        </testAreas>

        <sounds>
            <place template="medImp" />
        </sounds>
    </placement>

    <clearAreas>
        <clearArea startNode="clearArea01Start" widthNode="clearArea01Width" heightNode="clearArea01Height"/>
    </clearAreas>

    <leveling requireLeveling="true" maxSmoothDistance="10" maxSlope="75" maxEdgeAngle="30">
        <levelAreas>
            <levelArea startNode="levelingArea01Start" widthNode="levelingArea01Width" heightNode="levelingArea01Height" groundType="dirt"/>
        </levelAreas>
    </leveling>

    <indoorAreas>
        <indoorArea startNode="indoorArea01Start" widthNode="indoorArea01Width" heightNode="indoorArea01Height" />
    </indoorAreas>

    <tipOcclusionUpdateAreas>
        <tipOcclusionUpdateArea startNode="tipOcclusionUpdateArea1Start" endNode="tipOcclusionUpdateArea1End" />
    </tipOcclusionUpdateAreas>

    <ai>
        <updateAreas>
            <updateArea startNode="tipOcclusionUpdateArea1Start" endNode="tipOcclusionUpdateArea1End" />
        </updateAreas>
    </ai>

    <i3dMappings>
	  <i3dMapping id="Pig_Barn" node="0>" />
	  <i3dMapping id="Areas" node="0>0" />
	  <i3dMapping id="clearAreas" node="0>0|0" />
	  <i3dMapping id="clearArea01Start" node="0>0|0|0" />
	  <i3dMapping id="clearArea01Height" node="0>0|0|0|0" />
	  <i3dMapping id="clearArea01Width" node="0>0|0|0|1" />
	  <i3dMapping id="indoorAreas" node="0>0|1" />
	  <i3dMapping id="indoorArea01Start" node="0>0|1|0" />
	  <i3dMapping id="indoorArea01Height" node="0>0|1|0|0" />
	  <i3dMapping id="indoorArea01Width" node="0>0|1|0|1" />
	  <i3dMapping id="levelingAreas" node="0>0|2" />
	  <i3dMapping id="levelingArea01Start" node="0>0|2|0" />
	  <i3dMapping id="levelingArea01Height" node="0>0|2|0|0" />
	  <i3dMapping id="levelingArea01Width" node="0>0|2|0|1" />
	  <i3dMapping id="testAreas" node="0>0|3" />
	  <i3dMapping id="testArea1Start" node="0>0|3|0" />
	  <i3dMapping id="testArea1End" node="0>0|3|0|0" />
	  <i3dMapping id="tipOcclusionUpdateAreas" node="0>0|4" />
	  <i3dMapping id="tipOcclusionUpdateArea1Start" node="0>0|4|0" />
	  <i3dMapping id="tipOcclusionUpdateArea1End" node="0>0|4|0|0" />
	  <i3dMapping id="Visuals" node="0>1" />
	  <i3dMapping id="Barn_Foundation" node="0>1|0" />
	  <i3dMapping id="Deco_Doors" node="0>1|1" />
	  <i3dMapping id="EavesTrough" node="0>1|2" />
	  <i3dMapping id="FrameWork" node="0>1|3" />
	  <i3dMapping id="Inside_Roof" node="0>1|4" />
	  <i3dMapping id="Roof" node="0>1|5" />
	  <i3dMapping id="Roof_Vents" node="0>1|6" />
	  <i3dMapping id="Trim_Work" node="0>1|7" />
	  <i3dMapping id="Walls" node="0>1|8" />
	  <i3dMapping id="Windows" node="0>1|9" />
	</i3dMappings>
</placeable>