<?xml version="1.0" encoding="utf-8" standalone="no" ?>
<placeable type="silo" xmlns:xsi="http://www.w3.org/2001/XMLSchema-instance" xsi:noNamespaceSchemaLocation="../../../../shared/xml/schema/placeable.xsd">
    <storeData>
        <name>$l10n_shopItem_hayLoft</name>
        <functions>
            <function>$l10n_function_garage</function>
        </functions>
        <image>store_HayLoft.dds</image>
        <price>60000</price>
        <dailyUpkeep>15</dailyUpkeep>
        <lifetime>1000</lifetime>
        <rotation>0</rotation>
        <brand>NONE</brand>
        <species>placeable</species>
        <category>storages</category>
        <canBeSold>true</canBeSold>
        <showInStore>true</showInStore>
		<brush>
            <type>placeable</type>
            <category>buildings</category>
            <tab>silos</tab>
        </brush>
     
        <vertexBufferMemoryUsage>2158336</vertexBufferMemoryUsage>
        <indexBufferMemoryUsage>289024</indexBufferMemoryUsage>
        <textureMemoryUsage>8454144</textureMemoryUsage>
        <audioMemoryUsage>0</audioMemoryUsage>
        <instanceVertexBufferMemoryUsage>0</instanceVertexBufferMemoryUsage>
        <instanceIndexBufferMemoryUsage>0</instanceIndexBufferMemoryUsage>
    </storeData>

    <base>
        <filename>HayLoft.i3d</filename>
        <canBeRenamed>true</canBeRenamed>
		<boughtWithFarmland>true</boughtWithFarmland>
    </base>

    <placement useRandomYRotation="false" useManualYRotation="true">
        <testAreas>
            <testArea startNode="testArea1Start" endNode="testArea1End" />
        </testAreas>

        <sounds>
            <place template="smallImp" />
        </sounds>
    </placement>
	
	<hotspots>
        <hotspot type="UNLOADING" linkNode="hotspotMarker" teleportNode="teleportNode"/>
    </hotspots>

    <clearAreas>
        <clearArea startNode="clearArea1Start" widthNode="clearArea1Width" heightNode="clearArea1Height"/>
    </clearAreas>

    <leveling requireLeveling="true" maxSmoothDistance="5" maxSlope="75" maxEdgeAngle="30">
        <levelAreas>
            <levelArea startNode="levelArea1Start" widthNode="levelArea1Width" heightNode="levelArea1Height" groundType="dirt"/>
        </levelAreas>
    </leveling>

    <indoorAreas>
        <indoorArea startNode="indoorArea1Start" widthNode="indoorArea1Width" heightNode="indoorArea1Height"/>
    </indoorAreas>



    <ai>
        <updateAreas>
            <updateArea startNode="tipOcclusionUpdateArea1Start" endNode="tipOcclusionUpdateArea1End" />
        </updateAreas>
		<splines>
            <spline node="aiLoadingSpline" />
        </splines>
    </ai>
	
	<infoTrigger triggerNode="infoTrigger"/>

    <silo>
        <loadingStation supportsExtension="false" >
            <loadTrigger triggerNode="loadingTrigger" fillTypes="DRYGRASS_WINDROW STRAW SILAGE GRASS_WINDROW" fillLitersPerSecond="2000" dischargeNode="dischargeNode" aiNode="aiNodeLoading">
                <effectNode effectNode="pipeEffect"      materialType="pipe"           fadeTime="1" scale="0.6 0.6 0.9" />
                <effectNode effectNode="pipeEffectSmoke" materialType="unloadingSmoke" fadeTime="1" />
            </loadTrigger>
        </loadingStation>

        <unloadingStation supportsExtension="false" >
            <unloadTrigger exactFillRootNode="exactFillRootNode" fillTypes="DRYGRASS_WINDROW STRAW SILAGE GRASS_WINDROW" aiNode="aiNodeUnlading"/>
        <sounds>
            <active template="hayloftPump" linkNode="fanSoundNode"/>
        </sounds>
		<animationNodes>
			<animationNode node="Auger"   rotSpeed="250" 	rotAxis="1" 	turnOnFadeTime="0.1" turnOffFadeTime="1" />
			
		</animationNodes>
        </unloadingStation>
		
		
		
		
	

        <storages>
            <storage node="hotspotMarker" fillTypes="DRYGRASS_WINDROW" capacity="500000" isExtension="false" supportsMultipleFillTypes="false"/>
			<storage node="hotspotMarker" fillTypes="STRAW" capacity="500000" isExtension="false" supportsMultipleFillTypes="false"/>
			<!-- <storage node="hotspotMarker" fillTypes="SILAGE" capacity="750000" isExtension="false" supportsMultipleFillTypes="false"/> -->
			<storage node="hotspotMarker" fillTypes="GRASS_WINDROW" capacity="500000" isExtension="false" supportsMultipleFillTypes="false"/>
			
        </storages>
    </silo>

    <triggerMarkers>
        <triggerMarker node="markerUnloading" filename="$data/shared/assets/marker/markerIcons.xml" id="UNLOAD" />
        <triggerMarker node="markerLoading"   filename="$data/shared/assets/marker/markerIcons.xml" id="LOAD" />
    </triggerMarkers>

  

    

<animatedObjects>
		<animatedObject saveId="Barn_Door1">
            <animation duration="4">
                <part node="BarnDoor_Left01">
                    <keyFrame time="0.0" translation="2.58100009 4.11999989 -20.125"/>
                    <keyFrame time="1.0" translation="7.51100016 4.11999989 -20.125"/>
                </part>
				<part node="BarnDoor_Right01">
                    <keyFrame time="0.0" translation="-3.12400007 4.11999989 -20.125"/>
                    <keyFrame time="1.0" translation="-8.03899956 4.11999989 -20.125"/>
                </part>
				<part node="occluderMesh_door1Inside">
                    <keyFrame time="0"    visibility="true" />
                    <keyFrame time="0.01" visibility="false" />
                </part>
				<part node="occluderMesh_door1Outside">
                    <keyFrame time="0"    visibility="true" />
                    <keyFrame time="1" visibility="false" />
				</part>
				
			</animation>
            <controls triggerNode="barnDoor01_Trigger" posAction="ACTIVATE_HANDTOOL" posText="action_openGate" negText="action_closeGate" />
			<sounds>
                <moving template="fenceMetalLoop" linkNode="BarnDoorSound01" />
                <posEnd template="fenceMetalOpen" linkNode="BarnDoorSound01" />
                <negEnd template="fenceMetalClose" linkNode="BarnDoorSound01" />
            </sounds>
        </animatedObject>
		
		<animatedObject saveId="Barn_Door2">
            <animation duration="4">
                <part node="BarnDoor_Left02">
                    <keyFrame time="0.0" translation="-3.12400007 4.11999989 20.125"/>
                    <keyFrame time="1.0" translation="-8.03199959 4.11999989 20.125"/>
                </part>
				<part node="BarnDoor_Right02">
                    <keyFrame time="0.0" translation="2.58100009 4.11999989 20.125"/>
                    <keyFrame time="1.0" translation="7.48400021 4.11999989 20.125"/>
                </part>
				<part node="occluderMesh_door2Inside">
                    <keyFrame time="0"    visibility="true" />
                    <keyFrame time="0.01" visibility="false" />
				</part>
				<part node="occluderMesh_door2Outside">
                    <keyFrame time="0"    visibility="true" />
                    <keyFrame time="1" visibility="false" />
				</part>
				
			</animation>
            <controls triggerNode="barnDoor02_Trigger" posAction="ACTIVATE_HANDTOOL" posText="action_openGate" negText="action_closeGate" />
			<sounds>
                <moving template="fenceMetalLoop" linkNode="BarnDoorSound02" />
                <posEnd template="fenceMetalOpen" linkNode="BarnDoorSound02" />
                <negEnd template="fenceMetalClose" linkNode="BarnDoorSound02" />
            </sounds>
        </animatedObject>
	</animatedObjects>
	
	
	<colorable>
        <nodes>
            <node node="Blower.001" />
			
            
        </nodes>

        <colors>
            <color value="CASEIH_RED1" />
            
        </colors>
    </colorable>



<i3dMappings>
  <i3dMapping id="Red_Barn" node="0>" />
  <i3dMapping id="hayLoft" node="0>0" />
  <i3dMapping id="loadingStation" node="0>0|0" />
  <i3dMapping id="loadingTriggers" node="0>0|0|0" />
  <i3dMapping id="loadingTrigger" node="0>0|0|0|0" />
  <i3dMapping id="dischargeNode" node="0>0|0|0|1" />
  <i3dMapping id="dischargeEffect" node="0>0|0|0|2" />
  <i3dMapping id="pipeEffect" node="0>0|0|0|2|0" />
  <i3dMapping id="pipeEffectSmoke" node="0>0|0|0|2|1" />
  <i3dMapping id="aiNodeLoading" node="0>0|0|0|3" />
  <i3dMapping id="aiLoadingSpline" node="0>0|0|1" />
  <i3dMapping id="unloadingStation" node="0>0|1" />
  <i3dMapping id="unloadingTriggers" node="0>0|1|0" />
  <i3dMapping id="exactFillRootNode" node="0>0|1|0|0" />
  <i3dMapping id="aiNodeUnlading" node="0>0|1|0|1" />
  <i3dMapping id="fanSoundNode" node="0>0|1|1" />
  <i3dMapping id="infoTrigger" node="0>0|2" />
  <i3dMapping id="teleportNode" node="0>0|3" />
  <i3dMapping id="hotspotMarker" node="0>1" />
  <i3dMapping id="markers" node="0>2" />
  <i3dMapping id="markerUnloading" node="0>2|0" />
  <i3dMapping id="markerLoading" node="0>2|1" />
  <i3dMapping id="clearAreas" node="0>3" />
  <i3dMapping id="clearArea1Start" node="0>3|0" />
  <i3dMapping id="clearArea1Width" node="0>3|0|0" />
  <i3dMapping id="clearArea1Height" node="0>3|0|1" />
  <i3dMapping id="levelAreas" node="0>4" />
  <i3dMapping id="levelArea1Start" node="0>4|0" />
  <i3dMapping id="levelArea1Width" node="0>4|0|0" />
  <i3dMapping id="levelArea1Height" node="0>4|0|1" />
  <i3dMapping id="indoorAreas" node="0>5" />
  <i3dMapping id="indoorArea1Start" node="0>5|0" />
  <i3dMapping id="indoorArea1Width" node="0>5|0|0" />
  <i3dMapping id="indoorArea1Height" node="0>5|0|1" />
  <i3dMapping id="testAreas" node="0>6" />
  <i3dMapping id="testArea1Start" node="0>6|0" />
  <i3dMapping id="testArea1End" node="0>6|0|0" />
  <i3dMapping id="tipOcclusionUpdateAreas" node="0>7" />
  <i3dMapping id="tipOcclusionUpdateArea1Start" node="0>7|0" />
  <i3dMapping id="tipOcclusionUpdateArea1End" node="0>7|0|0" />
  <i3dMapping id="Lights" node="0>8" />
  <i3dMapping id="Left" node="0>8|0" />
  <i3dMapping id="ceilingLamp02_0" node="0>8|0|0" />
  <i3dMapping id="ceilingLampCable_0" node="0>8|0|0|0" />
  <i3dMapping id="Illum_0" node="0>8|0|0|1" />
  <i3dMapping id="selfLit_0" node="0>8|0|0|1|0" />
  <i3dMapping id="ceilingLampInnerLit_0" node="0>8|0|0|1|0|0" />
  <i3dMapping id="bulblit_0" node="0>8|0|0|1|0|1" />
  <i3dMapping id="realLights_0" node="0>8|0|0|1|1" />
  <i3dMapping id="spotLight01_0" node="0>8|0|0|1|1|0" />
  <i3dMapping id="ceilingLamp02_1" node="0>8|0|1" />
  <i3dMapping id="ceilingLampCable_1" node="0>8|0|1|0" />
  <i3dMapping id="Illum_1" node="0>8|0|1|1" />
  <i3dMapping id="selfLit_1" node="0>8|0|1|1|0" />
  <i3dMapping id="ceilingLampInnerLit_1" node="0>8|0|1|1|0|0" />
  <i3dMapping id="bulblit_1" node="0>8|0|1|1|0|1" />
  <i3dMapping id="realLights_1" node="0>8|0|1|1|1" />
  <i3dMapping id="spotLight01_1" node="0>8|0|1|1|1|0" />
  <i3dMapping id="ceilingLamp02_2" node="0>8|0|2" />
  <i3dMapping id="ceilingLampCable_2" node="0>8|0|2|0" />
  <i3dMapping id="Illum_2" node="0>8|0|2|1" />
  <i3dMapping id="selfLit_2" node="0>8|0|2|1|0" />
  <i3dMapping id="ceilingLampInnerLit_2" node="0>8|0|2|1|0|0" />
  <i3dMapping id="bulblit_2" node="0>8|0|2|1|0|1" />
  <i3dMapping id="realLights_2" node="0>8|0|2|1|1" />
  <i3dMapping id="spotLight01_2" node="0>8|0|2|1|1|0" />
  <i3dMapping id="ceilingLamp02_3" node="0>8|0|3" />
  <i3dMapping id="ceilingLampCable_3" node="0>8|0|3|0" />
  <i3dMapping id="Illum_3" node="0>8|0|3|1" />
  <i3dMapping id="selfLit_3" node="0>8|0|3|1|0" />
  <i3dMapping id="ceilingLampInnerLit_3" node="0>8|0|3|1|0|0" />
  <i3dMapping id="bulblit_3" node="0>8|0|3|1|0|1" />
  <i3dMapping id="realLights_3" node="0>8|0|3|1|1" />
  <i3dMapping id="spotLight01_3" node="0>8|0|3|1|1|0" />
  <i3dMapping id="Right" node="0>8|1" />
  <i3dMapping id="ceilingLamp02_4" node="0>8|1|0" />
  <i3dMapping id="ceilingLampCable_4" node="0>8|1|0|0" />
  <i3dMapping id="Illum_4" node="0>8|1|0|1" />
  <i3dMapping id="selfLit_4" node="0>8|1|0|1|0" />
  <i3dMapping id="ceilingLampInnerLit_4" node="0>8|1|0|1|0|0" />
  <i3dMapping id="bulblit_4" node="0>8|1|0|1|0|1" />
  <i3dMapping id="realLights_4" node="0>8|1|0|1|1" />
  <i3dMapping id="spotLight01_4" node="0>8|1|0|1|1|0" />
  <i3dMapping id="ceilingLamp02_5" node="0>8|1|1" />
  <i3dMapping id="ceilingLampCable_5" node="0>8|1|1|0" />
  <i3dMapping id="Illum_5" node="0>8|1|1|1" />
  <i3dMapping id="selfLit_5" node="0>8|1|1|1|0" />
  <i3dMapping id="ceilingLampInnerLit_5" node="0>8|1|1|1|0|0" />
  <i3dMapping id="bulblit_5" node="0>8|1|1|1|0|1" />
  <i3dMapping id="realLights_5" node="0>8|1|1|1|1" />
  <i3dMapping id="spotLight01_5" node="0>8|1|1|1|1|0" />
  <i3dMapping id="ceilingLamp02_6" node="0>8|1|2" />
  <i3dMapping id="ceilingLampCable_6" node="0>8|1|2|0" />
  <i3dMapping id="Illum_6" node="0>8|1|2|1" />
  <i3dMapping id="selfLit_6" node="0>8|1|2|1|0" />
  <i3dMapping id="ceilingLampInnerLit_6" node="0>8|1|2|1|0|0" />
  <i3dMapping id="bulblit_6" node="0>8|1|2|1|0|1" />
  <i3dMapping id="realLights_6" node="0>8|1|2|1|1" />
  <i3dMapping id="spotLight01_6" node="0>8|1|2|1|1|0" />
  <i3dMapping id="ceilingLamp02_7" node="0>8|1|3" />
  <i3dMapping id="ceilingLampCable_7" node="0>8|1|3|0" />
  <i3dMapping id="Illum_7" node="0>8|1|3|1" />
  <i3dMapping id="selfLit_7" node="0>8|1|3|1|0" />
  <i3dMapping id="ceilingLampInnerLit_7" node="0>8|1|3|1|0|0" />
  <i3dMapping id="bulblit_7" node="0>8|1|3|1|0|1" />
  <i3dMapping id="realLights_7" node="0>8|1|3|1|1" />
  <i3dMapping id="spotLight01_7" node="0>8|1|3|1|1|0" />
  <i3dMapping id="Outdoor" node="0>8|2" />
  <i3dMapping id="fwarehouseWallLamp_0" node="0>8|2|0" />
  <i3dMapping id="warehouseWallLampWire_0" node="0>8|2|0|0" />
  <i3dMapping id="bulbUnlit_0" node="0>8|2|0|1" />
  <i3dMapping id="illum_0" node="0>8|2|0|2" />
  <i3dMapping id="selfLit_8" node="0>8|2|0|2|0" />
  <i3dMapping id="warehouseWallLampWireLit_0" node="0>8|2|0|2|0|0" />
  <i3dMapping id="warehouseWallLampInnerLit_0" node="0>8|2|0|2|0|1" />
  <i3dMapping id="bulbLit_0" node="0>8|2|0|2|0|2" />
  <i3dMapping id="realLights_8" node="0>8|2|0|2|1" />
  <i3dMapping id="spotLight_0" node="0>8|2|0|2|1|0" />
  <i3dMapping id="fwarehouseWallLamp_1" node="0>8|2|1" />
  <i3dMapping id="warehouseWallLampWire_1" node="0>8|2|1|0" />
  <i3dMapping id="bulbUnlit_1" node="0>8|2|1|1" />
  <i3dMapping id="illum_1" node="0>8|2|1|2" />
  <i3dMapping id="selfLit_9" node="0>8|2|1|2|0" />
  <i3dMapping id="warehouseWallLampWireLit_1" node="0>8|2|1|2|0|0" />
  <i3dMapping id="warehouseWallLampInnerLit_1" node="0>8|2|1|2|0|1" />
  <i3dMapping id="bulbLit_1" node="0>8|2|1|2|0|2" />
  <i3dMapping id="realLights_9" node="0>8|2|1|2|1" />
  <i3dMapping id="spotLight_1" node="0>8|2|1|2|1|0" />
  <i3dMapping id="fwarehouseWallLamp_2" node="0>8|2|2" />
  <i3dMapping id="warehouseWallLampWire_2" node="0>8|2|2|0" />
  <i3dMapping id="bulbUnlit_2" node="0>8|2|2|1" />
  <i3dMapping id="illum_2" node="0>8|2|2|2" />
  <i3dMapping id="selfLit_10" node="0>8|2|2|2|0" />
  <i3dMapping id="warehouseWallLampWireLit_2" node="0>8|2|2|2|0|0" />
  <i3dMapping id="warehouseWallLampInnerLit_2" node="0>8|2|2|2|0|1" />
  <i3dMapping id="bulbLit_2" node="0>8|2|2|2|0|2" />
  <i3dMapping id="realLights_10" node="0>8|2|2|2|1" />
  <i3dMapping id="spotLight_2" node="0>8|2|2|2|1|0" />
  <i3dMapping id="fwarehouseWallLamp_3" node="0>8|2|3" />
  <i3dMapping id="warehouseWallLampWire_3" node="0>8|2|3|0" />
  <i3dMapping id="bulbUnlit_3" node="0>8|2|3|1" />
  <i3dMapping id="illum_3" node="0>8|2|3|2" />
  <i3dMapping id="selfLit_11" node="0>8|2|3|2|0" />
  <i3dMapping id="warehouseWallLampWireLit_3" node="0>8|2|3|2|0|0" />
  <i3dMapping id="warehouseWallLampInnerLit_3" node="0>8|2|3|2|0|1" />
  <i3dMapping id="bulbLit_3" node="0>8|2|3|2|0|2" />
  <i3dMapping id="realLights_11" node="0>8|2|3|2|1" />
  <i3dMapping id="spotLight_3" node="0>8|2|3|2|1|0" />
  <i3dMapping id="fwarehouseWallLamp_4" node="0>8|2|4" />
  <i3dMapping id="warehouseWallLampWire_4" node="0>8|2|4|0" />
  <i3dMapping id="bulbUnlit_4" node="0>8|2|4|1" />
  <i3dMapping id="illum_4" node="0>8|2|4|2" />
  <i3dMapping id="selfLit_12" node="0>8|2|4|2|0" />
  <i3dMapping id="warehouseWallLampWireLit_4" node="0>8|2|4|2|0|0" />
  <i3dMapping id="warehouseWallLampInnerLit_4" node="0>8|2|4|2|0|1" />
  <i3dMapping id="bulbLit_4" node="0>8|2|4|2|0|2" />
  <i3dMapping id="realLights_12" node="0>8|2|4|2|1" />
  <i3dMapping id="spotLight_4" node="0>8|2|4|2|1|0" />
  <i3dMapping id="fwarehouseWallLamp_5" node="0>8|2|5" />
  <i3dMapping id="warehouseWallLampWire_5" node="0>8|2|5|0" />
  <i3dMapping id="bulbUnlit_5" node="0>8|2|5|1" />
  <i3dMapping id="illum_5" node="0>8|2|5|2" />
  <i3dMapping id="selfLit_13" node="0>8|2|5|2|0" />
  <i3dMapping id="warehouseWallLampWireLit_5" node="0>8|2|5|2|0|0" />
  <i3dMapping id="warehouseWallLampInnerLit_5" node="0>8|2|5|2|0|1" />
  <i3dMapping id="bulbLit_5" node="0>8|2|5|2|0|2" />
  <i3dMapping id="realLights_13" node="0>8|2|5|2|1" />
  <i3dMapping id="spotLight_5" node="0>8|2|5|2|1|0" />
  <i3dMapping id="indoor" node="0>8|3" />
  <i3dMapping id="ceilingLamp02_8" node="0>8|3|0" />
  <i3dMapping id="ceilingLampCable_8" node="0>8|3|0|0" />
  <i3dMapping id="Illum_8" node="0>8|3|0|1" />
  <i3dMapping id="selfLit_14" node="0>8|3|0|1|0" />
  <i3dMapping id="ceilingLampInnerLit_8" node="0>8|3|0|1|0|0" />
  <i3dMapping id="bulblit_8" node="0>8|3|0|1|0|1" />
  <i3dMapping id="realLights_14" node="0>8|3|0|1|1" />
  <i3dMapping id="spotLight01_8" node="0>8|3|0|1|1|0" />
  <i3dMapping id="ceilingLamp02_9" node="0>8|3|1" />
  <i3dMapping id="ceilingLampCable_9" node="0>8|3|1|0" />
  <i3dMapping id="Illum_9" node="0>8|3|1|1" />
  <i3dMapping id="selfLit_15" node="0>8|3|1|1|0" />
  <i3dMapping id="ceilingLampInnerLit_9" node="0>8|3|1|1|0|0" />
  <i3dMapping id="bulblit_9" node="0>8|3|1|1|0|1" />
  <i3dMapping id="realLights_15" node="0>8|3|1|1|1" />
  <i3dMapping id="spotLight01_9" node="0>8|3|1|1|1|0" />
  <i3dMapping id="ceilingLamp02_10" node="0>8|3|2" />
  <i3dMapping id="ceilingLampCable_10" node="0>8|3|2|0" />
  <i3dMapping id="Illum_10" node="0>8|3|2|1" />
  <i3dMapping id="selfLit_16" node="0>8|3|2|1|0" />
  <i3dMapping id="ceilingLampInnerLit_10" node="0>8|3|2|1|0|0" />
  <i3dMapping id="bulblit_10" node="0>8|3|2|1|0|1" />
  <i3dMapping id="realLights_16" node="0>8|3|2|1|1" />
  <i3dMapping id="spotLight01_10" node="0>8|3|2|1|1|0" />
  <i3dMapping id="ceilingLamp02_11" node="0>8|3|3" />
  <i3dMapping id="ceilingLampCable_11" node="0>8|3|3|0" />
  <i3dMapping id="Illum_11" node="0>8|3|3|1" />
  <i3dMapping id="selfLit_17" node="0>8|3|3|1|0" />
  <i3dMapping id="ceilingLampInnerLit_11" node="0>8|3|3|1|0|0" />
  <i3dMapping id="bulblit_11" node="0>8|3|3|1|0|1" />
  <i3dMapping id="realLights_17" node="0>8|3|3|1|1" />
  <i3dMapping id="spotLight01_11" node="0>8|3|3|1|1|0" />
  <i3dMapping id="ceilingLamp02_12" node="0>8|3|4" />
  <i3dMapping id="ceilingLampCable_12" node="0>8|3|4|0" />
  <i3dMapping id="Illum_12" node="0>8|3|4|1" />
  <i3dMapping id="selfLit_18" node="0>8|3|4|1|0" />
  <i3dMapping id="ceilingLampInnerLit_12" node="0>8|3|4|1|0|0" />
  <i3dMapping id="bulblit_12" node="0>8|3|4|1|0|1" />
  <i3dMapping id="realLights_18" node="0>8|3|4|1|1" />
  <i3dMapping id="spotLight01_12" node="0>8|3|4|1|1|0" />
  <i3dMapping id="ceilingLamp02_13" node="0>8|3|5" />
  <i3dMapping id="ceilingLampCable_13" node="0>8|3|5|0" />
  <i3dMapping id="Illum_13" node="0>8|3|5|1" />
  <i3dMapping id="selfLit_19" node="0>8|3|5|1|0" />
  <i3dMapping id="ceilingLampInnerLit_13" node="0>8|3|5|1|0|0" />
  <i3dMapping id="bulblit_13" node="0>8|3|5|1|0|1" />
  <i3dMapping id="realLights_19" node="0>8|3|5|1|1" />
  <i3dMapping id="spotLight01_13" node="0>8|3|5|1|1|0" />
  <i3dMapping id="ceilingLamp02_14" node="0>8|3|6" />
  <i3dMapping id="ceilingLampCable_14" node="0>8|3|6|0" />
  <i3dMapping id="Illum_14" node="0>8|3|6|1" />
  <i3dMapping id="selfLit_20" node="0>8|3|6|1|0" />
  <i3dMapping id="ceilingLampInnerLit_14" node="0>8|3|6|1|0|0" />
  <i3dMapping id="bulblit_14" node="0>8|3|6|1|0|1" />
  <i3dMapping id="realLights_20" node="0>8|3|6|1|1" />
  <i3dMapping id="spotLight01_14" node="0>8|3|6|1|1|0" />
  <i3dMapping id="ceilingLamp02_15" node="0>8|3|7" />
  <i3dMapping id="ceilingLampCable_15" node="0>8|3|7|0" />
  <i3dMapping id="Illum_15" node="0>8|3|7|1" />
  <i3dMapping id="selfLit_21" node="0>8|3|7|1|0" />
  <i3dMapping id="ceilingLampInnerLit_15" node="0>8|3|7|1|0|0" />
  <i3dMapping id="bulblit_15" node="0>8|3|7|1|0|1" />
  <i3dMapping id="realLights_21" node="0>8|3|7|1|1" />
  <i3dMapping id="spotLight01_15" node="0>8|3|7|1|1|0" />
  <i3dMapping id="ceilingLamp02_16" node="0>8|3|8" />
  <i3dMapping id="ceilingLampCable_16" node="0>8|3|8|0" />
  <i3dMapping id="Illum_16" node="0>8|3|8|1" />
  <i3dMapping id="selfLit_22" node="0>8|3|8|1|0" />
  <i3dMapping id="ceilingLampInnerLit_16" node="0>8|3|8|1|0|0" />
  <i3dMapping id="bulblit_16" node="0>8|3|8|1|0|1" />
  <i3dMapping id="realLights_22" node="0>8|3|8|1|1" />
  <i3dMapping id="spotLight01_16" node="0>8|3|8|1|1|0" />
  <i3dMapping id="Visuals_0" node="0>9" />
  <i3dMapping id="Wall_Foundation" node="0>9|0" />
  <i3dMapping id="EavesTrough" node="0>9|1" />
  <i3dMapping id="Floor" node="0>9|2" />
  <i3dMapping id="Inside_Roof" node="0>9|3" />
  <i3dMapping id="Roof" node="0>9|4" />
  <i3dMapping id="FrameWork" node="0>9|5" />
  <i3dMapping id="Walls" node="0>9|6" />
  <i3dMapping id="Window_GateRail" node="0>9|7" />
  <i3dMapping id="Windows_0" node="0>9|8" />
  <i3dMapping id="Hayloft_Closure" node="0>9|9" />
  <i3dMapping id="Slider_Rail" node="0>9|10" />
  <i3dMapping id="Doors" node="0>10" />
  <i3dMapping id="BarnDoor_Left01" node="0>10|0" />
  <i3dMapping id="Collision_Left01" node="0>10|0|0" />
  <i3dMapping id="Slider_Left02" node="0>10|0|1" />
  <i3dMapping id="BarnDoor_Left02" node="0>10|1" />
  <i3dMapping id="Collision_Left02" node="0>10|1|0" />
  <i3dMapping id="Sliders_Left01" node="0>10|1|1" />
  <i3dMapping id="BarnDoor_Right01" node="0>10|2" />
  <i3dMapping id="Collision_Right01" node="0>10|2|0" />
  <i3dMapping id="Slider_Right02" node="0>10|2|1" />
  <i3dMapping id="BarnDoor_Right02" node="0>10|3" />
  <i3dMapping id="Collision_Right02" node="0>10|3|0" />
  <i3dMapping id="Sliders_Right01" node="0>10|3|1" />
  <i3dMapping id="barnDoor02_Trigger" node="0>10|4" />
  <i3dMapping id="barnDoor01_Trigger" node="0>10|5" />
  <i3dMapping id="BarnDoorSound02" node="0>10|6" />
  <i3dMapping id="BarnDoorSound01" node="0>10|7" />
  <i3dMapping id="ForageBlower_Main" node="0>11" />
  <i3dMapping id="Forage_Blower_Main" node="0>11|0" />
  <i3dMapping id="Animations" node="0>11|0|0" />
  <i3dMapping id="Auger" node="0>11|0|0|0" />
  <i3dMapping id="Collisions" node="0>11|0|1" />
  <i3dMapping id="Collision" node="0>11|0|1|0" />
  <i3dMapping id="Visuals_1" node="0>11|0|2" />
  <i3dMapping id="Blower.001" node="0>11|0|2|0" />
  <i3dMapping id="Blower_Brackets" node="0>11|0|2|1" />
  <i3dMapping id="Blower_Pipe" node="0>11|0|2|2" />
  <i3dMapping id="Bolts.001" node="0>11|0|2|3" />
  <i3dMapping id="Cage" node="0>11|0|2|4" />
  <i3dMapping id="R15_T510.001" node="0>11|0|2|5" />
  <i3dMapping id="Rims" node="0>11|0|2|6" />
  <i3dMapping id="SupportJack.001" node="0>11|0|2|7" />
  <i3dMapping id="SupportJack_Knob.001" node="0>11|0|2|8" />
  <i3dMapping id="UpperSupport" node="0>11|0|2|9" />
  <i3dMapping id="pto" node="0>11|0|2|10" />
  <i3dMapping id="tl1239_vis.002" node="0>11|0|2|11" />
  <i3dMapping id="Windows_1" node="0>12" />
  <i3dMapping id="Window" node="0>12|0" />
  <i3dMapping id="OccluderMeshesRedbarn" node="0>13" />
  <i3dMapping id="occluderMeshInside" node="0>13|0" />
  <i3dMapping id="occluderMeshOutside" node="0>13|1" />
  <i3dMapping id="occluderMesh_door1Inside" node="0>13|2" />
  <i3dMapping id="occluderMesh_door1Outside" node="0>13|3" />
  <i3dMapping id="occluderMesh_door2Inside" node="0>13|4" />
  <i3dMapping id="occluderMesh_door2Outside" node="0>13|5" />
</i3dMappings>
</placeable>
