﻿<?xml version="1.0" encoding="utf-8" standalone="no" ?>
<modDesc descVersion="79">
    <author>FSG Modding - FSG TAZ_MAN</author>
    <version>1.2.0.0</version>
    <title>
        <en>Red Barn Pack</en>
		<de>Rote Scheune</de>
		
    </title>
    <description>
<en><![CDATA[A 16 red barn inspired placeable pack including a variety of sheds, 2 silos, work shop, windmill and all animals.
- CowBarn (500 cows)
Price: $ 100000
Daily upkeep $ 50 / day
Bale triggers for Straw and Hay, Automatic water supply

- Sheep Barn (75 Sheep)
Price: $ 50000
Daily upkeep $ 25 / day
Bale trigger for Hay and Grass, Automatic water supply

- Pig Barn (150 Pigs)
Price: $ 75000
Daily upkeep $ 25 / day
Bale triggers for Straw and Hay, Automatic water supply

- Chicken Barn (500 Chickens)
Price: $ 45000
Daily upkeep $ 15 / day

- BeeHive (2000 Litres/Day)
Price: $ 25000
Daily upkeep $ 15 / day

- Horse Barn (16 Horses)
Price: $ 65000
Daily upkeep $ 15 / day
Bale triggers for Straw and Hay, Automatic water supply

- 3 Bay Workshop
Price: $ 30000
Daily upkeep $ 15 / day
Automatic Lights

- Open Garage
Price: $ 50000
Daily upkeep $ 15 / day
Automatic Lights

- Drive Through Shed
Price: $ 35000
Daily upkeep $ 15 / day
Automatic Lights
(20m x 13m)

- Open Shed
Price: $ 15000
Daily upkeep $ 10 / day
Automatic Lights
(16m x 10m)

- Equipment/Bale Storage
Price: $ 25000
Daily upkeep $ 10 / day
Automatic Lights
(12m x 8m)

- Farm House
Price: $ 50000

- WindMill
Price: $ 50000
Daily upkeep $ 15 / day
incomePerHour = $ 120

- Small Barn With Silo
Price: $ 50000
Daily upkeep $ 25 / day
Capacity = 250000 L

- Big Barn With Silo
Price: $ 75000
Daily upkeep $ 25 / day
Capacity = 2000000.00 L

- Big Barn Storage Shed
Price: $ 50000
Daily upkeep $ 15 / day
Automatic Lights


Changelog 1.1.0.0:
-Added Window Glass
-Added HayLoft placeable
-Added Bale/Pallet storage  (open Shed and Bale Shed)
-Increase Sheep Food capacity to 50,000 L
-Remove foliage on cow barn
-Remove foliage on big silo
-increase infoTrigger size for beehive
-Added bale storage to cow barn
-Increased chicken capacity to 500
-Added Animated feeders and feed storage silo to chicken barn
-Increased cow capacity to 500
-Added Beehive Pallet Location placeable
-Fixed Issue with manure not spawning
-occluderMesh added for Performance improvements
-Increased RedBarn Silo capacity with seperated fill types
-Increased Small RedBarn Silo capacity with seperated fill types



Changelog 1.2.0.0:
- Removed Funky Uneeded Occlusion in one of the Red barns
- Altered light perameters for better performance
- Minor XML Fixes
]]></en>



<de><![CDATA[Ein von 16 roten Scheunen inspiriertes, platzierbares Spiel mit einer Vielzahl von Schuppen, 2 Silos, einer Werkstatt, einer Windmühle und allen Tieren.
- Kuhstall (150 Kühe)
Preis: 100000 €
Täglicher Unterhalt 50 € / Tag
Ballenauslöser für Stroh und Heu, automatische Wasserversorgung

- Schafstall (75 Schafe)
Preis: 50000 €
Täglicher Unterhalt 25 € / Tag
Ballenauslöser für Heu und Gras, automatische Wasserversorgung

- Schweinestall (150 Schweine)
Preis: 75000 €
Täglicher Unterhalt 25 € / Tag
Ballenauslöser für Stroh und Heu, automatische Wasserversorgung

- Hühnerstall (200 Hühner)
Preis: 45000 €
Täglicher Unterhalt 15 € / Tag

- Bienenstock (2000 Liter/Tag)
Preis: 25000 €
Täglicher Unterhalt 15 € / Tag

- Pferdestall (16 Pferde)
Preis: 65000 €
Täglicher Unterhalt 15 € / Tag
Ballenauslöser für Stroh und Heu, automatische Wasserversorgung

- 3-Feld-Werkstatt
Preis: 30000 €
Täglicher Unterhalt 15 € / Tag
Automatische Lichter

- Offene Garage
Preis: 50000 €
Täglicher Unterhalt 15 € / Tag
Automatische Lichter

- Drive Through Schuppen
Preis: 35000 €
Täglicher Unterhalt 15 € / Tag
Automatische Lichter
(20m x 13m)

- Offener Schuppen
Preis: 15000 €
Täglicher Unterhalt 10 € / Tag
Automatische Lichter
(16m x 10m)

- Ausrüstung/Ballenlagerung
Preis: 25000 €
Täglicher Unterhalt 10 € / Tag
Automatische Lichter
(12m x 8m)

- Farmhaus
Preis: 50000 €

- Windmühle
Preis: 50000 €
Täglicher Unterhalt 15 € / Tag
EinkommenProStunde = 120 €

- Kleine Scheune mit Silo
Preis: 50000 €
Täglicher Unterhalt 25 € / Tag
Fassungsvermögen = 250000 L

- Große Scheune mit Silo
Preis: 75000 €
Täglicher Unterhalt 25 € / Tag
Kapazität = 500000 L

- Große Scheune mit Lagerschuppen
Preis: 50000 €
Täglicher Unterhalt 15 € / Tag
Automatische Lichter

Changelog 1.1.0.0:
-Fensterglas hinzugefügt
-HayLoft platzierbar hinzugefügt
-Ballen-/Palettenlager hinzugefügt (offener Schuppen und Ballenschuppen)
-Erhöhen Sie die Schaffutterkapazität auf 50.000 l
-Laub am Kuhstall entfernt
-Laub auf großem Silo entfernt
-Info vergrößernTriggergröße für Bienenstock
-Ballenlager zum Kuhstall hinzugefügt
-Hühnerkapazität auf 350 erhöht
-Animierte Futterhäuschen und Futterlagersilo zum Hühnerstall hinzugefügt
-Kuhkapazität auf 500 erhöht
-Platzierung der Bienenstock-Paletten hinzugefügt
-Problem behoben, bei dem Gülle nicht spawnte
-occluderMesh zur Leistungsverbesserung hinzugefügt
-Erhöhte RedBarn-Silokapazität mit getrennten Fülltypen
-Erhöhte Kapazität des kleinen RedBarn-Silos mit getrennten Fülltypen




]]></de>



    </description>
    <iconFilename>icon_RedBarnPack.dds</iconFilename>
<l10n>
        <text name="BaleStorage"><en>Bale Storage</en><de>Ballenlagerung</de><fr>Stockage de balles</fr></text>
        <text name="RedBarnShed"><en>Red Barn Shed</en><de>RedBarnShed</de><fr>RougeGrangeHangar</fr></text>
		<text name="RedBarnSilo"><en>Red Barn With Silo</en><de>Rote Scheune mit Silo</de><fr>Grange rouge avec silo</fr></text>
		<text name="ChickenBarn"><en>ChickenBarn</en><de>Hühnerstall</de><fr>PouletGrange</fr></text>
		<text name="SmallRedBarnSilo"><en>Small Red Barn Silo</en><de>Kleines rotes Scheunensilo</de><fr>Petit silo de grange rouge</fr></text>
		<text name="SmallRedBarnSiloStorage"><en>Small Red Barn Silo With Storage</en><de>Kleines rotes Scheunensilo mit Lagerung</de><fr>Petit silo de grange rouge avec rangement</fr></text>
		<text name="DriveThroughShed"><en>Drive Through Shed</en><de>Fahren Sie durch den Schuppen</de><fr>Conduire à travers le hangar</fr></text>
		<text name="OpenShed"><en>Open Shed</en><de>Offener Schuppen</de><fr>Attaquant Schuppen</fr></text>
		<text name="3BayGarageWorkshop"><en>3 Bay Garage Workshop</en><de>Garagenwerkstatt mit 3 Buchten</de><fr>Atelier de garage à 3 baies</fr></text>
		<text name="action_openShutters"><en>Open Shutters</en><de>Rollläden öffnen</de><fr>Volets ouverts</fr></text>
		<text name="action_closeShutters"><en>Close Shutters</en><de>Fensterläden schließen</de><fr>Fermer les volets</fr></text>
		<text name="OpenGarage"><en>Open Garage</en><de>Offene Garage</de><fr>Garage ouvert</fr></text>
		<text name="action_openStrawBaleDoor"><en>Open Straw Bale Door</en><de>Öffnen Sie die Strohballentür</de><fr>Ouvrez la porte des balles de paille</fr></text>
		<text name="action_closeStrawBaleDoor"><en>Close Straw Bale Door</en><de>Schließen Sie die Strohballentür</de><fr>Fermer la porte des balles de paille</fr></text>
		<text name="OpenShedStorage"><en>Open Shed Storage</en><de>Offener Schuppenspeicher</de><fr>Entreposage de hangar ouvert</fr></text>
		<text name="action_LowerFeeders"><en>Lower Feeders</en><de>Offener Schuppenspeicher</de><fr>Entreposage de hangar ouvert</fr></text>
		<text name="action_RaiseFeeders"><en>Raise Feeders</en><de>Offener Schuppenspeicher</de><fr>Entreposage de hangar ouvert</fr></text>
		<text name="Beehive(132 Langstroth Hives)"><en>Beehive(132 Langstroth Hives)</en><de>Bienenstock (132 Langstroth Bienenstöcke)</de><fr>Ruche (132 ruches Langstroth)</fr></text>
		<text name="farmsilo_storage"><en>A Crop Silo With Bale Storage</en><de>Ein Getreidesilo mit Ballenspeicher</de><fr>Un silo de culture avec stockage de balles</fr></text>
		<text name="beeHivePalletSpawnLocation"><en>beeHive Pallet Spawn Location</en><de>BeeHive-Paletten-Spawn-Standort</de><fr>Lieu de frai de la palette beeHive</fr></text>


</l10n>

	<multiplayer supported="true"/>
    <storeItems>
        <storeItem xmlFilename="RedBarn.xml"/>
		<storeItem xmlFilename="RedBarn2.xml"/>
		<storeItem xmlFilename="smallredbarnsilo.xml"/>
		<storeItem xmlFilename="smallredbarnsiloStorage.xml"/>
		<storeItem xmlFilename="chickenBarn.xml"/>
		<storeItem xmlFilename="pigBarn.xml"/>
		<storeItem xmlFilename="sheepshed.xml"/>
		<storeItem xmlFilename="RedHorseBarn.xml"/>
		<storeItem xmlFilename="beeHive.xml"/>
		<storeItem xmlFilename="redcowbarn.xml"/>
		<storeItem xmlFilename="redbarnbalestorage.xml"/>
		<storeItem xmlFilename="redbarnbalepalletstorage.xml"/>
		<storeItem xmlFilename="drivethroughShed.xml"/>
		<storeItem xmlFilename="openShed.xml"/>
		<storeItem xmlFilename="openShedBalePalletStorage.xml"/>
		<storeItem xmlFilename="3baygarageworkshop.xml"/>
		<storeItem xmlFilename="farmHouse02.xml"/>
		<storeItem xmlFilename="windmill.xml"/>
		<storeItem xmlFilename="openGarage.xml"/>
		<storeItem xmlFilename="HayLoft.xml"/>
		<storeItem xmlFilename="Redbarn_HoneyPalletSpawner.xml"/>
	
		
		

    </storeItems>
	

	
	<placeableTypes>
        <type name="cowHusbandryManure" parent="baseHusbandry" filename="$dataS/scripts/placeables/Placeable.lua">
        <specialization name="husbandryWater" />
        <specialization name="husbandryMilk" />
        <specialization name="husbandryStraw" />
        <specialization name="husbandryLiquidManure" />
        <specialization name="manureHeap" />
		<specialization name="objectStorage" />
        </type>
		
		<type name="siloStorage" parent="simplePlaceable" filename="$dataS/scripts/placeables/Placeable.lua">
		<specialization name="silo" />
        <specialization name="infoTrigger" />
		<specialization name="objectStorage" />
		
		</type>
		
	
    </placeableTypes>
</modDesc>
