<?xml version="1.0" encoding="utf-8" standalone="no" ?>
<placeable type="simplePlaceable" xmlns:xsi="http://www.w3.org/2001/XMLSchema-instance" xsi:noNamespaceSchemaLocation="../../../../shared/xml/schema/placeable.xsd">
    <storeData>
        <name>$l10n_OpenGarage</name>
        <functions>
            <function>$l10n_function_garage</function>
        </functions>
        <image>store_opengarage.dds</image>
        <price>50000</price>
        <dailyUpkeep>15</dailyUpkeep>
        <lifetime>1000</lifetime>
        <rotation>0</rotation>
        <brand>NONE</brand>
        <species>placeable</species>
        <category>sheds</category>
        <canBeSold>true</canBeSold>
        <showInStore>true</showInStore>
     
        <vertexBufferMemoryUsage>1012992</vertexBufferMemoryUsage>
        <indexBufferMemoryUsage>127232</indexBufferMemoryUsage>
        <textureMemoryUsage>7012352</textureMemoryUsage>
        <audioMemoryUsage>0</audioMemoryUsage>
        <instanceVertexBufferMemoryUsage>0</instanceVertexBufferMemoryUsage>
        <instanceIndexBufferMemoryUsage>0</instanceIndexBufferMemoryUsage>
    </storeData>

    <base>
        <filename>Open_Garage.i3d</filename>
        <canBeRenamed>true</canBeRenamed>
		<boughtWithFarmland>true</boughtWithFarmland>
    </base>

    <placement useRandomYRotation="false" useManualYRotation="true">
        <testAreas>
            <testArea startNode="testArea1Start" endNode="testArea1End" />
        </testAreas>

        <sounds>
            <place template="smallImp" />
        </sounds>
    </placement>

    <clearAreas>
        <clearArea startNode="clearArea01Start" widthNode="clearArea01Width" heightNode="clearArea01Height"/>
    </clearAreas>

    <leveling requireLeveling="true" maxSmoothDistance="5" maxSlope="75" maxEdgeAngle="30">
        <levelAreas>
            <levelArea startNode="levelingArea01Start" widthNode="levelingArea01Width" heightNode="levelingArea01Height" groundType="gravel"/>
        </levelAreas>
    </leveling>

    <indoorAreas>
        <indoorArea startNode="indoorArea01Start" widthNode="indoorArea01Width" heightNode="indoorArea01Height"/>
    </indoorAreas>

    <tipOcclusionUpdateAreas>
        <tipOcclusionUpdateArea startNode="tipOcclusionUpdateArea1Start" endNode="tipOcclusionUpdateArea1End" />
    </tipOcclusionUpdateAreas>

    <ai>
        <updateAreas>
            <updateArea startNode="tipOcclusionUpdateArea1Start" endNode="tipOcclusionUpdateArea1End" />
        </updateAreas>
    </ai>

    <dynamicallyLoadedParts>
        <dynamicallyLoadedPart node="0" linkNode="powerSwitch01"   filename="$data/shared/assets/lights/rudolfHormann/powerSwitch.i3d" />
        
    </dynamicallyLoadedParts>

    <lights>
        <sharedLight filename="$data/shared/assets/lights/terraLed/fluorescentTube50W.xml" linkNode="lightNode01" groupIndex="1">
            <rotationNode name="rotationNode01" rotation="0 0 -15" />
        </sharedLight>
        <sharedLight filename="$data/shared/assets/lights/terraLed/fluorescentTube50W.xml" linkNode="lightNode02" groupIndex="1">
            <rotationNode name="rotationNode01" rotation="0 0 15" />
        </sharedLight>
      

        <realLights>
   
            <high>
                <light node="realLightsHigh" groupIndex="1"/>
            </high>
        </realLights>

        <group name="$l10n_action_placeableLightShed" triggerNode="LightTrigger">
            <sounds>
                <toggle template="lizardFloodLight" innerRadius="50" outerRadius="100" volumeScale="0.2"/>
            </sounds>
        </group>
    </lights>

    <animatedObjects>
         <animatedObject saveId="Double_Door" >
            <animation duration="2.5">
                <part node="Door_Right">
                    <keyFrame time="0.1" rotation="0 0 0"/>
                    <keyFrame time="1.0" rotation="0 90 0"/>
                </part>
				<part node="Door_Left">
                    <keyFrame time="0.1" rotation="0 0 0"/>
                    <keyFrame time="1.0" rotation="0 -90 0"/>
                </part>
				<part node="Door_Handle_Left">
                    <keyFrame time="0.0" rotation="0 0 0"/>
                    <keyFrame time="0.1" rotation="70 0 0"/>
					<keyFrame time="0.2" rotation="0 0 0"/>
                </part>
				<part node="Door_Handle_Right">
                    <keyFrame time="0.0" rotation="0 0 0"/>
                    <keyFrame time="0.1" rotation="-70 0 0"/>
					<keyFrame time="0.2" rotation="0 0 0"/>
                </part>
			
                
            </animation>
            <controls triggerNode="Door_Trigger" posAction="ACTIVATE_HANDTOOL" posText="action_openDoor" negText="action_closeDoor" />
            <sounds>
                <moving linkNode="DoorSoundTrigger" template="metalDoorsLoop"/>
                <posEnd linkNode="DoorSoundTrigger" template="metalDoorsOpen" />
                <negEnd linkNode="DoorSoundTrigger" template="metalDoorsClose" />
            </sounds>
        </animatedObject>

    </animatedObjects>



<i3dMappings>
  <i3dMapping id="Open_Garage" node="0>" />
  <i3dMapping id="Areas" node="0>0" />
  <i3dMapping id="clearAreas" node="0>0|0" />
  <i3dMapping id="clearArea01Start" node="0>0|0|0" />
  <i3dMapping id="clearArea01Height" node="0>0|0|0|0" />
  <i3dMapping id="clearArea01Width" node="0>0|0|0|1" />
  <i3dMapping id="indoorAreas" node="0>0|1" />
  <i3dMapping id="indoorArea01Start" node="0>0|1|0" />
  <i3dMapping id="indoorArea01Height" node="0>0|1|0|0" />
  <i3dMapping id="indoorArea01Width" node="0>0|1|0|1" />
  <i3dMapping id="levelingAreas" node="0>0|2" />
  <i3dMapping id="levelingArea01Start" node="0>0|2|0" />
  <i3dMapping id="levelingArea01Height" node="0>0|2|0|0" />
  <i3dMapping id="levelingArea01Width" node="0>0|2|0|1" />
  <i3dMapping id="testAreas" node="0>0|3" />
  <i3dMapping id="testArea1Start" node="0>0|3|0" />
  <i3dMapping id="testArea1End" node="0>0|3|0|0" />
  <i3dMapping id="tipOcclusionUpdateAreas" node="0>0|4" />
  <i3dMapping id="tipOcclusionUpdateArea1Start" node="0>0|4|0" />
  <i3dMapping id="tipOcclusionUpdateArea1End" node="0>0|4|0|0" />
  <i3dMapping id="Doors" node="0>1" />
  <i3dMapping id="DoorSoundTrigger" node="0>1|0" />
  <i3dMapping id="Door_Frame" node="0>1|1" />
  <i3dMapping id="Door_Left" node="0>1|2" />
  <i3dMapping id="Door_Handle_Left" node="0>1|2|0" />
  <i3dMapping id="Door_Right" node="0>1|3" />
  <i3dMapping id="Door_Handle_Right" node="0>1|3|0" />
  <i3dMapping id="Door_Trigger" node="0>1|4" />
  <i3dMapping id="Lights" node="0>2" />
  <i3dMapping id="LightTrigger" node="0>2|0" />
  <i3dMapping id="lightNode01" node="0>2|1" />
  <i3dMapping id="lightNode02" node="0>2|2" />
  <i3dMapping id="powerSwitch01" node="0>2|3" />
  <i3dMapping id="realLights_0" node="0>2|4" />
  <i3dMapping id="realLightsHigh" node="0>2|4|0" />
  <i3dMapping id="realLightsHigh01" node="0>2|4|0|0" />
  <i3dMapping id="realLightsHigh02" node="0>2|4|0|1" />
  <i3dMapping id="Imported_Lamps" node="0>2|5" />
  <i3dMapping id="Outdoor_lights" node="0>2|5|0" />
  <i3dMapping id="warehouseWallLamp_0" node="0>2|5|0|0" />
  <i3dMapping id="warehouseWallLampWire_0" node="0>2|5|0|0|0" />
  <i3dMapping id="bulbUnlit_0" node="0>2|5|0|0|1" />
  <i3dMapping id="illum_0" node="0>2|5|0|0|2" />
  <i3dMapping id="selfLit_0" node="0>2|5|0|0|2|0" />
  <i3dMapping id="warehouseWallLampWireLit_0" node="0>2|5|0|0|2|0|0" />
  <i3dMapping id="warehouseWallLampInnerLit_0" node="0>2|5|0|0|2|0|1" />
  <i3dMapping id="bulbLit_0" node="0>2|5|0|0|2|0|2" />
  <i3dMapping id="realLights_1" node="0>2|5|0|0|2|1" />
  <i3dMapping id="spotLight_0" node="0>2|5|0|0|2|1|0" />
  <i3dMapping id="warehouseWallLamp_1" node="0>2|5|0|1" />
  <i3dMapping id="warehouseWallLampWire_1" node="0>2|5|0|1|0" />
  <i3dMapping id="bulbUnlit_1" node="0>2|5|0|1|1" />
  <i3dMapping id="illum_1" node="0>2|5|0|1|2" />
  <i3dMapping id="selfLit_1" node="0>2|5|0|1|2|0" />
  <i3dMapping id="warehouseWallLampWireLit_1" node="0>2|5|0|1|2|0|0" />
  <i3dMapping id="warehouseWallLampInnerLit_1" node="0>2|5|0|1|2|0|1" />
  <i3dMapping id="bulbLit_1" node="0>2|5|0|1|2|0|2" />
  <i3dMapping id="realLights_2" node="0>2|5|0|1|2|1" />
  <i3dMapping id="spotLight_1" node="0>2|5|0|1|2|1|0" />
  <i3dMapping id="warehouseWallLamp_2" node="0>2|5|0|2" />
  <i3dMapping id="warehouseWallLampWire_2" node="0>2|5|0|2|0" />
  <i3dMapping id="bulbUnlit_2" node="0>2|5|0|2|1" />
  <i3dMapping id="illum_2" node="0>2|5|0|2|2" />
  <i3dMapping id="selfLit_2" node="0>2|5|0|2|2|0" />
  <i3dMapping id="warehouseWallLampWireLit_2" node="0>2|5|0|2|2|0|0" />
  <i3dMapping id="warehouseWallLampInnerLit_2" node="0>2|5|0|2|2|0|1" />
  <i3dMapping id="bulbLit_2" node="0>2|5|0|2|2|0|2" />
  <i3dMapping id="realLights_3" node="0>2|5|0|2|2|1" />
  <i3dMapping id="spotLight_2" node="0>2|5|0|2|2|1|0" />
  <i3dMapping id="warehouseWallLamp_3" node="0>2|5|0|3" />
  <i3dMapping id="warehouseWallLampWire_3" node="0>2|5|0|3|0" />
  <i3dMapping id="bulbUnlit_3" node="0>2|5|0|3|1" />
  <i3dMapping id="illum_3" node="0>2|5|0|3|2" />
  <i3dMapping id="selfLit_3" node="0>2|5|0|3|2|0" />
  <i3dMapping id="warehouseWallLampWireLit_3" node="0>2|5|0|3|2|0|0" />
  <i3dMapping id="warehouseWallLampInnerLit_3" node="0>2|5|0|3|2|0|1" />
  <i3dMapping id="bulbLit_3" node="0>2|5|0|3|2|0|2" />
  <i3dMapping id="realLights_4" node="0>2|5|0|3|2|1" />
  <i3dMapping id="spotLight_3" node="0>2|5|0|3|2|1|0" />
  <i3dMapping id="InsideLights" node="0>2|5|1" />
  <i3dMapping id="Row_01" node="0>2|5|1|0" />
  <i3dMapping id="ceilingLamp02_0" node="0>2|5|1|0|0" />
  <i3dMapping id="ceilingLampCable_0" node="0>2|5|1|0|0|0" />
  <i3dMapping id="Illum_0" node="0>2|5|1|0|0|1" />
  <i3dMapping id="selfLit_4" node="0>2|5|1|0|0|1|0" />
  <i3dMapping id="ceilingLampInnerLit_0" node="0>2|5|1|0|0|1|0|0" />
  <i3dMapping id="bulblit_0" node="0>2|5|1|0|0|1|0|1" />
  <i3dMapping id="realLights_5" node="0>2|5|1|0|0|1|1" />
  <i3dMapping id="spotLight01_0" node="0>2|5|1|0|0|1|1|0" />
  <i3dMapping id="ceilingLamp02_1" node="0>2|5|1|0|1" />
  <i3dMapping id="ceilingLampCable_1" node="0>2|5|1|0|1|0" />
  <i3dMapping id="Illum_1" node="0>2|5|1|0|1|1" />
  <i3dMapping id="selfLit_5" node="0>2|5|1|0|1|1|0" />
  <i3dMapping id="ceilingLampInnerLit_1" node="0>2|5|1|0|1|1|0|0" />
  <i3dMapping id="bulblit_1" node="0>2|5|1|0|1|1|0|1" />
  <i3dMapping id="realLights_6" node="0>2|5|1|0|1|1|1" />
  <i3dMapping id="spotLight01_1" node="0>2|5|1|0|1|1|1|0" />
  <i3dMapping id="ceilingLamp02_2" node="0>2|5|1|0|2" />
  <i3dMapping id="ceilingLampCable_2" node="0>2|5|1|0|2|0" />
  <i3dMapping id="Illum_2" node="0>2|5|1|0|2|1" />
  <i3dMapping id="selfLit_6" node="0>2|5|1|0|2|1|0" />
  <i3dMapping id="ceilingLampInnerLit_2" node="0>2|5|1|0|2|1|0|0" />
  <i3dMapping id="bulblit_2" node="0>2|5|1|0|2|1|0|1" />
  <i3dMapping id="realLights_7" node="0>2|5|1|0|2|1|1" />
  <i3dMapping id="spotLight01_2" node="0>2|5|1|0|2|1|1|0" />
  <i3dMapping id="Row_02" node="0>2|5|1|1" />
  <i3dMapping id="ceilingLamp02_3" node="0>2|5|1|1|0" />
  <i3dMapping id="ceilingLampCable_3" node="0>2|5|1|1|0|0" />
  <i3dMapping id="Illum_3" node="0>2|5|1|1|0|1" />
  <i3dMapping id="selfLit_7" node="0>2|5|1|1|0|1|0" />
  <i3dMapping id="ceilingLampInnerLit_3" node="0>2|5|1|1|0|1|0|0" />
  <i3dMapping id="bulblit_3" node="0>2|5|1|1|0|1|0|1" />
  <i3dMapping id="realLights_8" node="0>2|5|1|1|0|1|1" />
  <i3dMapping id="spotLight01_3" node="0>2|5|1|1|0|1|1|0" />
  <i3dMapping id="ceilingLamp02_4" node="0>2|5|1|1|1" />
  <i3dMapping id="ceilingLampCable_4" node="0>2|5|1|1|1|0" />
  <i3dMapping id="Illum_4" node="0>2|5|1|1|1|1" />
  <i3dMapping id="selfLit_8" node="0>2|5|1|1|1|1|0" />
  <i3dMapping id="ceilingLampInnerLit_4" node="0>2|5|1|1|1|1|0|0" />
  <i3dMapping id="bulblit_4" node="0>2|5|1|1|1|1|0|1" />
  <i3dMapping id="realLights_9" node="0>2|5|1|1|1|1|1" />
  <i3dMapping id="spotLight01_4" node="0>2|5|1|1|1|1|1|0" />
  <i3dMapping id="Row_03" node="0>2|5|1|2" />
  <i3dMapping id="ceilingLamp02_5" node="0>2|5|1|2|0" />
  <i3dMapping id="ceilingLampCable_5" node="0>2|5|1|2|0|0" />
  <i3dMapping id="Illum_5" node="0>2|5|1|2|0|1" />
  <i3dMapping id="selfLit_9" node="0>2|5|1|2|0|1|0" />
  <i3dMapping id="ceilingLampInnerLit_5" node="0>2|5|1|2|0|1|0|0" />
  <i3dMapping id="bulblit_5" node="0>2|5|1|2|0|1|0|1" />
  <i3dMapping id="realLights_10" node="0>2|5|1|2|0|1|1" />
  <i3dMapping id="spotLight01_5" node="0>2|5|1|2|0|1|1|0" />
  <i3dMapping id="ceilingLamp02_6" node="0>2|5|1|2|1" />
  <i3dMapping id="ceilingLampCable_6" node="0>2|5|1|2|1|0" />
  <i3dMapping id="Illum_6" node="0>2|5|1|2|1|1" />
  <i3dMapping id="selfLit_10" node="0>2|5|1|2|1|1|0" />
  <i3dMapping id="ceilingLampInnerLit_6" node="0>2|5|1|2|1|1|0|0" />
  <i3dMapping id="bulblit_6" node="0>2|5|1|2|1|1|0|1" />
  <i3dMapping id="realLights_11" node="0>2|5|1|2|1|1|1" />
  <i3dMapping id="spotLight01_6" node="0>2|5|1|2|1|1|1|0" />
  <i3dMapping id="Row_04" node="0>2|5|1|3" />
  <i3dMapping id="ceilingLamp02_7" node="0>2|5|1|3|0" />
  <i3dMapping id="ceilingLampCable_7" node="0>2|5|1|3|0|0" />
  <i3dMapping id="Illum_7" node="0>2|5|1|3|0|1" />
  <i3dMapping id="selfLit_11" node="0>2|5|1|3|0|1|0" />
  <i3dMapping id="ceilingLampInnerLit_7" node="0>2|5|1|3|0|1|0|0" />
  <i3dMapping id="bulblit_7" node="0>2|5|1|3|0|1|0|1" />
  <i3dMapping id="realLights_12" node="0>2|5|1|3|0|1|1" />
  <i3dMapping id="spotLight01_7" node="0>2|5|1|3|0|1|1|0" />
  <i3dMapping id="ceilingLamp02_8" node="0>2|5|1|3|1" />
  <i3dMapping id="ceilingLampCable_8" node="0>2|5|1|3|1|0" />
  <i3dMapping id="Illum_8" node="0>2|5|1|3|1|1" />
  <i3dMapping id="selfLit_12" node="0>2|5|1|3|1|1|0" />
  <i3dMapping id="ceilingLampInnerLit_8" node="0>2|5|1|3|1|1|0|0" />
  <i3dMapping id="bulblit_8" node="0>2|5|1|3|1|1|0|1" />
  <i3dMapping id="realLights_13" node="0>2|5|1|3|1|1|1" />
  <i3dMapping id="spotLight01_8" node="0>2|5|1|3|1|1|1|0" />
  <i3dMapping id="ceilingLamp02_9" node="0>2|5|1|4" />
  <i3dMapping id="ceilingLampCable_9" node="0>2|5|1|4|0" />
  <i3dMapping id="Illum_9" node="0>2|5|1|4|1" />
  <i3dMapping id="selfLit_13" node="0>2|5|1|4|1|0" />
  <i3dMapping id="ceilingLampInnerLit_9" node="0>2|5|1|4|1|0|0" />
  <i3dMapping id="bulblit_9" node="0>2|5|1|4|1|0|1" />
  <i3dMapping id="realLights_14" node="0>2|5|1|4|1|1" />
  <i3dMapping id="spotLight01_9" node="0>2|5|1|4|1|1|0" />
  <i3dMapping id="ceilingLamp02_10" node="0>2|5|1|5" />
  <i3dMapping id="ceilingLampCable_10" node="0>2|5|1|5|0" />
  <i3dMapping id="Illum_10" node="0>2|5|1|5|1" />
  <i3dMapping id="selfLit_14" node="0>2|5|1|5|1|0" />
  <i3dMapping id="ceilingLampInnerLit_10" node="0>2|5|1|5|1|0|0" />
  <i3dMapping id="bulblit_10" node="0>2|5|1|5|1|0|1" />
  <i3dMapping id="realLights_15" node="0>2|5|1|5|1|1" />
  <i3dMapping id="spotLight01_10" node="0>2|5|1|5|1|1|0" />
  <i3dMapping id="ceilingLamp02_11" node="0>2|5|1|6" />
  <i3dMapping id="ceilingLampCable_11" node="0>2|5|1|6|0" />
  <i3dMapping id="Illum_11" node="0>2|5|1|6|1" />
  <i3dMapping id="selfLit_15" node="0>2|5|1|6|1|0" />
  <i3dMapping id="ceilingLampInnerLit_11" node="0>2|5|1|6|1|0|0" />
  <i3dMapping id="bulblit_11" node="0>2|5|1|6|1|0|1" />
  <i3dMapping id="realLights_16" node="0>2|5|1|6|1|1" />
  <i3dMapping id="spotLight01_11" node="0>2|5|1|6|1|1|0" />
  <i3dMapping id="ceilingLamp02_12" node="0>2|5|1|7" />
  <i3dMapping id="ceilingLampCable_12" node="0>2|5|1|7|0" />
  <i3dMapping id="Illum_12" node="0>2|5|1|7|1" />
  <i3dMapping id="selfLit_16" node="0>2|5|1|7|1|0" />
  <i3dMapping id="ceilingLampInnerLit_12" node="0>2|5|1|7|1|0|0" />
  <i3dMapping id="bulblit_12" node="0>2|5|1|7|1|0|1" />
  <i3dMapping id="realLights_17" node="0>2|5|1|7|1|1" />
  <i3dMapping id="spotLight01_12" node="0>2|5|1|7|1|1|0" />
  <i3dMapping id="Visual" node="0>3" />
  <i3dMapping id="Door_Step" node="0>3|0" />
  <i3dMapping id="EavesTrough" node="0>3|1" />
  <i3dMapping id="InsideWall_Plywood" node="0>3|2" />
  <i3dMapping id="PlyWood_InnerRoof" node="0>3|3" />
  <i3dMapping id="Roofing" node="0>3|4" />
  <i3dMapping id="Shed" node="0>3|5" />
  <i3dMapping id="Structure" node="0>3|6" />
  <i3dMapping id="Pole_Collisions" node="0>3|6|0" />
  <i3dMapping id="Windows" node="0>3|7" />
  <i3dMapping id="Window01" node="0>3|7|0" />
  <i3dMapping id="Window02" node="0>3|7|1" />
  <i3dMapping id="Window03" node="0>3|7|2" />
  <i3dMapping id="Window04" node="0>3|7|3" />
  <i3dMapping id="Window05" node="0>3|7|4" />
  <i3dMapping id="Window06" node="0>3|7|5" />
  <i3dMapping id="Window07" node="0>3|7|6" />
  <i3dMapping id="Window08" node="0>3|7|7" />
  <i3dMapping id="Window09" node="0>3|7|8" />
  <i3dMapping id="Window10" node="0>3|7|9" />
  <i3dMapping id="Window11" node="0>3|7|10" />
  <i3dMapping id="OccluderMeshOpenGarage" node="0>3|8" />
  <i3dMapping id="occluderMeshInside" node="0>3|8|0" />
  <i3dMapping id="occluderMeshOutside" node="0>3|8|1" />
  <i3dMapping id="occluderMeshWindowWallInside" node="0>3|8|2" />
  <i3dMapping id="occluderMeshWindowWallOutside" node="0>3|8|3" />
</i3dMappings>
</placeable>
