<?xml version="1.0" encoding="utf-8" standalone="no" ?>
<placeable type="objectStorage" xmlns:xsi="http://www.w3.org/2001/XMLSchema-instance" xsi:noNamespaceSchemaLocation="../../../../shared/xml/schema/placeable.xsd">
    <storeData>
        <name>$l10n_OpenShedStorage</name>
        <functions>
            <function>$l10n_function_garage</function>
        </functions>
        <image>store_openshed.dds</image>
        <price>15000</price>
        <dailyUpkeep>10</dailyUpkeep>
        <lifetime>1000</lifetime>
        <rotation>0</rotation>
        <brand>NONE</brand>
        <species>placeable</species>
        <category>sheds</category>
        <brush>
            <type>placeable</type>
            <category>buildings</category>
            <tab>silos</tab>
        </brush>

        <vertexBufferMemoryUsage>393728</vertexBufferMemoryUsage>
        <indexBufferMemoryUsage>51200</indexBufferMemoryUsage>
        <textureMemoryUsage>4849664</textureMemoryUsage>
        <audioMemoryUsage>0</audioMemoryUsage>
        <instanceVertexBufferMemoryUsage>0</instanceVertexBufferMemoryUsage>
        <instanceIndexBufferMemoryUsage>0</instanceIndexBufferMemoryUsage>
    </storeData>

    <base>
        <filename>OpenShed.i3d</filename>
        <canBeRenamed>true</canBeRenamed>
		<boughtWithFarmland>true</boughtWithFarmland>
    </base>

    <placement useRandomYRotation="false" useManualYRotation="true" >
        <testAreas>
            <testArea startNode="testArea1Start" endNode="testArea1End" />
        </testAreas>

        <sounds>
            <place template="medImp" />
        </sounds>
    </placement>

    <clearAreas>
        <clearArea startNode="clearArea01Start" widthNode="clearArea01Width" heightNode="clearArea01Height"/>
    </clearAreas>

    <leveling requireLeveling="true" maxSmoothDistance="10" maxSlope="75" maxEdgeAngle="30">
        <levelAreas>
            <levelArea startNode="levelingArea01Start" widthNode="levelingArea01Width" heightNode="levelingArea01Height" groundType="gravel"/>
        </levelAreas>
    </leveling>

    <indoorAreas>
        <indoorArea startNode="indoorArea01Start" widthNode="indoorArea01Width" heightNode="indoorArea01Height" />
    </indoorAreas>

    <tipOcclusionUpdateAreas>
        <tipOcclusionUpdateArea startNode="tipOcclusionUpdateArea1Start" endNode="tipOcclusionUpdateArea1End" />
    </tipOcclusionUpdateAreas>

    <ai>
        <updateAreas>
            <updateArea startNode="tipOcclusionUpdateArea1Start" endNode="tipOcclusionUpdateArea1End" />
        </updateAreas>
    </ai>
	
	<triggerMarkers>

        <triggerMarker node="playerTriggerMarker" filename="$data/shared/assets/marker/markerIcons.xml" id="LOAD"   adjustToGround="true" />
        <triggerMarker node="objectTriggerMarker" filename="$data/shared/assets/marker/markerIcons.xml" id="UNLOAD" adjustToGround="true" />
    </triggerMarkers>
	
	<hotspots>
        <hotspot type="UNLOADING" linkNode="hotspotMarker" teleportNode="teleportNode"/>
    </hotspots>

    <infoTrigger triggerNode="infoTrigger"/>
	
	<objectStorage supportsBales="true" supportsPallets="true" maxLength="8.5" maxWidth="6" maxHeight="3.5" capacity="300">
        <playerTrigger node="playerTrigger" />
        <objectTrigger node="objectTrigger" />
        <spawnAreas>
            <spawnArea startNode="spawnArea1Start" endNode="spawnArea1End"/>
        </spawnAreas>
        <storageAreas>
            <storageArea startNode="storageArea1Start" endNode="storageArea1End"/>
			
        </storageAreas>
    </objectStorage>

    <pointOfInterest>
        <point triggerNode="objectTrigger" text="$l10n_poi_objectStorageUnload" showOwner="true"  showEveryone="false"/>
        <point triggerNode="playerTrigger" text="$l10n_poi_objectStorageLoad"   showOwner="true"  showEveryone="false" />
    </pointOfInterest>
	
	<dynamicallyLoadedParts>
        <dynamicallyLoadedPart node="0" linkNode="OpenShed_BaleStorageGate_node" filename="Props/OpenShed_BaleStorageGate.i3d"/>
		
    </dynamicallyLoadedParts>

<i3dMappings>
  <i3dMapping id="Sheep_Shed" node="0>" />
  <i3dMapping id="hotspotMarker" node="0>0" />
  <i3dMapping id="Areas" node="0>1" />
  <i3dMapping id="clearAreas" node="0>1|0" />
  <i3dMapping id="clearArea01Start" node="0>1|0|0" />
  <i3dMapping id="clearArea01Height" node="0>1|0|0|0" />
  <i3dMapping id="clearArea01Width" node="0>1|0|0|1" />
  <i3dMapping id="indoorAreas" node="0>1|1" />
  <i3dMapping id="indoorArea01Start" node="0>1|1|0" />
  <i3dMapping id="indoorArea01Height" node="0>1|1|0|0" />
  <i3dMapping id="indoorArea01Width" node="0>1|1|0|1" />
  <i3dMapping id="levelingAreas" node="0>1|2" />
  <i3dMapping id="levelingArea01Start" node="0>1|2|0" />
  <i3dMapping id="levelingArea01Height" node="0>1|2|0|0" />
  <i3dMapping id="levelingArea01Width" node="0>1|2|0|1" />
  <i3dMapping id="testAreas" node="0>1|3" />
  <i3dMapping id="testArea1Start" node="0>1|3|0" />
  <i3dMapping id="testArea1End" node="0>1|3|0|0" />
  <i3dMapping id="tipOcclusionUpdateAreas" node="0>1|4" />
  <i3dMapping id="tipOcclusionUpdateArea1Start" node="0>1|4|0" />
  <i3dMapping id="tipOcclusionUpdateArea1End" node="0>1|4|0|0" />
  <i3dMapping id="EavesTrough" node="0>2" />
  <i3dMapping id="Foundatio_Walls" node="0>3" />
  <i3dMapping id="Insideroof" node="0>4" />
  <i3dMapping id="Structure" node="0>5" />
  <i3dMapping id="Structure_Collision" node="0>5|0" />
  <i3dMapping id="Shed" node="0>6" />
  <i3dMapping id="Lights_0" node="0>7" />
  <i3dMapping id="ceilingLamp02_0" node="0>7|0" />
  <i3dMapping id="ceilingLampCable_0" node="0>7|0|0" />
  <i3dMapping id="Illum_0" node="0>7|0|1" />
  <i3dMapping id="selfLit_0" node="0>7|0|1|0" />
  <i3dMapping id="ceilingLampInnerLit_0" node="0>7|0|1|0|0" />
  <i3dMapping id="bulblit_0" node="0>7|0|1|0|1" />
  <i3dMapping id="realLights_0" node="0>7|0|1|1" />
  <i3dMapping id="spotLight01_0" node="0>7|0|1|1|0" />
  <i3dMapping id="ceilingLamp02_1" node="0>7|1" />
  <i3dMapping id="ceilingLampCable_1" node="0>7|1|0" />
  <i3dMapping id="Illum_1" node="0>7|1|1" />
  <i3dMapping id="selfLit_1" node="0>7|1|1|0" />
  <i3dMapping id="ceilingLampInnerLit_1" node="0>7|1|1|0|0" />
  <i3dMapping id="bulblit_1" node="0>7|1|1|0|1" />
  <i3dMapping id="realLights_1" node="0>7|1|1|1" />
  <i3dMapping id="spotLight01_1" node="0>7|1|1|1|0" />
  <i3dMapping id="ceilingLamp02_2" node="0>7|2" />
  <i3dMapping id="ceilingLampCable_2" node="0>7|2|0" />
  <i3dMapping id="Illum_2" node="0>7|2|1" />
  <i3dMapping id="selfLit_2" node="0>7|2|1|0" />
  <i3dMapping id="ceilingLampInnerLit_2" node="0>7|2|1|0|0" />
  <i3dMapping id="bulblit_2" node="0>7|2|1|0|1" />
  <i3dMapping id="realLights_2" node="0>7|2|1|1" />
  <i3dMapping id="spotLight01_2" node="0>7|2|1|1|0" />
  <i3dMapping id="ceilingLamp02_3" node="0>7|3" />
  <i3dMapping id="ceilingLampCable_3" node="0>7|3|0" />
  <i3dMapping id="Illum_3" node="0>7|3|1" />
  <i3dMapping id="selfLit_3" node="0>7|3|1|0" />
  <i3dMapping id="ceilingLampInnerLit_3" node="0>7|3|1|0|0" />
  <i3dMapping id="bulblit_3" node="0>7|3|1|0|1" />
  <i3dMapping id="realLights_3" node="0>7|3|1|1" />
  <i3dMapping id="spotLight01_3" node="0>7|3|1|1|0" />
  <i3dMapping id="Lights_1" node="0>8" />
  <i3dMapping id="ceilingLamp02_4" node="0>8|0" />
  <i3dMapping id="ceilingLampCable_4" node="0>8|0|0" />
  <i3dMapping id="Illum_4" node="0>8|0|1" />
  <i3dMapping id="selfLit_4" node="0>8|0|1|0" />
  <i3dMapping id="ceilingLampInnerLit_4" node="0>8|0|1|0|0" />
  <i3dMapping id="bulblit_4" node="0>8|0|1|0|1" />
  <i3dMapping id="realLights_4" node="0>8|0|1|1" />
  <i3dMapping id="spotLight01_4" node="0>8|0|1|1|0" />
  <i3dMapping id="ceilingLamp02_5" node="0>8|1" />
  <i3dMapping id="ceilingLampCable_5" node="0>8|1|0" />
  <i3dMapping id="Illum_5" node="0>8|1|1" />
  <i3dMapping id="selfLit_5" node="0>8|1|1|0" />
  <i3dMapping id="ceilingLampInnerLit_5" node="0>8|1|1|0|0" />
  <i3dMapping id="bulblit_5" node="0>8|1|1|0|1" />
  <i3dMapping id="realLights_5" node="0>8|1|1|1" />
  <i3dMapping id="spotLight01_5" node="0>8|1|1|1|0" />
  <i3dMapping id="ceilingLamp02_6" node="0>8|2" />
  <i3dMapping id="ceilingLampCable_6" node="0>8|2|0" />
  <i3dMapping id="Illum_6" node="0>8|2|1" />
  <i3dMapping id="selfLit_6" node="0>8|2|1|0" />
  <i3dMapping id="ceilingLampInnerLit_6" node="0>8|2|1|0|0" />
  <i3dMapping id="bulblit_6" node="0>8|2|1|0|1" />
  <i3dMapping id="realLights_6" node="0>8|2|1|1" />
  <i3dMapping id="spotLight01_6" node="0>8|2|1|1|0" />
  <i3dMapping id="ceilingLamp02_7" node="0>8|3" />
  <i3dMapping id="ceilingLampCable_7" node="0>8|3|0" />
  <i3dMapping id="Illum_7" node="0>8|3|1" />
  <i3dMapping id="selfLit_7" node="0>8|3|1|0" />
  <i3dMapping id="ceilingLampInnerLit_7" node="0>8|3|1|0|0" />
  <i3dMapping id="bulblit_7" node="0>8|3|1|0|1" />
  <i3dMapping id="realLights_7" node="0>8|3|1|1" />
  <i3dMapping id="spotLight01_7" node="0>8|3|1|1|0" />
  <i3dMapping id="Windows" node="0>9" />
  <i3dMapping id="Window" node="0>9|0" />
  <i3dMapping id="objectStorage" node="0>10" />
  <i3dMapping id="areas" node="0>10|0" />
  <i3dMapping id="spawnArea1Start" node="0>10|0|0" />
  <i3dMapping id="spawnArea1End" node="0>10|0|0|0" />
  <i3dMapping id="storageArea1Start" node="0>10|0|1" />
  <i3dMapping id="storageArea1End" node="0>10|0|1|0" />
  <i3dMapping id="objectTrigger" node="0>10|1" />
  <i3dMapping id="objectTriggerMarker" node="0>10|1|0" />
  <i3dMapping id="playerTrigger" node="0>10|2" />
  <i3dMapping id="playerTriggerMarker" node="0>10|2|0" />
  <i3dMapping id="infoTrigger" node="0>10|3" />
  <i3dMapping id="OpenShed_BaleStorageGate_node" node="0>11" />
  <i3dMapping id="teleportNode" node="0>12" />
  <i3dMapping id="OccluderMeshShepShed" node="0>13" />
  <i3dMapping id="occluderMeshInside" node="0>13|0" />
  <i3dMapping id="occluderMeshOutside" node="0>13|1" />
</i3dMappings>
</placeable>