<?xml version="1.0" encoding="utf-8" standalone="no" ?>
<placeable type="pigHusbandry" xmlns:xsi="http://www.w3.org/2001/XMLSchema-instance" xsi:noNamespaceSchemaLocation="../../../../shared/xml/schema/placeable.xsd">
    <storeData>
        <name>$l10n_storeItem_animalBarnPigMedium</name>
        <image>store_pigbarn.png</image>
        <price>75000</price>
        <functions>
            <function>$l10n_function_animalPenPig</function>
        </functions>
        <lifetime>1000</lifetime>
        <dailyUpkeep>25</dailyUpkeep>
        <rotation>0</rotation>
        <brand>NONE</brand>
        <species>placeable</species>
        <category>animalpens</category>
        <brush>
            <type>placeable</type>
            <category>animals</category>
            <tab>pigs</tab>
        </brush>
    

        <storeIconRendering>
            <settings cameraXRot="-20" cameraYRot="50" advancedBoundingBox="true"/>
        </storeIconRendering>
    
        <vertexBufferMemoryUsage>1381632</vertexBufferMemoryUsage>
        <indexBufferMemoryUsage>186880</indexBufferMemoryUsage>
        <textureMemoryUsage>9830400</textureMemoryUsage>
        <audioMemoryUsage>0</audioMemoryUsage>
        <instanceVertexBufferMemoryUsage>0</instanceVertexBufferMemoryUsage>
        <instanceIndexBufferMemoryUsage>0</instanceIndexBufferMemoryUsage>
    </storeData>

    <base>
        <filename>pigBarn.i3d</filename>
        <canBeRenamed>true</canBeRenamed>
		<boughtWithFarmland>true</boughtWithFarmland>
    </base>

    <placement useRandomYRotation="false" useManualYRotation="true">
        <testAreas>
            <testArea startNode="testArea1Start" endNode="testArea1End" />
        </testAreas>

        <sounds>
            <place template="smallImp" />
            <placeLayered template="pigLayer" />
        </sounds>
    </placement>

    <clearAreas>
        <clearArea startNode="clearArea1Start" widthNode="clearArea1Width" heightNode="clearArea1Height"/>
       </clearAreas>

    <leveling requireLeveling="true" maxSmoothDistance="10" maxSlope="75" maxEdgeAngle="30">
        <levelAreas>
            <levelArea startNode="levelArea1Start" widthNode="levelArea1Width" heightNode="levelArea1Height" groundType="dirt"/>
          </levelAreas>

        <paintAreas>
            <paintArea startNode="paintArea3Start" widthNode="paintArea3Width" heightNode="paintArea3Height" groundType="animalMud" />
			<paintArea startNode="paintArea2Start" widthNode="paintArea2Width" heightNode="paintArea2Height" groundType="animalMud" />
        </paintAreas>
    </leveling>

    <indoorAreas>
         <indoorArea startNode="indoorArea1Start" widthNode="indoorArea1Width" heightNode="indoorArea1Height"/>
    </indoorAreas>

    <tipOcclusionUpdateAreas>
        <tipOcclusionUpdateArea startNode="tipOcclusionUpdateArea1Start" endNode="tipOcclusionUpdateArea1End" />
    </tipOcclusionUpdateAreas>

    <ai>
        <updateAreas>
            <updateArea startNode="tipOcclusionUpdateArea1Start" endNode="tipOcclusionUpdateArea1End" />
        </updateAreas>
    </ai>

    <triggerMarkers>
        <triggerMarker node="markerFood" filename="$data/shared/assets/marker/markerIcons.xml" id="UNLOAD" />
        <triggerMarker node="markerAnimals" filename="$data/shared/assets/marker/markerIcons.xml" id="ANIMALS" />
        <triggerMarker node="markerLiquidManure" filename="$data/shared/assets/marker/markerIcons.xml" id="LOAD" />
		<triggerMarker node="markerBales" filename="$data/shared/assets/marker/markerIcons.xml" id="UNLOAD" />
		
    </triggerMarkers>

    <hotspots>
        <hotspot type="PIG" teleportNode="teleportNode" />
    </hotspots>

    <animatedObjects>
        <animatedObject saveId="Gate_01" >
            <animation duration="5.0">
                <part node="Gate_01">
                    <keyFrame time="0.0" rotation="0 0 0"/>
                    <keyFrame time="1.0" rotation="0 180 0"/>
                </part>
                
            </animation>
            <controls triggerNode="GateTrigger_01" posAction="ACTIVATE_HANDTOOL" posText="action_openDoor" negText="action_closeDoor" />
            <sounds>
                <moving linkNode="gate01Sound" template="slidingGateMetalLoop"/>
                <posEnd linkNode="gate01Sound" template="slidingGateMetalOpen" />
                <negEnd linkNode="gate01Sound" template="slidingGateMetalClose" />
            </sounds>
        </animatedObject>
		
		<animatedObject saveId="Gate_02" >
            <animation duration="5.0">
                <part node="Gate_02">
                    <keyFrame time="0.0" rotation="0 0 0"/>
                    <keyFrame time="1.0" rotation="0 -180 0"/>
                </part>
                
            </animation>
            <controls triggerNode="GateTrigger_02" posAction="ACTIVATE_HANDTOOL" posText="action_openDoor" negText="action_closeDoor" />
            <sounds>
                <moving linkNode="gate02Sound" template="slidingGateMetalLoop"/>
                <posEnd linkNode="gate02Sound" template="slidingGateMetalOpen" />
                <negEnd linkNode="gate02Sound" template="slidingGateMetalClose" />
            </sounds>
        </animatedObject>

    </animatedObjects>

    

    

    <infoTrigger triggerNode="infoTrigger" />

    <husbandry saveId="Animals_PIG" hasStatistics="false">
        <storage node="storage" fillTypes="LIQUIDMANURE STRAW MANURE" isExtension="false">
            <capacity fillType="LIQUIDMANURE" capacity="100000" />
            <capacity fillType="STRAW" capacity="75000" />
            <capacity fillType="MANURE" capacity="0" />
			
        </storage>

         <unloadingStation supportsExtension="true" storageRadius="50" hideFromPricesMenu="true" >
            <unloadTrigger exactFillRootNode="exactFillRootNodeStraw" fillTypes="STRAW" >
                <baleTrigger triggerNode="baleTriggerStraw"/>
            </unloadTrigger>
            <unloadTrigger fillTypes="LIQUIDMANURE MANURE" />
         </unloadingStation>

         <loadingStation supportsExtension="true" storageRadius="50">
             <loadTrigger triggerNode="liquidManureTrigger" fillTypes="LIQUIDMANURE" fillLitersPerSecond="2000" aiNode="aiLoadingNodeLiquidManure"/>
         </loadingStation>

        <animals type="PIG" maxNumAnimals="150" maxNumVisualAnimals="20">
            <navigation rootNode="navigationRootNode" filename="NavMeshPig.i3d" />
            <loadingTrigger node="loadingTrigger" />
        </animals>

        <food capacity="100000" >
            <foodPlaces>
                 <foodPlace node="foodPlace1" />
                 <foodPlace node="foodPlace2" />
            </foodPlaces>
            <baleTrigger triggerNode="baleTrigger"/>
            <feedingTrough exactFillRootNode="exactFillRootNodeFood" />
        </food>

        <water automaticWaterSupply="true" />

        
    </husbandry>

    

    <i3dMappings>
	  <i3dMapping id="pigBarn" node="0>" />
	  <i3dMapping id="teleportNode" node="0>0" />
	  <i3dMapping id="food" node="0>1" />
	  <i3dMapping id="exactFillRootNodeFood" node="0>1|0" />
	  <i3dMapping id="foodAINode" node="0>1|1" />
	  <i3dMapping id="baleTrigger" node="0>1|2" />
	  <i3dMapping id="foodPlaces" node="0>1|3" />
	  <i3dMapping id="foodPlace1" node="0>1|3|0" />
	  <i3dMapping id="foodPlace2" node="0>1|3|1" />
	  <i3dMapping id="foodPlace3" node="0>1|3|2" />
	  <i3dMapping id="Feeder1" node="0>1|4" />
	  <i3dMapping id="feeder1_0" node="0>1|4|0" />
	  <i3dMapping id="feeder2_0" node="0>1|4|1" />
	  <i3dMapping id="feeder3_0" node="0>1|4|2" />
	  <i3dMapping id="foodPlane_0" node="0>1|4|3" />
	  <i3dMapping id="foodPlane_1" node="0>1|4|3|0" />
	  <i3dMapping id="foodPlane_2" node="0>1|4|3|1" />
	  <i3dMapping id="Feeder2" node="0>1|5" />
	  <i3dMapping id="feeder1_1" node="0>1|5|0" />
	  <i3dMapping id="feeder2_1" node="0>1|5|1" />
	  <i3dMapping id="feeder3_1" node="0>1|5|2" />
	  <i3dMapping id="foodPlane_3" node="0>1|5|3" />
	  <i3dMapping id="foodPlane_4" node="0>1|5|3|0" />
	  <i3dMapping id="foodPlane_5" node="0>1|5|3|1" />
	  <i3dMapping id="Feeder3" node="0>1|6" />
	  <i3dMapping id="feeder1_2" node="0>1|6|0" />
	  <i3dMapping id="feeder2_2" node="0>1|6|1" />
	  <i3dMapping id="feeder3_2" node="0>1|6|2" />
	  <i3dMapping id="foodPlane_6" node="0>1|6|3" />
	  <i3dMapping id="foodPlane_7" node="0>1|6|3|0" />
	  <i3dMapping id="foodPlane_8" node="0>1|6|3|1" />
	  <i3dMapping id="Feeder4" node="0>1|7" />
	  <i3dMapping id="feeder1_3" node="0>1|7|0" />
	  <i3dMapping id="feeder2_3" node="0>1|7|1" />
	  <i3dMapping id="feeder3_3" node="0>1|7|2" />
	  <i3dMapping id="foodPlane_9" node="0>1|7|3" />
	  <i3dMapping id="foodPlane_10" node="0>1|7|3|0" />
	  <i3dMapping id="foodPlane_11" node="0>1|7|3|1" />
	  <i3dMapping id="Feeder5" node="0>1|8" />
	  <i3dMapping id="feeder1_4" node="0>1|8|0" />
	  <i3dMapping id="feeder2_4" node="0>1|8|1" />
	  <i3dMapping id="feeder3_4" node="0>1|8|2" />
	  <i3dMapping id="foodPlane_12" node="0>1|8|3" />
	  <i3dMapping id="foodPlane_13" node="0>1|8|3|0" />
	  <i3dMapping id="foodPlane_14" node="0>1|8|3|1" />
	  <i3dMapping id="Feeder6" node="0>1|9" />
	  <i3dMapping id="feeder1_5" node="0>1|9|0" />
	  <i3dMapping id="feeder2_5" node="0>1|9|1" />
	  <i3dMapping id="feeder3_5" node="0>1|9|2" />
	  <i3dMapping id="foodPlane_15" node="0>1|9|3" />
	  <i3dMapping id="foodPlane_16" node="0>1|9|3|0" />
	  <i3dMapping id="foodPlane_17" node="0>1|9|3|1" />
	  <i3dMapping id="storage" node="0>2" />
	  <i3dMapping id="straw" node="0>3" />
	  <i3dMapping id="exactFillRootNodeStraw" node="0>3|0" />
	  <i3dMapping id="baleTriggerStraw" node="0>3|1" />
	  <i3dMapping id="lqiuidManureTank" node="0>4" />
	  <i3dMapping id="liquidManureTrigger" node="0>4|0" />
	  <i3dMapping id="aiLoadingNodeLiquidManure" node="0>4|1" />
	  <i3dMapping id="water" node="0>5" />
	  <i3dMapping id="Water1" node="0>5|0" />
	  <i3dMapping id="waterPlane_0" node="0>5|0|0" />
	  <i3dMapping id="water1_0" node="0>5|0|1" />
	  <i3dMapping id="water2_0" node="0>5|0|2" />
	  <i3dMapping id="Water2" node="0>5|1" />
	  <i3dMapping id="waterPlane_1" node="0>5|1|0" />
	  <i3dMapping id="water1_1" node="0>5|1|1" />
	  <i3dMapping id="water2_1" node="0>5|1|2" />
	  <i3dMapping id="Water3" node="0>5|2" />
	  <i3dMapping id="waterPlane_2" node="0>5|2|0" />
	  <i3dMapping id="water1_2" node="0>5|2|1" />
	  <i3dMapping id="water2_2" node="0>5|2|2" />
	  <i3dMapping id="Water4" node="0>5|3" />
	  <i3dMapping id="waterPlane_3" node="0>5|3|0" />
	  <i3dMapping id="water1_3" node="0>5|3|1" />
	  <i3dMapping id="water2_3" node="0>5|3|2" />
	  <i3dMapping id="Water5" node="0>5|4" />
	  <i3dMapping id="waterPlane_4" node="0>5|4|0" />
	  <i3dMapping id="water1_4" node="0>5|4|1" />
	  <i3dMapping id="water2_4" node="0>5|4|2" />
	  <i3dMapping id="Water6" node="0>5|5" />
	  <i3dMapping id="waterPlane_5" node="0>5|5|0" />
	  <i3dMapping id="water1_5" node="0>5|5|1" />
	  <i3dMapping id="water2_5" node="0>5|5|2" />
	  <i3dMapping id="navigationRootNode" node="0>6" />
	  <i3dMapping id="NavMeshPig" node="0>6|0" />
	  <i3dMapping id="warningStripes" node="0>7" />
	  <i3dMapping id="markerLiquidManure" node="0>7|0" />
	  <i3dMapping id="markerFood" node="0>7|1" />
	  <i3dMapping id="markerAnimals" node="0>7|2" />
	  <i3dMapping id="markerBales" node="0>7|3" />
	  <i3dMapping id="infoTrigger" node="0>8" />
	  <i3dMapping id="loadingTrigger" node="0>9" />
	  <i3dMapping id="clearAreas" node="0>10" />
	  <i3dMapping id="clearArea1Start" node="0>10|0" />
	  <i3dMapping id="clearArea1Width" node="0>10|0|0" />
	  <i3dMapping id="clearArea1Height" node="0>10|0|1" />
	  <i3dMapping id="levelAreas" node="0>11" />
	  <i3dMapping id="levelArea1Start" node="0>11|0" />
	  <i3dMapping id="levelArea1Width" node="0>11|0|0" />
	  <i3dMapping id="levelArea1Height" node="0>11|0|1" />
	  <i3dMapping id="indoorAreas" node="0>12" />
	  <i3dMapping id="indoorArea1Start" node="0>12|0" />
	  <i3dMapping id="indoorArea1Width" node="0>12|0|0" />
	  <i3dMapping id="indoorArea1Height" node="0>12|0|1" />
	  <i3dMapping id="paintAreas" node="0>13" />
	  <i3dMapping id="paintArea1Start" node="0>13|0" />
	  <i3dMapping id="paintArea1Width" node="0>13|0|0" />
	  <i3dMapping id="paintArea1Height" node="0>13|0|1" />
	  <i3dMapping id="paintArea2Start" node="0>13|1" />
	  <i3dMapping id="paintArea2Width" node="0>13|1|0" />
	  <i3dMapping id="paintArea2Height" node="0>13|1|1" />
	  <i3dMapping id="paintArea3Start" node="0>13|2" />
	  <i3dMapping id="paintArea3Width" node="0>13|2|0" />
	  <i3dMapping id="paintArea3Height" node="0>13|2|1" />
	  <i3dMapping id="testAreas" node="0>14" />
	  <i3dMapping id="testArea1Start" node="0>14|0" />
	  <i3dMapping id="testArea1End" node="0>14|0|0" />
	  <i3dMapping id="tipOcclusionUpdateAreas" node="0>15" />
	  <i3dMapping id="tipOcclusionUpdateArea1Start" node="0>15|0" />
	  <i3dMapping id="tipOcclusionUpdateArea1End" node="0>15|0|0" />
	  <i3dMapping id="Pig_Barn" node="0>16" />
	  <i3dMapping id="Deco_DoorsTrim" node="0>16|0" />
	  <i3dMapping id="FrameWork" node="0>16|1" />
	  <i3dMapping id="Barn_Foundation" node="0>16|2" />
	  <i3dMapping id="Deco_Doors" node="0>16|3" />
	  <i3dMapping id="EavesTrough" node="0>16|4" />
	  <i3dMapping id="GatePost" node="0>16|5" />
	  <i3dMapping id="Plates" node="0>16|5|0" />
	  <i3dMapping id="Bolts" node="0>16|5|0|0" />
	  <i3dMapping id="Gate_01" node="0>16|6" />
	  <i3dMapping id="Gate_01_Col" node="0>16|6|0" />
	  <i3dMapping id="Gate_02" node="0>16|7" />
	  <i3dMapping id="gate_02_Col" node="0>16|7|0" />
	  <i3dMapping id="Inside_Roof" node="0>16|8" />
	  <i3dMapping id="Pig_StallRailing" node="0>16|9" />
	  <i3dMapping id="Raling_Collision" node="0>16|9|0" />
	  <i3dMapping id="Pig_StallWalls" node="0>16|10" />
	  <i3dMapping id="Roof" node="0>16|11" />
	  <i3dMapping id="Roof_Vents" node="0>16|12" />
	  <i3dMapping id="Trim_Work" node="0>16|13" />
	  <i3dMapping id="Walls" node="0>16|14" />
	  <i3dMapping id="Windows" node="0>16|15" />
	  <i3dMapping id="fillmasterS" node="0>17" />
	  <i3dMapping id="visual_0" node="0>17|0" />
	  <i3dMapping id="fence" node="0>17|1" />
	  <i3dMapping id="visual_1" node="0>17|1|0" />
	  <i3dMapping id="grate" node="0>17|2" />
	  <i3dMapping id="gate02Sound" node="0>18" />
	  <i3dMapping id="gate01Sound" node="0>19" />
	  <i3dMapping id="GateTrigger_02" node="0>20" />
	  <i3dMapping id="GateTrigger_01" node="0>21" />
	  <i3dMapping id="Lights_Right" node="0>22" />
	  <i3dMapping id="ceilinglamp_0" node="0>22|0" />
	  <i3dMapping id="Illum_0" node="0>22|0|0" />
	  <i3dMapping id="selfLit_0" node="0>22|0|1" />
	  <i3dMapping id="ceilingLampInnerLit_0" node="0>22|0|1|0" />
	  <i3dMapping id="bulblit_0" node="0>22|0|1|1" />
	  <i3dMapping id="realLights_0" node="0>22|0|2" />
	  <i3dMapping id="spotLight01_0" node="0>22|0|2|0" />
	  <i3dMapping id="ceilinglamp_1" node="0>22|1" />
	  <i3dMapping id="Illum_1" node="0>22|1|0" />
	  <i3dMapping id="selfLit_1" node="0>22|1|1" />
	  <i3dMapping id="ceilingLampInnerLit_1" node="0>22|1|1|0" />
	  <i3dMapping id="bulblit_1" node="0>22|1|1|1" />
	  <i3dMapping id="realLights_1" node="0>22|1|2" />
	  <i3dMapping id="spotLight01_1" node="0>22|1|2|0" />
	  <i3dMapping id="ceilinglamp_2" node="0>22|2" />
	  <i3dMapping id="Illum_2" node="0>22|2|0" />
	  <i3dMapping id="selfLit_2" node="0>22|2|1" />
	  <i3dMapping id="ceilingLampInnerLit_2" node="0>22|2|1|0" />
	  <i3dMapping id="bulblit_2" node="0>22|2|1|1" />
	  <i3dMapping id="realLights_2" node="0>22|2|2" />
	  <i3dMapping id="spotLight01_2" node="0>22|2|2|0" />
	  <i3dMapping id="ceilinglamp_3" node="0>22|3" />
	  <i3dMapping id="Illum_3" node="0>22|3|0" />
	  <i3dMapping id="selfLit_3" node="0>22|3|1" />
	  <i3dMapping id="ceilingLampInnerLit_3" node="0>22|3|1|0" />
	  <i3dMapping id="bulblit_3" node="0>22|3|1|1" />
	  <i3dMapping id="realLights_3" node="0>22|3|2" />
	  <i3dMapping id="spotLight01_3" node="0>22|3|2|0" />
	  <i3dMapping id="Lights_Left" node="0>23" />
	  <i3dMapping id="ceilinglamp_4" node="0>23|0" />
	  <i3dMapping id="Illum_4" node="0>23|0|0" />
	  <i3dMapping id="selfLit_4" node="0>23|0|1" />
	  <i3dMapping id="ceilingLampInnerLit_4" node="0>23|0|1|0" />
	  <i3dMapping id="bulblit_4" node="0>23|0|1|1" />
	  <i3dMapping id="realLights_4" node="0>23|0|2" />
	  <i3dMapping id="spotLight01_4" node="0>23|0|2|0" />
	  <i3dMapping id="ceilinglamp_5" node="0>23|1" />
	  <i3dMapping id="Illum_5" node="0>23|1|0" />
	  <i3dMapping id="selfLit_5" node="0>23|1|1" />
	  <i3dMapping id="ceilingLampInnerLit_5" node="0>23|1|1|0" />
	  <i3dMapping id="bulblit_5" node="0>23|1|1|1" />
	  <i3dMapping id="realLights_5" node="0>23|1|2" />
	  <i3dMapping id="spotLight01_5" node="0>23|1|2|0" />
	  <i3dMapping id="ceilinglamp_6" node="0>23|2" />
	  <i3dMapping id="Illum_6" node="0>23|2|0" />
	  <i3dMapping id="selfLit_6" node="0>23|2|1" />
	  <i3dMapping id="ceilingLampInnerLit_6" node="0>23|2|1|0" />
	  <i3dMapping id="bulblit_6" node="0>23|2|1|1" />
	  <i3dMapping id="realLights_6" node="0>23|2|2" />
	  <i3dMapping id="spotLight01_6" node="0>23|2|2|0" />
	  <i3dMapping id="ceilinglamp_7" node="0>23|3" />
	  <i3dMapping id="Illum_7" node="0>23|3|0" />
	  <i3dMapping id="selfLit_7" node="0>23|3|1" />
	  <i3dMapping id="ceilingLampInnerLit_7" node="0>23|3|1|0" />
	  <i3dMapping id="bulblit_7" node="0>23|3|1|1" />
	  <i3dMapping id="realLights_7" node="0>23|3|2" />
	  <i3dMapping id="spotLight01_7" node="0>23|3|2|0" />
	  <i3dMapping id="outside_Lights1" node="0>24" />
	  <i3dMapping id="warehouseWallLamp_0" node="0>24|0" />
	  <i3dMapping id="warehouseWallLampWire_0" node="0>24|0|0" />
	  <i3dMapping id="bulbUnlit_0" node="0>24|0|1" />
	  <i3dMapping id="illum_0" node="0>24|0|2" />
	  <i3dMapping id="selfLit_8" node="0>24|0|2|0" />
	  <i3dMapping id="warehouseWallLampWireLit_0" node="0>24|0|2|0|0" />
	  <i3dMapping id="warehouseWallLampInnerLit_0" node="0>24|0|2|0|1" />
	  <i3dMapping id="bulbLit_0" node="0>24|0|2|0|2" />
	  <i3dMapping id="realLights_8" node="0>24|0|2|1" />
	  <i3dMapping id="spotLight_0" node="0>24|0|2|1|0" />
	  <i3dMapping id="warehouseWallLamp_1" node="0>24|1" />
	  <i3dMapping id="warehouseWallLampWire_1" node="0>24|1|0" />
	  <i3dMapping id="bulbUnlit_1" node="0>24|1|1" />
	  <i3dMapping id="illum_1" node="0>24|1|2" />
	  <i3dMapping id="selfLit_9" node="0>24|1|2|0" />
	  <i3dMapping id="warehouseWallLampWireLit_1" node="0>24|1|2|0|0" />
	  <i3dMapping id="warehouseWallLampInnerLit_1" node="0>24|1|2|0|1" />
	  <i3dMapping id="bulbLit_1" node="0>24|1|2|0|2" />
	  <i3dMapping id="realLights_9" node="0>24|1|2|1" />
	  <i3dMapping id="spotLight_1" node="0>24|1|2|1|0" />
	  <i3dMapping id="warehouseWallLamp_2" node="0>24|2" />
	  <i3dMapping id="warehouseWallLampWire_2" node="0>24|2|0" />
	  <i3dMapping id="bulbUnlit_2" node="0>24|2|1" />
	  <i3dMapping id="illum_2" node="0>24|2|2" />
	  <i3dMapping id="selfLit_10" node="0>24|2|2|0" />
	  <i3dMapping id="warehouseWallLampWireLit_2" node="0>24|2|2|0|0" />
	  <i3dMapping id="warehouseWallLampInnerLit_2" node="0>24|2|2|0|1" />
	  <i3dMapping id="bulbLit_2" node="0>24|2|2|0|2" />
	  <i3dMapping id="realLights_10" node="0>24|2|2|1" />
	  <i3dMapping id="spotLight_2" node="0>24|2|2|1|0" />
	  <i3dMapping id="outside_Lights2" node="0>25" />
	  <i3dMapping id="warehouseWallLamp_3" node="0>25|0" />
	  <i3dMapping id="warehouseWallLampWire_3" node="0>25|0|0" />
	  <i3dMapping id="bulbUnlit_3" node="0>25|0|1" />
	  <i3dMapping id="illum_3" node="0>25|0|2" />
	  <i3dMapping id="selfLit_11" node="0>25|0|2|0" />
	  <i3dMapping id="warehouseWallLampWireLit_3" node="0>25|0|2|0|0" />
	  <i3dMapping id="warehouseWallLampInnerLit_3" node="0>25|0|2|0|1" />
	  <i3dMapping id="bulbLit_3" node="0>25|0|2|0|2" />
	  <i3dMapping id="realLights_11" node="0>25|0|2|1" />
	  <i3dMapping id="spotLight_3" node="0>25|0|2|1|0" />
	  <i3dMapping id="warehouseWallLamp_4" node="0>25|1" />
	  <i3dMapping id="warehouseWallLampWire_4" node="0>25|1|0" />
	  <i3dMapping id="bulbUnlit_4" node="0>25|1|1" />
	  <i3dMapping id="illum_4" node="0>25|1|2" />
	  <i3dMapping id="selfLit_12" node="0>25|1|2|0" />
	  <i3dMapping id="warehouseWallLampWireLit_4" node="0>25|1|2|0|0" />
	  <i3dMapping id="warehouseWallLampInnerLit_4" node="0>25|1|2|0|1" />
	  <i3dMapping id="bulbLit_4" node="0>25|1|2|0|2" />
	  <i3dMapping id="realLights_12" node="0>25|1|2|1" />
	  <i3dMapping id="spotLight_4" node="0>25|1|2|1|0" />
	  <i3dMapping id="warehouseWallLamp_5" node="0>25|2" />
	  <i3dMapping id="warehouseWallLampWire_5" node="0>25|2|0" />
	  <i3dMapping id="bulbUnlit_5" node="0>25|2|1" />
	  <i3dMapping id="illum_5" node="0>25|2|2" />
	  <i3dMapping id="selfLit_13" node="0>25|2|2|0" />
	  <i3dMapping id="warehouseWallLampWireLit_5" node="0>25|2|2|0|0" />
	  <i3dMapping id="warehouseWallLampInnerLit_5" node="0>25|2|2|0|1" />
	  <i3dMapping id="bulbLit_5" node="0>25|2|2|0|2" />
	  <i3dMapping id="realLights_13" node="0>25|2|2|1" />
	  <i3dMapping id="spotLight_5" node="0>25|2|2|1|0" />
	</i3dMappings>
</placeable>
