<?xml version="1.0" encoding="utf-8" standalone="no" ?>
<placeable type="objectStorage" xmlns:xsi="http://www.w3.org/2001/XMLSchema-instance" xsi:noNamespaceSchemaLocation="../../../../shared/xml/schema/placeable.xsd">
    <storeData>
        <name>$l10n_BaleStorage</name>
        <functions>
            <function>$l10n_function_garage</function>
        </functions>
        <image>store_redbalestorage.dds</image>
        <price>25000</price>
        <dailyUpkeep>10</dailyUpkeep>
        <lifetime>1000</lifetime>
        <rotation>0</rotation>
        <brand>NONE</brand>
        <species>placeable</species>
        <category>sheds</category>
        <brush>
            <type>placeable</type>
            <category>buildings</category>
            <tab>silos</tab>
        </brush>

        <vertexBufferMemoryUsage>674816</vertexBufferMemoryUsage>
        <indexBufferMemoryUsage>71168</indexBufferMemoryUsage>
        <textureMemoryUsage>4849664</textureMemoryUsage>
        <audioMemoryUsage>0</audioMemoryUsage>
        <instanceVertexBufferMemoryUsage>0</instanceVertexBufferMemoryUsage>
        <instanceIndexBufferMemoryUsage>0</instanceIndexBufferMemoryUsage>
    </storeData>

    <base>
        <filename>RedBarn_BaleShed.i3d</filename>
        <canBeRenamed>true</canBeRenamed>
		<boughtWithFarmland>true</boughtWithFarmland>
    </base>

    <placement useRandomYRotation="false" useManualYRotation="true" >
        <testAreas>
            <testArea startNode="testArea1Start" endNode="testArea1End" />
        </testAreas>

        <sounds>
            <place template="medImp" />
        </sounds>
    </placement>

    <clearAreas>
        <clearArea startNode="clearArea1Start" widthNode="clearArea1Width" heightNode="clearArea1Height"/>
    </clearAreas>

    <leveling requireLeveling="true" maxSmoothDistance="10" maxSlope="75" maxEdgeAngle="30">
        <levelAreas>
            <levelArea startNode="levelArea1Start" widthNode="levelArea1Width" heightNode="levelArea1Height" groundType="dirt"/>
        </levelAreas>
    </leveling>

    <indoorAreas>
        <indoorArea startNode="indoorArea1Start" widthNode="indoorArea1Width" heightNode="indoorArea1Height" />
    </indoorAreas>

    <tipOcclusionUpdateAreas>
        <tipOcclusionUpdateArea startNode="tipOcclusionUpdateArea1Start" endNode="tipOcclusionUpdateArea1End" />
    </tipOcclusionUpdateAreas>
	
	<triggerMarkers>

        <triggerMarker node="playerTriggerMarker" filename="$data/shared/assets/marker/markerIcons.xml" id="LOAD"   adjustToGround="true" />
        <triggerMarker node="objectTriggerMarker" filename="$data/shared/assets/marker/markerIcons.xml" id="UNLOAD" adjustToGround="true" />
    </triggerMarkers>
	
	<hotspots>
        <hotspot type="UNLOADING" linkNode="hotspotMarker" teleportNode="teleportNode"/>
    </hotspots>

    <infoTrigger triggerNode="infoTrigger"/>
	
	<objectStorage supportsBales="true" supportsPallets="true" maxLength="8.5" maxWidth="6" maxHeight="3.5" capacity="360">
        <playerTrigger node="playerTrigger" />
        <objectTrigger node="objectTrigger" />
        <spawnAreas>
            <spawnArea startNode="spawnArea1Start" endNode="spawnArea1End"/>
        </spawnAreas>
        <storageAreas>
            <storageArea startNode="storageArea1Start" endNode="storageArea1End"/>
			
        </storageAreas>
    </objectStorage>

    <pointOfInterest>
        <point triggerNode="objectTrigger" text="$l10n_poi_objectStorageUnload" showOwner="true"  showEveryone="false"/>
        <point triggerNode="playerTrigger" text="$l10n_poi_objectStorageLoad"   showOwner="true"  showEveryone="false" />
    </pointOfInterest>

    <ai>
        <updateAreas>
            <updateArea startNode="tipOcclusionUpdateArea1Start" endNode="tipOcclusionUpdateArea1End" />
        </updateAreas>
    </ai>
	
	<dynamicallyLoadedParts>
        <dynamicallyLoadedPart node="0" linkNode="BaleShed_Gate_Node" filename="Props/BaleShed_Gate.i3d"/>
		
    </dynamicallyLoadedParts>

<i3dMappings>
  <i3dMapping id="RedBarn_BaleShed" node="0>" />
  <i3dMapping id="Shed_Visual" node="0>0" />
  <i3dMapping id="EavesTrough" node="0>0|0" />
  <i3dMapping id="Foundation" node="0>0|1" />
  <i3dMapping id="Shed" node="0>0|2" />
  <i3dMapping id="Structure" node="0>0|3" />
  <i3dMapping id="Collision" node="0>0|3|0" />
  <i3dMapping id="clearAreas" node="0>1" />
  <i3dMapping id="clearArea1Start" node="0>1|0" />
  <i3dMapping id="clearArea1Height" node="0>1|0|0" />
  <i3dMapping id="clearArea1Width" node="0>1|0|1" />
  <i3dMapping id="indoorAreas" node="0>2" />
  <i3dMapping id="indoorArea1Start" node="0>2|0" />
  <i3dMapping id="indoorArea1Height" node="0>2|0|0" />
  <i3dMapping id="indoorArea1Width" node="0>2|0|1" />
  <i3dMapping id="levelAreas" node="0>3" />
  <i3dMapping id="levelArea1Start" node="0>3|0" />
  <i3dMapping id="levelArea1Height" node="0>3|0|0" />
  <i3dMapping id="levelArea1Width" node="0>3|0|1" />
  <i3dMapping id="testAreas" node="0>4" />
  <i3dMapping id="testArea1Start" node="0>4|0" />
  <i3dMapping id="testArea1End" node="0>4|0|0" />
  <i3dMapping id="tipOcclusionUpdateAreas" node="0>5" />
  <i3dMapping id="tipOcclusionUpdateArea1Start" node="0>5|0" />
  <i3dMapping id="tipOcclusionUpdateArea1End" node="0>5|0|0" />
  <i3dMapping id="Lights" node="0>6" />
  <i3dMapping id="warehouseWallLamp_0" node="0>6|0" />
  <i3dMapping id="warehouseWallLampWire_0" node="0>6|0|0" />
  <i3dMapping id="bulbUnlit_0" node="0>6|0|1" />
  <i3dMapping id="illum_0" node="0>6|0|2" />
  <i3dMapping id="selfLit_0" node="0>6|0|2|0" />
  <i3dMapping id="warehouseWallLampWireLit_0" node="0>6|0|2|0|0" />
  <i3dMapping id="warehouseWallLampInnerLit_0" node="0>6|0|2|0|1" />
  <i3dMapping id="bulbLit_0" node="0>6|0|2|0|2" />
  <i3dMapping id="realLights_0" node="0>6|0|2|1" />
  <i3dMapping id="spotLight_0" node="0>6|0|2|1|0" />
  <i3dMapping id="warehouseWallLamp_1" node="0>6|1" />
  <i3dMapping id="warehouseWallLampWire_1" node="0>6|1|0" />
  <i3dMapping id="bulbUnlit_1" node="0>6|1|1" />
  <i3dMapping id="illum_1" node="0>6|1|2" />
  <i3dMapping id="selfLit_1" node="0>6|1|2|0" />
  <i3dMapping id="warehouseWallLampWireLit_1" node="0>6|1|2|0|0" />
  <i3dMapping id="warehouseWallLampInnerLit_1" node="0>6|1|2|0|1" />
  <i3dMapping id="bulbLit_1" node="0>6|1|2|0|2" />
  <i3dMapping id="realLights_1" node="0>6|1|2|1" />
  <i3dMapping id="spotLight_1" node="0>6|1|2|1|0" />
  <i3dMapping id="ceilingLamp02_0" node="0>6|2" />
  <i3dMapping id="ceilingLampCable_0" node="0>6|2|0" />
  <i3dMapping id="Illum_0" node="0>6|2|1" />
  <i3dMapping id="selfLit_2" node="0>6|2|1|0" />
  <i3dMapping id="ceilingLampInnerLit_0" node="0>6|2|1|0|0" />
  <i3dMapping id="bulblit_0" node="0>6|2|1|0|1" />
  <i3dMapping id="realLights_2" node="0>6|2|1|1" />
  <i3dMapping id="spotLight01_0" node="0>6|2|1|1|0" />
  <i3dMapping id="ceilingLamp02_1" node="0>6|3" />
  <i3dMapping id="ceilingLampCable_1" node="0>6|3|0" />
  <i3dMapping id="Illum_1" node="0>6|3|1" />
  <i3dMapping id="selfLit_3" node="0>6|3|1|0" />
  <i3dMapping id="ceilingLampInnerLit_1" node="0>6|3|1|0|0" />
  <i3dMapping id="bulblit_1" node="0>6|3|1|0|1" />
  <i3dMapping id="realLights_3" node="0>6|3|1|1" />
  <i3dMapping id="spotLight01_1" node="0>6|3|1|1|0" />
  <i3dMapping id="warehouseWallLamp_2" node="0>6|4" />
  <i3dMapping id="warehouseWallLampWire_2" node="0>6|4|0" />
  <i3dMapping id="bulbUnlit_2" node="0>6|4|1" />
  <i3dMapping id="illum_2" node="0>6|4|2" />
  <i3dMapping id="selfLit_4" node="0>6|4|2|0" />
  <i3dMapping id="warehouseWallLampWireLit_2" node="0>6|4|2|0|0" />
  <i3dMapping id="warehouseWallLampInnerLit_2" node="0>6|4|2|0|1" />
  <i3dMapping id="bulbLit_2" node="0>6|4|2|0|2" />
  <i3dMapping id="realLights_4" node="0>6|4|2|1" />
  <i3dMapping id="spotLight_2" node="0>6|4|2|1|0" />
  <i3dMapping id="objectStorage" node="0>7" />
  <i3dMapping id="areas" node="0>7|0" />
  <i3dMapping id="spawnArea1Start" node="0>7|0|0" />
  <i3dMapping id="spawnArea1End" node="0>7|0|0|0" />
  <i3dMapping id="storageArea1Start" node="0>7|0|1" />
  <i3dMapping id="storageArea1End" node="0>7|0|1|0" />
  <i3dMapping id="objectTrigger" node="0>7|1" />
  <i3dMapping id="objectTriggerMarker" node="0>7|1|0" />
  <i3dMapping id="playerTrigger" node="0>7|2" />
  <i3dMapping id="playerTriggerMarker" node="0>7|2|0" />
  <i3dMapping id="infoTrigger" node="0>7|3" />
  <i3dMapping id="BaleShed_Gate_Node" node="0>8" />
  <i3dMapping id="teleportNode" node="0>9" />
  <i3dMapping id="hotspotMarker" node="0>10" />
</i3dMappings>
</placeable>