<?xml version="1.0" encoding="utf-8" standalone="no" ?>
<placeable type="silo" xmlns:xsi="http://www.w3.org/2001/XMLSchema-instance" xsi:noNamespaceSchemaLocation="../../../../shared/xml/schema/placeable.xsd">
    <storeData>
        <name>$l10n_RedBarnSilo</name>
        <functions>
            <function>$l10n_function_farmSilo</function>
        </functions>
        <image>store_bigredbarnsilo.dds</image>
        <price>75000</price>
        <dailyUpkeep>25</dailyUpkeep>
        <lifetime>1000</lifetime>
        <rotation>0</rotation>
        <brand>NONE</brand>
        <species>placeable</species>
        <category>sheds</category>
        <canBeSold>true</canBeSold>
        <showInStore>true</showInStore>
		<brush>
            <type>placeable</type>
            <category>buildings</category>
            <tab>silos</tab>
        </brush>
     
        <vertexBufferMemoryUsage>2318592</vertexBufferMemoryUsage>
        <indexBufferMemoryUsage>265728</indexBufferMemoryUsage>
        <textureMemoryUsage>8126464</textureMemoryUsage>
        <audioMemoryUsage>0</audioMemoryUsage>
        <instanceVertexBufferMemoryUsage>0</instanceVertexBufferMemoryUsage>
        <instanceIndexBufferMemoryUsage>0</instanceIndexBufferMemoryUsage>
    </storeData>

    <base>
        <filename>Red_Barn2.i3d</filename>
        <canBeRenamed>true</canBeRenamed>
		<boughtWithFarmland>true</boughtWithFarmland>
    </base>

    <placement useRandomYRotation="false" useManualYRotation="true">
        <testAreas>
            <testArea startNode="testArea1Start" endNode="testArea1End" />
        </testAreas>

        <sounds>
            <place template="smallImp" />
        </sounds>
    </placement>

    <clearAreas>
        <clearArea startNode="clearArea1Start" widthNode="clearArea1Width" heightNode="clearArea1Height"/>
		<clearArea startNode="clearArea2Start" widthNode="clearArea2Width" heightNode="clearArea2Height"/>
    </clearAreas>

    <leveling requireLeveling="true" maxSmoothDistance="5" maxSlope="75" maxEdgeAngle="30">
        <levelAreas>
            <levelArea startNode="levelArea1Start" widthNode="levelArea1Width" heightNode="levelArea1Height" groundType="dirt" />
        </levelAreas>
		
		<paintAreas>
            <paintArea startNode="paintArea1Start" widthNode="paintArea1Width" heightNode="paintArea1Height" groundType="grass" />
			
        </paintAreas>
    </leveling>


    <indoorAreas>
        <indoorArea startNode="indoorArea1Start" widthNode="indoorArea1Width" heightNode="indoorArea1Height"/>
		<indoorArea startNode="indoorArea2Start" widthNode="indoorArea2Width" heightNode="indoorArea2Height"/>
		<indoorArea startNode="indoorArea3Start" widthNode="indoorArea3Width" heightNode="indoorArea3Height"/>
    </indoorAreas>

    <tipOcclusionUpdateAreas>
        <tipOcclusionUpdateArea startNode="tipOcclusionUpdateArea1Start" endNode="tipOcclusionUpdateArea1End" />
    </tipOcclusionUpdateAreas>

    <ai>
        <updateAreas>
            <updateArea startNode="tipOcclusionUpdateArea1Start" endNode="tipOcclusionUpdateArea1End" />
        </updateAreas>
		<splines>
            <spline node="aiSpline" />
			
        </splines>
    </ai>

	<infoTrigger triggerNode="infoTrigger"/>
	
	
	<silo>
        <loadingStation node="loadingTrigger" supportsExtension="true" storageRadius="50">
            <loadTrigger triggerNode="loadingTrigger" fillLitersPerSecond="3000" dischargeNode="dischargeNode" fillTypeCategories="farmSilo" aiNode="aiLoadingNode">
                <effectNode effectClass="PipeEffect" effectNode="pipeEffect"      materialType="pipe"           fadeTime="1.0" maxBending="0" controlPoint="4.8 0 0 0" />
                <effectNode                          effectNode="pipeEffectSmoke" materialType="unloadingSmoke" fadeTime="1.0" />
            </loadTrigger>
        </loadingStation>

        <unloadingStation supportsExtension="true" storageRadius="50">
            <unloadTrigger exactFillRootNode="exactFillRootNode" fillTypeCategories="farmSilo" aiNode="aiUnloadingNode"/>
        </unloadingStation>

        <storages>
          
			<storage node="storage" fillTypes="WHEAT" capacity="250000" isExtension="false" supportsMultipleFillTypes="false"/>
			<storage node="storage" fillTypes="BARLEY" capacity="250000" isExtension="false" supportsMultipleFillTypes="false"/>
			<storage node="storage" fillTypes="OAT" capacity="250000" isExtension="false" supportsMultipleFillTypes="false"/>
			<storage node="storage" fillTypes="CANOLA" capacity="250000" isExtension="false" supportsMultipleFillTypes="false"/>
			<storage node="storage" fillTypes="SUNFLOWER" capacity="250000" isExtension="false" supportsMultipleFillTypes="false"/>
			<storage node="storage" fillTypes="SOYBEAN" capacity="250000" isExtension="false" supportsMultipleFillTypes="false"/>
			<storage node="storage" fillTypes="MAIZE" capacity="250000" isExtension="false" supportsMultipleFillTypes="false"/>
			<storage node="storage" fillTypes="SORGHUM" capacity="250000" isExtension="false" supportsMultipleFillTypes="false"/>
			
        </storages>
    </silo>

    <hotspots>
        <hotspot type="UNLOADING" linkNode="mapPosition" teleportNode="teleportNode"/>
    </hotspots>

    <triggerMarkers>
        <triggerMarker node="markerLoading"   filename="$data/shared/assets/marker/markerIcons.xml" id="LOAD" />
        <triggerMarker node="markerUnloading" filename="$data/shared/assets/marker/markerIcons.xml" id="UNLOAD" />
    </triggerMarkers>

    

<animatedObjects>
		<animatedObject saveId="Barn_Door1">
            <animation duration="4">
                <part node="BarnDoor_Left01">
                    <keyFrame time="0.0" translation="2.58100009 4.11999989 -20.125"/>
                    <keyFrame time="1.0" translation="7.51100016 4.11999989 -20.125"/>
                </part>
				<part node="BarnDoor_Right01">
                    <keyFrame time="0.0" translation="-3.12400007 4.11999989 -20.125"/>
                    <keyFrame time="1.0" translation="-8.03899956 4.11999989 -20.125"/>
                </part>
				<part node="occluderMesh_door2Inside">
                    <keyFrame time="0"    visibility="true" />
                    <keyFrame time="0.01" visibility="false" />
                </part>
				<part node="occluderMesh_door2Outside">
                    <keyFrame time="0"    visibility="true" />
                    <keyFrame time="1" visibility="false" />
				</part>
				
			</animation>
            <controls triggerNode="barnDoor01_Trigger" posAction="ACTIVATE_HANDTOOL" posText="action_openGate" negText="action_closeGate" />
			<sounds>
                <moving template="fenceMetalLoop" linkNode="BarnDoorSound01" />
                <posEnd template="fenceMetalOpen" linkNode="BarnDoorSound01" />
                <negEnd template="fenceMetalClose" linkNode="BarnDoorSound01" />
            </sounds>
        </animatedObject>
		
		<animatedObject saveId="Barn_Door2">
            <animation duration="4">
                <part node="BarnDoor_Left02">
                    <keyFrame time="0.0" translation="-3.12400007 4.11999989 20.125"/>
                    <keyFrame time="1.0" translation="-8.03199959 4.11999989 20.125"/>
                </part>
				<part node="BarnDoor_Right02">
                    <keyFrame time="0.0" translation="2.58100009 4.11999989 20.125"/>
                    <keyFrame time="1.0" translation="7.48400021 4.11999989 20.125"/>
                </part>
				<part node="occluderMesh_door1Inside">
                    <keyFrame time="0"    visibility="true" />
                    <keyFrame time="0.01" visibility="false" />
				</part>
				<part node="occluderMesh_door1Outside">
                    <keyFrame time="0"    visibility="true" />
                    <keyFrame time="1" visibility="false" />
				</part>
				
			</animation>
            <controls triggerNode="barnDoor02_Trigger" posAction="ACTIVATE_HANDTOOL" posText="action_openGate" negText="action_closeGate" />
			<sounds>
                <moving template="fenceMetalLoop" linkNode="BarnDoorSound02" />
                <posEnd template="fenceMetalOpen" linkNode="BarnDoorSound02" />
                <negEnd template="fenceMetalClose" linkNode="BarnDoorSound02" />
            </sounds>
        </animatedObject>
		
		<animatedObject saveId="Inside_Door">
            <animation duration="4">
                <part node="Inside_Door">
                    <keyFrame time="0.0" translation="-11.59000015 2.17632008 9.09796047"/>
                    <keyFrame time="1.0" translation="-11.59000015 2.17632008 6.73823166"/>
                </part>
				
				
			</animation>
            <controls triggerNode="insideDoor_Trigger" posAction="ACTIVATE_HANDTOOL" posText="action_openGate" negText="action_closeGate" />
			<sounds>
                <moving template="fenceMetalLoop" linkNode="InsideDoorSound" />
                <posEnd template="fenceMetalOpen" linkNode="InsideDoorSound" />
                <negEnd template="fenceMetalClose" linkNode="InsideDoorSound" />
            </sounds>
        </animatedObject>
	</animatedObjects>



<i3dMappings>
  <i3dMapping id="Red_Barn2" node="0>" />
  <i3dMapping id="teleportNode" node="0>0" />
  <i3dMapping id="silo" node="0>1" />
  <i3dMapping id="mapPosition" node="0>1|0" />
  <i3dMapping id="storage" node="0>1|1" />
  <i3dMapping id="loadingStation" node="0>1|2" />
  <i3dMapping id="loadingTriggers" node="0>1|2|0" />
  <i3dMapping id="loadingTrigger" node="0>1|2|0|0" />
  <i3dMapping id="dischargeNode" node="0>1|2|0|1" />
  <i3dMapping id="dischargeEffect" node="0>1|2|0|2" />
  <i3dMapping id="pipeEffect" node="0>1|2|0|2|0" />
  <i3dMapping id="pipeEffectSmoke" node="0>1|2|0|2|1" />
  <i3dMapping id="aiLoadingNode" node="0>1|2|0|3" />
  <i3dMapping id="markerLoading" node="0>1|2|1" />
  <i3dMapping id="CementSilo_Pipe" node="0>1|2|2" />
  <i3dMapping id="Discharge_Hoop" node="0>1|2|2|0" />
  <i3dMapping id="unloadingStation" node="0>1|3" />
  <i3dMapping id="exactFillRootNode" node="0>1|3|0" />
  <i3dMapping id="grainGutterLinkNode" node="0>1|3|1" />
  <i3dMapping id="aiUnloadingNode" node="0>1|3|2" />
  <i3dMapping id="markerUnloading" node="0>1|3|3" />
  <i3dMapping id="GrainUnload" node="0>1|3|4" />
  <i3dMapping id="Grates" node="0>1|3|4|0" />
  <i3dMapping id="Straw_PLane" node="0>1|3|4|0|0" />
  <i3dMapping id="Tipper_Foundation" node="0>1|3|4|0|1" />
  <i3dMapping id="infoTrigger" node="0>1|4" />
  <i3dMapping id="aiSpline" node="0>1|5" />
  <i3dMapping id="BarnDoor_Left01" node="0>2" />
  <i3dMapping id="Collision_Left01" node="0>2|0" />
  <i3dMapping id="Sliders_Left01" node="0>2|1" />
  <i3dMapping id="BarnDoor_Left02" node="0>3" />
  <i3dMapping id="Collision_Left02" node="0>3|0" />
  <i3dMapping id="Slider_Left02" node="0>3|1" />
  <i3dMapping id="BarnDoor_Right01" node="0>4" />
  <i3dMapping id="Collision_Right01" node="0>4|0" />
  <i3dMapping id="Sliders_Right01" node="0>4|1" />
  <i3dMapping id="BarnDoor_Right02" node="0>5" />
  <i3dMapping id="Collision_Right02" node="0>5|0" />
  <i3dMapping id="Slider_Right02" node="0>5|1" />
  <i3dMapping id="CementSilo" node="0>6" />
  <i3dMapping id="SiloBase" node="0>6|0" />
  <i3dMapping id="Silo_Collision_0" node="0>6|1" />
  <i3dMapping id="Rafters_Overhang" node="0>7" />
  <i3dMapping id="Pole_Collision" node="0>7|0" />
  <i3dMapping id="Barn_Trim" node="0>8" />
  <i3dMapping id="Deco_Door" node="0>9" />
  <i3dMapping id="Structure" node="0>10" />
  <i3dMapping id="HayLoft_Floor" node="0>11" />
  <i3dMapping id="Inside_Door" node="0>12" />
  <i3dMapping id="Collision_InsideDoor" node="0>12|0" />
  <i3dMapping id="Slider_InsideDoor" node="0>12|1" />
  <i3dMapping id="Inside_Roof" node="0>13" />
  <i3dMapping id="Roof" node="0>14" />
  <i3dMapping id="Roof_Vents" node="0>15" />
  <i3dMapping id="Slider_Rail" node="0>16" />
  <i3dMapping id="Wall_Foundation" node="0>17" />
  <i3dMapping id="Walls" node="0>18" />
  <i3dMapping id="Floor" node="0>19" />
  <i3dMapping id="Cement_Post" node="0>20" />
  <i3dMapping id="EavesTrough" node="0>21" />
  <i3dMapping id="Silo_Collision_1" node="0>22" />
  <i3dMapping id="Lights" node="0>23" />
  <i3dMapping id="Left" node="0>23|0" />
  <i3dMapping id="ceilingLamp02_0" node="0>23|0|0" />
  <i3dMapping id="ceilingLampCable_0" node="0>23|0|0|0" />
  <i3dMapping id="Illum_0" node="0>23|0|0|1" />
  <i3dMapping id="selfLit_0" node="0>23|0|0|1|0" />
  <i3dMapping id="ceilingLampInnerLit_0" node="0>23|0|0|1|0|0" />
  <i3dMapping id="bulblit_0" node="0>23|0|0|1|0|1" />
  <i3dMapping id="realLights_0" node="0>23|0|0|1|1" />
  <i3dMapping id="spotLight01_0" node="0>23|0|0|1|1|0" />
  <i3dMapping id="ceilingLamp02_1" node="0>23|0|1" />
  <i3dMapping id="ceilingLampCable_1" node="0>23|0|1|0" />
  <i3dMapping id="Illum_1" node="0>23|0|1|1" />
  <i3dMapping id="selfLit_1" node="0>23|0|1|1|0" />
  <i3dMapping id="ceilingLampInnerLit_1" node="0>23|0|1|1|0|0" />
  <i3dMapping id="bulblit_1" node="0>23|0|1|1|0|1" />
  <i3dMapping id="realLights_1" node="0>23|0|1|1|1" />
  <i3dMapping id="spotLight01_1" node="0>23|0|1|1|1|0" />
  <i3dMapping id="ceilingLamp02_2" node="0>23|0|2" />
  <i3dMapping id="ceilingLampCable_2" node="0>23|0|2|0" />
  <i3dMapping id="Illum_2" node="0>23|0|2|1" />
  <i3dMapping id="selfLit_2" node="0>23|0|2|1|0" />
  <i3dMapping id="ceilingLampInnerLit_2" node="0>23|0|2|1|0|0" />
  <i3dMapping id="bulblit_2" node="0>23|0|2|1|0|1" />
  <i3dMapping id="realLights_2" node="0>23|0|2|1|1" />
  <i3dMapping id="spotLight01_2" node="0>23|0|2|1|1|0" />
  <i3dMapping id="ceilingLamp02_3" node="0>23|0|3" />
  <i3dMapping id="ceilingLampCable_3" node="0>23|0|3|0" />
  <i3dMapping id="Illum_3" node="0>23|0|3|1" />
  <i3dMapping id="selfLit_3" node="0>23|0|3|1|0" />
  <i3dMapping id="ceilingLampInnerLit_3" node="0>23|0|3|1|0|0" />
  <i3dMapping id="bulblit_3" node="0>23|0|3|1|0|1" />
  <i3dMapping id="realLights_3" node="0>23|0|3|1|1" />
  <i3dMapping id="spotLight01_3" node="0>23|0|3|1|1|0" />
  <i3dMapping id="ceilingLamp02_4" node="0>23|0|4" />
  <i3dMapping id="ceilingLampCable_4" node="0>23|0|4|0" />
  <i3dMapping id="Illum_4" node="0>23|0|4|1" />
  <i3dMapping id="selfLit_4" node="0>23|0|4|1|0" />
  <i3dMapping id="ceilingLampInnerLit_4" node="0>23|0|4|1|0|0" />
  <i3dMapping id="bulblit_4" node="0>23|0|4|1|0|1" />
  <i3dMapping id="realLights_4" node="0>23|0|4|1|1" />
  <i3dMapping id="spotLight01_4" node="0>23|0|4|1|1|0" />
  <i3dMapping id="ceilingLamp02_5" node="0>23|0|5" />
  <i3dMapping id="ceilingLampCable_5" node="0>23|0|5|0" />
  <i3dMapping id="Illum_5" node="0>23|0|5|1" />
  <i3dMapping id="selfLit_5" node="0>23|0|5|1|0" />
  <i3dMapping id="ceilingLampInnerLit_5" node="0>23|0|5|1|0|0" />
  <i3dMapping id="bulblit_5" node="0>23|0|5|1|0|1" />
  <i3dMapping id="realLights_5" node="0>23|0|5|1|1" />
  <i3dMapping id="spotLight01_5" node="0>23|0|5|1|1|0" />
  <i3dMapping id="ceilingLamp02_6" node="0>23|0|6" />
  <i3dMapping id="ceilingLampCable_6" node="0>23|0|6|0" />
  <i3dMapping id="Illum_6" node="0>23|0|6|1" />
  <i3dMapping id="selfLit_6" node="0>23|0|6|1|0" />
  <i3dMapping id="ceilingLampInnerLit_6" node="0>23|0|6|1|0|0" />
  <i3dMapping id="bulblit_6" node="0>23|0|6|1|0|1" />
  <i3dMapping id="realLights_6" node="0>23|0|6|1|1" />
  <i3dMapping id="spotLight01_6" node="0>23|0|6|1|1|0" />
  <i3dMapping id="ceilingLamp02_7" node="0>23|0|7" />
  <i3dMapping id="ceilingLampCable_7" node="0>23|0|7|0" />
  <i3dMapping id="Illum_7" node="0>23|0|7|1" />
  <i3dMapping id="selfLit_7" node="0>23|0|7|1|0" />
  <i3dMapping id="ceilingLampInnerLit_7" node="0>23|0|7|1|0|0" />
  <i3dMapping id="bulblit_7" node="0>23|0|7|1|0|1" />
  <i3dMapping id="realLights_7" node="0>23|0|7|1|1" />
  <i3dMapping id="spotLight01_7" node="0>23|0|7|1|1|0" />
  <i3dMapping id="ceilingLamp02_8" node="0>23|0|8" />
  <i3dMapping id="ceilingLampCable_8" node="0>23|0|8|0" />
  <i3dMapping id="Illum_8" node="0>23|0|8|1" />
  <i3dMapping id="selfLit_8" node="0>23|0|8|1|0" />
  <i3dMapping id="ceilingLampInnerLit_8" node="0>23|0|8|1|0|0" />
  <i3dMapping id="bulblit_8" node="0>23|0|8|1|0|1" />
  <i3dMapping id="realLights_8" node="0>23|0|8|1|1" />
  <i3dMapping id="spotLight01_8" node="0>23|0|8|1|1|0" />
  <i3dMapping id="ceilingLamp02_9" node="0>23|0|9" />
  <i3dMapping id="ceilingLampCable_9" node="0>23|0|9|0" />
  <i3dMapping id="Illum_9" node="0>23|0|9|1" />
  <i3dMapping id="selfLit_9" node="0>23|0|9|1|0" />
  <i3dMapping id="ceilingLampInnerLit_9" node="0>23|0|9|1|0|0" />
  <i3dMapping id="bulblit_9" node="0>23|0|9|1|0|1" />
  <i3dMapping id="realLights_9" node="0>23|0|9|1|1" />
  <i3dMapping id="spotLight01_9" node="0>23|0|9|1|1|0" />
  <i3dMapping id="Right" node="0>23|1" />
  <i3dMapping id="ceilingLamp02_10" node="0>23|1|0" />
  <i3dMapping id="ceilingLampCable_10" node="0>23|1|0|0" />
  <i3dMapping id="Illum_10" node="0>23|1|0|1" />
  <i3dMapping id="selfLit_10" node="0>23|1|0|1|0" />
  <i3dMapping id="ceilingLampInnerLit_10" node="0>23|1|0|1|0|0" />
  <i3dMapping id="bulblit_10" node="0>23|1|0|1|0|1" />
  <i3dMapping id="realLights_10" node="0>23|1|0|1|1" />
  <i3dMapping id="spotLight01_10" node="0>23|1|0|1|1|0" />
  <i3dMapping id="ceilingLamp02_11" node="0>23|1|1" />
  <i3dMapping id="ceilingLampCable_11" node="0>23|1|1|0" />
  <i3dMapping id="Illum_11" node="0>23|1|1|1" />
  <i3dMapping id="selfLit_11" node="0>23|1|1|1|0" />
  <i3dMapping id="ceilingLampInnerLit_11" node="0>23|1|1|1|0|0" />
  <i3dMapping id="bulblit_11" node="0>23|1|1|1|0|1" />
  <i3dMapping id="realLights_11" node="0>23|1|1|1|1" />
  <i3dMapping id="spotLight01_11" node="0>23|1|1|1|1|0" />
  <i3dMapping id="ceilingLamp02_12" node="0>23|1|2" />
  <i3dMapping id="ceilingLampCable_12" node="0>23|1|2|0" />
  <i3dMapping id="Illum_12" node="0>23|1|2|1" />
  <i3dMapping id="selfLit_12" node="0>23|1|2|1|0" />
  <i3dMapping id="ceilingLampInnerLit_12" node="0>23|1|2|1|0|0" />
  <i3dMapping id="bulblit_12" node="0>23|1|2|1|0|1" />
  <i3dMapping id="realLights_12" node="0>23|1|2|1|1" />
  <i3dMapping id="spotLight01_12" node="0>23|1|2|1|1|0" />
  <i3dMapping id="ceilingLamp02_13" node="0>23|1|3" />
  <i3dMapping id="ceilingLampCable_13" node="0>23|1|3|0" />
  <i3dMapping id="Illum_13" node="0>23|1|3|1" />
  <i3dMapping id="selfLit_13" node="0>23|1|3|1|0" />
  <i3dMapping id="ceilingLampInnerLit_13" node="0>23|1|3|1|0|0" />
  <i3dMapping id="bulblit_13" node="0>23|1|3|1|0|1" />
  <i3dMapping id="realLights_13" node="0>23|1|3|1|1" />
  <i3dMapping id="spotLight01_13" node="0>23|1|3|1|1|0" />
  <i3dMapping id="Outdoor" node="0>23|2" />
  <i3dMapping id="fwarehouseWallLamp_0" node="0>23|2|0" />
  <i3dMapping id="warehouseWallLampWire_0" node="0>23|2|0|0" />
  <i3dMapping id="bulbUnlit_0" node="0>23|2|0|1" />
  <i3dMapping id="illum_0" node="0>23|2|0|2" />
  <i3dMapping id="selfLit_14" node="0>23|2|0|2|0" />
  <i3dMapping id="warehouseWallLampWireLit_0" node="0>23|2|0|2|0|0" />
  <i3dMapping id="warehouseWallLampInnerLit_0" node="0>23|2|0|2|0|1" />
  <i3dMapping id="bulbLit_0" node="0>23|2|0|2|0|2" />
  <i3dMapping id="realLights_14" node="0>23|2|0|2|1" />
  <i3dMapping id="spotLight_0" node="0>23|2|0|2|1|0" />
  <i3dMapping id="fwarehouseWallLamp_1" node="0>23|2|1" />
  <i3dMapping id="warehouseWallLampWire_1" node="0>23|2|1|0" />
  <i3dMapping id="bulbUnlit_1" node="0>23|2|1|1" />
  <i3dMapping id="illum_1" node="0>23|2|1|2" />
  <i3dMapping id="selfLit_15" node="0>23|2|1|2|0" />
  <i3dMapping id="warehouseWallLampWireLit_1" node="0>23|2|1|2|0|0" />
  <i3dMapping id="warehouseWallLampInnerLit_1" node="0>23|2|1|2|0|1" />
  <i3dMapping id="bulbLit_1" node="0>23|2|1|2|0|2" />
  <i3dMapping id="realLights_15" node="0>23|2|1|2|1" />
  <i3dMapping id="spotLight_1" node="0>23|2|1|2|1|0" />
  <i3dMapping id="fwarehouseWallLamp_2" node="0>23|2|2" />
  <i3dMapping id="warehouseWallLampWire_2" node="0>23|2|2|0" />
  <i3dMapping id="bulbUnlit_2" node="0>23|2|2|1" />
  <i3dMapping id="illum_2" node="0>23|2|2|2" />
  <i3dMapping id="selfLit_16" node="0>23|2|2|2|0" />
  <i3dMapping id="warehouseWallLampWireLit_2" node="0>23|2|2|2|0|0" />
  <i3dMapping id="warehouseWallLampInnerLit_2" node="0>23|2|2|2|0|1" />
  <i3dMapping id="bulbLit_2" node="0>23|2|2|2|0|2" />
  <i3dMapping id="realLights_16" node="0>23|2|2|2|1" />
  <i3dMapping id="spotLight_2" node="0>23|2|2|2|1|0" />
  <i3dMapping id="fwarehouseWallLamp_3" node="0>23|2|3" />
  <i3dMapping id="warehouseWallLampWire_3" node="0>23|2|3|0" />
  <i3dMapping id="bulbUnlit_3" node="0>23|2|3|1" />
  <i3dMapping id="illum_3" node="0>23|2|3|2" />
  <i3dMapping id="selfLit_17" node="0>23|2|3|2|0" />
  <i3dMapping id="warehouseWallLampWireLit_3" node="0>23|2|3|2|0|0" />
  <i3dMapping id="warehouseWallLampInnerLit_3" node="0>23|2|3|2|0|1" />
  <i3dMapping id="bulbLit_3" node="0>23|2|3|2|0|2" />
  <i3dMapping id="realLights_17" node="0>23|2|3|2|1" />
  <i3dMapping id="spotLight_3" node="0>23|2|3|2|1|0" />
  <i3dMapping id="fwarehouseWallLamp_4" node="0>23|2|4" />
  <i3dMapping id="warehouseWallLampWire_4" node="0>23|2|4|0" />
  <i3dMapping id="bulbUnlit_4" node="0>23|2|4|1" />
  <i3dMapping id="illum_4" node="0>23|2|4|2" />
  <i3dMapping id="selfLit_18" node="0>23|2|4|2|0" />
  <i3dMapping id="warehouseWallLampWireLit_4" node="0>23|2|4|2|0|0" />
  <i3dMapping id="warehouseWallLampInnerLit_4" node="0>23|2|4|2|0|1" />
  <i3dMapping id="bulbLit_4" node="0>23|2|4|2|0|2" />
  <i3dMapping id="realLights_18" node="0>23|2|4|2|1" />
  <i3dMapping id="spotLight_4" node="0>23|2|4|2|1|0" />
  <i3dMapping id="fwarehouseWallLamp_5" node="0>23|2|5" />
  <i3dMapping id="warehouseWallLampWire_5" node="0>23|2|5|0" />
  <i3dMapping id="bulbUnlit_5" node="0>23|2|5|1" />
  <i3dMapping id="illum_5" node="0>23|2|5|2" />
  <i3dMapping id="selfLit_19" node="0>23|2|5|2|0" />
  <i3dMapping id="warehouseWallLampWireLit_5" node="0>23|2|5|2|0|0" />
  <i3dMapping id="warehouseWallLampInnerLit_5" node="0>23|2|5|2|0|1" />
  <i3dMapping id="bulbLit_5" node="0>23|2|5|2|0|2" />
  <i3dMapping id="realLights_19" node="0>23|2|5|2|1" />
  <i3dMapping id="spotLight_5" node="0>23|2|5|2|1|0" />
  <i3dMapping id="fwarehouseWallLamp_6" node="0>23|2|6" />
  <i3dMapping id="warehouseWallLampWire_6" node="0>23|2|6|0" />
  <i3dMapping id="bulbUnlit_6" node="0>23|2|6|1" />
  <i3dMapping id="illum_6" node="0>23|2|6|2" />
  <i3dMapping id="selfLit_20" node="0>23|2|6|2|0" />
  <i3dMapping id="warehouseWallLampWireLit_6" node="0>23|2|6|2|0|0" />
  <i3dMapping id="warehouseWallLampInnerLit_6" node="0>23|2|6|2|0|1" />
  <i3dMapping id="bulbLit_6" node="0>23|2|6|2|0|2" />
  <i3dMapping id="realLights_20" node="0>23|2|6|2|1" />
  <i3dMapping id="spotLight_6" node="0>23|2|6|2|1|0" />
  <i3dMapping id="indoor" node="0>23|3" />
  <i3dMapping id="ceilingLamp02_14" node="0>23|3|0" />
  <i3dMapping id="ceilingLampCable_14" node="0>23|3|0|0" />
  <i3dMapping id="Illum_14" node="0>23|3|0|1" />
  <i3dMapping id="selfLit_21" node="0>23|3|0|1|0" />
  <i3dMapping id="ceilingLampInnerLit_14" node="0>23|3|0|1|0|0" />
  <i3dMapping id="bulblit_14" node="0>23|3|0|1|0|1" />
  <i3dMapping id="realLights_21" node="0>23|3|0|1|1" />
  <i3dMapping id="spotLight01_14" node="0>23|3|0|1|1|0" />
  <i3dMapping id="ceilingLamp02_15" node="0>23|3|1" />
  <i3dMapping id="ceilingLampCable_15" node="0>23|3|1|0" />
  <i3dMapping id="Illum_15" node="0>23|3|1|1" />
  <i3dMapping id="selfLit_22" node="0>23|3|1|1|0" />
  <i3dMapping id="ceilingLampInnerLit_15" node="0>23|3|1|1|0|0" />
  <i3dMapping id="bulblit_15" node="0>23|3|1|1|0|1" />
  <i3dMapping id="realLights_22" node="0>23|3|1|1|1" />
  <i3dMapping id="spotLight01_15" node="0>23|3|1|1|1|0" />
  <i3dMapping id="ceilingLamp02_16" node="0>23|3|2" />
  <i3dMapping id="ceilingLampCable_16" node="0>23|3|2|0" />
  <i3dMapping id="Illum_16" node="0>23|3|2|1" />
  <i3dMapping id="selfLit_23" node="0>23|3|2|1|0" />
  <i3dMapping id="ceilingLampInnerLit_16" node="0>23|3|2|1|0|0" />
  <i3dMapping id="bulblit_16" node="0>23|3|2|1|0|1" />
  <i3dMapping id="realLights_23" node="0>23|3|2|1|1" />
  <i3dMapping id="spotLight01_16" node="0>23|3|2|1|1|0" />
  <i3dMapping id="ceilingLamp02_17" node="0>23|3|3" />
  <i3dMapping id="ceilingLampCable_17" node="0>23|3|3|0" />
  <i3dMapping id="Illum_17" node="0>23|3|3|1" />
  <i3dMapping id="selfLit_24" node="0>23|3|3|1|0" />
  <i3dMapping id="ceilingLampInnerLit_17" node="0>23|3|3|1|0|0" />
  <i3dMapping id="bulblit_17" node="0>23|3|3|1|0|1" />
  <i3dMapping id="realLights_24" node="0>23|3|3|1|1" />
  <i3dMapping id="spotLight01_17" node="0>23|3|3|1|1|0" />
  <i3dMapping id="ceilingLamp02_18" node="0>23|3|4" />
  <i3dMapping id="ceilingLampCable_18" node="0>23|3|4|0" />
  <i3dMapping id="Illum_18" node="0>23|3|4|1" />
  <i3dMapping id="selfLit_25" node="0>23|3|4|1|0" />
  <i3dMapping id="ceilingLampInnerLit_18" node="0>23|3|4|1|0|0" />
  <i3dMapping id="bulblit_18" node="0>23|3|4|1|0|1" />
  <i3dMapping id="realLights_25" node="0>23|3|4|1|1" />
  <i3dMapping id="spotLight01_18" node="0>23|3|4|1|1|0" />
  <i3dMapping id="ceilingLamp02_19" node="0>23|3|5" />
  <i3dMapping id="ceilingLampCable_19" node="0>23|3|5|0" />
  <i3dMapping id="Illum_19" node="0>23|3|5|1" />
  <i3dMapping id="selfLit_26" node="0>23|3|5|1|0" />
  <i3dMapping id="ceilingLampInnerLit_19" node="0>23|3|5|1|0|0" />
  <i3dMapping id="bulblit_19" node="0>23|3|5|1|0|1" />
  <i3dMapping id="realLights_26" node="0>23|3|5|1|1" />
  <i3dMapping id="spotLight01_19" node="0>23|3|5|1|1|0" />
  <i3dMapping id="ceilingLamp02_20" node="0>23|3|6" />
  <i3dMapping id="ceilingLampCable_20" node="0>23|3|6|0" />
  <i3dMapping id="Illum_20" node="0>23|3|6|1" />
  <i3dMapping id="selfLit_27" node="0>23|3|6|1|0" />
  <i3dMapping id="ceilingLampInnerLit_20" node="0>23|3|6|1|0|0" />
  <i3dMapping id="bulblit_20" node="0>23|3|6|1|0|1" />
  <i3dMapping id="realLights_27" node="0>23|3|6|1|1" />
  <i3dMapping id="spotLight01_20" node="0>23|3|6|1|1|0" />
  <i3dMapping id="ceilingLamp02_21" node="0>23|3|7" />
  <i3dMapping id="ceilingLampCable_21" node="0>23|3|7|0" />
  <i3dMapping id="Illum_21" node="0>23|3|7|1" />
  <i3dMapping id="selfLit_28" node="0>23|3|7|1|0" />
  <i3dMapping id="ceilingLampInnerLit_21" node="0>23|3|7|1|0|0" />
  <i3dMapping id="bulblit_21" node="0>23|3|7|1|0|1" />
  <i3dMapping id="realLights_28" node="0>23|3|7|1|1" />
  <i3dMapping id="spotLight01_21" node="0>23|3|7|1|1|0" />
  <i3dMapping id="ceilingLamp02_22" node="0>23|3|8" />
  <i3dMapping id="ceilingLampCable_22" node="0>23|3|8|0" />
  <i3dMapping id="Illum_22" node="0>23|3|8|1" />
  <i3dMapping id="selfLit_29" node="0>23|3|8|1|0" />
  <i3dMapping id="ceilingLampInnerLit_22" node="0>23|3|8|1|0|0" />
  <i3dMapping id="bulblit_22" node="0>23|3|8|1|0|1" />
  <i3dMapping id="realLights_29" node="0>23|3|8|1|1" />
  <i3dMapping id="spotLight01_22" node="0>23|3|8|1|1|0" />
  <i3dMapping id="ceilingLamp02_23" node="0>23|3|9" />
  <i3dMapping id="ceilingLampCable_23" node="0>23|3|9|0" />
  <i3dMapping id="Illum_23" node="0>23|3|9|1" />
  <i3dMapping id="selfLit_30" node="0>23|3|9|1|0" />
  <i3dMapping id="ceilingLampInnerLit_23" node="0>23|3|9|1|0|0" />
  <i3dMapping id="bulblit_23" node="0>23|3|9|1|0|1" />
  <i3dMapping id="realLights_30" node="0>23|3|9|1|1" />
  <i3dMapping id="spotLight01_23" node="0>23|3|9|1|1|0" />
  <i3dMapping id="ceilingLamp02_24" node="0>23|3|10" />
  <i3dMapping id="ceilingLampCable_24" node="0>23|3|10|0" />
  <i3dMapping id="Illum_24" node="0>23|3|10|1" />
  <i3dMapping id="selfLit_31" node="0>23|3|10|1|0" />
  <i3dMapping id="ceilingLampInnerLit_24" node="0>23|3|10|1|0|0" />
  <i3dMapping id="bulblit_24" node="0>23|3|10|1|0|1" />
  <i3dMapping id="realLights_31" node="0>23|3|10|1|1" />
  <i3dMapping id="spotLight01_24" node="0>23|3|10|1|1|0" />
  <i3dMapping id="ceilingLamp02_25" node="0>23|3|11" />
  <i3dMapping id="ceilingLampCable_25" node="0>23|3|11|0" />
  <i3dMapping id="Illum_25" node="0>23|3|11|1" />
  <i3dMapping id="selfLit_32" node="0>23|3|11|1|0" />
  <i3dMapping id="ceilingLampInnerLit_25" node="0>23|3|11|1|0|0" />
  <i3dMapping id="bulblit_25" node="0>23|3|11|1|0|1" />
  <i3dMapping id="realLights_32" node="0>23|3|11|1|1" />
  <i3dMapping id="spotLight01_25" node="0>23|3|11|1|1|0" />
  <i3dMapping id="tipOcclusionUpdateAreas" node="0>24" />
  <i3dMapping id="tipOcclusionUpdateArea1Start" node="0>24|0" />
  <i3dMapping id="tipOcclusionUpdateArea1End" node="0>24|0|0" />
  <i3dMapping id="testAreas" node="0>25" />
  <i3dMapping id="testArea1Start" node="0>25|0" />
  <i3dMapping id="testArea1End" node="0>25|0|0" />
  <i3dMapping id="indoorAreas" node="0>26" />
  <i3dMapping id="indoorArea1Start" node="0>26|0" />
  <i3dMapping id="indoorArea1Width" node="0>26|0|0" />
  <i3dMapping id="indoorArea1Height" node="0>26|0|1" />
  <i3dMapping id="indoorArea2Start" node="0>26|1" />
  <i3dMapping id="indoorArea2Width" node="0>26|1|0" />
  <i3dMapping id="indoorArea2Height" node="0>26|1|1" />
  <i3dMapping id="indoorArea3Start" node="0>26|2" />
  <i3dMapping id="indoorArea3Width" node="0>26|2|0" />
  <i3dMapping id="indoorArea3Height" node="0>26|2|1" />
  <i3dMapping id="clearAreas" node="0>27" />
  <i3dMapping id="clearArea1Start" node="0>27|0" />
  <i3dMapping id="clearArea1Width" node="0>27|0|0" />
  <i3dMapping id="clearArea1Height" node="0>27|0|1" />
  <i3dMapping id="clearArea2Start" node="0>27|1" />
  <i3dMapping id="clearArea2Width" node="0>27|1|0" />
  <i3dMapping id="clearArea2Height" node="0>27|1|1" />
  <i3dMapping id="paintAreas" node="0>28" />
  <i3dMapping id="paintArea1Start" node="0>28|0" />
  <i3dMapping id="paintArea1Width" node="0>28|0|0" />
  <i3dMapping id="paintArea1Height" node="0>28|0|1" />
  <i3dMapping id="foliageAreas" node="0>29" />
  <i3dMapping id="foliageArea1Start" node="0>29|0" />
  <i3dMapping id="foliageArea1Width" node="0>29|0|0" />
  <i3dMapping id="foliageArea1Height" node="0>29|0|1" />
  <i3dMapping id="levelAreas" node="0>30" />
  <i3dMapping id="levelArea1Start" node="0>30|0" />
  <i3dMapping id="levelArea1Width" node="0>30|0|0" />
  <i3dMapping id="levelArea1Height" node="0>30|0|1" />
  <i3dMapping id="InsideDoorSound" node="0>31" />
  <i3dMapping id="BarnDoorSound02" node="0>32" />
  <i3dMapping id="BarnDoorSound01" node="0>33" />
  <i3dMapping id="insideDoor_Trigger" node="0>34" />
  <i3dMapping id="barnDoor01_Trigger" node="0>35" />
  <i3dMapping id="barnDoor02_Trigger" node="0>36" />
  <i3dMapping id="Windows" node="0>37" />
  <i3dMapping id="Window" node="0>37|0" />
  <i3dMapping id="OccluderMeshesRedbarn2" node="0>38" />
  <i3dMapping id="occluderMeshExtensionInside" node="0>38|0" />
  <i3dMapping id="occluderMeshExtensionOutside" node="0>38|1" />
  <i3dMapping id="occluderMeshInside" node="0>38|2" />
  <i3dMapping id="occluderMeshOutside" node="0>38|3" />
  <i3dMapping id="occluderMesh_door1Inside" node="0>38|4" />
  <i3dMapping id="occluderMesh_door1Outside" node="0>38|5" />
  <i3dMapping id="occluderMesh_door2Inside" node="0>38|6" />
  <i3dMapping id="occluderMesh_door2Outside" node="0>38|7" />
</i3dMappings>
</placeable>
