<?xml version="1.0" encoding="utf-8" standalone="no" ?>
<placeable type="beehivePalletSpawner" xmlns:xsi="http://www.w3.org/2001/XMLSchema-instance" xsi:noNamespaceSchemaLocation="../../../../../shared/xml/schema/placeable.xsd">
    <storeData>
        <name>$l10n_beeHivePalletSpawnLocation</name>
        <image>store_beeHivePalletSpawner.dds</image>
        <price>200</price>
        <functions>
            <function>$l10n_function_beehiveHoneyPalletSpawner</function>
        </functions>
        <showInStore>true</showInStore>
        <lifetime>1000</lifetime>
        <rotation>0</rotation>
        <brand>NONE</brand>
        <species>placeable</species>
        <category>beeHives</category>
		
        <brush>
            <type>placeable</type>
            <category>animals</category>
            <tab>bees</tab>
        </brush>
       

        <storeIconRendering>
            <settings cameraXRot="-30" cameraYRot="5" advancedBoundingBox="true" showTriggerMarkers="true"/>
        </storeIconRendering>
       
        <vertexBufferMemoryUsage>216832</vertexBufferMemoryUsage>
        <indexBufferMemoryUsage>29184</indexBufferMemoryUsage>
        <textureMemoryUsage>5767168</textureMemoryUsage>
        <audioMemoryUsage>0</audioMemoryUsage>
        <instanceVertexBufferMemoryUsage>0</instanceVertexBufferMemoryUsage>
        <instanceIndexBufferMemoryUsage>0</instanceIndexBufferMemoryUsage>
    </storeData>

    <base>
        <filename>Redbarn_HoneyPalletSpawner.i3d</filename>
        <canBeRenamed>true</canBeRenamed>
		<boughtWithFarmland>true</boughtWithFarmland>
    </base>

    <placement useRandomYRotation="false" useManualYRotation="true" >
        <testAreas>
            <testArea startNode="testArea1Start" endNode="testArea1End" />
        </testAreas>

        <sounds>
            <place template="smallImp" />
            <placeLayered template="palletsFillWood" volumeScale="0.7"/>
        </sounds>
    </placement>

    <clearAreas>
        <clearArea startNode="clearArea1Start" widthNode="clearArea1Width" heightNode="clearArea1Height"/>
    </clearAreas>

    <leveling requireLeveling="true" maxSmoothDistance="1" maxSlope="75" maxEdgeAngle="30" >
        <levelAreas>
            <levelArea startNode="levelArea1Start" widthNode="levelArea1Width" heightNode="levelArea1Height" />
        </levelAreas>
    </leveling>

    <indoorAreas>
         <indoorArea startNode="indoorArea1Start" widthNode="indoorArea1Width" heightNode="indoorArea1Height"/>
    </indoorAreas>

    <ai>
        <updateAreas>
            <updateArea startNode="tipOcclusionUpdateArea1Start" endNode="tipOcclusionUpdateArea1End"/>
        </updateAreas>
    </ai>

    <tipOcclusionUpdateAreas>
        <tipOcclusionUpdateArea startNode="tipOcclusionUpdateArea1Start" endNode="tipOcclusionUpdateArea1End" />
    </tipOcclusionUpdateAreas>

    <infoTrigger triggerNode="infoTrigger" />

    <hotspots>
        <hotspot type="LOADING" linkNode="Redbarn_HoneyPalletSpawner" teleportNode="teleportNode"/>
    </hotspots>


    <beehivePalletSpawner>
        <spawnPlaces>
            <spawnPlace startNode="spawnSpace1start" />
			<spawnPlace startNode="spawnSpace2start" />
			<spawnPlace startNode="spawnSpace3start" />
			<spawnPlace startNode="spawnSpace4start" />
			<spawnPlace startNode="spawnSpace5start" />
			<spawnPlace startNode="spawnSpace6start" />
			<spawnPlace startNode="spawnSpace7start" />
			<spawnPlace startNode="spawnSpace8start" />
			<spawnPlace startNode="spawnSpace9start" />
			<spawnPlace startNode="spawnSpace10start" />
			<spawnPlace startNode="spawnSpace11start" />
			<spawnPlace startNode="spawnSpace12start" />
			<spawnPlace startNode="spawnSpace13start" />
			<spawnPlace startNode="spawnSpace14start" />
			<spawnPlace startNode="spawnSpace15start" />
			
        </spawnPlaces>
    </beehivePalletSpawner>

<i3dMappings>
  <i3dMapping id="Redbarn_HoneyPalletSpawner" node="0>" />
  <i3dMapping id="Areas" node="0>0" />
  <i3dMapping id="clearAreas" node="0>0|0" />
  <i3dMapping id="clearArea1Start" node="0>0|0|0" />
  <i3dMapping id="clearArea1Height" node="0>0|0|0|0" />
  <i3dMapping id="clearArea1Width" node="0>0|0|0|1" />
  <i3dMapping id="indoorAreas" node="0>0|1" />
  <i3dMapping id="indoorArea1Start" node="0>0|1|0" />
  <i3dMapping id="indoorArea1Height" node="0>0|1|0|0" />
  <i3dMapping id="indoorArea1Width" node="0>0|1|0|1" />
  <i3dMapping id="levelAreas" node="0>0|2" />
  <i3dMapping id="levelArea1Start" node="0>0|2|0" />
  <i3dMapping id="levelArea1Height" node="0>0|2|0|0" />
  <i3dMapping id="levelArea1Width" node="0>0|2|0|1" />
  <i3dMapping id="testAreas" node="0>0|3" />
  <i3dMapping id="testArea1Start" node="0>0|3|0" />
  <i3dMapping id="testArea1End" node="0>0|3|0|0" />
  <i3dMapping id="tipOcclusionUpdateAreas" node="0>0|4" />
  <i3dMapping id="tipOcclusionUpdateArea1Start" node="0>0|4|0" />
  <i3dMapping id="tipOcclusionUpdateArea1End" node="0>0|4|0|0" />
  <i3dMapping id="Visuals" node="0>1" />
  <i3dMapping id="Collision" node="0>1|0" />
  <i3dMapping id="Floor" node="0>1|1" />
  <i3dMapping id="Inner_Roof" node="0>1|2" />
  <i3dMapping id="Roof" node="0>1|3" />
  <i3dMapping id="Siding" node="0>1|4" />
  <i3dMapping id="Structure" node="0>1|5" />
  <i3dMapping id="TrimWork" node="0>1|6" />
  <i3dMapping id="infoTrigger" node="0>2" />
  <i3dMapping id="palletSpawner" node="0>3" />
  <i3dMapping id="spawnSpace10start" node="0>3|0" />
  <i3dMapping id="spawnSpace10end" node="0>3|0|0" />
  <i3dMapping id="spawnSpace11start" node="0>3|1" />
  <i3dMapping id="spawnSpace11end" node="0>3|1|0" />
  <i3dMapping id="spawnSpace12start" node="0>3|2" />
  <i3dMapping id="spawnSpace12end" node="0>3|2|0" />
  <i3dMapping id="spawnSpace13start" node="0>3|3" />
  <i3dMapping id="spawnSpace13end" node="0>3|3|0" />
  <i3dMapping id="spawnSpace14start" node="0>3|4" />
  <i3dMapping id="spawnSpace14end" node="0>3|4|0" />
  <i3dMapping id="spawnSpace15start" node="0>3|5" />
  <i3dMapping id="spawnSpace15end" node="0>3|5|0" />
  <i3dMapping id="spawnSpace1start" node="0>3|6" />
  <i3dMapping id="spawnSpace1end" node="0>3|6|0" />
  <i3dMapping id="spawnSpace2start" node="0>3|7" />
  <i3dMapping id="spawnSpace2end" node="0>3|7|0" />
  <i3dMapping id="spawnSpace3start" node="0>3|8" />
  <i3dMapping id="spawnSpace3end" node="0>3|8|0" />
  <i3dMapping id="spawnSpace4start" node="0>3|9" />
  <i3dMapping id="spawnSpace4end" node="0>3|9|0" />
  <i3dMapping id="spawnSpace5start" node="0>3|10" />
  <i3dMapping id="spawnSpace5end" node="0>3|10|0" />
  <i3dMapping id="spawnSpace6start" node="0>3|11" />
  <i3dMapping id="spawnSpace6end" node="0>3|11|0" />
  <i3dMapping id="spawnSpace7start" node="0>3|12" />
  <i3dMapping id="spawnSpace7end" node="0>3|12|0" />
  <i3dMapping id="spawnSpace8start" node="0>3|13" />
  <i3dMapping id="spawnSpace8end" node="0>3|13|0" />
  <i3dMapping id="spawnSpace9start" node="0>3|14" />
  <i3dMapping id="spawnSpace9end" node="0>3|14|0" />
  <i3dMapping id="teleportNode" node="0>4" />
</i3dMappings>
</placeable>
