<?xml version="1.0" encoding="utf-8" standalone="no" ?>
<placeable type="cowHusbandryManure" xmlns:xsi="http://www.w3.org/2001/XMLSchema-instance" xsi:noNamespaceSchemaLocation="../../../../shared/xml/schema/placeable.xsd">
    <storeData>
        <name>$l10n_storeItem_animalBarnCowMedium</name>
        <image>store_redcowbarn.dds</image>
        <price>100000</price>
        <functions>
            <function>$l10n_function_animalPenCow</function>
        </functions>
        <lifetime>1000</lifetime>
        <dailyUpkeep>50</dailyUpkeep>
        <rotation>0</rotation>
        <brand>NONE</brand>
        <species>placeable</species>
        <category>animalpens</category>
        <brush>
            <type>placeable</type>
            <category>animals</category>
            <tab>cows</tab>
        </brush>


        <storeIconRendering>
            <settings cameraXRot="-20" cameraYRot="50" advancedBoundingBox="true"/>
        </storeIconRendering>
        
        <vertexBufferMemoryUsage>6970112</vertexBufferMemoryUsage>
        <indexBufferMemoryUsage>984576</indexBufferMemoryUsage>
        <textureMemoryUsage>28704768</textureMemoryUsage>
        <audioMemoryUsage>0</audioMemoryUsage>
        <instanceVertexBufferMemoryUsage>0</instanceVertexBufferMemoryUsage>
        <instanceIndexBufferMemoryUsage>0</instanceIndexBufferMemoryUsage>
    </storeData>

    <base>
        <filename>RedCowBarn.i3d</filename>
        <canBeRenamed>true</canBeRenamed>
		<boughtWithFarmland>true</boughtWithFarmland>
    </base>

    <placement useRandomYRotation="false" useManualYRotation="true" >
        <testAreas>
            <testArea startNode="testArea1Start" endNode="testArea1End" />
            
        </testAreas>

        <sounds>
            <place template="medImp" />
            <placeLayered template="cowLayer" />
        </sounds>
    </placement>

    <clearAreas>
        <clearArea startNode="clearArea1Start" widthNode="clearArea1Width" heightNode="clearArea1Height"/>
        <clearArea startNode="clearArea2Start" widthNode="clearArea2Width" heightNode="clearArea2Height"/>
		<clearArea startNode="clearArea3Start" widthNode="clearArea3Width" heightNode="clearArea3Height"/>
		<clearArea startNode="clearArea4Start" widthNode="clearArea4Width" heightNode="clearArea4Height"/>
		<clearArea startNode="clearArea5Start" widthNode="clearArea5Width" heightNode="clearArea5Height"/>
		<clearArea startNode="clearArea6Start" widthNode="clearArea6Width" heightNode="clearArea6Height"/>
    </clearAreas>

    <leveling requireLeveling="true" maxSmoothDistance="10" maxSlope="75" maxEdgeAngle="30">
        <levelAreas>
            <levelArea startNode="levelArea1Start" widthNode="levelArea1Width" heightNode="levelArea1Height" groundType="dirt"/>
			<levelArea startNode="levelArea2Start" widthNode="levelArea2Width" heightNode="levelArea2Height" groundType="dirt"/>
			<levelArea startNode="levelArea3Start" widthNode="levelArea3Width" heightNode="levelArea3Height" groundType="dirt"/>
			<levelArea startNode="levelArea4Start" widthNode="levelArea4Width" heightNode="levelArea4Height" groundType="dirt"/>
			<levelArea startNode="levelArea5Start" widthNode="levelArea5Width" heightNode="levelArea5Height" groundType="dirt"/>
			
		
        </levelAreas>

        <paintAreas>
            <paintArea startNode="paintArea1Start" widthNode="paintArea1Width" heightNode="paintArea1Height" groundType="grass" />
			<paintArea startNode="paintArea2Start" widthNode="paintArea2Width" heightNode="paintArea2Height" groundType="dirt" />
			<paintArea startNode="paintArea3Start" widthNode="paintArea3Width" heightNode="paintArea3Height" groundType="dirt" />
			<paintArea startNode="paintArea4Start" widthNode="paintArea4Width" heightNode="paintArea4Height" groundType="grass" />
			<paintArea startNode="paintArea5Start" widthNode="paintArea5Width" heightNode="paintArea5Height" groundType="grass" />
			<paintArea startNode="paintArea6Start" widthNode="paintArea6Width" heightNode="paintArea6Height" groundType="gravel" />
			
        </paintAreas>
    </leveling>

    <foliageAreas>
        <foliageArea startNode="foliageArea1Start" widthNode="foliageArea1Width" heightNode="foliageArea1Height" decoFoliage="grassShort" />

		
    </foliageAreas>

    <indoorAreas>
        <indoorArea startNode="indoorArea1Start" widthNode="indoorArea1Width" heightNode="indoorArea1Height"/>
        <indoorArea startNode="indoorArea2Start" widthNode="indoorArea2Width" heightNode="indoorArea2Height"/>
		<indoorArea startNode="indoorArea3Start" widthNode="indoorArea3Width" heightNode="indoorArea3Height"/>
    </indoorAreas>

    <triggerMarkers>
        <triggerMarker node="markerMilk" filename="$data/shared/assets/marker/markerIcons.xml" id="LOAD" />
        <triggerMarker node="markerFood" filename="$data/shared/assets/marker/markerIcons.xml" id="UNLOAD" />
		<triggerMarker node="markerBales" filename="$data/shared/assets/marker/markerIcons.xml" id="UNLOAD" />
        <triggerMarker node="markerAnimals" filename="$data/shared/assets/marker/markerIcons.xml" id="ANIMALS" />
        <triggerMarker node="markerLiquidManure" filename="$data/shared/assets/marker/markerIcons.xml" id="LOAD" />
		<triggerMarker node="markerManure" filename="$data/shared/assets/marker/markerIcons.xml" id="LOAD" />
		<triggerMarker node="markerStrawBales" filename="$data/shared/assets/marker/markerIcons.xml" id="EXCLAMATION_MARK" />
		<triggerMarker node="markerStrawBale" filename="$data/shared/assets/marker/markerIcons.xml" id="UNLOAD" />
		<triggerMarker node="warningStripes" />
        <triggerMarker node="playerTriggerMarker" filename="$data/shared/assets/marker/markerIcons.xml" id="LOAD"   adjustToGround="false" />
        <triggerMarker node="objectTriggerMarker" filename="$data/shared/assets/marker/markerIcons.xml" id="UNLOAD" adjustToGround="false" />
    </triggerMarkers>
	
	<objectStorage supportsBales="true" supportsPallets="false" maxLength="8.5" maxWidth="6" maxHeight="3.5" capacity="300">
        <playerTrigger node="playerTrigger" />
        <objectTrigger node="objectTrigger" />
        <spawnAreas>
            <spawnArea startNode="spawnArea1Start" endNode="spawnArea1End"/>
        </spawnAreas>
        <storageAreas>
            <storageArea startNode="storageArea1Start" endNode="storageArea1End"/>
			
        </storageAreas>
    </objectStorage>

    <pointOfInterest>
        <point triggerNode="objectTrigger" text="$l10n_poi_objectStorageUnload" showOwner="true"  showEveryone="false"/>
        <point triggerNode="playerTrigger" text="$l10n_poi_objectStorageLoad"   showOwner="true"  showEveryone="false" />
    </pointOfInterest>

    <tipOcclusionUpdateAreas>
        <tipOcclusionUpdateArea startNode="tipOcclusionUpdateArea1Start" endNode="tipOcclusionUpdateArea1End" />
    </tipOcclusionUpdateAreas>

    <ai>
        <updateAreas>
            <updateArea startNode="tipOcclusionUpdateArea1Start" endNode="tipOcclusionUpdateArea1End" />
        </updateAreas>
    </ai>

    <hotspots>
        <hotspot type="COW" teleportNode="teleportNode" />
    </hotspots>

    <animatedObjects>
        <animatedObject saveId="Small_Door1" >
            <animation duration="3">
                <part node="Small_Door1">
                    <keyFrame time="0.0" translation="0 2.61663008 31.47400093"/>
                    <keyFrame time="1.0" translation="-3.648 2.61663008 31.47400093"/>
                </part>
				<part node="occluderMeshSmall_Door1_Inside">
                    <keyFrame time="0"    visibility="true" />
                    <keyFrame time="0.01" visibility="false" />
				</part>
				<part node="occluderMeshSmall_Door1_Outside">
                    <keyFrame time="0"    visibility="true" />
                    <keyFrame time="1" visibility="false" />
				</part>
                
            </animation>
            <controls triggerNode="SmallDoor1_Trigger" posAction="ACTIVATE_HANDTOOL" posText="action_openDoor" negText="action_closeDoor" />
            <sounds>
                <moving linkNode="Small_Door1_Sound" template="woodBigDoorLoop" />
                <posEnd linkNode="Small_Door1_Sound" template="woodDoorOpen" />
                <negEnd linkNode="Small_Door1_Sound" template="woodDoorClose" />
            </sounds>
        </animatedObject>
		<animatedObject saveId="Small_Door2" >
            <animation duration="3">
                <part node="Small_Door2">
                    <keyFrame time="0.0" translation="11.72500038 2.61663008 0.20152"/>
                    <keyFrame time="1.0" translation="11.72500038 2.61663008 3.33046484"/>
                </part>
			
                
            </animation>
            <controls triggerNode="SmallDoor2_Trigger" posAction="ACTIVATE_HANDTOOL" posText="action_openDoor" negText="action_closeDoor" />
            <sounds>
                <moving linkNode="Small_Door2_Sound" template="woodBigDoorLoop" />
                <posEnd linkNode="Small_Door2_Sound" template="woodDoorOpen" />
                <negEnd linkNode="Small_Door2_Sound" template="woodDoorClose" />
            </sounds>
        </animatedObject>
		<animatedObject saveId="Side_BarnDoor" >
            <animation duration="4">
                <part node="BarnDoor_Right02">
                    <keyFrame time="0.0" translation="-11.57900047 8.01949978 1.71148992"/>
                    <keyFrame time="1.0" translation="-11.57900047 8.01949978 4.36501646"/>
                </part>
				<part node="BarnDoor_Left02">
                    <keyFrame time="0.0" translation="-11.57900047 8.01949978 -1.71149993"/>
                    <keyFrame time="1.0" translation="-11.57900047 8.01949978 -4.38522387"/>
                </part>
				<part node="occluderMeshSideBarnDoor_Inside">
                    <keyFrame time="0"    visibility="true" />
                    <keyFrame time="0.01" visibility="false" />
				</part>
				<part node="occluderMeshSideBarnDoor_Outside">
                    <keyFrame time="0"    visibility="true" />
                    <keyFrame time="1" visibility="false" />
				</part>
                
            </animation>
            <controls triggerNode="BarnDoorTrigger" posAction="ACTIVATE_HANDTOOL" posText="action_openDoor" negText="action_closeDoor" />
            <sounds>
                <moving linkNode="BarnDoorSound" template="woodBigDoorLoop" />
                <posEnd linkNode="BarnDoorSound" template="woodDoorOpen" />
                <negEnd linkNode="BarnDoorSound" template="woodDoorClose" />
            </sounds>
        </animatedObject>
		<animatedObject saveId="ManDoor03" >
            <animation duration="3">
                <part node="ManDoor03">
                    <keyFrame time="0.0" rotation="0 0 0"/>
                    <keyFrame time="1.0" rotation="0 -160 0"/>
                </part>
	

                
            </animation>
            <controls triggerNode="ManDoor_Trigger" posAction="ACTIVATE_HANDTOOL" posText="action_openDoor" negText="action_closeDoor" />
            <sounds>
                <moving linkNode="ManDoorSound" template="woodBigDoorLoop" />
                <posEnd linkNode="ManDoorSound" template="woodDoorOpen" />
                <negEnd linkNode="ManDoorSound" template="woodDoorClose" />
            </sounds>
        </animatedObject>
		<animatedObject saveId="GateA" >
            <animation duration="3">
                <part node="GateA">
                    <keyFrame time="0.0" rotation="90 -90 0"/>
                    <keyFrame time="1.0" rotation="90 -180 0"/>
                </part>
                
            </animation>
            <controls triggerNode="gateA_Trigger" posAction="ACTIVATE_HANDTOOL" posText="action_openDoor" negText="action_closeDoor" />
            <sounds>
                <moving linkNode="gateA_Sound" template="slidingGateMetalLoop" />
                <posEnd linkNode="gateA_Sound" template="slidingGateMetalOpen" />
                <negEnd linkNode="gateA_Sound" template="slidingGateMetalClose" />
            </sounds>
        </animatedObject>
		<animatedObject saveId="Small_Inside_Gate" >
            <animation duration="2">
                <part node="Small_Left">
                    <keyFrame time="0.0" rotation="0 0 0"/>
                    <keyFrame time="1.0" rotation="0 -90 0"/>
                </part>
				<part node="Small_Right">
                    <keyFrame time="0.0" rotation="0 0 0"/>
                    <keyFrame time="1.0" rotation="0 90 0"/>
                </part>
                
            </animation>
            <controls triggerNode="Small_Gate_Trigger" posAction="ACTIVATE_HANDTOOL" posText="action_openDoor" negText="action_closeDoor" />
            <sounds>
                <moving linkNode="SmallGateSound" template="slidingGateMetalLoop" />
                <posEnd linkNode="SmallGateSound" template="slidingGateMetalOpen" />
                <negEnd linkNode="SmallGateSound" template="slidingGateMetalClose" />
            </sounds>
        </animatedObject>
		<animatedObject saveId="Metal_PastureGate" >
            <animation duration="4">
                <part node="Metal_PastureGate">
                    <keyFrame time="0.0" rotation="0 -90 0"/>
                    <keyFrame time="1.0" rotation="0 -270 0"/>
                </part>
                
            </animation>
            <controls triggerNode="Metal_PastureGate_Trigger" posAction="ACTIVATE_HANDTOOL" posText="action_openDoor" negText="action_closeDoor" />
            <sounds>
                <moving linkNode="Metal_PastureGate_Sound" template="slidingGateMetalLoop" />
                <posEnd linkNode="Metal_PastureGate_Sound" template="slidingGateMetalOpen" />
                <negEnd linkNode="Metal_PastureGate_Sound" template="slidingGateMetalClose" />
            </sounds>
        </animatedObject>
		<animatedObject saveId="SmallDouble_Door" >
            <animation duration="4">
                <part node="Double_Door_Left">
                    <keyFrame time="0.0" translation="1.82299995 2.54999995 -31.42620087"/>
                    <keyFrame time="1.0" translation="5.25 2.54999995 -31.42620087"/>
                </part>
				<part node="Double_Door_Right">
                    <keyFrame time="0.0" translation="-1.82299995 2.54999995 -31.42620087"/>
                    <keyFrame time="1.0" translation="-5.25 2.54999995 -31.42620087"/>
                </part>
				<part node="occluderMeshSmallDouble_Door_Inside">
                    <keyFrame time="0"    visibility="true" />
                    <keyFrame time="0.01" visibility="false" />
				</part>
				<part node="occluderMeshSmallDouble_Door_Outside">
                    <keyFrame time="0"    visibility="true" />
                    <keyFrame time="1" visibility="false" />
				</part>
                
            </animation>
            <controls triggerNode="DoubleBarnDoorTrigger" posAction="ACTIVATE_HANDTOOL" posText="action_openDoor" negText="action_closeDoor" />
            <sounds>
                <moving linkNode="DoubleBarnDoorSound" template="woodBigDoorLoop" />
                <posEnd linkNode="DoubleBarnDoorSound" template="woodDoorOpen" />
                <negEnd linkNode="DoubleBarnDoorSound" template="woodDoorClose" />
            </sounds>
        </animatedObject>
		<animatedObject saveId="BaleDoor" >
            <animation duration="3">
                <part node="BaleDoor">
                    <keyFrame time="0.0" rotation="0 0 0"/>
                    <keyFrame time="1.0" rotation="0 0 160"/>
                </part>
				
                
            </animation>
            <controls triggerNode="BaleDoorTrigger" posAction="ACTIVATE_HANDTOOL" posText="action_openStrawBaleDoor" negText="action_closeStrawBaleDoor" />
            <sounds>
                <moving linkNode="BaleDoorSound" template="woodBigDoorLoop" />
                <posEnd linkNode="BaleDoorSound" template="woodDoorOpen" />
                <negEnd linkNode="BaleDoorSound" template="woodDoorClose" />
            </sounds>
        </animatedObject>
		

   
    </animatedObjects>

   

    

    <infoTrigger triggerNode="infoTrigger" />
	

    <husbandry saveId="Animals_COW" hasStatistics="false">
        <storage node="storage" fillTypes="LIQUIDMANURE MILK STRAW MANURE" isExtension="false">
            <capacity fillType="LIQUIDMANURE" capacity="400000" />
            <capacity fillType="MILK" capacity="200000" />
            <capacity fillType="STRAW" capacity="200000" />
            <capacity fillType="MANURE" capacity="0" />
        </storage>

        <unloadingStation supportsExtension="true" storageRadius="65" hideFromPricesMenu="true">
            <unloadTrigger exactFillRootNode="exactFillRootNodeStraw" fillTypes="STRAW" >
			<baleTrigger triggerNode="baleTriggerStraw"/>
			</unloadTrigger>
            <unloadTrigger fillTypes="MANURE MILK LIQUIDMANURE" />
        </unloadingStation>

        <loadingStation supportsExtension="true" storageRadius="100" >
            <loadTrigger triggerNode="liquidManureTrigger" fillTypes="LIQUIDMANURE" fillLitersPerSecond="2000" aiNode="aiLoadingNodeLiquidManure" />
            <loadTrigger triggerNode="milkTrigger" fillTypes="MILK" fillLitersPerSecond="2000" aiNode="aiLoadingNodeMilk"/>
        </loadingStation>
		
		

        <animals type="COW" maxNumAnimals="500" maxNumVisualAnimals="20">
            <navigation rootNode="navigationRootNode" filename="NavMeshCows.i3d" />
            <loadingTrigger node="loadingTrigger" />
        </animals>
		
		<straw>
            <manure factor="5" />
         
        </straw>

        <food capacity="350000" >
            
            <foodPlane node="fillVolumeFood" minY="-0.575" maxY="0" colorChange="false" defaultFillType="forage"/>
			<feedingTrough exactFillRootNode="exactFillRootNodeFood">
                <baleTrigger triggerNode="baleTrigger"/>
			</feedingTrough>
        </food>

        <liquidManure />

        

        <water automaticWaterSupply="true" />

        

        <fences>
            <fence filename="$data/placeables/lizard/fencesFarm/level03/fencesFarmLevel03Singleton.xml" hasStartPole="true" hasEndPole="true">
                <node node="fence1Node1" />
                <node node="fence1Node2" />
                <node node="fence1Node3" />
                <node node="fence1Node4" />
			</fence>
			<fence filename="$data/placeables/lizard/fencesFarm/level03/fencesFarmLevel03Singleton.xml" hasStartPole="true" hasEndPole="false">
                <node node="fence2Node1" />
                <node node="fence2Node2" />
                <node node="fence2Node3" />
            </fence>
			<fence filename="$data/placeables/lizard/fencesFarm/level03/fencesFarmLevel03Singleton.xml" hasStartPole="false" hasEndPole="true">
                <node node="fence3Node1" />
                <node node="fence3Node2" />
              
            </fence>
        </fences>
    </husbandry>
	
	<manureHeap node="manureHeap" capacity="400000" isExtension="false" >
        <area startNode="tipAreaStart" widthNode="tipAreaWidth" heightNode="tipAreaHeight" activationTriggerNode="activationTrigger" />
        <clearArea startNode="clearAreaStart" widthNode="clearAreaWidth" heightNode="clearAreaHeight" />

        <loadingStation storageRadius="100" supportsExtension="false">
            <loadTrigger triggerNode="loadingTriggerManure" aiNode="loadingTriggerAINodeManure" fillTypes="MANURE" fillLitersPerSecond="4000" />
        </loadingStation>
    </manureHeap>
	
	<dynamicallyLoadedParts>
        <dynamicallyLoadedPart node="0" linkNode="nautilus1" filename="$data/placeables/lely/nautilus/nautilus.i3d"/>
		<dynamicallyLoadedPart node="0" linkNode="nautilus2" filename="$data/placeables/lely/nautilus/nautilus.i3d"/>
		<dynamicallyLoadedPart node="0" linkNode="nautilus3" filename="$data/placeables/lely/nautilus/nautilus.i3d"/>
		<dynamicallyLoadedPart node="0" linkNode="nautilus4" filename="$data/placeables/lely/nautilus/nautilus.i3d"/>
		<dynamicallyLoadedPart node="0" linkNode="powerSwitch01"   filename="$data/shared/assets/lights/rudolfHormann/powerSwitch.i3d" />
        <dynamicallyLoadedPart node="0" linkNode="powerSwitch02"   filename="$data/shared/assets/lights/rudolfHormann/powerSwitch.i3d" />
    </dynamicallyLoadedParts>
	
	<lights>
        <sharedLight filename="$data/shared/assets/lights/terraLed/fluorescentTube50W.xml" linkNode="lightNode01" groupIndex="1">
            <rotationNode name="rotationNode01" rotation="0 0 -15" />
        </sharedLight>
        <sharedLight filename="$data/shared/assets/lights/terraLed/fluorescentTube50W.xml" linkNode="lightNode02" groupIndex="1">
            <rotationNode name="rotationNode01" rotation="0 0 15" />
        </sharedLight>
        <sharedLight filename="$data/shared/assets/lights/terraLed/fluorescentTube50W.xml" linkNode="lightNode03" groupIndex="1">
            <rotationNode name="rotationNode01" rotation="0 0 -15" />
        </sharedLight>
        <sharedLight filename="$data/shared/assets/lights/terraLed/fluorescentTube50W.xml" linkNode="lightNode04" groupIndex="1">
            <rotationNode name="rotationNode01" rotation="0 0 15" />
        </sharedLight>

        <realLights>
            <low>
                <light node="realLightsLow" groupIndex="1"/>
            </low>
            <high>
                <light node="realLightsHigh" groupIndex="1"/>
            </high>
        </realLights>

        <group name="$l10n_action_placeableLightShed" triggerNode="lightTrigger">
            <sounds>
                <toggle template="lizardFloodLight" innerRadius="50" outerRadius="100" volumeScale="0.2"/>
            </sounds>
        </group>
    </lights>

<i3dMappings>
  <i3dMapping id="Red_Cow_Barn" node="0>" />
  <i3dMapping id="Areas" node="0>0" />
  <i3dMapping id="clearAreas" node="0>0|0" />
  <i3dMapping id="clearArea1Start" node="0>0|0|0" />
  <i3dMapping id="clearArea1Height" node="0>0|0|0|0" />
  <i3dMapping id="clearArea1Width" node="0>0|0|0|1" />
  <i3dMapping id="clearArea2Start" node="0>0|0|1" />
  <i3dMapping id="clearArea2Height" node="0>0|0|1|0" />
  <i3dMapping id="clearArea2Width" node="0>0|0|1|1" />
  <i3dMapping id="clearArea3Start" node="0>0|0|2" />
  <i3dMapping id="clearArea3Height" node="0>0|0|2|0" />
  <i3dMapping id="clearArea3Width" node="0>0|0|2|1" />
  <i3dMapping id="clearArea4Start" node="0>0|0|3" />
  <i3dMapping id="clearArea4Height" node="0>0|0|3|0" />
  <i3dMapping id="clearArea4Width" node="0>0|0|3|1" />
  <i3dMapping id="clearArea5Start" node="0>0|0|4" />
  <i3dMapping id="clearArea5Height" node="0>0|0|4|0" />
  <i3dMapping id="clearArea5Width" node="0>0|0|4|1" />
  <i3dMapping id="clearArea6Start" node="0>0|0|5" />
  <i3dMapping id="clearArea6Height" node="0>0|0|5|0" />
  <i3dMapping id="clearArea6Width" node="0>0|0|5|1" />
  <i3dMapping id="clearArea7Start" node="0>0|0|6" />
  <i3dMapping id="clearArea7Height" node="0>0|0|6|0" />
  <i3dMapping id="clearArea7Width" node="0>0|0|6|1" />
  <i3dMapping id="foliageAreas" node="0>0|1" />
  <i3dMapping id="foliageArea1Start" node="0>0|1|0" />
  <i3dMapping id="foliageArea1Height" node="0>0|1|0|0" />
  <i3dMapping id="foliageArea1Width" node="0>0|1|0|1" />
  <i3dMapping id="indoorAreas" node="0>0|2" />
  <i3dMapping id="indoorArea1Start" node="0>0|2|0" />
  <i3dMapping id="indoorArea1Height" node="0>0|2|0|0" />
  <i3dMapping id="indoorArea1Width" node="0>0|2|0|1" />
  <i3dMapping id="indoorArea2Start" node="0>0|2|1" />
  <i3dMapping id="indoorArea2Height" node="0>0|2|1|0" />
  <i3dMapping id="indoorArea2Width" node="0>0|2|1|1" />
  <i3dMapping id="indoorArea3Start" node="0>0|2|2" />
  <i3dMapping id="indoorArea3Height" node="0>0|2|2|0" />
  <i3dMapping id="indoorArea3Width" node="0>0|2|2|1" />
  <i3dMapping id="indoorArea4Start" node="0>0|2|3" />
  <i3dMapping id="indoorArea4Height" node="0>0|2|3|0" />
  <i3dMapping id="indoorArea4Width" node="0>0|2|3|1" />
  <i3dMapping id="levelAreas" node="0>0|3" />
  <i3dMapping id="levelArea1Start" node="0>0|3|0" />
  <i3dMapping id="levelArea1Height" node="0>0|3|0|0" />
  <i3dMapping id="levelArea1Width" node="0>0|3|0|1" />
  <i3dMapping id="levelArea2Start" node="0>0|3|1" />
  <i3dMapping id="levelArea2Height" node="0>0|3|1|0" />
  <i3dMapping id="levelArea2Width" node="0>0|3|1|1" />
  <i3dMapping id="levelArea3Start" node="0>0|3|2" />
  <i3dMapping id="levelArea3Height" node="0>0|3|2|0" />
  <i3dMapping id="levelArea3Width" node="0>0|3|2|1" />
  <i3dMapping id="levelArea4Start" node="0>0|3|3" />
  <i3dMapping id="levelArea4Height" node="0>0|3|3|0" />
  <i3dMapping id="levelArea4Width" node="0>0|3|3|1" />
  <i3dMapping id="levelArea5Start" node="0>0|3|4" />
  <i3dMapping id="levelArea5Height" node="0>0|3|4|0" />
  <i3dMapping id="levelArea5Width" node="0>0|3|4|1" />
  <i3dMapping id="paintAreas" node="0>0|4" />
  <i3dMapping id="paintArea1Start" node="0>0|4|0" />
  <i3dMapping id="paintArea1Height" node="0>0|4|0|0" />
  <i3dMapping id="paintArea1Width" node="0>0|4|0|1" />
  <i3dMapping id="paintArea2Start" node="0>0|4|1" />
  <i3dMapping id="paintArea2Height" node="0>0|4|1|0" />
  <i3dMapping id="paintArea2Width" node="0>0|4|1|1" />
  <i3dMapping id="paintArea3Start" node="0>0|4|2" />
  <i3dMapping id="paintArea3Height" node="0>0|4|2|0" />
  <i3dMapping id="paintArea3Width" node="0>0|4|2|1" />
  <i3dMapping id="paintArea4Start" node="0>0|4|3" />
  <i3dMapping id="paintArea4Height" node="0>0|4|3|0" />
  <i3dMapping id="paintArea4Width" node="0>0|4|3|1" />
  <i3dMapping id="paintArea5Start" node="0>0|4|4" />
  <i3dMapping id="paintArea5Height" node="0>0|4|4|0" />
  <i3dMapping id="paintArea5Width" node="0>0|4|4|1" />
  <i3dMapping id="paintArea6Start" node="0>0|4|5" />
  <i3dMapping id="paintArea6Height" node="0>0|4|5|0" />
  <i3dMapping id="paintArea6Width" node="0>0|4|5|1" />
  <i3dMapping id="testAreas" node="0>0|5" />
  <i3dMapping id="testArea1Start" node="0>0|5|0" />
  <i3dMapping id="testArea1End" node="0>0|5|0|0" />
  <i3dMapping id="tipOcclusionUpdateAreas" node="0>0|6" />
  <i3dMapping id="tipOcclusionUpdateArea1Start" node="0>0|6|0" />
  <i3dMapping id="tipOcclusionUpdateArea1End" node="0>0|6|0|0" />
  <i3dMapping id="DoorSounds" node="0>1" />
  <i3dMapping id="BarnDoorSound" node="0>1|0" />
  <i3dMapping id="ManDoorSound" node="0>1|1" />
  <i3dMapping id="Small_Door1_Sound" node="0>1|2" />
  <i3dMapping id="Small_Door2_Sound" node="0>1|3" />
  <i3dMapping id="gateA_Sound" node="0>1|4" />
  <i3dMapping id="Metal_PastureGate_Sound" node="0>1|5" />
  <i3dMapping id="SmallGateSound" node="0>1|6" />
  <i3dMapping id="DoubleBarnDoorSound" node="0>1|7" />
  <i3dMapping id="BaleDoorSound" node="0>1|8" />
  <i3dMapping id="Doors" node="0>2" />
  <i3dMapping id="BaleDoor" node="0>2|0" />
  <i3dMapping id="BaleDoor_Col" node="0>2|0|0" />
  <i3dMapping id="Bale_hinges" node="0>2|0|1" />
  <i3dMapping id="GateA" node="0>2|1" />
  <i3dMapping id="gateA_Collision" node="0>2|1|0" />
  <i3dMapping id="ManDoor03" node="0>2|2" />
  <i3dMapping id="DoorHinge.002" node="0>2|2|0" />
  <i3dMapping id="ManDoor03_Col" node="0>2|2|0|0" />
  <i3dMapping id="Small_Door.002" node="0>2|2|0|1" />
  <i3dMapping id="Metal_PastureGate" node="0>2|3" />
  <i3dMapping id="Metal_PastureGate_Col" node="0>2|3|0" />
  <i3dMapping id="Side_BarnDoor" node="0>2|4" />
  <i3dMapping id="BarnDoor_Left02" node="0>2|4|0" />
  <i3dMapping id="BarnDoor_Left02_Col" node="0>2|4|0|0" />
  <i3dMapping id="Sliders_Left02" node="0>2|4|0|1" />
  <i3dMapping id="BarnDoor_Right02" node="0>2|4|1" />
  <i3dMapping id="BarnDoor_Right02_Col" node="0>2|4|1|0" />
  <i3dMapping id="Sliders_Right02" node="0>2|4|1|1" />
  <i3dMapping id="Small_Door1" node="0>2|5" />
  <i3dMapping id="Sliders.001" node="0>2|5|0" />
  <i3dMapping id="Small_Door1_Col" node="0>2|5|1" />
  <i3dMapping id="Small_Door2" node="0>2|6" />
  <i3dMapping id="Sliders" node="0>2|6|0" />
  <i3dMapping id="Small_Door2_Col" node="0>2|6|1" />
  <i3dMapping id="Small_Inside_Gate" node="0>2|7" />
  <i3dMapping id="Small_Left" node="0>2|7|0" />
  <i3dMapping id="Small_Left_Col" node="0>2|7|0|0" />
  <i3dMapping id="Small_Right" node="0>2|7|1" />
  <i3dMapping id="Small_Right_Col" node="0>2|7|1|0" />
  <i3dMapping id="SmallDouble_Door" node="0>2|8" />
  <i3dMapping id="Double_Door_Left" node="0>2|8|0" />
  <i3dMapping id="Sliders.002" node="0>2|8|0|0" />
  <i3dMapping id="SmallDouble_Door_Left_Col" node="0>2|8|0|1" />
  <i3dMapping id="Double_Door_Right" node="0>2|8|1" />
  <i3dMapping id="Sliders.003" node="0>2|8|1|0" />
  <i3dMapping id="SmallDouble_Door_Right_Col" node="0>2|8|1|1" />
  <i3dMapping id="Dynamic" node="0>3" />
  <i3dMapping id="nautilus1" node="0>3|0" />
  <i3dMapping id="nautilus2" node="0>3|1" />
  <i3dMapping id="nautilus3" node="0>3|2" />
  <i3dMapping id="nautilus4" node="0>3|3" />
  <i3dMapping id="Triggers" node="0>4" />
  <i3dMapping id="BarnDoorTrigger" node="0>4|0" />
  <i3dMapping id="ManDoor_Trigger" node="0>4|1" />
  <i3dMapping id="SmallDoor1_Trigger" node="0>4|2" />
  <i3dMapping id="SmallDoor2_Trigger" node="0>4|3" />
  <i3dMapping id="gateA_Trigger" node="0>4|4" />
  <i3dMapping id="Metal_PastureGate_Trigger" node="0>4|5" />
  <i3dMapping id="Small_Gate_Trigger" node="0>4|6" />
  <i3dMapping id="DoubleBarnDoorTrigger" node="0>4|7" />
  <i3dMapping id="BaleDoorTrigger" node="0>4|8" />
  <i3dMapping id="Visuals" node="0>5" />
  <i3dMapping id="BaleTrough" node="0>5|0" />
  <i3dMapping id="HayPlane" node="0>5|0|0" />
  <i3dMapping id="Barn" node="0>5|1" />
  <i3dMapping id="Bunker" node="0>5|2" />
  <i3dMapping id="Bunker_Collision" node="0>5|2|0" />
  <i3dMapping id="SteelBunker_Beams" node="0>5|2|1" />
  <i3dMapping id="WoodBunker_Beams" node="0>5|2|2" />
  <i3dMapping id="Dirt_Ramp" node="0>5|3" />
  <i3dMapping id="Extras" node="0>5|4" />
  <i3dMapping id="Lely_Pipe_Fittings" node="0>5|4|0" />
  <i3dMapping id="SINK" node="0>5|4|1" />
  <i3dMapping id="Sink_Col" node="0>5|4|1|0" />
  <i3dMapping id="SINK2" node="0>5|4|2" />
  <i3dMapping id="Sink_Col2" node="0>5|4|2|0" />
  <i3dMapping id="Stainless_Parts" node="0>5|4|3" />
  <i3dMapping id="Straight_pipe" node="0>5|4|4" />
  <i3dMapping id="Pipe_Col" node="0>5|4|4|0" />
  <i3dMapping id="WoodenPipe_Stands" node="0>5|4|5" />
  <i3dMapping id="pipe_Brackets" node="0>5|4|6" />
  <i3dMapping id="Floor" node="0>5|5" />
  <i3dMapping id="FloorJoist" node="0>5|6" />
  <i3dMapping id="Foundation" node="0>5|7" />
  <i3dMapping id="Gate_Hinges" node="0>5|8" />
  <i3dMapping id="Hinge" node="0>5|9" />
  <i3dMapping id="InnerDoor_Trims" node="0>5|10" />
  <i3dMapping id="Interior_Walls" node="0>5|11" />
  <i3dMapping id="Inner_Roof" node="0>5|12" />
  <i3dMapping id="Lower_Floor" node="0>5|13" />
  <i3dMapping id="MilkHut_Floor" node="0>5|14" />
  <i3dMapping id="MilkHut_Siding" node="0>5|15" />
  <i3dMapping id="Poop_Grating" node="0>5|16" />
  <i3dMapping id="Roof" node="0>5|17" />
  <i3dMapping id="Roof_Vents" node="0>5|18" />
  <i3dMapping id="Slider_Rail" node="0>5|19" />
  <i3dMapping id="SlurryShed_Roof" node="0>5|20" />
  <i3dMapping id="Stall_Fencing" node="0>5|21" />
  <i3dMapping id="Stall_fencing_Col" node="0>5|21|0" />
  <i3dMapping id="Straw_Plane" node="0>5|22" />
  <i3dMapping id="Structure" node="0>5|23" />
  <i3dMapping id="Pole_Collisions" node="0>5|23|0" />
  <i3dMapping id="Slurry_Discharge" node="0>5|24" />
  <i3dMapping id="Discharge_Collision" node="0>5|24|0" />
  <i3dMapping id="Valve_Arm" node="0>5|24|1" />
  <i3dMapping id="Valve_Pin" node="0>5|24|2" />
  <i3dMapping id="PastureFence" node="0>5|25" />
  <i3dMapping id="props" node="0>5|26" />
  <i3dMapping id="Extras2" node="0>5|26|0" />
  <i3dMapping id="Milk_Cartons" node="0>5|26|0|0" />
  <i3dMapping id="Milk_Crate" node="0>5|26|0|1" />
  <i3dMapping id="coolingBox" node="0>5|26|0|2" />
  <i3dMapping id="transportBarrow" node="0>5|26|0|3" />
  <i3dMapping id="fireDistinguisherBox_0" node="0>5|26|1" />
  <i3dMapping id="glass_0" node="0>5|26|1|0" />
  <i3dMapping id="col_0" node="0>5|26|1|1" />
  <i3dMapping id="shovelGreen02_vis_0" node="0>5|26|2" />
  <i3dMapping id="bucketPlasticBlack_vis" node="0>5|26|3" />
  <i3dMapping id="shovelGreen02_vis_1" node="0>5|26|4" />
  <i3dMapping id="horseLadder" node="0>5|26|5" />
  <i3dMapping id="electricalMeterRoof01" node="0>5|26|6" />
  <i3dMapping id="electricalMeterCable04" node="0>5|26|6|0" />
  <i3dMapping id="glass_1" node="0>5|26|6|1" />
  <i3dMapping id="decal" node="0>5|26|6|2" />
  <i3dMapping id="fireDistinguisherBox_1" node="0>5|26|7" />
  <i3dMapping id="glass_2" node="0>5|26|7|0" />
  <i3dMapping id="col_1" node="0>5|26|7|1" />
  <i3dMapping id="broom01" node="0>5|26|8" />
  <i3dMapping id="electricPanel" node="0>5|26|9" />
  <i3dMapping id="decals" node="0>5|26|9|0" />
  <i3dMapping id="BaleDoor_StationaryHinges" node="0>5|27" />
  <i3dMapping id="Windows" node="0>5|28" />
  <i3dMapping id="Window" node="0>5|28|0" />
  <i3dMapping id="fences" node="0>6" />
  <i3dMapping id="fences1" node="0>6|0" />
  <i3dMapping id="fence1Node1" node="0>6|0|0" />
  <i3dMapping id="fence1Node2" node="0>6|0|1" />
  <i3dMapping id="fence1Node3" node="0>6|0|2" />
  <i3dMapping id="fence1Node4" node="0>6|0|3" />
  <i3dMapping id="fences2" node="0>6|1" />
  <i3dMapping id="fence2Node1" node="0>6|1|0" />
  <i3dMapping id="fence2Node2" node="0>6|1|1" />
  <i3dMapping id="fence2Node3" node="0>6|1|2" />
  <i3dMapping id="fences3" node="0>6|2" />
  <i3dMapping id="fence3Node1" node="0>6|2|0" />
  <i3dMapping id="fence3Node2" node="0>6|2|1" />
  <i3dMapping id="navigationRootNode" node="0>7" />
  <i3dMapping id="NavMesh" node="0>7|0" />
  <i3dMapping id="infoTrigger" node="0>8" />
  <i3dMapping id="loadingTrigger" node="0>9" />
  <i3dMapping id="warningStripes" node="0>10" />
  <i3dMapping id="markerMilk" node="0>10|0" />
  <i3dMapping id="markerAnimals" node="0>10|1" />
  <i3dMapping id="markerLiquidManure" node="0>10|2" />
  <i3dMapping id="markerFood" node="0>10|3" />
  <i3dMapping id="markerBales" node="0>10|4" />
  <i3dMapping id="markerManure" node="0>10|5" />
  <i3dMapping id="markerStrawBales" node="0>10|6" />
  <i3dMapping id="markerStrawBale" node="0>10|7" />
  <i3dMapping id="teleportNode" node="0>11" />
  <i3dMapping id="food" node="0>12" />
  <i3dMapping id="fillVolumeFood" node="0>12|0" />
  <i3dMapping id="exactFillRootNodeFood" node="0>12|1" />
  <i3dMapping id="baleTrigger" node="0>12|2" />
  <i3dMapping id="storage" node="0>13" />
  <i3dMapping id="straw" node="0>14" />
  <i3dMapping id="exactFillRootNodeStraw" node="0>14|0" />
  <i3dMapping id="baleTriggerStraw" node="0>14|1" />
  <i3dMapping id="milkTank" node="0>15" />
  <i3dMapping id="milkTrigger" node="0>15|0" />
  <i3dMapping id="aiLoadingNodeMilk" node="0>15|1" />
  <i3dMapping id="liquidManureTank" node="0>16" />
  <i3dMapping id="liquidManureTrigger" node="0>16|0" />
  <i3dMapping id="aiLoadingNodeLiquidManure" node="0>16|1" />
  <i3dMapping id="manureHeap" node="0>17" />
  <i3dMapping id="loadingTriggerManure" node="0>17|0" />
  <i3dMapping id="loadingTriggerAINodeManure" node="0>17|1" />
  <i3dMapping id="tipArea" node="0>17|2" />
  <i3dMapping id="tipAreaStart" node="0>17|2|0" />
  <i3dMapping id="tipAreaWidth" node="0>17|2|0|0" />
  <i3dMapping id="tipAreaHeight" node="0>17|2|0|1" />
  <i3dMapping id="activationTrigger" node="0>17|3" />
  <i3dMapping id="clearAreaStart" node="0>17|4" />
  <i3dMapping id="clearAreaWidth" node="0>17|4|0" />
  <i3dMapping id="clearAreaHeight" node="0>17|4|1" />
  <i3dMapping id="Lights" node="0>18" />
  <i3dMapping id="Outside_Lights" node="0>18|0" />
  <i3dMapping id="warehouseWallLamp_0" node="0>18|0|0" />
  <i3dMapping id="warehouseWallLampWire_0" node="0>18|0|0|0" />
  <i3dMapping id="bulbUnlit_0" node="0>18|0|0|1" />
  <i3dMapping id="illum_0" node="0>18|0|0|2" />
  <i3dMapping id="selfLit_0" node="0>18|0|0|2|0" />
  <i3dMapping id="warehouseWallLampWireLit_0" node="0>18|0|0|2|0|0" />
  <i3dMapping id="warehouseWallLampInnerLit_0" node="0>18|0|0|2|0|1" />
  <i3dMapping id="bulbLit_0" node="0>18|0|0|2|0|2" />
  <i3dMapping id="realLights_0" node="0>18|0|0|2|1" />
  <i3dMapping id="spotLight_0" node="0>18|0|0|2|1|0" />
  <i3dMapping id="warehouseWallLamp_1" node="0>18|0|1" />
  <i3dMapping id="warehouseWallLampWire_1" node="0>18|0|1|0" />
  <i3dMapping id="bulbUnlit_1" node="0>18|0|1|1" />
  <i3dMapping id="illum_1" node="0>18|0|1|2" />
  <i3dMapping id="selfLit_1" node="0>18|0|1|2|0" />
  <i3dMapping id="warehouseWallLampWireLit_1" node="0>18|0|1|2|0|0" />
  <i3dMapping id="warehouseWallLampInnerLit_1" node="0>18|0|1|2|0|1" />
  <i3dMapping id="bulbLit_1" node="0>18|0|1|2|0|2" />
  <i3dMapping id="realLights_1" node="0>18|0|1|2|1" />
  <i3dMapping id="spotLight_1" node="0>18|0|1|2|1|0" />
  <i3dMapping id="warehouseWallLamp_2" node="0>18|0|2" />
  <i3dMapping id="warehouseWallLampWire_2" node="0>18|0|2|0" />
  <i3dMapping id="bulbUnlit_2" node="0>18|0|2|1" />
  <i3dMapping id="illum_2" node="0>18|0|2|2" />
  <i3dMapping id="selfLit_2" node="0>18|0|2|2|0" />
  <i3dMapping id="warehouseWallLampWireLit_2" node="0>18|0|2|2|0|0" />
  <i3dMapping id="warehouseWallLampInnerLit_2" node="0>18|0|2|2|0|1" />
  <i3dMapping id="bulbLit_2" node="0>18|0|2|2|0|2" />
  <i3dMapping id="realLights_2" node="0>18|0|2|2|1" />
  <i3dMapping id="spotLight_2" node="0>18|0|2|2|1|0" />
  <i3dMapping id="warehouseWallLamp_3" node="0>18|0|3" />
  <i3dMapping id="warehouseWallLampWire_3" node="0>18|0|3|0" />
  <i3dMapping id="bulbUnlit_3" node="0>18|0|3|1" />
  <i3dMapping id="illum_3" node="0>18|0|3|2" />
  <i3dMapping id="selfLit_3" node="0>18|0|3|2|0" />
  <i3dMapping id="warehouseWallLampWireLit_3" node="0>18|0|3|2|0|0" />
  <i3dMapping id="warehouseWallLampInnerLit_3" node="0>18|0|3|2|0|1" />
  <i3dMapping id="bulbLit_3" node="0>18|0|3|2|0|2" />
  <i3dMapping id="realLights_3" node="0>18|0|3|2|1" />
  <i3dMapping id="spotLight_3" node="0>18|0|3|2|1|0" />
  <i3dMapping id="warehouseWallLamp_4" node="0>18|0|4" />
  <i3dMapping id="warehouseWallLampWire_4" node="0>18|0|4|0" />
  <i3dMapping id="bulbUnlit_4" node="0>18|0|4|1" />
  <i3dMapping id="illum_4" node="0>18|0|4|2" />
  <i3dMapping id="selfLit_4" node="0>18|0|4|2|0" />
  <i3dMapping id="warehouseWallLampWireLit_4" node="0>18|0|4|2|0|0" />
  <i3dMapping id="warehouseWallLampInnerLit_4" node="0>18|0|4|2|0|1" />
  <i3dMapping id="bulbLit_4" node="0>18|0|4|2|0|2" />
  <i3dMapping id="realLights_4" node="0>18|0|4|2|1" />
  <i3dMapping id="spotLight_4" node="0>18|0|4|2|1|0" />
  <i3dMapping id="warehouseWallLamp_5" node="0>18|0|5" />
  <i3dMapping id="warehouseWallLampWire_5" node="0>18|0|5|0" />
  <i3dMapping id="bulbUnlit_5" node="0>18|0|5|1" />
  <i3dMapping id="illum_5" node="0>18|0|5|2" />
  <i3dMapping id="selfLit_5" node="0>18|0|5|2|0" />
  <i3dMapping id="warehouseWallLampWireLit_5" node="0>18|0|5|2|0|0" />
  <i3dMapping id="warehouseWallLampInnerLit_5" node="0>18|0|5|2|0|1" />
  <i3dMapping id="bulbLit_5" node="0>18|0|5|2|0|2" />
  <i3dMapping id="realLights_5" node="0>18|0|5|2|1" />
  <i3dMapping id="spotLight_5" node="0>18|0|5|2|1|0" />
  <i3dMapping id="warehouseWallLamp_6" node="0>18|0|6" />
  <i3dMapping id="warehouseWallLampWire_6" node="0>18|0|6|0" />
  <i3dMapping id="bulbUnlit_6" node="0>18|0|6|1" />
  <i3dMapping id="illum_6" node="0>18|0|6|2" />
  <i3dMapping id="selfLit_6" node="0>18|0|6|2|0" />
  <i3dMapping id="warehouseWallLampWireLit_6" node="0>18|0|6|2|0|0" />
  <i3dMapping id="warehouseWallLampInnerLit_6" node="0>18|0|6|2|0|1" />
  <i3dMapping id="bulbLit_6" node="0>18|0|6|2|0|2" />
  <i3dMapping id="realLights_6" node="0>18|0|6|2|1" />
  <i3dMapping id="spotLight_6" node="0>18|0|6|2|1|0" />
  <i3dMapping id="warehouseWallLamp_7" node="0>18|0|7" />
  <i3dMapping id="warehouseWallLampWire_7" node="0>18|0|7|0" />
  <i3dMapping id="bulbUnlit_7" node="0>18|0|7|1" />
  <i3dMapping id="illum_7" node="0>18|0|7|2" />
  <i3dMapping id="selfLit_7" node="0>18|0|7|2|0" />
  <i3dMapping id="warehouseWallLampWireLit_7" node="0>18|0|7|2|0|0" />
  <i3dMapping id="warehouseWallLampInnerLit_7" node="0>18|0|7|2|0|1" />
  <i3dMapping id="bulbLit_7" node="0>18|0|7|2|0|2" />
  <i3dMapping id="realLights_7" node="0>18|0|7|2|1" />
  <i3dMapping id="spotLight_7" node="0>18|0|7|2|1|0" />
  <i3dMapping id="warehouseWallLamp_8" node="0>18|0|8" />
  <i3dMapping id="warehouseWallLampWire_8" node="0>18|0|8|0" />
  <i3dMapping id="bulbUnlit_8" node="0>18|0|8|1" />
  <i3dMapping id="illum_8" node="0>18|0|8|2" />
  <i3dMapping id="selfLit_8" node="0>18|0|8|2|0" />
  <i3dMapping id="warehouseWallLampWireLit_8" node="0>18|0|8|2|0|0" />
  <i3dMapping id="warehouseWallLampInnerLit_8" node="0>18|0|8|2|0|1" />
  <i3dMapping id="bulbLit_8" node="0>18|0|8|2|0|2" />
  <i3dMapping id="realLights_8" node="0>18|0|8|2|1" />
  <i3dMapping id="spotLight_8" node="0>18|0|8|2|1|0" />
  <i3dMapping id="inside_Lights_UpperFloor" node="0>18|1" />
  <i3dMapping id="ceilingLamp02_0" node="0>18|1|0" />
  <i3dMapping id="ceilingLampCable_0" node="0>18|1|0|0" />
  <i3dMapping id="Illum_0" node="0>18|1|0|1" />
  <i3dMapping id="selfLit_9" node="0>18|1|0|1|0" />
  <i3dMapping id="ceilingLampInnerLit_0" node="0>18|1|0|1|0|0" />
  <i3dMapping id="bulblit_0" node="0>18|1|0|1|0|1" />
  <i3dMapping id="realLights_9" node="0>18|1|0|1|1" />
  <i3dMapping id="spotLight01_0" node="0>18|1|0|1|1|0" />
  <i3dMapping id="ceilingLamp02_1" node="0>18|1|1" />
  <i3dMapping id="ceilingLampCable_1" node="0>18|1|1|0" />
  <i3dMapping id="Illum_1" node="0>18|1|1|1" />
  <i3dMapping id="selfLit_10" node="0>18|1|1|1|0" />
  <i3dMapping id="ceilingLampInnerLit_1" node="0>18|1|1|1|0|0" />
  <i3dMapping id="bulblit_1" node="0>18|1|1|1|0|1" />
  <i3dMapping id="realLights_10" node="0>18|1|1|1|1" />
  <i3dMapping id="spotLight01_1" node="0>18|1|1|1|1|0" />
  <i3dMapping id="ceilingLamp02_2" node="0>18|1|2" />
  <i3dMapping id="ceilingLampCable_2" node="0>18|1|2|0" />
  <i3dMapping id="Illum_2" node="0>18|1|2|1" />
  <i3dMapping id="selfLit_11" node="0>18|1|2|1|0" />
  <i3dMapping id="ceilingLampInnerLit_2" node="0>18|1|2|1|0|0" />
  <i3dMapping id="bulblit_2" node="0>18|1|2|1|0|1" />
  <i3dMapping id="realLights_11" node="0>18|1|2|1|1" />
  <i3dMapping id="spotLight01_2" node="0>18|1|2|1|1|0" />
  <i3dMapping id="ceilingLamp02_3" node="0>18|1|3" />
  <i3dMapping id="ceilingLampCable_3" node="0>18|1|3|0" />
  <i3dMapping id="Illum_3" node="0>18|1|3|1" />
  <i3dMapping id="selfLit_12" node="0>18|1|3|1|0" />
  <i3dMapping id="ceilingLampInnerLit_3" node="0>18|1|3|1|0|0" />
  <i3dMapping id="bulblit_3" node="0>18|1|3|1|0|1" />
  <i3dMapping id="realLights_12" node="0>18|1|3|1|1" />
  <i3dMapping id="spotLight01_3" node="0>18|1|3|1|1|0" />
  <i3dMapping id="ceilingLamp02_4" node="0>18|1|4" />
  <i3dMapping id="ceilingLampCable_4" node="0>18|1|4|0" />
  <i3dMapping id="Illum_4" node="0>18|1|4|1" />
  <i3dMapping id="selfLit_13" node="0>18|1|4|1|0" />
  <i3dMapping id="ceilingLampInnerLit_4" node="0>18|1|4|1|0|0" />
  <i3dMapping id="bulblit_4" node="0>18|1|4|1|0|1" />
  <i3dMapping id="realLights_13" node="0>18|1|4|1|1" />
  <i3dMapping id="spotLight01_4" node="0>18|1|4|1|1|0" />
  <i3dMapping id="ceilingLamp02_5" node="0>18|1|5" />
  <i3dMapping id="ceilingLampCable_5" node="0>18|1|5|0" />
  <i3dMapping id="Illum_5" node="0>18|1|5|1" />
  <i3dMapping id="selfLit_14" node="0>18|1|5|1|0" />
  <i3dMapping id="ceilingLampInnerLit_5" node="0>18|1|5|1|0|0" />
  <i3dMapping id="bulblit_5" node="0>18|1|5|1|0|1" />
  <i3dMapping id="realLights_14" node="0>18|1|5|1|1" />
  <i3dMapping id="spotLight01_5" node="0>18|1|5|1|1|0" />
  <i3dMapping id="ceilingLamp02_6" node="0>18|1|6" />
  <i3dMapping id="ceilingLampCable_6" node="0>18|1|6|0" />
  <i3dMapping id="Illum_6" node="0>18|1|6|1" />
  <i3dMapping id="selfLit_15" node="0>18|1|6|1|0" />
  <i3dMapping id="ceilingLampInnerLit_6" node="0>18|1|6|1|0|0" />
  <i3dMapping id="bulblit_6" node="0>18|1|6|1|0|1" />
  <i3dMapping id="realLights_15" node="0>18|1|6|1|1" />
  <i3dMapping id="spotLight01_6" node="0>18|1|6|1|1|0" />
  <i3dMapping id="ceilingLamp02_7" node="0>18|1|7" />
  <i3dMapping id="ceilingLampCable_7" node="0>18|1|7|0" />
  <i3dMapping id="Illum_7" node="0>18|1|7|1" />
  <i3dMapping id="selfLit_16" node="0>18|1|7|1|0" />
  <i3dMapping id="ceilingLampInnerLit_7" node="0>18|1|7|1|0|0" />
  <i3dMapping id="bulblit_7" node="0>18|1|7|1|0|1" />
  <i3dMapping id="realLights_16" node="0>18|1|7|1|1" />
  <i3dMapping id="spotLight01_7" node="0>18|1|7|1|1|0" />
  <i3dMapping id="ceilingLamp02_8" node="0>18|1|8" />
  <i3dMapping id="ceilingLampCable_8" node="0>18|1|8|0" />
  <i3dMapping id="Illum_8" node="0>18|1|8|1" />
  <i3dMapping id="selfLit_17" node="0>18|1|8|1|0" />
  <i3dMapping id="ceilingLampInnerLit_8" node="0>18|1|8|1|0|0" />
  <i3dMapping id="bulblit_8" node="0>18|1|8|1|0|1" />
  <i3dMapping id="realLights_17" node="0>18|1|8|1|1" />
  <i3dMapping id="spotLight01_8" node="0>18|1|8|1|1|0" />
  <i3dMapping id="ceilingLamp02_9" node="0>18|1|9" />
  <i3dMapping id="ceilingLampCable_9" node="0>18|1|9|0" />
  <i3dMapping id="Illum_9" node="0>18|1|9|1" />
  <i3dMapping id="selfLit_18" node="0>18|1|9|1|0" />
  <i3dMapping id="ceilingLampInnerLit_9" node="0>18|1|9|1|0|0" />
  <i3dMapping id="bulblit_9" node="0>18|1|9|1|0|1" />
  <i3dMapping id="realLights_18" node="0>18|1|9|1|1" />
  <i3dMapping id="spotLight01_9" node="0>18|1|9|1|1|0" />
  <i3dMapping id="inside_Lights_CowStalls" node="0>18|2" />
  <i3dMapping id="ceilingLamp02_10" node="0>18|2|0" />
  <i3dMapping id="ceilingLampCable_10" node="0>18|2|0|0" />
  <i3dMapping id="Illum_10" node="0>18|2|0|1" />
  <i3dMapping id="selfLit_19" node="0>18|2|0|1|0" />
  <i3dMapping id="ceilingLampInnerLit_10" node="0>18|2|0|1|0|0" />
  <i3dMapping id="bulblit_10" node="0>18|2|0|1|0|1" />
  <i3dMapping id="realLights_19" node="0>18|2|0|1|1" />
  <i3dMapping id="spotLight01_10" node="0>18|2|0|1|1|0" />
  <i3dMapping id="ceilingLamp02_11" node="0>18|2|1" />
  <i3dMapping id="ceilingLampCable_11" node="0>18|2|1|0" />
  <i3dMapping id="Illum_11" node="0>18|2|1|1" />
  <i3dMapping id="selfLit_20" node="0>18|2|1|1|0" />
  <i3dMapping id="ceilingLampInnerLit_11" node="0>18|2|1|1|0|0" />
  <i3dMapping id="bulblit_11" node="0>18|2|1|1|0|1" />
  <i3dMapping id="realLights_20" node="0>18|2|1|1|1" />
  <i3dMapping id="spotLight01_11" node="0>18|2|1|1|1|0" />
  <i3dMapping id="ceilingLamp02_12" node="0>18|2|2" />
  <i3dMapping id="ceilingLampCable_12" node="0>18|2|2|0" />
  <i3dMapping id="Illum_12" node="0>18|2|2|1" />
  <i3dMapping id="selfLit_21" node="0>18|2|2|1|0" />
  <i3dMapping id="ceilingLampInnerLit_12" node="0>18|2|2|1|0|0" />
  <i3dMapping id="bulblit_12" node="0>18|2|2|1|0|1" />
  <i3dMapping id="realLights_21" node="0>18|2|2|1|1" />
  <i3dMapping id="spotLight01_12" node="0>18|2|2|1|1|0" />
  <i3dMapping id="ceilingLamp02_13" node="0>18|2|3" />
  <i3dMapping id="ceilingLampCable_13" node="0>18|2|3|0" />
  <i3dMapping id="Illum_13" node="0>18|2|3|1" />
  <i3dMapping id="selfLit_22" node="0>18|2|3|1|0" />
  <i3dMapping id="ceilingLampInnerLit_13" node="0>18|2|3|1|0|0" />
  <i3dMapping id="bulblit_13" node="0>18|2|3|1|0|1" />
  <i3dMapping id="realLights_22" node="0>18|2|3|1|1" />
  <i3dMapping id="spotLight01_13" node="0>18|2|3|1|1|0" />
  <i3dMapping id="ceilingLamp02_14" node="0>18|2|4" />
  <i3dMapping id="ceilingLampCable_14" node="0>18|2|4|0" />
  <i3dMapping id="Illum_14" node="0>18|2|4|1" />
  <i3dMapping id="selfLit_23" node="0>18|2|4|1|0" />
  <i3dMapping id="ceilingLampInnerLit_14" node="0>18|2|4|1|0|0" />
  <i3dMapping id="bulblit_14" node="0>18|2|4|1|0|1" />
  <i3dMapping id="realLights_23" node="0>18|2|4|1|1" />
  <i3dMapping id="spotLight01_14" node="0>18|2|4|1|1|0" />
  <i3dMapping id="ceilingLamp02_15" node="0>18|2|5" />
  <i3dMapping id="ceilingLampCable_15" node="0>18|2|5|0" />
  <i3dMapping id="Illum_15" node="0>18|2|5|1" />
  <i3dMapping id="selfLit_24" node="0>18|2|5|1|0" />
  <i3dMapping id="ceilingLampInnerLit_15" node="0>18|2|5|1|0|0" />
  <i3dMapping id="bulblit_15" node="0>18|2|5|1|0|1" />
  <i3dMapping id="realLights_24" node="0>18|2|5|1|1" />
  <i3dMapping id="spotLight01_15" node="0>18|2|5|1|1|0" />
  <i3dMapping id="ceilingLamp02_16" node="0>18|2|6" />
  <i3dMapping id="ceilingLampCable_16" node="0>18|2|6|0" />
  <i3dMapping id="Illum_16" node="0>18|2|6|1" />
  <i3dMapping id="selfLit_25" node="0>18|2|6|1|0" />
  <i3dMapping id="ceilingLampInnerLit_16" node="0>18|2|6|1|0|0" />
  <i3dMapping id="bulblit_16" node="0>18|2|6|1|0|1" />
  <i3dMapping id="realLights_25" node="0>18|2|6|1|1" />
  <i3dMapping id="spotLight01_16" node="0>18|2|6|1|1|0" />
  <i3dMapping id="ceilingLamp02_17" node="0>18|2|7" />
  <i3dMapping id="ceilingLampCable_17" node="0>18|2|7|0" />
  <i3dMapping id="Illum_17" node="0>18|2|7|1" />
  <i3dMapping id="selfLit_26" node="0>18|2|7|1|0" />
  <i3dMapping id="ceilingLampInnerLit_17" node="0>18|2|7|1|0|0" />
  <i3dMapping id="bulblit_17" node="0>18|2|7|1|0|1" />
  <i3dMapping id="realLights_26" node="0>18|2|7|1|1" />
  <i3dMapping id="spotLight01_17" node="0>18|2|7|1|1|0" />
  <i3dMapping id="ceilingLamp02_18" node="0>18|2|8" />
  <i3dMapping id="ceilingLampCable_18" node="0>18|2|8|0" />
  <i3dMapping id="Illum_18" node="0>18|2|8|1" />
  <i3dMapping id="selfLit_27" node="0>18|2|8|1|0" />
  <i3dMapping id="ceilingLampInnerLit_18" node="0>18|2|8|1|0|0" />
  <i3dMapping id="bulblit_18" node="0>18|2|8|1|0|1" />
  <i3dMapping id="realLights_27" node="0>18|2|8|1|1" />
  <i3dMapping id="spotLight01_18" node="0>18|2|8|1|1|0" />
  <i3dMapping id="ceilingLamp02_19" node="0>18|2|9" />
  <i3dMapping id="ceilingLampCable_19" node="0>18|2|9|0" />
  <i3dMapping id="Illum_19" node="0>18|2|9|1" />
  <i3dMapping id="selfLit_28" node="0>18|2|9|1|0" />
  <i3dMapping id="ceilingLampInnerLit_19" node="0>18|2|9|1|0|0" />
  <i3dMapping id="bulblit_19" node="0>18|2|9|1|0|1" />
  <i3dMapping id="realLights_28" node="0>18|2|9|1|1" />
  <i3dMapping id="spotLight01_19" node="0>18|2|9|1|1|0" />
  <i3dMapping id="Milk_STall" node="0>18|3" />
  <i3dMapping id="ceilingLamp02_20" node="0>18|3|0" />
  <i3dMapping id="ceilingLampCable_20" node="0>18|3|0|0" />
  <i3dMapping id="Illum_20" node="0>18|3|0|1" />
  <i3dMapping id="selfLit_29" node="0>18|3|0|1|0" />
  <i3dMapping id="ceilingLampInnerLit_20" node="0>18|3|0|1|0|0" />
  <i3dMapping id="bulblit_20" node="0>18|3|0|1|0|1" />
  <i3dMapping id="realLights_29" node="0>18|3|0|1|1" />
  <i3dMapping id="spotLight01_20" node="0>18|3|0|1|1|0" />
  <i3dMapping id="ceilingLamp02_21" node="0>18|3|1" />
  <i3dMapping id="ceilingLampCable_21" node="0>18|3|1|0" />
  <i3dMapping id="Illum_21" node="0>18|3|1|1" />
  <i3dMapping id="selfLit_30" node="0>18|3|1|1|0" />
  <i3dMapping id="ceilingLampInnerLit_21" node="0>18|3|1|1|0|0" />
  <i3dMapping id="bulblit_21" node="0>18|3|1|1|0|1" />
  <i3dMapping id="realLights_30" node="0>18|3|1|1|1" />
  <i3dMapping id="spotLight01_21" node="0>18|3|1|1|1|0" />
  <i3dMapping id="lights" node="0>19" />
  <i3dMapping id="lightTrigger" node="0>19|0" />
  <i3dMapping id="lightNode01" node="0>19|1" />
  <i3dMapping id="lightNode02" node="0>19|2" />
  <i3dMapping id="lightNode03" node="0>19|3" />
  <i3dMapping id="lightNode04" node="0>19|4" />
  <i3dMapping id="realLights_31" node="0>19|5" />
  <i3dMapping id="realLightsLow" node="0>19|5|0" />
  <i3dMapping id="pointLight01" node="0>19|5|0|0" />
  <i3dMapping id="pointLight05" node="0>19|5|0|1" />
  <i3dMapping id="pointLight07" node="0>19|5|0|2" />
  <i3dMapping id="realLightsHigh" node="0>19|5|1" />
  <i3dMapping id="realLightsHigh01" node="0>19|5|1|0" />
  <i3dMapping id="realLightsHigh13" node="0>19|5|1|1" />
  <i3dMapping id="pointLight1" node="0>19|5|1|2" />
  <i3dMapping id="pointLight2" node="0>19|5|1|3" />
  <i3dMapping id="pointLight3" node="0>19|5|1|4" />
  <i3dMapping id="realLightsHigh14" node="0>19|5|1|5" />
  <i3dMapping id="realLightsHigh15" node="0>19|5|1|6" />
  <i3dMapping id="powerSwitch01" node="0>19|6" />
  <i3dMapping id="powerSwitch02" node="0>19|7" />
  <i3dMapping id="objectStorage" node="0>20" />
  <i3dMapping id="areas" node="0>20|0" />
  <i3dMapping id="spawnArea1Start" node="0>20|0|0" />
  <i3dMapping id="spawnArea1End" node="0>20|0|0|0" />
  <i3dMapping id="storageArea1Start" node="0>20|0|1" />
  <i3dMapping id="storageArea1End" node="0>20|0|1|0" />
  <i3dMapping id="objectTrigger" node="0>20|1" />
  <i3dMapping id="objectTriggerMarker" node="0>20|1|0" />
  <i3dMapping id="warningStripes1" node="0>20|1|1" />
  <i3dMapping id="playerTrigger" node="0>20|2" />
  <i3dMapping id="playerTriggerMarker" node="0>20|2|0" />
  <i3dMapping id="PalletCollision" node="0>21" />
  <i3dMapping id="lightResidential3_0" node="0>22" />
  <i3dMapping id="light_0" node="0>22|0" />
  <i3dMapping id="emmisive_0" node="0>22|0|0" />
  <i3dMapping id="spotLight1_0" node="0>22|0|1" />
  <i3dMapping id="visuals_0" node="0>22|1" />
  <i3dMapping id="winter_0" node="0>22|1|0" />
  <i3dMapping id="glass_3" node="0>22|1|1" />
  <i3dMapping id="lightResidential03Vis_0" node="0>22|1|2" />
  <i3dMapping id="lightResidential3_1" node="0>23" />
  <i3dMapping id="light_1" node="0>23|0" />
  <i3dMapping id="emmisive_1" node="0>23|0|0" />
  <i3dMapping id="spotLight1_1" node="0>23|0|1" />
  <i3dMapping id="visuals_1" node="0>23|1" />
  <i3dMapping id="winter_1" node="0>23|1|0" />
  <i3dMapping id="glass_4" node="0>23|1|1" />
  <i3dMapping id="lightResidential03Vis_1" node="0>23|1|2" />
  <i3dMapping id="OccluderMeshRedCowBarn" node="0>24" />
  <i3dMapping id="occluderMeshInside" node="0>24|0" />
  <i3dMapping id="occluderMeshOutside" node="0>24|1" />
  <i3dMapping id="occluderMeshSideBarnDoor_Inside" node="0>24|2" />
  <i3dMapping id="occluderMeshSideBarnDoor_Outside" node="0>24|3" />
  <i3dMapping id="occluderMeshSmallDouble_Door_Inside" node="0>24|4" />
  <i3dMapping id="occluderMeshSmallDouble_Door_Outside" node="0>24|5" />
  <i3dMapping id="occluderMeshSmall_Door1_Inside" node="0>24|6" />
  <i3dMapping id="occluderMeshSmall_Door1_Outside" node="0>24|7" />
</i3dMappings>
</placeable>
