<?xml version="1.0" encoding="utf-8" standalone="no" ?>
<placeable type="horseHusbandry" xmlns:xsi="http://www.w3.org/2001/XMLSchema-instance" xsi:noNamespaceSchemaLocation="../../../../shared/xml/schema/placeable.xsd">
    <storeData>
        <name>$l10n_storeItem_animalBarnHorseBig</name>
        <image>store_redhorsebarn.png</image>
        <price>65000</price>
        <functions>
            <function>$l10n_function_animalPenHorse</function>
        </functions>
        <lifetime>1000</lifetime>
        <dailyUpkeep>15</dailyUpkeep>
        <rotation>0</rotation>
        <brand>NONE</brand>
        <species>placeable</species>
        <category>animalpens</category>
        <brush>
            <type>placeable</type>
            <category>animals</category>
            <tab>horses</tab>
        </brush>
      

        <storeIconRendering>
            <settings cameraXRot="-20" cameraYRot="50" advancedBoundingBox="true"/>
        </storeIconRendering>
      
        <vertexBufferMemoryUsage>3485440</vertexBufferMemoryUsage>
        <indexBufferMemoryUsage>381952</indexBufferMemoryUsage>
        <textureMemoryUsage>11862016</textureMemoryUsage>
        <audioMemoryUsage>0</audioMemoryUsage>
        <instanceVertexBufferMemoryUsage>0</instanceVertexBufferMemoryUsage>
        <instanceIndexBufferMemoryUsage>0</instanceIndexBufferMemoryUsage>
    </storeData>

    <base>
        <filename>RedHorseBarn.i3d</filename>
        <canBeRenamed>true</canBeRenamed>
		<boughtWithFarmland>true</boughtWithFarmland>
    </base>

    <placement useRandomYRotation="false" useManualYRotation="true">
        <testAreas>
            <testArea startNode="testArea1Start" endNode="testArea1End" />
        </testAreas>

        <sounds>
            <place template="largeImp" />
            <placeLayered template="horseLayer" />
        </sounds>
    </placement>

    <clearAreas>
        <clearArea startNode="clearArea1Start" widthNode="clearArea1Width" heightNode="clearArea1Height"/>
    </clearAreas>

    <leveling requireLeveling="true" maxSmoothDistance="10" maxSlope="75" maxEdgeAngle="30">
        <levelAreas>
            <levelArea startNode="levelArea1Start" widthNode="levelArea1Width" heightNode="levelArea1Height" groundType="dirt"/>
        </levelAreas>

        <paintAreas>
            <paintArea startNode="paintArea1Start" widthNode="paintArea1Width" heightNode="paintArea1Height" groundType="grass" />
        </paintAreas>
    </leveling>

    <indoorAreas>
         <indoorArea startNode="indoorArea1Start" widthNode="indoorArea1Width" heightNode="indoorArea1Height"/>
    </indoorAreas>

    <foliageAreas>
        <foliageArea startNode="foliageArea1Start" widthNode="foliageArea1Width" heightNode="foliageArea1Height" decoFoliage="grassShort" />
    </foliageAreas>

    <tipOcclusionUpdateAreas>
        <tipOcclusionUpdateArea startNode="tipOcclusionUpdateArea1Start" endNode="tipOcclusionUpdateArea1End" />
    </tipOcclusionUpdateAreas>

    <ai>
        <updateAreas>
            <updateArea startNode="tipOcclusionUpdateArea1Start" endNode="tipOcclusionUpdateArea1End" />
        </updateAreas>
    </ai>

    <triggerMarkers>
        <triggerMarker node="markerFood" filename="$data/shared/assets/marker/markerIcons.xml" id="UNLOAD" />
        <triggerMarker node="markerAnimals" filename="$data/shared/assets/marker/markerIcons.xml" id="ANIMALS" />
		<triggerMarker node="markerShutters" filename="$data/shared/assets/marker/markerIcons.xml" id="EXCLAMATION_MARK" />
    </triggerMarkers>

    <hotspots>
        <hotspot type="HORSE" teleportNode="teleportNode" />
    </hotspots>

    <animatedObjects>
        <animatedObject saveId="BarnDoor01" >
            <animation duration="3">
                <part node="BarnDoor_Right01">
                    <keyFrame time="0.0" translation="-1.71099997 2.27200007 -25.07500076"/>
                    <keyFrame time="1.0" translation="-5 2.27200007 -25.07500076"/>
                </part>
                <part node="BarnDoor_Left01">
                    <keyFrame time="0.0" translation="1.71099997 2.27200007 -25.07500076"/>
                    <keyFrame time="1.0" translation="5 2.27200007 -25.07500076"/>
                </part>
				<part node="occluderMeshInsideDoor2">
                    <keyFrame time="0"    visibility="true" />
                    <keyFrame time="0.01" visibility="false" />
				</part>
				<part node="occluderMeshOutsideDoor2">
                    <keyFrame time="0"    visibility="true" />
                    <keyFrame time="1" visibility="false" />
				</part>
            </animation>
            <controls triggerNode="BarnDoorTrigger01" posAction="ACTIVATE_HANDTOOL" posText="action_openGate" negText="action_closeGate" />
            <sounds>
                <moving linkNode="BarnDoorSound01" template="slidingGateWoodLoop" />
                <posEnd linkNode="BarnDoorSound01" template="woodDoorOpen" />
                <negEnd linkNode="BarnDoorSound01" template="woodDoorClose" />
            </sounds>
        </animatedObject>
		<animatedObject saveId="BarnDoor02" >
            <animation duration="3">
                <part node="BarnDoor_Right02">
                    <keyFrame time="0.0" translation="1.71099997 2.27200007 25.07500076"/>
                    <keyFrame time="1.0" translation="5 2.27200007 25.07500076"/>
                </part>
                <part node="BarnDoor_Left02">
                    <keyFrame time="0.0" translation="-1.71099997 2.27200007 25.07500076"/>
                    <keyFrame time="1.0" translation="-5 2.27200007 25.07500076"/>
                </part>
				<part node="occluderMeshInsideDoor1">
                    <keyFrame time="0"    visibility="true" />
                    <keyFrame time="0.01" visibility="false" />
				</part>
				<part node="occluderMeshOutsideDoor1">
                    <keyFrame time="0"    visibility="true" />
                    <keyFrame time="1" visibility="false" />
				</part>
            </animation>
            <controls triggerNode="BarnDoorTrigger02" posAction="ACTIVATE_HANDTOOL" posText="action_openGate" negText="action_closeGate" />
            <sounds>
                <moving linkNode="BarnDoorSound02" template="slidingGateWoodLoop" />
                <posEnd linkNode="BarnDoorSound02" template="woodDoorOpen" />
                <negEnd linkNode="BarnDoorSound02" template="woodDoorClose" />
            </sounds>
        </animatedObject>
		<animatedObject saveId="Outside_stableGate1" >
            <animation duration="4">
                <part node="Metal_Gate01">
                    <keyFrame time="0.0" rotation="0 0 0"/>
                    <keyFrame time="1.0" rotation="0 -90 0"/>
                </part>
              
            </animation>
            <controls triggerNode="OutDoorTrigger01" posAction="ACTIVATE_HANDTOOL" posText="action_openGate" negText="action_closeGate" />
            <sounds>
                <moving linkNode="OutsideDoorSound01" template="slidingGateMetalLoop" />
                <posEnd linkNode="OutsideDoorSound01" template="slidingGateMetalOpen" />
                <negEnd linkNode="OutsideDoorSound01" template="slidingGateMetalClose" />
            </sounds>
        </animatedObject>
		<animatedObject saveId="Outside_stableGate2" >
            <animation duration="4">
                <part node="Metal_Gate02">
                    <keyFrame time="0.0" rotation="0 0 0"/>
                    <keyFrame time="1.0" rotation="0 -90 0"/>
                </part>
              
            </animation>
            <controls triggerNode="OutDoorTrigger02" posAction="ACTIVATE_HANDTOOL" posText="action_openGate" negText="action_closeGate" />
            <sounds>
                <moving linkNode="OutsideDoorSound02" template="slidingGateMetalLoop" />
                <posEnd linkNode="OutsideDoorSound02" template="slidingGateMetalOpen" />
                <negEnd linkNode="OutsideDoorSound02" template="slidingGateMetalClose" />
            </sounds>
        </animatedObject>
		<animatedObject saveId="Outside_stableGate3" >
            <animation duration="4">
                <part node="Metal_Gate03">
                    <keyFrame time="0.0" rotation="0 0 0"/>
                    <keyFrame time="1.0" rotation="0 -90 0"/>
                </part>
              
            </animation>
            <controls triggerNode="OutDoorTrigger03" posAction="ACTIVATE_HANDTOOL" posText="action_openGate" negText="action_closeGate" />
            <sounds>
                <moving linkNode="OutsideDoorSound03" template="slidingGateMetalLoop" />
                <posEnd linkNode="OutsideDoorSound03" template="slidingGateMetalOpen" />
                <negEnd linkNode="OutsideDoorSound03" template="slidingGateMetalClose" />
            </sounds>
        </animatedObject>
		<animatedObject saveId="Outside_stableGate4" >
            <animation duration="4">
                <part node="Metal_Gate04">
                    <keyFrame time="0.0" rotation="0 0 0"/>
                    <keyFrame time="1.0" rotation="0 -90 0"/>
                </part>
              
            </animation>
            <controls triggerNode="OutDoorTrigger04" posAction="ACTIVATE_HANDTOOL" posText="action_openGate" negText="action_closeGate" />
            <sounds>
                <moving linkNode="OutsideDoorSound04" template="slidingGateMetalLoop" />
                <posEnd linkNode="OutsideDoorSound04" template="slidingGateMetalOpen" />
                <negEnd linkNode="OutsideDoorSound04" template="slidingGateMetalClose" />
            </sounds>
        </animatedObject>
		<animatedObject saveId="Outside_stableGate5" >
            <animation duration="4">
                <part node="Metal_Gate05">
                    <keyFrame time="0.0" rotation="0 0 0"/>
                    <keyFrame time="1.0" rotation="0 -90 0"/>
                </part>
              
            </animation>
            <controls triggerNode="OutDoorTrigger05" posAction="ACTIVATE_HANDTOOL" posText="action_openGate" negText="action_closeGate" />
            <sounds>
                <moving linkNode="OutsideDoorSound05" template="slidingGateMetalLoop" />
                <posEnd linkNode="OutsideDoorSound05" template="slidingGateMetalOpen" />
                <negEnd linkNode="OutsideDoorSound05" template="slidingGateMetalClose" />
            </sounds>
        </animatedObject>
		<animatedObject saveId="Outside_stableGate6" >
            <animation duration="4">
                <part node="Metal_Gate06">
                    <keyFrame time="0.0" rotation="0 0 0"/>
                    <keyFrame time="1.0" rotation="0 -90 0"/>
                </part>
              
            </animation>
            <controls triggerNode="OutDoorTrigger06" posAction="ACTIVATE_HANDTOOL" posText="action_openGate" negText="action_closeGate" />
            <sounds>
                <moving linkNode="OutsideDoorSound06" template="slidingGateMetalLoop" />
                <posEnd linkNode="OutsideDoorSound06" template="slidingGateMetalOpen" />
                <negEnd linkNode="OutsideDoorSound06" template="slidingGateMetalClose" />
            </sounds>
        </animatedObject>
		<animatedObject saveId="Outside_stableGate7" >
            <animation duration="4">
                <part node="Metal_Gate07">
                    <keyFrame time="0.0" rotation="0 0 0"/>
                    <keyFrame time="1.0" rotation="0 -90 0"/>
                </part>
              
            </animation>
            <controls triggerNode="OutDoorTrigger07" posAction="ACTIVATE_HANDTOOL" posText="action_openGate" negText="action_closeGate" />
            <sounds>
                <moving linkNode="OutsideDoorSound07" template="slidingGateMetalLoop" />
                <posEnd linkNode="OutsideDoorSound07" template="slidingGateMetalOpen" />
                <negEnd linkNode="OutsideDoorSound07" template="slidingGateMetalClose" />
            </sounds>
        </animatedObject>
		<animatedObject saveId="Gate_01" >
            <animation duration="3">
                <part node="Gate_Right01">
                    <keyFrame time="0.0" rotation="0 0 0"/>
                    <keyFrame time="1.0" rotation="0 180 0"/>
                </part>
				<part node="Gate_Left01">
                    <keyFrame time="0.0" rotation="0 0 0"/>
                    <keyFrame time="1.0" rotation="0 -123 0"/>
                </part>
              
            </animation>
            <controls triggerNode="StableGateTrigger01" posAction="ACTIVATE_HANDTOOL" posText="action_openGate" negText="action_closeGate" />
            <sounds>
                <moving linkNode="StableGateSound01" template="woodBigDoorLoop" />
                <posEnd linkNode="StableGateSound01" template="woodDoorOpen" />
                <negEnd linkNode="StableGateSound01" template="woodDoorClose" />
            </sounds>
        </animatedObject>
		<animatedObject saveId="Gate_02" >
            <animation duration="3">
                <part node="Gate_Right02">
                    <keyFrame time="0.0" rotation="0 0 0"/>
                    <keyFrame time="1.0" rotation="0 180 0"/>
                </part>
				<part node="Gate_Left02">
                    <keyFrame time="0.0" rotation="0 0 0"/>
                    <keyFrame time="1.0" rotation="0 -123 0"/>
                </part>
              
            </animation>
            <controls triggerNode="StableGateTrigger02" posAction="ACTIVATE_HANDTOOL" posText="action_openGate" negText="action_closeGate" />
            <sounds>
                <moving linkNode="StableGateSound02" template="woodBigDoorLoop" />
                <posEnd linkNode="StableGateSound02" template="woodDoorOpen" />
                <negEnd linkNode="StableGateSound02" template="woodDoorClose" />
            </sounds>
        </animatedObject>
		<animatedObject saveId="Gate_03" >
            <animation duration="3">
                <part node="Gate_Right03">
                    <keyFrame time="0.0" rotation="0 0 0"/>
                    <keyFrame time="1.0" rotation="0 180 0"/>
                </part>
				<part node="Gate_Left03">
                    <keyFrame time="0.0" rotation="0 0 0"/>
                    <keyFrame time="1.0" rotation="0 -180 0"/>
                </part>
              
            </animation>
            <controls triggerNode="StableGateTrigger03" posAction="ACTIVATE_HANDTOOL" posText="action_openGate" negText="action_closeGate" />
            <sounds>
                <moving linkNode="StableGateSound03" template="woodBigDoorLoop" />
                <posEnd linkNode="StableGateSound03" template="woodDoorOpen" />
                <negEnd linkNode="StableGateSound03" template="woodDoorClose" />
            </sounds>
        </animatedObject>
		<animatedObject saveId="Gate_04" >
            <animation duration="3">
                <part node="Gate_Right04">
                    <keyFrame time="0.0" rotation="0 0 0"/>
                    <keyFrame time="1.0" rotation="0 180 0"/>
                </part>
				<part node="Gate_Left04">
                    <keyFrame time="0.0" rotation="0 0 0"/>
                    <keyFrame time="1.0" rotation="0 -180 0"/>
                </part>
              
            </animation>
            <controls triggerNode="StableGateTrigger04" posAction="ACTIVATE_HANDTOOL" posText="action_openGate" negText="action_closeGate" />
            <sounds>
                <moving linkNode="StableGateSound04" template="woodBigDoorLoop" />
                <posEnd linkNode="StableGateSound04" template="woodDoorOpen" />
                <negEnd linkNode="StableGateSound04" template="woodDoorClose" />
            </sounds>
        </animatedObject>
		<animatedObject saveId="Gate_05" >
            <animation duration="3">
                <part node="Gate_Right05">
                    <keyFrame time="0.0" rotation="0 0 0"/>
                    <keyFrame time="1.0" rotation="0 180 0"/>
                </part>
				<part node="Gate_Left05">
                    <keyFrame time="0.0" rotation="0 0 0"/>
                    <keyFrame time="1.0" rotation="0 -180 0"/>
                </part>
              
            </animation>
            <controls triggerNode="StableGateTrigger05" posAction="ACTIVATE_HANDTOOL" posText="action_openGate" negText="action_closeGate" />
            <sounds>
                <moving linkNode="StableGateSound05" template="woodBigDoorLoop" />
                <posEnd linkNode="StableGateSound05" template="woodDoorOpen" />
                <negEnd linkNode="StableGateSound05" template="woodDoorClose" />
            </sounds>
        </animatedObject>
		<animatedObject saveId="Gate_06" >
            <animation duration="3">
                <part node="Gate_Right06">
                    <keyFrame time="0.0" rotation="0 0 0"/>
                    <keyFrame time="1.0" rotation="0 180 0"/>
                </part>
				<part node="Gate_Left06">
                    <keyFrame time="0.0" rotation="0 0 0"/>
                    <keyFrame time="1.0" rotation="0 -180 0"/>
                </part>
              
            </animation>
            <controls triggerNode="StableGateTrigger06" posAction="ACTIVATE_HANDTOOL" posText="action_openGate" negText="action_closeGate" />
            <sounds>
                <moving linkNode="StableGateSound06" template="woodBigDoorLoop" />
                <posEnd linkNode="StableGateSound06" template="woodDoorOpen" />
                <negEnd linkNode="StableGateSound06" template="woodDoorClose" />
            </sounds>
        </animatedObject>
		<animatedObject saveId="Gate_07" >
            <animation duration="3">
                <part node="Gate_Right07">
                    <keyFrame time="0.0" rotation="0 0 0"/>
                    <keyFrame time="1.0" rotation="0 123 0"/>
                </part>
				<part node="Gate_Left07">
                    <keyFrame time="0.0" rotation="0 0 0"/>
                    <keyFrame time="1.0" rotation="0 -180 0"/>
                </part>
              
            </animation>
            <controls triggerNode="StableGateTrigger07" posAction="ACTIVATE_HANDTOOL" posText="action_openGate" negText="action_closeGate" />
            <sounds>
                <moving linkNode="StableGateSound07" template="woodBigDoorLoop" />
                <posEnd linkNode="StableGateSound07" template="woodDoorOpen" />
                <negEnd linkNode="StableGateSound07" template="woodDoorClose" />
            </sounds>
        </animatedObject>
		<animatedObject saveId="Gate_08" >
            <animation duration="3">
                <part node="Gate_Right08">
                    <keyFrame time="0.0" rotation="0 -180 0"/>
                    <keyFrame time="1.0" rotation="0 0 0"/>
                </part>
				<part node="Gate_Left08">
                    <keyFrame time="0.0" rotation="0 -180 0"/>
                    <keyFrame time="1.0" rotation="0 -320 0"/>
                </part>
              
            </animation>
            <controls triggerNode="StableGateTrigger08" posAction="ACTIVATE_HANDTOOL" posText="action_openGate" negText="action_closeGate" />
            <sounds>
                <moving linkNode="StableGateSound08" template="woodBigDoorLoop" />
                <posEnd linkNode="StableGateSound08" template="woodDoorOpen" />
                <negEnd linkNode="StableGateSound08" template="woodDoorClose" />
            </sounds>
        </animatedObject>
		<animatedObject saveId="Gate_09" >
            <animation duration="3">
                <part node="Gate_Right09">
                    <keyFrame time="0.0" rotation="0 -180 0"/>
                    <keyFrame time="1.0" rotation="0 0 0"/>
                </part>
				<part node="Gate_Left09">
                    <keyFrame time="0.0" rotation="0 -180 0"/>
                    <keyFrame time="1.0" rotation="0 -360 0"/>
                </part>
              
            </animation>
            <controls triggerNode="StableGateTrigger09" posAction="ACTIVATE_HANDTOOL" posText="action_openGate" negText="action_closeGate" />
            <sounds>
                <moving linkNode="StableGateSound09" template="woodBigDoorLoop" />
                <posEnd linkNode="StableGateSound09" template="woodDoorOpen" />
                <negEnd linkNode="StableGateSound09" template="woodDoorClose" />
            </sounds>
        </animatedObject>
		<animatedObject saveId="Gate_10" >
            <animation duration="3">
                <part node="Gate_Right10">
                    <keyFrame time="0.0" rotation="0 -180 0"/>
                    <keyFrame time="1.0" rotation="0 0 0"/>
                </part>
				<part node="Gate_Left10">
                    <keyFrame time="0.0" rotation="0 -180 0"/>
                    <keyFrame time="1.0" rotation="0 -360 0"/>
                </part>
              
            </animation>
            <controls triggerNode="StableGateTrigger10" posAction="ACTIVATE_HANDTOOL" posText="action_openGate" negText="action_closeGate" />
            <sounds>
                <moving linkNode="StableGateSound10" template="woodBigDoorLoop" />
                <posEnd linkNode="StableGateSound10" template="woodDoorOpen" />
                <negEnd linkNode="StableGateSound10" template="woodDoorClose" />
            </sounds>
        </animatedObject>
		<animatedObject saveId="Gate_11" >
            <animation duration="3">
                <part node="Gate_Right11">
                    <keyFrame time="0.0" rotation="0 -180 0"/>
                    <keyFrame time="1.0" rotation="0 0 0"/>
                </part>
				<part node="Gate_Left11">
                    <keyFrame time="0.0" rotation="0 -180 0"/>
                    <keyFrame time="1.0" rotation="0 -360 0"/>
                </part>
              
            </animation>
            <controls triggerNode="StableGateTrigger11" posAction="ACTIVATE_HANDTOOL" posText="action_openGate" negText="action_closeGate" />
            <sounds>
                <moving linkNode="StableGateSound11" template="woodBigDoorLoop" />
                <posEnd linkNode="StableGateSound11" template="woodDoorOpen" />
                <negEnd linkNode="StableGateSound11" template="woodDoorClose" />
            </sounds>
        </animatedObject>
		<animatedObject saveId="Gate_12" >
            <animation duration="3">
                <part node="Gate_Right12">
                    <keyFrame time="0.0" rotation="0 -180 0"/>
                    <keyFrame time="1.0" rotation="0 0 0"/>
                </part>
				<part node="Gate_Left12">
                    <keyFrame time="0.0" rotation="0 -180 0"/>
                    <keyFrame time="1.0" rotation="0 -360 0"/>
                </part>
              
            </animation>
            <controls triggerNode="StableGateTrigger12" posAction="ACTIVATE_HANDTOOL" posText="action_openGate" negText="action_closeGate" />
            <sounds>
                <moving linkNode="StableGateSound12" template="woodBigDoorLoop" />
                <posEnd linkNode="StableGateSound12" template="woodDoorOpen" />
                <negEnd linkNode="StableGateSound12" template="woodDoorClose" />
            </sounds>
        </animatedObject>
		<animatedObject saveId="Gate_13" >
            <animation duration="3">
                <part node="Gate_Right13">
                    <keyFrame time="0.0" rotation="0 -180 0"/>
                    <keyFrame time="1.0" rotation="0 -60 0"/>
                </part>
				<part node="Gate_Left13">
                    <keyFrame time="0.0" rotation="0 -180 0"/>
                    <keyFrame time="1.0" rotation="0 -345 0"/>
                </part>
              
            </animation>
            <controls triggerNode="StableGateTrigger13" posAction="ACTIVATE_HANDTOOL" posText="action_openGate" negText="action_closeGate" />
            <sounds>
                <moving linkNode="StableGateSound13" template="woodBigDoorLoop" />
                <posEnd linkNode="StableGateSound13" template="woodDoorOpen" />
                <negEnd linkNode="StableGateSound13" template="woodDoorClose" />
            </sounds>
        </animatedObject>
		<animatedObject saveId="Shutter01" >
            <animation duration="3">
                <part node="Left_Shutter01">
                    <keyFrame time="0.0" rotation="0 0 0"/>
                    <keyFrame time="1.0" rotation="0 -180 0"/>
                </part>
				<part node="Right_Shutter01">
                    <keyFrame time="0.0" rotation="0 0 0"/>
                    <keyFrame time="1.0" rotation="0 180 0"/>
                </part>
				<part node="Left_Shutter02">
                    <keyFrame time="0.0" rotation="0 0 0"/>
                    <keyFrame time="1.0" rotation="0 -180 0"/>
                </part>
				<part node="Right_Shutter02">
                    <keyFrame time="0.0" rotation="0 0 0"/>
                    <keyFrame time="1.0" rotation="0 180 0"/>
                </part>
				<part node="Left_Shutter03">
                    <keyFrame time="0.0" rotation="0 0 0"/>
                    <keyFrame time="1.0" rotation="0 -180 0"/>
                </part>
				<part node="Right_Shutter03">
                    <keyFrame time="0.0" rotation="0 0 0"/>
                    <keyFrame time="1.0" rotation="0 180 0"/>
                </part>
				<part node="Left_Shutter04">
                    <keyFrame time="0.0" rotation="0 0 0"/>
                    <keyFrame time="1.0" rotation="0 -180 0"/>
                </part>
				<part node="Right_Shutter04">
                    <keyFrame time="0.0" rotation="0 0 0"/>
                    <keyFrame time="1.0" rotation="0 180 0"/>
                </part>
				<part node="Left_Shutter05">
                    <keyFrame time="0.0" rotation="0 0 0"/>
                    <keyFrame time="1.0" rotation="0 -180 0"/>
                </part>
				<part node="Right_Shutter05">
                    <keyFrame time="0.0" rotation="0 0 0"/>
                    <keyFrame time="1.0" rotation="0 180 0"/>
                </part>
				<part node="Left_Shutter06">
                    <keyFrame time="0.0" rotation="0 0 0"/>
                    <keyFrame time="1.0" rotation="0 -180 0"/>
                </part>
				<part node="Right_Shutter06">
                    <keyFrame time="0.0" rotation="0 0 0"/>
                    <keyFrame time="1.0" rotation="0 180 0"/>
                </part>
				<part node="Left_Shutter07">
                    <keyFrame time="0.0" rotation="0 0 0"/>
                    <keyFrame time="1.0" rotation="0 -180 0"/>
                </part>
				<part node="Right_Shutter07">
                    <keyFrame time="0.0" rotation="0 0 0"/>
                    <keyFrame time="1.0" rotation="0 180 0"/>
                </part>
				<part node="occluderMeshInsideShutters">
                    <keyFrame time="0"    visibility="true" />
                    <keyFrame time="0.01" visibility="false" />
				</part>
				<part node="occluderMeshOutsideShutters">
                    <keyFrame time="0"    visibility="true" />
                    <keyFrame time="1" visibility="false" />
				</part>
              
            </animation>
            <controls triggerNode="ShutterTrigger" posAction="ACTIVATE_HANDTOOL" posText="action_openShutters" negText="action_closeShutters" />
            <sounds>
                <moving linkNode="ShutterSound01" template="woodBigDoorLoop" />
                <posEnd linkNode="ShutterSound01" template="woodDoorOpen" />
                <negEnd linkNode="ShutterSound01" template="woodDoorClose" />
            </sounds>
        </animatedObject>
		<animatedObject saveId="Pasture_Gate" >
            <animation duration="5">
                <part node="Metal_Gate07.001">
                    <keyFrame time="0.0" rotation="0 0 0"/>
                    <keyFrame time="1.0" rotation="0 -180 0"/>
                </part>
				
              
            </animation>
            <controls triggerNode="PastureFenceTrigger" posAction="ACTIVATE_HANDTOOL" posText="action_openGate" negText="action_closeGate" />
            <sounds>
                <moving linkNode="PastureGateSound" template="slidingGateMetalLoop" />
                <posEnd linkNode="PastureGateSound" template="slidingGateMetalOpen" />
                <negEnd linkNode="PastureGateSound" template="slidingGateMetalClose" />
            </sounds>
        </animatedObject>
	
        
    </animatedObjects>

    

   

    <infoTrigger triggerNode="infoTrigger" />

    <husbandry saveId="Animals_HORSE" hasStatistics="false">
        <storage node="storage" fillTypes="STRAW MANURE" isExtension="false">
            <capacity fillType="STRAW" capacity="25000" />
            <capacity fillType="MANURE" capacity="0" />
        </storage>

         <unloadingStation supportsExtension="true" hideFromPricesMenu="true" storageRadius="100">
             <unloadTrigger exactFillRootNode="exactFillRootNodeStraw" fillTypes="STRAW" >
                <baleTrigger triggerNode="baleTriggerStraw"/>
            </unloadTrigger>
            <unloadTrigger fillTypes="MANURE" />
         </unloadingStation>

         <loadingStation supportsExtension="true" storageRadius="50" fillTypes="straw" />

        <animals type="HORSE" maxNumAnimals="30">
            <navigation rootNode="navigationRootNode" filename="NavMeshHorses.i3d" />
            <loadingTrigger node="loadingTrigger" />

    
        </animals>

        <food capacity="40000" >
            
            <feedingTrough exactFillRootNode="exactFillRootNodeFood">
               <baleTrigger triggerNode="baleTrigger"/>
            </feedingTrough>
        </food>

        <water automaticWaterSupply="true" />

      

        <fences>
            <fence filename="$data/placeables/lizard/fencesFarm/level03/fencesFarmLevel03Singleton.xml" hasStartPole="true" hasEndPole="true">
                <node node="fence1Node1" />
                <node node="fence1Node2" />
            </fence>
			<fence filename="$data/placeables/lizard/fencesFarm/level03/fencesFarmLevel03Singleton.xml" hasStartPole="true" hasEndPole="true">
                <node node="fence2Node01" />
                <node node="fence2Node02" />
				<node node="fence2Node03" />
				<node node="fence2Node04" />
            </fence>
            
            
        </fences>
    </husbandry>


<i3dMappings>
  <i3dMapping id="RedHorseBarn" node="0>" />
  <i3dMapping id="Doors" node="0>0" />
  <i3dMapping id="OutDoor_BarnDoors" node="0>0|0" />
  <i3dMapping id="BarnDoor_Left01" node="0>0|0|0" />
  <i3dMapping id="BarnDoor_Left01_Col" node="0>0|0|0|0" />
  <i3dMapping id="Sliders_Left01" node="0>0|0|0|1" />
  <i3dMapping id="BarnDoor_Left02" node="0>0|0|1" />
  <i3dMapping id="BarnDoor_Left02_Col" node="0>0|0|1|0" />
  <i3dMapping id="Sliders_Left02" node="0>0|0|1|1" />
  <i3dMapping id="BarnDoor_Right01" node="0>0|0|2" />
  <i3dMapping id="BarnDoor_Right01_Col" node="0>0|0|2|0" />
  <i3dMapping id="Sliders_Right01" node="0>0|0|2|1" />
  <i3dMapping id="BarnDoor_Right02" node="0>0|0|3" />
  <i3dMapping id="BarnDoor_Right02_Col" node="0>0|0|3|0" />
  <i3dMapping id="Sliders_Right02" node="0>0|0|3|1" />
  <i3dMapping id="Outside_stableGates" node="0>0|1" />
  <i3dMapping id="Metal_Gate01" node="0>0|1|0" />
  <i3dMapping id="Metal_Gate01_Col" node="0>0|1|0|0" />
  <i3dMapping id="Metal_Gate02" node="0>0|1|1" />
  <i3dMapping id="Metal_Gate02_Col" node="0>0|1|1|0" />
  <i3dMapping id="Metal_Gate03" node="0>0|1|2" />
  <i3dMapping id="Metal_Gate03_Col" node="0>0|1|2|0" />
  <i3dMapping id="Metal_Gate04" node="0>0|1|3" />
  <i3dMapping id="Metal_Gate04_Col" node="0>0|1|3|0" />
  <i3dMapping id="Metal_Gate05" node="0>0|1|4" />
  <i3dMapping id="Metal_Gate05_Col" node="0>0|1|4|0" />
  <i3dMapping id="Metal_Gate06" node="0>0|1|5" />
  <i3dMapping id="Metal_Gate06_Col" node="0>0|1|5|0" />
  <i3dMapping id="Metal_Gate07" node="0>0|1|6" />
  <i3dMapping id="Metal_Gate07_Col" node="0>0|1|6|0" />
  <i3dMapping id="Pasture_Gate" node="0>0|2" />
  <i3dMapping id="Metal_Gate07.001" node="0>0|2|0" />
  <i3dMapping id="Metal_Gate07_Col.001" node="0>0|2|0|0" />
  <i3dMapping id="Stable_doors" node="0>0|3" />
  <i3dMapping id="Gate_01" node="0>0|3|0" />
  <i3dMapping id="Gate_Left01" node="0>0|3|0|0" />
  <i3dMapping id="Gate_01_LeftEDIT" node="0>0|3|0|0|0" />
  <i3dMapping id="Gate_01_ColLeftEDIT" node="0>0|3|0|0|0|0" />
  <i3dMapping id="crossBracing01LeftEDIT" node="0>0|3|0|0|0|1" />
  <i3dMapping id="Gate_Right01" node="0>0|3|0|1" />
  <i3dMapping id="Gate_01_RightEDIT" node="0>0|3|0|1|0" />
  <i3dMapping id="Gate_01_ColRightEDIT" node="0>0|3|0|1|0|0" />
  <i3dMapping id="crossBracing01RightEDIT" node="0>0|3|0|1|0|1" />
  <i3dMapping id="Gate_02" node="0>0|3|1" />
  <i3dMapping id="Gate_Left02" node="0>0|3|1|0" />
  <i3dMapping id="Gate_01_LeftEDIT.001" node="0>0|3|1|0|0" />
  <i3dMapping id="Gate_01_ColLeftEDIT.001" node="0>0|3|1|0|0|0" />
  <i3dMapping id="crossBracing01LeftEDIT.001" node="0>0|3|1|0|0|1" />
  <i3dMapping id="Gate_Right02" node="0>0|3|1|1" />
  <i3dMapping id="Gate_01_RightEDIT.001" node="0>0|3|1|1|0" />
  <i3dMapping id="Gate_01_ColRightEDIT.001" node="0>0|3|1|1|0|0" />
  <i3dMapping id="crossBracing01RightEDIT.001" node="0>0|3|1|1|0|1" />
  <i3dMapping id="Gate_03" node="0>0|3|2" />
  <i3dMapping id="Gate_Left03" node="0>0|3|2|0" />
  <i3dMapping id="Gate_01_LeftEDIT.002" node="0>0|3|2|0|0" />
  <i3dMapping id="Gate_01_ColLeftEDIT.002" node="0>0|3|2|0|0|0" />
  <i3dMapping id="crossBracing01LeftEDIT.002" node="0>0|3|2|0|0|1" />
  <i3dMapping id="Gate_Right03" node="0>0|3|2|1" />
  <i3dMapping id="Gate_01_RightEDIT.002" node="0>0|3|2|1|0" />
  <i3dMapping id="Gate_01_ColRightEDIT.002" node="0>0|3|2|1|0|0" />
  <i3dMapping id="crossBracing01RightEDIT.002" node="0>0|3|2|1|0|1" />
  <i3dMapping id="Gate_04" node="0>0|3|3" />
  <i3dMapping id="Gate_Left04" node="0>0|3|3|0" />
  <i3dMapping id="Gate_01_LeftEDIT.003" node="0>0|3|3|0|0" />
  <i3dMapping id="Gate_01_ColLeftEDIT.003" node="0>0|3|3|0|0|0" />
  <i3dMapping id="crossBracing01LeftEDIT.003" node="0>0|3|3|0|0|1" />
  <i3dMapping id="Gate_Right04" node="0>0|3|3|1" />
  <i3dMapping id="Gate_01_RightEDIT.003" node="0>0|3|3|1|0" />
  <i3dMapping id="Gate_01_ColRightEDIT.003" node="0>0|3|3|1|0|0" />
  <i3dMapping id="crossBracing01RightEDIT.003" node="0>0|3|3|1|0|1" />
  <i3dMapping id="Gate_05" node="0>0|3|4" />
  <i3dMapping id="Gate_Left05" node="0>0|3|4|0" />
  <i3dMapping id="Gate_01_LeftEDIT.004" node="0>0|3|4|0|0" />
  <i3dMapping id="Gate_01_ColLeftEDIT.004" node="0>0|3|4|0|0|0" />
  <i3dMapping id="crossBracing01LeftEDIT.004" node="0>0|3|4|0|0|1" />
  <i3dMapping id="Gate_Right05" node="0>0|3|4|1" />
  <i3dMapping id="Gate_01_RightEDIT.004" node="0>0|3|4|1|0" />
  <i3dMapping id="Gate_01_ColRightEDIT.004" node="0>0|3|4|1|0|0" />
  <i3dMapping id="crossBracing01RightEDIT.004" node="0>0|3|4|1|0|1" />
  <i3dMapping id="Gate_06" node="0>0|3|5" />
  <i3dMapping id="Gate_Left06" node="0>0|3|5|0" />
  <i3dMapping id="Gate_01_LeftEDIT.005" node="0>0|3|5|0|0" />
  <i3dMapping id="Gate_01_ColLeftEDIT.005" node="0>0|3|5|0|0|0" />
  <i3dMapping id="crossBracing01LeftEDIT.005" node="0>0|3|5|0|0|1" />
  <i3dMapping id="Gate_Right06" node="0>0|3|5|1" />
  <i3dMapping id="Gate_01_RightEDIT.005" node="0>0|3|5|1|0" />
  <i3dMapping id="Gate_01_ColRightEDIT.005" node="0>0|3|5|1|0|0" />
  <i3dMapping id="crossBracing01RightEDIT.005" node="0>0|3|5|1|0|1" />
  <i3dMapping id="Gate_07" node="0>0|3|6" />
  <i3dMapping id="Gate_Left07" node="0>0|3|6|0" />
  <i3dMapping id="Gate_01_LeftEDIT.006" node="0>0|3|6|0|0" />
  <i3dMapping id="Gate_01_ColLeftEDIT.006" node="0>0|3|6|0|0|0" />
  <i3dMapping id="crossBracing01LeftEDIT.006" node="0>0|3|6|0|0|1" />
  <i3dMapping id="Gate_Right07" node="0>0|3|6|1" />
  <i3dMapping id="Gate_01_RightEDIT.006" node="0>0|3|6|1|0" />
  <i3dMapping id="Gate_01_ColRightEDIT.006" node="0>0|3|6|1|0|0" />
  <i3dMapping id="crossBracing01RightEDIT.006" node="0>0|3|6|1|0|1" />
  <i3dMapping id="Gate_08" node="0>0|3|7" />
  <i3dMapping id="Gate_Left08" node="0>0|3|7|0" />
  <i3dMapping id="Gate_01_LeftEDIT.007" node="0>0|3|7|0|0" />
  <i3dMapping id="Gate_01_ColLeftEDIT.007" node="0>0|3|7|0|0|0" />
  <i3dMapping id="crossBracing01LeftEDIT.007" node="0>0|3|7|0|0|1" />
  <i3dMapping id="Gate_Right08" node="0>0|3|7|1" />
  <i3dMapping id="Gate_01_RightEDIT.007" node="0>0|3|7|1|0" />
  <i3dMapping id="Gate_01_ColRightEDIT.007" node="0>0|3|7|1|0|0" />
  <i3dMapping id="crossBracing01RightEDIT.007" node="0>0|3|7|1|0|1" />
  <i3dMapping id="Gate_09" node="0>0|3|8" />
  <i3dMapping id="Gate_Left09" node="0>0|3|8|0" />
  <i3dMapping id="Gate_01_LeftEDIT.008" node="0>0|3|8|0|0" />
  <i3dMapping id="Gate_01_ColLeftEDIT.008" node="0>0|3|8|0|0|0" />
  <i3dMapping id="crossBracing01LeftEDIT.008" node="0>0|3|8|0|0|1" />
  <i3dMapping id="Gate_Right09" node="0>0|3|8|1" />
  <i3dMapping id="Gate_01_RightEDIT.008" node="0>0|3|8|1|0" />
  <i3dMapping id="Gate_01_ColRightEDIT.008" node="0>0|3|8|1|0|0" />
  <i3dMapping id="crossBracing01RightEDIT.008" node="0>0|3|8|1|0|1" />
  <i3dMapping id="Gate_10" node="0>0|3|9" />
  <i3dMapping id="Gate_Left10" node="0>0|3|9|0" />
  <i3dMapping id="Gate_01_LeftEDIT.009" node="0>0|3|9|0|0" />
  <i3dMapping id="Gate_01_ColLeftEDIT.009" node="0>0|3|9|0|0|0" />
  <i3dMapping id="crossBracing01LeftEDIT.009" node="0>0|3|9|0|0|1" />
  <i3dMapping id="Gate_Right10" node="0>0|3|9|1" />
  <i3dMapping id="Gate_01_RightEDIT.009" node="0>0|3|9|1|0" />
  <i3dMapping id="Gate_01_ColRightEDIT.009" node="0>0|3|9|1|0|0" />
  <i3dMapping id="crossBracing01RightEDIT.009" node="0>0|3|9|1|0|1" />
  <i3dMapping id="Gate_11" node="0>0|3|10" />
  <i3dMapping id="Gate_Left11" node="0>0|3|10|0" />
  <i3dMapping id="Gate_01_LeftEDIT.010" node="0>0|3|10|0|0" />
  <i3dMapping id="Gate_01_ColLeftEDIT.010" node="0>0|3|10|0|0|0" />
  <i3dMapping id="crossBracing01LeftEDIT.010" node="0>0|3|10|0|0|1" />
  <i3dMapping id="Gate_Right11" node="0>0|3|10|1" />
  <i3dMapping id="Gate_01_RightEDIT.010" node="0>0|3|10|1|0" />
  <i3dMapping id="Gate_01_ColRightEDIT.010" node="0>0|3|10|1|0|0" />
  <i3dMapping id="crossBracing01RightEDIT.010" node="0>0|3|10|1|0|1" />
  <i3dMapping id="Gate_12" node="0>0|3|11" />
  <i3dMapping id="Gate_Left12" node="0>0|3|11|0" />
  <i3dMapping id="Gate_01_LeftEDIT.011" node="0>0|3|11|0|0" />
  <i3dMapping id="Gate_01_ColLeftEDIT.011" node="0>0|3|11|0|0|0" />
  <i3dMapping id="crossBracing01LeftEDIT.011" node="0>0|3|11|0|0|1" />
  <i3dMapping id="Gate_Right12" node="0>0|3|11|1" />
  <i3dMapping id="Gate_01_RightEDIT.011" node="0>0|3|11|1|0" />
  <i3dMapping id="Gate_01_ColRightEDIT.011" node="0>0|3|11|1|0|0" />
  <i3dMapping id="crossBracing01RightEDIT.011" node="0>0|3|11|1|0|1" />
  <i3dMapping id="Gate_13" node="0>0|3|12" />
  <i3dMapping id="Gate_Left13" node="0>0|3|12|0" />
  <i3dMapping id="Gate_01_LeftEDIT.012" node="0>0|3|12|0|0" />
  <i3dMapping id="Gate_01_ColLeftEDIT.012" node="0>0|3|12|0|0|0" />
  <i3dMapping id="crossBracing01LeftEDIT.012" node="0>0|3|12|0|0|1" />
  <i3dMapping id="Gate_Right13" node="0>0|3|12|1" />
  <i3dMapping id="Gate_01_RightEDIT.012" node="0>0|3|12|1|0" />
  <i3dMapping id="Gate_01_ColRightEDIT.012" node="0>0|3|12|1|0|0" />
  <i3dMapping id="crossBracing01RightEDIT.012" node="0>0|3|12|1|0|1" />
  <i3dMapping id="Window_Shutters" node="0>0|4" />
  <i3dMapping id="Shutter01" node="0>0|4|0" />
  <i3dMapping id="Left_Shutter01" node="0>0|4|0|0" />
  <i3dMapping id="LeftShutter_Col01" node="0>0|4|0|0|0" />
  <i3dMapping id="Left_Shutter1" node="0>0|4|0|0|1" />
  <i3dMapping id="Right_Shutter01" node="0>0|4|0|1" />
  <i3dMapping id="RightShutter_Col01" node="0>0|4|0|1|0" />
  <i3dMapping id="Right_Shutter1" node="0>0|4|0|1|1" />
  <i3dMapping id="Shutter02" node="0>0|4|1" />
  <i3dMapping id="Left_Shutter02" node="0>0|4|1|0" />
  <i3dMapping id="LeftShutter_Col02" node="0>0|4|1|0|0" />
  <i3dMapping id="Left_Shutter2" node="0>0|4|1|0|1" />
  <i3dMapping id="Right_Shutter02" node="0>0|4|1|1" />
  <i3dMapping id="RightShutter_Col02" node="0>0|4|1|1|0" />
  <i3dMapping id="Right_Shutter2" node="0>0|4|1|1|1" />
  <i3dMapping id="Shutter03" node="0>0|4|2" />
  <i3dMapping id="Left_Shutter03" node="0>0|4|2|0" />
  <i3dMapping id="LeftShutter_Col03" node="0>0|4|2|0|0" />
  <i3dMapping id="Left_Shutter3" node="0>0|4|2|0|1" />
  <i3dMapping id="Right_Shutter03" node="0>0|4|2|1" />
  <i3dMapping id="RightShutter_Col03" node="0>0|4|2|1|0" />
  <i3dMapping id="Right_Shutter3" node="0>0|4|2|1|1" />
  <i3dMapping id="Shutter04" node="0>0|4|3" />
  <i3dMapping id="Left_Shutter04" node="0>0|4|3|0" />
  <i3dMapping id="LeftShutter_Col04" node="0>0|4|3|0|0" />
  <i3dMapping id="Left_Shutter4" node="0>0|4|3|0|1" />
  <i3dMapping id="Right_Shutter04" node="0>0|4|3|1" />
  <i3dMapping id="RightShutter_Col04" node="0>0|4|3|1|0" />
  <i3dMapping id="Right_Shutter4" node="0>0|4|3|1|1" />
  <i3dMapping id="Shutter05" node="0>0|4|4" />
  <i3dMapping id="Left_Shutter05" node="0>0|4|4|0" />
  <i3dMapping id="LeftShutter_Col05" node="0>0|4|4|0|0" />
  <i3dMapping id="Left_Shutter5" node="0>0|4|4|0|1" />
  <i3dMapping id="Right_Shutter05" node="0>0|4|4|1" />
  <i3dMapping id="RightShutter_Col05" node="0>0|4|4|1|0" />
  <i3dMapping id="Right_Shutter5" node="0>0|4|4|1|1" />
  <i3dMapping id="Shutter06" node="0>0|4|5" />
  <i3dMapping id="Left_Shutter06" node="0>0|4|5|0" />
  <i3dMapping id="LeftShutter_Col06" node="0>0|4|5|0|0" />
  <i3dMapping id="Left_Shutter6" node="0>0|4|5|0|1" />
  <i3dMapping id="Right_Shutter06" node="0>0|4|5|1" />
  <i3dMapping id="RightShutter_Col06" node="0>0|4|5|1|0" />
  <i3dMapping id="Right_Shutter6" node="0>0|4|5|1|1" />
  <i3dMapping id="Shutter07" node="0>0|4|6" />
  <i3dMapping id="Left_Shutter07" node="0>0|4|6|0" />
  <i3dMapping id="LeftShutter_Col07" node="0>0|4|6|0|0" />
  <i3dMapping id="Left_Shutter7" node="0>0|4|6|0|1" />
  <i3dMapping id="Right_Shutter07" node="0>0|4|6|1" />
  <i3dMapping id="RightShutter_Col07" node="0>0|4|6|1|0" />
  <i3dMapping id="Right_Shutter7" node="0>0|4|6|1|1" />
  <i3dMapping id="Door_Gate_Triggers" node="0>0|5" />
  <i3dMapping id="BarnDoorTrigger01" node="0>0|5|0" />
  <i3dMapping id="BarnDoorTrigger02" node="0>0|5|1" />
  <i3dMapping id="OutDoorTrigger01" node="0>0|5|2" />
  <i3dMapping id="OutDoorTrigger02" node="0>0|5|3" />
  <i3dMapping id="OutDoorTrigger03" node="0>0|5|4" />
  <i3dMapping id="OutDoorTrigger04" node="0>0|5|5" />
  <i3dMapping id="OutDoorTrigger05" node="0>0|5|6" />
  <i3dMapping id="OutDoorTrigger06" node="0>0|5|7" />
  <i3dMapping id="OutDoorTrigger07" node="0>0|5|8" />
  <i3dMapping id="StableGateTrigger01" node="0>0|5|9" />
  <i3dMapping id="StableGateTrigger02" node="0>0|5|10" />
  <i3dMapping id="StableGateTrigger03" node="0>0|5|11" />
  <i3dMapping id="StableGateTrigger04" node="0>0|5|12" />
  <i3dMapping id="StableGateTrigger05" node="0>0|5|13" />
  <i3dMapping id="StableGateTrigger06" node="0>0|5|14" />
  <i3dMapping id="StableGateTrigger07" node="0>0|5|15" />
  <i3dMapping id="StableGateTrigger08" node="0>0|5|16" />
  <i3dMapping id="StableGateTrigger09" node="0>0|5|17" />
  <i3dMapping id="StableGateTrigger10" node="0>0|5|18" />
  <i3dMapping id="StableGateTrigger11" node="0>0|5|19" />
  <i3dMapping id="StableGateTrigger12" node="0>0|5|20" />
  <i3dMapping id="StableGateTrigger13" node="0>0|5|21" />
  <i3dMapping id="ShutterTrigger" node="0>0|5|22" />
  <i3dMapping id="PastureFenceTrigger" node="0>0|5|23" />
  <i3dMapping id="DoorSounds" node="0>0|6" />
  <i3dMapping id="BarnDoorSound01" node="0>0|6|0" />
  <i3dMapping id="BarnDoorSound02" node="0>0|6|1" />
  <i3dMapping id="StableGateSound01" node="0>0|6|2" />
  <i3dMapping id="StableGateSound02" node="0>0|6|3" />
  <i3dMapping id="StableGateSound03" node="0>0|6|4" />
  <i3dMapping id="StableGateSound04" node="0>0|6|5" />
  <i3dMapping id="StableGateSound05" node="0>0|6|6" />
  <i3dMapping id="StableGateSound06" node="0>0|6|7" />
  <i3dMapping id="StableGateSound07" node="0>0|6|8" />
  <i3dMapping id="StableGateSound08" node="0>0|6|9" />
  <i3dMapping id="StableGateSound09" node="0>0|6|10" />
  <i3dMapping id="StableGateSound10" node="0>0|6|11" />
  <i3dMapping id="StableGateSound11" node="0>0|6|12" />
  <i3dMapping id="StableGateSound12" node="0>0|6|13" />
  <i3dMapping id="StableGateSound13" node="0>0|6|14" />
  <i3dMapping id="OutsideDoorSound01" node="0>0|6|15" />
  <i3dMapping id="OutsideDoorSound02" node="0>0|6|16" />
  <i3dMapping id="OutsideDoorSound03" node="0>0|6|17" />
  <i3dMapping id="OutsideDoorSound04" node="0>0|6|18" />
  <i3dMapping id="OutsideDoorSound05" node="0>0|6|19" />
  <i3dMapping id="OutsideDoorSound06" node="0>0|6|20" />
  <i3dMapping id="OutsideDoorSound07" node="0>0|6|21" />
  <i3dMapping id="ShutterSound01" node="0>0|6|22" />
  <i3dMapping id="PastureGateSound" node="0>0|6|23" />
  <i3dMapping id="Visuals" node="0>1" />
  <i3dMapping id="Barn" node="0>1|0" />
  <i3dMapping id="Ceiling" node="0>1|1" />
  <i3dMapping id="EavesTrough" node="0>1|2" />
  <i3dMapping id="Foundation" node="0>1|3" />
  <i3dMapping id="Framing" node="0>1|4" />
  <i3dMapping id="InnerRoof" node="0>1|5" />
  <i3dMapping id="Ladder" node="0>1|6" />
  <i3dMapping id="PastureFence" node="0>1|7" />
  <i3dMapping id="Rafters" node="0>1|8" />
  <i3dMapping id="Roof_Vents" node="0>1|9" />
  <i3dMapping id="Slider_Rail" node="0>1|10" />
  <i3dMapping id="Stationary_Hinges" node="0>1|11" />
  <i3dMapping id="Structure" node="0>1|12" />
  <i3dMapping id="Structure_Collision" node="0>1|12|0" />
  <i3dMapping id="Water_troughs" node="0>1|13" />
  <i3dMapping id="WaterPlane" node="0>1|13|0" />
  <i3dMapping id="waterPlane" node="0>1|13|0|0" />
  <i3dMapping id="waterTrough" node="0>1|13|1" />
  <i3dMapping id="Straw_Bed" node="0>1|14" />
  <i3dMapping id="Horse_Feeders" node="0>1|15" />
  <i3dMapping id="OatsFoodPlane" node="0>1|15|0" />
  <i3dMapping id="Oats_Foodplane" node="0>1|15|0|0" />
  <i3dMapping id="WaterBinFaucets" node="0>1|16" />
  <i3dMapping id="gardenSinkFaucet1" node="0>1|16|0" />
  <i3dMapping id="FaucetPiping" node="0>1|16|0|0" />
  <i3dMapping id="gardenSinkFaucet2" node="0>1|16|1" />
  <i3dMapping id="FaucetPiping.001" node="0>1|16|1|0" />
  <i3dMapping id="gardenSinkFaucet3" node="0>1|16|2" />
  <i3dMapping id="FaucetPiping.002" node="0>1|16|2|0" />
  <i3dMapping id="gardenSinkFaucet4" node="0>1|16|3" />
  <i3dMapping id="FaucetPiping.003" node="0>1|16|3|0" />
  <i3dMapping id="WaterBins" node="0>1|17" />
  <i3dMapping id="Water_Bin1" node="0>1|17|0" />
  <i3dMapping id="Water" node="0>1|17|0|0" />
  <i3dMapping id="Water_Bin2" node="0>1|17|1" />
  <i3dMapping id="Water.001" node="0>1|17|1|0" />
  <i3dMapping id="Water_Bin3" node="0>1|17|2" />
  <i3dMapping id="Water.002" node="0>1|17|2|0" />
  <i3dMapping id="Water_Bin4" node="0>1|17|3" />
  <i3dMapping id="Water.003" node="0>1|17|3|0" />
  <i3dMapping id="Windows" node="0>1|18" />
  <i3dMapping id="Window" node="0>1|18|0" />
  <i3dMapping id="clearAreas" node="0>2" />
  <i3dMapping id="clearArea1Start" node="0>2|0" />
  <i3dMapping id="clearArea1Width" node="0>2|0|0" />
  <i3dMapping id="clearArea1Height" node="0>2|0|1" />
  <i3dMapping id="fences" node="0>3" />
  <i3dMapping id="fence1" node="0>3|0" />
  <i3dMapping id="fence1Node1" node="0>3|0|0" />
  <i3dMapping id="fence1Node2" node="0>3|0|1" />
  <i3dMapping id="fence2" node="0>3|1" />
  <i3dMapping id="fence2Node01" node="0>3|1|0" />
  <i3dMapping id="fence2Node02" node="0>3|1|1" />
  <i3dMapping id="fence2Node03" node="0>3|1|2" />
  <i3dMapping id="fence2Node04" node="0>3|1|3" />
  <i3dMapping id="foliageAreas" node="0>4" />
  <i3dMapping id="foliageArea1Start" node="0>4|0" />
  <i3dMapping id="foliageArea1Width" node="0>4|0|0" />
  <i3dMapping id="foliageArea1Height" node="0>4|0|1" />
  <i3dMapping id="paintAreas" node="0>5" />
  <i3dMapping id="paintArea1Start" node="0>5|0" />
  <i3dMapping id="paintArea1Width" node="0>5|0|0" />
  <i3dMapping id="paintArea1Height" node="0>5|0|1" />
  <i3dMapping id="indoorArea" node="0>6" />
  <i3dMapping id="indoorArea1Start" node="0>6|0" />
  <i3dMapping id="indoorArea1Width" node="0>6|0|0" />
  <i3dMapping id="indoorArea1Height" node="0>6|0|1" />
  <i3dMapping id="infoTrigger" node="0>7" />
  <i3dMapping id="loadingTrigger" node="0>8" />
  <i3dMapping id="levelAreas" node="0>9" />
  <i3dMapping id="levelArea1Start" node="0>9|0" />
  <i3dMapping id="levelArea1Width" node="0>9|0|0" />
  <i3dMapping id="levelArea1Height" node="0>9|0|1" />
  <i3dMapping id="testAreas" node="0>10" />
  <i3dMapping id="testArea1Start" node="0>10|0" />
  <i3dMapping id="testArea1End" node="0>10|0|0" />
  <i3dMapping id="tipOcclusionUpdateAreas" node="0>11" />
  <i3dMapping id="tipOcclusionUpdateArea1Start" node="0>11|0" />
  <i3dMapping id="tipOcclusionUpdateArea1End" node="0>11|0|0" />
  <i3dMapping id="teleportNode" node="0>12" />
  <i3dMapping id="food" node="0>13" />
  <i3dMapping id="exactFillRootNodeFood" node="0>13|0" />
  <i3dMapping id="baleTrigger" node="0>13|1" />
  <i3dMapping id="storage" node="0>14" />
  <i3dMapping id="straw" node="0>15" />
  <i3dMapping id="exactFillRootNodeStraw" node="0>15|0" />
  <i3dMapping id="baleTriggerStraw" node="0>15|1" />
  <i3dMapping id="water" node="0>16" />
  <i3dMapping id="navigationRootNode" node="0>17" />
  <i3dMapping id="NavMeshHorses" node="0>17|0" />
  <i3dMapping id="NavMeshHorsesWalking" node="0>17|1" />
  <i3dMapping id="warningStripes" node="0>18" />
  <i3dMapping id="markerFood" node="0>18|0" />
  <i3dMapping id="markerAnimals" node="0>18|1" />
  <i3dMapping id="markerShutters" node="0>18|2" />
  <i3dMapping id="Lights" node="0>19" />
  <i3dMapping id="LightsCenter" node="0>19|0" />
  <i3dMapping id="ceilingLamp02_0" node="0>19|0|0" />
  <i3dMapping id="ceilingLampCable_0" node="0>19|0|0|0" />
  <i3dMapping id="Illum_0" node="0>19|0|0|1" />
  <i3dMapping id="selfLit_0" node="0>19|0|0|1|0" />
  <i3dMapping id="ceilingLampInnerLit_0" node="0>19|0|0|1|0|0" />
  <i3dMapping id="bulblit_0" node="0>19|0|0|1|0|1" />
  <i3dMapping id="realLights_0" node="0>19|0|0|1|1" />
  <i3dMapping id="spotLight01_0" node="0>19|0|0|1|1|0" />
  <i3dMapping id="ceilingLamp02_1" node="0>19|0|1" />
  <i3dMapping id="ceilingLampCable_1" node="0>19|0|1|0" />
  <i3dMapping id="Illum_1" node="0>19|0|1|1" />
  <i3dMapping id="selfLit_1" node="0>19|0|1|1|0" />
  <i3dMapping id="ceilingLampInnerLit_1" node="0>19|0|1|1|0|0" />
  <i3dMapping id="bulblit_1" node="0>19|0|1|1|0|1" />
  <i3dMapping id="realLights_1" node="0>19|0|1|1|1" />
  <i3dMapping id="spotLight01_1" node="0>19|0|1|1|1|0" />
  <i3dMapping id="ceilingLamp02_2" node="0>19|0|2" />
  <i3dMapping id="ceilingLampCable_2" node="0>19|0|2|0" />
  <i3dMapping id="Illum_2" node="0>19|0|2|1" />
  <i3dMapping id="selfLit_2" node="0>19|0|2|1|0" />
  <i3dMapping id="ceilingLampInnerLit_2" node="0>19|0|2|1|0|0" />
  <i3dMapping id="bulblit_2" node="0>19|0|2|1|0|1" />
  <i3dMapping id="realLights_2" node="0>19|0|2|1|1" />
  <i3dMapping id="spotLight01_2" node="0>19|0|2|1|1|0" />
  <i3dMapping id="ceilingLamp02_3" node="0>19|0|3" />
  <i3dMapping id="ceilingLampCable_3" node="0>19|0|3|0" />
  <i3dMapping id="Illum_3" node="0>19|0|3|1" />
  <i3dMapping id="selfLit_3" node="0>19|0|3|1|0" />
  <i3dMapping id="ceilingLampInnerLit_3" node="0>19|0|3|1|0|0" />
  <i3dMapping id="bulblit_3" node="0>19|0|3|1|0|1" />
  <i3dMapping id="realLights_3" node="0>19|0|3|1|1" />
  <i3dMapping id="spotLight01_3" node="0>19|0|3|1|1|0" />
  <i3dMapping id="ceilingLamp02_4" node="0>19|0|4" />
  <i3dMapping id="ceilingLampCable_4" node="0>19|0|4|0" />
  <i3dMapping id="Illum_4" node="0>19|0|4|1" />
  <i3dMapping id="selfLit_4" node="0>19|0|4|1|0" />
  <i3dMapping id="ceilingLampInnerLit_4" node="0>19|0|4|1|0|0" />
  <i3dMapping id="bulblit_4" node="0>19|0|4|1|0|1" />
  <i3dMapping id="realLights_4" node="0>19|0|4|1|1" />
  <i3dMapping id="spotLight01_4" node="0>19|0|4|1|1|0" />
  <i3dMapping id="LightsRight" node="0>19|1" />
  <i3dMapping id="ceilingLamp02_5" node="0>19|1|0" />
  <i3dMapping id="ceilingLampCable_5" node="0>19|1|0|0" />
  <i3dMapping id="Illum_5" node="0>19|1|0|1" />
  <i3dMapping id="selfLit_5" node="0>19|1|0|1|0" />
  <i3dMapping id="ceilingLampInnerLit_5" node="0>19|1|0|1|0|0" />
  <i3dMapping id="bulblit_5" node="0>19|1|0|1|0|1" />
  <i3dMapping id="realLights_5" node="0>19|1|0|1|1" />
  <i3dMapping id="spotLight01_5" node="0>19|1|0|1|1|0" />
  <i3dMapping id="ceilingLamp02_6" node="0>19|1|1" />
  <i3dMapping id="ceilingLampCable_6" node="0>19|1|1|0" />
  <i3dMapping id="Illum_6" node="0>19|1|1|1" />
  <i3dMapping id="selfLit_6" node="0>19|1|1|1|0" />
  <i3dMapping id="ceilingLampInnerLit_6" node="0>19|1|1|1|0|0" />
  <i3dMapping id="bulblit_6" node="0>19|1|1|1|0|1" />
  <i3dMapping id="realLights_6" node="0>19|1|1|1|1" />
  <i3dMapping id="spotLight01_6" node="0>19|1|1|1|1|0" />
  <i3dMapping id="ceilingLamp02_7" node="0>19|1|2" />
  <i3dMapping id="ceilingLampCable_7" node="0>19|1|2|0" />
  <i3dMapping id="Illum_7" node="0>19|1|2|1" />
  <i3dMapping id="selfLit_7" node="0>19|1|2|1|0" />
  <i3dMapping id="ceilingLampInnerLit_7" node="0>19|1|2|1|0|0" />
  <i3dMapping id="bulblit_7" node="0>19|1|2|1|0|1" />
  <i3dMapping id="realLights_7" node="0>19|1|2|1|1" />
  <i3dMapping id="spotLight01_7" node="0>19|1|2|1|1|0" />
  <i3dMapping id="ceilingLamp02_8" node="0>19|1|3" />
  <i3dMapping id="ceilingLampCable_8" node="0>19|1|3|0" />
  <i3dMapping id="Illum_8" node="0>19|1|3|1" />
  <i3dMapping id="selfLit_8" node="0>19|1|3|1|0" />
  <i3dMapping id="ceilingLampInnerLit_8" node="0>19|1|3|1|0|0" />
  <i3dMapping id="bulblit_8" node="0>19|1|3|1|0|1" />
  <i3dMapping id="realLights_8" node="0>19|1|3|1|1" />
  <i3dMapping id="spotLight01_8" node="0>19|1|3|1|1|0" />
  <i3dMapping id="ceilingLamp02_9" node="0>19|1|4" />
  <i3dMapping id="ceilingLampCable_9" node="0>19|1|4|0" />
  <i3dMapping id="Illum_9" node="0>19|1|4|1" />
  <i3dMapping id="selfLit_9" node="0>19|1|4|1|0" />
  <i3dMapping id="ceilingLampInnerLit_9" node="0>19|1|4|1|0|0" />
  <i3dMapping id="bulblit_9" node="0>19|1|4|1|0|1" />
  <i3dMapping id="realLights_9" node="0>19|1|4|1|1" />
  <i3dMapping id="spotLight01_9" node="0>19|1|4|1|1|0" />
  <i3dMapping id="ceilingLamp02_10" node="0>19|1|5" />
  <i3dMapping id="ceilingLampCable_10" node="0>19|1|5|0" />
  <i3dMapping id="Illum_10" node="0>19|1|5|1" />
  <i3dMapping id="selfLit_10" node="0>19|1|5|1|0" />
  <i3dMapping id="ceilingLampInnerLit_10" node="0>19|1|5|1|0|0" />
  <i3dMapping id="bulblit_10" node="0>19|1|5|1|0|1" />
  <i3dMapping id="realLights_10" node="0>19|1|5|1|1" />
  <i3dMapping id="spotLight01_10" node="0>19|1|5|1|1|0" />
  <i3dMapping id="ceilingLamp02_11" node="0>19|1|6" />
  <i3dMapping id="ceilingLampCable_11" node="0>19|1|6|0" />
  <i3dMapping id="Illum_11" node="0>19|1|6|1" />
  <i3dMapping id="selfLit_11" node="0>19|1|6|1|0" />
  <i3dMapping id="ceilingLampInnerLit_11" node="0>19|1|6|1|0|0" />
  <i3dMapping id="bulblit_11" node="0>19|1|6|1|0|1" />
  <i3dMapping id="realLights_11" node="0>19|1|6|1|1" />
  <i3dMapping id="spotLight01_11" node="0>19|1|6|1|1|0" />
  <i3dMapping id="LightsLeft" node="0>19|2" />
  <i3dMapping id="ceilingLamp02_12" node="0>19|2|0" />
  <i3dMapping id="ceilingLampCable_12" node="0>19|2|0|0" />
  <i3dMapping id="Illum_12" node="0>19|2|0|1" />
  <i3dMapping id="selfLit_12" node="0>19|2|0|1|0" />
  <i3dMapping id="ceilingLampInnerLit_12" node="0>19|2|0|1|0|0" />
  <i3dMapping id="bulblit_12" node="0>19|2|0|1|0|1" />
  <i3dMapping id="realLights_12" node="0>19|2|0|1|1" />
  <i3dMapping id="spotLight01_12" node="0>19|2|0|1|1|0" />
  <i3dMapping id="ceilingLamp02_13" node="0>19|2|1" />
  <i3dMapping id="ceilingLampCable_13" node="0>19|2|1|0" />
  <i3dMapping id="Illum_13" node="0>19|2|1|1" />
  <i3dMapping id="selfLit_13" node="0>19|2|1|1|0" />
  <i3dMapping id="ceilingLampInnerLit_13" node="0>19|2|1|1|0|0" />
  <i3dMapping id="bulblit_13" node="0>19|2|1|1|0|1" />
  <i3dMapping id="realLights_13" node="0>19|2|1|1|1" />
  <i3dMapping id="spotLight01_13" node="0>19|2|1|1|1|0" />
  <i3dMapping id="ceilingLamp02_14" node="0>19|2|2" />
  <i3dMapping id="ceilingLampCable_14" node="0>19|2|2|0" />
  <i3dMapping id="Illum_14" node="0>19|2|2|1" />
  <i3dMapping id="selfLit_14" node="0>19|2|2|1|0" />
  <i3dMapping id="ceilingLampInnerLit_14" node="0>19|2|2|1|0|0" />
  <i3dMapping id="bulblit_14" node="0>19|2|2|1|0|1" />
  <i3dMapping id="realLights_14" node="0>19|2|2|1|1" />
  <i3dMapping id="spotLight01_14" node="0>19|2|2|1|1|0" />
  <i3dMapping id="ceilingLamp02_15" node="0>19|2|3" />
  <i3dMapping id="ceilingLampCable_15" node="0>19|2|3|0" />
  <i3dMapping id="Illum_15" node="0>19|2|3|1" />
  <i3dMapping id="selfLit_15" node="0>19|2|3|1|0" />
  <i3dMapping id="ceilingLampInnerLit_15" node="0>19|2|3|1|0|0" />
  <i3dMapping id="bulblit_15" node="0>19|2|3|1|0|1" />
  <i3dMapping id="realLights_15" node="0>19|2|3|1|1" />
  <i3dMapping id="spotLight01_15" node="0>19|2|3|1|1|0" />
  <i3dMapping id="ceilingLamp02_16" node="0>19|2|4" />
  <i3dMapping id="ceilingLampCable_16" node="0>19|2|4|0" />
  <i3dMapping id="Illum_16" node="0>19|2|4|1" />
  <i3dMapping id="selfLit_16" node="0>19|2|4|1|0" />
  <i3dMapping id="ceilingLampInnerLit_16" node="0>19|2|4|1|0|0" />
  <i3dMapping id="bulblit_16" node="0>19|2|4|1|0|1" />
  <i3dMapping id="realLights_16" node="0>19|2|4|1|1" />
  <i3dMapping id="spotLight01_16" node="0>19|2|4|1|1|0" />
  <i3dMapping id="ceilingLamp02_17" node="0>19|2|5" />
  <i3dMapping id="ceilingLampCable_17" node="0>19|2|5|0" />
  <i3dMapping id="Illum_17" node="0>19|2|5|1" />
  <i3dMapping id="selfLit_17" node="0>19|2|5|1|0" />
  <i3dMapping id="ceilingLampInnerLit_17" node="0>19|2|5|1|0|0" />
  <i3dMapping id="bulblit_17" node="0>19|2|5|1|0|1" />
  <i3dMapping id="realLights_17" node="0>19|2|5|1|1" />
  <i3dMapping id="spotLight01_17" node="0>19|2|5|1|1|0" />
  <i3dMapping id="ceilingLamp02_18" node="0>19|2|6" />
  <i3dMapping id="ceilingLampCable_18" node="0>19|2|6|0" />
  <i3dMapping id="Illum_18" node="0>19|2|6|1" />
  <i3dMapping id="selfLit_18" node="0>19|2|6|1|0" />
  <i3dMapping id="ceilingLampInnerLit_18" node="0>19|2|6|1|0|0" />
  <i3dMapping id="bulblit_18" node="0>19|2|6|1|0|1" />
  <i3dMapping id="realLights_18" node="0>19|2|6|1|1" />
  <i3dMapping id="spotLight01_18" node="0>19|2|6|1|1|0" />
  <i3dMapping id="outDoorLights" node="0>19|3" />
  <i3dMapping id="End1" node="0>19|3|0" />
  <i3dMapping id="warehouseWallLamp1_0" node="0>19|3|0|0" />
  <i3dMapping id="warehouseWallLampWire_0" node="0>19|3|0|0|0" />
  <i3dMapping id="bulbUnlit_0" node="0>19|3|0|0|1" />
  <i3dMapping id="illum_0" node="0>19|3|0|0|2" />
  <i3dMapping id="selfLit_19" node="0>19|3|0|0|2|0" />
  <i3dMapping id="warehouseWallLampWireLit_0" node="0>19|3|0|0|2|0|0" />
  <i3dMapping id="warehouseWallLampInnerLit_0" node="0>19|3|0|0|2|0|1" />
  <i3dMapping id="bulbLit_0" node="0>19|3|0|0|2|0|2" />
  <i3dMapping id="realLights_19" node="0>19|3|0|0|2|1" />
  <i3dMapping id="spotLight_0" node="0>19|3|0|0|2|1|0" />
  <i3dMapping id="warehouseWallLamp1_1" node="0>19|3|0|1" />
  <i3dMapping id="warehouseWallLampWire_1" node="0>19|3|0|1|0" />
  <i3dMapping id="bulbUnlit_1" node="0>19|3|0|1|1" />
  <i3dMapping id="illum_1" node="0>19|3|0|1|2" />
  <i3dMapping id="selfLit_20" node="0>19|3|0|1|2|0" />
  <i3dMapping id="warehouseWallLampWireLit_1" node="0>19|3|0|1|2|0|0" />
  <i3dMapping id="warehouseWallLampInnerLit_1" node="0>19|3|0|1|2|0|1" />
  <i3dMapping id="bulbLit_1" node="0>19|3|0|1|2|0|2" />
  <i3dMapping id="realLights_20" node="0>19|3|0|1|2|1" />
  <i3dMapping id="spotLight_1" node="0>19|3|0|1|2|1|0" />
  <i3dMapping id="warehouseWallLamp1_2" node="0>19|3|0|2" />
  <i3dMapping id="warehouseWallLampWire_2" node="0>19|3|0|2|0" />
  <i3dMapping id="bulbUnlit_2" node="0>19|3|0|2|1" />
  <i3dMapping id="illum_2" node="0>19|3|0|2|2" />
  <i3dMapping id="selfLit_21" node="0>19|3|0|2|2|0" />
  <i3dMapping id="warehouseWallLampWireLit_2" node="0>19|3|0|2|2|0|0" />
  <i3dMapping id="warehouseWallLampInnerLit_2" node="0>19|3|0|2|2|0|1" />
  <i3dMapping id="bulbLit_2" node="0>19|3|0|2|2|0|2" />
  <i3dMapping id="realLights_21" node="0>19|3|0|2|2|1" />
  <i3dMapping id="spotLight_2" node="0>19|3|0|2|2|1|0" />
  <i3dMapping id="End2" node="0>19|3|1" />
  <i3dMapping id="warehouseWallLamp1_3" node="0>19|3|1|0" />
  <i3dMapping id="warehouseWallLampWire_3" node="0>19|3|1|0|0" />
  <i3dMapping id="bulbUnlit_3" node="0>19|3|1|0|1" />
  <i3dMapping id="illum_3" node="0>19|3|1|0|2" />
  <i3dMapping id="selfLit_22" node="0>19|3|1|0|2|0" />
  <i3dMapping id="warehouseWallLampWireLit_3" node="0>19|3|1|0|2|0|0" />
  <i3dMapping id="warehouseWallLampInnerLit_3" node="0>19|3|1|0|2|0|1" />
  <i3dMapping id="bulbLit_3" node="0>19|3|1|0|2|0|2" />
  <i3dMapping id="realLights_22" node="0>19|3|1|0|2|1" />
  <i3dMapping id="spotLight_3" node="0>19|3|1|0|2|1|0" />
  <i3dMapping id="warehouseWallLamp1_4" node="0>19|3|1|1" />
  <i3dMapping id="warehouseWallLampWire_4" node="0>19|3|1|1|0" />
  <i3dMapping id="bulbUnlit_4" node="0>19|3|1|1|1" />
  <i3dMapping id="illum_4" node="0>19|3|1|1|2" />
  <i3dMapping id="selfLit_23" node="0>19|3|1|1|2|0" />
  <i3dMapping id="warehouseWallLampWireLit_4" node="0>19|3|1|1|2|0|0" />
  <i3dMapping id="warehouseWallLampInnerLit_4" node="0>19|3|1|1|2|0|1" />
  <i3dMapping id="bulbLit_4" node="0>19|3|1|1|2|0|2" />
  <i3dMapping id="realLights_23" node="0>19|3|1|1|2|1" />
  <i3dMapping id="spotLight_4" node="0>19|3|1|1|2|1|0" />
  <i3dMapping id="warehouseWallLamp1_5" node="0>19|3|1|2" />
  <i3dMapping id="warehouseWallLampWire_5" node="0>19|3|1|2|0" />
  <i3dMapping id="bulbUnlit_5" node="0>19|3|1|2|1" />
  <i3dMapping id="illum_5" node="0>19|3|1|2|2" />
  <i3dMapping id="selfLit_24" node="0>19|3|1|2|2|0" />
  <i3dMapping id="warehouseWallLampWireLit_5" node="0>19|3|1|2|2|0|0" />
  <i3dMapping id="warehouseWallLampInnerLit_5" node="0>19|3|1|2|2|0|1" />
  <i3dMapping id="bulbLit_5" node="0>19|3|1|2|2|0|2" />
  <i3dMapping id="realLights_24" node="0>19|3|1|2|2|1" />
  <i3dMapping id="spotLight_5" node="0>19|3|1|2|2|1|0" />
  <i3dMapping id="OccluderMeshesHorseBarn" node="0>20" />
  <i3dMapping id="occluderMeshInside" node="0>20|0" />
  <i3dMapping id="occluderMeshInsideDoor1" node="0>20|1" />
  <i3dMapping id="occluderMeshInsideDoor2" node="0>20|2" />
  <i3dMapping id="occluderMeshInsideShutters" node="0>20|3" />
  <i3dMapping id="occluderMeshOutside" node="0>20|4" />
  <i3dMapping id="occluderMeshOutsideDoor1" node="0>20|5" />
  <i3dMapping id="occluderMeshOutsideDoor2" node="0>20|6" />
  <i3dMapping id="occluderMeshOutsideShutters" node="0>20|7" />
</i3dMappings>
</placeable>
