<?xml version="1.0" encoding="utf-8" standalone="no" ?>
<placeable type="sheepHusbandry" xmlns:xsi="http://www.w3.org/2001/XMLSchema-instance" xsi:noNamespaceSchemaLocation="../../../../shared/xml/schema/placeable.xsd">
    <storeData>
        <name>$l10n_storeItem_animalBarnSheepMedium</name>
        <image>store_sheepshed.dds</image>
        <price>50000</price>
        <functions>
            <function>$l10n_function_animalPenSheep</function>
        </functions>
        <lifetime>1000</lifetime>
        <dailyUpkeep>25</dailyUpkeep>
        <rotation>0</rotation>
        <brand>NONE</brand>
        <species>placeable</species>
        <category>animalpens</category>
        <brush>
            <type>placeable</type>
            <category>animals</category>
            <tab>sheeps</tab>
        </brush>


        <storeIconRendering>
            <settings cameraXRot="-20" cameraYRot="50" advancedBoundingBox="true"/>
        </storeIconRendering>
        
        <vertexBufferMemoryUsage>1261312</vertexBufferMemoryUsage>
        <indexBufferMemoryUsage>150272</indexBufferMemoryUsage>
        <textureMemoryUsage>7602176</textureMemoryUsage>
        <audioMemoryUsage>0</audioMemoryUsage>
        <instanceVertexBufferMemoryUsage>0</instanceVertexBufferMemoryUsage>
        <instanceIndexBufferMemoryUsage>0</instanceIndexBufferMemoryUsage>
    </storeData>

    <base>
        <filename>Sheep_Shed.i3d</filename>
        <canBeRenamed>true</canBeRenamed>
		<boughtWithFarmland>true</boughtWithFarmland>
    </base>

    <placement useRandomYRotation="false" useManualYRotation="true">
        <testAreas>
            <testArea startNode="testArea1Start" endNode="testArea1End" />
           
        </testAreas>

        <sounds>
            <place template="largeImp" />
            <placeLayered template="sheepLayer" />
        </sounds>
    </placement>

    <clearAreas>
        <clearArea startNode="clearArea1Start" widthNode="clearArea1Width" heightNode="clearArea1Height"/>
       
    </clearAreas>

    <leveling requireLeveling="true" maxSmoothDistance="10" maxSlope="75" maxEdgeAngle="30">
        <levelAreas>
            <levelArea startNode="levelArea1Start" widthNode="levelArea1Width" heightNode="levelArea1Height" groundType="dirt"/>
        </levelAreas>

        <paintAreas>
            <paintArea startNode="paintArea1Start" widthNode="paintArea1Width" heightNode="paintArea1Height" groundType="animalmud" />
        </paintAreas>
    </leveling>



    <indoorAreas>
         <indoorArea startNode="indoorArea1Start" widthNode="indoorArea1Width" heightNode="indoorArea1Height"/>
    </indoorAreas>

    <tipOcclusionUpdateAreas>
        <tipOcclusionUpdateArea startNode="tipOcclusionUpdateArea1Start" endNode="tipOcclusionUpdateArea1End" />
    </tipOcclusionUpdateAreas>

    <ai>
        <updateAreas>
            <updateArea startNode="tipOcclusionUpdateArea1Start" endNode="tipOcclusionUpdateArea1End" />
        </updateAreas>
    </ai>

    <triggerMarkers>
        <triggerMarker node="markerFood" filename="$data/shared/assets/marker/markerIcons.xml" id="UNLOAD" />
		<triggerMarker node="markerBales" filename="$data/shared/assets/marker/markerIcons.xml" id="UNLOAD" />
        <triggerMarker node="markerAnimals" filename="$data/shared/assets/marker/markerIcons.xml" id="ANIMALS" />
        <triggerMarker node="markerWoolDecal1" adjustToGround="true" />
        <triggerMarker node="markerWoolDecal2" adjustToGround="true" />
        <triggerMarker node="markerWoolDecal3" adjustToGround="true" />
        <triggerMarker node="markerWoolDecal4" adjustToGround="true" />
    </triggerMarkers>

    <hotspots>
         <hotspot type="SHEEP" teleportNode="teleportNode" />
    </hotspots>

    

		

  

    <infoTrigger triggerNode="infoTrigger" />

    <husbandry saveId="Animals_SHEEP" hasStatistics="false">
        <animals type="SHEEP" maxNumAnimals="75" maxNumVisualAnimals="20">
            <navigation rootNode="navigationRootNode" filename="NavMeshSheep.i3d" />
            <loadingTrigger node="loadingTrigger" />
        </animals>

        <food capacity="50000" >
            
             <feedingTrough exactFillRootNode="exactFillRootNodeFood">
                <baleTrigger triggerNode="baleTrigger"/>
             </feedingTrough>
        </food>

        <water automaticWaterSupply="true" />

        <pallets fillType="WOOL" maxNumPallets="6">
            <palletTrigger node="palletTrigger" />
            <spawnPlaces>
                <spawnPlace startNode="palletArea1Start" endNode="palletArea1End" />
                <spawnPlace startNode="palletArea2Start" endNode="palletArea2End" />
            </spawnPlaces>
        </pallets>

       
    </husbandry>

    <i3dMappings>
	  <i3dMapping id="sheepBarnMedium" node="0>" />
	  <i3dMapping id="teleportNode" node="0>0" />
	  <i3dMapping id="food" node="0>1" />
	  <i3dMapping id="baleTrigger" node="0>1|0" />
	  <i3dMapping id="exactFillRootNodeFood" node="0>1|1" />
	  <i3dMapping id="storage" node="0>2" />
	  <i3dMapping id="water" node="0>3" />
	  <i3dMapping id="waterTrough_0" node="0>3|0" />
	  <i3dMapping id="waterPlane_0" node="0>3|1" />
	  <i3dMapping id="waterTrough_1" node="0>3|2" />
	  <i3dMapping id="waterPlane_1" node="0>3|3" />
	  <i3dMapping id="palletAreas" node="0>4" />
	  <i3dMapping id="palletTrigger" node="0>4|0" />
	  <i3dMapping id="palletArea1Start" node="0>4|0|0" />
	  <i3dMapping id="palletArea1End" node="0>4|0|0|0" />
	  <i3dMapping id="palletArea2Start" node="0>4|0|1" />
	  <i3dMapping id="palletArea2End" node="0>4|0|1|0" />
	  <i3dMapping id="navigationRootNode" node="0>5" />
	  <i3dMapping id="NavMesh" node="0>5|0" />
	  <i3dMapping id="warningStripes" node="0>6" />
	  <i3dMapping id="markerWool" node="0>6|0" />
	  <i3dMapping id="markerWoolDecal1" node="0>6|0|0" />
	  <i3dMapping id="markerWoolDecal2" node="0>6|0|1" />
	  <i3dMapping id="markerWoolDecal3" node="0>6|0|2" />
	  <i3dMapping id="markerWoolDecal4" node="0>6|0|3" />
	  <i3dMapping id="markerAnimals" node="0>6|1" />
	  <i3dMapping id="markerFood" node="0>6|2" />
	  <i3dMapping id="markerBales" node="0>6|3" />
	  <i3dMapping id="loadingTrigger" node="0>7" />
	  <i3dMapping id="infoTrigger" node="0>8" />
	  <i3dMapping id="clearAreas" node="0>9" />
	  <i3dMapping id="clearArea1Start" node="0>9|0" />
	  <i3dMapping id="clearArea1Width" node="0>9|0|0" />
	  <i3dMapping id="clearArea1Height" node="0>9|0|1" />
	  <i3dMapping id="levelAreas" node="0>10" />
	  <i3dMapping id="levelArea1Start" node="0>10|0" />
	  <i3dMapping id="levelArea1Width" node="0>10|0|0" />
	  <i3dMapping id="levelArea1Height" node="0>10|0|1" />
	  <i3dMapping id="paintAreas" node="0>11" />
	  <i3dMapping id="paintArea1Start" node="0>11|0" />
	  <i3dMapping id="paintArea1Width" node="0>11|0|0" />
	  <i3dMapping id="paintArea1Height" node="0>11|0|1" />
	  <i3dMapping id="indoorAreas" node="0>12" />
	  <i3dMapping id="indoorArea1Start" node="0>12|0" />
	  <i3dMapping id="indoorArea1Width" node="0>12|0|0" />
	  <i3dMapping id="indoorArea1Height" node="0>12|0|1" />
	  <i3dMapping id="testAreas" node="0>13" />
	  <i3dMapping id="testArea1Start" node="0>13|0" />
	  <i3dMapping id="testArea1End" node="0>13|0|0" />
	  <i3dMapping id="tipOcclusionUpdateAreas" node="0>14" />
	  <i3dMapping id="tipOcclusionUpdateArea1Start" node="0>14|0" />
	  <i3dMapping id="tipOcclusionUpdateArea1End" node="0>14|0|0" />
	  <i3dMapping id="Sheep_Shed" node="0>15" />
	  <i3dMapping id="DecoGates" node="0>15|0" />
	  <i3dMapping id="DecoGates_Col" node="0>15|0|0" />
	  <i3dMapping id="EavesTrough" node="0>15|1" />
	  <i3dMapping id="FeedingGate" node="0>15|2" />
	  <i3dMapping id="FeedingGate_Collision" node="0>15|2|0" />
	  <i3dMapping id="Foundatio_Walls" node="0>15|3" />
	  <i3dMapping id="Insideroof" node="0>15|4" />
	  <i3dMapping id="Sheep_StallRailing" node="0>15|5" />
	  <i3dMapping id="Collision" node="0>15|5|0" />
	  <i3dMapping id="Structure" node="0>15|6" />
	  <i3dMapping id="Structure_Collision" node="0>15|6|0" />
	  <i3dMapping id="Shed" node="0>15|7" />
	  <i3dMapping id="animalFeeders" node="0>16" />
	  <i3dMapping id="animalFeedersSheep04" node="0>16|0" />
	  <i3dMapping id="animalFeedersSheep03" node="0>16|1" />
	  <i3dMapping id="animalFeedersSheep02" node="0>16|2" />
	  <i3dMapping id="animalFeedersSheep01" node="0>16|3" />
	  <i3dMapping id="Hay_Plane" node="0>16|4" />
	  <i3dMapping id="Lights" node="0>17" />
	  <i3dMapping id="Front" node="0>17|0" />
	  <i3dMapping id="ceilingLamp02_0" node="0>17|0|0" />
	  <i3dMapping id="ceilingLampCable_0" node="0>17|0|0|0" />
	  <i3dMapping id="Illum_0" node="0>17|0|0|1" />
	  <i3dMapping id="selfLit_0" node="0>17|0|0|1|0" />
	  <i3dMapping id="ceilingLampInnerLit_0" node="0>17|0|0|1|0|0" />
	  <i3dMapping id="bulblit_0" node="0>17|0|0|1|0|1" />
	  <i3dMapping id="realLights_0" node="0>17|0|0|1|1" />
	  <i3dMapping id="spotLight01_0" node="0>17|0|0|1|1|0" />
	  <i3dMapping id="ceilingLamp02_1" node="0>17|0|1" />
	  <i3dMapping id="ceilingLampCable_1" node="0>17|0|1|0" />
	  <i3dMapping id="Illum_1" node="0>17|0|1|1" />
	  <i3dMapping id="selfLit_1" node="0>17|0|1|1|0" />
	  <i3dMapping id="ceilingLampInnerLit_1" node="0>17|0|1|1|0|0" />
	  <i3dMapping id="bulblit_1" node="0>17|0|1|1|0|1" />
	  <i3dMapping id="realLights_1" node="0>17|0|1|1|1" />
	  <i3dMapping id="spotLight01_1" node="0>17|0|1|1|1|0" />
	  <i3dMapping id="ceilingLamp02_2" node="0>17|0|2" />
	  <i3dMapping id="ceilingLampCable_2" node="0>17|0|2|0" />
	  <i3dMapping id="Illum_2" node="0>17|0|2|1" />
	  <i3dMapping id="selfLit_2" node="0>17|0|2|1|0" />
	  <i3dMapping id="ceilingLampInnerLit_2" node="0>17|0|2|1|0|0" />
	  <i3dMapping id="bulblit_2" node="0>17|0|2|1|0|1" />
	  <i3dMapping id="realLights_2" node="0>17|0|2|1|1" />
	  <i3dMapping id="spotLight01_2" node="0>17|0|2|1|1|0" />
	  <i3dMapping id="ceilingLamp02_3" node="0>17|0|3" />
	  <i3dMapping id="ceilingLampCable_3" node="0>17|0|3|0" />
	  <i3dMapping id="Illum_3" node="0>17|0|3|1" />
	  <i3dMapping id="selfLit_3" node="0>17|0|3|1|0" />
	  <i3dMapping id="ceilingLampInnerLit_3" node="0>17|0|3|1|0|0" />
	  <i3dMapping id="bulblit_3" node="0>17|0|3|1|0|1" />
	  <i3dMapping id="realLights_3" node="0>17|0|3|1|1" />
	  <i3dMapping id="spotLight01_3" node="0>17|0|3|1|1|0" />
	  <i3dMapping id="Back" node="0>17|1" />
	  <i3dMapping id="ceilingLamp02_4" node="0>17|1|0" />
	  <i3dMapping id="ceilingLampCable_4" node="0>17|1|0|0" />
	  <i3dMapping id="Illum_4" node="0>17|1|0|1" />
	  <i3dMapping id="selfLit_4" node="0>17|1|0|1|0" />
	  <i3dMapping id="ceilingLampInnerLit_4" node="0>17|1|0|1|0|0" />
	  <i3dMapping id="bulblit_4" node="0>17|1|0|1|0|1" />
	  <i3dMapping id="realLights_4" node="0>17|1|0|1|1" />
	  <i3dMapping id="spotLight01_4" node="0>17|1|0|1|1|0" />
	  <i3dMapping id="ceilingLamp02_5" node="0>17|1|1" />
	  <i3dMapping id="ceilingLampCable_5" node="0>17|1|1|0" />
	  <i3dMapping id="Illum_5" node="0>17|1|1|1" />
	  <i3dMapping id="selfLit_5" node="0>17|1|1|1|0" />
	  <i3dMapping id="ceilingLampInnerLit_5" node="0>17|1|1|1|0|0" />
	  <i3dMapping id="bulblit_5" node="0>17|1|1|1|0|1" />
	  <i3dMapping id="realLights_5" node="0>17|1|1|1|1" />
	  <i3dMapping id="spotLight01_5" node="0>17|1|1|1|1|0" />
	  <i3dMapping id="ceilingLamp02_6" node="0>17|1|2" />
	  <i3dMapping id="ceilingLampCable_6" node="0>17|1|2|0" />
	  <i3dMapping id="Illum_6" node="0>17|1|2|1" />
	  <i3dMapping id="selfLit_6" node="0>17|1|2|1|0" />
	  <i3dMapping id="ceilingLampInnerLit_6" node="0>17|1|2|1|0|0" />
	  <i3dMapping id="bulblit_6" node="0>17|1|2|1|0|1" />
	  <i3dMapping id="realLights_6" node="0>17|1|2|1|1" />
	  <i3dMapping id="spotLight01_6" node="0>17|1|2|1|1|0" />
	  <i3dMapping id="ceilingLamp02_7" node="0>17|1|3" />
	  <i3dMapping id="ceilingLampCable_7" node="0>17|1|3|0" />
	  <i3dMapping id="Illum_7" node="0>17|1|3|1" />
	  <i3dMapping id="selfLit_7" node="0>17|1|3|1|0" />
	  <i3dMapping id="ceilingLampInnerLit_7" node="0>17|1|3|1|0|0" />
	  <i3dMapping id="bulblit_7" node="0>17|1|3|1|0|1" />
	  <i3dMapping id="realLights_7" node="0>17|1|3|1|1" />
	  <i3dMapping id="spotLight01_7" node="0>17|1|3|1|1|0" />
	</i3dMappings>
</placeable>
