<?xml version="1.0" encoding="utf-8" standalone="no"?>
<placeable type="siloStorage" xmlns:xsi="http://www.w3.org/2001/XMLSchema-instance" xsi:noNamespaceSchemaLocation="../../../../shared/xml/schema/placeable.xsd">
  <storeData>
    <name>$l10n_SmallRedBarnSiloStorage</name>
    <functions>
      <function>$l10n_farmsilo_storage</function>
    </functions>
    <image>store_smallredbarnsilo.dds</image>
    <price>50000</price>
    <dailyUpkeep>25</dailyUpkeep>
    <lifetime>1000</lifetime>
    <rotation>0</rotation>
    <brand>NONE</brand>
    <species>placeable</species>
    <category>sheds</category>
    <canBeSold>true</canBeSold>
    <showInStore>true</showInStore>
    <brush>
      <type>placeable</type>
      <category>buildings</category>
      <tab>silos</tab>
    </brush>
        <vertexBufferMemoryUsage>1121792</vertexBufferMemoryUsage>
        <indexBufferMemoryUsage>140032</indexBufferMemoryUsage>
        <textureMemoryUsage>7995392</textureMemoryUsage>
        <audioMemoryUsage>0</audioMemoryUsage>
        <instanceVertexBufferMemoryUsage>0</instanceVertexBufferMemoryUsage>
        <instanceIndexBufferMemoryUsage>0</instanceIndexBufferMemoryUsage>
  </storeData>

  <base>
    <filename>Small_RedBarn_Silo.i3d</filename>
    <canBeRenamed>true</canBeRenamed>
		<boughtWithFarmland>true</boughtWithFarmland>
  </base>

  <placement useRandomYRotation="false" useManualYRotation="true">
    <testAreas>
      <testArea startNode="testArea1Start" endNode="testArea1End" />
    </testAreas>
    <sounds>
      <place template="smallImp" />
    </sounds>
  </placement>

  <clearAreas>
    <clearArea startNode="clearArea1Start" widthNode="clearArea1Width" heightNode="clearArea1Height" />
  </clearAreas>

  <leveling requireLeveling="true" maxSmoothDistance="5" maxSlope="75" maxEdgeAngle="30">
    <levelAreas>
      <levelArea startNode="levelArea1Start" widthNode="levelArea1Width" heightNode="levelArea1Height" ground="gravel" />
    </levelAreas>
    <paintAreas>
      <paintArea startNode="paintArea1Start" widthNode="paintArea1Width" heightNode="paintArea1Height" groundType="gravel" />
    </paintAreas>
  </leveling>

  <indoorAreas>
    <indoorArea startNode="indoorArea1Start" widthNode="indoorArea1Width" heightNode="indoorArea1Height" />
	<indoorArea startNode="indoorArea2Start" widthNode="indoorArea2Width" heightNode="indoorArea2Height" />
  </indoorAreas>

  <tipOcclusionUpdateAreas>
    <tipOcclusionUpdateArea startNode="tipOcclusionUpdateArea1Start" endNode="tipOcclusionUpdateArea1End" />
  </tipOcclusionUpdateAreas>

  <ai>
    <updateAreas>
      <updateArea startNode="tipOcclusionUpdateArea1Start" endNode="tipOcclusionUpdateArea1End" />
    </updateAreas>
    <splines>
        <spline node="aiLoadingSpline" />
        <spline node="aiUnloadingSpline" />
    </splines>
  </ai>

  <infoTrigger triggerNode="infoTrigger" />

  <silo>
    <loadingStation node="loadingTrigger" supportsExtension="true" storageRadius="50">
      <loadTrigger triggerNode="loadingTrigger" fillLitersPerSecond="3000" dischargeNode="dischargeNode" fillTypeCategories="farmSilo" aiNode="aiNodeLoading">
        <effectNode effectClass="PipeEffect" effectNode="pipeEffect" materialType="pipe" fadeTime="1.0" maxBending="0" controlPoint="4.8 0 0 0" />
        <effectNode effectNode="pipeEffectSmoke" materialType="unloadingSmoke" fadeTime="1.0" />
      </loadTrigger>
    </loadingStation>
    <unloadingStation supportsExtension="true" storageRadius="50">
      <unloadTrigger exactFillRootNode="exactFillRootNode" fillTypeCategories="farmSilo" aiNode="aiNodeUnloading" />
    </unloadingStation>
    <storages>
	
		<storage node="storage" fillTypes="WHEAT" capacity="100000" isExtension="false" supportsMultipleFillTypes="false"/>
		<storage node="storage" fillTypes="BARLEY" capacity="100000" isExtension="false" supportsMultipleFillTypes="false"/>
		<storage node="storage" fillTypes="OAT" capacity="100000" isExtension="false" supportsMultipleFillTypes="false"/>
		<storage node="storage" fillTypes="CANOLA" capacity="100000" isExtension="false" supportsMultipleFillTypes="false"/>
		<storage node="storage" fillTypes="SUNFLOWER" capacity="100000" isExtension="false" supportsMultipleFillTypes="false"/>
		<storage node="storage" fillTypes="SOYBEAN" capacity="100000" isExtension="false" supportsMultipleFillTypes="false"/>
		<storage node="storage" fillTypes="MAIZE" capacity="100000" isExtension="false" supportsMultipleFillTypes="false"/>
		<storage node="storage" fillTypes="SORGHUM" capacity="100000" isExtension="false" supportsMultipleFillTypes="false"/>
    </storages>
  </silo>
  
  <objectStorage supportsBales="true" supportsPallets="false" maxLength="8.5" maxWidth="6" maxHeight="3.5" capacity="200">
        <playerTrigger node="playerTrigger" />
        <objectTrigger node="objectTrigger" />
        <spawnAreas>
            <spawnArea startNode="spawnArea1Start" endNode="spawnArea1End"/>
        </spawnAreas>
        <storageAreas>
            <storageArea startNode="storageArea1Start" endNode="storageArea1End"/>
			
        </storageAreas>
    </objectStorage>

    <pointOfInterest>
        <point triggerNode="objectTrigger" text="$l10n_poi_objectStorageUnload" showOwner="true"  showEveryone="false"/>
        <point triggerNode="playerTrigger" text="$l10n_poi_objectStorageLoad"   showOwner="true"  showEveryone="false" />
    </pointOfInterest>

  <hotspots>
    <hotspot type="UNLOADING" linkNode="mapPosition" teleportNode="teleportNode" />
  </hotspots>

  <triggerMarkers>
    <triggerMarker node="markerLoading" filename="$data/shared/assets/marker/markerIcons.xml" id="LOAD" />
    <triggerMarker node="markerUnloading" filename="$data/shared/assets/marker/markerIcons.xml" id="UNLOAD" />

    <triggerMarker node="playerTriggerMarker" filename="$data/shared/assets/marker/markerIcons.xml" id="LOAD"   adjustToGround="true" />
    <triggerMarker node="objectTriggerMarker" filename="$data/shared/assets/marker/markerIcons.xml" id="UNLOAD" adjustToGround="true" />
  </triggerMarkers>
  



  <animatedObjects>
    <animatedObject saveId="Barn_Door1">
      <animation duration="4">
        <part node="BarnDoor_01">
          <keyFrame time="0.0" translation="0 2.16330004 -10.32999992" />
          <keyFrame time="1.0" translation="3.87299991 2.16330004 -10.32999992" />
        </part>

      </animation>
      <controls triggerNode="barnDoor01_Trigger" posAction="ACTIVATE_HANDTOOL" posText="action_openGate" negText="action_closeGate" />
      <sounds>
        <moving template="fenceMetalLoop" linkNode="BarnDoorSound01" />
        <posEnd template="fenceMetalOpen" linkNode="BarnDoorSound01" />
        <negEnd template="fenceMetalClose" linkNode="BarnDoorSound01" />
      </sounds>
    </animatedObject>
    <animatedObject saveId="Barn_Door2">
      <animation duration="4">
        <part node="BarnDoor_02">
          <keyFrame time="0.0" translation="0 2.14908004 10.32999992" />
          <keyFrame time="1.0" translation="-3.89599991 2.14908004 10.32999992" />
        </part>

      </animation>
      <controls triggerNode="barnDoor02_Trigger" posAction="ACTIVATE_HANDTOOL" posText="action_openGate" negText="action_closeGate" />
      <sounds>
        <moving template="fenceMetalLoop" linkNode="BarnDoorSound02" />
        <posEnd template="fenceMetalOpen" linkNode="BarnDoorSound02" />
        <negEnd template="fenceMetalClose" linkNode="BarnDoorSound02" />
      </sounds>
    </animatedObject>
  </animatedObjects>

<i3dMappings>
  <i3dMapping id="Small_RedBarn_Silo" node="0>" />
  <i3dMapping id="silo" node="0>0" />
  <i3dMapping id="teleportNode" node="0>0|0" />
  <i3dMapping id="mapPosition" node="0>0|1" />
  <i3dMapping id="storage" node="0>0|2" />
  <i3dMapping id="loadingStation" node="0>0|3" />
  <i3dMapping id="loadingTriggers" node="0>0|3|0" />
  <i3dMapping id="loadingTrigger" node="0>0|3|0|0" />
  <i3dMapping id="dischargeNode" node="0>0|3|0|1" />
  <i3dMapping id="dischargeEffect" node="0>0|3|0|2" />
  <i3dMapping id="pipeEffect" node="0>0|3|0|2|0" />
  <i3dMapping id="pipeEffectSmoke" node="0>0|3|0|2|1" />
  <i3dMapping id="aiNodeLoading" node="0>0|3|0|3" />
  <i3dMapping id="markerLoading" node="0>0|3|1" />
  <i3dMapping id="CementSilo_Pipe" node="0>0|3|2" />
  <i3dMapping id="Discharge_Hoop" node="0>0|3|2|0" />
  <i3dMapping id="aiLoadingSpline" node="0>0|3|3" />
  <i3dMapping id="unloadingStation" node="0>0|4" />
  <i3dMapping id="exactFillRootNode" node="0>0|4|0" />
  <i3dMapping id="grainGutterLinkNode" node="0>0|4|1" />
  <i3dMapping id="aiNodeUnloading" node="0>0|4|2" />
  <i3dMapping id="markerUnloading" node="0>0|4|3" />
  <i3dMapping id="Tipper_Foundation" node="0>0|4|4" />
  <i3dMapping id="Grates" node="0>0|4|5" />
  <i3dMapping id="seedPlane" node="0>0|4|6" />
  <i3dMapping id="aiUnloadingSpline" node="0>0|4|7" />
  <i3dMapping id="infoTrigger" node="0>0|5" />
  <i3dMapping id="BarnDoor_01" node="0>1" />
  <i3dMapping id="BarnDoor01_Collison" node="0>1|0" />
  <i3dMapping id="Sliders_Right01" node="0>1|1" />
  <i3dMapping id="BarnDoor_02" node="0>2" />
  <i3dMapping id="BarnDoor02_Collison" node="0>2|0" />
  <i3dMapping id="Sliders_Right02" node="0>2|1" />
  <i3dMapping id="CatWalk_Stairs" node="0>3" />
  <i3dMapping id="FarmSilo02" node="0>4" />
  <i3dMapping id="Silo_Collision" node="0>4|0" />
  <i3dMapping id="Foundation_Wall" node="0>5" />
  <i3dMapping id="Framing" node="0>6" />
  <i3dMapping id="Gate_Ramps" node="0>7" />
  <i3dMapping id="Inside_Roof" node="0>8" />
  <i3dMapping id="Roof" node="0>9" />
  <i3dMapping id="Slider_Rail" node="0>10" />
  <i3dMapping id="Walls" node="0>11" />
  <i3dMapping id="Windows_Trim" node="0>12" />
  <i3dMapping id="Wooden_Floors" node="0>13" />
  <i3dMapping id="barnDoor02_Trigger" node="0>14" />
  <i3dMapping id="barnDoor01_Trigger" node="0>15" />
  <i3dMapping id="BarnDoorSound02" node="0>16" />
  <i3dMapping id="BarnDoorSound01" node="0>17" />
  <i3dMapping id="Lights" node="0>18" />
  <i3dMapping id="warehouseWallLamp_0" node="0>18|0" />
  <i3dMapping id="warehouseWallLampWire_0" node="0>18|0|0" />
  <i3dMapping id="bulbUnlit_0" node="0>18|0|1" />
  <i3dMapping id="illum_0" node="0>18|0|2" />
  <i3dMapping id="selfLit_0" node="0>18|0|2|0" />
  <i3dMapping id="warehouseWallLampWireLit_0" node="0>18|0|2|0|0" />
  <i3dMapping id="warehouseWallLampInnerLit_0" node="0>18|0|2|0|1" />
  <i3dMapping id="bulbLit_0" node="0>18|0|2|0|2" />
  <i3dMapping id="realLights_0" node="0>18|0|2|1" />
  <i3dMapping id="spotLight_0" node="0>18|0|2|1|0" />
  <i3dMapping id="warehouseWallLamp_1" node="0>18|1" />
  <i3dMapping id="warehouseWallLampWire_1" node="0>18|1|0" />
  <i3dMapping id="bulbUnlit_1" node="0>18|1|1" />
  <i3dMapping id="illum_1" node="0>18|1|2" />
  <i3dMapping id="selfLit_1" node="0>18|1|2|0" />
  <i3dMapping id="warehouseWallLampWireLit_1" node="0>18|1|2|0|0" />
  <i3dMapping id="warehouseWallLampInnerLit_1" node="0>18|1|2|0|1" />
  <i3dMapping id="bulbLit_1" node="0>18|1|2|0|2" />
  <i3dMapping id="realLights_1" node="0>18|1|2|1" />
  <i3dMapping id="spotLight_1" node="0>18|1|2|1|0" />
  <i3dMapping id="warehouseWallLamp_2" node="0>18|2" />
  <i3dMapping id="warehouseWallLampWire_2" node="0>18|2|0" />
  <i3dMapping id="bulbUnlit_2" node="0>18|2|1" />
  <i3dMapping id="illum_2" node="0>18|2|2" />
  <i3dMapping id="selfLit_2" node="0>18|2|2|0" />
  <i3dMapping id="warehouseWallLampWireLit_2" node="0>18|2|2|0|0" />
  <i3dMapping id="warehouseWallLampInnerLit_2" node="0>18|2|2|0|1" />
  <i3dMapping id="bulbLit_2" node="0>18|2|2|0|2" />
  <i3dMapping id="realLights_2" node="0>18|2|2|1" />
  <i3dMapping id="spotLight_2" node="0>18|2|2|1|0" />
  <i3dMapping id="warehouseWallLamp_3" node="0>18|3" />
  <i3dMapping id="warehouseWallLampWire_3" node="0>18|3|0" />
  <i3dMapping id="bulbUnlit_3" node="0>18|3|1" />
  <i3dMapping id="illum_3" node="0>18|3|2" />
  <i3dMapping id="selfLit_3" node="0>18|3|2|0" />
  <i3dMapping id="warehouseWallLampWireLit_3" node="0>18|3|2|0|0" />
  <i3dMapping id="warehouseWallLampInnerLit_3" node="0>18|3|2|0|1" />
  <i3dMapping id="bulbLit_3" node="0>18|3|2|0|2" />
  <i3dMapping id="realLights_3" node="0>18|3|2|1" />
  <i3dMapping id="spotLight_3" node="0>18|3|2|1|0" />
  <i3dMapping id="ceilingLamp02_0" node="0>18|4" />
  <i3dMapping id="ceilingLampCable_0" node="0>18|4|0" />
  <i3dMapping id="Illum_0" node="0>18|4|1" />
  <i3dMapping id="selfLit_4" node="0>18|4|1|0" />
  <i3dMapping id="ceilingLampInnerLit_0" node="0>18|4|1|0|0" />
  <i3dMapping id="bulblit_0" node="0>18|4|1|0|1" />
  <i3dMapping id="realLights_4" node="0>18|4|1|1" />
  <i3dMapping id="spotLight01_0" node="0>18|4|1|1|0" />
  <i3dMapping id="ceilingLamp02_1" node="0>18|5" />
  <i3dMapping id="ceilingLampCable_1" node="0>18|5|0" />
  <i3dMapping id="Illum_1" node="0>18|5|1" />
  <i3dMapping id="selfLit_5" node="0>18|5|1|0" />
  <i3dMapping id="ceilingLampInnerLit_1" node="0>18|5|1|0|0" />
  <i3dMapping id="bulblit_1" node="0>18|5|1|0|1" />
  <i3dMapping id="realLights_5" node="0>18|5|1|1" />
  <i3dMapping id="spotLight01_1" node="0>18|5|1|1|0" />
  <i3dMapping id="ceilingLamp02_2" node="0>18|6" />
  <i3dMapping id="ceilingLampCable_2" node="0>18|6|0" />
  <i3dMapping id="Illum_2" node="0>18|6|1" />
  <i3dMapping id="selfLit_6" node="0>18|6|1|0" />
  <i3dMapping id="ceilingLampInnerLit_2" node="0>18|6|1|0|0" />
  <i3dMapping id="bulblit_2" node="0>18|6|1|0|1" />
  <i3dMapping id="realLights_6" node="0>18|6|1|1" />
  <i3dMapping id="spotLight01_2" node="0>18|6|1|1|0" />
  <i3dMapping id="ceilingLamp02_3" node="0>18|7" />
  <i3dMapping id="ceilingLampCable_3" node="0>18|7|0" />
  <i3dMapping id="Illum_3" node="0>18|7|1" />
  <i3dMapping id="selfLit_7" node="0>18|7|1|0" />
  <i3dMapping id="ceilingLampInnerLit_3" node="0>18|7|1|0|0" />
  <i3dMapping id="bulblit_3" node="0>18|7|1|0|1" />
  <i3dMapping id="realLights_7" node="0>18|7|1|1" />
  <i3dMapping id="spotLight01_3" node="0>18|7|1|1|0" />
  <i3dMapping id="ceilingLamp02_4" node="0>18|8" />
  <i3dMapping id="ceilingLampCable_4" node="0>18|8|0" />
  <i3dMapping id="Illum_4" node="0>18|8|1" />
  <i3dMapping id="selfLit_8" node="0>18|8|1|0" />
  <i3dMapping id="ceilingLampInnerLit_4" node="0>18|8|1|0|0" />
  <i3dMapping id="bulblit_4" node="0>18|8|1|0|1" />
  <i3dMapping id="realLights_8" node="0>18|8|1|1" />
  <i3dMapping id="spotLight01_4" node="0>18|8|1|1|0" />
  <i3dMapping id="ceilingLamp02_5" node="0>18|9" />
  <i3dMapping id="ceilingLampCable_5" node="0>18|9|0" />
  <i3dMapping id="Illum_5" node="0>18|9|1" />
  <i3dMapping id="selfLit_9" node="0>18|9|1|0" />
  <i3dMapping id="ceilingLampInnerLit_5" node="0>18|9|1|0|0" />
  <i3dMapping id="bulblit_5" node="0>18|9|1|0|1" />
  <i3dMapping id="realLights_9" node="0>18|9|1|1" />
  <i3dMapping id="spotLight01_5" node="0>18|9|1|1|0" />
  <i3dMapping id="ceilingLamp02_6" node="0>18|10" />
  <i3dMapping id="ceilingLampCable_6" node="0>18|10|0" />
  <i3dMapping id="Illum_6" node="0>18|10|1" />
  <i3dMapping id="selfLit_10" node="0>18|10|1|0" />
  <i3dMapping id="ceilingLampInnerLit_6" node="0>18|10|1|0|0" />
  <i3dMapping id="bulblit_6" node="0>18|10|1|0|1" />
  <i3dMapping id="realLights_10" node="0>18|10|1|1" />
  <i3dMapping id="spotLight01_6" node="0>18|10|1|1|0" />
  <i3dMapping id="ceilingLamp02_7" node="0>18|11" />
  <i3dMapping id="ceilingLampCable_7" node="0>18|11|0" />
  <i3dMapping id="Illum_7" node="0>18|11|1" />
  <i3dMapping id="selfLit_11" node="0>18|11|1|0" />
  <i3dMapping id="ceilingLampInnerLit_7" node="0>18|11|1|0|0" />
  <i3dMapping id="bulblit_7" node="0>18|11|1|0|1" />
  <i3dMapping id="realLights_11" node="0>18|11|1|1" />
  <i3dMapping id="spotLight01_7" node="0>18|11|1|1|0" />
  <i3dMapping id="testAreas" node="0>19" />
  <i3dMapping id="testArea1Start" node="0>19|0" />
  <i3dMapping id="testArea1End" node="0>19|0|0" />
  <i3dMapping id="levelAreas" node="0>20" />
  <i3dMapping id="levelArea1Start" node="0>20|0" />
  <i3dMapping id="levelArea1Width" node="0>20|0|0" />
  <i3dMapping id="levelArea1Height" node="0>20|0|1" />
  <i3dMapping id="clearAreas" node="0>21" />
  <i3dMapping id="clearArea1Start" node="0>21|0" />
  <i3dMapping id="clearArea1Width" node="0>21|0|0" />
  <i3dMapping id="clearArea1Height" node="0>21|0|1" />
  <i3dMapping id="indoorAreas" node="0>22" />
  <i3dMapping id="indoorArea1Start" node="0>22|0" />
  <i3dMapping id="indoorArea1Width" node="0>22|0|0" />
  <i3dMapping id="indoorArea1Height" node="0>22|0|1" />
  <i3dMapping id="indoorArea2Start" node="0>22|1" />
  <i3dMapping id="indoorArea2Width" node="0>22|1|0" />
  <i3dMapping id="indoorArea2Height" node="0>22|1|1" />
  <i3dMapping id="foliageAreas" node="0>23" />
  <i3dMapping id="foliageArea1Start" node="0>23|0" />
  <i3dMapping id="foliageArea1Width" node="0>23|0|0" />
  <i3dMapping id="foliageArea1Height" node="0>23|0|1" />
  <i3dMapping id="paintAreas" node="0>24" />
  <i3dMapping id="paintArea1Start" node="0>24|0" />
  <i3dMapping id="paintArea1Width" node="0>24|0|0" />
  <i3dMapping id="paintArea1Height" node="0>24|0|1" />
  <i3dMapping id="tipOcclusionUpdateAreas" node="0>25" />
  <i3dMapping id="tipOcclusionUpdateArea1Start" node="0>25|0" />
  <i3dMapping id="tipOcclusionUpdateArea1End" node="0>25|0|0" />
  <i3dMapping id="Windows" node="0>26" />
  <i3dMapping id="Window" node="0>26|0" />
  <i3dMapping id="objectStorage" node="0>27" />
  <i3dMapping id="areas" node="0>27|0" />
  <i3dMapping id="spawnArea1Start" node="0>27|0|0" />
  <i3dMapping id="spawnArea1End" node="0>27|0|0|0" />
  <i3dMapping id="storageArea1Start" node="0>27|0|1" />
  <i3dMapping id="storageArea1End" node="0>27|0|1|0" />
  <i3dMapping id="objectTrigger" node="0>27|1" />
  <i3dMapping id="objectTriggerMarker" node="0>27|1|0" />
  <i3dMapping id="playerTrigger" node="0>27|2" />
  <i3dMapping id="playerTriggerMarker" node="0>27|2|0" />
  <i3dMapping id="OccluderMeshSmallBarnSilo" node="0>28" />
  <i3dMapping id="occluderMeshInside" node="0>28|0" />
  <i3dMapping id="occluderMeshOutside" node="0>28|1" />
  <i3dMapping id="occluderMeshSilo" node="0>28|2" />
</i3dMappings>

</placeable>