<?xml version="1.0" encoding="utf-8" standalone="no" ?>
<placeable type="windTurbine" xmlns:xsi="http://www.w3.org/2001/XMLSchema-instance" xsi:noNamespaceSchemaLocation="../../../../../shared/xml/schema/placeable.xsd">
    <storeData>
        <name>$l10n_shopItem_electricityGernerator04</name>
        <functions>
            <function>$l10n_function_powerGenerator</function>
        </functions>
        <image>store_windmill.dds</image>
        <price>50000</price>
        <dailyUpkeep>15</dailyUpkeep>
        <lifetime>1000</lifetime>
        <rotation>0</rotation>
        <brand>NONE</brand>
        <species>placeable</species>
        <category>generators</category>
        <brush>
            <type>placeable</type>
            <category>production</category>
            <tab>generators</tab>
        </brush>
        
        <vertexBufferMemoryUsage>307456</vertexBufferMemoryUsage>
        <indexBufferMemoryUsage>37888</indexBufferMemoryUsage>
        <textureMemoryUsage>3801088</textureMemoryUsage>
        <audioMemoryUsage>0</audioMemoryUsage>
        <instanceVertexBufferMemoryUsage>0</instanceVertexBufferMemoryUsage>
        <instanceIndexBufferMemoryUsage>0</instanceIndexBufferMemoryUsage>
    </storeData>

    <base>
        <filename>WindMill.i3d</filename> 
        <canBeRenamed>true</canBeRenamed>
		<boughtWithFarmland>true</boughtWithFarmland>
    </base>

    <placement useRandomYRotation="false" useManualYRotation="true">
        <testAreas>
            <testArea startNode="testArea1Start" endNode="testArea1End" />
            
        </testAreas>

        <sounds>
            <place template="medImp" />
        </sounds>
    </placement>

    <clearAreas>
        <clearArea startNode="clearArea01Start" widthNode="clearArea01Width" heightNode="clearArea01Height"/>
    </clearAreas>

    <leveling requireLeveling="true" maxSmoothDistance="1" maxSlope="75" maxEdgeAngle="30">
        <levelAreas>
            <levelArea startNode="levelingArea01Start" widthNode="levelingArea01Width" heightNode="levelingArea01Height"/>
        </levelAreas>
    </leveling>

    <indoorAreas>
         <indoorArea startNode="indoorArea01Start" widthNode="indoorArea01Width" heightNode="indoorArea01Height"/>
    </indoorAreas>

    <tipOcclusionUpdateAreas>
        <tipOcclusionUpdateArea startNode="tipOcclusionUpdateArea1Start" endNode="tipOcclusionUpdateArea1End" />
    </tipOcclusionUpdateAreas>

    <ai>
        <updateAreas>
            <updateArea startNode="tipOcclusionUpdateArea1Start" endNode="tipOcclusionUpdateArea1End" />
        </updateAreas>
    </ai>

    <incomePerHour>120</incomePerHour>

    <windTurbine optimalWindSpeed="12">
        <animationNodes>
            <animationNode node="BladeRotationNode" rotSpeed="80" rotAxis="1" />
        </animationNodes>
        <sounds>
            <idle template="generator05" linkNode="BladeRotationNode" pitchScale="1.68" innerRadius="4" outerRadius="30" volumeScale="0.8" >
                <volume indoor="0.1" outdoor="1" >
                  <modifier type="WIND_TURBINE_LOAD" value="0" modifiedValue="0" />
                  <modifier type="WIND_TURBINE_LOAD" value="0.25" modifiedValue="0" />
                  <modifier type="WIND_TURBINE_LOAD" value="0.50" modifiedValue="0.7" />
                  <modifier type="WIND_TURBINE_LOAD" value="1.0" modifiedValue="1" />
                </volume>
                <pitch indoor="1.00" outdoor="1.00" >
                  <modifier type="WIND_TURBINE_LOAD" value="0.0" modifiedValue="0.5" />
                  <modifier type="WIND_TURBINE_LOAD" value="0.5" modifiedValue="0.5" />
                  <modifier type="WIND_TURBINE_LOAD" value="1.0" modifiedValue="0.97" />
                </pitch>
            </idle>
        </sounds>
    </windTurbine>

    <i3dMappings>
	  <i3dMapping id="WindMill" node="0>" />
	  <i3dMapping id="Areas" node="0>0" />
	  <i3dMapping id="clearAreas" node="0>0|0" />
	  <i3dMapping id="clearArea01Start" node="0>0|0|0" />
	  <i3dMapping id="clearArea01Height" node="0>0|0|0|0" />
	  <i3dMapping id="clearArea01Width" node="0>0|0|0|1" />
	  <i3dMapping id="indoorAreas" node="0>0|1" />
	  <i3dMapping id="indoorArea01Start" node="0>0|1|0" />
	  <i3dMapping id="indoorArea01Height" node="0>0|1|0|0" />
	  <i3dMapping id="indoorArea01Width" node="0>0|1|0|1" />
	  <i3dMapping id="levelingAreas" node="0>0|2" />
	  <i3dMapping id="levelingArea01Start" node="0>0|2|0" />
	  <i3dMapping id="levelingArea01Height" node="0>0|2|0|0" />
	  <i3dMapping id="levelingArea01Width" node="0>0|2|0|1" />
	  <i3dMapping id="testAreas" node="0>0|3" />
	  <i3dMapping id="testArea1Start" node="0>0|3|0" />
	  <i3dMapping id="testArea1End" node="0>0|3|0|0" />
	  <i3dMapping id="tipOcclusionUpdateAreas" node="0>0|4" />
	  <i3dMapping id="tipOcclusionUpdateArea1Start" node="0>0|4|0" />
	  <i3dMapping id="tipOcclusionUpdateArea1End" node="0>0|4|0|0" />
	  <i3dMapping id="BladeRotationNode" node="0>1" />
	  <i3dMapping id="Blade_Spine" node="0>1|0" />
	  <i3dMapping id="Blade_head" node="0>1|1" />
	  <i3dMapping id="Blades" node="0>1|2" />
	  <i3dMapping id="ShaftHead" node="0>1|3" />
	  <i3dMapping id="Visuals" node="0>2" />
	  <i3dMapping id="Shaft" node="0>2|0" />
	  <i3dMapping id="Support" node="0>2|1" />
	  <i3dMapping id="Tower" node="0>2|2" />
	  <i3dMapping id="tipCollision" node="0>3" />
	  <i3dMapping id="collision" node="0>3|0" />
	</i3dMappings>
</placeable>
