﻿<?xml version="1.0" encoding="utf-8" standalone="no" ?>
<vehicle type="fruitPreparer" xmlns:xsi="http://www.w3.org/2001/XMLSchema-instance" xsi:noNamespaceSchemaLocation="https://validation.gdn.giants-software.com/xml/fs22/vehicle.xsd">
    <annotation>Copyright (C) GIANTS Software GmbH, All Rights Reserved.</annotation>

    <storeData>
        <name>            
			<en>HR12 SugarCane Addon</en>
			<de>HR12 Zuckerrohr Hinzufügen</de>
		<fr>HR12 Canne à sucre Ajouter</fr>
		<es>HR12 Caña de azúcar Añadir</es>
        </name>
        <specs>
            
            <combination xmlFilename="HR12/5.4m/hr12_AllInOne.xml"/>
            <combination xmlFilename="HR12/5.4m/hr12_AllInOne_F.xml"/>
			<combination xmlFilename="HR12/5.4m/hr12_AllInOne_U.xml"/>
			<combination xmlFilename="terraDosT4_40/terraDosT4_40.xml"/>
        </specs>
        <functions>
            <function>$l10n_function_TopperSugarCane</function>
        </functions>
        <image>store/store_holmerHR12SCx.png</image>
        <price>250</price>
        <!-- <lifetime>10000</lifetime> -->
        <rotation>0</rotation>
        <brand>HOLMER</brand>
        <category>sugarCaneHarvesting</category>
        <shopTranslationOffset>0 0 0</shopTranslationOffset>
        <shopRotationOffset>0 0 0</shopRotationOffset>
        <vertexBufferMemoryUsage>79616</vertexBufferMemoryUsage>
        <indexBufferMemoryUsage>14592</indexBufferMemoryUsage>
        <textureMemoryUsage>2031616</textureMemoryUsage>
        <audioMemoryUsage>0</audioMemoryUsage>
        <instanceVertexBufferMemoryUsage>0</instanceVertexBufferMemoryUsage>
        <instanceIndexBufferMemoryUsage>0</instanceIndexBufferMemoryUsage>
    </storeData>
    <base>
        <typeDesc>$l10n_typeDesc_haulmTopper</typeDesc>
        <filename>HR12/PartsCrate.i3d</filename>
        <size width="2" length="1.2" lengthOffset="0" heightOffset="0"/>
		<speedLimit value="110" />
        <components>
            <component centerOfMass="0 0.1 0.2" solverIterationCount="10" mass="100"/>
			
        </components>
		<supportsPickUp>true</supportsPickUp>
        <schemaOverlay attacherJointPosition="1 0" name="CUTTER"/>
		<objectChanges>
            <objectChange node="0>2|0|3" visibilityActive="false" />
			<objectChange node="0>2|0|4" visibilityActive="false" />
        </objectChanges>
    </base>
    <attachable>
        <inputAttacherJoints>
            <inputAttacherJoint node="attacher" jointType="implement"  lowerRotLimitScale="0 0 0" upperRotationOffset="0" isDefaultLowered="true" needsLowering="false" allowsLowering="false" allowDetachWhileParentLifted="false" forceSelectionOnAttach="false" >
                <distanceToGround lower="0" upper="0" />
            </inputAttacherJoint>
        </inputAttacherJoints>
		<support animationName="moveSupport"/>
        <brakeForce force="0"/>
    </attachable>
	<animations>
		<animation name="moveSupport">
			<part node="0>2"	startTime="0.001"  	endTime="0.002" startScale="0.01 0.01 0.01" endScale="1 1 1" />
			<part node="0>2"	startTime="0.011"  	endTime="0.012" startVisibility="false" endVisibility="true"/>
			<part node="0>0"	startTime="0.011"  	endTime="0.012" startVisibility="true" endVisibility="false"/>
			
		</animation>
	</animations>
	
	<configurationSets title="$l10n_configuration_workingWidth">
        <configurationSet name="$l10n_configuration_valueDefault">
            <configuration name="workArea" index="1"/>
            <configuration name="design" index="1"/>
			<configuration name="design2" index="1"/>
        </configurationSet>
        <configurationSet name="$l10n_configuration_50m" >
            <configuration name="workArea" index="2"/>
            <configuration name="design" index="2"/>
            <configuration name="design2" index="2"/>			
        </configurationSet>
		<configurationSet name="$l10n_configuration_100m" >
            <configuration name="workArea" index="3"/>
            <configuration name="design" index="3"/>
            <configuration name="design2" index="3"/>			
        </configurationSet>
	</configurationSets>
	
	<designConfigurations>
	  <designConfiguration name="$l10n_configuration_valueDefault" >
	  <objectChange node="0>2|0|8"  visibilityActive="false" visibilityInactive="true"/>
	  <objectChange node="0>2|0|9"  visibilityActive="false" visibilityInactive="true"/>
	  <objectChange node="0>2|0|10"  visibilityActive="false" visibilityInactive="true"/>
	  
	  </designConfiguration>
	  <designConfiguration name="$l10n_configuration_50m" >
	  <objectChange node="0>2|0|8"  visibilityActive="true" visibilityInactive="false"/>
	  <objectChange node="0>2|0|9"  visibilityActive="true" visibilityInactive="false"/>
	  <objectChange node="0>2|0|10"  visibilityActive="false" visibilityInactive="true"/>
	  </designConfiguration>
	  <designConfiguration name="$l10n_configuration_100m" >
	  <objectChange node="0>2|0|8"  visibilityActive="true" visibilityInactive="false"/>
	  <objectChange node="0>2|0|9"  visibilityActive="false" visibilityInactive="true"/>
	  <objectChange node="0>2|0|10"  visibilityActive="true" visibilityInactive="false"/>
	  </designConfiguration>
	</designConfigurations>
	
	<design2Configurations >
		<design2Configuration  >
			<objectChange />
		</design2Configuration>
		
		<design2Configuration  >
            <objectChange node="aiMarkerLeft"  	translationActive="25 0 1.5" />				
            <objectChange node="aiMarkerRight"  	translationActive="-25 0 1.5" />
			<objectChange node="aiMarkerBack"  	translationActive="25 0 -0.2" />
            <objectChange node="sizeMarkerLeft"  	translationActive="25 0 1.5" />				
            <objectChange node="sizeMarkerRight"  	translationActive="-25 0 1.5" />
            <objectChange node="sizeMarkerBack"  	translationActive="25 0 -0.2" />			
		</design2Configuration>	
		<design2Configuration  >
            <objectChange node="aiMarkerLeft"  	translationActive="50 0 1.5" />				
            <objectChange node="aiMarkerRight"  	translationActive="-50 0 1.5" />
			<objectChange node="aiMarkerBack"  	translationActive="50 0 -0.2" />
            <objectChange node="sizeMarkerLeft"  	translationActive="50 0 1.5" />				
            <objectChange node="sizeMarkerRight"  	translationActive="-50 0 1.5" />
            <objectChange node="sizeMarkerBack"  	translationActive="50 0 -0.2" />			
		</design2Configuration>
	</design2Configurations>
	
	<workAreas>
	<workAreaConfigurations>
            <workAreaConfiguration name="$l10n_configuration_valueDefault">
        <workArea type="fruitPreparer" functionName="processFruitPreparerArea" disableBackwards="false" >
            <area startNode="workAreaStart" widthNode="workAreaWidth" heightNode="workAreaHeight" />
            <groundReferenceNode index="1" />
            <folding minLimit="0" maxLimit="0.1" />
			<onlyActiveWhenLowered value="false"/>
		</workArea>
		</workAreaConfiguration>
    <workAreaConfiguration name="$l10n_configuration_50m" price="250">
        <workArea type="fruitPreparer" functionName="processFruitPreparerArea" disableBackwards="true" >
            <area startNode="workAreaStart50" widthNode="workAreaWidth50" heightNode="workAreaHeight50" />
            <groundReferenceNode index="1" />
            <folding minLimit="0" maxLimit="0.1" />
			<onlyActiveWhenLowered value="false"/>
		</workArea>
		</workAreaConfiguration>
    <workAreaConfiguration name="$l10n_configuration_100m" price="500">
        <workArea type="fruitPreparer" functionName="processFruitPreparerArea" disableBackwards="true" >
            <area startNode="workAreaStart100" widthNode="workAreaWidth100" heightNode="workAreaHeight100" />
            <groundReferenceNode index="1" />
            <folding minLimit="0" maxLimit="0.1" />
			<onlyActiveWhenLowered value="false"/>
		</workArea>
		</workAreaConfiguration>		
        </workAreaConfigurations>
    </workAreas>
	
	
	
	<groundReferenceNodes>
        <groundReferenceNode node="0>" threshold="0" />
    </groundReferenceNodes>
	
	<ai>
	    <areaMarkers leftNode="aiMarkerLeft" rightNode="aiMarkerRight" backNode="aiMarkerBack" />
		<sizeMarkers leftNode="sizeMarkerLeft" rightNode="sizeMarkerRight" backNode="sizeMarkerBack"/>
        <collisionTrigger node="aiCollisionTrigger" width="5.9" height="5.9" />
        <agentAttachment width="5.75" height="2.75" length="2.9" lengthOffset="-0.32"/>
		<overlap value="0"/>
		
    </ai>
	<powerConsumer ptoRpm="425" neededMinPtoPower="10" neededMaxPtoPower="10"/>
    <fruitPreparer fruitType="sugarcane"/>
    <workParticles>
        <particle>
            <node node="prepareFruitEmitter" refNodeIndex="1" particleType="PREPARE_FRUIT"   fillType="sugarcane" emitCountScale="0.2"/>
            <node node="soilEmitter"         refNodeIndex="1" particleType="SOIL_HARVESTING" fillType="sugarcane" emitCountScale="0.2"/>
        </particle>
    </workParticles>
<turnOnVehicle turnOffIfNotAllowed="true" turnedOnByAttacherVehicle="true"/>


	<i3dMappings>
	    <i3dMapping id="Crate" node="0>" />
        <i3dMapping id="prepareFruitEmitter" node="0>3|2|2" />
		<i3dMapping id="soilEmitter" node="0>3|2|0" />
		<i3dMapping id="attacher" node="0>1" />
		<i3dMapping id="aiMarkers" node="0>3|1|0" />
        <i3dMapping id="aiMarkerLeft" node="0>3|1|0|0" />
        <i3dMapping id="aiMarkerRight" node="0>3|1|0|1" />
        <i3dMapping id="aiMarkerBack" node="0>3|1|0|2" />
		<i3dMapping id="sizeMarkerLeft" node="0>3|1|2|0" />
        <i3dMapping id="sizeMarkerRight" node="0>3|1|2|1" />
        <i3dMapping id="sizeMarkerBack" node="0>3|1|2|2" />
        <i3dMapping id="aiCollisionTrigger" node="0>3|1|1" />
        <i3dMapping id="workAreas" node="0>3|0" />
        <i3dMapping id="workAreaStart" node="0>3|0|0" />
        <i3dMapping id="workAreaWidth" node="0>3|0|1" />
        <i3dMapping id="workAreaHeight" node="0>3|0|2" />
		<i3dMapping id="workAreaStart50" node="0>3|0|3" />
        <i3dMapping id="workAreaWidth50" node="0>3|0|4" />
        <i3dMapping id="workAreaHeight50" node="0>3|0|5" />
		<i3dMapping id="workAreaStart100" node="0>3|0|6" />
        <i3dMapping id="workAreaWidth100" node="0>3|0|7" />
        <i3dMapping id="workAreaHeight100" node="0>3|0|8" />
    </i3dMappings>
</vehicle>