﻿<?xml version="1.0" encoding="utf-8" standalone="no" ?>
<vehicle type="cutter" xmlns:xsi="http://www.w3.org/2001/XMLSchema-instance" xsi:noNamespaceSchemaLocation="https://validation.gdn.giants-software.com/xml/fs22/vehicle.xsd">
    <annotation>Copyright (C) GIANTS Software GmbH, All Rights Reserved.</annotation>

    <storeData>
        <name>            
			<en>HR12 All In One Unreal</en>
			<de>HR12 Alles in Einem Unreal</de>
		<fr>HR12 Tout en un Unreal</fr>
		<es>HR12 Todo En Uno Unreal</es>
        </name>
        <specs>
            <workingWidth>5.4</workingWidth>
			<combination xmlFilename="HR12/5.4m/hr12P.xml"/>
			<combination xmlFilename="HR12/5.4m/hr12SB.xml"/>
			<combination xmlFilename="HR12/5.4m/hr12SC.xml"/>
            <combination xmlFilename="terraDosT4_40/terraDosT4_40.xml"/>
            <combination xmlFilename="hr12Trailer/hr12Trailer.xml"/>
        </specs>
        <functions>
            <function>$l10n_function_cutter</function>
			
        </functions>
        <image>store/store_holmerHR12.dds</image>
        <price>20000</price>
        <lifetime>1000</lifetime>
        <rotation>0</rotation>
        <brand>HOLMER</brand>
        <category>beetHarvesting</category>
		<shopTranslationOffset>0 -0.006 0</shopTranslationOffset>
        <shopRotationOffset>0.012 0 0</shopRotationOffset>
        
        <vertexBufferMemoryUsage>4775936</vertexBufferMemoryUsage>
        <indexBufferMemoryUsage>1272576</indexBufferMemoryUsage>
        <textureMemoryUsage>1638400</textureMemoryUsage>
        <audioMemoryUsage>0</audioMemoryUsage>
        <instanceVertexBufferMemoryUsage>0</instanceVertexBufferMemoryUsage>
        <instanceIndexBufferMemoryUsage>0</instanceIndexBufferMemoryUsage>
    </storeData>

    <base>
        <typeDesc>$l10n_typeDesc_cutter</typeDesc>
        <filename>HR12/hr12.i3d</filename>
        <size width="6.5" length="5.2" height="4.5" lengthOffset="0.75" />
        <speedLimit value="110" />
        <components>
            <component centerOfMass="0 0.4 -0.4" solverIterationCount="10" mass="1800" />
        </components>
        <schemaOverlay attacherJointPosition="0 0" name="CUTTER"/>
    </base>
	
	<configurationSets title="$l10n_configuration_workingWidth">
        <configurationSet name="$l10n_configuration_valueDefault">
            <configuration name="workArea" index="1"/>
            <configuration name="design" index="1"/>
			<configuration name="design3" index="1"/>
        </configurationSet>
        <configurationSet name="$l10n_configuration_value50mBlue">
            <configuration name="workArea" index="2"/>
            <configuration name="design" index="2"/>
            <configuration name="design3" index="2"/>			
        </configurationSet>
		<configurationSet name="$l10n_configuration_value50mRed">
            <configuration name="workArea" index="2"/>
            <configuration name="design" index="3"/>
            <configuration name="design3" index="2"/>			
        </configurationSet>
		<configurationSet name="$l10n_configuration_value100mBlue">
            <configuration name="workArea" index="3"/>
            <configuration name="design" index="4"/>
            <configuration name="design3" index="3"/>			
        </configurationSet>
		<configurationSet name="$l10n_configuration_value100mRed">
            <configuration name="workArea" index="3"/>
            <configuration name="design" index="5"/>
            <configuration name="design3" index="3"/>			
        </configurationSet>
    </configurationSets>
	
	<designConfigurations>
	  <designConfiguration name="$l10n_configuration_valueNo" price="0">
	  <objectChange node="0>0|1|3"  visibilityActive="false" visibilityInactive="true"/>
	  <objectChange node="0>0|1|4"  visibilityActive="false" visibilityInactive="true"/>
	  <objectChange node="0>0|1|5"  visibilityActive="false" visibilityInactive="true"/>
	  <objectChange node="0>0|1|6"  visibilityActive="false" visibilityInactive="true"/>
	  </designConfiguration>
	  <designConfiguration name="$l10n_configuration_blue" price="500">
	  <objectChange node="0>0|1|3"  visibilityActive="true" visibilityInactive="false"/>
	  <objectChange node="0>0|1|4"  visibilityActive="false" visibilityInactive="true"/>
	  <objectChange node="0>0|1|5"  visibilityActive="false" visibilityInactive="true"/>
	  <objectChange node="0>0|1|6"  visibilityActive="false" visibilityInactive="true"/>
	  </designConfiguration>
	  <designConfiguration name="$l10n_configuration_red" price="500">
	  <objectChange node="0>0|1|4"  visibilityActive="true" visibilityInactive="false"/>
	  <objectChange node="0>0|1|3"  visibilityActive="false" visibilityInactive="true"/>
	  <objectChange node="0>0|1|5"  visibilityActive="false" visibilityInactive="true"/>
	  <objectChange node="0>0|1|6"  visibilityActive="false" visibilityInactive="true"/>
	  </designConfiguration>
	  <designConfiguration name="$l10n_configuration_blue" price="1000">
	  <objectChange node="0>0|1|3"  visibilityActive="true" visibilityInactive="false"/>
	  <objectChange node="0>0|1|4"  visibilityActive="false" visibilityInactive="true"/>
	  <objectChange node="0>0|1|5"  visibilityActive="true" visibilityInactive="false"/>
	  <objectChange node="0>0|1|6"  visibilityActive="false" visibilityInactive="true"/>
	  </designConfiguration>
	  <designConfiguration name="$l10n_configuration_red" price="1000">
	  <objectChange node="0>0|1|4"  visibilityActive="true" visibilityInactive="false"/>
	  <objectChange node="0>0|1|3"  visibilityActive="false" visibilityInactive="true"/>
	  <objectChange node="0>0|1|6"  visibilityActive="true" visibilityInactive="false"/>
	  <objectChange node="0>0|1|5"  visibilityActive="false" visibilityInactive="true"/>
	  </designConfiguration>
    </designConfigurations>
	
	<design2Configurations title="$l10n_configuration_headerDecal">
	  <design2Configuration name="$l10n_configuration_valueNo" price="0">
	  <objectChange node="0>0|10"  visibilityActive="false" visibilityInactive="true"/>
	  <objectChange node="0>0|11"  visibilityActive="false" visibilityInactive="true"/>
	  <objectChange node="0>0|12"  visibilityActive="false" visibilityInactive="true"/>
	  </design2Configuration>
	  <design2Configuration name="$l10n_configuration_potato" price="0">
	  <objectChange node="0>0|10"  visibilityActive="true" visibilityInactive="false"/>
	  <objectChange node="0>0|11"  visibilityActive="false" visibilityInactive="true"/>
	  <objectChange node="0>0|12"  visibilityActive="false" visibilityInactive="true"/>
	  </design2Configuration>
	  <design2Configuration name="$l10n_configuration_sugarbeet" price="0">
	  <objectChange node="0>0|11"  visibilityActive="true" visibilityInactive="false"/>
	  <objectChange node="0>0|10"  visibilityActive="false" visibilityInactive="true"/>
	  <objectChange node="0>0|12"  visibilityActive="false" visibilityInactive="true"/>
	  </design2Configuration>
	  <design2Configuration name="$l10n_configuration_sugarcane" price="0">
	  <objectChange node="0>0|12"  visibilityActive="true" visibilityInactive="false"/>
	  <objectChange node="0>0|10"  visibilityActive="false" visibilityInactive="true"/>
	  <objectChange node="0>0|11"  visibilityActive="false" visibilityInactive="true"/>
	  </design2Configuration>
      </design2Configurations>
	  
	  <design3Configurations >
		<design3Configuration  >
			<objectChange />
		</design3Configuration>
		
		<design3Configuration  >
            <objectChange node="aiMarkerLeft"  	translationActive="25 0 1.5" />				
            <objectChange node="aiMarkerRight"  	translationActive="-25 0 1.5" />
			<objectChange node="aiMarkerBack"  	translationActive="25 0 -0.2" />
            <objectChange node="sizeMarkerLeft"  	translationActive="25 0 1.5" />				
            <objectChange node="sizeMarkerRight"  	translationActive="-25 0 1.5" />
            <objectChange node="sizeMarkerBack"  	translationActive="25 0 -0.2" />			
		</design3Configuration>	
		<design3Configuration  >
            <objectChange node="aiMarkerLeft"  	translationActive="50 0 1.5" />				
            <objectChange node="aiMarkerRight"  	translationActive="-50 0 1.5" />
			<objectChange node="aiMarkerBack"  	translationActive="50 0 -0.2" />
            <objectChange node="sizeMarkerLeft"  	translationActive="50 0 1.5" />				
            <objectChange node="sizeMarkerRight"  	translationActive="-50 0 1.5" />
            <objectChange node="sizeMarkerBack"  	translationActive="50 0 -0.2" />			
		</design3Configuration>
	</design3Configurations>

    <wheels>
        <wheelConfigurations>
            <wheelConfiguration name="$l10n_configuration_valueDefault" price="0">
                <wheels hasSurfaceSounds="false">
                    <wheel>
                        <physics restLoad="1.0" repr="wheelLeft"  radius="0.45" width="0.1" forcePointRatio="0.45" initialCompression="30" suspTravel="0.2" spring="15" damper="25" frictionScale="0.1" rotationDamping="0.003" brakeFactor="0.1"/>
                    </wheel>
                    <wheel>
                        <physics restLoad="1.0" repr="wheelRight" radius="0.45" width="0.1" forcePointRatio="0.45" initialCompression="30" suspTravel="0.2" spring="15" damper="25" frictionScale="0.1" rotationDamping="0.003" brakeFactor="0.1"/>
                    </wheel>
                </wheels>
            </wheelConfiguration>
        </wheelConfigurations>
    </wheels>


    <powerConsumer ptoRpm="425" neededMinPtoPower="10" neededMaxPtoPower="10"/>

    <lights>
        <sharedLight linkNode="workLight01"      filename="$data/shared/assets/lights/lizard/workingLight08.xml" />
        <sharedLight linkNode="workLight02"      filename="$data/shared/assets/lights/lizard/workingLight08.xml" />
        <sharedLight linkNode="workLight03"      filename="$data/shared/assets/lights/lizard/workingLight08.xml" />
        <sharedLight linkNode="workLight04"      filename="$data/shared/assets/lights/lizard/workingLight08.xml" />
        <sharedLight linkNode="streetLightLeft"  filename="$data/shared/assets/lights/lizard/frontLight04_left.xml" />
        <sharedLight linkNode="streetLightRight" filename="$data/shared/assets/lights/lizard/frontLight04_right.xml" />
        <realLights>
            <high>
                <light node="workLightFrontHigh1" lightTypes="2"/>
                <light node="workLightFrontHigh3" lightTypes="2"/>
				<light node="0>0|1|3|0|0|0" lightTypes="0" />
				<light node="0>0|1|3|1|0|0" lightTypes="0" />
				<light node="0>0|1|4|0|0|0" lightTypes="0" />
				<light node="0>0|1|4|1|0|0" lightTypes="0" />
				<light node="0>0|1|5|0|0|0" lightTypes="0" />
				<light node="0>0|1|5|1|0|0" lightTypes="0" />
				<light node="0>0|1|6|0|0|0" lightTypes="0" />
				<light node="0>0|1|6|1|0|0" lightTypes="0" />
            </high>
			<low>
                <light node="workLightFrontHigh1" lightTypes="2"/>
                <light node="workLightFrontHigh3" lightTypes="2"/>
				<light node="0>0|1|3|0|0|0" lightTypes="0" />
				<light node="0>0|1|3|1|0|0" lightTypes="0" />
				<light node="0>0|1|4|0|0|0" lightTypes="0" />
				<light node="0>0|1|4|1|0|0" lightTypes="0" />
				<light node="0>0|1|5|0|0|0" lightTypes="0" />
				<light node="0>0|1|5|1|0|0" lightTypes="0" />
				<light node="0>0|1|6|0|0|0" lightTypes="0" />
				<light node="0>0|1|6|1|0|0" lightTypes="0" />
            </low>
        </realLights>
    </lights>
    <attachable>
        <inputAttacherJoints>
            <inputAttacherJoint node="attacherJoint" jointType="cutter" rootNode="0>" forceSelectionOnAttach="true" upperRotationOffset="0" >
                <distanceToGround lower="0.95" upper="1.35" />
            </inputAttacherJoint>
        </inputAttacherJoints>
        <brakeForce force="0.25"/>
    </attachable>
	<attacherJoints>
        <attacherJoint jointType="implement" node="attacherJointFront" fixedRotation="true" comboTime="0" >
            <distanceToGround lower="0.92" upper="1.32" />
            <schema position="0 0" rotation="0" invertX="false"/>
        </attacherJoint>
	</attacherJoints>
    <groundReferenceNodes>
        <groundReferenceNode node="hr12_main_component1" threshold="0.4" />
    </groundReferenceNodes>
    <workAreas>
	<workAreaConfigurations>
            <workAreaConfiguration>
        <workArea type="cutter" functionName="processCutterArea" disableBackwards="true">
            <area startNode="workAreaStart" widthNode="workAreaWidth" heightNode="workAreaHeight" />
            <groundReferenceNode index="1" />
            <folding minLimit="0" maxLimit="0.1" />
        </workArea>
		</workAreaConfiguration>
    <workAreaConfiguration>
        <workArea type="cutter" functionName="processCutterArea" disableBackwards="true">
            <area startNode="workAreaStart50" widthNode="workAreaWidth50" heightNode="workAreaHeight50" />
			<groundReferenceNode index="1" />
            <folding minLimit="0" maxLimit="0.1" />
        </workArea>
		</workAreaConfiguration>
    <workAreaConfiguration>
        <workArea type="cutter" functionName="processCutterArea" disableBackwards="true">
            <area startNode="workAreaStart100" widthNode="workAreaWidth100" heightNode="workAreaHeight100" />
			<groundReferenceNode index="1" />
            <folding minLimit="0" maxLimit="0.1" />
        </workArea>
		</workAreaConfiguration>		
        </workAreaConfigurations>
    </workAreas>
	
	

    
	<turnOnVehicle turnOffIfNotAllowed="true" turnedOnByAttacherVehicle="true">
        <sounds>
            <work template="DEFOLIATOR_01" linkNode="defoliatorArm3" fadeIn="0.4" fadeOut="2" volumeScale="1.2"/>
        </sounds>
    </turnOnVehicle>

    <foldable>
        <foldingConfigurations>
            <foldingConfiguration>
                <foldingParts turnOnFoldMinLimit="0" turnOnFoldMaxLimit="0.1" turnOnFoldDirection="-1">
                    <foldingPart animationName="folding" speedScale="0.8"/>
                </foldingParts>
            </foldingConfiguration>
        </foldingConfigurations>
    </foldable>

    <animations>
        <animation name="folding">
            <part node="rowOrientationArm01" startTime="0" endTime="1" startRot="0 0 0" endRot="-70.765 0 0" />
            <part node="defoliatorArm1"      startTime="1" endTime="3" startRot="0 0 0" endRot="-110 0 0" />
            <part node="defoliatorArm2"      startTime="3" endTime="5" startRot="0 0 0" endRot="-23.3 0 0" />
            <part node="defoliatorArm3"      startTime="3" endTime="5" startRot="0 0 0" endRot="-45.67 0 0" />
            <part node="wheels"              startTime="0" endTime="1" startTrans="0 0 0.5" endTrans="0 0.3 0" />

            <sound template="defaultHydraulicSound" startTime="0.01" endTime="1"    direction="0"  volumeScale="1.1" pitchScale="0.8" linkNode="rowOrientationArm01" fadeIn="0.01" fadeOut="0.01"/>
            <sound template="hydraulicLayerTone"    startTime="2.9"  endTime="4.99" direction="0"  volumeScale="1.3" pitchScale="0.6" linkNode="defoliatorArm2"      fadeIn="0.01" fadeOut="0.1"/>
            <sound template="hydraulicLayerTone"    startTime="1"    endTime="3"    direction="0"  volumeScale="1.5" pitchScale="0.8" linkNode="defoliatorArm2"      fadeIn="0.01" fadeOut="0.1"/>
            <sound template="clackVar6"             startTime="1"                   direction="1"  volumeScale="1.2" pitchScale="0.8" linkNode="rowOrientationArm01"/>
            <sound template="metalClose"            startTime="1"                   direction="0"  volumeScale="0.7" pitchScale="1.8" linkNode="rowOrientationArm01"/>
            <sound template="cylinderPunch"         startTime="1"                   direction="1"  volumeScale="0.3" pitchScale="1.8" linkNode="rowOrientationArm01"/>
            <sound template="clackVar6"             startTime="2.9"                 direction="0"  volumeScale="1.3" pitchScale="0.5" linkNode="defoliatorArm2"/>
            <sound template="sheetImp02"            startTime="2.9"                 direction="0"  volumeScale="2.8" pitchScale="0.6" linkNode="defoliatorArm2"/>
            <sound template="foldStartMed02"        startTime="4.9"                 direction="1"  volumeScale="4.3" pitchScale="0.7" linkNode="defoliatorArm2"/>
            <sound template="cylinderPunch"         startTime="4.99"                direction="1"  volumeScale="0.2" pitchScale="0.8" linkNode="defoliatorArm2"/>
            <sound template="clackVar6"             startTime="4.99"                direction="1"  volumeScale="1"   pitchScale="0.7" linkNode="defoliatorArm2"/>
            <sound template="sheetImp01"            startTime="4.99"                direction="1"  volumeScale="1.1" pitchScale="0.7" linkNode="defoliatorArm2"/>
            <sound template="thudVar2"              startTime="4.99"                direction="-1" volumeScale="2.1" pitchScale="0.9" linkNode="defoliatorArm2"/>
            <sound template="clackVar6"             startTime="4.99"                direction="-1" volumeScale="0.7" pitchScale="0.5" linkNode="defoliatorArm2"/>
            <sound template="foldStartMed02"        startTime="4.99"                direction="-1" volumeScale="1.7" pitchScale="0.9" linkNode="defoliatorArm2"/>
            <sound template="foldStartMed02"        startTime="1.2"                 direction="-1" volumeScale="3.1" pitchScale="0.5" linkNode="defoliatorArm2"/>
            <sound template="clackVar6"             startTime="0.01"                direction="-1" volumeScale="1.1" pitchScale="0.8" linkNode="rowOrientationArm01"/>
            <sound template="sheetImp01"            startTime="0.01"                direction="-1" volumeScale="0.6" pitchScale="0.8" linkNode="rowOrientationArm01"/>
        </animation>
    </animations>

    <cylindered>
        <movingTools>
          <movingTool node="wheels" playSound="true" wheelIndices="1 2"/>
            <!-- row detectors -->
            <movingTool node="rowOrientationArm01" playSound="true" >
                <dependentPart node="rowOrientationArm02"/>
            </movingTool>

            <!-- defoliator folding -->
            <movingTool node="defoliatorArm1" playSound="true" >
                <dependentPart node="defoliatorArmHydraulicsLeft"/>
                <dependentPart node="defoliatorArmHydraulicsRight"/>
            </movingTool>

            <movingTool node="defoliatorArm2" playSound="true" >
                <dependentPart node="defoliatorArm2Hydraulics"/>
            </movingTool>

            <movingTool node="defoliatorArm3" playSound="true" >
                <dependentPart node="defoliatorArm3Hydraulics"/>
            </movingTool>

            <!-- cutters -->
            <movingTool node="lowerArm01" >
                <dependentPart node="sensingArm01"/>
                <dependentPart node="bladeArm01"/>
                <dependentPart node="upperArm01"/>
            </movingTool>

            <movingTool node="lowerArm02" >
                <dependentPart node="sensingArm02"/>
                <dependentPart node="bladeArm02"/>
                <dependentPart node="upperArm02"/>
            </movingTool>

            <movingTool node="lowerArm03" >
                <dependentPart node="sensingArm03"/>
                <dependentPart node="bladeArm03"/>
                <dependentPart node="upperArm03"/>
            </movingTool>

            <!-- shaking parts -->
            <movingTool node="shakingPart01" >
                <dependentPart node="shakingPart01Arm"/>
            </movingTool>
            <movingTool node="shakingPart02" >
                <dependentPart node="shakingPart02Arm"/>
            </movingTool>
            <movingTool node="shakingPart03" >
                <dependentPart node="shakingPart03Arm"/>
            </movingTool>
            <movingTool node="shakingPart04" >
                <dependentPart node="shakingPart04Arm"/>
            </movingTool>
            <movingTool node="shakingPart05" >
                <dependentPart node="shakingPart05Arm"/>
            </movingTool>
            <movingTool node="shakingPart06" >
                <dependentPart node="shakingPart06Arm"/>
            </movingTool>
        </movingTools>

        <movingParts>
            <!-- row detector -->
            <movingPart node="rowOrientationArm02" localReferencePoint="rowOrientationArm03" referencePoint="rowOrientationArm02Ref" referenceFrame="rowOrientationArm02Ref">
                <dependentPart node="rowOrientationArm03" />
                <dependentPart node="rowOrientationArm01Hydraulics" />
            </movingPart>
            <movingPart node="rowOrientationArm03" referencePoint="rowOrientationArm02Ref" referenceFrame="rowOrientationArm02Ref" />
            <movingPart node="rowOrientationArm01Hydraulics" referencePoint="rowOrientationArm01HydraulicsRef" referenceFrame="rowOrientationArm01HydraulicsRef">
                <translatingPart node="rowOrientationArm01HydraulicsPunch"/>
            </movingPart>

            <!-- defoliator folding -->
            <movingPart node="defoliatorArmHydraulicsLeft" referencePoint="defoliatorArmHydraulicsLeftRef" referenceFrame="defoliatorArmHydraulicsLeftRef">
                <translatingPart node="defoliatorArmHydraulicsLeftPunch"/>
            </movingPart>
            <movingPart node="defoliatorArmHydraulicsRight" referencePoint="defoliatorArmHydraulicsRightRef" referenceFrame="defoliatorArmHydraulicsRightRef">
                <translatingPart node="defoliatorArmHydraulicsRightPunch"/>
            </movingPart>

            <movingPart node="defoliatorArm2Hydraulics" referencePoint="defoliatorArm2HydraulicsRef" referenceFrame="defoliatorArm2HydraulicsRef">
                <translatingPart node="defoliatorArm2HydraulicsPunch"/>
            </movingPart>

            <movingPart node="defoliatorArm3Hydraulics" referencePoint="defoliatorArm3HydraulicsRef" referenceFrame="defoliatorArm3HydraulicsRef">
                <translatingPart node="defoliatorArm3HydraulicsPunch"/>
            </movingPart>

            <!-- cutters -->
            <movingPart node="sensingArm01"   referenceFrame="lowerArm01" doDirectionAlignment="false" moveToReferenceFrame="false" doRotationAlignment="true" rotMultiplier="-1" />
            <movingPart node="bladeArm01"     referenceFrame="lowerArm01" doDirectionAlignment="false" moveToReferenceFrame="false" doRotationAlignment="true" rotMultiplier="-1" />
            <movingPart node="upperArm01"     referenceFrame="lowerArm01" doDirectionAlignment="false" moveToReferenceFrame="false" doRotationAlignment="true" rotMultiplier="1" />

            <movingPart node="sensingArm02"   referenceFrame="lowerArm02" doDirectionAlignment="false" moveToReferenceFrame="false" doRotationAlignment="true" rotMultiplier="-1" />
            <movingPart node="bladeArm02"     referenceFrame="lowerArm02" doDirectionAlignment="false" moveToReferenceFrame="false" doRotationAlignment="true" rotMultiplier="-1" />
            <movingPart node="upperArm02"     referenceFrame="lowerArm02" doDirectionAlignment="false" moveToReferenceFrame="false" doRotationAlignment="true" rotMultiplier="1" />

            <movingPart node="sensingArm03"   referenceFrame="lowerArm03" doDirectionAlignment="false" moveToReferenceFrame="false" doRotationAlignment="true" rotMultiplier="-1" />
            <movingPart node="bladeArm03"     referenceFrame="lowerArm03" doDirectionAlignment="false" moveToReferenceFrame="false" doRotationAlignment="true" rotMultiplier="-1" />
            <movingPart node="upperArm03"     referenceFrame="lowerArm03" doDirectionAlignment="false" moveToReferenceFrame="false" doRotationAlignment="true" rotMultiplier="1" />

            <!-- shaking parts -->
            <movingPart node="shakingPart01Arm" localReferencePoint="shakingPart01Orientation" referencePoint="shakingPartsRef" referenceFrame="shakingPartsRefFrame">
                <dependentPart node="shakingPart01Orientation" />
            </movingPart>
            <movingPart node="shakingPart01Orientation" referencePoint="shakingPartsRef" referenceFrame="shakingPartsRef" />

            <movingPart node="shakingPart02Arm" localReferencePoint="shakingPart02Orientation" referencePoint="shakingPartsRef" referenceFrame="shakingPartsRefFrame">
                <dependentPart node="shakingPart02Orientation" />
            </movingPart>
            <movingPart node="shakingPart02Orientation" referencePoint="shakingPartsRef" referenceFrame="shakingPartsRef" />

            <movingPart node="shakingPart03Arm" localReferencePoint="shakingPart03Orientation" referencePoint="shakingPartsRef" referenceFrame="shakingPartsRefFrame">
                <dependentPart node="shakingPart03Orientation" />
            </movingPart>
            <movingPart node="shakingPart03Orientation" referencePoint="shakingPartsRef" referenceFrame="shakingPartsRef" />

            <movingPart node="shakingPart04Arm" localReferencePoint="shakingPart04Orientation" referencePoint="shakingPartsRef" referenceFrame="shakingPartsRefFrame">
                <dependentPart node="shakingPart04Orientation" />
            </movingPart>
            <movingPart node="shakingPart04Orientation" referencePoint="shakingPartsRef" referenceFrame="shakingPartsRef" />

            <movingPart node="shakingPart05Arm" localReferencePoint="shakingPart05Orientation" referencePoint="shakingPartsRef" referenceFrame="shakingPartsRefFrame">
                <dependentPart node="shakingPart05Orientation" />
            </movingPart>
            <movingPart node="shakingPart05Orientation" referencePoint="shakingPartsRef" referenceFrame="shakingPartsRef" />

            <movingPart node="shakingPart06Arm" localReferencePoint="shakingPart06Orientation" referencePoint="shakingPartsRef" referenceFrame="shakingPartsRefFrame">
                <dependentPart node="shakingPart06Orientation" />
            </movingPart>
            <movingPart node="shakingPart06Orientation" referencePoint="shakingPartsRef" referenceFrame="shakingPartsRef" />
        </movingParts>
    </cylindered>

    <speedRotatingParts>
        <speedRotatingPart node="bigWheel" radius="0.366" foldMinLimit="0" foldMaxLimit="0.1" groundReferenceNodeIndex="1" />
    </speedRotatingParts>

    <randomlyMovingParts>
        <randomlyMovingPart node="lowerArm01" rotAxis="1" rotMean="20 0" rotVariance="5 2" rotTimeMean="0.1246 0.1246" rotTimeVariance="0.03 0.03" pauseMean="0.001 0.1246" pauseVariance="0.004 0.01" refNodeIndex="1" moveOnlyIfCut="true"/>
        <randomlyMovingPart node="lowerArm02" rotAxis="1" rotMean="20 0" rotVariance="5 2" rotTimeMean="0.1246 0.1246" rotTimeVariance="0.03 0.03" pauseMean="0.001 0.1246" pauseVariance="0.004 0.01" refNodeIndex="1" moveOnlyIfCut="true"/>
        <randomlyMovingPart node="lowerArm03" rotAxis="1" rotMean="20 0" rotVariance="5 2" rotTimeMean="0.1246 0.1246" rotTimeVariance="0.03 0.03" pauseMean="0.001 0.1246" pauseVariance="0.004 0.01" refNodeIndex="1" moveOnlyIfCut="true"/>
    </randomlyMovingParts>

    <cutter fruitTypes="beetroot carrot cotton parsnip potato sugarBeet sugarcane">
        <animationNodes>
            <animationNode node="rotationPart01" rotAxis="1" rotSpeed="-800" turnOnFadeTime="2" turnOffFadeTime="2" />
            <animationNode node="rotationPart02" rotAxis="1" rotSpeed="-800" turnOnFadeTime="2" turnOffFadeTime="2" />
            <animationNode node="rotationPart03" rotAxis="1" rotSpeed="-800" turnOnFadeTime="2" turnOffFadeTime="2" />
            <animationNode node="rotationPart04" rotAxis="1" rotSpeed="-800" turnOnFadeTime="2" turnOffFadeTime="2" />
            <animationNode node="rotationPart05" rotAxis="1" rotSpeed="-800" turnOnFadeTime="2" turnOffFadeTime="2" />
            <animationNode node="rotationPart06" rotAxis="1" rotSpeed="-800" turnOnFadeTime="2" turnOffFadeTime="2" />
            <animationNode node="rotationPart07" rotAxis="1" rotSpeed="-800" turnOnFadeTime="2" turnOffFadeTime="2" />
            <animationNode node="rotationPart08" rotAxis="1" rotSpeed="-800" turnOnFadeTime="2" turnOffFadeTime="2" />
            <animationNode node="rotationPart09" rotAxis="1" rotSpeed="-800" turnOnFadeTime="2" turnOffFadeTime="2" />

            <animationNode node="shakingPart01Rot" rotAxis="1" rotSpeed="-1600" turnOnFadeTime="2" turnOffFadeTime="2" />
            <animationNode node="shakingPart02Rot" rotAxis="1" rotSpeed="-1600" turnOnFadeTime="2" turnOffFadeTime="2" />
            <animationNode node="shakingPart03Rot" rotAxis="1" rotSpeed="-1600" turnOnFadeTime="2" turnOffFadeTime="2" />
            <animationNode node="shakingPart04Rot" rotAxis="1" rotSpeed="-1600" turnOnFadeTime="2" turnOffFadeTime="2" />
            <animationNode node="shakingPart05Rot" rotAxis="1" rotSpeed="-1600" turnOnFadeTime="2" turnOffFadeTime="2" />
            <animationNode node="shakingPart06Rot" rotAxis="1" rotSpeed="-1600" turnOnFadeTime="2" turnOffFadeTime="2" />

            <animationNode node="shakingPart01" rotAxis="1" rotSpeed="1600" turnOnFadeTime="2" turnOffFadeTime="2" />
            <animationNode node="shakingPart02" rotAxis="1" rotSpeed="1600" turnOnFadeTime="2" turnOffFadeTime="2" />
            <animationNode node="shakingPart03" rotAxis="1" rotSpeed="1600" turnOnFadeTime="2" turnOffFadeTime="2" />
            <animationNode node="shakingPart04" rotAxis="1" rotSpeed="1600" turnOnFadeTime="2" turnOffFadeTime="2" />
            <animationNode node="shakingPart05" rotAxis="1" rotSpeed="1600" turnOnFadeTime="2" turnOffFadeTime="2" />
            <animationNode node="shakingPart06" rotAxis="1" rotSpeed="1600" turnOnFadeTime="2" turnOffFadeTime="2" />

            <animationNode node="paddle" rotAxis="1" rotSpeed="200" turnOnFadeTime="2" turnOffFadeTime="2" />
        </animationNodes>

        <fillEffect>
            <effectNode effectNode="morphMesh"   effectClass="MorphPositionEffect"  materialType="belt" delay="0" fadeTime="2" scrollLength="2" scrollSpeed="0.8" />
        </fillEffect>
    </cutter>

    <workParticles>
        <particle>
            <node node="prepareFruitEmitter" refNodeIndex="1" particleType="PREPARE_FRUIT"   fillType="potato" emitCountScale="0.2"/>
            <node node="soilEmitter"         refNodeIndex="1" particleType="SOIL_HARVESTING" fillType="potato" emitCountScale="0.2"/>
        </particle>
    </workParticles>

    

    <ai>
        <areaMarkers leftNode="aiMarkerLeft" rightNode="aiMarkerRight" backNode="aiMarkerBack" />
		<sizeMarkers leftNode="sizeMarkerLeft" rightNode="sizeMarkerRight" backNode="sizeMarkerBack"/>
        <collisionTrigger node="aiCollisionTrigger" width="5.9" height="5.9" />
        <agentAttachment width="5.4" height="2.75" length="2.9" lengthOffset="-0.32"/>
		<overlap value="0"/>
		<allowTurnBackward value="false"/>
		<useAttributesOfAttachedImplement value="true"/>
        <needsLowering  value="true"/>
    </ai>

    <foliageBending>
        <bendingNode minX="-2.9" maxX="2.9" minZ="-1.55" maxZ="0.6" yOffset="0.4" />
        <bendingNode minX="-2.9" maxX="2.9" minZ="-0.12" maxZ="1.3" yOffset="-0.85" node="defoliatorArm1" />
    </foliageBending>

    <baseMaterial>
        <material name="hr12_mat" baseNode="hr12_vis">
            <shaderParameter name="colorMat0" value="HOLMER_RED1"/>
			<shaderParameter name="colorMat2" value="HOLMER_RED1"/>
        </material>
    </baseMaterial>
	
	<baseMaterialConfigurations price="0" useDefaultColors="true">
        <baseMaterialConfiguration name="$l10n_color_Holmer_Red"  color="HOLMER_RED1" />
		<baseMaterialConfiguration name="$l10n_color_GRIMME_YELLOW" 		color="GRIMME_YELLOW1" 			material="0" price="0"/>
		<baseMaterialConfiguration name="$l10n_color_LIGHT_SILVER"  	color="SHARED_WHITE2" 		material="27" price="0"/>
		<baseMaterialConfiguration name="$l10n_color_BLUSH" 		color="KOTTE_RED1" 			    material="0" price="0"/>
		<baseMaterialConfiguration name="$l10n_color_TURQUOISE" 		color="BERTHOUD_TURQUOISE1" 	material="0" price="0"/>
		<baseMaterialConfiguration name="$l10n_color_EINBOECK_GREEN" 		color="EINBOECK_GREEN1" 			material="0" price="0"/>
		<baseMaterialConfiguration name="$l10n_color_BREDAL_YELLOW" color="BREDAL_YELLOW1" 		material="0" price="0"/>
		<baseMaterialConfiguration name="$l10n_color_FENDT_ORANGE"      color="FENDT_ORANGE1"           material="0" price="0"/>
		<baseMaterialConfiguration name="$l10n_color_PLUM" 		    color="0.040 0.010 0.220"		    material="0" price="0"/>
		
		<baseMaterialConfiguration name="$l10n_color_KRONE_YELLOW" 		color="KRONE_YELLOW1" 			material="0" price="0"/>
		<baseMaterialConfiguration name="$l10n_color_SILVER" 		    color="SHARED_GREY2" 		material="27" price="0"/>
		<baseMaterialConfiguration name="$l10n_color_PEACH" 		    color="KAERCHER_RED" 			    material="0" price="0"/>
		<baseMaterialConfiguration name="$l10n_color_FARMET_BLUE" 		color="FARMET_BLUE1" 	material="0" price="0" isDefault="true"/>
		<baseMaterialConfiguration name="$l10n_color_KRONE_GREEN" 		color="KRONE_GREEN1" 			material="0" price="0"/>
		<baseMaterialConfiguration name="$l10n_color_DEUTZ_YELLOW" color="DEUTZ_YELLOW1" 		material="0" price="0"/>
		<baseMaterialConfiguration name="$l10n_color_ROTTNE_ORANGE"      color="ROTTNE_ORANGE2"           material="0" price="0"/>
		<baseMaterialConfiguration name="$l10n_color_PURPLE" 		    color="FENDT_VIOLET1"		    material="0" price="0"/>
		
		<baseMaterialConfiguration name="$l10n_color_GOLD_CHROME" 	color="KRONE_YELLOW1" 		material="2" price="0"/>
		<baseMaterialConfiguration name="$l10n_color_BLACK_CHROME" 	color="SHARED_BLACK2" 		material="2" price="0"/>
		<baseMaterialConfiguration name="$l10n_color_RED_CHROME" 	color="CASEIH_RED1" 		material="2" price="0"/>
		<baseMaterialConfiguration name="$l10n_color_BLUE_CHROME" 	color="NEWHOLLAND_BLUE1" 	material="2" price="0"/>
		<baseMaterialConfiguration name="$l10n_color_GREEN_CHROME" 	color="KRONE_GREEN1" 		material="2" price="0"/>
		<baseMaterialConfiguration name="$l10n_color_YELLOW_CHROME" color="JOHNDEERE_YELLOW1"	material="2" price="0"/>
		<baseMaterialConfiguration name="$l10n_color_ORANGE_CHROME" color="VALTRA_ORANGE1" 	    material="2" price="0"/>
		<baseMaterialConfiguration name="$l10n_color_PURPLE_CHROME" color="FENDT_VIOLET1" 		material="2" price="0"/>
		
		<baseMaterialConfiguration name="$l10n_color_GOLD_GLOSS" 	color="KRONE_YELLOW1"		material="3" price="0"/>
		<baseMaterialConfiguration name="$l10n_color_BLACK_GLOSS"  	color="SHARED_BLACK2" 		material="3" price="0"/>
		<baseMaterialConfiguration name="$l10n_color_RED_GLOSS" 	color="CASEIH_RED1" 		material="3" price="0"/>
		<baseMaterialConfiguration name="$l10n_color_BLUE_GLOSS" 	color="NEWHOLLAND_BLUE1" 	material="3" price="0"/>
		<baseMaterialConfiguration name="$l10n_color_GREEN_GLOSS"  	color="KRONE_GREEN1" 		material="3" price="0"/>
		<baseMaterialConfiguration name="$l10n_color_YELLOW_GLOSS" 	color="JOHNDEERE_YELLOW1"	material="3" price="0"/>
		<baseMaterialConfiguration name="$l10n_color_ORANGE_GLOSS" 	color="VALTRA_ORANGE1" 	    material="3" price="0"/>
		<baseMaterialConfiguration name="$l10n_color_PURPLE_GLOSS" 	color="FENDT_VIOLET1" 	    material="3" price="0"/>
		
		<baseMaterialConfiguration name="$l10n_color_GOLD_METALFLAKE" 	color="KRONE_YELLOW1"		material="9" price="0"/>
		<baseMaterialConfiguration name="$l10n_color_BLACK_METALFLAKE" 	color="SHARED_BLACK2" 		material="9" price="0"/>
		<baseMaterialConfiguration name="$l10n_color_RED_METALFLAKE" 	color="CASEIH_RED1" 		material="9" price="0"/>
		<baseMaterialConfiguration name="$l10n_color_BLUE_METALFLAKE" 	color="NEWHOLLAND_BLUE1" 	material="9" price="0"/>
		<baseMaterialConfiguration name="$l10n_color_GREEN_METALFLAKE" 	color="KRONE_GREEN1" 		material="9" price="0"/>
		<baseMaterialConfiguration name="$l10n_color_YELLOW_METALFLAKE" color="JOHNDEERE_YELLOW1"	material="9" price="0"/>
		<baseMaterialConfiguration name="$l10n_color_ORANGE_METALFLAKE" color="VALTRA_ORANGE1" 	    material="9" price="0"/>
		<baseMaterialConfiguration name="$l10n_color_PURPLE_METALFLAKE" color="FENDT_VIOLET1" 	    material="9" price="0"/>
		
		<baseMaterialConfiguration name="$l10n_color_GOLD_SATIN" 	    color="KRONE_YELLOW1"		material="27" price="0"/>
		<baseMaterialConfiguration name="$l10n_color_BLACK_SATIN" 	    color="SHARED_BLACK2" 		material="27" price="0"/>
		<baseMaterialConfiguration name="$l10n_color_RED_SATIN" 		color="CASEIH_RED1" 		material="27" price="0"/>
		<baseMaterialConfiguration name="$l10n_color_BLUE_SATIN" 	    color="NEWHOLLAND_BLUE1" 	material="27" price="0"/>
		<baseMaterialConfiguration name="$l10n_color_GREEN_SATIN" 	    color="KRONE_GREEN1" 		material="27" price="0"/>
		<baseMaterialConfiguration name="$l10n_color_YELLOW_SATIN"   	color="JOHNDEERE_YELLOW1"	material="27" price="0"/>
		<baseMaterialConfiguration name="$l10n_color_ORANGE_SATIN" 	    color="VALTRA_ORANGE1" 	    material="27" price="0"/>
		<baseMaterialConfiguration name="$l10n_color_PURPLE_SATIN" 	    color="FENDT_VIOLET1" 		material="27" price="0"/>
		
		<baseMaterialConfiguration name="$l10n_color_OLD_KRONE_YELLOW" 	color="KRONE_YELLOW1"	    material="6" price="0"/>
		<baseMaterialConfiguration name="$l10n_color_OLD_BLACK" 	    color="SHARED_BLACK2" 		material="6" price="0"/>
		<baseMaterialConfiguration name="$l10n_color_OLD_CASE_RED" 		color="CASEIH_RED1" 		material="6" price="0"/>
		<baseMaterialConfiguration name="$l10n_color_OLD_NH_BLUE" 	    color="NEWHOLLAND_BLUE1" 	material="6" price="0"/>
		<baseMaterialConfiguration name="$l10n_color_OLD_KRONE_GREEN" 	color="KRONE_GREEN1"        material="6" price="0"/>
		<baseMaterialConfiguration name="$l10n_color_OLD_JD_YELLOW"   	color="JOHNDEERE_YELLOW1"	material="6" price="0"/>
		<baseMaterialConfiguration name="$l10n_color_OLD_ORANGE" 	    color="VALTRA_ORANGE1" 	    material="6" price="0"/>
		<baseMaterialConfiguration name="$l10n_color_OLD_PURPLE" 	    color="FENDT_VIOLET1" 		material="6" price="0"/>
		
		<baseMaterialConfiguration name="$l10n_color_GOLD_CHECK" 	color="KRONE_YELLOW1"	    material="39" price="0"/>
		<baseMaterialConfiguration name="$l10n_color_BLACK_CHECK" 	    color="SHARED_BLACK2" 		material="39" price="0"/>
		<baseMaterialConfiguration name="$l10n_color_RED_CHECK" 		color="CASEIH_RED1" 		material="39" price="0"/>
		<baseMaterialConfiguration name="$l10n_color_BLUE_CHECK" 	    color="NEWHOLLAND_BLUE1" 	material="39" price="0"/>
		<baseMaterialConfiguration name="$l10n_color_JD_GREEN_CHECK" 	color="KRONE_GREEN1"        material="39" price="0"/>
		<baseMaterialConfiguration name="$l10n_color_JD_YELLOW_CHECK"   	color="JOHNDEERE_YELLOW1"	material="39" price="0"/>
		<baseMaterialConfiguration name="$l10n_color_ORANGE_CHECK" 	    color="VALTRA_ORANGE1" 	    material="39" price="0"/>
		<baseMaterialConfiguration name="$l10n_color_PURPLE_CHECK" 	    color="FENDT_VIOLET1" 		material="39" price="0"/>
		<baseMaterialConfiguration name="$l10n_color_STAINLESS_CHECK"  	color="SHARED_WHITE2" 		material="39" price="0"/>
		
		<baseMaterialConfiguration name="$l10n_color_CHROME" 		color="SHARED_WHITE2"		material="2" price="0"/>
		<baseMaterialConfiguration name="$l10n_color_STAINLESS"  	color="SHARED_WHITE2" 		material="3" price="0"  />
		<baseMaterialConfiguration name="$l10n_color_Tooth_Paste" color="HUERLIMANN_GREEN1_1" price="0"  />

        <material name="hr12_mat" shaderParameter="colorMat0"/>
        <material name="hr12_mat" shaderParameter="colorMat2"/>		
    </baseMaterialConfigurations>
	
	

    <wearable wearDuration="1000" workMultiplier="5" fieldMultiplier="2"/>
    <washable dirtDuration="90" washDuration="1" workMultiplier="6" fieldMultiplier="2"/>

    <i3dMappings>
        <i3dMapping id="hr12_main_component1" node="0>" />
        <i3dMapping id="hr12_vis" node="0>0" />
        <i3dMapping id="attacherJoint" node="0>0|0" />
		<i3dMapping id="attacherJointFront" node="0>0|0|0" />
        <i3dMapping id="workLight01" node="0>0|1|0|0" />
        <i3dMapping id="workLight02" node="0>0|1|0|1" />
        <i3dMapping id="workLight03" node="0>0|1|0|2" />
        <i3dMapping id="workLight04" node="0>0|1|0|3" />
        <i3dMapping id="workLightFrontHigh1" node="0>0|1|1" />
        <i3dMapping id="workLightFrontHigh3" node="0>0|1|2" />
        <i3dMapping id="defoliatorArm1" node="0>0|2|0" />
        <i3dMapping id="defoliatorArm2" node="0>0|2|0|0" />
        <i3dMapping id="defoliatorArm3" node="0>0|2|0|0|0" />
        <i3dMapping id="lowerArm01" node="0>0|2|0|0|0|0|0" />
        <i3dMapping id="sensingArm01" node="0>0|2|0|0|0|0|0|0" />
        <i3dMapping id="upperArm01" node="0>0|2|0|0|0|0|0|0|0" />
        <i3dMapping id="bladeArm01" node="0>0|2|0|0|0|0|0|1" />
        <i3dMapping id="lowerArm02" node="0>0|2|0|0|0|0|1" />
        <i3dMapping id="sensingArm02" node="0>0|2|0|0|0|0|1|0" />
        <i3dMapping id="upperArm02" node="0>0|2|0|0|0|0|1|0|0" />
        <i3dMapping id="bladeArm02" node="0>0|2|0|0|0|0|1|1" />
        <i3dMapping id="lowerArm03" node="0>0|2|0|0|0|0|2" />
        <i3dMapping id="sensingArm03" node="0>0|2|0|0|0|0|2|0" />
        <i3dMapping id="upperArm03" node="0>0|2|0|0|0|0|2|0|0" />
        <i3dMapping id="bladeArm03" node="0>0|2|0|0|0|0|2|1" />
        <i3dMapping id="drum" node="0>0|2|0|0|0|1" />
        <i3dMapping id="rowOrientationArm01" node="0>0|2|0|0|0|2" />
        <i3dMapping id="rowOrientationArm02" node="0>0|2|0|0|0|2|0" />
        <i3dMapping id="rowOrientationArm03" node="0>0|2|0|0|0|2|0|0" />
        <i3dMapping id="rowOrientationArm01HydraulicsRef" node="0>0|2|0|0|0|2|1" />
        <i3dMapping id="rowOrientationArm01Hydraulics" node="0>0|2|0|0|0|3" />
        <i3dMapping id="rowOrientationArm01HydraulicsPunch" node="0>0|2|0|0|0|3|0" />
        <i3dMapping id="rowOrientationArm02Ref" node="0>0|2|0|0|0|4" />
        <i3dMapping id="defoliatorArm3HydraulicsRef" node="0>0|2|0|0|0|5" />
        <i3dMapping id="streetLightLeft" node="0>0|2|0|0|0|8" />
        <i3dMapping id="streetLightRight" node="0>0|2|0|0|0|9" />
        <i3dMapping id="prepareFruitEmitter" node="0>0|2|0|0|0|10|0" />
        <i3dMapping id="defoliatorArm2HydraulicsRef" node="0>0|2|0|0|1" />
        <i3dMapping id="defoliatorArm2Hydraulics" node="0>0|2|0|1" />
        <i3dMapping id="defoliatorArm2HydraulicsPunch" node="0>0|2|0|1|0" />
        <i3dMapping id="defoliatorArm3Hydraulics" node="0>0|2|0|2" />
        <i3dMapping id="defoliatorArm3HydraulicsPunch" node="0>0|2|0|2|0" />
        <i3dMapping id="defoliatorArmHydraulicsLeftRef" node="0>0|2|0|3" />
        <i3dMapping id="defoliatorArmHydraulicsRightRef" node="0>0|2|0|4" />
        <i3dMapping id="defoliatorArmHydraulicsLeft" node="0>0|2|1" />
        <i3dMapping id="defoliatorArmHydraulicsLeftPunch" node="0>0|2|1|0" />
        <i3dMapping id="defoliatorArmHydraulicsRight" node="0>0|2|2" />
        <i3dMapping id="defoliatorArmHydraulicsRightPunch" node="0>0|2|2|0" />
        <i3dMapping id="shakingPart01Rot" node="0>0|3|0|0" />
        <i3dMapping id="shakingPart01" node="0>0|3|0|0|0" />
        <i3dMapping id="shakingPart01Arm" node="0>0|3|0|0|0|0" />
        <i3dMapping id="shakingPart01Orientation" node="0>0|3|0|0|0|0|0" />
        <i3dMapping id="shakingPart02Rot" node="0>0|3|0|1" />
        <i3dMapping id="shakingPart02" node="0>0|3|0|1|0" />
        <i3dMapping id="shakingPart02Arm" node="0>0|3|0|1|0|0" />
        <i3dMapping id="shakingPart02Orientation" node="0>0|3|0|1|0|0|0" />
        <i3dMapping id="shakingPart03Rot" node="0>0|3|0|2" />
        <i3dMapping id="shakingPart03" node="0>0|3|0|2|0" />
        <i3dMapping id="shakingPart03Arm" node="0>0|3|0|2|0|0" />
        <i3dMapping id="shakingPart03Orientation" node="0>0|3|0|2|0|0|0" />
        <i3dMapping id="shakingPart04Rot" node="0>0|3|0|3" />
        <i3dMapping id="shakingPart04" node="0>0|3|0|3|0" />
        <i3dMapping id="shakingPart04Arm" node="0>0|3|0|3|0|0" />
        <i3dMapping id="shakingPart04Orientation" node="0>0|3|0|3|0|0|0" />
        <i3dMapping id="shakingPart05Rot" node="0>0|3|0|4" />
        <i3dMapping id="shakingPart05" node="0>0|3|0|4|0" />
        <i3dMapping id="shakingPart05Arm" node="0>0|3|0|4|0|0" />
        <i3dMapping id="shakingPart05Orientation" node="0>0|3|0|4|0|0|0" />
        <i3dMapping id="shakingPart06Rot" node="0>0|3|0|5" />
        <i3dMapping id="shakingPart06" node="0>0|3|0|5|0" />
        <i3dMapping id="shakingPart06Arm" node="0>0|3|0|5|0|0" />
        <i3dMapping id="shakingPart06Orientation" node="0>0|3|0|5|0|0|0" />
        <i3dMapping id="shakingPartsRefFrame" node="0>0|3|0|6" />
        <i3dMapping id="shakingPartsRef" node="0>0|3|0|7" />
        <i3dMapping id="bigWheel" node="0>0|3|1" />
        <i3dMapping id="rotationPart01" node="0>0|3|2" />
        <i3dMapping id="rotationPart02" node="0>0|3|3" />
        <i3dMapping id="rotationPart03" node="0>0|3|4" />
        <i3dMapping id="rotationPart04" node="0>0|3|5" />
        <i3dMapping id="rotationPart05" node="0>0|3|6" />
        <i3dMapping id="rotationPart06" node="0>0|3|7" />
        <i3dMapping id="rotationPart07" node="0>0|3|8" />
        <i3dMapping id="rotationPart08" node="0>0|3|9" />
        <i3dMapping id="rotationPart09" node="0>0|3|10" />
        <i3dMapping id="paddle" node="0>0|3|11" />
        <i3dMapping id="workAreas" node="0>0|4" />
        <i3dMapping id="workAreaStart" node="0>0|4|0" />
        <i3dMapping id="workAreaWidth" node="0>0|4|1" />
        <i3dMapping id="workAreaHeight" node="0>0|4|2" />
		<i3dMapping id="workAreaStart50" node="0>0|4|3" />
        <i3dMapping id="workAreaWidth50" node="0>0|4|4" />
        <i3dMapping id="workAreaHeight50" node="0>0|4|5" />
		<i3dMapping id="workAreaStart100" node="0>0|4|6" />
        <i3dMapping id="workAreaWidth100" node="0>0|4|7" />
        <i3dMapping id="workAreaHeight100" node="0>0|4|8" />
        <i3dMapping id="aiMarkers" node="0>0|5|0" />
        <i3dMapping id="aiMarkerLeft" node="0>0|5|0|0" />
        <i3dMapping id="aiMarkerRight" node="0>0|5|0|1" />
        <i3dMapping id="aiMarkerBack" node="0>0|5|0|2" />
		<i3dMapping id="sizeMarkerLeft" node="0>0|5|2|0" />
        <i3dMapping id="sizeMarkerRight" node="0>0|5|2|1" />
        <i3dMapping id="sizeMarkerBack" node="0>0|5|2|2" />
        <i3dMapping id="aiCollisionTrigger" node="0>0|5|1" />
        <i3dMapping id="soilEmitter" node="0>0|6|0" />
        <i3dMapping id="morphMesh" node="0>0|6|1" />
        <i3dMapping id="wheels" node="0>0|9" />
        <i3dMapping id="wheelLeft" node="0>0|9|0" />
        <i3dMapping id="wheelRight" node="0>0|9|1" />
		
    </i3dMappings>
</vehicle>
