﻿<?xml version="1.0" encoding="utf-8" standalone="no" ?>
<modDesc descVersion="65">
  <author>ZoddelZockt</author>
  <version>1.0.0.1</version>
  <title>
    <de>Düngerproduktion</de>
    <en>Fertilizer Production</en>
    <fr>Production D'Engrais</fr>
  </title>
  <multiplayer supported="true"/>
  <description>
<de>
<![CDATA[Die Mod beinhaltet vier verschiedene Anlagen zur Düngerproduktion.

1. Dünger aus Gärresten - produziert Dünger aus Gärresten.

Baukosten: 55000 €
Zyklen pro Monat: 1200
Kosten pro Monat: 240 €
Kapazität:
Gärreste: 1000000 l
Dünger: 250000 l

2. Dünger aus Mist - produziert Dünger aus Mist.

Baukosten: 45000 €
Zyklen pro Monat: 1200
Kosten pro Monat: 240 €
Kapazität:
Mist: 1000000 l
Dünger: 500000 l

3. Dünger aus Mist - produziert Dünger aus Gülle.

Baukosten: 45000 €
Zyklen pro Monat: 1200
Kosten pro Monat: 240 €
Kapazität:
Mist: 1000000 l
Dünger: 500000 l

4. Flüssigdünger - produziert Flüssigdünger aus Wasser und Dünger.

Baukosten: 75000 €
Zyklen pro Monat: 1200
Kosten pro Monat: 240 €
Kapazität:
Wasser: 100000 l
Dünger: 250000 l
Flüssigdünger: 500000 l]]>
</de>
<en>
<![CDATA[The mod includes four different plants for fertilizer production.

1. fertilizer from digestate - produces fertilizer from digestate.

Construction cost: 55000 €
Cycles per month: 1200
Cost per month: 240 €
Capacity:
Digestate: 1000000 l
Fertilizer: 250000 l

2. fertilizer from manure - produces fertilizer from manure.

Construction cost: 45000 €
Cycles per month: 1200
Cost per month: 240 €
Capacity:
Manure: 1000000 l
Manure: 500000 l

3. fertilizer from manure - produces fertilizer from manure.

Construction cost: 45000 €
Cycles per month: 1200
Cost per month: 240 €
Capacity:
Manure: 1000000 l
Fertilizer: 500000 l

4. liquid fertilizer - produces liquid fertilizer from water and manure.

Construction cost: 75000 €
Cycles per month: 1200
Cost per month: 240 €
Capacity:
Water: 100000 l
Fertilizer: 250000 l
Liquid fertilizer: 500000 l]]>
</en>
<fr>
<![CDATA[Le mod comprend quatre installations différentes pour la production d'engrais.

1. engrais à partir de résidus de fermentation - produit de l'engrais à partir de résidus de fermentation.

Coût de construction : 55000 €.
Cycles par mois : 1200
Coût par mois : 240 €.
Capacité :
Digestats : 1000000 l
Engrais : 250000 l

2. engrais à partir de fumier - produit de l'engrais à partir de fumier.

Coût de construction : 45000 €.
Cycles par mois : 1200
Coût par mois : 240 €.
Capacité :
Fumier : 1000000 l
Engrais : 500000 l

3. engrais à partir de fumier - produit de l'engrais à partir de lisier.

Coût de construction : 45000 €.
Cycles par mois : 1200
Coût par mois : 240 €.
Capacité :
Fumier : 1000000 l
Engrais : 500000 l

4. engrais liquide - produit de l'engrais liquide à partir d'eau et d'engrais.

Coût de construction : 75000 €.
Cycles par mois : 1200
Coût par mois : 240 €.
Capacité :
Eau : 100000 l
Engrais : 250000 l
Engrais liquide : 500000 l]]>
</fr>
  </description>
  <l10n>
    <text name="action_turnOffWARNING">
      <de>Eckmarkierungen ausblenden</de>
      <en>Hide warning Stripes</en>
      <fr>Cacher les bandes d'avertissement</fr>
      <ru>Скрыть границы области загрузки и разгрузки</ru>
    </text>
    <text name="action_turnOnWARNING">
      <de>Eckmarkierungen einblenden</de>
      <en>Show warning Stripes</en>
      <fr>Montrer les bandes d'avertissement</fr>
      <ru>Показать границы области загрузки и разгрузки</ru>
    </text>
    <text name="action_turnOffMarking">
      <de>Triggermarkierungen ausblenden</de>
      <en>Hide trigger markers</en>
      <fr>Cacher les marqueurs de déclenchement</fr>
      <ru>Скрыть триггеры загрузки и разгрузки</ru>
    </text>
    <text name="action_turnOnMarking">
      <de>Triggermarkierungen einblenden</de>
      <en>Show trigger markers</en>
      <fr>Montrer les marqueurs de déclenchement</fr>
      <ru>Показать триггеры загрузки и разгрузки</ru>
    </text>
    <text name="action_turnOffBillboard">
      <de>Informationstafel ausblenden</de>
      <en>Hide information panel</en>
      <fr>Cacher le panneau d'information</fr>
      <ru>Скрыть информационное табло</ru>
    </text>
    <text name="action_turnOnBillboard">
      <de>Informationstafel einblenden</de>
      <en>Show information panel</en>
      <fr>Afficher le panneau d'information</fr>
      <ru>Показать информационное табло</ru>
    </text>
  </l10n>
  <iconFilename>icon.dds</iconFilename>
  <storeItems>
    <storeItem xmlFilename="xml/fertilizerDigestate.xml"/>
	<storeItem xmlFilename="xml/fertilizerManure.xml"/>
	<storeItem xmlFilename="xml/fertilizerSlury.xml"/>
	<storeItem xmlFilename="xml/liquidFertilizer.xml"/>
  </storeItems>
</modDesc>