﻿<?xml version="1.0" encoding="UTF-8"?>
<missionVehicles>

    <mission type="harvest">
        <!-- grainMission -->
        <group fieldSize="medium" variant="GRAIN">
            <vehicle filename="$data/vehicles/johnDeere/t560/t560.xml" /> <!-- combine -->
            <vehicle filename="$data/vehicles/johnDeere/header625X/header625X.xml"/> <!-- header -->
            <vehicle filename="$data/vehicles/nardi/n40bx/n40bx.xml" /> <!-- headerTrailer -->
            <vehicle filename="Fiatagri180.xml" /> <!-- tractor -->
            <vehicle filename="$data/vehicles/claas/carat/carat.xml" > <!-- trailer -->
                <configuration name="fillVolume" id="2" />
                <configuration name="fillUnit" id="2" />
            </vehicle>
        </group>
        <group fieldSize="medium" variant="GRAIN">
            <vehicle filename="$data/vehicles/newHolland/chSeries/chSeries.xml" /> <!-- combine -->
            <vehicle filename="$data/vehicles/newHolland/varifeed28/varifeed28.xml" /> <!-- header -->
            <vehicle filename="$data/vehicles/nardi/n60_30/n60_30.xml" /> <!-- headerTrailer -->
            <vehicle filename="Fiatagri180.xml" > <!-- tractor -->
                <configuration name="motor" id="3" />
                <configuration name="wheel" id="1" />
            </vehicle>
            <vehicle filename="$data/vehicles/brantner/z18051/z18051.xml" /> <!-- trailer -->
        </group>

        <group fieldSize="medium" variant="GRAIN">
            <vehicle filename="$data/vehicles/johnDeere/t560/t560.xml" /> <!-- combine -->
            <vehicle filename="$data/vehicles/johnDeere/header625X/header625X.xml"/> <!-- header -->
            <vehicle filename="$data/vehicles/nardi/n40bx/n40bx.xml" /> <!-- headerTrailer -->
            <vehicle filename="Fiatagri180.xml" /> <!-- tractor -->
            <vehicle filename="$data/vehicles/claas/carat/carat.xml" > <!-- trailer -->
                <configuration name="fillVolume" id="2" />
                <configuration name="fillUnit" id="2" />
            </vehicle>
        </group>

        <!-- sugarBeetMission -->
        <group fieldSize="medium" variant="SUGARBEET">
            <vehicle filename="$data/vehicles/ropa/panther2/panther2.xml" /> <!-- combine -->
            <vehicle filename="$data/vehicles/ropa/rr6x45/rr6x45.xml" /> <!-- header -->
            <vehicle filename="Fiatagri180.xml" > <!-- tractor -->
                <configuration name="motor" id="2" />
            </vehicle>
            <vehicle filename="$data/vehicles/fliegl/tmk273/tmk273.xml" /> <!-- trailer -->
        </group>
        <group fieldSize="medium" variant="SUGARBEET">
            <vehicle filename="$data/vehicles/ropa/panther2/panther2.xml" /> <!-- combine -->
            <vehicle filename="$data/vehicles/ropa/rr6x45/rr6x45.xml" /> <!-- header -->
            <vehicle filename="Fiatagri180.xml" /> <!-- tractor -->
            <vehicle filename="$data/vehicles/fliegl/tmk273/tmk273.xml" /> <!-- trailer -->
        </group>

        <!-- maizeMission -->
        <group fieldSize="medium" variant="MAIZE">
            <vehicle filename="$data/vehicles/newHolland/chSeries/chSeries.xml" /> <!-- combine -->
            <vehicle filename="$data/vehicles/capello/diamant8/diamant8.xml" /> <!-- header -->
            <vehicle filename="Fiatagri180.xml" /> <!-- tractor -->
            <vehicle filename="$data/vehicles/brantner/ta23065/ta23065.xml" /> <!-- trailer -->
        </group>
        <group fieldSize="medium" variant="MAIZE">
            <vehicle filename="$data/vehicles/newHolland/chSeries/chSeries.xml" /> <!-- combine -->
            <vehicle filename="$data/vehicles/newHolland/cr980_830/cr980_830.xml"/> <!-- header -->
            <vehicle filename="$data/vehicles/nardi/n20T/n20T.xml" /> <!-- headerTrailer -->
            <vehicle filename="Fiatagri180.xml" /> <!-- tractor -->
            <vehicle filename="$data/vehicles/claas/carat/carat.xml" > <!-- trailer -->
                <configuration name="fillVolume" id="2" />
                <configuration name="fillUnit" id="2" />
            </vehicle>
        </group>
 
        <!-- potatoMission -->
        <group fieldSize="medium" variant="POTATO">
            <vehicle filename="$data/vehicles/grimme/ventor4150/ventor4150.xml" /> <!-- combine -->
            <vehicle filename="Fiatagri180.xml" > <!-- tractor -->
                <configuration name="motor" id="1" />
            </vehicle>
            <vehicle filename="$data/vehicles/brantner/ta23065/ta23065.xml" /> <!-- trailer -->
        </group>
        <group fieldSize="medium" variant="POTATO">
            <vehicle filename="$data/vehicles/grimme/ventor4150/ventor4150.xml" /> <!-- combine -->
            <vehicle filename="Fiatagri180.xml" > <!-- tractor -->
                <configuration name="motor" id="1" />
            </vehicle>
            <vehicle filename="$data/vehicles/brantner/ta23065/ta23065.xml" /> <!-- trailer -->
        </group>
    </mission>

    <mission type="plow">
        <group fieldSize="medium">
            <vehicle filename="Fiatagri180.xml" > <!-- tractor -->
                <configuration name="motor" id="3" />
            </vehicle>
            <vehicle filename="$data/vehicles/kverneland/ecomat/ecomat.xml" /> <!-- plow -->
            <vehicle filename="$data/vehicles/tenwinkel/weight1500/weight1500.xml" /> <!-- weight -->
        </group>
        <group fieldSize="medium">
            <vehicle filename="Fiatagri180.xml" /> <!-- tractor -->
            <vehicle filename="$data/vehicles/kverneland/ecomat/ecomat.xml" /> <!-- plow -->
            <vehicle filename="$data/vehicles/agco/weight1500/weight1500.xml" /> <!-- weight -->
        </group>
        <group fieldSize="medium">
            <vehicle filename="Fiatagri180.xml" > <!-- tractor -->
                <configuration name="motor" id="2" />
            </vehicle>
            <vehicle filename="$data/vehicles/kverneland/ecomat/ecomat.xml" /> <!-- plow -->
            <vehicle filename="$data/vehicles/tenwinkel/weight1500/weight1500.xml" /> <!-- weight -->
        </group>
        <group fieldSize="large">
            <vehicle filename="Fiatagri180.xml" > <!-- tractor -->
                <configuration name="motor" id="2" />
            </vehicle>
            <vehicle filename="$data/vehicles/kverneland/pw10012/pw10012.xml" /> <!-- plow -->
        </group>
    </mission>

    <mission type="sow">
    <!-- grainMission -->
        <group fieldSize="medium" variant="GRAIN">
            <vehicle filename="Fiatagri180.xml" > <!-- tractor -->
                <configuration name="motor" id="2" />
                <configuration name="wheel" id="3" />
            </vehicle>
            <vehicle filename="$data/vehicles/poettinger/terrasemC6F/terrasemC6F.xml" /> <!-- seeder -->
        </group>
    <!-- maizeMission -->
        <group fieldSize="small" variant="MAIZE">
            <vehicle filename="Fiatagri180.xml" > <!-- tractor -->
                <configuration name="motor" id="1" />
            </vehicle>
            <vehicle filename="$data/vehicles/amazone/precea4500/precea4500.xml" /> <!-- seeder -->
            <vehicle filename="$data/vehicles/tenwinkel/weight600/weight600.xml" /> <!-- weight -->
        </group>
        <group fieldSize="medium" variant="MAIZE">
            <vehicle filename="Fiatagri180.xml" > <!-- tractor -->
                <configuration name="motor" id="2" />
            </vehicle>
            <vehicle filename="$data/vehicles/kuhn/maxima3TIL/maxima3TIL.xml" /> <!-- seeder -->
            <vehicle filename="$data/vehicles/tenwinkel/weight600/weight600.xml" /> <!-- weight -->
        </group>

    <!-- sugarBeetMission -->
        <group fieldSize="small" variant="SUGARBEET">
            <vehicle filename="Fiatagri180.xml" > <!-- tractor -->
                <configuration name="motor" id="1" />
            </vehicle>
            <vehicle filename="$data/vehicles/amazone/precea4500/precea4500.xml" /> <!-- seeder -->
            <vehicle filename="$data/vehicles/tenwinkel/weight600/weight600.xml" /> <!-- weight -->
        </group>
        <group fieldSize="small" variant="SUGARBEET">
            <vehicle filename="Fiatagri180.xml" > <!-- tractor -->
                <configuration name="motor" id="1" />
            </vehicle>
            <vehicle filename="$data/vehicles/amazone/precea4500/precea4500.xml" /> <!-- seeder -->
            <vehicle filename="$data/vehicles/amazone/tPackU/tPackU.xml" /> <!-- weight -->
        </group>
        <group fieldSize="medium" variant="SUGARBEET">
            <vehicle filename="Fiatagri180.xml" > <!-- tractor -->
                <configuration name="motor" id="2" />
                <configuration name="wheel" id="3" />
            </vehicle>
            <vehicle filename="$data/vehicles/lemken/azurit9/azurit9.xml" /> <!-- seeder -->
            <vehicle filename="$data/vehicles/lemken/solitair23/solitair23.xml"/> <!-- tank -->
        </group>
        <group fieldSize="medium" variant="SUGARBEET">
            <vehicle filename="Fiatagri180.xml" > <!-- tractor -->
                <configuration name="wheel" id="2" />
            </vehicle>
            <vehicle filename="$data/vehicles/kverneland/optimaRS9m/optimaRS9m.xml" /> <!-- seeder -->
            <vehicle filename="$data/vehicles/tenwinkel/weight1500/weight1500.xml"/> <!-- tank -->
        </group>
        <group fieldSize="medium" variant="MAIZE">
            <vehicle filename="Fiatagri180.xml" > <!-- tractor -->
                <configuration name="motor" id="3" />
            </vehicle>
            <vehicle filename="$data/vehicles/kuhn/maxima3TIL/maxima3TIL.xml" /> <!-- seeder -->
            <vehicle filename="$data/vehicles/tenwinkel/weight600/weight600.xml" /> <!-- weight -->
        </group>

    <!-- potatoMission -->
        <group fieldSize="medium" variant="POTATO">
            <vehicle filename="Fiatagri180.xml" > <!-- tractor -->
                <configuration name="motor" id="3" />
            </vehicle>
            <vehicle filename="$data/vehicles/grimme/gl860/gl860.xml" /> <!-- seeder -->
            <vehicle filename="$data/vehicles/claas/w900/w900.xml" /> <!-- weight -->
        </group>
        <group fieldSize="medium" variant="POTATO">
            <vehicle filename="Fiatagri180.xml" > <!-- tractor -->
                <configuration name="motor" id="1" />
            </vehicle>
            <vehicle filename="$data/vehicles/grimme/gl860/gl860.xml" /> <!-- seeder -->
            <vehicle filename="$data/vehicles/claas/w900/w900.xml" /> <!-- weight -->
        </group>
    </mission>
    <mission type="cultivate">
        <group fieldSize="small">
            <vehicle filename="Fiatagri180.xml" > <!-- tractor -->
                <configuration name="motor" id="1" />
            </vehicle>
            <vehicle filename="$data/vehicles/horsch/terrano3FX/terrano3FX.xml" /> <!-- cultivator -->
            <vehicle filename="$data/vehicles/johnDeere/pickUp900/pickUp900.xml" /> <!-- weight -->
        </group>
        <group fieldSize="small">
            <vehicle filename="Fiatagri180.xml" > <!-- tractor -->
                <configuration name="motor" id="2" />
            </vehicle>
            <vehicle filename="$data/vehicles/lemken/smaragd9_500k/smaragd9_500k.xml" /> <!-- cultivator -->
            <vehicle filename="$data/vehicles/tenwinkel/weight1000/weight1000.xml" /> <!-- weight -->
        </group>
        <group fieldSize="medium">
            <vehicle filename="Fiatagri180.xml" > <!-- tractor -->
                <configuration name="motor" id="2" />
            </vehicle>
            <vehicle filename="$data/vehicles/koeckerling/allrounderFlatline600/allrounderFlatline600.xml" /> <!-- cultivator -->
        </group>
        <group fieldSize="medium">
            <vehicle filename="Fiatagri180.xml" > <!-- tractor -->
                <configuration name="motor" id="3" />
            </vehicle>
            <vehicle filename="$data/vehicles/lemken/karat12/karat12.xml" /> <!-- cultivator -->
        </group>
    </mission>

</missionVehicles>