﻿<?xml version="1.0" encoding="utf-8" standalone="no"?>
<modDesc descVersion="75">
    <author>Peppe978</author>
    <version>1.0.1.0</version>
    <title>
        <en>Fiatagri 180-90</en>
    </title>
	<description>
<en>
<![CDATA[Fiatagri tractor 180.90 - Tank capacity 280 liters - Engine 6 cylinders turbo - Displacement 8102 - Power (HP): 180 hp - Weight 7.750 Kg - Length 4.55m - Height 2.85m.
Price: 33500 $
Power: 180hp/132kW
Note: use the cover animation to open the door.

Extra configurations:
- Front lift;
- All brands wheels;
- Custom wheels;
- Beacon Lights;
- Chromed exhaust;

Changelog 1.0.1.0:
- Missions added
- Fix textures
- Improve sounds

Changelog 1.0.0.2:
- Speed ratio corrections
- Minor fixes
- Added Italian custom license plate

Changelog 1.0.0.1:
Fix Front loader configuration]]></en>
<de>
<![CDATA[Fiatagri Traktor 180.90 - Tankinhalt 280 Liter, Motor 6 Zylinder Turbo, Verdrängung 8102, Leistung (PS): 180 PS, Gewicht 7.750 Kg, - Länge 4,55 m, - Höhe 2,85 m

Preis: 33500 €
Leistung: 180PS/132kW
Hinweis: Verwende die Abdeckanimation, um die Tür zu öffnen.

Zusätzliche Konfigurationen:
- Fronthydraulik;
- Alle Markenreifen;
- Kundenspezifische Räder;
- Rundumleuchten;
- Verchromter Auspuff;

Changelog 1.0.1.0:
- Missionen hinzugefügt
- Texturen korrigiert
- Klänge verbessern

Changelog 1.0.0.2:
- Geschwindigkeitsverhältnis angepasst
- Kleinere Korrekturen
- Italienisches Nummernschild hinzugefügt

Changelog 1.0.0.1:
Frontlader-Konfiguration gefixt]]></de>
<fr>
<![CDATA[Tracteur Fiatagri 180.90 - Capacité du réservoir 280 litres - Moteur 6 cylindres turbo - Cylindrée 8102 - Puissance (CV): 180 CV - Poids 7.750 Kg - Longueur 4.55m - Hauteur 2.85m.

Prix: 33500 €
Puissance : 180ch/132kW
Remarque: utilisez l'animation du couvercle pour ouvrir la porte.

Configurations supplémentaires:
- Relevage avant;
- Roues de toutes marques;
- Roues personnalisées;
- Feux clignotants;
- Échappement chromé;

Changelog 1.0.1.0 :
- Missions ajoutées
- Correction des textures
- Amélioration des sons

Changelog 1.0.0.2:
- Speed ratio corrections
- Minor fix
- Added Italian custom license plate

Changelog 1.0.0.1:
Correction de la configuration du chargeur frontal]]></fr>
<it>
<![CDATA[Trattore Fiatagri 180.90 - Capacità serbatoio 280 litri - Motore 6 cilindri turbo - Cilindrata 8102 - Potenza(HP): 180 cv - Peso 7.750 Kg - Lunghezza 4,55m - Altezza 2,85 m.

Prezzo: 33500 €
Potenza: 180cv/132kW
Note: utilizzare l'animazione cover per aprire la porta.

Configurazioni extra:
- Sollevatore anteriore;
- Ruote di tutte le marche;
- Ruote personalizzate;
- Luci lampeggianti;
- Marmitta cromata;

Changelog 1.0.1.0:
- Missioni aggiunte
- Correzioni textures
- Souni migliorati

ChangeLog 1.0.0.2:
- correzioni dei rapporti di velocità
- Correzioni minori
- Aggiunta targa personalizzata italiana

ChangeLog 1.0.0.1:
- Fix Configurazione caricatore frontale]]></it>
	</description>

    <iconFilename>icon_Fiatagri180.png</iconFilename>
    <multiplayer supported="true"/>
	
    <vehicleTypes>
		<type name="Fiatagri180" parent="baseDrivable" className="Vehicle" filename="$dataS/scripts/vehicles/Vehicle.lua">
			<specialization name="cover" />
		</type>		
    </vehicleTypes>
	
	<l10n>
		<text name="Lift"><en>Front Linkage</en><it>Sollevatore Anteriore</it><de>Frontkraftheber</de><fr>Attelage avant</fr></text>Frontkraftheber
		<text name="close"><en>Close door</en><de>Tür schließen</de><fr>Ferme la porte</fr><it>Chiudi porta</it></text>
		<text name="open"><en>Open door</en><de>Tür öffnen</de><fr>Porte ouverte</fr><it>Apri porta</it></text>
		<text name="Filtro_Lungo"><en>Long Pre-Filter</en><it>Pre-Filtro Lungo</it><de>Langer Vorfilter</de><fr>Pré-filtre long</fr></text>
		<text name="Filtro_Corto"><en>Short Pre-Filter</en><it>Pre-Filtro Corto</it><de>Kurzer Vorfilter</de><fr>Pré-filtre court</fr> </text>
		<text name="PipeLow"><en>Short Pre-Filter+Pipe</en><it>Pre-Filtro Corto+Pipe</it><de>Kurzer Vorfilter+Verchromtes Rohr</de><fr>Pré-filtre court+Pipe</fr> </text>
		<text name="Braccetti_sollevatore"><en>Lifting arms</en><it>Braccetti sollevatore</it><de>Hubarme</de><fr>Bras de levage</fr></text>
		<text name="Sollevatore_Idraulico"><en>Hydraulic Pistons</en><it>Pistoni Idraulici</it><de>Hydraulikzylinder Heckhydraulik</de><fr>Pistons hydrauliques</fr></text>
		<text name="FenderBack"><en>Rear Mudguards</en><de>Hintere Kotflügel</de><it>Parafanghi Posteriori</it><fr>Garde-boue arrière</fr></text>
		<text name="FrontWeight_FenderBack"><en>Weight+Rear Mudguards</en><de>Gewicht+Hintere Kotflügel</de><it>Zavorra+Parafanghi Posteriori</it><fr>Poids+Garde-boue arrière</fr></text>
		<text name="PAVT_Back"><en>Variable rear track</en><de>Var. Spurweite hinten</de><it>Var. Posteriore</it><fr>Var. voie arrière</fr></text>
		<text name="PAVT"><en>Variable total</en><de>var. komplett</de><it>Var. completa</it><fr>Var. complète</fr></text>
		<text name="PAVT_BackWheelBroad"><en>Var. Rear+Wide tires</en><de>Var. Hinterrad+Breite Reifen</de><it>Var. Posteriore+Gomme larghe</it><fr>Var. arrière+Pneus larges</fr></text>
		<text name="PAVTWheelBroad"><en>Var. total+Wide tires</en><de>Var komplett+Breitreifen</de><it>Var. completa+Gomme larghe</it><fr>Var. total+Pneus larges</fr></text>
		<text name="XLWheelBroad"><en>Big XL Tyres</en><de>Big XL-Reifen</de><it>Gomme Big XL</it><fr>Pneus Big XL</fr></text>
		<text name="SingleBeacon"><en>Single Beacon</en><de>Einzelne RUL</de><it>Lampeggiante Singolo</it><fr>Balise unique</fr></text>
		<text name="DoubleBeacon"><en>Double Beacon</en><de>Doppelte RUL</de><it>Lampeggiante Doppio</it><fr>Balise double</fr></text>
		<text name="Beacon_Lights"><en>Beacon Lights</en><de>Rundumleuchten</de><it>Lampeggianti</it><fr>Balises</fr></text>
		<text name="configLicensePlate"><en>Configuration license plate</en><de>Nummernschild-Konfiguration</de><it>Configurazione targa</it></text>Konfiguration der Nummernschilder
		<text name="oldItaly"><en>90s license plate</en><de>90er Nummernschild</de><fr>Plaques d'immatriculation années 90</fr><it>Targa anni 90</it></text>
	</l10n>
	
    <storeItems>
		<storeItem xmlFilename="Fiatagri180.xml" rootNode="vehicle"/>
    </storeItems>
	
	<missionVehicles filename="missionVehiclesFiat180.xml" />

    <brands>
        <brand name="FIATAGRI" title="Fiatagri" image="brand_fiatagri.dds"/>
    </brands>
</modDesc>