﻿<?xml version="1.0" encoding="utf-8" standalone="no"?>
<vehicle type="livestockTrailer" xmlns:xsi="http://www.w3.org/2001/XMLSchema-instance" xsi:noNamespaceSchemaLocation="https://validation.gdn.giants-software.com/xml/fs22/vehicle.xsd">
    <annotation>Copyright (C) Vanquish081, All Rights Reserved.</annotation>
    <storeData>
        <name>
            <en>LS-35</en>
		</name>
        <storePacks>
            <storePack>STARTER_ANIMALS</storePack>
        </storePacks>
        <functions>
            <function>$l10n_function_livestockTrailer</function>
            <function>$l10n_capacityLS35</function>
        </functions>
        <image>store_LS35.png</image>
        <price>28500</price>
        <lifetime>600</lifetime>
        <rotation>0</rotation>
        <brand>LIZARD</brand>
        <category>animalTransport</category>
        <vertexBufferMemoryUsage>241152</vertexBufferMemoryUsage>
        <indexBufferMemoryUsage>30464</indexBufferMemoryUsage>
        <textureMemoryUsage>983040</textureMemoryUsage>
        <audioMemoryUsage>0</audioMemoryUsage>
        <instanceVertexBufferMemoryUsage>0</instanceVertexBufferMemoryUsage>
        <instanceIndexBufferMemoryUsage>0</instanceIndexBufferMemoryUsage>
    </storeData>
	
    <base>
        <typeDesc>$l10n_typeDesc_livestockTrailer</typeDesc>
        <filename>LS_35.i3d</filename>
        <size width="2.7" length="7.7" lengthOffset="0.3"/>
        <components>
            <component centerOfMass="0 0.2 0" solverIterationCount="10" mass="6900"/>
        </components>
        <schemaOverlay name="IMPLEMENT" attacherJointPosition="0 0"/>
    </base>
	
    <wheels>
        <wheelConfigurations>
            <wheelConfiguration>
                <wheels autoRotateBackSpeed="2.0">
                    <wheel>
                        <physics tipOcclusionAreaGroupId="1" restLoad="1.0" repr="wheelLeft" radius="0.085" width="0.5" mass="0.02" initialCompression="50" suspTravel="0.05" spring="300" damper="100" frictionScale="0.8"/>
                    </wheel>
                    <wheel>
                        <physics tipOcclusionAreaGroupId="1" restLoad="1.0" repr="wheelRight" radius="0.085" width="0.5" mass="0.02" initialCompression="50" suspTravel="0.05" spring="300" damper="100" frictionScale="0.8"/>
                    </wheel>
                </wheels>
            </wheelConfiguration>
        </wheelConfigurations>
    </wheels>
	
    <attachable>
        <inputAttacherJoints>
            <inputAttacherJoint node="attacherJoint" jointType="hookLift" allowsJointRotLimitMovement="false" forceSelectionOnAttach="false" upperRotationOffset="0"/>
        </inputAttacherJoints>
    </attachable>
	
    <lights>
        <sharedLight linkNode="front01" filename="$data/shared/assets/lights/lizard/frontLight02.xml"/>
        <sharedLight linkNode="front02" filename="$data/shared/assets/lights/lizard/frontLight02.xml"/>
        <sharedLight linkNode="front03" filename="$data/shared/assets/lights/lizard/frontLight06White.xml"/>
        <sharedLight linkNode="front04" filename="$data/shared/assets/lights/lizard/frontLight06White.xml"/>
        <sharedLight linkNode="rabo01" filename="$data/shared/assets/lights/lizard/rearLight22White.xml"/>
        <sharedLight linkNode="rabo02" filename="$data/shared/assets/lights/lizard/rearLight22White.xml"/>
        <sharedLight linkNode="rabo01.1" filename="$data/shared/assets/lights/lizard/rearLight22Red.xml"/>
        <sharedLight linkNode="rabo02.1" filename="$data/shared/assets/lights/lizard/rearLight22Red.xml"/>
        <sharedLight linkNode="L01" filename="$data/shared/assets/lights/lizard/rearLight23Orange_left.xml"/>
        <sharedLight linkNode="L02" filename="$data/shared/assets/lights/lizard/rearLight23Orange_left.xml"/>
        <sharedLight linkNode="L03" filename="$data/shared/assets/lights/lizard/rearLight23Orange_left.xml"/>
        <sharedLight linkNode="L04" filename="$data/shared/assets/lights/lizard/rearLight23Orange_left.xml"/>
        <sharedLight linkNode="L05" filename="$data/shared/assets/lights/lizard/rearLight23Orange_left.xml"/>
        <sharedLight linkNode="R01" filename="$data/shared/assets/lights/lizard/rearLight23Orange_right.xml"/>
        <sharedLight linkNode="R02" filename="$data/shared/assets/lights/lizard/rearLight23Orange_right.xml"/>
        <sharedLight linkNode="R03" filename="$data/shared/assets/lights/lizard/rearLight23Orange_right.xml"/>
        <sharedLight linkNode="R04" filename="$data/shared/assets/lights/lizard/rearLight23Orange_right.xml"/>
        <sharedLight linkNode="R05" filename="$data/shared/assets/lights/lizard/rearLight23Orange_right.xml"/>
        <sharedLight linkNode="L06" filename="$data/shared/assets/lights/lizard/rearLight23Orange.xml"/>
        <sharedLight linkNode="L07" filename="$data/shared/assets/lights/lizard/rearLight23Orange.xml"/>
        <sharedLight linkNode="L08" filename="$data/shared/assets/lights/lizard/rearLight23Orange.xml"/>
        <sharedLight linkNode="L09" filename="$data/shared/assets/lights/lizard/rearLight23Orange.xml"/>
        <sharedLight linkNode="L10" filename="$data/shared/assets/lights/lizard/rearLight23Orange.xml"/>
        <sharedLight linkNode="R06" filename="$data/shared/assets/lights/lizard/rearLight23Orange.xml"/>
        <sharedLight linkNode="R07" filename="$data/shared/assets/lights/lizard/rearLight23Orange.xml"/>
        <sharedLight linkNode="R08" filename="$data/shared/assets/lights/lizard/rearLight23Orange.xml"/>
        <sharedLight linkNode="R09" filename="$data/shared/assets/lights/lizard/rearLight23Orange.xml"/>
        <sharedLight linkNode="R10" filename="$data/shared/assets/lights/lizard/rearLight23Orange.xml"/>
        <sharedLight linkNode="Reflfront01" filename="$data/shared/assets/reflectors/lizard/redRectangle_01.xml"/>
        <sharedLight linkNode="Reflfront02" filename="$data/shared/assets/reflectors/lizard/whiteRectangle_01.xml"/>
        <sharedLight linkNode="Reflfront03" filename="$data/shared/assets/reflectors/lizard/redRectangle_01.xml"/>
        <sharedLight linkNode="Reflfront04" filename="$data/shared/assets/reflectors/lizard/redRectangle_01.xml"/>
        <sharedLight linkNode="Reflfront05" filename="$data/shared/assets/reflectors/lizard/whiteRectangle_01.xml"/>
        <sharedLight linkNode="Reflfront06" filename="$data/shared/assets/reflectors/lizard/redRectangle_01.xml"/>
        <sharedLight linkNode="Reflfront07" filename="$data/shared/assets/reflectors/lizard/redRectangle_01.xml"/>
        <sharedLight linkNode="Reflfront08" filename="$data/shared/assets/reflectors/lizard/whiteRectangle_01.xml"/>
        <sharedLight linkNode="Reflfront09" filename="$data/shared/assets/reflectors/lizard/redRectangle_01.xml"/>
        <sharedLight linkNode="Reflfront10" filename="$data/shared/assets/reflectors/lizard/redRectangle_01.xml"/>
        <sharedLight linkNode="Reflfront11" filename="$data/shared/assets/reflectors/lizard/whiteRectangle_01.xml"/>
        <sharedLight linkNode="Reflback01" filename="$data/shared/assets/reflectors/lizard/redRectangle_01.xml"/>
        <sharedLight linkNode="Reflback02" filename="$data/shared/assets/reflectors/lizard/whiteRectangle_01.xml"/>
        <sharedLight linkNode="Reflback03" filename="$data/shared/assets/reflectors/lizard/redRectangle_01.xml"/>
        <sharedLight linkNode="Reflback04" filename="$data/shared/assets/reflectors/lizard/redRectangle_01.xml"/>
        <sharedLight linkNode="Reflback05" filename="$data/shared/assets/reflectors/lizard/whiteRectangle_01.xml"/>
        <sharedLight linkNode="Reflback06" filename="$data/shared/assets/reflectors/lizard/redRectangle_01.xml"/>
    </lights>
	
    <livestockTrailer>
        <animal type="sheep"	node="sheepSlots"	numSlots="15"/>
        <animal type="pig"		node="pigSlots"		numSlots="13"/>
        <animal type="cow"		node="cowSlots"		numSlots="4"/>
        <animal type="horse"	node="horseSlots"	numSlots="9"/>
        <animal type="chicken"	node="chickSlots"	numSlots="184" />
    </livestockTrailer>

    <designConfigurations>
        <designConfiguration name="$l10n_configuration_valueDefault" price="0">
            <objectChange node="cowSlots"    visibilityActive="true" visibilityInactive="false"/>
            <objectChange node="pigSlots"	 visibilityActive="true" visibilityInactive="false"/>
            <objectChange node="sheepSlots"  visibilityActive="true" visibilityInactive="false"/>
            <objectChange node="horseSlots"  visibilityActive="true" visibilityInactive="false"/>
        </designConfiguration>
        <designConfiguration name="$l10n_ui_statisticView_chicken" price="1000">
            <objectChange node="chickSlots" 	visibilityActive="true" visibilityInactive="false"/>
            <objectChange node="designChicken"  visibilityActive="true" visibilityInactive="false"/>
        </designConfiguration>
    </designConfigurations>

    <foliageBending>
        <bendingNode minX="-1.35" maxX="1.35" minZ="-3.62" maxZ="4.1" yOffset="0.1"/>
    </foliageBending>
	
    <ai>
        <agent width="2.6" length="8" height="3.6" lengthOffset="2.9" frontOffset="5.61" />
        <agentAttachment jointNode="attacherJoint" rotCenterWheelIndices="1 2" width="3" height="3" length="8" lengthOffset="1"/>
        <collisionTrigger node="attacherJoint" width="3.0" height="3.6"/>
    </ai>

    <baseMaterial>
        <material name="LS35_mat" baseNode="LS35_vis">
            <shaderParameter name="colorMat0" value="KUHN_WHITE1"/>
        </material>
    </baseMaterial>
	
    <baseMaterialConfigurations price="1500" useDefaultColors="true" defaultColorIndex="0">
		<baseMaterialConfiguration name="$l10n_Kuhn_White" value="KUHN_WHITE1" material="0"	price="0"/>
		<material name="LS35_mat" shaderParameter="colorMat0"/>
    </baseMaterialConfigurations>
	
    <wearable wearDuration="480" workMultiplier="5" fieldMultiplier="2"/>
    <washable dirtDuration="90" washDuration="1" workMultiplier="3" fieldMultiplier="2"/>
	
    <tipOccluder>
        <occlusionArea start="start" width="width" height="height"/>
    </tipOccluder>
	
    <i3dMappings>
        <i3dMapping id="wheelLeft" node="0>0"/>
        <i3dMapping id="wheelRight" node="0>1"/>
        <i3dMapping id="attacherJoint" node="0>2"/>
        <i3dMapping id="LS35_vis" node="0>3|0"/>
        <i3dMapping id="sheepSlots" node="0>4|0"/>
        <i3dMapping id="pigSlots" node="0>4|1"/>
        <i3dMapping id="cowSlots" node="0>4|2"/>
        <i3dMapping id="horseSlots" node="0>4|3"/>
        <i3dMapping id="chickSlots" node="0>4|4"/>
        <i3dMapping id="start" node="0>5|0"/>
        <i3dMapping id="width" node="0>5|1"/>
        <i3dMapping id="height" node="0>5|2"/>
        <i3dMapping id="front01" node="0>6|0"/>
        <i3dMapping id="front02" node="0>6|1"/>
        <i3dMapping id="front03" node="0>6|2"/>
        <i3dMapping id="front04" node="0>6|3"/>
        <i3dMapping id="rabo01" node="0>6|4"/>
        <i3dMapping id="rabo02" node="0>6|5"/>
        <i3dMapping id="rabo01.1" node="0>6|6"/>
        <i3dMapping id="rabo02.1" node="0>6|7"/>
        <i3dMapping id="L01" node="0>6|8"/>
        <i3dMapping id="L02" node="0>6|9"/>
        <i3dMapping id="L03" node="0>6|10"/>
        <i3dMapping id="L04" node="0>6|11"/>
        <i3dMapping id="L05" node="0>6|12"/>
        <i3dMapping id="R01" node="0>6|13"/>
        <i3dMapping id="R02" node="0>6|14"/>
        <i3dMapping id="R03" node="0>6|15"/>
        <i3dMapping id="R04" node="0>6|16"/>
        <i3dMapping id="R05" node="0>6|17"/>
        <i3dMapping id="L06" node="0>6|18"/>
        <i3dMapping id="L07" node="0>6|19"/>
        <i3dMapping id="L08" node="0>6|20"/>
        <i3dMapping id="L09" node="0>6|21"/>
        <i3dMapping id="L10" node="0>6|22"/>
        <i3dMapping id="R06" node="0>6|23"/>
        <i3dMapping id="R07" node="0>6|24"/>
        <i3dMapping id="R08" node="0>6|25"/>
        <i3dMapping id="R09" node="0>6|26"/>
        <i3dMapping id="R10" node="0>6|27"/>
        <i3dMapping id="Reflfront01" node="0>7|0"/>
        <i3dMapping id="Reflfront02" node="0>7|1"/>
        <i3dMapping id="Reflfront03" node="0>7|2"/>
        <i3dMapping id="Reflfront04" node="0>7|3"/>
        <i3dMapping id="Reflfront05" node="0>7|4"/>
        <i3dMapping id="Reflfront06" node="0>7|5"/>
        <i3dMapping id="Reflfront07" node="0>7|6"/>
        <i3dMapping id="Reflfront08" node="0>7|7"/>
        <i3dMapping id="Reflfront09" node="0>7|8"/>
        <i3dMapping id="Reflfront10" node="0>7|9"/>
        <i3dMapping id="Reflfront11" node="0>7|10"/>
        <i3dMapping id="Reflback01" node="0>7|11"/>
        <i3dMapping id="Reflback02" node="0>7|12"/>
        <i3dMapping id="Reflback03" node="0>7|13"/>
        <i3dMapping id="Reflback04" node="0>7|14"/>
        <i3dMapping id="Reflback05" node="0>7|15"/>
        <i3dMapping id="Reflback06" node="0>7|16"/>
        <i3dMapping id="designChicken" node="0>8"/>
    </i3dMappings>
</vehicle>
