﻿<?xml version="1.0" encoding="utf-8" standalone="no"?>
<modDesc descVersion="73">
    <author>Vanquish081</author>
    <version>1.0.0.0</version>
    <title>
<en>Lizard LS-35</en>
    </title>
<description>
<en><![CDATA[Hooklift for cattle with the next capacity:

Capacity:
- 9 Horses
- 15 Sheeps
- 13 Pigs
- 4 Cows
- 184 Chickens

- Price: 28.500 $
- Color configuration]]></en>
<de><![CDATA[Hakenlift für Tiere mit folgenden Daten:

Kapazität:
- 9 Pferd
- 15 Schafe
- 13 Schweine
- 4 Kühe
- 184 Hühner

- Preis: 28.500 €
- Farbekonfiguration]]></de>
<es><![CDATA[Remolque de gancho para ganado con la siguiente capacidad:

Capacidad:
- 9 Caballos
- 15 Ovejas
- 13 Cerdos
- 4 Vacas
- 184 Gallinas

- Precio: 28.500 €
- Selección de color.]]></es>
</description>
	
    <iconFilename>icon_LS_35.dds</iconFilename>
    <multiplayer supported="true"/>
	
	<l10n>
		<text name="Kuhn_White">
			<en>Ivory White</en>
			<de>elfenbeinweiß</de>
			<es>Blanco Marfil</es>
		</text>
        <text name="capacityLS35">
            <en>Can load 15 sheeps, 13 pigs, 9 horses, 4 cows and 184 chickens.</en>
            <de>Kann 15 Schafe, 13 Schweine, 9 Pferd, 4 Kühe laden und 184 Hühner.</de>
            <es>Puede cargar 15 ovejas, 13 cerdos, 9 caballos, 4 vacas y 184 gallinas.</es>
        </text>
	</l10n>
	
    <storeItems>
        <storeItem xmlFilename="LS_35.xml"/>
    </storeItems>

</modDesc>
