<?xml version="1.0" encoding="utf-8" standalone="no" ?>
<placeable type="simplePlaceable" xmlns:xsi="http://www.w3.org/2001/XMLSchema-instance" xsi:noNamespaceSchemaLocation="../../../../../shared/xml/schema/placeable.xsd">
    <storeData>
        <name>$l10n_shopItem_floodLight05</name>
        <functions>
            <function>$l10n_function_floodLight</function>
        </functions>
        <image>$data/placeables/lizard/floodLights/level05/store_floodLight05.png</image>
        <price>1500</price>
        <dailyUpkeep>0</dailyUpkeep>
        <lifetime>1000</lifetime>
        <rotation>0</rotation>
        <brand>NONE</brand>
        <species>placeable</species>
        <category>floodLighting</category>
        <canBeSold>true</canBeSold>
        <showInStore>true</showInStore>

        <brush>
            <type>placeable</type>
            <category>decoration</category>
            <tab>lights</tab>
        </brush>
        <audioMemoryUsage>0</audioMemoryUsage>
        <vertexBufferMemoryUsage>209152</vertexBufferMemoryUsage>
        <indexBufferMemoryUsage>29696</indexBufferMemoryUsage>
        <textureMemoryUsage>1376256</textureMemoryUsage>
        <instanceVertexBufferMemoryUsage>0</instanceVertexBufferMemoryUsage>
        <instanceIndexBufferMemoryUsage>0</instanceIndexBufferMemoryUsage>
    </storeData>

    <base>
        <filename>level05/floodLight05.i3d</filename>
    </base>

    <placement useRandomYRotation="false" useManualYRotation="true">
        <testAreas>
            <testArea startNode="testArea1Start" endNode="testArea1End" />
            <testArea startNode="testArea2Start" endNode="testArea2End" />
        </testAreas>

        <sounds>
            <place template="largeImp" />
            <placeLayered template="lizardFloodLight" volumeScale="0.9"/>
        </sounds>
    </placement>

    <clearAreas>
        <clearArea startNode="clearArea1Start" widthNode="clearArea1Width" heightNode="clearArea1Height"/>
    </clearAreas>

    <leveling requireLeveling="true" maxSmoothDistance="2" maxSlope="75" maxEdgeAngle="30">
        <levelAreas>
            <levelArea startNode="levelArea1Start" widthNode="levelArea1Width" heightNode="levelArea1Height" groundType="asphalt"/>
        </levelAreas>
    </leveling>

    <indoorAreas>
        <indoorArea startNode="indoorArea1Start" widthNode="indoorArea1Width" heightNode="indoorArea1Height"/>
    </indoorAreas>

    <tipOcclusionUpdateAreas>
        <tipOcclusionUpdateArea startNode="tipOcclusionUpdateArea1Start" endNode="tipOcclusionUpdateArea1End" />
    </tipOcclusionUpdateAreas>

    <ai>
        <updateAreas>
            <updateArea startNode="tipOcclusionUpdateArea1Start" endNode="tipOcclusionUpdateArea1End" />
        </updateAreas>
    </ai>

    <animatedObjects>
		<animatedObject saveId="floodLight05" >
			<animation initialTime="0" duration="0.25">
				<part node="lightswitch"> <!--index of Lever of the Lightswitch-->
					<keyFrame time="0.00" 	rotation="0 0 0" />
					<keyFrame time="1" 		rotation="90 0 0" />
				</part>
				<part node="light"> <!--index of TG with realLights and emmisive shape-->
					<keyFrame time="0.0" 	visibility="false" />
					<keyFrame time="0.55" 	visibility="true" />
				</part>
			</animation>
			<controls triggerNode="lightTrigger" posAction="ACTIVATE_HANDTOOL" posText="action_turnOnLight" negText="action_turnOffLight" />
			<sounds>
				<moving file="sounds/switch01_0.wav" linkNode="0"  pitchOffset="1.00" volume="0.40" indoorVolumeFactor="0.55" indoorLowpassGain="0.85" pitchMax="1.15" />
			</sounds>
		</animatedObject>
	</animatedObjects>

    <i3dMappings>
        <i3dMapping id="soundLinkNode" node="0>0|0" />
        <i3dMapping id="emissiveShape" node="0>0|1" />
        <i3dMapping id="clearArea1Start" node="0>1|0" />
        <i3dMapping id="clearArea1Width" node="0>1|0|0" />
        <i3dMapping id="clearArea1Height" node="0>1|0|1" />
        <i3dMapping id="levelArea1Start" node="0>2|0" />
        <i3dMapping id="levelArea1Width" node="0>2|0|0" />
        <i3dMapping id="levelArea1Height" node="0>2|0|1" />
        <i3dMapping id="indoorArea1Start" node="0>3|0" />
        <i3dMapping id="indoorArea1Width" node="0>3|0|0" />
        <i3dMapping id="indoorArea1Height" node="0>3|0|1" />
        <i3dMapping id="tipOcclusionUpdateArea1Start" node="0>5|0" />
        <i3dMapping id="tipOcclusionUpdateArea1End" node="0>5|0|0" />
        <i3dMapping id="testArea1Start" node="0>6|0" />
        <i3dMapping id="testArea1End" node="0>6|0|0" />
        <i3dMapping id="testArea2Start" node="0>6|1" />
        <i3dMapping id="testArea2End" node="0>6|1|0" />
		<i3dMapping id="light" 				node="0>0|2" />
		<i3dMapping id="lightTrigger" 		node="0>0|3" />
		<i3dMapping id="lightswitch" 		node="0>0|4|0" />
    </i3dMappings>
</placeable>
