<objectTypes>
	<objectType typeName="euroPallet" sizeX="1.2" sizeY="1.0" sizeZ="0.8" type="pallet">
		<checks>
			<check checkTarget="configFileName" checkMethod="find" checkValue="data/objects/pallets/pioneer/pioneerPallet.xml" checkResultOnMatch="false"/>
			<check checkTarget="configFileName" checkMethod="find" checkValue="data/objects/pallets/grapePallet/grapePallet.xml" checkResultOnMatch="false"/>
			<check checkTarget="configFileName" checkMethod="find" checkValue="data/objects/pallets/schaumann/schaumannPallet.xml" checkResultOnMatch="false"/>
			<check checkTarget="configFileName" checkMethod="find" checkValue="data/objects/pallets/hosePallet/hosePallet.xml" checkResultOnMatch="false"/>
			<check checkTarget="configFileName" checkMethod="find" checkValue="/euroPalletsOversized/" checkResultOnMatch="false"/>
			<check checkTarget="configFileName" checkMethod="find" checkValue="/metalPallet/" checkResultOnMatch="false"/>
			<check checkTarget="configFileName" checkMethod="findTwoValues" checkValue="FS22_MaizePlus/data/deuka/bagPallet" checkValue2="_pallet.xml" checkResultOnMatch="false"/>
			
			<check checkTarget="configFileName" checkMethod="find" checkValue="objects/pallets/birdHousePallet/birdHousePallet.xml" checkResultOnMatch="true"/>
			<check checkTarget="configFileName" checkMethod="find" checkValue="objects/pallets/bowlsPallet/bowlsPallet.xml" checkResultOnMatch="true"/>
			<check checkTarget="configFileName" checkMethod="find" checkValue="objects/pallets/bucketPallet/bucketPallet.xml" checkResultOnMatch="true"/>
			<check checkTarget="configFileName" checkMethod="find" checkValue="objects/pallets/catTreePallet/catTreePallet.xml" checkResultOnMatch="true"/>
			<check checkTarget="configFileName" checkMethod="find" checkValue="objects/pallets/chairPallet/chairPallet.xml" checkResultOnMatch="true"/>
			<check checkTarget="configFileName" checkMethod="find" checkValue="objects/pallets/easelPallet/easelPallet.xml" checkResultOnMatch="true"/>
			<check checkTarget="configFileName" checkMethod="find" checkValue="objects/pallets/floorTilesPallet/floorTilesPallet.xml" checkResultOnMatch="true"/>
			<check checkTarget="configFileName" checkMethod="find" checkValue="objects/pallets/pepperGrinderPallet/pepperGrinderPallet.xml" checkResultOnMatch="true"/>
			<check checkTarget="configFileName" checkMethod="find" checkValue="objects/pallets/pictureFramePallet/pictureFramePallet.xml" checkResultOnMatch="true"/>
			<check checkTarget="configFileName" checkMethod="find" checkValue="objects/pallets/shingleGenericPallet/shingleGenericPallet.xml" checkResultOnMatch="true"/>
			<check checkTarget="configFileName" checkMethod="find" checkValue="objects/pallets/staircaseRailingPallet/staircaseRailingPallet.xml" checkResultOnMatch="true"/>
			<check checkTarget="configFileName" checkMethod="find" checkValue="/euroPallets/" checkResultOnMatch="true"/>
			
			<check checkTarget="i3dFilename" checkMethod="find" checkValue="FS22_HoT_pommesFactory/placeable/pallets" checkResultOnMatch="true"/>
			
			<check checkTarget="i3dMappings" checkMethod="findKeyListPattern" checkValue="euroPalletVis|pallet_vis|grapePallet_vis" checkResultOnMatch="true"/>
		</checks>
	</objectType>
	<objectType typeName="liquidTank" sizeX="1.34" sizeY="1.56" sizeZ="1.34" type="pallet" stackable="false">
		<checks>
			<check checkTarget="i3dFilename" checkMethod="find" checkValue="data/objects/pallets/liquidTank" checkResultOnMatch="true"/>
			<check checkTarget="configFileName" checkMethod="find" checkValue="/liquidTank/" checkResultOnMatch="true"/>
			<check checkTarget="i3dFilename" checkMethod="find" checkValue="sulphuricAcidTank.i3d" checkResultOnMatch="true"/>
		</checks>
	</objectType>
	<objectType typeName="bigBagPallet" sizeX="1.4" sizeY="1.5" sizeZ="1.2" type="pallet">
		<checks>
			<check checkTarget="configFileName" checkMethod="find" checkValue="/bigBagPallet/" checkResultOnMatch="true"/>
			
			<check checkTarget="i3dMappings" checkMethod="findKeyListPattern" checkValue="bigBagPallet_vis" checkResultOnMatch="true"/>
		</checks>
	</objectType>
	<objectType typeName="bigBag" sizeX="0.95" sizeY="1.55" sizeZ="0.8" type="bigBag" stackable="false" pickupTriggerCollisionMask="TRIGGER_VEHICLE">
		<checks>
			<check checkTarget="configFileName" checkMethod="find" checkValue="/bigBag/" checkResultOnMatch="true"/>
			
			<check checkTarget="i3dMappings" checkMethod="findKeyListPattern" checkValue="bigBag_vis" checkResultOnMatch="true"/>
		</checks>
	</objectType>
	<objectType typeName="euroPalletOversize" sizeX="1.3" sizeY="1.0" sizeZ="1.0" type="pallet">
		<checks>
			<check checkTarget="configFileName" checkMethod="find" checkValue="data/objects/pallets/schaumann/schaumannPallet.xml" checkResultOnMatch="true"/>
			<check checkTarget="configFileName" checkMethod="find" checkValue="data/objects/ksAG/patentkali/patentkali.xml" checkResultOnMatch="true"/>
			<check checkTarget="configFileName" checkMethod="find" checkValue="data/objects/ksAG/epsoTop/epsoTop.xml" checkResultOnMatch="true"/>
			<check checkTarget="configFileName" checkMethod="find" checkValue="data/objects/pallets/pioneer/pioneerPallet.xml" checkResultOnMatch="true"/>
			<check checkTarget="configFileName" checkMethod="find" checkValue="/euroPalletsOversized/" checkResultOnMatch="true"/>
			<check checkTarget="configFileName" checkMethod="find" checkValue="/euroPalletsOversized/" checkResultOnMatch="true"/>
			<check checkTarget="configFileName" checkMethod="findTwoValues" checkValue="FS22_MaizePlus/data/deuka/bagPallet" checkValue2="_pallet.xml" checkResultOnMatch="true"/>
			
			<check checkTarget="i3dFilename" checkMethod="find" checkValue="FS22_Pallets_And_Bags_Pack/Pallets" checkResultOnMatch="true"/>
		</checks>
	</objectType>
	<objectType typeName="cottonRoundbale238" sizeX="2.38" sizeY="2.38" sizeZ="2.38" type="roundbale" requirements="useBales">
		<checks>
			<check checkTarget="i3dFilename" checkMethod="find" checkValue="Roundbale238.i3d" checkResultOnMatch="true"/>
		</checks>
	</objectType>
	<objectType typeName="roundbale125" sizeX="1.25" sizeY="1.20" sizeZ="1.25" type="roundbale" requirements="useBales">
		<checks>
			<check checkTarget="i3dFilename" checkMethod="find" checkValue="roundbale125.i3d" checkResultOnMatch="true"/>
			<check checkTarget="i3dFilename" checkMethod="find" checkValue="biomassBale125.i3d" checkResultOnMatch="true"/>
		</checks>
	</objectType>
	<objectType typeName="roundbale150" sizeX="1.50" sizeY="1.20" sizeZ="1.50" type="roundbale" requirements="useBales">
		<checks>
			<check checkTarget="i3dFilename" checkMethod="find" checkValue="roundbale150.i3d" checkResultOnMatch="true"/>
		</checks>
	</objectType>
	<objectType typeName="roundbale180" sizeX="1.80" sizeY="1.20" sizeZ="1.80" type="roundbale" requirements="useBales">
		<checks>
			<check checkTarget="i3dFilename" checkMethod="find" checkValue="roundbale180.i3d" checkResultOnMatch="true"/>
		</checks>
	</objectType>
	<objectType typeName="cottonSquarebale488" sizeX="2.44" sizeY="2.44" sizeZ="4.88" type="cottonSquarebale" requirements="useBales">
		<checks>
			<check checkTarget="i3dFilename" checkMethod="find" checkValue="Squarebale488.i3d" checkResultOnMatch="true"/>
		</checks>
	</objectType>
	<objectType typeName="squarebale120" sizeX="1.20" sizeY="0.35" sizeZ="0.45" type="squarebale" requirements="useBales">
		<checks>
			<check checkTarget="i3dFilename" checkMethod="find" checkValue="squarebale120.i3d" checkResultOnMatch="true"/>
		</checks>
	</objectType>
	<objectType typeName="squarebale180" sizeX="1.80" sizeY="0.87" sizeZ="1.20" type="squarebale" requirements="useBales">
		<checks>
			<check checkTarget="i3dFilename" checkMethod="find" checkValue="squarebale180.i3d" checkResultOnMatch="true"/>
		</checks>
	</objectType>
	<objectType typeName="squarebale220" sizeX="2.20" sizeY="0.85" sizeZ="1.20" type="squarebale" requirements="useBales">
		<checks>
			<check checkTarget="i3dFilename" checkMethod="find" checkValue="squarebale220.i3d" checkResultOnMatch="true"/>
		</checks>
	</objectType>
	<objectType typeName="squarebale240" sizeX="2.40" sizeY="0.86" sizeZ="1.20" type="squarebale" requirements="useBales">
		<checks>
			<check checkTarget="i3dFilename" checkMethod="find" checkValue="squarebale240.i3d" checkResultOnMatch="true"/>
			<check checkTarget="i3dFilename" checkMethod="find" checkValue="packedSquareBale120.i3d" checkResultOnMatch="true"/>
		</checks>
	</objectType>
	<!-- PnH pallet -->
	<objectType typeName="hosePallet" sizeX="0.8" sizeY="1.9" sizeZ="1.8" type="pallet" requiredMods="pdlc_pumpsAndHosesPack">
		<checks>
			<check checkTarget="configFileName" checkMethod="find" checkValue="data/objects/pallets/hosePallet/hosePallet.xml" checkResultOnMatch="true"/>
		</checks>
	</objectType>
	<!-- platinum pallets -->
	<objectType typeName="euroPalletDoubleLength" sizeX="2.4" sizeY="1.0" sizeZ="0.8" type="pallet" requiredMods="pdlc_forestryPack">
		<checks>
			<check checkTarget="configFileName" checkMethod="find" checkValue="objects/pallets/bathtubPallet/bathtubPallet.xml" checkResultOnMatch="true"/>
			<check checkTarget="configFileName" checkMethod="find" checkValue="objects/pallets/tablePallet/tablePallet.xml" checkResultOnMatch="true"/>
			<check checkTarget="configFileName" checkMethod="find" checkValue="/euroPalletDoubleLength/" checkResultOnMatch="true"/>
		</checks>
	</objectType>
	<objectType typeName="barrelPallet" sizeX="1.6" sizeY="1.0" sizeZ="1.2" type="pallet" requiredMods="pdlc_forestryPack">
		<checks>
			<check checkTarget="configFileName" checkMethod="find" checkValue="/barrelPallet/" checkResultOnMatch="true"/>
		</checks>
	</objectType>
	<objectType typeName="euroPalletQuadro" sizeX="2.4" sizeY="2.2" sizeZ="1.6" type="pallet" requiredMods="pdlc_forestryPack">
		<checks>
			<check checkTarget="configFileName" checkMethod="find" checkValue="objects/pallets/cartonRollPallet/cartonRollPallet.xml" checkResultOnMatch="true"/>
			<check checkTarget="configFileName" checkMethod="find" checkValue="objects/pallets/paperRollPallet/paperRollPallet.xml" checkResultOnMatch="true"/>
			<check checkTarget="configFileName" checkMethod="find" checkValue="objects/pallets/armoirePallet/armoirePallet.xml" checkResultOnMatch="true"/>
			<check checkTarget="configFileName" checkMethod="find" checkValue="/euroPalletQuadro/" checkResultOnMatch="true"/>
		</checks>
	</objectType>
	<objectType typeName="prefabWallPallet" sizeX="2.46" sizeY="2.2" sizeZ="1.75" type="pallet" requiredMods="pdlc_forestryPack">
		<checks>
			<check checkTarget="configFileName" checkMethod="find" checkValue="/prefabWallPallet/" checkResultOnMatch="true"/>
		</checks>
	</objectType>
	<objectType typeName="smallBundledStack" sizeX="2.65" sizeY="1.0" sizeZ="0.88" type="pallet" requiredMods="pdlc_forestryPack">
		<checks>
			<check checkTarget="configFileName" checkMethod="find" checkValue="objects/pallets/planksPallet/planksPallet.xml" checkResultOnMatch="true"/>
			<check checkTarget="configFileName" checkMethod="find" checkValue="objects/pallets/woodBeamPallet/woodBeamPallet.xml" checkResultOnMatch="true"/>
			<check checkTarget="configFileName" checkMethod="find" checkValue="/smallBundledStack/" checkResultOnMatch="true"/>
		</checks>
	</objectType>
	<objectType typeName="dogHousePallet" sizeX="1.2" sizeY="1.0" sizeZ="0.9" type="pallet" stackable="false" requiredMods="pdlc_forestryPack">
		<checks>
			<check checkTarget="configFileName" checkMethod="find" checkValue="/dogHousePallet/" checkResultOnMatch="true"/>
		</checks>
	</objectType>
	<objectType typeName="metalPallet" sizeX="1.2" sizeY="1.0" sizeZ="0.8" type="pallet" stackable="false" requiredMods="pdlc_forestryPack">
		<checks>
			<check checkTarget="configFileName" checkMethod="find" checkValue="/metalPallet/" checkResultOnMatch="true"/>
		</checks>
	</objectType>
	<!-- premium dlc pallet -->
	<objectType typeName="vegetablesPallet" sizeX="1.6" sizeY="1.16" sizeZ="1.12" type="pallet" requiredMods="pdlc_premiumExpansion" l10nText="storeItem_vegetablesPallet" l10nMod="pdlc_premiumExpansion">
		<checks>
			<check checkTarget="configFileName" checkMethod="find" checkValue="vegetablesPallet.xml" checkResultOnMatch="true"/>
			<check checkTarget="configFileName" checkMethod="find" checkValue="/vegetablesPallet/" checkResultOnMatch="true"/>
		</checks>
	</objectType>
</objectTypes>