<?xml version="1.0" encoding="utf-8" standalone="no" ?>
<modDesc descVersion="72">
    <author>MackTrucker921</author>
    <version>1.0.0.0</version>
    <title>
        <en>PowerRoll 1230 HD Multi-Roller</en>
		<de>PowerRoll 1230 HD Multi-Walze</de>
		<fr>Multi-rouleaux PowerRoll 1230 HD</fr>
    </title>
<description>
<en> <![CDATA[PowerRoll 1230 HD Multi-Roller

- Configurable between a grass roller, field roller, and mulching roller.
- Base price - $41,000
- Configuration cost - $2,000 each
- Color selectable with many added color choices
- Horsepower required: 160 Hp
- Working width: 12m
- Max. working speed: 15 mph (25 Kph)]]>
</en>
<de> <![CDATA[PowerRoll 1230 HD Multi-Walze

- Konfigurierbar zwischen einer Graswalze, Feldwalze und einer Mulchwalze
- Grundpreis - 41.000 Euro 
- Einrichtungskosten - jeweils 2.000 €
- Farbe wählbar mit vielen zusätzlichen Farboptionen
- Leistungsbedarf: 160 PS
- Arbeitsbreite: 12m
- Max. Arbeitsgeschwindigkeit 25 km/h]]>
</de>
<fr> <![CDATA[Multi-rouleaux PowerRoll 1230 HD

- Configurable entre un rouleau d'herbe, un rouleau de champ et un rouleau de paillage.
- Prix de base - 41 000 €
- Coût de la configuration - 2 000 € chacun
- Couleur sélectionnable avec de nombreux choix de couleurs supplémentaires.
- Puissance requise, 160 Hp.
- Largeur de travail de 12 mètres.
- Vitesse de travail maximale de 25 km/h. (15 mph)]]>
</fr>
</description>

    <iconFilename>icon_powerRoll1230_multiRoller.png</iconFilename>
    <multiplayer supported="true" />

    <storeItems>
        <storeItem xmlFilename="powerRoll1230_multiRoller.xml" />
    </storeItems>
	
	<l10n>
		<text name="configuration_rollerType"> <en>Roller Configuration</en> <de>Walzen-Konfiguration</de> <fr>Configuration des Rouleaux</fr> </text>
		<text name="configuration_fieldRoller"> <en>Field Roller</en> <de>Feldwalze</de> <fr>Rouleau pour lit de semence</fr> </text>
		<text name="configuration_grassRoller"> <en>Grass Roller</en> <de>Graswalze</de> <fr>Rouleau à gazon</fr> </text>
		<text name="configuration_mulcher"> <en>Mulching Roller</en> <de>Mulchwalze</de> <fr>Rouleau pour le paillage</fr> </text>
		
		<text name="typeDesc_multiRoller"> <en>Multi-Roller</en> <de>Multi-Walze</de> <fr>Multi-Rouleaux</fr> </text>
		
		<text name="GREYSTANDARD"> <en>Standard Grey</en> <de>Standard-Grau</de> <fr>Gris standard</fr> </text>
		<text name="JETBLACKGLOSS"> <en>Jet Black Gloss</en> <de>Tiefschwarzer Glanz</de> <fr>Noir De Jais brillant</fr> </text>
		<text name="JETBLACKFLAT"> <en>Jet Black Flat</en> <de>Tiefschwarz matt</de> <fr>Noir Jais Plat</fr> </text>
		<text name="POLISHEDALUMINUM"> <en>Polished Aluminum</en> <de>Poliertes Aluminium</de> <fr>Aluminium poli</fr> </text>
		<text name="GALVANIZED"> <en>Galvanized</en> <de>Verzinkt</de> <fr>Galvanisé</fr> </text>
		<text name="MAN_RED1"> <en>Man Red1</en> <de>Man Rot1</de> <fr>Homme Rouge1</fr> </text>
		<text name="MAN_OLDGREEN"> <en>Man Old Green</en> <de>Man alt grün</de> <fr>Homme Vieux Vert</fr> </text>
		<text name="MAN_BEIGE_2"> <en>Man Beige2</en> <de>Man Beige2</de> <fr>Man Beige2</fr> </text>
		<text name="BLACK"> <en>Black</en> <de>Schwarz</de> <fr>Noir</fr> </text>
		<text name="TATRA"> <en>Tatra</en> <de>Tatra</de> <fr>Tatras</fr> </text>
		<text name="BROWN"> <en>Brown</en> <de>Braun</de> <fr>Brun</fr> </text>
		<text name="BLUE1"> <en>Blue1</en> <de>Blau1</de> <fr>Bleu1</fr> </text>
		<text name="BLUE2"> <en>Blue2</en> <de>Blau2</de> <fr>Bleu2</fr> </text>
		<text name="BLUE3"> <en>Blue3</en> <de>Blau3</de> <fr>Bleu3</fr> </text>
		<text name="BLUE4"> <en>Blue4</en> <de>Blau4</de> <fr>Bleu4</fr> </text>
		<text name="BLUE5"> <en>Blue5</en> <de>Blau5</de> <fr>Bleu5</fr> </text>
		<text name="GREEN1"> <en>Green1</en> <de>Grün1</de> <fr>Vert1</fr> </text>
		<text name="GREEN2"> <en>Green2</en> <de>Grün2</de> <fr>Vert2</fr> </text>
		<text name="GREEN3"> <en>Green3</en> <de>Grün3</de> <fr>Vert3</fr> </text>
		<text name="GREEN4"> <en>Green4</en> <de>Grün4</de> <fr>Vert4</fr> </text>
		<text name="GREEN5"> <en>Green5</en> <de>Grün5</de> <fr>Vert5</fr> </text>
		<text name="PINK/RED"> <en>Pink/Red</en> <de>Pink/Rot</de> <fr>Rose/Rouge</fr> </text>
		<text name="BERRY"> <en>Berry</en> <de>Beere</de> <fr>Baie</fr> </text>
		<text name="WHITE"> <en>White</en> <de>Weiß</de> <fr>Blanc</fr> </text>
		<text name="ORANGE"> <en>Orange</en> <de>Orange</de> <fr>Orange</fr> </text>
		<text name="DARKGRAY"> <en>Dark Gray</en> <de>Dunkelgrau</de> <fr>Gris Foncé</fr> </text>
		<text name="YELLOW1"> <en>Yellow1</en> <de>Gelb1</de> <fr>Jaune1</fr> </text>
		<text name="YELLOW2"> <en>Yellow2</en> <de>Gelb2</de> <fr>Jaune2</fr> </text>
		<text name="YELLOW3"> <en>Yellow3</en> <de>Gelb3</de> <fr>Jaune3</fr> </text>
		<text name="YELLOW4"> <en>Yellow4</en> <de>Gelb4</de> <fr>Jaune4</fr> </text>
		<text name="VIOLET1"> <en>Violet1</en> <de>Violett1</de> <fr>Violet1</fr> </text>
		<text name="VIOLET2"> <en>Violet2</en> <de>Violett2</de> <fr>Violet2</fr> </text>
		<text name="NAVY"> <en>Navy Blue</en> <de>Navy Blau</de> <fr>Bleu marine</fr> </text>
		<text name="MANREDMETAL"> <en>MAN Red Metal</en> <de>MAN Rot Metall</de> <fr>HOMME Rouge Métal</fr> </text>
		<text name="MANOLDGREENMETAL"> <en>MAN Old Green Metal</en> <de>MAN Altes Grünes Metall</de> <fr>HOMME Vieux Vert Métal</fr> </text>
		<text name="MANBEIGEMETAL"> <en>MAN Beige Metal</en> <de>MAN Beige Metall</de> <fr>HOMME Beige Métal</fr> </text>
		<text name="BLACKMETAL"> <en>Black Metal</en> <de>Schwarz Metall</de> <fr>Noir Métal</fr> </text>
		<text name="TATRAMETAL"> <en>Tatra Metal</en> <de>Tatra Metall</de> <fr>Tatras Métal</fr> </text>
		<text name="BROWNMETAL"> <en>Brown Metal</en> <de>Braun Metall</de> <fr>Brun Métal</fr> </text>
		<text name="BLUE1METAL"> <en>Blue1 Metal</en> <de>Blau1 Metall</de> <fr>Bleu1 Métal</fr> </text>
		<text name="BLUE2METAL"> <en>Blue2 Metal</en> <de>Blau2 Metall</de> <fr>Bleu2 Métal</fr> </text>
		<text name="BLUE3METAL"> <en>Blue3 Metal</en> <de>Blau3 Metall</de> <fr>Bleu3 Métal</fr> </text>
		<text name="BLUE4METAL"> <en>Blue4 Metal</en> <de>Blau4 Metall</de> <fr>Bleu4 Métal</fr> </text>
		<text name="BLUE5METAL"> <en>Blue5 Metal</en> <de>Blau5 Metall</de> <fr>Bleu5 Métal</fr> </text>
		<text name="GREEN1METAL"> <en>Green1 Metal</en> <de>Grün1 Metall</de> <fr>Vert1 Métal</fr> </text>
		<text name="GREEN2METAL"> <en>Green2 Metal</en> <de>Grün2 Metall</de> <fr>Vert2 Métal</fr> </text>
		<text name="GREEN3METAL"> <en>Green3 Metal</en> <de>Grün3 Metall</de> <fr>Vert3 Métal</fr> </text>
		<text name="GREEN4METAL"> <en>Green4 Metal</en> <de>Grün4 Metall</de> <fr>Vert4 Métal</fr> </text>
		<text name="GREEN5METAL"> <en>Green5 Metal</en> <de>Grün5 Metall</de> <fr>Vert5 Métal</fr> </text>
		<text name="PINK/REDMETAL"> <en>Pink/Red Metal</en> <de>Pink/Rot Metall</de> <fr>Rose/Rouge Métal</fr> </text>
		<text name="BERRYMETAL"> <en>Berry Metal</en> <de>Beere Metall</de> <fr>Baie Métal</fr> </text>
		<text name="WHITEMETAL"> <en>White Metal</en> <de>Weiß Metall</de> <fr>Blanc Métal</fr> </text>
		<text name="ORANGEMETAL"> <en>Orange Metal</en> <de>Orange Metall</de> <fr>Orange Métal</fr> </text>
		<text name="DARKGRAYMETAL"> <en>Dark Gray Metal</en> <de>Dunkelgrau Metall</de> <fr>Gris Foncé Métal</fr> </text>
		<text name="YELLOW1METAL"> <en>Yellow1 Metal</en> <de>Gelb1 Metall</de> <fr>Jaune1 Métal</fr> </text>
		<text name="YELLOW2METAL"> <en>Yellow2 Metal</en> <de>Gelb2 Metall</de> <fr>Jaune2 Métal</fr> </text>
		<text name="YELLOW3METAL"> <en>Yellow3 Metal</en> <de>Gelb3 Metall</de> <fr>Jaune3 Métal</fr> </text>
		<text name="YELLOW4METAL"> <en>Yellow4 Metal</en> <de>Gelb4 Metall</de> <fr>Jaune4 Métal</fr> </text>
		<text name="VIOLET1METAL"> <en>Violet1 Metal</en> <de>Violett1 Metall</de> <fr>Violet1 Métal</fr> </text>
		<text name="VIOLET2METAL"> <en>Violet2 Metal</en> <de>Violett2 Metall</de> <fr>Violet1 Métal</fr> </text>
		<text name="NAVYMETAL"> <en>Navy Metal</en> <de>Navy Blau Metall</de> <fr>Bleu marine Métal</fr> </text>
	</l10n>
</modDesc>
