﻿<?xml version="1.0" encoding="utf-8" standalone="no" ?>
<vehicle type="attachableFrontloader" xmlns:xsi="http://www.w3.org/2001/XMLSchema-instance" xsi:noNamespaceSchemaLocation="https://validation.gdn.giants-software.com/fs22/vehicle.xsd">
    <annotation>Copyright (C) GIANTS Software GmbH, All Rights Reserved.</annotation>

    <storeData>
        <name>CaseIH Frontloader</name>
        <specs>
            <neededPower>300</neededPower>
            <combination xmlFilename="magnumSE_FL.xml"/>
			<combination xmlFilename="lizardWeight7500kg.xml"/>
            <combination filterCategory="frontLoaderTools" />
        </specs>
        <functions>
            <function>$l10n_function_frontloader</function>
        </functions>
        <storePacks>
            <storePack>STARTER_TRANSPORT</storePack>
        </storePacks>
        <image>store_caseIHfrontloader.png</image>
        <price>10000</price>
        <lifetime>600</lifetime>
        <rotation>0</rotation>
        <brand>CASEIH</brand>
        <category>frontLoaders</category>
        <shopTranslationOffset>0 0 -2.5</shopTranslationOffset>
        <shopRotationOffset>0 0 0</shopRotationOffset>
        <vertexBufferMemoryUsage>799488</vertexBufferMemoryUsage>
        <indexBufferMemoryUsage>141056</indexBufferMemoryUsage>
        <textureMemoryUsage>1638400</textureMemoryUsage>
        <audioMemoryUsage>0</audioMemoryUsage>
        <instanceVertexBufferMemoryUsage>0</instanceVertexBufferMemoryUsage>
        <instanceIndexBufferMemoryUsage>0</instanceIndexBufferMemoryUsage>
    </storeData>

    <base>
        <typeDesc>$l10n_typeDesc_frontloader</typeDesc>
        <filename>i3d/caseIH_frontloader.i3d</filename>
        <size width="2.5" length="4.2" />
        <components>
            <component centerOfMass="0 0.5 2.85" solverIterationCount="10" mass="830" />
        </components>
        <schemaOverlay attacherJointPosition="0 0" name="FRONTLOADER" />
        <mapHotspot type="TOOL" />
    </base>

    <attachable>
		<inputAttacherJoints>
			<inputAttacherJoint node="attacherJoint" hardAttach="true" jointType="attachableFrontloader" />
		</inputAttacherJoints>
		<support animationName="moveSupport" />
    </attachable>

    <attacherJoints>
		<attacherJointconfigurations title="$l10n_configuration_mount">
			<attacherJointconfiguration name="$l10n_configuration_frontloader" price="0">
			<attacherJoint jointType="frontloader" node="attacherJointTools_FL" nodeVisual="attacherJointTools_visuals_FL" allowsJointLimitMovement="false" allowsLowering="false" rotLimitSpring="7500 7500 7500" rotLimitDamping="1 1 1" transLimitSpring="7500 7500 7500" transLimitDamping="1 1 1" >
				<schema position="1 0" rotation="0" invertX="false" />
			</attacherJoint>
			<objectChange node="telehandlerMountBushings" visibilityActive="false" visibilityInactive="true" />
			<objectChange node="wheelLoaderMount"         visibilityActive="false" visibilityInactive="true" />
			<objectChange node="wheelLoaderMountCol"      rigidBodyTypeActive="none" compoundChildActive="false" />
			</attacherJointconfiguration>
			<attacherJointconfiguration name="$l10n_configuration_telehandler" price="250">
			<attacherJoint jointType="telehandler" node="attacherJointTools_TH" nodeVisual="attacherJointTools_visuals_TH" allowsJointLimitMovement="false" allowsLowering="false" rotLimitSpring="7500 7500 7500" rotLimitDamping="1 1 1" transLimitSpring="7500 7500 7500" transLimitDamping="1 1 1" >
				<schema position="1 0" rotation="0" invertX="false" />
			</attacherJoint>
			<objectChange node="telehandlerMountBushings" visibilityActive="true" visibilityInactive="false" />
			<objectChange node="wheelLoaderMount"         visibilityActive="false" visibilityInactive="true" />
			<objectChange node="wheelLoaderMountCol"      rigidBodyTypeActive="none" compoundChildActive="false" />
			</attacherJointconfiguration>
			<attacherJointconfiguration name="$l10n_configuration_wheelLoader" price="250">
			<attacherJoint jointType="wheelLoader" node="attacherJointTools_WL" nodeVisual="attacherJointTools_visuals_WL" allowsJointLimitMovement="false" allowsLowering="false" rotLimitSpring="7500 7500 7500" rotLimitDamping="1 1 1" transLimitSpring="7500 7500 7500" transLimitDamping="1 1 1" >
				<schema position="1 0" rotation="0" invertX="false" />
			</attacherJoint>
			<objectChange node="telehandlerMountBushings" visibilityActive="false" visibilityInactive="true" />
			<objectChange node="wheelLoaderMount"         visibilityActive="true" visibilityInactive="false" />
			</attacherJointconfiguration>
		</attacherJointconfigurations>
        <sounds>
            <attach template="ATTACH_01" linkNode="frontloaderMainComponent1" />
        </sounds>
    </attacherJoints>

	<connectionHoses>
		<target attacherJointIndices="1 2 3" type="hydraulicIn"  node="hydConnector01_In"  socket="hydraulic03"/>
        <target attacherJointIndices="1 2 3" type="hydraulicOut" node="hydConnector01_Out" socket="hydraulic04"/>
        <target attacherJointIndices="1 2 3" type="hydraulicIn"  node="hydConnector02_In"  socket="hydraulic03"/>
        <target attacherJointIndices="1 2 3" type="hydraulicOut" node="hydConnector02_Out" socket="hydraulic04"/>
    </connectionHoses>

    <animations>
        <animation name="moveSupport">
            <part node="frontloaderSupports" startTime="0" endTime="0.3" startRot="76.5 0 0"  endRot="0 0 0" />
			<part node="skinnedMesh" startTime="0" endTime="0.3" startVisibility="true" endVisibility="false" />
			<part node="liftArmConnectionHoseStubs" startTime="0" endTime="0.3" startVisibility="true" endVisibility="false"/>

            <sound template="clackVar5" startTime="0.01" direction="0" volumeScale="0.7" pitchScale="2.8" linkNode="frontloaderSupports"/>
            <sound template="clackVar1"  startTime="0.29" direction="0" volumeScale="0.7" pitchScale="2"   linkNode="frontloaderSupports"/>
        </animation>
    </animations>

    <cylindered>
        <movingTools>
            <movingTool node="loaderMainArmDummy" delayedNode="arm" allowSaving="true">
                <controls axis="AXIS_FRONTLOADER_ARM" invertAxis="true" mouseSpeedFactor="0.8" iconName="FRONTLOADER_ARM_ROTATE" />
                <attacherJoint jointIndices="1" />
                <rotation rotSpeed="40" rotAcceleration="150" rotMax="1" rotMin="-85" startRot="0" detachingRotMinLimit="-10" />
                <dependentPart node="attacherRotDummy" />
                <dependentMovingTool node="attacherDummy" minRotLimits="2 -40" maxRotLimits="145 63"/>
            </movingTool>
            <movingTool node="attacherDummy" delayedNode="attacher" allowSaving="true">
                <controls axis="AXIS_FRONTLOADER_TOOL" invertAxis="true" mouseSpeedFactor="0.6" iconName="FRONTLOADER_ARM_ROTATE_TOOL" />
                <attacherJoint jointIndices="1" />
                <rotation rotSpeed="120" rotAcceleration="300" rotMax="63" rotMin="0" startRot="30" syncMaxRotLimits="true" />
            </movingTool>

            <movingTool node="arm" allowSaving="true">
                <dependentPart node="liftCylinders" />
                <dependentPart node="attacherRot" />
				<dependentPart node="dumpCylinders" />
            </movingTool>

            <movingTool node="attacher" allowSaving="true">
				<dependentPart node="dumpCylinders" />
            </movingTool>
        </movingTools>

        <movingParts>
            <movingPart node="attacherRotDummy" referenceFrame="attacherRootDummy">
                <attacherJoint jointIndices="1" />
            </movingPart>

            <movingPart node="attacherRot" referenceFrame="frontloaderMainComponent1">
                <dependentPart node="liftCylinders" />
            </movingPart>

            <movingPart node="liftCylinders" referencePoint="hydCyl01RodEyeRef" referenceFrame="liftCylRodArmRef" playSound="true">
                <translatingPart node="liftCylinderRods" />
            </movingPart>

            <movingPart node="dumpCylinders" referencePoint="attacherJointCylRodRef" referenceFrame="attacherJointPivotRef" playSound="true">
                <translatingPart node="dumpCylinderRods" />
            </movingPart>

        </movingParts>

        <sounds>
            <actionSound template="hydraulicLayerTone2"   pitchScale="1.5" volumeScale="1.2" linkNode="liftCylinders"      actionNames="TRANSLATING_POS TRANSLATING_NEG" nodes="liftCylinders" fadeIn="0.1" fadeOut="0.05"/>
            <actionSound template="hydraulicLayerTone"    pitchScale="0.7" volumeScale="1.2" linkNode="liftCylinders"      actionNames="TRANSLATING_POS"                 nodes="liftCylinders" fadeIn="0.1" fadeOut="0.05"/>
            <actionSound template="hydraulicLayerTone2"   pitchScale="2.5" volumeScale="0.4" linkNode="dumpCylinders"      actionNames="TRANSLATING_POS TRANSLATING_NEG" nodes="dumpCylinders" fadeIn="0.1" fadeOut="0.05"/>
            <actionSound template="defaultHydraulicSound" pitchScale="1.1" volumeScale="0.8" linkNode="dumpCylinders"      actionNames="TRANSLATING_POS TRANSLATING_NEG" nodes="dumpCylinders" fadeIn="0.1" fadeOut="0.05"/>
            <actionSound template="metalLowVar2"          pitchScale="1.0" volumeScale="5"   linkNode="loaderMainArmDummy" actionNames="TOOL_MOVE_END_POS_LIMIT"         nodes="loaderMainArmDummy"/>
			<actionSound template="metalLowVar2"          pitchScale="1.0" volumeScale="14"  linkNode="attacherDummy"      actionNames="TOOL_MOVE_END_POS_LIMIT"         nodes="attacherDummy"/>
            <actionSound template="cylinderPunch"         pitchScale="1.5" volumeScale="0.4" linkNode="loaderMainArmDummy" actionNames="TOOL_MOVE_END_POS_LIMIT"         nodes="loaderMainArmDummy"/>
            <actionSound template="metalClose"            pitchScale="2.5" volumeScale="0.2" linkNode="loaderMainArmDummy" actionNames="TOOL_MOVE_END_POS_LIMIT"         nodes="loaderMainArmDummy"/>
            <actionSound template="clackVar6"             pitchScale="1.0" volumeScale="1.0" linkNode="loaderMainArmDummy" actionNames="TOOL_MOVE_END_POS_LIMIT"         nodes="loaderMainArmDummy"/>
																																								         
            <actionSound template="metalLowVar2"          pitchScale="1.3" volumeScale="4.0" linkNode="loaderMainArmDummy" actionNames="TOOL_MOVE_END_NEG_LIMIT"         nodes="loaderMainArmDummy"/>
			<actionSound template="metalLowVar2"          pitchScale="1.3" volumeScale="7.0" linkNode="attacherDummy"      actionNames="TOOL_MOVE_END_NEG_LIMIT"         nodes="attacherDummy"/>
            <actionSound template="cylinderPunch"         pitchScale="1.8" volumeScale="0.2" linkNode="loaderMainArmDummy" actionNames="TOOL_MOVE_END_NEG_LIMIT"         nodes="loaderMainArmDummy"/>
            <actionSound template="metalClose"            pitchScale="2.8" volumeScale="0.1" linkNode="loaderMainArmDummy" actionNames="TOOL_MOVE_END_NEG_LIMIT"         nodes="loaderMainArmDummy"/>
            <actionSound template="clackVar6"             pitchScale="1.8" volumeScale="0.5" linkNode="loaderMainArmDummy" actionNames="TOOL_MOVE_END_NEG_LIMIT"         nodes="loaderMainArmDummy"/>
        </sounds>
    </cylindered>

    <ai>
        <agentAttachment width="1.3" height="2.2" length="2.8" lengthOffset="-0.2"/>
    </ai>

    <wearable wearDuration="480" workMultiplier="5" fieldMultiplier="2"/>
    <washable dirtDuration="90" washDuration="1" workMultiplier="3" fieldMultiplier="2"/>

    <foliageBending>
        <bendingNode minX="-0.6" maxX="0.6" minZ="-0.55" maxZ="1.9" yOffset="-0.2" node="dumpCylinders" />
    </foliageBending>

    <baseMaterial>
        <material name="frontLoader_mat" baseNode="frontloader_vis">
            <shaderParameter name="colorMat0" value="CASEIH_RED1"/>
            <shaderParameter name="colorMat1" value="SHARED_BLACK1"/>
        </material>
		<material name="wheelLoaderAdapter_mat" baseNode="wheelLoaderMount">
            <shaderParameter name="colorMat0" value="CASEIH_RED1"/>
        </material>
    </baseMaterial>
	
	<baseMaterialConfigurations useDefaultColors="true" price="1500" title="$l10n_configuration_chassisColor">
		<baseMaterialConfiguration name="$l10n_JETBLACKFLAT" color="SHARED_BLACKJET" material="6" price="0" />
		<baseMaterialConfiguration name="$l10n_JETBLACKGLOSS" color="SHARED_BLACKJET" material="40" price="1500" />
		<baseMaterialConfiguration name="$l10n_POLISHEDALUMINUM" color="0.9 0.9 0.9 19" material="19" price="1500" />
		<baseMaterialConfiguration name="$l10n_GALVANIZED" color="WILSONTRAILER_WHITE1" material="9" price="1500" uiColor="SHARED_GREY1"/>
        <baseMaterialConfiguration name="$l10n_ui_colorStainlessSteel" color="SHARED_WHITE2" material="3" price="1500" />
        <baseMaterialConfiguration name="$l10n_ui_colorChrome"         color="SHARED_WHITE2" material="2" price="1500" uiColor="SHARED_GREY1"/>
        <baseMaterialConfiguration name="$l10n_MAN_RED1" material="0" color="MAN_RED1" price="1500" />
		<baseMaterialConfiguration name="$l10n_MAN_OLDGREEN" material="0" color="MAN_OLDGREEN" price="1500" />
		<baseMaterialConfiguration name="$l10n_MAN_BEIGE_2" material="0" color="MAN_BEIGE_2" price="1500" />
		<baseMaterialConfiguration name="$l10n_BLACK" material="0" color="0 0 0 0" price="1500" />
		<baseMaterialConfiguration name="$l10n_TATRA" material="0" color="0.0200 0.2800 0.1900 0" price="1500" />
		<baseMaterialConfiguration name="$l10n_BROWN" material="0" color="0.0886 0.0203 0.0012 0" price="1500" />
		<baseMaterialConfiguration name="$l10n_BLUE1" material="0" color="0 0 0.8 0" price="1500" />
		<baseMaterialConfiguration name="$l10n_BLUE2" material="0" color="0 0.09 0.09 0" price="1500" />
		<baseMaterialConfiguration name="$l10n_BLUE3" material="0" color="0.0000 0.4047 0.7519 0" price="1500" />
		<baseMaterialConfiguration name="$l10n_BLUE4" material="0" color="0.0055 0.0170 0.0265 0" price="1500" />
		<baseMaterialConfiguration name="$l10n_BLUE5" material="0" color="0 0 0.1098 0" price="1500" />
		<baseMaterialConfiguration name="$l10n_GREEN1" material="0" color="0.1070 0.2086 0.2462 0" price="1500" />
		<baseMaterialConfiguration name="$l10n_GREEN2" material="0" color="0.0265 0.6592 0.3204 0" price="1500" />
		<baseMaterialConfiguration name="$l10n_GREEN3" material="0" color="0.0072 0.2758 0.0528 0" price="1500" />
		<baseMaterialConfiguration name="$l10n_GREEN4" material="0" color="0.0000 1.0000 0.0415 0" price="1500" />
		<baseMaterialConfiguration name="$l10n_GREEN5" material="0" color="0.488 0.687 0.027"  price="1500" />
		<baseMaterialConfiguration name="$l10n_PINK/RED" material="0" color="0.8751 0.0017 0.0303 0" price="1500" />
		<baseMaterialConfiguration name="$l10n_BERRY" material="0" color="0.1087 0.0210 0.0370 0" price="1500" />
		<baseMaterialConfiguration name="$l10n_WHITE" material="0" color="1.0000 1.0000 1.0000 0" price="1500" />
		<baseMaterialConfiguration name="$l10n_ORANGE" material="0" color="0.9157 0.1220 0.0066 0" price="1500" />
		<baseMaterialConfiguration name="$l10n_YELLOW1" material="0" color="0.8913 0.6456 0.2120 0" price="1500" />
		<baseMaterialConfiguration name="$l10n_YELLOW2" material="0" color="0.5054 0.3066 0.0231 0" price="1500" />
		<baseMaterialConfiguration name="$l10n_YELLOW3" material="0" color="0.8227 0.9131 0.0000 0" price="1500" />
		<baseMaterialConfiguration name="$l10n_YELLOW4" material="0" color="1.0000 0.7231 0.0000 0"  price="1500" />
		<baseMaterialConfiguration name="$l10n_VIOLET1" material="0" color="0.0802 0.0513 0.7231 0" price="1500" />
		<baseMaterialConfiguration name="$l10n_VIOLET2" material="0" color="0.0090 0.0014 0.0619 0" price="1500" />
		<baseMaterialConfiguration name="$l10n_NAVY" material="0" color="0 0 0.5019 1" price="1500" />
		<baseMaterialConfiguration name="$l10n_CONSTRUCTIONYELLOW" material="0" color="1 0.765 0 1" price="1500"/>
		<baseMaterialConfiguration name="$l10n_CONSTRUCTIONBLACK" material="0" color="0.153 0.145 0.122 1" price="1500"/>
		<baseMaterialConfiguration name="Albutt1" material="0" color="ALBUTT_BLUE1" price="1500"/>
		<baseMaterialConfiguration name="Albutt2" material="0" color="ALBUTT_RED1" price="1500"/>
		<baseMaterialConfiguration name="Amazone1" material="0" color="AMAZONE_GREEN1" price="1500"/>
		<baseMaterialConfiguration name="Amazone2" material="0" color="AMAZONE_ORANGE1" price="1500"/>
		<baseMaterialConfiguration name="Amazone3" material="0" color="AMAZONE_RED1" price="1500"/>
		<baseMaterialConfiguration name="Amazone4" material="0" color="AMAZONE_YELLOW1" price="1500"/>
		<baseMaterialConfiguration name="Big Bud1" material="0" color="BIGBUD_BLUE1" price="1500"/>
		<baseMaterialConfiguration name="Big Bud2" material="0" color="BIGBUD_GRAY1" price="1500"/>
		<baseMaterialConfiguration name="Big Bud3" material="0" color="BIGBUD_ORANGE1" price="1500"/>
		<baseMaterialConfiguration name="Big Bud4" material="0" color="BIGBUD_RED1" price="1500"/>
		<baseMaterialConfiguration name="Big Bud5" material="0" color="BIGBUD_YELLOW1" price="1500"/>
		<baseMaterialConfiguration name="Capello1" material="0" color="CAPELLO_RED1" price="1500"/>
		<baseMaterialConfiguration name="Capello2" material="0" color="CAPELLO_BLACK1" price="1500"/>
		<baseMaterialConfiguration name="Grimme1" material="0" color="GRIMME_BLUE1" price="1500"/>
		<baseMaterialConfiguration name="Grimme2" material="0" color="GRIMME_GREEN1" price="1500"/>
		<baseMaterialConfiguration name="Grimme3" material="0" color="GRIMME_RED1" price="1500"/>
		<baseMaterialConfiguration name="Husqvarna1" material="0" color="HUSQVARNA_BLUE1" price="1500"/>
		<baseMaterialConfiguration name="Husqvarna2" material="0" color="HUSQVARNA_GREY2" price="1500"/>
		<baseMaterialConfiguration name="Husqvarna3" material="0" color="HUSQVARNA_RED1" price="1500"/>
		<baseMaterialConfiguration name="Kinze1" material="0" color="KINZE_BLUE" price="1500"/>
		<baseMaterialConfiguration name="Kinze2" material="0" color="KINZE_GREY1" price="1500"/>
		<baseMaterialConfiguration name="Kinze3" material="0" color="KINZE_RED1" price="1500"/>
		<baseMaterialConfiguration name="Kubota Orange" color="KUBOTA_ORANGE1" material="0" price="1500" />
		<baseMaterialConfiguration name="Newholland1" material="0" color="NEWHOLLAND_DARKBLUE1" price="1500"/>
		<baseMaterialConfiguration name="Newholland2" material="0" color="NEWHOLLAND_RED1" price="1500"/>
		<baseMaterialConfiguration name="Rudolf-Hoermann1" material="0" color="RUDOLFHOERMANN_BLUE" price="1500"/>
		<baseMaterialConfiguration name="Rudolf-Hoermann2" material="0" color="RUDOLFHOERMANN_GREEN" price="1500"/>
		<baseMaterialConfiguration name="Rudolf-Hoermann3" material="0" color="RUDOLFHOERMANN_RED" price="1500"/>
		<baseMaterialConfiguration name="Liebherr1" material="0" color="LIEBHERR_BLUE1" price="1500"/>
		<baseMaterialConfiguration name="Liebherr2" material="0" color="LIEBHERR_GREY5" price="1500"/>
		<baseMaterialConfiguration name="Liebherr3" material="0" color="LIEBHERR_RED1" price="1500"/>
		<baseMaterialConfiguration name="Liebherr4" material="0" color="LIEBHERR_YELLOW1" price="1500"/>
		<baseMaterialConfiguration name="$l10n_ui_colorMetallicX" params="Kubota Orange" color="KUBOTA_ORANGE1" material="19" price="1500" />
		<baseMaterialConfiguration name="$l10n_ui_colorMetallicX" params="$l10n_MAN_RED1" material="19" color="0.5605 0.0037 0.0037 0" price="1500" />
		<baseMaterialConfiguration name="$l10n_ui_colorMetallicX" params="$l10n_MAN_OLDGREEN" material="19" color="0.1878 0.3006 0.2159 0" price="1500" />
		<baseMaterialConfiguration name="$l10n_ui_colorMetallicX" params="$l10n_MAN_BEIGE_2" material="19" color="0.3021 0.2549 0.1734 0" price="1500" />
		<baseMaterialConfiguration name="$l10n_ui_colorMetallicX" params="$l10n_BLACK" material="19" color="0 0 0 0" price="1500" />
		<baseMaterialConfiguration name="$l10n_ui_colorMetallicX" params="$l10n_TATRA" material="19" color="0.0200 0.2800 0.1900 0" price="1500" />
		<baseMaterialConfiguration name="$l10n_ui_colorMetallicX" params="$l10n_BROWN" material="19" color="0.0886 0.0203 0.0012 0" price="1500" />
		<baseMaterialConfiguration name="$l10n_ui_colorMetallicX" params="$l10n_BLUE1" material="19" color="0.0000 0.4047 0.7519 0" price="1500" />
		<baseMaterialConfiguration name="$l10n_ui_colorMetallicX" params="$l10n_BLUE2" material="19" color="0.0055 0.0170 0.0265 0" price="1500" />
		<baseMaterialConfiguration name="$l10n_ui_colorMetallicX" params="$l10n_BLUE3" material="19" color="0 0 0.1098 0" price="1500" />
		<baseMaterialConfiguration name="$l10n_ui_colorMetallicX" params="$l10n_BLUE4" material="19" color="0 0 0.8 0" price="1500" />
		<baseMaterialConfiguration name="$l10n_ui_colorMetallicX" params="$l10n_BLUE5" material="19" color="0 0.09 0.09 0" price="1500" />
		<baseMaterialConfiguration name="$l10n_ui_colorMetallicX" params="$l10n_GREEN1" material="19" color="0.1070 0.2086 0.2462 0" price="1500" />
		<baseMaterialConfiguration name="$l10n_ui_colorMetallicX" params="$l10n_GREEN2" material="19" color="0.0265 0.6592 0.3204 0" price="1500" />
		<baseMaterialConfiguration name="$l10n_ui_colorMetallicX" params="$l10n_GREEN3" material="19" color="0.0072 0.2758 0.0528 0" price="1500" />
		<baseMaterialConfiguration name="$l10n_ui_colorMetallicX" params="$l10n_GREEN4" material="19" color="0.0000 1.0000 0.0415 0" price="1500" />
		<baseMaterialConfiguration name="$l10n_ui_colorMetallicX" params="$l10n_GREEN5" material="19" color="0.488 0.687 0.027"  price="1500" />
		<baseMaterialConfiguration name="$l10n_ui_colorMetallicX" params="$l10n_PINK/RED" material="19" color="0.8751 0.0017 0.0303 0" price="1500" />
		<baseMaterialConfiguration name="$l10n_ui_colorMetallicX" params="$l10n_BERRY" material="19" color="0.1087 0.0210 0.0370 0" price="1500" />
		<baseMaterialConfiguration name="$l10n_ui_colorMetallicX" params="$l10n_ORANGE" material="19" color="0.9157 0.1220 0.0066 0" price="1500" />
		<baseMaterialConfiguration name="$l10n_ui_colorMetallicX" params="$l10n_YELLOW1" material="19" color="0.8913 0.6456 0.2120 0" price="1500" />
		<baseMaterialConfiguration name="$l10n_ui_colorMetallicX" params="$l10n_YELLOW2" material="19" color="0.5054 0.3066 0.0231 0" price="1500" />
		<baseMaterialConfiguration name="$l10n_ui_colorMetallicX" params="$l10n_YELLOW3" material="19" color="0.8227 0.9131 0.0000 0" price="1500" />
		<baseMaterialConfiguration name="$l10n_ui_colorMetallicX" params="$l10n_YELLOW4" material="19" color="1.0000 0.7231 0.0000 0" price="1500" />
		<baseMaterialConfiguration name="$l10n_ui_colorMetallicX" params="$l10n_VIOLET1" material="19" color="0.0802 0.0513 0.7231 0" price="1500" />
		<baseMaterialConfiguration name="$l10n_ui_colorMetallicX" params="$l10n_VIOLET2" material="19" color="0.0090 0.0014 0.0619 0" price="1500" />
		<baseMaterialConfiguration name="$l10n_ui_colorMetallicX" params="$l10n_NAVY" material="19" color="0 0 0.5019 1" price="1500" />
		<baseMaterialConfiguration name="$l10n_ui_colorMetallicX" params="John Deere1" material="19" color="JOHNDEERE_GREEN1" price="1500"/>
		<baseMaterialConfiguration name="$l10n_ui_colorMetallicX" params="John Deere2" material="19" color="JOHNDEERE_YELLOW1" price="1500"/>
		<baseMaterialConfiguration name="$l10n_ui_colorMetallicX" params="JCB1" material="19" color="JCB_YELLOW1" price="1500" />
		<baseMaterialConfiguration name="$l10n_ui_colorMetallicX" params="JCB2" material="19" color="JCB_BLUE_1" price="1500" />
		<baseMaterialConfiguration name="$l10n_ui_colorMetallicX" params="Fendt1" material="19" color="FENDT_NEWGREEN1" price="1500" />
		<baseMaterialConfiguration name="$l10n_ui_colorMetallicX" params="Fendt2" material="19" color="FENDT_OLDGREEN1" price="1500" />
		<baseMaterialConfiguration name="$l10n_ui_colorMetallicX" params="Fendt3" material="19" color="FENDT_BRIGHTGREEN" price="1500" />
		<baseMaterialConfiguration name="$l10n_ui_colorMetallicX" params="Fendt4" material="19" color="FENDT_DARKGREEN1" price="1500" />
		<baseMaterialConfiguration name="$l10n_ui_colorMetallicX" params="Case IH1" material="19" color="CASEIH_RED1" price="1500" />
		<baseMaterialConfiguration name="$l10n_ui_colorMetallicX" params="Challenger1" material="19" color="CHALLENGER_ORANGE1" price="1500" />
		<baseMaterialConfiguration name="$l10n_ui_colorMetallicX" params="Challenger2" material="19" color="CHALLENGER_RED1" price="1500" />
		<baseMaterialConfiguration name="$l10n_ui_colorMetallicX" params="Challenger3" material="19" color="CHALLENGER_YELLOW1" price="1500" />
		<baseMaterialConfiguration name="$l10n_ui_colorMetallicX" params="Claas1" material="19" color="CLAAS_DARKGREY1" price="1500" />
		<baseMaterialConfiguration name="$l10n_ui_colorMetallicX" params="Claas2" material="19" color="CLAAS_GREEN1" price="1500" />
		<baseMaterialConfiguration name="$l10n_ui_colorMetallicX" params="Claas3" material="19" color="CLAAS_RED1" price="1500" />
		<baseMaterialConfiguration name="$l10n_ui_colorMetallicX" params="Dalbo" material="19" color="DALBO_BLUE1" price="1500" />
		<baseMaterialConfiguration name="$l10n_ui_colorMetallicX" params="Deutz1" material="19" color="DEUTZ_BEIGE1" price="1500" />
		<baseMaterialConfiguration name="$l10n_ui_colorMetallicX" params="Deutz2" material="19" color="DEUTZ_BLUE1" price="1500" />
		<baseMaterialConfiguration name="$l10n_ui_colorMetallicX" params="Deutz3" material="19" color="DEUTZ_GREEN1" price="1500" />
		<baseMaterialConfiguration name="$l10n_ui_colorMetallicX" params="Lemken1" material="19" color="LEMKEN_BLUE1" price="1500" />
		<baseMaterialConfiguration name="$l10n_ui_colorMetallicX" params="Lemken2" material="19" color="LEMKEN_RED1" price="1500" />
		<baseMaterialConfiguration name="$l10n_ui_colorMetallicX" params="New Holland1" material="19" color="NEWHOLLAND_BLUE1" price="1500" />
		<baseMaterialConfiguration name="$l10n_ui_colorMetallicX" params="New Holland3" material="19" color="NEWHOLLAND_RED1" price="1500" />
		<baseMaterialConfiguration name="$l10n_ui_colorMetallicX" params="Massey Ferguson1" material="19" color="MASSEYFERGUSON_RED" price="1500" />
		<baseMaterialConfiguration name="$l10n_ui_colorMetallicX" params="Massey Ferguson2" material="19" color="MASSEYFERGUSON_DARK_GREY" price="1500" />
		<baseMaterialConfiguration name="$l10n_ui_colorMetallicX" params="Ropa1" material="19" color="ROPA_BLUE" price="1500" />
		<baseMaterialConfiguration name="$l10n_ui_colorMetallicX" params="Ropa2" material="19" color="ROPA_GRAY1" price="1500" />
		<baseMaterialConfiguration name="$l10n_ui_colorMetallicX" params="Ropa3" material="19" color="ROPA_RED" price="1500" />
		<baseMaterialConfiguration name="$l10n_ui_colorMetallicX" params="Ropa4" material="19" color="ROPA_YELLOW" price="1500" />
		<baseMaterialConfiguration/> <!-- None #124 -->
        <material name="frontLoader_mat" shaderParameter="colorMat0" />
		<material name="wheelLoaderAdapter_mat" shaderParameter="colorMat0" />
    </baseMaterialConfigurations>
	
	<designMaterialConfigurations useDefaultColors="true" price="50">
		<designMaterialConfiguration name="$l10n_JETBLACKFLAT" color="SHARED_BLACKJET" material="6" price="0" />
		<designMaterialConfiguration name="$l10n_JETBLACKGLOSS" color="SHARED_BLACKJET" material="40" price="50" />
		<designMaterialConfiguration name="$l10n_POLISHEDALUMINUM" color="0.9 0.9 0.9 19" material="19" price="50" />
		<designMaterialConfiguration name="$l10n_GALVANIZED" color="WILSONTRAILER_WHITE1" material="9" price="50" uiColor="SHARED_GREY1"/>
        <designMaterialConfiguration name="$l10n_ui_colorStainlessSteel" color="SHARED_WHITE2" material="3" price="50" />
        <designMaterialConfiguration name="$l10n_ui_colorChrome"         color="SHARED_WHITE2" material="2" price="50" uiColor="SHARED_GREY1"/>
        <designMaterialConfiguration name="$l10n_MAN_RED1" material="0" color="MAN_RED1" price="50" />
		<designMaterialConfiguration name="$l10n_MAN_OLDGREEN" material="0" color="MAN_OLDGREEN" price="50" />
		<designMaterialConfiguration name="$l10n_MAN_BEIGE_2" material="0" color="MAN_BEIGE_2" price="50" />
		<designMaterialConfiguration name="$l10n_BLACK" material="0" color="0 0 0 0" price="50" />
		<designMaterialConfiguration name="$l10n_TATRA" material="0" color="0.0200 0.2800 0.1900 0" price="50" />
		<designMaterialConfiguration name="$l10n_BROWN" material="0" color="0.0886 0.0203 0.0012 0" price="50" />
		<designMaterialConfiguration name="$l10n_BLUE1" material="0" color="0 0 0.8 0" price="50" />
		<designMaterialConfiguration name="$l10n_BLUE2" material="0" color="0 0.09 0.09 0" price="50" />
		<designMaterialConfiguration name="$l10n_BLUE3" material="0" color="0.0000 0.4047 0.7519 0" price="50" />
		<designMaterialConfiguration name="$l10n_BLUE4" material="0" color="0.0055 0.0170 0.0265 0" price="50" />
		<designMaterialConfiguration name="$l10n_BLUE5" material="0" color="0 0 0.1098 0" price="50" />
		<designMaterialConfiguration name="$l10n_GREEN1" material="0" color="0.1070 0.2086 0.2462 0" price="50" />
		<designMaterialConfiguration name="$l10n_GREEN2" material="0" color="0.0265 0.6592 0.3204 0" price="50" />
		<designMaterialConfiguration name="$l10n_GREEN3" material="0" color="0.0072 0.2758 0.0528 0" price="50" />
		<designMaterialConfiguration name="$l10n_GREEN4" material="0" color="0.0000 1.0000 0.0415 0" price="50" />
		<designMaterialConfiguration name="$l10n_GREEN5" material="0" color="0.488 0.687 0.027"  price="50" />
		<designMaterialConfiguration name="$l10n_PINK/RED" material="0" color="0.8751 0.0017 0.0303 0" price="50" />
		<designMaterialConfiguration name="$l10n_BERRY" material="0" color="0.1087 0.0210 0.0370 0" price="50" />
		<designMaterialConfiguration name="$l10n_WHITE" material="0" color="1.0000 1.0000 1.0000 0" price="50" />
		<designMaterialConfiguration name="$l10n_ORANGE" material="0" color="0.9157 0.1220 0.0066 0" price="50" />
		<designMaterialConfiguration name="$l10n_YELLOW1" material="0" color="0.8913 0.6456 0.2120 0" price="50" />
		<designMaterialConfiguration name="$l10n_YELLOW2" material="0" color="0.5054 0.3066 0.0231 0" price="50" />
		<designMaterialConfiguration name="$l10n_YELLOW3" material="0" color="0.8227 0.9131 0.0000 0" price="50" />
		<designMaterialConfiguration name="$l10n_YELLOW4" material="0" color="1.0000 0.7231 0.0000 0"  price="50" />
		<designMaterialConfiguration name="$l10n_VIOLET1" material="0" color="0.0802 0.0513 0.7231 0" price="50" />
		<designMaterialConfiguration name="$l10n_VIOLET2" material="0" color="0.0090 0.0014 0.0619 0" price="50" />
		<designMaterialConfiguration name="$l10n_NAVY" material="0" color="0 0 0.5019 1" price="50" />
		<designMaterialConfiguration name="$l10n_CONSTRUCTIONYELLOW" material="0" color="1 0.765 0 1" price="50"/>
		<designMaterialConfiguration name="$l10n_CONSTRUCTIONBLACK" material="0" color="0.153 0.145 0.122 1" price="50"/>
		<designMaterialConfiguration name="Albutt1" material="0" color="ALBUTT_BLUE1" price="50"/>
		<designMaterialConfiguration name="Albutt2" material="0" color="ALBUTT_RED1" price="50"/>
		<designMaterialConfiguration name="Amazone1" material="0" color="AMAZONE_GREEN1" price="50"/>
		<designMaterialConfiguration name="Amazone2" material="0" color="AMAZONE_ORANGE1" price="50"/>
		<designMaterialConfiguration name="Amazone3" material="0" color="AMAZONE_RED1" price="50"/>
		<designMaterialConfiguration name="Amazone4" material="0" color="AMAZONE_YELLOW1" price="50"/>
		<designMaterialConfiguration name="Big Bud1" material="0" color="BIGBUD_BLUE1" price="50"/>
		<designMaterialConfiguration name="Big Bud2" material="0" color="BIGBUD_GRAY1" price="50"/>
		<designMaterialConfiguration name="Big Bud3" material="0" color="BIGBUD_ORANGE1" price="50"/>
		<designMaterialConfiguration name="Big Bud4" material="0" color="BIGBUD_RED1" price="50"/>
		<designMaterialConfiguration name="Big Bud5" material="0" color="BIGBUD_YELLOW1" price="50"/>
		<designMaterialConfiguration name="Capello1" material="0" color="CAPELLO_RED1" price="50"/>
		<designMaterialConfiguration name="Capello2" material="0" color="CAPELLO_BLACK1" price="50"/>
		<designMaterialConfiguration name="Grimme1" material="0" color="GRIMME_BLUE1" price="50"/>
		<designMaterialConfiguration name="Grimme2" material="0" color="GRIMME_GREEN1" price="50"/>
		<designMaterialConfiguration name="Grimme3" material="0" color="GRIMME_RED1" price="50"/>
		<designMaterialConfiguration name="Husqvarna1" material="0" color="HUSQVARNA_BLUE1" price="50"/>
		<designMaterialConfiguration name="Husqvarna2" material="0" color="HUSQVARNA_GREY2" price="50"/>
		<designMaterialConfiguration name="Husqvarna3" material="0" color="HUSQVARNA_RED1" price="50"/>
		<designMaterialConfiguration name="Kinze1" material="0" color="KINZE_BLUE" price="50"/>
		<designMaterialConfiguration name="Kinze2" material="0" color="KINZE_GREY1" price="50"/>
		<designMaterialConfiguration name="Kinze3" material="0" color="KINZE_RED1" price="50"/>
		<designMaterialConfiguration name="Kubota Orange" color="KUBOTA_ORANGE1" material="0" price="50" />
		<designMaterialConfiguration name="Newholland1" material="0" color="NEWHOLLAND_DARKBLUE1" price="50"/>
		<designMaterialConfiguration name="Newholland2" material="0" color="NEWHOLLAND_RED1" price="50"/>
		<designMaterialConfiguration name="Rudolf-Hoermann1" material="0" color="RUDOLFHOERMANN_BLUE" price="50"/>
		<designMaterialConfiguration name="Rudolf-Hoermann2" material="0" color="RUDOLFHOERMANN_GREEN" price="50"/>
		<designMaterialConfiguration name="Rudolf-Hoermann3" material="0" color="RUDOLFHOERMANN_RED" price="50"/>
		<designMaterialConfiguration name="Liebherr1" material="0" color="LIEBHERR_BLUE1" price="50"/>
		<designMaterialConfiguration name="Liebherr2" material="0" color="LIEBHERR_GREY5" price="50"/>
		<designMaterialConfiguration name="Liebherr3" material="0" color="LIEBHERR_RED1" price="50"/>
		<designMaterialConfiguration name="Liebherr4" material="0" color="LIEBHERR_YELLOW1" price="50"/>
		<designMaterialConfiguration name="$l10n_ui_colorMetallicX" params="Kubota Orange" color="KUBOTA_ORANGE1" material="19" price="50" />
		<designMaterialConfiguration name="$l10n_ui_colorMetallicX" params="$l10n_MAN_RED1" material="19" color="0.5605 0.0037 0.0037 0" price="50" />
		<designMaterialConfiguration name="$l10n_ui_colorMetallicX" params="$l10n_MAN_OLDGREEN" material="19" color="0.1878 0.3006 0.2159 0" price="50" />
		<designMaterialConfiguration name="$l10n_ui_colorMetallicX" params="$l10n_MAN_BEIGE_2" material="19" color="0.3021 0.2549 0.1734 0" price="50" />
		<designMaterialConfiguration name="$l10n_ui_colorMetallicX" params="$l10n_BLACK" material="19" color="0 0 0 0" price="50" />
		<designMaterialConfiguration name="$l10n_ui_colorMetallicX" params="$l10n_TATRA" material="19" color="0.0200 0.2800 0.1900 0" price="50" />
		<designMaterialConfiguration name="$l10n_ui_colorMetallicX" params="$l10n_BROWN" material="19" color="0.0886 0.0203 0.0012 0" price="50" />
		<designMaterialConfiguration name="$l10n_ui_colorMetallicX" params="$l10n_BLUE1" material="19" color="0.0000 0.4047 0.7519 0" price="50" />
		<designMaterialConfiguration name="$l10n_ui_colorMetallicX" params="$l10n_BLUE2" material="19" color="0.0055 0.0170 0.0265 0" price="50" />
		<designMaterialConfiguration name="$l10n_ui_colorMetallicX" params="$l10n_BLUE3" material="19" color="0 0 0.1098 0" price="50" />
		<designMaterialConfiguration name="$l10n_ui_colorMetallicX" params="$l10n_BLUE4" material="19" color="0 0 0.8 0" price="50" />
		<designMaterialConfiguration name="$l10n_ui_colorMetallicX" params="$l10n_BLUE5" material="19" color="0 0.09 0.09 0" price="50" />
		<designMaterialConfiguration name="$l10n_ui_colorMetallicX" params="$l10n_GREEN1" material="19" color="0.1070 0.2086 0.2462 0" price="50" />
		<designMaterialConfiguration name="$l10n_ui_colorMetallicX" params="$l10n_GREEN2" material="19" color="0.0265 0.6592 0.3204 0" price="50" />
		<designMaterialConfiguration name="$l10n_ui_colorMetallicX" params="$l10n_GREEN3" material="19" color="0.0072 0.2758 0.0528 0" price="50" />
		<designMaterialConfiguration name="$l10n_ui_colorMetallicX" params="$l10n_GREEN4" material="19" color="0.0000 1.0000 0.0415 0" price="50" />
		<designMaterialConfiguration name="$l10n_ui_colorMetallicX" params="$l10n_GREEN5" material="19" color="0.488 0.687 0.027"  price="50" />
		<designMaterialConfiguration name="$l10n_ui_colorMetallicX" params="$l10n_PINK/RED" material="19" color="0.8751 0.0017 0.0303 0" price="50" />
		<designMaterialConfiguration name="$l10n_ui_colorMetallicX" params="$l10n_BERRY" material="19" color="0.1087 0.0210 0.0370 0" price="50" />
		<designMaterialConfiguration name="$l10n_ui_colorMetallicX" params="$l10n_ORANGE" material="19" color="0.9157 0.1220 0.0066 0" price="50" />
		<designMaterialConfiguration name="$l10n_ui_colorMetallicX" params="$l10n_YELLOW1" material="19" color="0.8913 0.6456 0.2120 0" price="50" />
		<designMaterialConfiguration name="$l10n_ui_colorMetallicX" params="$l10n_YELLOW2" material="19" color="0.5054 0.3066 0.0231 0" price="50" />
		<designMaterialConfiguration name="$l10n_ui_colorMetallicX" params="$l10n_YELLOW3" material="19" color="0.8227 0.9131 0.0000 0" price="50" />
		<designMaterialConfiguration name="$l10n_ui_colorMetallicX" params="$l10n_YELLOW4" material="19" color="1.0000 0.7231 0.0000 0" price="50" />
		<designMaterialConfiguration name="$l10n_ui_colorMetallicX" params="$l10n_VIOLET1" material="19" color="0.0802 0.0513 0.7231 0" price="50" />
		<designMaterialConfiguration name="$l10n_ui_colorMetallicX" params="$l10n_VIOLET2" material="19" color="0.0090 0.0014 0.0619 0" price="50" />
		<designMaterialConfiguration name="$l10n_ui_colorMetallicX" params="$l10n_NAVY" material="19" color="0 0 0.5019 1" price="50" />
		<designMaterialConfiguration name="$l10n_ui_colorMetallicX" params="John Deere1" material="19" color="JOHNDEERE_GREEN1" price="50"/>
		<designMaterialConfiguration name="$l10n_ui_colorMetallicX" params="John Deere2" material="19" color="JOHNDEERE_YELLOW1" price="50"/>
		<designMaterialConfiguration name="$l10n_ui_colorMetallicX" params="JCB1" material="19" color="JCB_YELLOW1" price="50" />
		<designMaterialConfiguration name="$l10n_ui_colorMetallicX" params="JCB2" material="19" color="JCB_BLUE_1" price="50" />
		<designMaterialConfiguration name="$l10n_ui_colorMetallicX" params="Fendt1" material="19" color="FENDT_NEWGREEN1" price="50" />
		<designMaterialConfiguration name="$l10n_ui_colorMetallicX" params="Fendt2" material="19" color="FENDT_OLDGREEN1" price="50" />
		<designMaterialConfiguration name="$l10n_ui_colorMetallicX" params="Fendt3" material="19" color="FENDT_BRIGHTGREEN" price="50" />
		<designMaterialConfiguration name="$l10n_ui_colorMetallicX" params="Fendt4" material="19" color="FENDT_DARKGREEN1" price="50" />
		<designMaterialConfiguration name="$l10n_ui_colorMetallicX" params="Case IH1" material="19" color="CASEIH_RED1" price="50" />
		<designMaterialConfiguration name="$l10n_ui_colorMetallicX" params="Challenger1" material="19" color="CHALLENGER_ORANGE1" price="50" />
		<designMaterialConfiguration name="$l10n_ui_colorMetallicX" params="Challenger2" material="19" color="CHALLENGER_RED1" price="50" />
		<designMaterialConfiguration name="$l10n_ui_colorMetallicX" params="Challenger3" material="19" color="CHALLENGER_YELLOW1" price="50" />
		<designMaterialConfiguration name="$l10n_ui_colorMetallicX" params="Claas1" material="19" color="CLAAS_DARKGREY1" price="50" />
		<designMaterialConfiguration name="$l10n_ui_colorMetallicX" params="Claas2" material="19" color="CLAAS_GREEN1" price="50" />
		<designMaterialConfiguration name="$l10n_ui_colorMetallicX" params="Claas3" material="19" color="CLAAS_RED1" price="50" />
		<designMaterialConfiguration name="$l10n_ui_colorMetallicX" params="Dalbo" material="19" color="DALBO_BLUE1" price="50" />
		<designMaterialConfiguration name="$l10n_ui_colorMetallicX" params="Deutz1" material="19" color="DEUTZ_BEIGE1" price="50" />
		<designMaterialConfiguration name="$l10n_ui_colorMetallicX" params="Deutz2" material="19" color="DEUTZ_BLUE1" price="50" />
		<designMaterialConfiguration name="$l10n_ui_colorMetallicX" params="Deutz3" material="19" color="DEUTZ_GREEN1" price="50" />
		<designMaterialConfiguration name="$l10n_ui_colorMetallicX" params="Lemken1" material="19" color="LEMKEN_BLUE1" price="50" />
		<designMaterialConfiguration name="$l10n_ui_colorMetallicX" params="Lemken2" material="19" color="LEMKEN_RED1" price="50" />
		<designMaterialConfiguration name="$l10n_ui_colorMetallicX" params="New Holland1" material="19" color="NEWHOLLAND_BLUE1" price="50" />
		<designMaterialConfiguration name="$l10n_ui_colorMetallicX" params="New Holland3" material="19" color="NEWHOLLAND_RED1" price="50" />
		<designMaterialConfiguration name="$l10n_ui_colorMetallicX" params="Massey Ferguson1" material="19" color="MASSEYFERGUSON_RED" price="50" />
		<designMaterialConfiguration name="$l10n_ui_colorMetallicX" params="Massey Ferguson2" material="19" color="MASSEYFERGUSON_DARK_GREY" price="50" />
		<designMaterialConfiguration name="$l10n_ui_colorMetallicX" params="Ropa1" material="19" color="ROPA_BLUE" price="50" />
		<designMaterialConfiguration name="$l10n_ui_colorMetallicX" params="Ropa2" material="19" color="ROPA_GRAY1" price="50" />
		<designMaterialConfiguration name="$l10n_ui_colorMetallicX" params="Ropa3" material="19" color="ROPA_RED" price="50" />
		<designMaterialConfiguration name="$l10n_ui_colorMetallicX" params="Ropa4" material="19" color="ROPA_YELLOW" price="50" />
		<designMaterialConfiguration/> <!-- None #124 -->
        <material name="frontLoader_mat" shaderParameter="colorMat1" />
    </designMaterialConfigurations>

    <i3dMappings>
        <i3dMapping id="frontloaderMainComponent1" node="0>" />
        <i3dMapping id="frontloader_vis" node="0>0" />
        <i3dMapping id="attacherJoint" node="0>0|0" />
        <i3dMapping id="arm" node="0>0|1|0" />
        <i3dMapping id="attacherRot" node="0>0|1|0|0" />
        <i3dMapping id="attacher" node="0>0|1|0|0|0" />
        <i3dMapping id="attacherJointTools_visuals_FL" node="0>0|1|0|0|0|0" />
		<i3dMapping id="attacherJointTools_visuals_TH" node="0>0|1|0|0|0|1" />
		<i3dMapping id="attacherJointTools_visuals_WL" node="0>0|1|0|0|0|2" />
		<i3dMapping id="attacherJointPivotRef" node="0>0|1|0|0|0|3" />
		<i3dMapping id="attacherJointCylRodRef" node="0>0|1|0|0|0|4" />
		<i3dMapping id="dumpCylinders" node="0>0|1|0|1" />
        <i3dMapping id="dumpCylinderRods" node="0>0|1|0|1|0" />
        <i3dMapping id="telehandlerMountBushings" node="0>0|1|0|0|0|6" />
        <i3dMapping id="wheelLoaderMount" node="0>0|1|0|0|0|7" />
		<i3dMapping id="wheelLoaderMountCol" node="0>0|1|0|0|0|7|0" />
        <i3dMapping id="hydCyl02ReferenceFrame" node="0>0|1|0|1|2" />
        <i3dMapping id="liftCylinders" node="0>0|1|0|3" />
        <i3dMapping id="liftCylinderRods" node="0>0|1|0|3|0" />
		<i3dMapping id="hydCyl01RodEyeRef" node="0>0|1|0|3|2" />
		<i3dMapping id="hydCyl01ReferenceFrame" node="0>0|1|0|3|3" />
        <i3dMapping id="liftArmConnectionHoseStubs" node="0>0|1|0|5" />
        <i3dMapping id="frontloaderSupports" node="0>0|1|0|6|0" />
        <i3dMapping id="hydConnector01_In" node="0>0|1|0|8|0" />
        <i3dMapping id="hydConnector01_Out" node="0>0|1|0|8|1" />
        <i3dMapping id="hydConnector02_In" node="0>0|1|0|8|2" />
        <i3dMapping id="hydConnector02_Out" node="0>0|1|0|8|3" />
        <i3dMapping id="loaderMainArmDummy" node="0>0|1|1" />
        <i3dMapping id="attacherRotDummy" node="0>0|1|1|0" />
		<i3dMapping id="attacherDummy" node="0>0|1|1|0|0" />
        <i3dMapping id="attacherJointTools_FL" node="0>0|1|1|0|0|0" />
		<i3dMapping id="attacherJointTools_TH" node="0>0|1|1|0|0|1" />
		<i3dMapping id="attacherJointTools_WL" node="0>0|1|1|0|0|2" />
		<i3dMapping id="attacherRootDummy" node="0>0|1|2" />
        <i3dMapping id="attacherJointDummy" node="0>0|1|2|0" />
        <i3dMapping id="hydCyl01RodEyeRef" node="0>0|2" />
        <i3dMapping id="hydCyl02RodEyeRef" node="0>0|3" />
		<i3dMapping id="liftCylRodArmRef" node="0>0|4" />
		<i3dMapping id="skinnedMesh" node="0>1" />
		
    </i3dMappings>
</vehicle>
