﻿<?xml version="1.0" encoding="utf-8" standalone="no" ?>
<vehicle type="implement" xmlns:xsi="http://www.w3.org/2001/XMLSchema-instance" xsi:noNamespaceSchemaLocation="../../../../shared/xml/schema/vehicle.xsd">
    <annotation>Copyright (C) GIANTS Software GmbH, All Rights Reserved.</annotation>

    <storeData>
        <name>
			<en>Weight 7500kg</en>
			<de>Gewicht 7500kg</de>
			<fr>Lester 7500kg</fr>
		</name>
        <functions>
            <function>$l10n_function_weight</function>
        </functions>
        <rotation>0</rotation>
        <image>store_lizardWeight7500kg.png</image>
        <price>6450</price>
        <lifetime>600</lifetime>
        <brand>LIZARD</brand>
        <category>weights</category>
        <vertexBufferMemoryUsage>98304</vertexBufferMemoryUsage>
        <indexBufferMemoryUsage>17408</indexBufferMemoryUsage>
        <textureMemoryUsage>524288</textureMemoryUsage>
        <audioMemoryUsage>0</audioMemoryUsage>
        <instanceVertexBufferMemoryUsage>0</instanceVertexBufferMemoryUsage>
        <instanceIndexBufferMemoryUsage>0</instanceIndexBufferMemoryUsage>
    </storeData>

    <base>
        <typeDesc>$l10n_typeDesc_weight</typeDesc>
        <filename>i3d/lizardWeight7500kg.i3d</filename>
        <size width="2.5" length="1.5" lengthOffset="0.2" />
        <components>
            <component centerOfMass="0 0.25 0.2" solverIterationCount="10" mass="7500" />
        </components>
        <schemaOverlay attacherJointPosition="0 0" name="IMPLEMENT" />
        <mapHotspot type="TOOL" />
    </base>

    <attachable>
        <inputAttacherJoints>
            <inputAttacherJoint node="attacherJoint" jointType="implement" topReferenceNode="topReferenceNode" lowerRotLimitScale="0 0 0" upperRotationOffset="3" lowerRotationOffset="0" needsLowering="false">
                <distanceToGround lower="0.35" upper="1" />
            </inputAttacherJoint>
        </inputAttacherJoints>
    </attachable>

    <ai>
        <agentAttachment width="1.4" height="1.0" length="0.8" lengthOffset="0.25"/>
    </ai>

    <foliageBending>
        <bendingNode minX="-0.7" maxX="0.7" minZ="-0.2" maxZ="0.75" yOffset="0" />
    </foliageBending>

    <baseMaterial>
        <material name="weight7500_mat" baseNode="lizardWeight7500kg_vis">
            <shaderParameter name="colorMat0" value="SHARED_BLACKJET"/>
        </material>
    </baseMaterial>

    <baseMaterialConfigurations price="75" useDefaultColors="true" defaultColorIndex="6">
        <material name="weight7500_mat" shaderParameter="colorMat0" />
        <baseMaterialConfiguration name="$l10n_JETBLACKFLAT" color="SHARED_BLACKJET" material="6" price="0" />
		<baseMaterialConfiguration name="$l10n_JETBLACKGLOSS" color="SHARED_BLACKJET" material="40" price="75" />
		<baseMaterialConfiguration name="$l10n_POLISHEDALUMINUM" color="0.9 0.9 0.9 19" material="19" price="75" />
		<baseMaterialConfiguration name="$l10n_GALVANIZED" color="WILSONTRAILER_WHITE1" material="9" price="75" uiColor="SHARED_GREY1"/>
        <baseMaterialConfiguration name="$l10n_ui_colorStainlessSteel" color="SHARED_WHITE2" material="3" price="75" />
        <baseMaterialConfiguration name="$l10n_ui_colorChrome"         color="SHARED_WHITE2" material="2" price="75" uiColor="SHARED_GREY1"/>
        <baseMaterialConfiguration name="$l10n_MAN_RED1" material="0" color="MAN_RED1" price="75" />
		<baseMaterialConfiguration name="$l10n_MAN_OLDGREEN" material="0" color="MAN_OLDGREEN" price="75" />
		<baseMaterialConfiguration name="$l10n_MAN_BEIGE_2" material="0" color="MAN_BEIGE_2" price="75" />
		<baseMaterialConfiguration name="$l10n_BLACK" material="0" color="0 0 0 0" price="75" />
		<baseMaterialConfiguration name="$l10n_TATRA" material="0" color="0.0200 0.2800 0.1900 0" price="75" />
		<baseMaterialConfiguration name="$l10n_BROWN" material="0" color="0.0886 0.0203 0.0012 0" price="75" />
		<baseMaterialConfiguration name="$l10n_BLUE1" material="0" color="0 0 0.8 0" price="75" />
		<baseMaterialConfiguration name="$l10n_BLUE2" material="0" color="0 0.09 0.09 0" price="75" />
		<baseMaterialConfiguration name="$l10n_BLUE3" material="0" color="0.0000 0.4047 0.7519 0" price="75" />
		<baseMaterialConfiguration name="$l10n_BLUE4" material="0" color="0.0055 0.0170 0.0265 0" price="75" />
		<baseMaterialConfiguration name="$l10n_BLUE5" material="0" color="0 0 0.1098 0" price="75" />
		<baseMaterialConfiguration name="$l10n_GREEN1" material="0" color="0.1070 0.2086 0.2462 0" price="75" />
		<baseMaterialConfiguration name="$l10n_GREEN2" material="0" color="0.0265 0.6592 0.3204 0" price="75" />
		<baseMaterialConfiguration name="$l10n_GREEN3" material="0" color="0.0072 0.2758 0.0528 0" price="75" />
		<baseMaterialConfiguration name="$l10n_GREEN4" material="0" color="0.0000 1.0000 0.0415 0" price="75" />
		<baseMaterialConfiguration name="$l10n_GREEN5" material="0" color="0.488 0.687 0.027"  price="75" />
		<baseMaterialConfiguration name="$l10n_PINK/RED" material="0" color="0.8751 0.0017 0.0303 0" price="75" />
		<baseMaterialConfiguration name="$l10n_BERRY" material="0" color="0.1087 0.0210 0.0370 0" price="75" />
		<baseMaterialConfiguration name="$l10n_WHITE" material="0" color="1.0000 1.0000 1.0000 0" price="75" />
		<baseMaterialConfiguration name="$l10n_ORANGE" material="0" color="0.9157 0.1220 0.0066 0" price="75" />
		<baseMaterialConfiguration name="$l10n_YELLOW1" material="0" color="0.8913 0.6456 0.2120 0" price="75" />
		<baseMaterialConfiguration name="$l10n_YELLOW2" material="0" color="0.5054 0.3066 0.0231 0" price="75" />
		<baseMaterialConfiguration name="$l10n_YELLOW3" material="0" color="0.8227 0.9131 0.0000 0" price="75" />
		<baseMaterialConfiguration name="$l10n_YELLOW4" material="0" color="1.0000 0.7231 0.0000 0"  price="75" />
		<baseMaterialConfiguration name="$l10n_VIOLET1" material="0" color="0.0802 0.0513 0.7231 0" price="75" />
		<baseMaterialConfiguration name="$l10n_VIOLET2" material="0" color="0.0090 0.0014 0.0619 0" price="75" />
		<baseMaterialConfiguration name="$l10n_NAVY" material="0" color="0 0 0.5019 1" price="75" />
		<baseMaterialConfiguration name="$l10n_CONSTRUCTIONYELLOW" material="0" color="1 0.765 0 1" price="75"/>
		<baseMaterialConfiguration name="$l10n_CONSTRUCTIONBLACK" material="0" color="0.153 0.145 0.122 1" price="75"/>
		<baseMaterialConfiguration name="Albutt1" material="0" color="ALBUTT_BLUE1" price="75"/>
		<baseMaterialConfiguration name="Albutt2" material="0" color="ALBUTT_RED1" price="75"/>
		<baseMaterialConfiguration name="Amazone1" material="0" color="AMAZONE_GREEN1" price="75"/>
		<baseMaterialConfiguration name="Amazone2" material="0" color="AMAZONE_ORANGE1" price="75"/>
		<baseMaterialConfiguration name="Amazone3" material="0" color="AMAZONE_RED1" price="75"/>
		<baseMaterialConfiguration name="Amazone4" material="0" color="AMAZONE_YELLOW1" price="75"/>
		<baseMaterialConfiguration name="Big Bud1" material="0" color="BIGBUD_BLUE1" price="75"/>
		<baseMaterialConfiguration name="Big Bud2" material="0" color="BIGBUD_GRAY1" price="75"/>
		<baseMaterialConfiguration name="Big Bud3" material="0" color="BIGBUD_ORANGE1" price="75"/>
		<baseMaterialConfiguration name="Big Bud4" material="0" color="BIGBUD_RED1" price="75"/>
		<baseMaterialConfiguration name="Big Bud5" material="0" color="BIGBUD_YELLOW1" price="75"/>
		<baseMaterialConfiguration name="Capello1" material="0" color="CAPELLO_RED1" price="75"/>
		<baseMaterialConfiguration name="Capello2" material="0" color="CAPELLO_BLACK1" price="75"/>
		<baseMaterialConfiguration name="Grimme1" material="0" color="GRIMME_BLUE1" price="75"/>
		<baseMaterialConfiguration name="Grimme2" material="0" color="GRIMME_GREEN1" price="75"/>
		<baseMaterialConfiguration name="Grimme3" material="0" color="GRIMME_RED1" price="75"/>
		<baseMaterialConfiguration name="Husqvarna1" material="0" color="HUSQVARNA_BLUE1" price="75"/>
		<baseMaterialConfiguration name="Husqvarna2" material="0" color="HUSQVARNA_GREY2" price="75"/>
		<baseMaterialConfiguration name="Husqvarna3" material="0" color="HUSQVARNA_RED1" price="75"/>
		<baseMaterialConfiguration name="Kinze1" material="0" color="KINZE_BLUE" price="75"/>
		<baseMaterialConfiguration name="Kinze2" material="0" color="KINZE_GREY1" price="75"/>
		<baseMaterialConfiguration name="Kinze3" material="0" color="KINZE_RED1" price="75"/>
		<baseMaterialConfiguration name="Kubota Orange" color="KUBOTA_ORANGE1" material="0" price="75" />
		<baseMaterialConfiguration name="Newholland1" material="0" color="NEWHOLLAND_DARKBLUE1" price="75"/>
		<baseMaterialConfiguration name="Newholland2" material="0" color="NEWHOLLAND_RED1" price="75"/>
		<baseMaterialConfiguration name="Rudolf-Hoermann1" material="0" color="RUDOLFHOERMANN_BLUE" price="75"/>
		<baseMaterialConfiguration name="Rudolf-Hoermann2" material="0" color="RUDOLFHOERMANN_GREEN" price="75"/>
		<baseMaterialConfiguration name="Rudolf-Hoermann3" material="0" color="RUDOLFHOERMANN_RED" price="75"/>
		<baseMaterialConfiguration name="Liebherr1" material="0" color="LIEBHERR_BLUE1" price="75"/>
		<baseMaterialConfiguration name="Liebherr2" material="0" color="LIEBHERR_GREY5" price="75"/>
		<baseMaterialConfiguration name="Liebherr3" material="0" color="LIEBHERR_RED1" price="75"/>
		<baseMaterialConfiguration name="Liebherr4" material="0" color="LIEBHERR_YELLOW1" price="75"/>
		<baseMaterialConfiguration name="$l10n_ui_colorMetallicX" params="Kubota Orange" color="KUBOTA_ORANGE1" material="19" price="75" />
		<baseMaterialConfiguration name="$l10n_ui_colorMetallicX" params="$l10n_MAN_RED1" material="19" color="0.5605 0.0037 0.0037 0" price="75" />
		<baseMaterialConfiguration name="$l10n_ui_colorMetallicX" params="$l10n_MAN_OLDGREEN" material="19" color="0.1878 0.3006 0.2159 0" price="75" />
		<baseMaterialConfiguration name="$l10n_ui_colorMetallicX" params="$l10n_MAN_BEIGE_2" material="19" color="0.3021 0.2549 0.1734 0" price="75" />
		<baseMaterialConfiguration name="$l10n_ui_colorMetallicX" params="$l10n_BLACK" material="19" color="0 0 0 0" price="75" />
		<baseMaterialConfiguration name="$l10n_ui_colorMetallicX" params="$l10n_TATRA" material="19" color="0.0200 0.2800 0.1900 0" price="75" />
		<baseMaterialConfiguration name="$l10n_ui_colorMetallicX" params="$l10n_BROWN" material="19" color="0.0886 0.0203 0.0012 0" price="75" />
		<baseMaterialConfiguration name="$l10n_ui_colorMetallicX" params="$l10n_BLUE1" material="19" color="0.0000 0.4047 0.7519 0" price="75" />
		<baseMaterialConfiguration name="$l10n_ui_colorMetallicX" params="$l10n_BLUE2" material="19" color="0.0055 0.0170 0.0265 0" price="75" />
		<baseMaterialConfiguration name="$l10n_ui_colorMetallicX" params="$l10n_BLUE3" material="19" color="0 0 0.1098 0" price="75" />
		<baseMaterialConfiguration name="$l10n_ui_colorMetallicX" params="$l10n_BLUE4" material="19" color="0 0 0.8 0" price="75" />
		<baseMaterialConfiguration name="$l10n_ui_colorMetallicX" params="$l10n_BLUE5" material="19" color="0 0.09 0.09 0" price="75" />
		<baseMaterialConfiguration name="$l10n_ui_colorMetallicX" params="$l10n_GREEN1" material="19" color="0.1070 0.2086 0.2462 0" price="75" />
		<baseMaterialConfiguration name="$l10n_ui_colorMetallicX" params="$l10n_GREEN2" material="19" color="0.0265 0.6592 0.3204 0" price="75" />
		<baseMaterialConfiguration name="$l10n_ui_colorMetallicX" params="$l10n_GREEN3" material="19" color="0.0072 0.2758 0.0528 0" price="75" />
		<baseMaterialConfiguration name="$l10n_ui_colorMetallicX" params="$l10n_GREEN4" material="19" color="0.0000 1.0000 0.0415 0" price="75" />
		<baseMaterialConfiguration name="$l10n_ui_colorMetallicX" params="$l10n_GREEN5" material="19" color="0.488 0.687 0.027"  price="75" />
		<baseMaterialConfiguration name="$l10n_ui_colorMetallicX" params="$l10n_PINK/RED" material="19" color="0.8751 0.0017 0.0303 0" price="75" />
		<baseMaterialConfiguration name="$l10n_ui_colorMetallicX" params="$l10n_BERRY" material="19" color="0.1087 0.0210 0.0370 0" price="75" />
		<baseMaterialConfiguration name="$l10n_ui_colorMetallicX" params="$l10n_ORANGE" material="19" color="0.9157 0.1220 0.0066 0" price="75" />
		<baseMaterialConfiguration name="$l10n_ui_colorMetallicX" params="$l10n_YELLOW1" material="19" color="0.8913 0.6456 0.2120 0" price="75" />
		<baseMaterialConfiguration name="$l10n_ui_colorMetallicX" params="$l10n_YELLOW2" material="19" color="0.5054 0.3066 0.0231 0" price="75" />
		<baseMaterialConfiguration name="$l10n_ui_colorMetallicX" params="$l10n_YELLOW3" material="19" color="0.8227 0.9131 0.0000 0" price="75" />
		<baseMaterialConfiguration name="$l10n_ui_colorMetallicX" params="$l10n_YELLOW4" material="19" color="1.0000 0.7231 0.0000 0" price="75" />
		<baseMaterialConfiguration name="$l10n_ui_colorMetallicX" params="$l10n_VIOLET1" material="19" color="0.0802 0.0513 0.7231 0" price="75" />
		<baseMaterialConfiguration name="$l10n_ui_colorMetallicX" params="$l10n_VIOLET2" material="19" color="0.0090 0.0014 0.0619 0" price="75" />
		<baseMaterialConfiguration name="$l10n_ui_colorMetallicX" params="$l10n_NAVY" material="19" color="0 0 0.5019 1" price="75" />
		<baseMaterialConfiguration name="$l10n_ui_colorMetallicX" params="John Deere1" material="19" color="JOHNDEERE_GREEN1" price="75"/>
		<baseMaterialConfiguration name="$l10n_ui_colorMetallicX" params="John Deere2" material="19" color="JOHNDEERE_YELLOW1" price="75"/>
		<baseMaterialConfiguration name="$l10n_ui_colorMetallicX" params="JCB1" material="19" color="JCB_YELLOW1" price="75" />
		<baseMaterialConfiguration name="$l10n_ui_colorMetallicX" params="JCB2" material="19" color="JCB_BLUE_1" price="75" />
		<baseMaterialConfiguration name="$l10n_ui_colorMetallicX" params="Fendt1" material="19" color="FENDT_NEWGREEN1" price="75" />
		<baseMaterialConfiguration name="$l10n_ui_colorMetallicX" params="Fendt2" material="19" color="FENDT_OLDGREEN1" price="75" />
		<baseMaterialConfiguration name="$l10n_ui_colorMetallicX" params="Fendt3" material="19" color="FENDT_BRIGHTGREEN" price="75" />
		<baseMaterialConfiguration name="$l10n_ui_colorMetallicX" params="Fendt4" material="19" color="FENDT_DARKGREEN1" price="75" />
		<baseMaterialConfiguration name="$l10n_ui_colorMetallicX" params="Case IH1" material="19" color="CASEIH_RED1" price="75" />
		<baseMaterialConfiguration name="$l10n_ui_colorMetallicX" params="Challenger1" material="19" color="CHALLENGER_ORANGE1" price="75" />
		<baseMaterialConfiguration name="$l10n_ui_colorMetallicX" params="Challenger2" material="19" color="CHALLENGER_RED1" price="75" />
		<baseMaterialConfiguration name="$l10n_ui_colorMetallicX" params="Challenger3" material="19" color="CHALLENGER_YELLOW1" price="75" />
		<baseMaterialConfiguration name="$l10n_ui_colorMetallicX" params="Claas1" material="19" color="CLAAS_DARKGREY1" price="75" />
		<baseMaterialConfiguration name="$l10n_ui_colorMetallicX" params="Claas2" material="19" color="CLAAS_GREEN1" price="75" />
		<baseMaterialConfiguration name="$l10n_ui_colorMetallicX" params="Claas3" material="19" color="CLAAS_RED1" price="75" />
		<baseMaterialConfiguration name="$l10n_ui_colorMetallicX" params="Dalbo" material="19" color="DALBO_BLUE1" price="75" />
		<baseMaterialConfiguration name="$l10n_ui_colorMetallicX" params="Deutz1" material="19" color="DEUTZ_BEIGE1" price="75" />
		<baseMaterialConfiguration name="$l10n_ui_colorMetallicX" params="Deutz2" material="19" color="DEUTZ_BLUE1" price="75" />
		<baseMaterialConfiguration name="$l10n_ui_colorMetallicX" params="Deutz3" material="19" color="DEUTZ_GREEN1" price="75" />
		<baseMaterialConfiguration name="$l10n_ui_colorMetallicX" params="Lemken1" material="19" color="LEMKEN_BLUE1" price="75" />
		<baseMaterialConfiguration name="$l10n_ui_colorMetallicX" params="Lemken2" material="19" color="LEMKEN_RED1" price="75" />
		<baseMaterialConfiguration name="$l10n_ui_colorMetallicX" params="New Holland1" material="19" color="NEWHOLLAND_BLUE1" price="75" />
		<baseMaterialConfiguration name="$l10n_ui_colorMetallicX" params="New Holland3" material="19" color="NEWHOLLAND_RED1" price="75" />
		<baseMaterialConfiguration name="$l10n_ui_colorMetallicX" params="Massey Ferguson1" material="19" color="MASSEYFERGUSON_RED" price="75" />
		<baseMaterialConfiguration name="$l10n_ui_colorMetallicX" params="Massey Ferguson2" material="19" color="MASSEYFERGUSON_DARK_GREY" price="75" />
		<baseMaterialConfiguration name="$l10n_ui_colorMetallicX" params="Ropa1" material="19" color="ROPA_BLUE" price="75" />
		<baseMaterialConfiguration name="$l10n_ui_colorMetallicX" params="Ropa2" material="19" color="ROPA_GRAY1" price="75" />
		<baseMaterialConfiguration name="$l10n_ui_colorMetallicX" params="Ropa3" material="19" color="ROPA_RED" price="75" />
		<baseMaterialConfiguration name="$l10n_ui_colorMetallicX" params="Ropa4" material="19" color="ROPA_YELLOW" price="75" />
		<baseMaterialConfiguration/> <!-- None #124 -->
    </baseMaterialConfigurations>

    <wearable wearDuration="480" workMultiplier="5" fieldMultiplier="2" showOnHud="false"/>
    <washable dirtDuration="90" washDuration="1" workMultiplier="2" fieldMultiplier="2"/>

    <i3dMappings>
        <i3dMapping id="lizardWeight7500kg_vis" node="0>0" />
        <i3dMapping id="attacherJoint" node="0>0|0" />
        <i3dMapping id="topReferenceNode" node="0>0|1" />
    </i3dMappings>
</vehicle>
