<?xml version="1.0" encoding="utf-8" standalone="no" ?>
<modDesc descVersion="77">
    <author>Macktrucker921</author>
    <version>1.1.0.3</version>
    <title>
        <en>Case IH Magnum 340 - 400 Series Special Edition FL</en>
		<de>Case IH Magnum 340 - 400 Serie Sonderausgabe FL</de>
		<fr>Case IH Magnum 340 - Série 400 Edition Spéciale FL</fr>
    </title>
	
    <description> 
        <en><![CDATA[Case IH Magnum 340 - 400 Series Special Edition FL:

- Base price: $312,000
- Engine configurations from 374-886 Hp.
- Added additional tire configurations.
- Animated steering column tilting and added realistic sounds when entering tractor.
- Tractor, interior, seat, and rims color selectable (63 custom added colors in addition to the standard base game colors.)
- Custom modeled LED beacon lights and an also custom modeled LED beacon light bar on the tractor. All activated by the default beacon light button.
- Added a frontloader and mount.

  CaseIH Frontloader:

- Base price: $10,000
- Can be configured to have frontloader, telehandler, or wheelloader attachments.
- Frame and hydraulic cylinders are color selectable with many added color choices.
- Pairs great with my FS22_largeShovel and FS22_TelehandlerForks mods.

  Lizard Lead Filled Weight 7500 kg:

- Do you have a really big load to lift but other weights are just not enough ballast? There will not be much that this weight can't balance out! Constructed from cast iron and lead filled for extra weight without sacrificing space.

- Weight - 7,500 Kg (16,534 Lbs.)
- Base price: $6,450
_________________________________________________

  Changelog 1.1.0.3
  
- Added additional engine configurations to give the player the option to choose having the updated engine sounds or the original engine sounds.
- Engine descriptions labeled with a "1" such as "Magnum 400 PowerDrive Twin Turbo1", will have the original engine sounds.
- Engine descriptions labeled with a "2" such as "Magnum 400 PowerDrive Twin Turbo2", will have the first new updated engine sounds.
- Engine descriptions labeled with a "3" such as "Magnum 400 PowerDrive Twin Turbo3", will have the second new updated engine sounds.

_________________________________________________

  Changelog 1.1.0.2
  
- Fixed issue that the frontloader mount would cause some tools to "stick" to the mount when detaching when configured with the frontloader attacher. (particularly with my FS22_LargeShovel mod).
- Fixed the issue where the capacity of the saddle tanks would still show on the hud while not configured with the tanks.
- Fixed the issue that the saddle tanks were unable to be unloaded.
- Added Un-realistic capacity configurations to the saddle tanks.
- Added many additional color choices.
- Edited engine sounds.
- Fixed engine model decals showing wear. (metallic looking when worn)
_________________________________________________

  Changelog 1.1.0.1
  
- Fixed issue that the colors would show up as white when configured as Polished Aluminum, Galvanized, Stainless Steel, and Chrome.
- Fixed issue that the engine configuration decals would glitch through other decals.
- Raised the braking force for the higher HP engine configurations.
- Added front wheel weights to various wheel configuration options.
- Added Isaria Pro Compact Sensor as an added configuration. (Only available with Precision Farming).
- Added additional tire type configurations.
- Added many additional wheel weight options.
- Added Fertilizer Saddle Tanks as additional configuration. Capacity 1,800 liters.
- Added 3 tinted window options as an additional configuration.
- Added additional strobe light color options.
_________________________________________________

  Changelog 1.0.0.1

- Fixed issue that only half the strobe lights would light up when activated.
- Upgraded the strobe lights to include red and blue strobes as an added configuration.
- Fixed issue with "floating" decals.

]]>
</en>
<de><![CDATA[Case IH Magnum 340 - 400 Serie Sonderausgabe FL:

- Grundpreis: 312.000 €.
- Motorkonfigurationen von 374 bis 886 PS.
- Zusätzliche Reifenkonfigurationen hinzugefügt.
- Animierte Lenksäulenneigung und realistische Geräusche beim Betreten der Zugmaschine.
- Auswahl an Traktor-, Innenraum-, Sitz- und Radfarben (63 benutzerdefinierte Farben zusätzlich zu den Standardfarben des Basissets).
- Benutzerdefinierte LED-Begrenzungsleuchten und ein benutzerdefinierter LED-Begrenzungslichtbalken am Traktor. Alle diese Elemente werden über die Standardtaste für die Begrenzungsleuchten aktiviert.
- Ein Frontlader und ein Ständer wurden hinzugefügt.

  CaseIH-Frontlader:

- Grundpreis: 10.000 €
- Kann so konfiguriert werden, dass er mit einem Frontlader, Teleskoplader oder Radlader ausgestattet werden kann.
- Der Rahmen und die Hydraulikzylinder können eingefärbt werden und viele andere Farben sind erhältlich.
- Passt hervorragend zu meinen Mods FS22_largeShovel und FS22_TelehandlerForks.

  Lizard Bleigefüllt Gewicht 7500 kg:

- Haben Sie eine wirklich große Last zu heben, aber andere Gewichte sind einfach nicht genug Ballast? Es gibt nicht viel, was dieses Gewicht nicht ausgleichen kann! Hergestellt aus Gusseisen und mit Blei gefüllt für zusätzliches Gewicht ohne Platzverlust.

- Gewicht - 7.500 kg (16.534 Lbs.)
- Grundpreis: 6.450 €.
_________________________________________________

  Changelog 1.1.0.3
  
- Es wurden zusätzliche Motorkonfigurationen hinzugefügt, um dem Spieler die Möglichkeit zu geben, zwischen den aktualisierten Motorensounds und den Original-Motorsounds zu wählen.
- Motorbeschreibungen, die mit einer "1" gekennzeichnet sind, wie z. B. "Magnum 400 PowerDrive Twin Turbo1", haben die originalen Motorengeräusche.
- Motorbeschreibungen, die mit einer "2" gekennzeichnet sind, wie z. B. "Magnum 400 PowerDrive Twin Turbo2", haben die ersten neuen aktualisierten Motorgeräusche.
- Motorbeschreibungen, die mit einer "3" gekennzeichnet sind, wie z. B. "Magnum 400 PowerDrive Twin Turbo3", haben die zweiten neuen aktualisierten Motorgeräusche.

_________________________________________________

  Changelog 1.1.0.2
  
- Ein Problem wurde behoben, bei dem die Frontladerhalterung dazu führte, dass einige Werkzeuge an der Halterung "klebten", wenn sie entfernt wurden, wenn sie mit der Frontladerhalterung konfiguriert waren. (Speziell bei meinem FS22_LargeShovel-Mod).
- Es wurde ein Problem behoben, bei dem das Fassungsvermögen der Satteltanks weiterhin auf dem Hud angezeigt wurde, obwohl sie nicht mit den Tanks konfiguriert waren.
- Das Problem, dass die Satteltanks nicht entladen werden konnten, wurde behoben.
- Es wurden unrealistische Kapazitätskonfigurationen für die Satteltanks hinzugefügt.
- Viele zusätzliche Farbauswahlen wurden hinzugefügt.
- Die Motorengeräusche wurden überarbeitet.
- Abnutzungserscheinungen an den Aufklebern der Motormodellnummern wurden behoben. (metallisches Aussehen bei Abnutzung).
_________________________________________________

  Changelog 1.1.0.1
  
- Es wurde ein Problem behoben, das dazu führte, dass Farben bei der Konfiguration in poliertem Aluminium, verzinktem Stahl, Edelstahl und Chrom weiß erschienen.
- Es wurde ein Problem behoben, bei dem die Aufkleber der Motorkonfiguration durch andere Aufkleber hindurch zu sehen waren.
- Die Gewichte der Vorderräder wurden zu den verschiedenen Radkonfigurationsoptionen hinzugefügt.
- Der Isaria Pro Compact Sensor wurde als zusätzliche Konfiguration hinzugefügt. (Nur verfügbar mit Precision Farming).
- Zusätzliche Reifentypen-Konfigurationen wurden hinzugefügt.
- Viele zusätzliche Radgewichtsoptionen wurden hinzugefügt.
- Hinzufügen von Satteldüngertanks als zusätzliche Konfiguration. 1.800 Liter Fassungsvermögen.
- Es wurden 3 Optionen für getönte Scheiben als zusätzliche Konfiguration hinzugefügt.
- Zusätzliche Farboptionen für das Stroboskoplicht hinzugefügt.
_________________________________________________

  Changelog 1.0.0.1

- Es wurde das Problem behoben, dass nur die Hälfte der Stroboskoplichter aufleuchtete, wenn sie aktiviert wurden.
- Die Stroboskoplichter wurden um rote und blaue Stroboskoplichter als zusätzliche Konfiguration erweitert.
- Ein Problem mit "schwebenden" Aufklebern wurde behoben.

]]>
</de>
<fr><![CDATA[Case IH Magnum 340 - Série 400 Edition Spéciale FL :

- Prix de base : 312 000 €.
- Configurations de moteurs de 374 à 886 Hp.
- Ajout de configurations de pneus supplémentaires.
- Inclinaison animée de la colonne de direction et ajout de sons réalistes lors de l'entrée dans le tracteur.
- Choix de la couleur du tracteur, de l'intérieur, du siège et des jantes (63 couleurs personnalisées ajoutées en plus des couleurs standard du jeu de base).
- Feux de balisage LED personnalisés et une barre de feux de balisage LED également personnalisée sur le tracteur. Tous ces éléments sont activés par le bouton de feux de balisage par défaut.
- Ajout d'un chargeur frontal et d'un support.

  Chargeur frontal CaseIH :

- Prix de base : 10 000
- Peut être configuré pour être équipé d'un chargeur frontal, d'un télescopique ou d'un chargeur sur roues.
- Le châssis et les vérins hydrauliques peuvent être colorés et de nombreuses autres couleurs sont disponibles.
- S'adapte parfaitement à mes mods FS22_largeShovel et FS22_TelehandlerForks.

  Poids rempli de plomb de Lizard 7500 kg :

- Vous avez une très grosse charge à soulever, mais les autres poids ne sont pas assez lestés ? Il n'y a pas grand-chose que ce poids ne puisse compenser ! Fabriqué en fonte et rempli de plomb pour un poids supplémentaire sans sacrifier l'espace.

- Poids - 7.500 kg (16.534 Lbs.)
- Prix de base : 6.450 €.
_________________________________________________

  Changelog 1.1.0.3
  
- Ajout de configurations de moteur supplémentaires pour permettre au joueur de choisir entre les sons de moteur mis à jour et les sons de moteur originaux.
- Les descriptions de moteur marquées d'un "1", telles que "Magnum 400 PowerDrive Twin Turbo1", ont les sons de moteur d'origine.
- Les descriptions de moteurs accompagnées d'un "2", telles que "Magnum 400 PowerDrive Twin Turbo2", seront accompagnées des premiers nouveaux sons de moteur mis à jour.
- Les descriptions de moteurs comportant un "3", telles que "Magnum 400 PowerDrive Twin Turbo3", seront accompagnées de la deuxième nouvelle mise à jour des sons du moteur.
_________________________________________________

  Changelog 1.1.0.2
  
- Correction d'un problème où le support de chargeur frontal faisait que certains outils "collaient" au support lorsqu'ils étaient retirés s'ils étaient configurés avec le support de chargeur frontal. (Spécifiquement avec mon mod FS22_LargeShovel).
- Correction d'un problème où la capacité des réservoirs de selle continuait à s'afficher sur le hud alors qu'ils n'étaient pas configurés avec les réservoirs.
- Correction d'un problème où les réservoirs de selle ne pouvaient pas être déchargés.
- Ajout de configurations de capacité irréalistes pour les réservoirs de selle.
- Ajout de nombreux choix de couleurs supplémentaires.
- Les sons des moteurs ont été révisés.
- L'usure des décalcomanies des numéros de modèles de moteurs a été corrigée. (aspect métallique lorsqu'elles sont usées).
_________________________________________________

  Changelog 1.1.0.1
  
- Correction d'un problème qui faisait que les couleurs apparaissaient en blanc lorsqu'elles étaient configurées en aluminium poli, galvanisé, acier inoxydable et chrome.
- Correction d'un problème qui faisait que les décalcomanies de la configuration du moteur passaient au travers des autres décalcomanies.
- Ajout des poids des roues avant aux différentes options de configuration des roues.
- Ajout du capteur Isaria Pro Compact en tant que configuration supplémentaire. (Uniquement disponible avec L'agriculture de Précision).
- Ajout de configurations de types de pneus supplémentaires.
- Ajout de nombreuses options de poids de roue supplémentaires.
- Ajout de réservoirs d'engrais en selle en tant que configuration supplémentaire. Capacité de 1 800 litres.
- Ajout de 3 options pour les vitres teintées en tant que configuration supplémentaire.
- Ajout d'options de couleurs supplémentaires pour les lumières stroboscopiques.
_________________________________________________

  Changelog 1.0.0.1

- Correction du problème où seule la moitié des lumières stroboscopiques s'allumait lorsqu'elles étaient activées.
- Ajout de lumières stroboscopiques rouges et bleues comme configuration supplémentaire aux lumières stroboscopiques.
- Correction d'un problème avec les autocollants "flottants".

]]>
</fr>
    </description>
    <iconFilename>icon_magnumSE_FL.dds</iconFilename>
    <multiplayer supported="true" />
	
    <storeItems>
		<storeItem xmlFilename="magnumSE_FL.xml" />   
		<storeItem xmlFilename="caseIH_frontloader.xml" />
		<storeItem xmlFilename="lizardWeight7500kg.xml" />
    </storeItems>

    <l10n> 		
		<text name="configuration_tractorColor"> <en>Main Body Color</en> <de>Hauptfarbe</de> <fr>Couleur Du Corps Principal</fr> </text>
		<text name="configuration_interiorColor"> <en>Interior Color</en> <de>Innenraumfarbe</de> <fr>Couleur Intérieure</fr> </text>
		<text name="configuration_seatColor"> <en>Seat Color</en> <de>Sitzfarbe</de> <fr>Couleur Du Siège</fr> </text>		
		<text name="configuration_mount"> <en>Loader Mount Type</en> <de>Laderbefestigung Typ</de> <fr>Type de montage pour chargeur frontal</fr> </text>
		<text name="configuration_frontloader"><en>Frontloader</en><de>Frontlader</de><fr>Chargeur frontal</fr></text>
		<text name="configuration_telehandler"><en>Telehandler</en><de>Teleskoplader</de><fr>Chariot télescopique</fr></text>
		<text name="configuration_wheelLoader"> <en>Wheel Loader</en><de>Radlader</de><fr>Chargeuse sur pneus</fr></text>
		<text name="configuration_warningSigns"> <en>Warning Signs</en><de>Warnschilder</de><fr>Signes d'alerte</fr></text>
		<text name="configuration_valueWheelWeightsBackDual"> <en>Twin Wheel Weights</en><de>Zwillingsradgewichte</de><fr>Poids pour les roues jumelées</fr></text>
		<text name="configuration_valueWheelWeightsFront"> <en>Front Weights</en><de>Vordere Gewichte</de><fr>Poids à l'avant</fr></text>
		<text name="configuration_valueWheelWeightsFrontDual"> <en>Twin Front Weights</en><de>Doppelte Frontgewichte</de><fr>Deux poids frontaux</fr></text>
		<text name="configuration_valueWheelBroadWeightsBackDual"> <en>Wide Tires + Twin Weights</en><de>Breite Reifen + Zwillingsgewichte</de><fr>Pneus larges + poids jumelés</fr></text>
		<text name="configuration_valueWheelBroadWeightsFront"> <en>Wide Tires + Front Weights</en><de>Breitreifen + Gewichte vorne</de><fr>Pneus larges + masses avant</fr></text>
		<text name="configuration_valueWheelBroadWeightsFrontDual"> <en>Wide Tires + Twin Front Weights</en><de>Breite Reifen + Doppelgewichte vorne</de><fr>Pneus larges + poids doubles à l'avant</fr></text>
		<text name="configuration_valueWheelFlotation"> <en>Flotation Tires</en><de>Flotation-Reifen</de><fr>Pneus de flottaison</fr></text>
		<text name="configuration_valueWheelFlotationWeights"> <en>Flotation Tires + Weights</en><de>Flotation-Reifen + Gewichte</de><fr>Pneus de flottaison + poids</fr></text>
		<text name="configuration_valueWheelFlotationWeightsBackDual"> <en>Flotation Tires + Twin Weights</en><de>Flotation-Reifen + Zwillingsgewichte</de><fr>Pneus de flottaison + poids jumelés</fr></text>
		<text name="configuration_valueWheelFlotationWeightsFront"> <en>Flotation Tires + Front Weights</en><de>Flotation-Reifen + Frontgewichte</de><fr>Pneus de flottaison + poids à l'avant</fr></text>
		<text name="configuration_valueWheelFlotationWeightsFrontDual"> <en>Flotation Tires + Twin Front Weights</en><de>Flotation-Reifen + doppeltes Frontgewicht</de><fr>Pneus de flottaison + poids double à l'avant</fr></text>
		<text name="configuration_valueTwinWheelsFrontWeights"> <en>Twin Tires + Front Weights</en><de>Zwillingsbereifung + Gewichte vorne</de><fr>Pneus jumelés + poids à l'avant</fr></text>
		<text name="configuration_valueTwinWheelsFrontWeightsDual"> <en>Twin Tires + Front Twin Weights</en><de>Doppelbereifung + Doppelgewichte vorne</de><fr>Pneus jumelés + poids jumelés à l'avant</fr></text>
		<text name="configuration_valueTwinWheelsBackWeights"> <en>Twin Tires + Rear Weights</en><de>Zwillingsbereifung + Gewichte hinten</de><fr>Pneus jumelés + poids à l'arrière</fr></text>
		<text name="configuration_valueTwinWheelsBackWeightsDual"> <en>Twin Tires + Twin Rear Weights</en><de>Doppelbereifung + Doppelgewichte hinten</de><fr>Pneus jumelés + poids arrière jumelés</fr></text>
		<text name="configuration_valueTwinWheelsAllWeightsDual"> <en>All Twin Tires + Rear Twin Weights</en><de>Doppelbereifung + Doppelgewichte hinten</de><fr>Pneus jumelés + poids jumelés à l'arrière</fr></text>
		<text name="configuration_valueTwinWheelsAllFrontWeights"> <en>All Twin Tires + Front Weights</en><de>Alle Zwillingsreifen + Gewichte vorne</de><fr>Tous les pneus jumelés + poids à l'avant</fr></text>
		<text name="configuration_valueTwinWheelsAllFrontWeightsDual"> <en>All Twin Tires + Front Twin Weights</en><de>Doppelbereifung + Doppelgewichte vorne</de><fr>Pneus jumelés + poids jumelés à l'avant</fr></text>
		<text name="configuration_valueCrawlerWeights"> <en>Crawler + Front Weights</en><de>Raupenfahrzeug + Frontgewichte</de><fr>Chenille + poids avant</fr></text>
		<text name="configuration_valueCrawlerBroadWeights"> <en>Crawler Wide + Front Weights</en><de>Breites Gleis + Frontgewicht</de><fr>Voie large + poids l'avant</fr></text>
		<text name="configuration_valueChaffCompactorBroad"> <en>Spiked Chaff Compactor</en><de>Stachelspreuverdichter</de><fr>Compacteur de paillettes à pointes</fr></text>
		<text name="configuration_windows"> <en>Windows</en><de>Fenster</de><fr>Fenêtres</fr></text>
		<text name="configuration_valueTinted1"> <en>Tint Style 1</en><de>Stil der Tönung 1</de><fr>Style de la teinte 1</fr></text>
		<text name="configuration_valueTinted2"> <en>Tint Style 2</en><de>Stil der Tönung 2</de><fr>Style de la teinte 2</fr></text>
		<text name="configuration_valueTinted3"> <en>Tint Style 3</en><de>Stil der Tönung 3</de><fr>Style de la teinte 3</fr></text> 
		<text name="configuration_saddleTanks"> <en>Liquid Fertilizer Tanks</en><de>Flüssigdüngertanks</de><fr>Réservoirs d'engrais liquides</fr></text>
		<text name="configuration_saddleTankColor"> <en>Saddle Tank Color</en><de>Farbe des Satteltanks</de><fr>Couleur du réservoir de selle</fr></text>
		<text name="configuration_valueUnrealistic1"> <en>Liquid Fert. Tanks-Unreal. Cap.1</en><de>Flüssigdünger. Tanks unwirklich. Füllen.1</de><fr>Engrais liquide. Réservoirs irréels. Remplir.1</fr></text>
		<text name="configuration_valueUnrealistic2"> <en>Liquid Fert. Tanks-Unreal. Cap.2</en><de>Flüssigdünger. Tanks unwirklich. Füllen.2</de><fr>Engrais liquide. Réservoirs irréels. Remplir.2</fr></text>
		<text name="configuration_valueUnrealistic3"> <en>Liquid Fert. Tanks-Unreal. Cap.3</en><de>Flüssigdünger. Tanks unwirklich. Füllen.3</de><fr>Engrais liquide. Réservoirs irréels. Remplir.3</fr></text>
		<text name="configuration_valueUnrealistic4"> <en>Liquid Fert. Tanks-Unreal. Cap.4</en><de>Flüssigdünger. Tanks unwirklich. Füllen.4</de><fr>Engrais liquide. Réservoirs irréels. Remplir.4</fr></text>
		<text name="configuration_LEDstrobes"><en>LED Strobe Options</en><de>LED-Stroboskop-Optionen</de><fr>Options de stroboscope à LED</fr></text>
		<text name="configuration_LEDcornerYellow"><en>LED Corner Strobes - Yellow</en><de>LED-Eckblitzleuchten - Gelb</de><fr>Strobes d'angle à LED - Jaune</fr></text>
		<text name="configuration_LEDlightbarYellow"><en>LED Lightbar - Yellow</en><de>LED-Lichtleiste - Gelb</de><fr>Barre lumineuse à LED - Jaune</fr></text>
		<text name="configuration_LED_all_yellow"><en>All LED Strobes - Yellow</en><de>Alle LED-Blitzlichter - Gelb</de><fr>Tous les Strobes à LED - Jaune</fr></text>
		<text name="configuration_LEDcornerRed"><en>LED Corner Strobes - Red</en><de>LED-Eckblitzleuchten - Rot</de><fr>Strobes d'angle à LED - Rouge</fr></text>
		<text name="configuration_LEDlightbarRed"><en>LED Lightbar - Red</en><de>LED-Lichtleiste - Rot</de><fr>Barre lumineuse à LED - Rouge</fr></text>
		<text name="configuration_LED_all_red"><en>All LED Strobes - Red</en><de>Alle LED-Stroboskope - Rot</de><fr>Tous les Strobes à LED - Rouge</fr></text>
		<text name="configuration_LEDcornerBlue"><en>LED Corner Strobes - Blue</en><de>LED-Eckleuchten - Blau</de><fr>Strobes d'angle à LED - Bleu</fr></text>
		<text name="configuration_LEDlightbarBlue"><en>LED Lightbar - Blue</en><de>LED-Lichtleiste - Blau</de><fr>Barre lumineuse à LED - Bleu</fr></text>
		<text name="configuration_LED_all_blue"><en>All LED Strobes - Blue</en><de>Alle LED-Stroboskope - Blau</de><fr>Tous les Strobes à LED - Bleu</fr></text>
		<text name="configuration_LEDcornerYellowWhite"><en>LED Corner Strobes - Yellow/White</en><de>LED-Eckblitzleuchten - Gelb/Weiß</de><fr>Strobes d'angle à LED - Jaune/Blanc</fr></text>
		<text name="configuration_LEDlightbarYellowWhite"><en>LED Lightbar - Yellow/White</en><de>LED-Lichtleiste - Gelb/Weiß</de><fr>Barre lumineuse à LED - Jaune/Blanc</fr></text>
		<text name="configuration_LED_all_yellowWhite"><en>All LED Strobes - Yellow/White</en><de>Alle LED-Blitzlichter - Gelb/Weiß</de><fr>Tous les Strobes à LED - Jaune/Blanc</fr></text>
		<text name="configuration_LEDcornerRedBlue"><en>LED Corner Strobes - Red/Blue</en><de>LED-Eckblitzleuchten - Rot/Blau</de><fr>Strobes d'angle à LED - Rouge/Bleu</fr></text>
		<text name="configuration_LEDlightbarRedBlue"><en>LED Lightbar - Red/Blue</en><de>LED-Lichtleiste - Rot/Blau</de><fr>Barre lumineuse à LED - Rouge/Bleu</fr></text>
		<text name="configuration_LED_all_redBlue"><en>All LED Strobes - Red/Blue</en><de>Alle LED-Stroboskope - Rot/Blau</de><fr>Tous les Strobes à LED - Rouge/Bleu</fr></text>
		<text name="configuration_LEDcornerRedWhiteBlue"><en>LED Corner Strobes - Red/White/Blue</en><de>LED-Eckleuchten - Rot/Weiß/Blau</de><fr>Strobes d'angle à LED - Rouge/Blanc/Bleu</fr></text>
		<text name="configuration_LEDlightbarRedWhiteBlue"><en>LED Lightbar - Red/White/Blue</en><de>LED-Lichtleiste - Rot/Weiß/Blau</de><fr>Barre lumineuse à LED - Rouge/Blanc/Bleu</fr></text>
		<text name="configuration_LED_all_redWhiteBlue"><en>All LED Strobes - Red/White/Blue</en><de>Alle LED-Stroboskope - Rot/Weiß/Blau</de><fr>Tous les Strobes à LED - Rouge/Blanc/Bleu</fr></text>
		<text name="configuration_LEDcornerPinkPurple"><en>LED Corner Strobes - Pink/Purple</en><de>LED-Eckblitzleuchten - Rosa/Lila</de><fr>Strobes d'angle à LED - Rose/Mauve</fr></text>
		<text name="configuration_LEDlightbarPinkPurple"><en>LED Lightbar - Pink/Purple</en><de>LED-Lichtleiste - Rosa/Lila</de><fr>Barre lumineuse à LED - Rose/Mauve</fr></text>
		<text name="configuration_LED_all_pinkPurple"><en>All LED Strobes - Pink/Purple</en><de>Alle LED-Blitzlichter - Rosa/Lila</de><fr>Tous les Strobes à LED - Rose/Mauve</fr></text>
		<text name="configuration_LEDcornerBlueWhite"><en>LED Corner Strobes - Blue/White</en><de>LED-Eckblitzleuchten - Blau/Weiß</de><fr>Strobes d'angle à LED - Bleu/Blanc</fr></text>
		<text name="configuration_LEDlightbarBlueWhite"><en>LED Lightbar - Blue/White</en><de>LED-Lichtleiste - Blau/Weiß</de><fr>Barre lumineuse à LED - Bleu/Blanc</fr></text>
		<text name="configuration_LED_all_blueWhite"><en>All LED Strobes - Blue/White</en><de>Alle LED-Stroboskope - Blau/Weiß</de><fr>Tous les Strobes à LED - Bleu/Blanc</fr></text>
		<text name="configuration_LEDcornerGreenWhite"><en>LED Corner Strobes - Green/White</en><de>LED-Eckleuchten - Grün/Weiß</de><fr>Strobes d'angle à LED - Vert/Blanc</fr></text>
		<text name="configuration_LEDlightbarGreenWhite"><en>LED Lightbar - Green/White</en><de>LED-Lichtleiste - Grün/Weiß</de><fr>Barre lumineuse à LED - Vert/Blanc</fr></text>
		<text name="configuration_LED_all_greenWhite"><en>All LED Strobes - Green/White</en><de>Alle LED-Stroboskope - Grün/Weiß</de><fr>Tous les Strobes à LED - Vert/Blanc</fr></text>
		<text name="configuration_LEDcornerGreen"><en>LED Corner Strobes - Green</en><de>LED-Eckblitzleuchten - Grün</de><fr>Strobes d'angle à LED - Vert</fr></text>
		<text name="configuration_LEDlightbarGreen"><en>LED Lightbar - Green</en><de>LED-Lichtleiste - Grün</de><fr>Barre lumineuse à LED - Vert</fr></text>
		<text name="configuration_LED_all_green"><en>All LED Strobes - Green</en><de>Alle LED-Blitzlichter - Grün</de><fr>Tous les Strobes à LED - Vert</fr></text>
		<text name="configuration_LEDcornerWhite"><en>LED Corner Strobes - White</en><de>LED-Eckblitzleuchten - Weiß</de><fr>Strobes d'angle à LED - Blanc</fr></text>
		<text name="configuration_LEDlightbarWhite"><en>LED Lightbar - White</en><de>LED-Lichtleiste - Weiß</de><fr>Barre lumineuse à LED - Blanc</fr></text>
		<text name="configuration_LED_all_white"><en>All LED Strobes - White</en><de>Alle LED-Stroboskope - Weiß</de><fr>Tous les Strobes à LED - Blanc</fr></text>
		<text name="configuration_LEDcornerPink"><en>LED Corner Strobes - Pink</en><de>LED-Eckleuchten - Rosa</de><fr>Strobes d'angle à LED - Rose</fr></text>
		<text name="configuration_LEDlightbarPink"><en>LED Lightbar - Pink</en><de>LED-Lichtleiste - Rosa</de><fr>Barre lumineuse à LED - Rose</fr></text>
		<text name="configuration_LED_all_pink"><en>All LED Strobes - Pink</en><de>Alle LED-Stroboskope - Rosa</de><fr>Tous les Strobes à LED - Rose</fr></text>
		<text name="configuration_LEDcornerPurple"><en>LED Corner Strobes - Purple</en><de>LED-Eckblitzleuchten - Lila</de><fr>Strobes d'angle à LED - Mauve</fr></text>
		<text name="configuration_LEDlightbarPurple"><en>LED Lightbar - Purple</en><de>LED-Lichtleiste - Lila</de><fr>Barre lumineuse à LED - Mauve</fr></text>
		<text name="configuration_LED_all_purple"><en>All LED Strobes - Purple</en><de>Alle LED-Blitzlichter - Lila</de><fr>Tous les Strobes à LED - Mauve</fr></text>
		
		<text name="GREYSTANDARD"> <en>Standard Grey</en> <de>Standardgrau</de> <fr>Gris standard</fr> </text>
		<text name="JETBLACKGLOSS"> <en>Jet Black Gloss</en> <de>Tiefschwarzer Glanz</de> <fr>Noir De Jais brillant</fr> </text>
		<text name="JETBLACKFLAT"> <en>Jet Black Flat</en> <de>Tiefschwarze Wohnung</de> <fr>Noir Jais Plat</fr> </text>
		<text name="POLISHEDALUMINUM"> <en>Polished Aluminum</en> <de>Poliertes Aluminium</de> <fr>Aluminium poli</fr> </text>
		<text name="GALVANIZED"> <en>Galvanized</en> <de>Verzinkt</de> <fr>Galvanisé</fr> </text>
		<text name="MAN_RED1"> <en>Man Red1</en> <de>Mann Rot1</de> <fr>Homme Rouge1</fr> </text>
		<text name="MAN_OLDGREEN"> <en>Man Old Green</en> <de>Mann alt grün</de> <fr>Homme Vieux Vert</fr> </text>
		<text name="MAN_BEIGE_2"> <en>Man Beige2</en> <de>Man Beige2</de> <fr>Man Beige2</fr> </text>
		<text name="BLACK"> <en>Black</en> <de>Schwarz</de> <fr>Noir</fr> </text>
		<text name="TATRA"> <en>Tatra</en> <de>Tatra</de> <fr>Tatras</fr> </text>
		<text name="BROWN"> <en>Brown</en> <de>Braun</de> <fr>Brun</fr> </text>
		<text name="BLUE1"> <en>Blue1</en> <de>Blau1</de> <fr>Bleu1</fr> </text>
		<text name="BLUE2"> <en>Blue2</en> <de>Blau2</de> <fr>Bleu2</fr> </text>
		<text name="BLUE3"> <en>Blue3</en> <de>Blau3</de> <fr>Bleu3</fr> </text>
		<text name="BLUE4"> <en>Blue4</en> <de>Blau4</de> <fr>Bleu4</fr> </text>
		<text name="BLUE5"> <en>Blue5</en> <de>Blau5</de> <fr>Bleu5</fr> </text>
		<text name="GREEN1"> <en>Green1</en> <de>Grün1</de> <fr>Vert1</fr> </text>
		<text name="GREEN2"> <en>Green2</en> <de>Grün2</de> <fr>Vert2</fr> </text>
		<text name="GREEN3"> <en>Green3</en> <de>Grün3</de> <fr>Vert3</fr> </text>
		<text name="GREEN4"> <en>Green4</en> <de>Grün4</de> <fr>Vert4</fr> </text>
		<text name="GREEN5"> <en>Green5</en> <de>Grün5</de> <fr>Vert5</fr> </text>
		<text name="PINK/RED"> <en>Pink/Red</en> <de>Pink/Rot</de> <fr>Rose/Rouge</fr> </text>
		<text name="BERRY"> <en>Berry</en> <de>Beere</de> <fr>Baie</fr> </text>
		<text name="WHITE"> <en>White</en> <de>Weiß</de> <fr>Blanc</fr> </text>
		<text name="ORANGE"> <en>Orange</en> <de>Orange</de> <fr>Orange</fr> </text>
		<text name="DARKGRAY"> <en>Dark Gray</en> <de>Dunkelgrau</de> <fr>Gris Foncé</fr> </text>
		<text name="YELLOW1"> <en>Yellow1</en> <de>Gelb1</de> <fr>Jaune1</fr> </text>
		<text name="YELLOW2"> <en>Yellow2</en> <de>Gelb2</de> <fr>Jaune2</fr> </text>
		<text name="YELLOW3"> <en>Yellow3</en> <de>Gelb3</de> <fr>Jaune3</fr> </text>
		<text name="YELLOW4"> <en>Yellow4</en> <de>Gelb4</de> <fr>Jaune4</fr> </text>
		<text name="VIOLET1"> <en>Violet1</en> <de>Violett1</de> <fr>Violet1</fr> </text>
		<text name="VIOLET2"> <en>Violet2</en> <de>Violett2</de> <fr>Violet2</fr> </text>
		<text name="NAVY"> <en>Navy Blue</en> <de>Navy Blau</de> <fr>Bleu marine</fr> </text>
		<text name="CONSTRUCTIONYELLOW"> <en>Construction Yellow</en> <de>Konstruktion Gelb</de> <fr>Construction jaune</fr> </text>
		<text name="CONSTRUCTIONBLACK"> <en>Construction Black</en> <de>Konstruktion Schwarz</de> <fr>Noir de construction</fr> </text>
    </l10n>
</modDesc>
