<?xml version="1.0" encoding="utf-8" standalone="no" ?>
<vehicle type="pallet" xmlns:xsi="http://www.w3.org/2001/XMLSchema-instance" xsi:noNamespaceSchemaLocation="../../../../shared/xml/schema/vehicle.xsd">
    <storeData>
        <name>$l10n_shopItem_lumiGenTank</name>
        <functions>
            <function>$l10n_function_lumiGenTank</function>
        </functions>
        <specs>
            <capacity>2000</capacity>
            <fillTypes>LUMIGEN</fillTypes>
            <weight ignore="true"/>
        </specs>
        <image>liquidTank/store_lumiGenTank.dds</image>
        <price>3625</price>
        <allowLeasing>false</allowLeasing>
        <canBeSold>false</canBeSold>
        <showInStore>false</showInStore>
        <rotation>0</rotation>
        <shopHeight>2</shopHeight>
        <brand>CORTEVA</brand>
        <category>pallets</category>
        <financeCategory>PURCHASE_SEEDS</financeCategory>

        <storeIconRendering>
            <settings cameraXRot="-15" cameraYRot="25" />
        </storeIconRendering>
        <vertexBufferMemoryUsage>81152</vertexBufferMemoryUsage>
        <indexBufferMemoryUsage>16896</indexBufferMemoryUsage>
        <textureMemoryUsage>1376256</textureMemoryUsage>
        <audioMemoryUsage>0</audioMemoryUsage>
        <instanceVertexBufferMemoryUsage>0</instanceVertexBufferMemoryUsage>
        <instanceIndexBufferMemoryUsage>0</instanceIndexBufferMemoryUsage>
    </storeData>

    <base>
        <typeDesc>$l10n_typeDesc_pallet</typeDesc>
        <filename>liquidTank/lumiGenTank.i3d</filename>
        <size width="1.6" length="1.6" height="1.6" />
        <input allowed="false"/>
        <canBeReset>false</canBeReset>
        <components maxMass="850">
            <component centerOfMass="0 0.1 0" solverIterationCount="10" mass="100" />
        </components>
        <showInVehicleMenu>false</showInVehicleMenu>
        <mapHotspot available="false" />
    </base>

    <fillUnit>
        <fillUnitConfigurations>
            <fillUnitConfiguration>
                <fillUnits removeVehicleIfEmpty="true">
                    <fillUnit unitTextOverride="$l10n_unit_literShort" fillTypes="LUMIGEN" capacity="2000" startFillType="LUMIGEN" startFillLevel="2000" ignoreFillLimit="true">
                        <fillRootNode node="0>"/>
                    </fillUnit>
                </fillUnits>
            </fillUnitConfiguration>
        </fillUnitConfigurations>
    </fillUnit>

    <fillTriggerVehicle triggerNode="fillTrigger" fillUnitIndex="1" litersPerSecond="200"/>

    <dynamicMount triggerNode="dynamicMountTrigger" triggerForceAcceleration="5" additionalMountDistance="1.5" jointTransY="0.11" jointLimitToRotY="true"/>

    <dischargeable requiresTipOcclusionArea="false" >
        <dischargeNode node="dischargeNode" emptySpeed="200" fillUnitIndex="1" maxDistance="6" canStartDischargeAutomatically="true" />
    </dischargeable>

    <tensionBeltObject>
        <meshNodes>
            <meshNode node="lumiGenTank_vis"/>
        </meshNodes>
    </tensionBeltObject>

    <i3dMappings>
        <i3dMapping id="dynamicMountTrigger" node="0>0|0" />
        <i3dMapping id="fillTrigger" node="0>0|1" />
        <i3dMapping id="dischargeNode" node="0>0|2" />
        <i3dMapping id="lumiGenTank_vis" node="0>2|0" />
    </i3dMappings>
</vehicle>
