<?xml version="1.0" encoding="utf-8" standalone="no" ?>
<vehicle type="multipleItemPurchase" xmlns:xsi="http://www.w3.org/2001/XMLSchema-instance" xsi:noNamespaceSchemaLocation="../../../../shared/xml/schema/vehicle.xsd">
    <storeData>
        <name>$l10n_shopItem_lumiGenTank</name>
        <functions>
            <function>$l10n_function_lumiGenTank</function>
        </functions>
        <specs>
            <weight ignore="true"/>
        </specs>
        <image>liquidTank/store_lumiGenTank.dds</image>
        <price>3625</price>
        <allowLeasing>false</allowLeasing>
        <canBeSold>false</canBeSold>
        <rotation>0</rotation>
        <shopHeight>2</shopHeight>
        <brand>CORTEVA</brand>
        <category>pallets</category>
        <financeCategory>PURCHASE_SEEDS</financeCategory> <!-- Seed treatment so update that category -->
        <vertexBufferMemoryUsage>768</vertexBufferMemoryUsage>
        <indexBufferMemoryUsage>256</indexBufferMemoryUsage>
        <textureMemoryUsage>65536</textureMemoryUsage>
        <audioMemoryUsage>0</audioMemoryUsage>
        <instanceVertexBufferMemoryUsage>0</instanceVertexBufferMemoryUsage>
        <instanceIndexBufferMemoryUsage>0</instanceIndexBufferMemoryUsage>
    </storeData>

    <base>
        <typeDesc>$l10n_fillType_lumiGen</typeDesc>
        <filename>$data/objects/buyableBales/buyableBale.i3d</filename>
        <size width="4" length="4" />
        <components>
            <component centerOfMass="0 0 0" solverIterationCount="10" mass="100"/>
        </components>
    </base>

    <fillUnit>
        <fillUnitConfigurations>
            <fillUnitConfiguration>
                <fillUnits>
                    <fillUnit fillTypes="LUMIGEN" capacity="2000" />
                </fillUnits>
            </fillUnitConfiguration>
        </fillUnitConfigurations>
    </fillUnit>

    <multipleItemPurchase filename="liquidTank/lumiGenTank.xml" isVehicle="true">
        <offsets>
            <offset amount="2" offset="0.4 0 0"/>
            <offset amount="3" offset="0.4 0 0.4"/>
        </offsets>

        <itemPositions>
            <itemPosition position="0 0 0" rotation="0 0 0"/>
            <itemPosition position="-1.6 0 0" rotation="0 0 0"/>
            <itemPosition position="0 0 -1.6" rotation="0 0 0"/>
            <itemPosition position="-1.6 0 -1.6" rotation="0 0 0"/>
        </itemPositions>
    </multipleItemPurchase>

    <multipleItemPurchaseAmountConfigurations>
        <multipleItemPurchaseAmountConfiguration name="1" price="0"/>
        <multipleItemPurchaseAmountConfiguration name="2" price="3625"/>

        <!-- Remove $50 a pallet for purchasing in bulk > 2 -->
        <multipleItemPurchaseAmountConfiguration name="3" price="7100"/>
        <multipleItemPurchaseAmountConfiguration name="4" price="10675"/>
    </multipleItemPurchaseAmountConfigurations>
</vehicle>
