<?xml version="1.0" encoding="utf-8" standalone="no" ?>
<wheel>
    <default>
        <physics radius="0.413" width="0.315" mass="0.089" tireType="street" frictionScale="1.60" maxLongStiffness="8" maxLatStiffness="100" maxLatStiffnessLoad="2" />
        <tire filename="wheels/lizard/FD690_245_70_R19.5.i3d" nodeLeft="0|0" nodeRight="0|0" maxDeformation="0.028" isCareWheel="false" tireTrackAtlasIndex="4" />
        <outerRim filename="wheels/lizard/aluminumRim_19.5.i3d" nodeLeft="0|0" nodeRight="0|1" widthAndDiam="8.7 19.5" />
		<innerRim />
    </default>
    <configurations>
        <configuration id="trailer" >
            <innerRim filename="wheels/lizard/aluminumRim_19.5.i3d" nodeLeft="0|0" nodeRight="0|1" offset="0" />
        </configuration>
		<configuration id="trailerDual" >
            <innerRim nodeLeft="0|0" nodeRight="0|0" offset="-0.05" />
            <additional filename="$data/shared/wheels/hubs/hubTrucks.i3d" nodeLeft="3|1" nodeRight="3|0" offset="-0.065" />
        </configuration>
        <configuration id="truckFront" >
            <innerRim nodeLeft="0|0" nodeRight="0|0" offset="0.15" />
        </configuration>
        <configuration id="truckBack" >
            <innerRim nodeLeft="0|0" nodeRight="0|0" offset="-0.05" />
        </configuration>
        <configuration id="truckBack2" >
            <innerRim nodeLeft="0|0" nodeRight="0|0" offset="-0.05" />
            <additional filename="$data/shared/wheels/hubs/hubTrucks.i3d" nodeLeft="3|1" nodeRight="3|0" offset="-0.065" />
        </configuration>
        <configuration id="truckBack3" >
            <innerRim nodeLeft="0|0" nodeRight="0|1" offset="-0.18" widthAndDiam="21.1 19.5" />
        </configuration>
        <configuration id="truck1" >
            <innerRim nodeLeft="0|0" nodeRight="0|0" offset="0.15" />
        </configuration>
        <configuration id="truck2" >
            <innerRim nodeLeft="0|0" nodeRight="0|0" />
        </configuration>
        <configuration id="dual" >
            <innerRim filename="-" nodeLeft="-" nodeRight="-" offset="-" widthAndDiam="-" />
        </configuration>
    </configurations>
</wheel>
