﻿<?xml version="1.0" encoding="utf-8" standalone="no"?>
<vehicle type="cutter" xmlns:xsi="http://www.w3.org/2001/XMLSchema-instance" xsi:noNamespaceSchemaLocation="../../../../shared/xml/schema/vehicle.xsd">
    <annotation>Copyright (C) GIANTS Software GmbH, All Rights Reserved.</annotation>

    <storeData>
        <name>            
			<en>9m Poplar Unreal</en>
			<de>9m Pappel Unreal</de>
		    <fr>9m Peuplier Unreal</fr>
		    <es>9m Álamo Unreal</es>
        </name>
        <specs>
            <workingWidth>9.0</workingWidth>
            <neededPower>250</neededPower>
            <combination xmlFilename="terraDosT4_40/terraDosT4_40_Forage.xml"/>
        </specs>
        <functions>
            <function>$l10n_function_cutterForage</function>
        </functions>
        <image>store/store_orbis900.png</image>
        <price>35000</price>
        <lifetime>600</lifetime>
        <rotation>0</rotation>
        <brand>HOLMER</brand>
        <category>forageHarvesterCutters</category>
        <shopTranslationOffset>0 0 0</shopTranslationOffset>
        <shopRotationOffset>0.049 0 0</shopRotationOffset>
        <shopHeight>3.8</shopHeight>
        
        <vertexBufferMemoryUsage>2990848</vertexBufferMemoryUsage>
        <indexBufferMemoryUsage>1006080</indexBufferMemoryUsage>
        <textureMemoryUsage>1703936</textureMemoryUsage>
        <audioMemoryUsage>0</audioMemoryUsage>
        <instanceVertexBufferMemoryUsage>0</instanceVertexBufferMemoryUsage>
        <instanceIndexBufferMemoryUsage>0</instanceIndexBufferMemoryUsage>
    </storeData>

    <base>
        <typeDesc>$l10n_typeDesc_harvestingHeader</typeDesc>
        <filename>forageHeaders/orbis900.i3d</filename>
        <size width="4.5" length="3.5" lengthOffset="0.3"/>
        <speedLimit value="110"/>
        <components>
            <component centerOfMass="0 0.45 -0.3" solverIterationCount="10" mass="3973"/>
        </components>
        <schemaOverlay attacherJointPosition="0 0" name="COMBINE_HEADER" />
        <mapHotspot type="CUTTER" />
		<objectChanges>
		    <objectChange node="0>0|2|1|0|8"    visibilityActive="false"/>
            <objectChange node="0>0|2|0|0|6"  	visibilityActive="false"/>
			<objectChange node="0>0|7|0"  	    visibilityActive="false"/>
			<objectChange node="0>0|2|0|0|12"  	    visibilityActive="true"/>
			<objectChange node="0>0|2|1|0|14"  	    visibilityActive="true"/>
	    </objectChanges>
    </base>
	
	<configurationSets title="$l10n_configuration_workingWidth">
        <configurationSet name="$l10n_configuration_valueDefault">
            <configuration name="workArea" index="1"/>
            <configuration name="design" index="1"/>
			<configuration name="design2" index="1"/>
        </configurationSet>
        <configurationSet name="$l10n_configuration_value50mBlue">
            <configuration name="workArea" index="2"/>
            <configuration name="design" index="2"/>
            <configuration name="design2" index="2"/>			
        </configurationSet>
		<configurationSet name="$l10n_configuration_value50mRed">
            <configuration name="workArea" index="2"/>
            <configuration name="design" index="3"/>
            <configuration name="design2" index="2"/>			
        </configurationSet>
		<configurationSet name="$l10n_configuration_value100mBlue">
            <configuration name="workArea" index="3"/>
            <configuration name="design" index="4"/>
            <configuration name="design2" index="3"/>			
        </configurationSet>
		<configurationSet name="$l10n_configuration_value100mRed">
            <configuration name="workArea" index="3"/>
            <configuration name="design" index="5"/>
            <configuration name="design2" index="3"/>			
        </configurationSet>
    </configurationSets>
	
	<designConfigurations>
	  <designConfiguration name="$l10n_configuration_valueNo" price="0">
	  <objectChange node="0>0|9|0"  visibilityActive="false" visibilityInactive="true"/>
	  <objectChange node="0>0|9|1"  visibilityActive="false" visibilityInactive="true"/>
	  <objectChange node="0>0|9|2"  visibilityActive="false" visibilityInactive="true"/>
	  <objectChange node="0>0|9|3"  visibilityActive="false" visibilityInactive="true"/>
	  </designConfiguration>
	  <designConfiguration name="$l10n_configuration_blue" price="500">
	  <objectChange node="0>0|9|0"  visibilityActive="true" visibilityInactive="false"/>
	  <objectChange node="0>0|9|1"  visibilityActive="false" visibilityInactive="true"/>
	  <objectChange node="0>0|9|2"  visibilityActive="false" visibilityInactive="true"/>
	  <objectChange node="0>0|9|3"  visibilityActive="false" visibilityInactive="true"/>
	  </designConfiguration>
	  <designConfiguration name="$l10n_configuration_red" price="500">
	  <objectChange node="0>0|9|1"  visibilityActive="true" visibilityInactive="false"/>
	  <objectChange node="0>0|9|0"  visibilityActive="false" visibilityInactive="true"/>
	  <objectChange node="0>0|9|2"  visibilityActive="false" visibilityInactive="true"/>
	  <objectChange node="0>0|9|3"  visibilityActive="false" visibilityInactive="true"/>
	  </designConfiguration>
	  <designConfiguration name="$l10n_configuration_blue" price="1000">
	  <objectChange node="0>0|9|0"  visibilityActive="true" visibilityInactive="false"/>
	  <objectChange node="0>0|9|1"  visibilityActive="false" visibilityInactive="true"/>
	  <objectChange node="0>0|9|2"  visibilityActive="true" visibilityInactive="false"/>
	  <objectChange node="0>0|9|3"  visibilityActive="false" visibilityInactive="true"/>
	  </designConfiguration>
	  <designConfiguration name="$l10n_configuration_red" price="1000">
	  <objectChange node="0>0|9|1"  visibilityActive="true" visibilityInactive="false"/>
	  <objectChange node="0>0|9|0"  visibilityActive="false" visibilityInactive="true"/>
	  <objectChange node="0>0|9|3"  visibilityActive="true" visibilityInactive="false"/>
	  <objectChange node="0>0|9|2"  visibilityActive="false" visibilityInactive="true"/>
	  </designConfiguration>
    </designConfigurations>
	
	<design2Configurations >
		<design2Configuration>
			<objectChange />
		</design2Configuration>
		
		<design2Configuration>
            <objectChange node="aiLeftMarker"  	translationActive="25 0 1.5" />				
            <objectChange node="aiRightMarker"  	translationActive="-25 0 1.5" />
			<objectChange node="aiMarkerBack"  	translationActive="25 0 -0.2" />
            <!-- <objectChange node="sizeMarkerLeft"  	translationActive="25 0 1.5" />				
            <objectChange node="sizeMarkerRight"  	translationActive="-25 0 1.5" />
            <objectChange node="sizeMarkerBack"  	translationActive="25 0 -0.2" /> -->			
		</design2Configuration>	
		<design2Configuration>
            <objectChange node="aiLeftMarker"  	translationActive="50 0 1.5" />				
            <objectChange node="aiRightMarker"  	translationActive="-50 0 1.5" />
			<objectChange node="aiMarkerBack"  	translationActive="50 0 -0.2" />
            <!-- <objectChange node="sizeMarkerLeft"  	translationActive="50 0 1.5" />				
            <objectChange node="sizeMarkerRight"  	translationActive="-50 0 1.5" />
            <objectChange node="sizeMarkerBack"  	translationActive="50 0 -0.2" /> -->			
		</design2Configuration>
	</design2Configurations>

    <wheels>
        <wheelConfigurations>
            <wheelConfiguration name="$l10n_configuration_valueDefault" price="0">
                <wheels hasSurfaceSounds="false" autoRotateBackSpeed="1.5">
                    <wheel filename="$data/shared/wheels/tires/trelleborg/T510/18x8_50R8.xml" isLeft="false" >
                        <physics restLoad="0.3" repr="wheelLeft"   forcePointRatio="0.15" initialCompression="40" suspTravel="0.2" spring="15" damper="1" frictionScale="0.1" rotationDamping="0.002" brakeFactor="0"/>
                    </wheel>
                    <wheel filename="$data/shared/wheels/tires/trelleborg/T510/18x8_50R8.xml" isLeft="true" >
                        <physics restLoad="0.3" repr="wheelRight"  forcePointRatio="0.15" initialCompression="40" suspTravel="0.2" spring="15" damper="1" frictionScale="0.1" rotationDamping="0.002" brakeFactor="0"/>
                    </wheel>
                </wheels>
            </wheelConfiguration>
        </wheelConfigurations>
        <rimColor material="18">SHARED_WHITE1</rimColor>

        <hubs>
            <color0 useBaseColor="true" />
            <hub linkNode="wheelLeft"  filename="$data/shared/wheels/hubs/hubSmall_n0_1.xml" isLeft="true" scale="0.151 0.151 0.151" />
            <hub linkNode="wheelRight" filename="$data/shared/wheels/hubs/hubSmall_n0_1.xml" isLeft="false"  scale="0.151 0.151 0.151" />
        </hubs>
    </wheels>

    <attachable>
        <inputAttacherJoints>
            <inputAttacherJoint node="attacherJoint" jointType="cutterHarvester"  >
                <heightNode node="heightNode01" foldMaxLimit="0"/>
                <heightNode node="heightNode02"/>
                <heightNode node="heightNode03" foldMaxLimit="0"/>
                <distanceToGround lower="3" upper="4"/>
            </inputAttacherJoint>
        </inputAttacherJoints>
        <support animationName="moveSupport"/>
        <brakeForce force="0.25"/>
        <lowerAnimation name="lowerAnimation" />
    </attachable>

    <connectionHoses>
        <hose inputAttacherJointIndices="1" type="hydraulicIn"  node="hydraulicIn01"  length="1.05" diameter="0.015" straighteningFactor="0.5">
           <objectChange node="hydraulicIn01_detached" visibilityActive="false" visibilityInactive="true"/>
        </hose>
        <hose inputAttacherJointIndices="1" type="hydraulicOut" node="hydraulicOut01" length="1.1" diameter="0.015" straighteningFactor="0.5">
           <objectChange node="hydraulicOut01_detached" visibilityActive="false" visibilityInactive="true"/>
        </hose>
    </connectionHoses>

    <groundReferenceNodes>
        <groundReferenceNode node="heightNode02" threshold="0.5" />
    </groundReferenceNodes>

    <powerConsumer ptoRpm="540" neededMaxPtoPower="50">
        <speedLimitModifier offset="-6" minPowerHp="0" maxPowerHp="400"/>
        <speedLimitModifier offset="-5" minPowerHp="400" maxPowerHp="450"/>
        <speedLimitModifier offset="-4" minPowerHp="450" maxPowerHp="500"/>
        <speedLimitModifier offset="-3" minPowerHp="500" maxPowerHp="600"/>
        <speedLimitModifier offset="-2" minPowerHp="600" maxPowerHp="700"/>
        <speedLimitModifier offset="-1" minPowerHp="700" maxPowerHp="750"/>
        <speedLimitModifier offset="0" minPowerHp="750" maxPowerHp="900"/>
        <speedLimitModifier offset="1" minPowerHp="900" maxPowerHp="1300"/>
    </powerConsumer>

    <workAreas>
	<workAreaConfigurations>
            <workAreaConfiguration>
        <workArea type="cutter" functionName="processCutterArea" disableBackwards="true" >
            <area startNode="workAreaStart" widthNode="workAreaWidth" heightNode="workAreaHeight"/>
            <groundReferenceNode index="1" />
            <folding minLimit="0" maxLimit="0.1" />
            <testAreas autoGenerate="true" zOffset="0.5" xOffset="0" length="0.6" numAreas="12"/>
        </workArea>
		</workAreaConfiguration>
    <workAreaConfiguration>
		<workArea type="cutter" functionName="processCutterArea" disableBackwards="true" >
            <area startNode="workAreaStart50" widthNode="workAreaWidth50" heightNode="workAreaHeight50"/>
            <groundReferenceNode index="1" />
            <folding minLimit="0" maxLimit="0.1" />
            <testAreas autoGenerate="true" zOffset="0.5" xOffset="0" length="0.6" numAreas="12"/>
        </workArea>
		</workAreaConfiguration>
    <workAreaConfiguration>
		<workArea type="cutter" functionName="processCutterArea" disableBackwards="true" >
            <area startNode="workAreaStart100" widthNode="workAreaWidth100" heightNode="workAreaHeight100"/>
            <groundReferenceNode index="1" />
            <folding minLimit="0" maxLimit="0.1" />
            <testAreas autoGenerate="true" zOffset="0.5" xOffset="0" length="0.6" numAreas="12"/>
        </workArea>
		</workAreaConfiguration>		
        </workAreaConfigurations>
    </workAreas>
	
	<lights>
        
        <realLights>
            <high>
                <light node="0>0|9|0|0|0|0" lightTypes="0" />
				<light node="0>0|9|0|1|0|0" lightTypes="0" />
				<light node="0>0|9|1|0|0|0" lightTypes="0" />
				<light node="0>0|9|1|1|0|0" lightTypes="0" />
				<light node="0>0|9|2|0|0|0" lightTypes="0" />
				<light node="0>0|9|2|1|0|0" lightTypes="0" />
				<light node="0>0|9|3|0|0|0" lightTypes="0" />
				<light node="0>0|9|3|1|0|0" lightTypes="0" />
            </high>
			<low>
                <light node="0>0|9|0|0|0|0" lightTypes="0" />
				<light node="0>0|9|0|1|0|0" lightTypes="0" />
				<light node="0>0|9|1|0|0|0" lightTypes="0" />
				<light node="0>0|9|1|1|0|0" lightTypes="0" />
				<light node="0>0|9|2|0|0|0" lightTypes="0" />
				<light node="0>0|9|2|1|0|0" lightTypes="0" />
				<light node="0>0|9|3|0|0|0" lightTypes="0" />
				<light node="0>0|9|3|1|0|0" lightTypes="0" />
            </low>
        </realLights>
    </lights>

    <foldable>
        <foldingConfigurations>
            <foldingConfiguration>
                <foldingParts startMoveDirection="1" turnOnFoldMaxLimit="0.1" turnOnFoldMinLimit="0">
                    <foldingPart animationName="folding" speedScale="2.5" />
                </foldingParts>
            </foldingConfiguration>
        </foldingConfigurations>
    </foldable>

    <animations>
        <animation name="folding">
            <part node="rightArm"               startTime="2" endTime="8"   startRot="0 0 0" endRot="0 0 179.999"/>
            <part node="leftArm"                startTime="6" endTime="12"  startRot="0 0 0" endRot="0 0 -179.999"/>
            <part node="leftArmFoldingPart"     startTime="0" endTime="2"   startRot="0 0 0" endRot="0 0 33"/>
            <part node="rightArmFoldingPart"    startTime="0" endTime="2"   startRot="0 0 0" endRot="0 0 -33"/>
            <part node="middleArmFoldingPart"   startTime="0" endTime="2"   startRot="0 0 0" endRot="70 0 0"/>
            <part node="middleArmFoldingPart02" startTime="1" endTime="2"   startRot="0 0 0" endRot="-56 0 0"/>
            <part node="wheelsRot"              startTime="11" endTime="12" startRot="10 0 0" endRot="-25 0 0" requiredAnimation="moveSupport" requiredAnimationRange="0 0.01"/>

            <sound template="defaultHydraulicSound"  startTime="11.01"  endTime="11.99"  direction="0"     pitchScale="1.2" volumeScale="1.7" fadeIn="0.1" fadeOut="0.1"/>
            <sound template="defaultHydraulicSound"  startTime="2.01"  endTime="11.99"  direction="0"     pitchScale="0.6" volumeScale="1.7" fadeIn="0.1" fadeOut="0.1"/>
            <sound template="hydraulicLayerTone3"    startTime="2.01"  endTime="11.99"  direction="0"     pitchScale="0.4" volumeScale="1.7" fadeIn="0.1" fadeOut="0.1"/>
            <sound template="hydraulicLayerTone3"    startTime="0.01"  endTime="1.99"  direction="0"     pitchScale="1.0" volumeScale="0.6" fadeIn="0.1" fadeOut="0.1"/>
            <sound template="clackVar4"              startTime="0.1"  volumeScale="1.6" pitchScale="1.6" direction="-1" />
            <sound template="clackVar4"              startTime="1.0"  volumeScale="1.5" pitchScale="1.2" direction="1" />
            <sound template="metalClose"             startTime="11.99"  direction="1"   volumeScale="0.8" pitchScale="2.8"/>
            <sound template="latchSmall"             startTime="11.99"  direction="1"   volumeScale="0.2" pitchScale="0.8"/>
            <sound template="metalClose"             startTime="11.01"  direction="-1"  volumeScale="0.8" pitchScale="2.8"/>
            <sound template="latchSmall"             startTime="11.01"  direction="-1"  volumeScale="0.2" pitchScale="0.8"/>
            <sound template="clackVar4"              startTime="11.99"  direction="-1" pitchScale="0.5"  volumeScale="8.5" fadeIn="0.4"/>
            <sound template="metalOpen"              startTime="11.50"  direction="-1" pitchScale="0.8"  volumeScale="6.5" fadeIn="0.4"/>
            <sound template="clackVar4"              startTime="8.01"   direction="-1" pitchScale="0.5"  volumeScale="8.5" fadeIn="0.4"/>
            <sound template="metalOpen"              startTime="8.01"   direction="1"  pitchScale="0.8"  volumeScale="6.5" fadeIn="0.4"/>
            <sound template="clackVar4"              startTime="1.99"   direction="1"  pitchScale="0.5"  volumeScale="8.5" fadeIn="0.4"/>
            <sound template="metalOpen"              startTime="1.99"   direction="1"  pitchScale="0.8"  volumeScale="6.5" fadeIn="0.4"/>
            <sound template="clackVar4"              startTime="5.99"   direction="1"  pitchScale="0.5"  volumeScale="8.5" fadeIn="0.4"/>
            <sound template="metalOpen"              startTime="5.99"   direction="1"  pitchScale="0.8"  volumeScale="6.5" fadeIn="0.4"/>
            <sound template="clackVar1"              startTime="6.30"  direction="-1"  pitchScale="0.8"  volumeScale="1.9"/>
            <sound template="metalClose"             startTime="6.20"  direction="-1"  pitchScale="0.5"  volumeScale="3.7"   fadeIn="0.2"/>
            <sound template="clackVar2"              startTime="6.10"  direction="-1"  pitchScale="1.2"  volumeScale="1.2"/>
            <sound template="clackVar1"              startTime="2.30"  direction="-1"  pitchScale="0.8"  volumeScale="1.9"/>
            <sound template="metalClose"             startTime="2.20"  direction="-1"  pitchScale="0.5"  volumeScale="3.7"   fadeIn="0.2"/>
            <sound template="clackVar2"              startTime="2.10"  direction="-1"  pitchScale="1.2"  volumeScale="1.2"/>
            <sound template="clackVar1"              startTime="7.70"  direction="1"  pitchScale="0.8"  volumeScale="1.9"/>
            <sound template="metalClose"             startTime="7.80"  direction="1"  pitchScale="0.5"  volumeScale="3.7"   fadeIn="0.2"/>
            <sound template="clackVar2"              startTime="7.90"  direction="1"  pitchScale="1.2"  volumeScale="1.2"/>
            <sound template="clackVar1"              startTime="11.70"  direction="1"  pitchScale="0.8"  volumeScale="1.6"/>
            <sound template="metalClose"             startTime="11.80"  direction="1"  pitchScale="0.5"  volumeScale="3.4"   fadeIn="0.2"/>
            <sound template="clackVar2"              startTime="11.90"  direction="1"  pitchScale="1.2"  volumeScale="0.9"/>
        </animation>
        <animation name="moveSupport">
            <part node="lockArm"              startTime="0" endTime="0.5" startRot="65 0 0" endRot="0 0 0"/>
            <part node="supportWheelLeftRot"  startTime="0" endTime="0.5" startTrans="-3.107 -0.706 -1.203" endTrans="-3.107 -0.6 -1.203"/>
            <part node="supportWheelRightRot" startTime="0" endTime="0.5" startTrans="3.12 -0.334 -1.203"   endTrans="3.12 -0.2 -1.203"/>
            <part node="wheelsRot"            startTime="0" endTime="0.5" startRot="-25 0 0" endRot="10 0 0" requiredAnimation="folding" requiredAnimationRange="0.99 1"/>

            <sound template="metalClose"             startTime="0.49"  direction="1"   volumeScale="0.8" pitchScale="2.8"/>
            <sound template="latchSmall"             startTime="0.49"  direction="1"   volumeScale="0.2" pitchScale="0.8"/>
            <sound template="metalClose"             startTime="0.01"  direction="-1"  volumeScale="0.8" pitchScale="2.8"/>
            <sound template="latchSmall"             startTime="0.01"  direction="-1"  volumeScale="0.2" pitchScale="0.8"/>
            <sound template="defaultHydraulicSound"  startTime="0.01"  endTime="0.49"  direction="0"     pitchScale="1.2" volumeScale="1.7" fadeIn="0.1" fadeOut="0.1"/>
        </animation>
        <animation name="lowerAnimation">
            <part node="supportWheelLeftRot"  startTime="0" endTime="1" startTrans="-3.107 -0.6 -1.203" endTrans="-3.107 -0.706 -1.203"/>
            <part node="supportWheelRightRot" startTime="0" endTime="1" startTrans="3.12 -0.2 -1.203"   endTrans="3.12 -0.334 -1.203"/>
        </animation>
    </animations>

    <cylindered>
        <movingTools>
            <movingTool node="wheelsRot" playSound="false" wheelIndices="1 2"/>
            <movingTool node="leftArm" playSound="true" wheelIndices="1">
                <dependentPart node="leftArmPart01" />
            </movingTool>
            <movingTool node="rightArm" playSound="true" wheelIndices="2">
                <dependentPart node="rightArmPart01" />
            </movingTool>
            <movingTool node="lockArm" playSound="false">
                <dependentPart node="lockArm01" />
            </movingTool>
            <movingTool node="leftArmFoldingPart" playSound="true">
                <dependentPart node="leftArmFoldingPartHydraulic" />
            </movingTool>
            <movingTool node="rightArmFoldingPart" playSound="true">
                <dependentPart node="rightArmFoldingPartHydraulic" />
            </movingTool>
            <movingTool node="middleArmFoldingPart" playSound="true">
                <dependentPart node="middleArmFoldingPartHydraulic" />
            </movingTool>

            <movingTool node="tiltFrame" >
                <inputAttacherJoint value="true"/>
            </movingTool>
        </movingTools>

        <movingParts>
            <movingPart node="leftArmPart01" localReferencePoint="leftArmPart02" referencePoint="leftArmPart01Ref" referenceFrame="leftArmPart01RefFrame" limitedAxis="1">
                <dependentPart node="leftArmPart02" />
                <dependentPart node="leftArm01Hydraulic" />
                <dependentPart node="leftArm02Hydraulic" />
            </movingPart>
            <movingPart node="leftArmPart02" referencePoint="leftArmPart01Ref" referenceFrame="leftArmPart01Ref"/>
            <movingPart node="rightArmPart01" localReferencePoint="rightArmPart02" referencePoint="rightArmPart01Ref" referenceFrame="rightArmPart01RefFrame" limitedAxis="1">
                <dependentPart node="rightArmPart02" />
                <dependentPart node="rightArm01Hydraulic" />
                <dependentPart node="rightArm02Hydraulic" />
            </movingPart>
            <movingPart node="rightArmPart02" referencePoint="rightArmPart01Ref" referenceFrame="rightArmPart01Ref"/>
            <movingPart node="leftArm01Hydraulic" referencePoint="leftArm01HydraulicRef" referenceFrame="leftArm01HydraulicRef">
                <translatingPart node="leftArm01HydraulicPunch" />
            </movingPart>
            <movingPart node="rightArm01Hydraulic" referencePoint="rightArm01HydraulicRef" referenceFrame="rightArm01HydraulicRef">
                <translatingPart node="rightArm01HydraulicPunch" />
            </movingPart>
            <movingPart node="leftArm02Hydraulic" referencePoint="leftArm02HydraulicRef" referenceFrame="leftArm02HydraulicRef">
                <translatingPart node="leftArm02HydraulicPunch" />
            </movingPart>
            <movingPart node="rightArm02Hydraulic" referencePoint="rightArm02HydraulicRef" referenceFrame="rightArm02HydraulicRef">
                <translatingPart node="rightArm02HydraulicPunch" />
            </movingPart>
            <movingPart node="wheelArmLeftHydraulic" referencePoint="wheelArmLeftHydraulicRef" referenceFrame="wheelArmLeftHydraulicRef" isActiveDirty="true" maxUpdateDistance="300">
                <translatingPart node="wheelArmLeftHydraulicPunch" />
            </movingPart>
            <movingPart node="wheelArmRightHydraulic" referencePoint="wheelArmRightHydraulicRef" referenceFrame="wheelArmRightHydraulicRef" isActiveDirty="true" maxUpdateDistance="300">
                <translatingPart node="wheelArmRightHydraulicPunch" />
            </movingPart>
            <movingPart node="lockArm01" localReferencePoint="lockArm02" referencePoint="lockArm01Ref" referenceFrame="lockArm01RefFrame" >
                <dependentPart node="lockArm02" />
            </movingPart>
            <movingPart node="lockArm02" referencePoint="lockArm01Ref" referenceFrame="lockArm01Ref"/>
            <movingPart node="leftArmFoldingPartHydraulic" referencePoint="leftArmFoldingPartHydraulicRef" referenceFrame="leftArmFoldingPartHydraulicRef">
                <translatingPart node="leftArmFoldingPartHydraulicPunch" />
            </movingPart>
            <movingPart node="rightArmFoldingPartHydraulic" referencePoint="rightArmFoldingPartHydraulicRef" referenceFrame="rightArmFoldingPartHydraulicRef">
                <translatingPart node="rightArmFoldingPartHydraulicPunch" />
            </movingPart>
            <movingPart node="middleArmFoldingPartHydraulic" referencePoint="middleArmFoldingPartHydraulicRef" referenceFrame="middleArmFoldingPartHydraulicRef">
                <translatingPart node="middleArmFoldingPartHydraulicPunch" />
            </movingPart>
            <movingPart node="paddleRight" referencePoint="supportWheelRight" referenceFrame="rightArm" isActiveDirty="true" maxUpdateDistance="300"/>
            <movingPart node="paddleLeft" referencePoint="supportWheelLeft" referenceFrame="leftArm" isActiveDirty="true" maxUpdateDistance="300"/>
            <movingPart node="wheelArm" referencePoint="wheelArmRef" referenceFrame="orbis900_main_component1" isActiveDirty="true" maxUpdateDistance="300"/>
        </movingParts>
    </cylindered>

    <cutter fruitTypes="poplar" fruitTypeConverter="forageHarvester">
        <effect>
            <effectNode effectClass="TypedMotionPathEffect" effectType="CUTTER" linkNode="effectLinkNode">
                <motionPathEffect textureFilename="$data/vehicles/newHolland/fb130/cutterArray4x16.dds" numRows="4" rowLength="16" verticalOffset="-0.15" minFade="0.05" visibilityZ="50 -1"/>
            </effectNode>
			<effectNode effectClass="TypedMotionPathEffect" effectType="CUTTER" linkNode="effectLinkNodeL1">
                <motionPathEffect textureFilename="$data/vehicles/newHolland/fb130/cutterArray4x16.dds" numRows="4" rowLength="16" verticalOffset="-0.15" minFade="0.05" visibilityZ="50 -1"/>
            </effectNode>
            <effectNode effectClass="TypedMotionPathEffect" effectType="CUTTER" linkNode="effectLinkNodeL2">
                <motionPathEffect textureFilename="$data/vehicles/newHolland/fb130/cutterArray4x16.dds" numRows="4" rowLength="16" verticalOffset="-0.15" minFade="0.05" visibilityZ="50 -1"/>
            </effectNode>
            <effectNode effectClass="TypedMotionPathEffect" effectType="CUTTER" linkNode="effectLinkNodeL3">
                <motionPathEffect textureFilename="$data/vehicles/newHolland/fb130/cutterArray4x16.dds" numRows="4" rowLength="16" verticalOffset="-0.15" minFade="0.05" visibilityZ="50 -1"/>
            </effectNode>
            <effectNode effectClass="TypedMotionPathEffect" effectType="CUTTER" linkNode="effectLinkNodeR1">
                <motionPathEffect textureFilename="$data/vehicles/newHolland/fb130/cutterArray4x16.dds" numRows="4" rowLength="16" verticalOffset="-0.15" minFade="0.05" visibilityZ="50 -1"/>
            </effectNode>
            <effectNode effectClass="TypedMotionPathEffect" effectType="CUTTER" linkNode="effectLinkNodeR2">
                <motionPathEffect textureFilename="$data/vehicles/newHolland/fb130/cutterArray4x16.dds" numRows="4" rowLength="16" verticalOffset="-0.15" minFade="0.05" visibilityZ="50 -1"/>
            </effectNode>
            <effectNode effectClass="TypedMotionPathEffect" effectType="CUTTER" linkNode="effectLinkNodeR3">
                <motionPathEffect textureFilename="$data/vehicles/newHolland/fb130/cutterArray4x16.dds" numRows="4" rowLength="16" verticalOffset="-0.15" minFade="0.05" visibilityZ="50 -1"/>
            </effectNode>
        </effect>

        <animationNodes>
            <animationNode node="drum01" rotSpeed="-200" rotAxis="1" turnOnFadeTime="2" turnOffFadeTime="5"/>
            <animationNode node="drum02" rotSpeed="300"  rotAxis="1" turnOnFadeTime="2" turnOffFadeTime="5"/>
            <animationNode node="drum03" rotSpeed="300"  rotAxis="1" turnOnFadeTime="2" turnOffFadeTime="5"/>
            <animationNode node="drum04" rotSpeed="200"  rotAxis="3" turnOnFadeTime="2" turnOffFadeTime="5"/>
            <animationNode node="drum05" rotSpeed="900"  rotAxis="3" turnOnFadeTime="2" turnOffFadeTime="5"/>
            <animationNode node="drum06" rotSpeed="-500" rotAxis="3" turnOnFadeTime="2" turnOffFadeTime="5"/>
            <animationNode node="drum07" rotSpeed="-500" rotAxis="3" turnOnFadeTime="2" turnOffFadeTime="5"/>
            <animationNode node="drum08" rotSpeed="-500" rotAxis="3" turnOnFadeTime="2" turnOffFadeTime="5"/>
            <animationNode node="drum09" rotSpeed="500"  rotAxis="3" turnOnFadeTime="2" turnOffFadeTime="5"/>
            <animationNode node="drum10" rotSpeed="500"  rotAxis="3" turnOnFadeTime="2" turnOffFadeTime="5"/>
            <animationNode node="drum11" rotSpeed="500"  rotAxis="3" turnOnFadeTime="2" turnOffFadeTime="5"/>
            <animationNode node="drum12" rotSpeed="-900" rotAxis="3" turnOnFadeTime="2" turnOffFadeTime="5"/>
            <animationNode node="drum13" rotSpeed="-200" rotAxis="3" turnOnFadeTime="2" turnOffFadeTime="5"/>
            <animationNode node="drum14" rotSpeed="-300" rotAxis="1" turnOnFadeTime="2" turnOffFadeTime="5"/>
            <animationNode node="drum15" rotSpeed="-300" rotAxis="1" turnOnFadeTime="2" turnOffFadeTime="5"/>
            <animationNode node="drum16" rotSpeed="200"  rotAxis="1" turnOnFadeTime="2" turnOffFadeTime="5"/>
        </animationNodes>

        <automaticTilt raycastNode1="heightNode01" raycastNode2="heightNode03" foldMaxLimit="0">
            <automaticTiltNode node="tiltFrame" minAngle="-4.6" maxAngle="4.6" maxSpeed="5"/>
        </automaticTilt>
        <sounds>
            <cut template="cropCuttingForage" />
        </sounds>
    </cutter>

    <turnOnVehicle turnedOnByAttacherVehicle="true" turnOffIfNotAllowed="true">
        <sounds>
            <start template="forageHarvesterStart" />
            <work  template="forageHarvesterWork" />
            <stop  template="forageHarvesterStop" pitchScale="1.2" />
        </sounds>
    </turnOnVehicle>

    <dynamicMount forceLimitScale="1"/>

    <ai>
        <areaMarkers leftNode="aiLeftMarker" rightNode="aiRightMarker" backNode="aiMarkerBack"/>
        <collisionTrigger node="aiCollisionNode" width="9.4" height="1.6"/>
        <agentAttachment width="3.1" height="2.5" length="2.5" lengthOffset="0.3"/>
    </ai>

    <foliageBending>
        <bendingNode minX="-1.4" maxX="1.4" minZ="-0.9" maxZ="0.7" yOffset="0.1" />
        <bendingNode minX="-3.2" maxX="0.2" minZ="-1.3" maxZ="0.1" yOffset="-0.8" node="leftArm" />
        <bendingNode minX="-0.2" maxX="3.2" minZ="-1.3" maxZ="0.1" yOffset="-0.4" node="rightArm" />
    </foliageBending>
	
	<!-- <design3Configurations>
        <design3Configuration name="$l10n_configuration_valueDefault" price="0">
            
            <objectChange node="0>0|2|1|0|8"    visibilityActive="false"/>
            <objectChange node="0>0|2|0|0|6"  	visibilityActive="false"/>
			<objectChange node="0>0|7|0"  	    visibilityActive="false"/>
			<objectChange node="0>0|2|0|0|12"  	    visibilityActive="true"/>
			<objectChange node="0>0|2|1|0|14"  	    visibilityActive="true"/>
			
							
        </design3Configuration>
    </design3Configurations> -->

    <baseMaterial>
        <material name="orbis900_mat" baseNode="orbis900_vis">
            <shaderParameter name="colorMat0" value="CLAAS_GREEN1"/>
            <shaderParameter name="colorMat1" value="CLAAS_DARKGREY2"/>
            <shaderParameter name="colorMat4" value="CLAAS_WHITE1"/>
            <shaderParameter name="colorMat6" value="CLAAS_WHITE1"/>
			<shaderParameter name="colorMat2" value="CLAAS_WHITE1"/>
        </material>
    </baseMaterial>
	
	<baseMaterialConfigurations price="0" useDefaultColors="true">
        <baseMaterialConfiguration name="$l10n_color_Holmer_Red"  color="HOLMER_RED1" />
		<baseMaterialConfiguration name="$l10n_color_GRIMME_YELLOW" 		color="GRIMME_YELLOW1" 			material="0" price="0"/>
		<baseMaterialConfiguration name="$l10n_color_LIGHT_SILVER"  	color="SHARED_WHITE2" 		material="27" price="0"/>
		<baseMaterialConfiguration name="$l10n_color_BLUSH" 		color="KOTTE_RED1" 			    material="0" price="0"/>
		<baseMaterialConfiguration name="$l10n_color_TURQUOISE" 		color="BERTHOUD_TURQUOISE1" 	material="0" price="0"/>
		<baseMaterialConfiguration name="$l10n_color_EINBOECK_GREEN" 		color="EINBOECK_GREEN1" 			material="0" price="0" />
		<baseMaterialConfiguration name="$l10n_color_BREDAL_YELLOW" color="BREDAL_YELLOW1" 		material="0" price="0"/>
		<baseMaterialConfiguration name="$l10n_color_FENDT_ORANGE"      color="FENDT_ORANGE1"           material="0" price="0"/>
		<baseMaterialConfiguration name="$l10n_color_PLUM" 		    color="0.040 0.010 0.220"		    material="0" price="0"/>
		
		<baseMaterialConfiguration name="$l10n_color_KRONE_YELLOW" 		color="KRONE_YELLOW1" 			material="0" price="0"/>
		<baseMaterialConfiguration name="$l10n_color_SILVER" 		    color="SHARED_GREY2" 		material="27" price="0"/>
		<baseMaterialConfiguration name="$l10n_color_PEACH" 		    color="KAERCHER_RED" 			    material="0" price="0"/>
		<baseMaterialConfiguration name="$l10n_color_FARMET_BLUE" 		color="FARMET_BLUE1" 	material="0" price="0"/>
		<baseMaterialConfiguration name="$l10n_color_KRONE_GREEN" 		color="KRONE_GREEN1" 			material="0" price="0" isDefault="true"/>
		<baseMaterialConfiguration name="$l10n_color_DEUTZ_YELLOW" color="DEUTZ_YELLOW1" 		material="0" price="0"/>
		<baseMaterialConfiguration name="$l10n_color_ROTTNE_ORANGE"      color="ROTTNE_ORANGE2"           material="0" price="0"/>
		<baseMaterialConfiguration name="$l10n_color_PURPLE" 		    color="FENDT_VIOLET1"		    material="0" price="0"/>
		
		<baseMaterialConfiguration name="$l10n_color_GOLD_CHROME" 	color="KRONE_YELLOW1" 		material="2" price="0"/>
		<baseMaterialConfiguration name="$l10n_color_BLACK_CHROME" 	color="SHARED_BLACK2" 		material="2" price="0"/>
		<baseMaterialConfiguration name="$l10n_color_RED_CHROME" 	color="CASEIH_RED1" 		material="2" price="0"/>
		<baseMaterialConfiguration name="$l10n_color_BLUE_CHROME" 	color="NEWHOLLAND_BLUE1" 	material="2" price="0"/>
		<baseMaterialConfiguration name="$l10n_color_GREEN_CHROME" 	color="KRONE_GREEN1" 		material="2" price="0"/>
		<baseMaterialConfiguration name="$l10n_color_YELLOW_CHROME" color="JOHNDEERE_YELLOW1"	material="2" price="0"/>
		<baseMaterialConfiguration name="$l10n_color_ORANGE_CHROME" color="VALTRA_ORANGE1" 	    material="2" price="0"/>
		<baseMaterialConfiguration name="$l10n_color_PURPLE_CHROME" color="FENDT_VIOLET1" 		material="2" price="0"/>
		
		<baseMaterialConfiguration name="$l10n_color_GOLD_GLOSS" 	color="KRONE_YELLOW1"		material="3" price="0"/>
		<baseMaterialConfiguration name="$l10n_color_BLACK_GLOSS"  	color="SHARED_BLACK2" 		material="3" price="0"/>
		<baseMaterialConfiguration name="$l10n_color_RED_GLOSS" 	color="CASEIH_RED1" 		material="3" price="0"/>
		<baseMaterialConfiguration name="$l10n_color_BLUE_GLOSS" 	color="NEWHOLLAND_BLUE1" 	material="3" price="0"/>
		<baseMaterialConfiguration name="$l10n_color_GREEN_GLOSS"  	color="KRONE_GREEN1" 		material="3" price="0"/>
		<baseMaterialConfiguration name="$l10n_color_YELLOW_GLOSS" 	color="JOHNDEERE_YELLOW1"	material="3" price="0"/>
		<baseMaterialConfiguration name="$l10n_color_ORANGE_GLOSS" 	color="VALTRA_ORANGE1" 	    material="3" price="0"/>
		<baseMaterialConfiguration name="$l10n_color_PURPLE_GLOSS" 	color="FENDT_VIOLET1" 	    material="3" price="0"/>
		
		<baseMaterialConfiguration name="$l10n_color_GOLD_METALFLAKE" 	color="KRONE_YELLOW1"		material="9" price="0"/>
		<baseMaterialConfiguration name="$l10n_color_BLACK_METALFLAKE" 	color="SHARED_BLACK2" 		material="9" price="0"/>
		<baseMaterialConfiguration name="$l10n_color_RED_METALFLAKE" 	color="CASEIH_RED1" 		material="9" price="0"/>
		<baseMaterialConfiguration name="$l10n_color_BLUE_METALFLAKE" 	color="NEWHOLLAND_BLUE1" 	material="9" price="0"/>
		<baseMaterialConfiguration name="$l10n_color_GREEN_METALFLAKE" 	color="KRONE_GREEN1" 		material="9" price="0"/>
		<baseMaterialConfiguration name="$l10n_color_YELLOW_METALFLAKE" color="JOHNDEERE_YELLOW1"	material="9" price="0"/>
		<baseMaterialConfiguration name="$l10n_color_ORANGE_METALFLAKE" color="VALTRA_ORANGE1" 	    material="9" price="0"/>
		<baseMaterialConfiguration name="$l10n_color_PURPLE_METALFLAKE" color="FENDT_VIOLET1" 	    material="9" price="0"/>
		
		<baseMaterialConfiguration name="$l10n_color_GOLD_SATIN" 	    color="KRONE_YELLOW1"		material="27" price="0"/>
		<baseMaterialConfiguration name="$l10n_color_BLACK_SATIN" 	    color="SHARED_BLACK2" 		material="27" price="0"/>
		<baseMaterialConfiguration name="$l10n_color_RED_SATIN" 		color="CASEIH_RED1" 		material="27" price="0"/>
		<baseMaterialConfiguration name="$l10n_color_BLUE_SATIN" 	    color="NEWHOLLAND_BLUE1" 	material="27" price="0"/>
		<baseMaterialConfiguration name="$l10n_color_GREEN_SATIN" 	    color="KRONE_GREEN1" 		material="27" price="0"/>
		<baseMaterialConfiguration name="$l10n_color_YELLOW_SATIN"   	color="JOHNDEERE_YELLOW1"	material="27" price="0"/>
		<baseMaterialConfiguration name="$l10n_color_ORANGE_SATIN" 	    color="VALTRA_ORANGE1" 	    material="27" price="0"/>
		<baseMaterialConfiguration name="$l10n_color_PURPLE_SATIN" 	    color="FENDT_VIOLET1" 		material="27" price="0"/>
		
		<baseMaterialConfiguration name="$l10n_color_OLD_KRONE_YELLOW" 	color="KRONE_YELLOW1"	    material="6" price="0"/>
		<baseMaterialConfiguration name="$l10n_color_OLD_BLACK" 	    color="SHARED_BLACK2" 		material="6" price="0"/>
		<baseMaterialConfiguration name="$l10n_color_OLD_CASE_RED" 		color="CASEIH_RED1" 		material="6" price="0"/>
		<baseMaterialConfiguration name="$l10n_color_OLD_NH_BLUE" 	    color="NEWHOLLAND_BLUE1" 	material="6" price="0"/>
		<baseMaterialConfiguration name="$l10n_color_OLD_KRONE_GREEN" 	color="KRONE_GREEN1"        material="6" price="0"/>
		<baseMaterialConfiguration name="$l10n_color_OLD_JD_YELLOW"   	color="JOHNDEERE_YELLOW1"	material="6" price="0"/>
		<baseMaterialConfiguration name="$l10n_color_OLD_ORANGE" 	    color="VALTRA_ORANGE1" 	    material="6" price="0"/>
		<baseMaterialConfiguration name="$l10n_color_OLD_PURPLE" 	    color="FENDT_VIOLET1" 		material="6" price="0"/>
		
		<baseMaterialConfiguration name="$l10n_color_GOLD_CHECK" 	color="KRONE_YELLOW1"	    material="39" price="0"/>
		<baseMaterialConfiguration name="$l10n_color_BLACK_CHECK" 	    color="SHARED_BLACK2" 		material="39" price="0"/>
		<baseMaterialConfiguration name="$l10n_color_RED_CHECK" 		color="CASEIH_RED1" 		material="39" price="0"/>
		<baseMaterialConfiguration name="$l10n_color_BLUE_CHECK" 	    color="NEWHOLLAND_BLUE1" 	material="39" price="0"/>
		<baseMaterialConfiguration name="$l10n_color_JD_GREEN_CHECK" 	color="KRONE_GREEN1"        material="39" price="0"/>
		<baseMaterialConfiguration name="$l10n_color_JD_YELLOW_CHECK"   	color="JOHNDEERE_YELLOW1"	material="39" price="0"/>
		<baseMaterialConfiguration name="$l10n_color_ORANGE_CHECK" 	    color="VALTRA_ORANGE1" 	    material="39" price="0"/>
		<baseMaterialConfiguration name="$l10n_color_PURPLE_CHECK" 	    color="FENDT_VIOLET1" 		material="39" price="0"/>
		<baseMaterialConfiguration name="$l10n_color_STAINLESS_CHECK"  	color="SHARED_WHITE2" 		material="39" price="0"/>
		
		<baseMaterialConfiguration name="$l10n_color_CHROME" 		color="SHARED_WHITE2"		material="2" price="0"/>
		<baseMaterialConfiguration name="$l10n_color_STAINLESS"  	color="SHARED_WHITE2" 		material="3" price="0"  />
		<baseMaterialConfiguration name="$l10n_color_Tooth_Paste" color="HUERLIMANN_GREEN1_1" price="0"  />

        <material name="orbis900_mat" shaderParameter="colorMat0"/>
        	
    </baseMaterialConfigurations>
	
	<designMaterialConfigurations useDefaultColors="true">
	    
		<designMaterialConfiguration name="$l10n_color_Holmer_Red"  color="HOLMER_RED1" />
		<designMaterialConfiguration name="$l10n_color_GRIMME_YELLOW" 		color="GRIMME_YELLOW1" 			material="0" price="0" />
		<designMaterialConfiguration name="$l10n_color_LIGHT_SILVER"  	color="SHARED_WHITE2" 		material="27" price="0"/>
		<designMaterialConfiguration name="$l10n_color_BLUSH" 		color="KOTTE_RED1" 			    material="0" price="0"/>
		<designMaterialConfiguration name="$l10n_color_TURQUOISE" 		color="BERTHOUD_TURQUOISE1" 	material="0" price="0"/>
		<designMaterialConfiguration name="$l10n_color_EINBOECK_GREEN" 		color="EINBOECK_GREEN1" 			material="0" price="0"/>
		<designMaterialConfiguration name="$l10n_color_BREDAL_YELLOW" color="BREDAL_YELLOW1" 		material="0" price="0"/>
		<designMaterialConfiguration name="$l10n_color_FENDT_ORANGE"      color="FENDT_ORANGE1"           material="0" price="0"/>
		<designMaterialConfiguration name="$l10n_color_PLUM" 		    color="0.040 0.010 0.220"		    material="0" price="0"/>
		
		<designMaterialConfiguration name="$l10n_color_KRONE_YELLOW" 		color="KRONE_YELLOW1" 			material="0" price="0" isDefault="true"/>
		<designMaterialConfiguration name="$l10n_color_SILVER" 		    color="SHARED_GREY2" 		material="27" price="0"/>
		<designMaterialConfiguration name="$l10n_color_PEACH" 		    color="KAERCHER_RED" 			    material="0" price="0"/>
		<designMaterialConfiguration name="$l10n_color_FARMET_BLUE" 		color="FARMET_BLUE1" 	material="0" price="0"/>
		<designMaterialConfiguration name="$l10n_color_KRONE_GREEN" 		color="KRONE_GREEN1" 			material="0" price="0"/>
		<designMaterialConfiguration name="$l10n_color_DEUTZ_YELLOW" color="DEUTZ_YELLOW1" 		material="0" price="0"/>
		<designMaterialConfiguration name="$l10n_color_ROTTNE_ORANGE"      color="ROTTNE_ORANGE2"           material="0" price="0"/>
		<designMaterialConfiguration name="$l10n_color_PURPLE" 		    color="FENDT_VIOLET1"		    material="0" price="0"/>
		
		<designMaterialConfiguration name="$l10n_color_GOLD_CHROME" 	color="KRONE_YELLOW1" 		material="2" price="0"/>
		<designMaterialConfiguration name="$l10n_color_BLACK_CHROME" 	color="SHARED_BLACK2" 		material="2" price="0"/>
		<designMaterialConfiguration name="$l10n_color_RED_CHROME" 	color="CASEIH_RED1" 		material="2" price="0"/>
		<designMaterialConfiguration name="$l10n_color_BLUE_CHROME" 	color="NEWHOLLAND_BLUE1" 	material="2" price="0"/>
		<designMaterialConfiguration name="$l10n_color_GREEN_CHROME" 	color="KRONE_GREEN1" 		material="2" price="0"/>
		<designMaterialConfiguration name="$l10n_color_YELLOW_CHROME" color="JOHNDEERE_YELLOW1"	material="2" price="0"/>
		<designMaterialConfiguration name="$l10n_color_ORANGE_CHROME" color="VALTRA_ORANGE1" 	    material="2" price="0"/>
		<designMaterialConfiguration name="$l10n_color_PURPLE_CHROME" color="FENDT_VIOLET1" 		material="2" price="0"/>
		
		<designMaterialConfiguration name="$l10n_color_GOLD_GLOSS" 	color="KRONE_YELLOW1"		material="3" price="0"/>
		<designMaterialConfiguration name="$l10n_color_BLACK_GLOSS"  	color="SHARED_BLACK2" 		material="3" price="0"/>
		<designMaterialConfiguration name="$l10n_color_RED_GLOSS" 	color="CASEIH_RED1" 		material="3" price="0"/>
		<designMaterialConfiguration name="$l10n_color_BLUE_GLOSS" 	color="NEWHOLLAND_BLUE1" 	material="3" price="0"/>
		<designMaterialConfiguration name="$l10n_color_GREEN_GLOSS"  	color="KRONE_GREEN1" 		material="3" price="0"/>
		<designMaterialConfiguration name="$l10n_color_YELLOW_GLOSS" 	color="JOHNDEERE_YELLOW1"	material="3" price="0"/>
		<designMaterialConfiguration name="$l10n_color_ORANGE_GLOSS" 	color="VALTRA_ORANGE1" 	    material="3" price="0"/>
		<designMaterialConfiguration name="$l10n_color_PURPLE_GLOSS" 	color="FENDT_VIOLET1" 	    material="3" price="0"/>
		
		<designMaterialConfiguration name="$l10n_color_GOLD_METALFLAKE" 	color="KRONE_YELLOW1"		material="9" price="0"/>
		<designMaterialConfiguration name="$l10n_color_BLACK_METALFLAKE" 	color="SHARED_BLACK2" 		material="9" price="0"/>
		<designMaterialConfiguration name="$l10n_color_RED_METALFLAKE" 	color="CASEIH_RED1" 		material="9" price="0"/>
		<designMaterialConfiguration name="$l10n_color_BLUE_METALFLAKE" 	color="NEWHOLLAND_BLUE1" 	material="9" price="0"/>
		<designMaterialConfiguration name="$l10n_color_GREEN_METALFLAKE" 	color="KRONE_GREEN1" 		material="9" price="0"/>
		<designMaterialConfiguration name="$l10n_color_YELLOW_METALFLAKE" color="JOHNDEERE_YELLOW1"	material="9" price="0"/>
		<designMaterialConfiguration name="$l10n_color_ORANGE_METALFLAKE" color="VALTRA_ORANGE1" 	    material="9" price="0"/>
		<designMaterialConfiguration name="$l10n_color_PURPLE_METALFLAKE" color="FENDT_VIOLET1" 	    material="9" price="0"/>
		
		<designMaterialConfiguration name="$l10n_color_GOLD_SATIN" 	    color="KRONE_YELLOW1"		material="27" price="0"/>
		<designMaterialConfiguration name="$l10n_color_BLACK_SATIN" 	    color="SHARED_BLACK2" 		material="27" price="0"/>
		<designMaterialConfiguration name="$l10n_color_RED_SATIN" 		color="CASEIH_RED1" 		material="27" price="0"/>
		<designMaterialConfiguration name="$l10n_color_BLUE_SATIN" 	    color="NEWHOLLAND_BLUE1" 	material="27" price="0"/>
		<designMaterialConfiguration name="$l10n_color_GREEN_SATIN" 	    color="KRONE_GREEN1" 		material="27" price="0"/>
		<designMaterialConfiguration name="$l10n_color_YELLOW_SATIN"   	color="JOHNDEERE_YELLOW1"	material="27" price="0"/>
		<designMaterialConfiguration name="$l10n_color_ORANGE_SATIN" 	    color="VALTRA_ORANGE1" 	    material="27" price="0"/>
		<designMaterialConfiguration name="$l10n_color_PURPLE_SATIN" 	    color="FENDT_VIOLET1" 		material="27" price="0"/>
		
		<designMaterialConfiguration name="$l10n_color_OLD_KRONE_YELLOW" 	color="KRONE_YELLOW1"	    material="6" price="0"/>
		<designMaterialConfiguration name="$l10n_color_OLD_BLACK" 	    color="SHARED_BLACK2" 		material="6" price="0"/>
		<designMaterialConfiguration name="$l10n_color_OLD_CASE_RED" 		color="CASEIH_RED1" 		material="6" price="0"/>
		<designMaterialConfiguration name="$l10n_color_OLD_NH_BLUE" 	    color="NEWHOLLAND_BLUE1" 	material="6" price="0"/>
		<designMaterialConfiguration name="$l10n_color_OLD_KRONE_GREEN" 	color="KRONE_GREEN1"        material="6" price="0"/>
		<designMaterialConfiguration name="$l10n_color_OLD_JD_YELLOW"   	color="JOHNDEERE_YELLOW1"	material="6" price="0"/>
		<designMaterialConfiguration name="$l10n_color_OLD_ORANGE" 	    color="VALTRA_ORANGE1" 	    material="6" price="0"/>
		<designMaterialConfiguration name="$l10n_color_OLD_PURPLE" 	    color="FENDT_VIOLET1" 		material="6" price="0"/>
		
		<designMaterialConfiguration name="$l10n_color_GOLD_CHECK" 	color="KRONE_YELLOW1"	    material="39" price="0"/>
		<designMaterialConfiguration name="$l10n_color_BLACK_CHECK" 	    color="SHARED_BLACK2" 		material="39" price="0"/>
		<designMaterialConfiguration name="$l10n_color_RED_CHECK" 		color="CASEIH_RED1" 		material="39" price="0"/>
		<designMaterialConfiguration name="$l10n_color_BLUE_CHECK" 	    color="NEWHOLLAND_BLUE1" 	material="39" price="0"/>
		<designMaterialConfiguration name="$l10n_color_JD_GREEN_CHECK" 	color="KRONE_GREEN1"        material="39" price="0"/>
		<designMaterialConfiguration name="$l10n_color_JD_YELLOW_CHECK"   	color="JOHNDEERE_YELLOW1"	material="39" price="0"/>
		<designMaterialConfiguration name="$l10n_color_ORANGE_CHECK" 	    color="VALTRA_ORANGE1" 	    material="39" price="0"/>
		<designMaterialConfiguration name="$l10n_color_PURPLE_CHECK" 	    color="FENDT_VIOLET1" 		material="39" price="0"/>
		<designMaterialConfiguration name="$l10n_color_STAINLESS_CHECK"  	color="SHARED_WHITE2" 		material="39" price="0"/>
		
		<designMaterialConfiguration name="$l10n_color_CHROME" 		color="SHARED_WHITE2"		material="2" price="0"/>
		<designMaterialConfiguration name="$l10n_color_STAINLESS"  	color="SHARED_WHITE2" 		material="3" price="0"  />
		<designMaterialConfiguration name="$l10n_color_Tooth_Paste" color="HUERLIMANN_GREEN1_1" price="0"  />
		<material name="orbis900_mat" 		shaderParameter="colorMat4" />
		<material name="orbis900_mat" 		shaderParameter="colorMat6" />
		<material name="orbis900_mat" 		shaderParameter="colorMat2" />
		
		
			
    </designMaterialConfigurations>
	
	<rimColorConfigurations price="0" useDefaultColors="true" >
	    <rimColorConfiguration name="$l10n_color_GRIMME_YELLOW" color="GRIMME_YELLOW1" 		material="0" price="0"/>
		<rimColorConfiguration name="$l10n_color_LIGHT_SILVER"  	color="SHARED_WHITE2" 		material="27" price="0"/>
		<rimColorConfiguration name="$l10n_color_BLUSH" 		color="KOTTE_RED1" 			    material="0" price="0"/>
		<rimColorConfiguration name="$l10n_color_TURQUOISE" 		color="BERTHOUD_TURQUOISE1" 	material="0" price="0"/>
		<rimColorConfiguration name="$l10n_color_EINBOECK_GREEN" 		color="EINBOECK_GREEN1" 			material="0" price="0"/>
		<rimColorConfiguration name="$l10n_color_BREDAL_YELLOW" color="BREDAL_YELLOW1" 		material="0" price="0"/>
		<rimColorConfiguration name="$l10n_color_FENDT_ORANGE"      color="FENDT_ORANGE1"           material="0" price="0"/>
		<rimColorConfiguration name="$l10n_color_PLUM" 		    color="0.040 0.010 0.220"		    material="0" price="0"/>
		
		<rimColorConfiguration name="$l10n_color_KRONE_YELLOW" 		color="KRONE_YELLOW1" 			material="0" price="0" isDefault="true"/>
		<rimColorConfiguration name="$l10n_color_SILVER" 		    color="SHARED_GREY2" 		material="27" price="0"/>
		<rimColorConfiguration name="$l10n_color_PEACH" 		    color="KAERCHER_RED" 			    material="0" price="0"/>
		<rimColorConfiguration name="$l10n_color_FARMET_BLUE" 		color="FARMET_BLUE1" 	material="0" price="0"/>
		<rimColorConfiguration name="$l10n_color_KRONE_GREEN" 		color="KRONE_GREEN1" 			material="0" price="0"/>
		<rimColorConfiguration name="$l10n_color_DEUTZ_YELLOW" color="DEUTZ_YELLOW1" 		material="0" price="0"/>
		<rimColorConfiguration name="$l10n_color_ROTTNE_ORANGE"      color="ROTTNE_ORANGE2"           material="0" price="0"/>
		<rimColorConfiguration name="$l10n_color_PURPLE" 		    color="FENDT_VIOLET1"		    material="0" price="0"/>
		
		<rimColorConfiguration name="$l10n_color_GOLD_CHROME" 	color="KRONE_YELLOW1" 		material="2" price="0"/>
		<rimColorConfiguration name="$l10n_color_BLACK_CHROME" 	color="SHARED_BLACK2" 		material="2" price="0"/>
		<rimColorConfiguration name="$l10n_color_RED_CHROME" 	color="CASEIH_RED1" 		material="2" price="0"/>
		<rimColorConfiguration name="$l10n_color_BLUE_CHROME" 	color="NEWHOLLAND_BLUE1" 	material="2" price="0"/>
		<rimColorConfiguration name="$l10n_color_GREEN_CHROME" 	color="KRONE_GREEN1" 		material="2" price="0"/>
		<rimColorConfiguration name="$l10n_color_YELLOW_CHROME" color="JOHNDEERE_YELLOW1"	material="2" price="0"/>
		<rimColorConfiguration name="$l10n_color_ORANGE_CHROME" color="VALTRA_ORANGE1" 	    material="2" price="0"/>
		<rimColorConfiguration name="$l10n_color_PURPLE_CHROME" color="FENDT_VIOLET1" 		material="2" price="0"/>
		
		<rimColorConfiguration name="$l10n_color_GOLD_GLOSS" 	color="KRONE_YELLOW1"		material="3" price="0"/>
		<rimColorConfiguration name="$l10n_color_BLACK_GLOSS"  	color="SHARED_BLACK2" 		material="3" price="0"/>
		<rimColorConfiguration name="$l10n_color_RED_GLOSS" 	color="CASEIH_RED1" 		material="3" price="0" />
		<rimColorConfiguration name="$l10n_color_BLUE_GLOSS" 	color="NEWHOLLAND_BLUE1" 	material="3" price="0"/>
		<rimColorConfiguration name="$l10n_color_GREEN_GLOSS"  	color="KRONE_GREEN1" 		material="3" price="0"/>
		<rimColorConfiguration name="$l10n_color_YELLOW_GLOSS" 	color="JOHNDEERE_YELLOW1"	material="3" price="0"/>
		<rimColorConfiguration name="$l10n_color_ORANGE_GLOSS" 	color="VALTRA_ORANGE1" 	    material="3" price="0"/>
		<rimColorConfiguration name="$l10n_color_PURPLE_GLOSS" 	color="FENDT_VIOLET1" 	    material="3" price="0"/>
		
		<rimColorConfiguration name="$l10n_color_GOLD_METALFLAKE" 	color="KRONE_YELLOW1"		material="9" price="0"/>
		<rimColorConfiguration name="$l10n_color_BLACK_METALFLAKE" 	color="SHARED_BLACK2" 		material="9" price="0"/>
		<rimColorConfiguration name="$l10n_color_RED_METALFLAKE" 	color="CASEIH_RED1" 		material="9" price="0"/>
		<rimColorConfiguration name="$l10n_color_BLUE_METALFLAKE" 	color="NEWHOLLAND_BLUE1" 	material="9" price="0"/>
		<rimColorConfiguration name="$l10n_color_GREEN_METALFLAKE" 	color="KRONE_GREEN1" 		material="9" price="0"/>
		<rimColorConfiguration name="$l10n_color_YELLOW_METALFLAKE" color="JOHNDEERE_YELLOW1"	material="9" price="0"/>
		<rimColorConfiguration name="$l10n_color_ORANGE_METALFLAKE" color="VALTRA_ORANGE1" 	    material="9" price="0"/>
		<rimColorConfiguration name="$l10n_color_PURPLE_METALFLAKE" color="FENDT_VIOLET1" 	    material="9" price="0"/>
		
		<rimColorConfiguration name="$l10n_color_GOLD_SATIN" 	    color="KRONE_YELLOW1"		material="27" price="0"/>
		<rimColorConfiguration name="$l10n_color_BLACK_SATIN" 	    color="SHARED_BLACK2" 		material="27" price="0"/>
		<rimColorConfiguration name="$l10n_color_RED_SATIN" 		color="CASEIH_RED1" 		material="27" price="0"/>
		<rimColorConfiguration name="$l10n_color_BLUE_SATIN" 	    color="NEWHOLLAND_BLUE1" 	material="27" price="0"/>
		<rimColorConfiguration name="$l10n_color_GREEN_SATIN" 	    color="KRONE_GREEN1" 		material="27" price="0"/>
		<rimColorConfiguration name="$l10n_color_YELLOW_SATIN"   	color="JOHNDEERE_YELLOW1"	material="27" price="0"/>
		<rimColorConfiguration name="$l10n_color_ORANGE_SATIN" 	    color="VALTRA_ORANGE1" 	    material="27" price="0"/>
		<rimColorConfiguration name="$l10n_color_PURPLE_SATIN" 	    color="FENDT_VIOLET1" 		material="27" price="0"/>
		
		<rimColorConfiguration name="$l10n_color_OLD_KRONE_YELLOW" 	color="KRONE_YELLOW1"	    material="6" price="0"/>
		<rimColorConfiguration name="$l10n_color_OLD_BLACK" 	    color="SHARED_BLACK2" 		material="6" price="0"/>
		<rimColorConfiguration name="$l10n_color_OLD_CASE_RED" 		color="CASEIH_RED1" 		material="6" price="0"/>
		<rimColorConfiguration name="$l10n_color_OLD_NH_BLUE" 	    color="NEWHOLLAND_BLUE1" 	material="6" price="0"/>
		<rimColorConfiguration name="$l10n_color_OLD_KRONE_GREEN" 	color="KRONE_GREEN1"        material="6" price="0"/>
		<rimColorConfiguration name="$l10n_color_OLD_JD_YELLOW"   	color="JOHNDEERE_YELLOW1"	material="6" price="0"/>
		<rimColorConfiguration name="$l10n_color_OLD_ORANGE" 	    color="VALTRA_ORANGE1" 	    material="6" price="0"/>
		<rimColorConfiguration name="$l10n_color_OLD_PURPLE" 	    color="FENDT_VIOLET1" 		material="6" price="0"/>
		
		<rimColorConfiguration name="$l10n_color_GOLD_CHECK" 	color="KRONE_YELLOW1"	    material="39" price="0"/>
		<rimColorConfiguration name="$l10n_color_BLACK_CHECK" 	    color="SHARED_BLACK2" 		material="39" price="0"/>
		<rimColorConfiguration name="$l10n_color_RED_CHECK" 		color="CASEIH_RED1" 		material="39" price="0"/>
		<rimColorConfiguration name="$l10n_color_BLUE_CHECK" 	    color="NEWHOLLAND_BLUE1" 	material="39" price="0"/>
		<rimColorConfiguration name="$l10n_color_JD_GREEN_CHECK" 	color="KRONE_GREEN1"        material="39" price="0"/>
		<rimColorConfiguration name="$l10n_color_JD_YELLOW_CHECK"   	color="JOHNDEERE_YELLOW1"	material="39" price="0"/>
		<rimColorConfiguration name="$l10n_color_ORANGE_CHECK" 	    color="VALTRA_ORANGE1" 	    material="39" price="0"/>
		<rimColorConfiguration name="$l10n_color_PURPLE_CHECK" 	    color="FENDT_VIOLET1" 		material="39" price="0"/>
		<rimColorConfiguration name="$l10n_color_STAINLESS_CHECK"  	color="SHARED_WHITE2" 		material="39" price="0"/>
		
		<rimColorConfiguration name="$l10n_color_CHROME" 		color="SHARED_WHITE2"		material="2" price="0"/>
		<rimColorConfiguration name="$l10n_color_STAINLESS"  	color="SHARED_WHITE2" 		material="3" price="0"  />
		<rimColorConfiguration name="$l10n_color_Tooth_Paste" color="HUERLIMANN_GREEN1_1" price="0" />
		
		
		</rimColorConfigurations>
		
		<baseColorConfigurations price="0" useDefaultColors="true" title="$l10n_configuration_hubColor" >
	    <baseColorConfiguration name="$l10n_color_GRIMME_YELLOW" color="GRIMME_YELLOW1" 		material="0" price="0"/>
		<baseColorConfiguration name="$l10n_color_LIGHT_SILVER"  	color="SHARED_WHITE2" 		material="27" price="0"/>
		<baseColorConfiguration name="$l10n_color_BLUSH" 		color="KOTTE_RED1" 			    material="0" price="0"/>
		<baseColorConfiguration name="$l10n_color_TURQUOISE" 		color="BERTHOUD_TURQUOISE1" 	material="0" price="0"/>
		<baseColorConfiguration name="$l10n_color_EINBOECK_GREEN" 		color="EINBOECK_GREEN1" 			material="0" price="0"/>
		<baseColorConfiguration name="$l10n_color_BREDAL_YELLOW" color="BREDAL_YELLOW1" 		material="0" price="0"/>
		<baseColorConfiguration name="$l10n_color_FENDT_ORANGE"      color="FENDT_ORANGE1"           material="0" price="0"/>
		<baseColorConfiguration name="$l10n_color_PLUM" 		    color="0.040 0.010 0.220"		    material="0" price="0"/>
		
		<baseColorConfiguration name="$l10n_color_KRONE_YELLOW" 		color="KRONE_YELLOW1" 			material="0" price="0"/>
		<baseColorConfiguration name="$l10n_color_SILVER" 		    color="SHARED_GREY2" 		material="27" price="0"/>
		<baseColorConfiguration name="$l10n_color_PEACH" 		    color="KAERCHER_RED" 			    material="0" price="0"/>
		<baseColorConfiguration name="$l10n_color_FARMET_BLUE" 		color="FARMET_BLUE1" 	material="0" price="0"/>
		<baseColorConfiguration name="$l10n_color_KRONE_GREEN" 		color="KRONE_GREEN1" 			material="0" price="0" isDefault="true"/>
		<baseColorConfiguration name="$l10n_color_DEUTZ_YELLOW" color="DEUTZ_YELLOW1" 		material="0" price="0"/>
		<baseColorConfiguration name="$l10n_color_ROTTNE_ORANGE"      color="ROTTNE_ORANGE2"           material="0" price="0"/>
		<baseColorConfiguration name="$l10n_color_PURPLE" 		    color="FENDT_VIOLET1"		    material="0" price="0"/>
		
		<baseColorConfiguration name="$l10n_color_GOLD_CHROME" 	color="KRONE_YELLOW1" 		material="2" price="0"/>
		<baseColorConfiguration name="$l10n_color_BLACK_CHROME" 	color="SHARED_BLACK2" 		material="2" price="0"/>
		<baseColorConfiguration name="$l10n_color_RED_CHROME" 	color="CASEIH_RED1" 		material="2" price="0"/>
		<baseColorConfiguration name="$l10n_color_BLUE_CHROME" 	color="NEWHOLLAND_BLUE1" 	material="2" price="0"/>
		<baseColorConfiguration name="$l10n_color_GREEN_CHROME" 	color="KRONE_GREEN1" 		material="2" price="0"/>
		<baseColorConfiguration name="$l10n_color_YELLOW_CHROME" color="JOHNDEERE_YELLOW1"	material="2" price="0"/>
		<baseColorConfiguration name="$l10n_color_ORANGE_CHROME" color="VALTRA_ORANGE1" 	    material="2" price="0"/>
		<baseColorConfiguration name="$l10n_color_PURPLE_CHROME" color="FENDT_VIOLET1" 		material="2" price="0"/>
		
		<baseColorConfiguration name="$l10n_color_GOLD_GLOSS" 	color="KRONE_YELLOW1"		material="3" price="0"/>
		<baseColorConfiguration name="$l10n_color_BLACK_GLOSS"  	color="SHARED_BLACK2" 		material="3" price="0"/>
		<baseColorConfiguration name="$l10n_color_RED_GLOSS" 	color="CASEIH_RED1" 		material="3" price="0" />
		<baseColorConfiguration name="$l10n_color_BLUE_GLOSS" 	color="NEWHOLLAND_BLUE1" 	material="3" price="0"/>
		<baseColorConfiguration name="$l10n_color_GREEN_GLOSS"  	color="KRONE_GREEN1" 		material="3" price="0"/>
		<baseColorConfiguration name="$l10n_color_YELLOW_GLOSS" 	color="JOHNDEERE_YELLOW1"	material="3" price="0"/>
		<baseColorConfiguration name="$l10n_color_ORANGE_GLOSS" 	color="VALTRA_ORANGE1" 	    material="3" price="0"/>
		<baseColorConfiguration name="$l10n_color_PURPLE_GLOSS" 	color="FENDT_VIOLET1" 	    material="3" price="0"/>
		
		<baseColorConfiguration name="$l10n_color_GOLD_METALFLAKE" 	color="KRONE_YELLOW1"		material="9" price="0"/>
		<baseColorConfiguration name="$l10n_color_BLACK_METALFLAKE" 	color="SHARED_BLACK2" 		material="9" price="0"/>
		<baseColorConfiguration name="$l10n_color_RED_METALFLAKE" 	color="CASEIH_RED1" 		material="9" price="0"/>
		<baseColorConfiguration name="$l10n_color_BLUE_METALFLAKE" 	color="NEWHOLLAND_BLUE1" 	material="9" price="0"/>
		<baseColorConfiguration name="$l10n_color_GREEN_METALFLAKE" 	color="KRONE_GREEN1" 		material="9" price="0"/>
		<baseColorConfiguration name="$l10n_color_YELLOW_METALFLAKE" color="JOHNDEERE_YELLOW1"	material="9" price="0"/>
		<baseColorConfiguration name="$l10n_color_ORANGE_METALFLAKE" color="VALTRA_ORANGE1" 	    material="9" price="0"/>
		<baseColorConfiguration name="$l10n_color_PURPLE_METALFLAKE" color="FENDT_VIOLET1" 	    material="9" price="0"/>
		
		<baseColorConfiguration name="$l10n_color_GOLD_SATIN" 	    color="KRONE_YELLOW1"		material="27" price="0"/>
		<baseColorConfiguration name="$l10n_color_BLACK_SATIN" 	    color="SHARED_BLACK2" 		material="27" price="0"/>
		<baseColorConfiguration name="$l10n_color_RED_SATIN" 		color="CASEIH_RED1" 		material="27" price="0"/>
		<baseColorConfiguration name="$l10n_color_BLUE_SATIN" 	    color="NEWHOLLAND_BLUE1" 	material="27" price="0"/>
		<baseColorConfiguration name="$l10n_color_GREEN_SATIN" 	    color="KRONE_GREEN1" 		material="27" price="0"/>
		<baseColorConfiguration name="$l10n_color_YELLOW_SATIN"   	color="JOHNDEERE_YELLOW1"	material="27" price="0"/>
		<baseColorConfiguration name="$l10n_color_ORANGE_SATIN" 	    color="VALTRA_ORANGE1" 	    material="27" price="0"/>
		<baseColorConfiguration name="$l10n_color_PURPLE_SATIN" 	    color="FENDT_VIOLET1" 		material="27" price="0"/>
		
		<baseColorConfiguration name="$l10n_color_OLD_KRONE_YELLOW" 	color="KRONE_YELLOW1"	    material="6" price="0"/>
		<baseColorConfiguration name="$l10n_color_OLD_BLACK" 	    color="SHARED_BLACK2" 		material="6" price="0"/>
		<baseColorConfiguration name="$l10n_color_OLD_CASE_RED" 		color="CASEIH_RED1" 		material="6" price="0"/>
		<baseColorConfiguration name="$l10n_color_OLD_NH_BLUE" 	    color="NEWHOLLAND_BLUE1" 	material="6" price="0"/>
		<baseColorConfiguration name="$l10n_color_OLD_KRONE_GREEN" 	color="KRONE_GREEN1"        material="6" price="0"/>
		<baseColorConfiguration name="$l10n_color_OLD_JD_YELLOW"   	color="JOHNDEERE_YELLOW1"	material="6" price="0"/>
		<baseColorConfiguration name="$l10n_color_OLD_ORANGE" 	    color="VALTRA_ORANGE1" 	    material="6" price="0"/>
		<baseColorConfiguration name="$l10n_color_OLD_PURPLE" 	    color="FENDT_VIOLET1" 		material="6" price="0"/>
		
		<baseColorConfiguration name="$l10n_color_GOLD_CHECK" 	color="KRONE_YELLOW1"	    material="39" price="0"/>
		<baseColorConfiguration name="$l10n_color_BLACK_CHECK" 	    color="SHARED_BLACK2" 		material="39" price="0"/>
		<baseColorConfiguration name="$l10n_color_RED_CHECK" 		color="CASEIH_RED1" 		material="39" price="0"/>
		<baseColorConfiguration name="$l10n_color_BLUE_CHECK" 	    color="NEWHOLLAND_BLUE1" 	material="39" price="0"/>
		<baseColorConfiguration name="$l10n_color_JD_GREEN_CHECK" 	color="KRONE_GREEN1"        material="39" price="0"/>
		<baseColorConfiguration name="$l10n_color_JD_YELLOW_CHECK"   	color="JOHNDEERE_YELLOW1"	material="39" price="0"/>
		<baseColorConfiguration name="$l10n_color_ORANGE_CHECK" 	    color="VALTRA_ORANGE1" 	    material="39" price="0"/>
		<baseColorConfiguration name="$l10n_color_PURPLE_CHECK" 	    color="FENDT_VIOLET1" 		material="39" price="0"/>
		<baseColorConfiguration name="$l10n_color_STAINLESS_CHECK"  	color="SHARED_WHITE2" 		material="39" price="0"/>
		
		<baseColorConfiguration name="$l10n_color_CHROME" 		color="SHARED_WHITE2"		material="2" price="0"/>
		<baseColorConfiguration name="$l10n_color_STAINLESS"  	color="SHARED_WHITE2" 		material="3" price="0"  />
		<baseColorConfiguration name="$l10n_color_Tooth_Paste" color="HUERLIMANN_GREEN1_1" price="0" />
		
		
		</baseColorConfigurations>

    <wearable wearDuration="480" workMultiplier="5" fieldMultiplier="2"/>
    <washable dirtDuration="90" washDuration="1" workMultiplier="4" fieldMultiplier="2"/>

    <i3dMappings>
        <i3dMapping id="orbis900_main_component1" node="0>" />
        <i3dMapping id="orbis900_vis" node="0>0" />
        <i3dMapping id="tiltFrame" node="0>0|0|0|0" />
        <i3dMapping id="attacherJoint" node="0>0|0|0|0|0" />
        <i3dMapping id="heightNode01" node="0>0|0|1|0" />
        <i3dMapping id="heightNode02" node="0>0|0|1|1" />
        <i3dMapping id="heightNode03" node="0>0|0|1|2" />
        <i3dMapping id="hydraulicIn01_detached" node="0>0|0|2|0" />
        <i3dMapping id="hydraulicOut01_detached" node="0>0|0|2|1" />
        <i3dMapping id="hydraulicIn01" node="0>0|0|2|2" />
        <i3dMapping id="hydraulicOut01" node="0>0|0|2|3" />
        <i3dMapping id="wheelsRot" node="0>0|1|0" />
        <i3dMapping id="wheelLeft" node="0>0|1|0|0" />
        <i3dMapping id="wheelArmRef" node="0>0|1|0|0|0" />
        <i3dMapping id="wheelRight" node="0>0|1|0|1" />
        <i3dMapping id="rightArm" node="0>0|2|0|0" />
        <i3dMapping id="supportWheelRightRot" node="0>0|2|0|0|0" />
        <i3dMapping id="supportWheelRight" node="0>0|2|0|0|0|0" />
        <i3dMapping id="rightArmPart01Ref" node="0>0|2|0|0|1" />
        <i3dMapping id="rightArm02HydraulicRef" node="0>0|2|0|0|2" />
        <i3dMapping id="rightArmFoldingPart" node="0>0|2|0|0|3|0" />
        <i3dMapping id="rightArmFoldingPartHydraulicRef" node="0>0|2|0|0|3|0|0" />
        <i3dMapping id="rightArmFoldingPartHydraulic" node="0>0|2|0|0|4" />
        <i3dMapping id="rightArmFoldingPartHydraulicPunch" node="0>0|2|0|0|4|0" />
        <i3dMapping id="drum10" node="0>0|2|0|0|5|0|0" />
        <i3dMapping id="drum11" node="0>0|2|0|0|5|1|0" />
        <i3dMapping id="drum12" node="0>0|2|0|0|5|2|0" />
        <i3dMapping id="drum14" node="0>0|2|0|0|5|3|0" />
        <i3dMapping id="drum15" node="0>0|2|0|0|5|4|0" />
        <i3dMapping id="drum16" node="0>0|2|0|0|5|5|0" />
        <i3dMapping id="paddleRight" node="0>0|2|0|0|9" />
        <i3dMapping id="leftArm" node="0>0|2|1|0" />
        <i3dMapping id="supportWheelLeftRot" node="0>0|2|1|0|0" />
        <i3dMapping id="supportWheelLeft" node="0>0|2|1|0|0|0" />
        <i3dMapping id="leftArmPart01Ref" node="0>0|2|1|0|1" />
        <i3dMapping id="leftArm02HydraulicRef" node="0>0|2|1|0|2" />
        <i3dMapping id="leftArmFoldingPart" node="0>0|2|1|0|3|0" />
        <i3dMapping id="leftArmFoldingPartHydraulicRef" node="0>0|2|1|0|3|0|0" />
        <i3dMapping id="leftArmFoldingPartHydraulic" node="0>0|2|1|0|4" />
        <i3dMapping id="leftArmFoldingPartHydraulicPunch" node="0>0|2|1|0|4|0" />
        <i3dMapping id="drum07" node="0>0|2|1|0|5|0|0" />
        <i3dMapping id="drum06" node="0>0|2|1|0|5|1|0" />
        <i3dMapping id="drum03" node="0>0|2|1|0|5|2|0" />
        <i3dMapping id="drum02" node="0>0|2|1|0|5|3|0" />
        <i3dMapping id="drum01" node="0>0|2|1|0|5|4|0" />
        <i3dMapping id="drum05" node="0>0|2|1|0|5|5|0" />
        <i3dMapping id="paddleLeft" node="0>0|2|1|0|6" />
        <i3dMapping id="paddleLeftRefFrame" node="0>0|2|1|0|7" />
        <i3dMapping id="leftArmPart01" node="0>0|2|2|0" />
        <i3dMapping id="leftArmPart02" node="0>0|2|2|0|0" />
        <i3dMapping id="leftArm01HydraulicRef" node="0>0|2|2|0|1" />
        <i3dMapping id="rightArmPart01" node="0>0|2|3|0" />
        <i3dMapping id="rightArmPart02" node="0>0|2|3|0|0" />
        <i3dMapping id="rightArm01HydraulicRef" node="0>0|2|3|0|1" />
        <i3dMapping id="wheelArm" node="0>0|2|4|0" />
        <i3dMapping id="wheelArmRightHydraulicRef" node="0>0|2|4|0|0" />
        <i3dMapping id="wheelArmLeftHydraulicRef" node="0>0|2|4|0|1" />
        <i3dMapping id="wheelArmRightHydraulic" node="0>0|2|4|1" />
        <i3dMapping id="wheelArmRightHydraulicPunch" node="0>0|2|4|1|0" />
        <i3dMapping id="wheelArmLeftHydraulic" node="0>0|2|4|2" />
        <i3dMapping id="wheelArmLeftHydraulicPunch" node="0>0|2|4|2|0" />
        <i3dMapping id="lockArm01" node="0>0|2|5|0" />
        <i3dMapping id="lockArm02" node="0>0|2|5|0|0" />
        <i3dMapping id="lockArm01RefFrame" node="0>0|2|6" />
        <i3dMapping id="lockArm" node="0>0|2|7" />
        <i3dMapping id="lockArm01Ref" node="0>0|2|7|0" />
        <i3dMapping id="middleArmFoldingPart" node="0>0|2|8" />
        <i3dMapping id="middleArmFoldingPart02" node="0>0|2|8|0" />
        <i3dMapping id="middleArmFoldingPartHydraulicRef" node="0>0|2|8|1" />
        <i3dMapping id="drum04" node="0>0|2|9|0|0" />
        <i3dMapping id="drum08" node="0>0|2|9|1|0" />
        <i3dMapping id="drum09" node="0>0|2|9|2|0" />
        <i3dMapping id="drum13" node="0>0|2|9|3|0" />
        <i3dMapping id="leftArm01Hydraulic" node="0>0|3|0" />
        <i3dMapping id="leftArm01HydraulicPunch" node="0>0|3|0|0" />
        <i3dMapping id="rightArm01Hydraulic" node="0>0|3|1" />
        <i3dMapping id="rightArm01HydraulicPunch" node="0>0|3|1|0" />
        <i3dMapping id="leftArm02Hydraulic" node="0>0|3|2" />
        <i3dMapping id="leftArm02HydraulicPunch" node="0>0|3|2|0" />
        <i3dMapping id="rightArm02Hydraulic" node="0>0|3|3" />
        <i3dMapping id="rightArm02HydraulicPunch" node="0>0|3|3|0" />
        <i3dMapping id="leftArmPart01RefFrame" node="0>0|3|4" />
        <i3dMapping id="rightArmPart01RefFrame" node="0>0|3|5" />
        <i3dMapping id="middleArmFoldingPartHydraulic" node="0>0|3|6" />
        <i3dMapping id="middleArmFoldingPartHydraulicPunch" node="0>0|3|6|0" />
        <i3dMapping id="workAreaStart" node="0>0|4|0" />
        <i3dMapping id="workAreaWidth" node="0>0|4|1" />
        <i3dMapping id="workAreaHeight" node="0>0|4|2" />
		<i3dMapping id="workAreaStart50" node="0>0|4|3" />
        <i3dMapping id="workAreaWidth50" node="0>0|4|4" />
        <i3dMapping id="workAreaHeight50" node="0>0|4|5" />
		<i3dMapping id="workAreaStart100" node="0>0|4|6" />
        <i3dMapping id="workAreaWidth100" node="0>0|4|7" />
        <i3dMapping id="workAreaHeight100" node="0>0|4|8" />
        <i3dMapping id="effectLinkNode" node="0>0|5|0" />
		<i3dMapping id="effectLinkNodeL1" node="0>0|5|1" />
		<i3dMapping id="effectLinkNodeL2" node="0>0|5|2" />
		<i3dMapping id="effectLinkNodeL3" node="0>0|5|3" />
		<i3dMapping id="effectLinkNodeR1" node="0>0|5|4" />
		<i3dMapping id="effectLinkNodeR2" node="0>0|5|5" />
		<i3dMapping id="effectLinkNodeR3" node="0>0|5|6" />
        <i3dMapping id="aiLeftMarker" node="0>0|6|0|0" />
        <i3dMapping id="aiRightMarker" node="0>0|6|0|1" />
        <i3dMapping id="aiMarkerBack" node="0>0|6|0|2" />
        <i3dMapping id="aiCollisionNode" node="0>0|6|1" />
    </i3dMappings>
</vehicle>
