<?xml version="1.0" encoding="utf-8" standalone="no" ?>
<wheel xmlns:xsi="http://www.w3.org/2001/XMLSchema-instance" xsi:noNamespaceSchemaLocation="../../../../../../shared/xml/schema/wheel.xsd">
    <brand>LIZARD</brand>
    <name>Chaff Compactor</name>
	<default>
        <physics radius="0.7" width="0.71" mass="4.125" tireType="metalSpikes" frictionScale="4.60" maxLongStiffness="8" maxLatStiffness="100" maxLatStiffnessLoad="2" />
        <tire filename="wheels/lizard/spikes.i3d" nodeLeft="0|0" nodeRight="0|1" tireTrackAtlasIndex="4" maxDeformation="0.0" sideDeformOffset="1.000" isCareWheel="false" widthOffset="0.725"/>
    </default>
</wheel>
