<?xml version="1.0" encoding="utf-8" standalone="no" ?>
<wheel xmlns:xsi="http://www.w3.org/2001/XMLSchema-instance" xsi:noNamespaceSchemaLocation="../../../../../../shared/xml/schema/wheel.xsd">
    <brand>LIZARD</brand>
    <name>Chaff Compactor</name>
	<default>
        <physics radius="1.08" width="0.71" mass="5.25" tireType="metalSpikes" frictionScale="4.60" maxLongStiffness="8" maxLatStiffness="100" maxLatStiffnessLoad="2" />
        <tire filename="wheels/lizard/spikes.i3d" nodeLeft="1|0" nodeRight="1|1" tireTrackAtlasIndex="4" maxDeformation="0.0" sideDeformOffset="1.000" isCareWheel="false" widthOffset="0.225"/>
    </default>
</wheel>
