<?xml version="1.0" encoding="utf-8" standalone="no"?>
<vehicle type="cutter" xmlns:xsi="http://www.w3.org/2001/XMLSchema-instance" xsi:noNamespaceSchemaLocation="https://validation.gdn.giants-software.com/xml/fs22/vehicle.xsd">
    <storeData>
        <name>Schneidwerk by FM Modding</name>
        <specs>
            <workingWidth>14</workingWidth>
        </specs>
        <functions>
            <function>$l10n_function_cutter</function>
        </functions>
        <image>store1400.dds</image>
        <price>89000</price>
        <lifetime>6000</lifetime>
        <rotation>0</rotation>
        <brand>CRESSONI</brand>
        <category>FM_Tools</category>
        <shopTranslationOffset>0 0.125 0</shopTranslationOffset>
        <shopRotationOffset>0.295 0 0</shopRotationOffset>
    </storeData>

    <base>
        <typeDesc>$l10n_typeDesc_cutter</typeDesc>
        <filename>720.i3d</filename>
        <size width="14" length="3"/>
        <components>
            <component centerOfMass="0 0 0.5" solverIterationCount="10" mass="2450"/>
        </components>
        <schemaOverlay name="IMPLEMENT" attacherJointPosition="0 0"/>
        <speedLimit value="17"/>
    </base>

    <dynamicallyLoadedParts>
        <dynamicallyLoadedPart node="1|0" linkNode="hydraulic_in_detach" filename="$data/shared/connectionHoses/connectors.i3d"/>
        <dynamicallyLoadedPart node="1|0" linkNode="hydraulic_out_detach" filename="$data/shared/connectionHoses/connectors.i3d"/>
    </dynamicallyLoadedParts>

    <attachable>
        <inputAttacherJoints>
            <inputAttacherJoint node="attacherJoint" jointType="cutter">
                <distanceToGround lower="0.0" upper="0.9"/>
                <heightNode node="heightNode"/>
            </inputAttacherJoint>
        </inputAttacherJoints>
        <support animationName="tubi"/>
    </attachable>

    
	<powerTakeOffs>
        <!-- <input inputAttacherJointIndices="1" inputNode="ptoInputLeft" aboveAttacher="true" ptoName="LEFT_PTO" /> -->
        <input inputAttacherJointIndices="1" inputNode="ptoInputRight" detachNode="ptoInputRightDetach" aboveAttacher="true" ptoName="RIGHT_PTO" />
    </powerTakeOffs>

    <connectionHoses>
		<hose inputAttacherJointIndices="1" type="hydraulicIn"  node="0>3|0|2|12"  length="1.7" diameter="0.015" straighteningFactor="1.5"/>
        <hose inputAttacherJointIndices="1" type="hydraulicOut"  node="0>3|0|2|13"  length="1.7" diameter="0.015" straighteningFactor="1.5"/>
		<localHose>
            <hose type="hydraulicIn"  node="tubo_1_scatola_in"  length="0.35" diameter="0.02" minCenterPointAngle="30"  straighteningFactor="0.5" isWorldSpaceHose="false"/>
            <target attacherJointIndices="1 3 4" type="none" node="tubo_1_scatola_out" straighteningFactor="0.5"/>
        </localHose>
		<localHose>
            <hose type="hydraulicIn"  node="tubo_2_scatola_in"  length="0.35" diameter="0.02" minCenterPointAngle="30"  straighteningFactor="0.5" isWorldSpaceHose="false"/>
            <target attacherJointIndices="1 3 4" type="none" node="tubo_2_scatola_out" straighteningFactor="0.5"/>
        </localHose>	
		<localHose>
            <hose type="hydraulicIn"  node="tubo_3_scatola_in"  length="0.35" diameter="0.02" minCenterPointAngle="30"  straighteningFactor="0.5" isWorldSpaceHose="false"/>
            <target attacherJointIndices="1 3 4" type="none" node="tubo_3_scatola_out" straighteningFactor="0.5"/>
        </localHose>	
		<localHose>
            <hose type="hydraulicIn"  node="tubo_4_scatola_in"  length="0.35" diameter="0.02" minCenterPointAngle="30"  straighteningFactor="0.5" isWorldSpaceHose="false"/>
            <target attacherJointIndices="1 3 4" type="none" node="tubo_4_scatola_out" straighteningFactor="0.5"/>
        </localHose>
				<localHose>
            <hose type="hydraulicIn"  node="tubo5_sup"  length="0.35" diameter="0.02" minCenterPointAngle="30"  straighteningFactor="0.5" isWorldSpaceHose="false"/>
            <target attacherJointIndices="1 3 4" type="none" node="tubo5_inf" straighteningFactor="0.5"/>
        </localHose>
		<localHose>
            <hose type="hydraulicIn"  node="tubo6_sup"  length="0.35" diameter="0.02" minCenterPointAngle="30"  straighteningFactor="0.5" isWorldSpaceHose="false"/>
            <target attacherJointIndices="1 3 4" type="none" node="tubo6_inf" straighteningFactor="0.5"/>
        </localHose>	
		<localHose>
            <hose type="hydraulicIn"  node="tubo7_sup"  length="0.35" diameter="0.02" minCenterPointAngle="30"  straighteningFactor="0.5" isWorldSpaceHose="false"/>
            <target attacherJointIndices="1 3 4" type="none" node="tubo7_inf" straighteningFactor="0.5"/>
        </localHose>	
		<localHose>
            <hose type="hydraulicIn"  node="tubo8_sup"  length="0.35" diameter="0.02" minCenterPointAngle="30"  straighteningFactor="0.5" isWorldSpaceHose="false"/>
            <target attacherJointIndices="1 3 4" type="none" node="tubo8_inf" straighteningFactor="0.5"/>
        </localHose>
		<localHose>
            <hose type="hydraulicIn"  node="tubo_in_1"  length="0.3" diameter="0.015" minCenterPointAngle="30" straighteningFactor="0.5" isWorldSpaceHose="false" isTwoPointHose="true"/>
            <target type="none" node="tubo_in_1_1" straighteningFactor="0.5"/>
        </localHose>
		<localHose>
            <hose type="hydraulicIn"  node="tubo_in_1_1_1"  length="0.1" diameter="0.015" minCenterPointAngle="30" straighteningFactor="0.5" isWorldSpaceHose="false" isTwoPointHose="false"/>
            <target type="none" node="tubo_in_1_2_1" straighteningFactor="0.5"/>
        </localHose>
		<localHose>
            <hose type="hydraulicIn"  node="tubo_in_1_2"  length="0.7" diameter="0.015" minCenterPointAngle="30" straighteningFactor="0.7" isWorldSpaceHose="false" isTwoPointHose="true"/>
            <target type="none" node="tubo_out_1" straighteningFactor="0.5"/>
        </localHose>
		<localHose>
            <hose type="hydraulicIn"  node="tubo_in_2"  length="0.3" diameter="0.015" minCenterPointAngle="30" straighteningFactor="0.5" isWorldSpaceHose="false" isTwoPointHose="true"/>
            <target type="none" node="tubo_in_2_1" straighteningFactor="0.5"/>
        </localHose>
		<localHose>
            <hose type="hydraulicIn"  node="tubo_in_2_1_1"  length="0.1" diameter="0.015" minCenterPointAngle="30" straighteningFactor="0.5" isWorldSpaceHose="false" isTwoPointHose="false"/>
            <target type="none" node="tubo_in_2_2_1" straighteningFactor="0.5"/>
        </localHose>
		<localHose>
            <hose type="hydraulicIn"  node="tubo_in_2_2_1"  length="0.3" diameter="0.015" minCenterPointAngle="30" straighteningFactor="0.7" isWorldSpaceHose="false" isTwoPointHose="true"/>
            <target type="none" node="tubo_out_2" straighteningFactor="0.7"/>
        </localHose>
		<localHose>
            <hose type="hydraulicIn"  node="tubo_in_1_dx"  length="0.3" diameter="0.015" minCenterPointAngle="30" straighteningFactor="0.5" isWorldSpaceHose="false" isTwoPointHose="true"/>
            <target type="none" node="tubo_in_1_1_dx" straighteningFactor="0.5"/>
        </localHose>
		<localHose>
            <hose type="hydraulicIn"  node="tubo_in_1_1_1_dx"  length="0.1" diameter="0.015" minCenterPointAngle="30" straighteningFactor="0.5" isWorldSpaceHose="false" isTwoPointHose="false"/>
            <target type="none" node="tubo_in_1_2_1_dx" straighteningFactor="0.5"/>
        </localHose>
		<localHose>
            <hose type="hydraulicIn"  node="tubo_in_1_2_dx"  length="0.7" diameter="0.015" minCenterPointAngle="30" straighteningFactor="0.7" isWorldSpaceHose="false" isTwoPointHose="true"/>
            <target type="none" node="tubo_out_1_dx" straighteningFactor="0.5"/>
        </localHose>
		<localHose>
            <hose type="hydraulicIn"  node="tubo_in_2_dx"  length="0.3" diameter="0.015" minCenterPointAngle="30" straighteningFactor="0.5" isWorldSpaceHose="false" isTwoPointHose="true"/>
            <target type="none" node="tubo_in_2_1_dx" straighteningFactor="0.5"/>
        </localHose>
		<localHose>
            <hose type="hydraulicIn"  node="tubo_in_2_1_1_dx"  length="0.1" diameter="0.015" minCenterPointAngle="30" straighteningFactor="0.5" isWorldSpaceHose="false" isTwoPointHose="false"/>
            <target type="none" node="tubo_in_2_2_1_dx" straighteningFactor="0.5"/>
        </localHose>
		<localHose>
            <hose type="hydraulicIn"  node="tubo_in_2_2_1_dx"  length="0.3" diameter="0.015" minCenterPointAngle="30" straighteningFactor="0.7" isWorldSpaceHose="false" isTwoPointHose="true"/>
            <target type="none" node="tubo_out_2_dx" straighteningFactor="0.7"/>
        </localHose>
		<localHose>
			<hose type="hydraulicIn" node="hydraulic_in_fix" length="0.3" diameter="0.02"/>
			<target type="none" node="hydraulic_in_detach"/>
		</localHose>
		<localHose>
			<hose type="hydraulicOut" node="hydraulic_out_fix" length="0.3" diameter="0.02" straighteningFactor="0.5"/>
			<target type="none" node="hydraulic_out_detach"/>
		</localHose>	 
    </connectionHoses>

    <powerConsumer ptoRpm="470" neededMaxPtoPower="100"/>
    
	<groundReferenceNodes>
        <groundReferenceNode node="groundReferenceNode" threshold="0.5"/>
    </groundReferenceNodes>

	
	<workAreas>
        <workArea type="cutter" functionName="processCutterArea" disableBackwards="true" >
            <area startNode="workAreaStart" widthNode="workAreaWidth" heightNode="workAreaHeight" />
            <groundReferenceNode index="1" />
            <testAreas autoGenerate="true" zOffset="0.5" xOffset="0" length="0.6" numAreas="16" areaWidthScale="0.25" scale="0.97"/>
        </workArea>
    </workAreas>

    <animations>
        <animation name="knifeAnimation" looping="true">
            <part node="LAMADX" startTime="0" endTime="0.5" startTrans="1.715 -0.834 1.35" endTrans="1.675 -0.834 1.35"/>
            <part node="LAMADX" startTime="0.5" endTime="1" startTrans="1.675 -0.834 1.35" endTrans="1.715 -0.834 1.35"/>
			<part node="LAMASX" startTime="0" endTime="0.5" startTrans="0 -0.051 0.528" endTrans="0.04 -0.051 0.528"/>
			<part node="LAMASX" startTime="0.5" endTime="1" startTrans="0.04 -0.051 0.528" endTrans="0 -0.051 0.528"/>
			<part node="lama_esterna_dx" startTime="0" endTime="0.3" startTrans="0 0 0" endTrans="0 0.03 0"/>
            <part node="lama_esterna_dx" startTime="0.3" endTime="0.9" startTrans="0 0.03 0" endTrans="0 0 0"/>
			<part node="lama_esterna_dx" startTime="0.9" endTime="1.2" startTrans="0 0 0" endTrans="0 -0.03 0"/>
            <part node="lama_esterna_dx" startTime="1.2" endTime="1.5" startTrans="0 0.03 0" endTrans="0 0 0"/>
			<part node="lama_esterna_sx" startTime="0" endTime="0.3" startTrans="0 0 0" endTrans="0 0.03 0"/>
            <part node="lama_esterna_sx" startTime="0.3" endTime="0.9" startTrans="0 0.03 0" endTrans="0 0 0"/>
			<part node="lama_esterna_sx" startTime="0.9" endTime="1.2" startTrans="0 0 0" endTrans="0 -0.03 0"/>
            <part node="lama_esterna_sx" startTime="1.2" endTime="1.5" startTrans="0 0.03 0" endTrans="0 0 0"/>
		</animation>
		<animation name="folding">
			<part node="ptoInputRight" startTime="0" endTime="0.5" visibility="true"/>
			<part node="ptoInputRight" startTime="0.5" endTime="11" visibility="false"/>
			<part node="Braccio1" startTime="0.5" endTime="4" startRot="0 0 0" endRot="0 0 -70" />
			<part node="blocco_dx" startTime="0.5" endTime="4" startRot="0 0 0" endRot="0 0 70" />
			<part node="Braccio2" startTime="0.5" endTime="4" startRot="0 0 0" endRot="0 0 -70" />
			<part node="rotaz_punta_dx" startTime="1" endTime="4" startRot="0 0 0" endRot="0 90 0" />
			<part node="rotaz_punta_sx" startTime="1" endTime="4" startRot="0 0 0" endRot="0 -90 0" />
			<part node="braccio_dx" startTime="0.5" endTime="4" startRot="0 0 0" endRot="11 0 0" />
			<part node="1_MotoreDX" startTime="0.5" endTime="4" startTrans="0 0 0" endTrans="0 0 -0.177"/>
			<part node="braccio_sx" startTime="0.5" endTime="4" startRot="0 0 0" endRot="11 0 0" />
			<!--part node="braccio_sx" startTime="0.5" endTime="4" startScale="1 1 1" endScale="0.8 1 1" /-->
			<part node="2_MotoreSX" startTime="0.5" endTime="4" startTrans="0 0 0" endTrans="0 0 -0.177"/>
			<part node="blocco_sx" startTime="4.5" endTime="11" startTrans="0 0 0" endTrans="-2.57 0 0" /><!--1.86 0 0 -->
			<part node="blocco_sx" startTime="4.5" endTime="11" startScale="2 1 1" endScale="1.4 1 1" /><!--1.86 0 0 -->
			<part node="movimento_cinghia" startTime="5" endTime="8" startTrans="0 0.85 0" endTrans="-0.83 0.85 0" />
			<part node="Braccio1" startTime="4.5" endTime="10" startRot="0 0 -70" endRot="0 0 -180" />
			<!--part node="Braccio1" startTime="4.5" endTime="10" startScale="1 1 1" endScale="0.8 1 1" /-->
			<part node="blocco_dx" startTime="4.5" endTime="10" startRot="0 0 70" endRot="0 0 180" />
			<part node="blocco_dx" startTime="4.5" endTime="10" startScale="1 1 1" endScale="0.7 1 1" />
			<part node="Braccio2" startTime="4.5" endTime="10" startRot="0 0 -70" endRot="0 0 -180" />
			<part node="Braccio2" startTime="4.5" endTime="10" startScale="1 1 1" endScale="0.7 1 1" />
			<part node="Braccio1" startTime="10" endTime="11" startTrans="-0.851 1.346 -0.994" endTrans="-0.66 1.346 -0.994"/>
			<part node="Braccio1_1" startTime="10" endTime="11" startTrans="-0.712 -0.566 0.181" endTrans="-0.671 -0.566 0.181"/>
			<part node="Braccio1_1" startTime="10" endTime="11" startScale="1 1 1" endScale="1.2 1 1"/>
			<part node="Braccio2" startTime="10" endTime="11" startScale="1 1 1" endScale="1.2 1 1"/>
			
			<sound template="defaultHydraulicSound" startTime="1"    endTime="9.99" volumeScale="2.6" pitchScale="0.6" fadeIn="0.1"/>
            <sound template="defaultHydraulicSound" startTime="0.01" endTime="9"    volumeScale="2.8" pitchScale="0.4" fadeIn="0.1"/>
            <sound template="clackVar1"             startTime="9.9"  direction="1"  volumeScale="1.9" pitchScale="0.8" />
            <sound template="clackVar4"             startTime="9.9"  direction="1"  volumeScale="1.9" pitchScale="1" />
            <sound template="clackVar6"             startTime="9.9"  direction="1"  volumeScale="1.2" pitchScale="0.6" />
            <sound template="sheetImp02"            startTime="8.9"  direction="1"  volumeScale="2.9" pitchScale="0.8" />
            <sound template="clackVar6"             startTime="8.9"  direction="1"  volumeScale="1.9" pitchScale="0.6" />
            <sound template="sheetImp02"            startTime="9.99" direction="-1" volumeScale="4.9" pitchScale="0.7" />
            <sound template="clackVar3"             startTime="9.99" direction="-1" volumeScale="1.9" pitchScale="0.7" />
            <sound template="clackVar4"             startTime="9"    direction="-1" volumeScale="1.9" pitchScale="0.6" />
            <sound template="clackVar6"             startTime="8.9"  direction="-1" volumeScale="1.6" pitchScale="0.6" />
            <sound template="clackVar1"             startTime="1.2"  direction="-1" volumeScale="1.6" pitchScale="0.8" />
            <sound template="sheetImp02"            startTime="1.2"  direction="-1" volumeScale="2.4" pitchScale="0.8" />
            <sound template="clackVar1"             startTime="0.1"  direction="-1" volumeScale="1.6" pitchScale="0.8" />
            <sound template="clackVar4"             startTime="0.05" direction="-1" volumeScale="1.6" pitchScale="0.8" />
            <sound template="foldStartMed02"        startTime="0.1"  direction="1"  volumeScale="2.6" pitchScale="0.8" />
            <sound template="foldStartMed02"        startTime="1.1"  direction="1"  volumeScale="2.6" pitchScale="1" />
            <sound template="clackVar3"             startTime="1.1"  direction="1"  volumeScale="1.3" pitchScale="1" />
			
		</animation>
		<animation name="tubi">
			<part node="hydraulic_in_fix" startTime="0" endTime="0.05" visibility="false"/>
			<part node="hydraulic_in_detach" startTime="0" endTime="0.05" visibility="false"/>
			<part node="hydraulic_in_fix" startTime="0.05" endTime="0.1" visibility="true"/>
			<part node="hydraulic_in_detach" startTime="0.05" endTime="0.1" visibility="true"/>
		</animation>				 
	</animations>

    <foldable>
        <foldingConfigurations>
            <foldingConfiguration>
                <foldingParts startMoveDirection="1" turnOnFoldMinLimit="0" turnOnFoldMaxLimit="0.1">
                    <foldingPart animationName="folding" speedScale="1"/>
                </foldingParts>
            </foldingConfiguration>
        </foldingConfigurations>
    </foldable>
	
    <cylindered>
        <movingParts>
            <movingPart node="spikes1dx" referenceFrame="0>"/>
            <movingPart node="spikes2dx" referenceFrame="0>"/>
            <movingPart node="spikes3dx" referenceFrame="0>"/>
            <movingPart node="spikes4dx" referenceFrame="0>"/>
            <movingPart node="spikes5dx" referenceFrame="0>"/>
            <movingPart node="spikes1_sx" referenceFrame="0>"/>
            <movingPart node="spikes2_sx" referenceFrame="0>"/>
            <movingPart node="spikes3_sx" referenceFrame="0>"/>
            <movingPart node="spikes4_sx" referenceFrame="0>"/>
            <movingPart node="spikes5_sx" referenceFrame="0>"/>
            <movingPart node="pistone_braccio_rot_dx" referenceFrame="rif_pistoni_braccio_dx" referencePoint="rif_pistoni_braccio_dx">
                <translatingPart node="punch_pistone_braccio_dx"/>
            </movingPart>
            <movingPart node="pistone_braccio_rot_sx" referenceFrame="rif_pistoni_braccio_sx" referencePoint="rif_pistoni_braccio_sx">
                <translatingPart node="punch_pistone_braccio_sx"/>
            </movingPart>
            <movingPart node="rif_rot_pist_mot_dx" referenceFrame="rif_avanti_dx" referencePoint="rif_avanti_dx">
                <translatingPart node="rif_pist_motore_dx"/>
            </movingPart>
            <movingPart node="rif_rot_pist_mot_sx" referenceFrame="rif_avanti_sx" referencePoint="rif_avanti_sx">
                <translatingPart node="rif_pist_motore_sx"/>
            </movingPart>
        </movingParts>
        <movingTools>
            <movingTool node="motoredummy" playSound="true">
                <controls axis="AXIS_CUTTER_REEL" invertAxis="false" mouseSpeedFactor="2" iconName="REEL_TRANSLATE_X"/>
                <translation transSpeed="0.1" transAcceleration="10" transMax="1.351" transMin="1.174" translationAxis="3" startTrans="1.351" />
				<dependentMovingTool node="1_MotoreDX" speedScale="1"/>
				<dependentMovingTool node="2_MotoreSX" speedScale="1"/>
			</movingTool>
			<movingTool node="1_MotoreDX" >
				<translation transSpeed="0.1" transAcceleration="10" transMax="0" transMin="-0.177" translationAxis="3" startTrans="0" />
				<dependentPart node="rif_rot_pist_mot_dx"/>
			</movingTool>
			<movingTool node="2_MotoreSX" >
				<translation transSpeed="0.1" transAcceleration="10" transMax="0" transMin="-0.177" translationAxis="3" startTrans="0" />
				<dependentPart node="rif_rot_pist_mot_sx"/>
			</movingTool>
			<movingTool node="bracciodummy"  playSound="true">
                <controls axis="AXIS_CUTTER_REEL2" invertAxis="true" mouseSpeedFactor="2" iconName="REEL_TRANSLATE_Y" />
                <rotation rotationAxis="1" rotSpeed="20" rotAcceleration="50" rotMax="11" rotMin="-20" startRot="0" />
				<dependentMovingTool node="braccio_dx" speedScale="1"/>
				<dependentMovingTool node="braccio_sx" speedScale="1"/>
            </movingTool>
			<movingTool node="braccio_dx">
				<rotation rotSpeed="10" rotAcceleration="100" rotMax="11" rotMin="-20" rotationAxis="1" startRot="0" />
				<dependentPart node="pistone_braccio_rot_dx"/>
			</movingTool>
			<movingTool node="braccio_sx">
				<rotation rotSpeed="10" rotAcceleration="100" rotMax="11" rotMin="-20" rotationAxis="1" startRot="0" />
				<dependentPart node="pistone_braccio_rot_sx"/>
			</movingTool>
            <movingTool node="aspo_dx">
                <dependentPart node="spikes1dx"/>
                <dependentPart node="spikes2dx"/>
                <dependentPart node="spikes3dx"/>
                <dependentPart node="spikes4dx"/>
                <dependentPart node="spikes5dx"/>
            </movingTool>
			<movingTool node="aspo_sx">
                <dependentPart node="spikes1_sx"/>
                <dependentPart node="spikes2_sx"/>
                <dependentPart node="spikes3_sx"/>
                <dependentPart node="spikes4_sx"/>
                <dependentPart node="spikes5_sx"/>
            </movingTool>
        </movingTools>
        <sounds>
            <hydraulic linkNode="cressoni_CRX" template="defaultHydraulicSound"/>
        </sounds>
    </cylindered>

    <cutter fruitTypeCategories="grainHeader">
		<effect>
            <effectNode effectClass="CutterMotionPathEffect" effectType="CUTTER" linkNode="cutterEffectLinkNode">
                <motionPathEffect textureFilename="$data/effects/cutter/arrays/grainheader/beltXArray.dds" numRows="32" rowLength="42" minFade="0.06" textureRealWidth="16"/>
            </effectNode>
            <effectNode effectClass="ParticleEffect" effectNode="smokeEmitter" particleType="SMOKE" materialType="smokeParticle" emitCountScale="0.1" worldSpace="false" useCuttingWidth="false"/>
        </effect>
        
        <fruitExtraObjects hideOnDetach="false"/>
		
		<animationNodes>
            <animationNode node="CocleaDX" rotAxis="1" rotSpeed="1000" turnOffFadeTime="1" turnOnFadeTime="1"/>
            <animationNode node="CocleaSX" rotAxis="1" rotSpeed="1000" turnOffFadeTime="1" turnOnFadeTime="1"/>
            <animationNode node="aspo_dx" rotAxis="1" rotSpeed="310" turnOffFadeTime="3" turnOnFadeTime="3"/>
            <animationNode node="aspo_sx" rotAxis="1" rotSpeed="310" turnOffFadeTime="3" turnOnFadeTime="3"/>
        </animationNodes>
    </cutter>

    <dynamicMount forceLimitScale="1"/>
	
	<turnOnVehicle turnedOnByAttacherVehicle="true" turnOffIfNotAllowed="true">
        <sounds>
            <start template="forageHarvesterStart" volumeScale="0.7"/>
            <work  template="forageHarvesterWork"  pitchScale="0.8" />
            <stop  template="forageHarvesterStop"  pitchScale="1.5" volumeScale="0.4" />
        </sounds>
    </turnOnVehicle>
	
    <foliageBending>
        <bendingNode minX="-2.754" maxX="0.758" minZ="0.168" maxZ="1.4" yOffset="-1.35" node="Braccio1"/>
        <bendingNode minX="0" maxX="3.30" minZ="-0.909" maxZ="0.4" yOffset="0" node="blocco_sx"/>
    </foliageBending>

    <baseMaterial>
        <material name="Cressoni_mat" baseNode="ParteCentraleGrigio">
            <shaderParameter name="colorMat0" value="JOHNDEERE_GREEN1"/>
            <shaderParameter name="colorMat1" value="JOHNDEERE_GREEN1"/>
			<shaderParameter name="colorMat2" value="JOHNDEERE_GREEN1"/>
		</material>
    </baseMaterial>

    <baseMaterialConfigurations price="1500" useDefaultColors="true" >
		<baseMaterialConfiguration name="Claas Grün" color="CLAAS_GREEN1"/>
		<baseMaterialConfiguration name="Claas Dunkelgrau" color="CLAAS_DARKGREY2"/>
		<baseMaterialConfiguration name="Claas Weiß" color="CLAAS_WHITE1"/>
		<baseMaterialConfiguration name="Fendt Nature Green" color="FENDT_NEWGREEN1"/>
		<baseMaterialConfiguration name="Fendt Altgrün" color="0.094 0.155 0.079"/>
		<baseMaterialConfiguration name="Fendt Orange" color="FENDT_ORANGE1"/>
		<baseMaterialConfiguration name="Fendt Rot" color="FENDT_RED1"/>
		<baseMaterialConfiguration name="RAL Nachtblau" color="0.0000 0.0080 0.0790"/>
		<baseMaterialConfiguration name="Fendt Gelb" color="FENDT_YELLOW1"/>
		<baseMaterialConfiguration name="Fendt Dunkelgrün" color="FENDT_DARKGREEN1"/>
		<baseMaterialConfiguration name="Fendt Schwarz" color="FENDT_BLACK1"/>
		<baseMaterialConfiguration name="Petrol" color="0 0.18 0.15 1"/>
		<baseMaterialConfiguration name="RAL Weinrot" color="0.09000 0.00400 0.00400"/>
		<baseMaterialConfiguration name="Fendt Weiß1" color="FENDT_WHITE1"/>
		<baseMaterialConfiguration name="Fendt Weiß2" color="FENDT_WHITE2"/>
		<baseMaterialConfiguration name="Weiß" color="1.000 1.000 1.000 1"/>
		<baseMaterialConfiguration name="RAL Tiefschwarz" color="RAL_9005"/>
		<baseMaterialConfiguration name="Fendt Grau1" color="FENDT_GREY1" price="1000" />
		<baseMaterialConfiguration name="Fendt Grau2" color="FENDT_GREY2" price="1000" />
		<baseMaterialConfiguration name="Fendt Grau3" color="0.294 0.294 0.294 1" price="1000" />
		<baseMaterialConfiguration name="Manitou Grau" color="MANITOU_GREY" price="1000" />
		<baseMaterialConfiguration name="Manitou Grau3" color="MANITOU_GREY3" price="1000" />
		<baseMaterialConfiguration name="Staubgrau" color="RAL_7037" price="1000" />
		
		<baseMaterialConfiguration name="Blunk" color="1 1 0.45 1" />
		<baseMaterialConfiguration name="BlueModding" color="0.000 0.004 0.024 1" />
		<baseMaterialConfiguration name="Tükis" color="0.000 1.000 1.000 1" /> 
		<baseMaterialConfiguration name="SpringGreen3" color="0.000 0.804 0.400 1" /> 
		<baseMaterialConfiguration name="RoyalBlue3" color="0.227 0.373 0.804 1"/> 
		<baseMaterialConfiguration name="Neon Pink" color="0.929 0.004 0.176 1" /> 
		<baseMaterialConfiguration name="Green3" color="0.000 0.804 0.000 1" /> 
		<baseMaterialConfiguration name="MB Trac Farbe" color="0.750 0.790 0.050 1" /> 

		<baseMaterialConfiguration name="Chrome Fendt Nature Green" color="FENDT_NEWGREEN1" material="2"/>
		<baseMaterialConfiguration name="Chrome Fendt Altgrün" color="0.094 0.155 0.079" material="2"/>
		<baseMaterialConfiguration name="Chrome Fendt Orange" color="FENDT_ORANGE1" material="2"/> 
		<baseMaterialConfiguration name="Chrome Fendt Rot" color="FENDT_RED1" material="2"/>
		<baseMaterialConfiguration name="Chrome RAL Nachtblau" color="0.0000 0.0080 0.0790" material="2"/>
		<baseMaterialConfiguration name="Chrome Fendt Gelb" color="FENDT_YELLOW1" material="2"/>
		<baseMaterialConfiguration name="Chrome Fendt Dunkelgrün" color="FENDT_DARKGREEN1" material="2"/>
		<baseMaterialConfiguration name="Chrome Fendt Schwarz" color="FENDT_BLACK1" material="2"/>
		<baseMaterialConfiguration name="Chrome Petrol" color="0 0.18 0.15 1" material="2"/>
		<baseMaterialConfiguration name="Chrome RAL Weinrot" color="0.09000 0.00400 0.00400" material="2"/>
		<baseMaterialConfiguration name="Chrome Fendt Weiß1" color="FENDT_WHITE1" material="2"/>
		<baseMaterialConfiguration name="Chrome Fendt Weiß2" color="FENDT_WHITE2" material="2"/>
		<baseMaterialConfiguration name="Chrome Weiß" color="1.000 1.000 1.000 1" material="2"/>
		<baseMaterialConfiguration name="Chrome RAL Tiefschwarz" color="RAL_9005" material="2"/>
		<baseMaterialConfiguration name="Chrome Fendt Schwarz" color="FENDT_BLACK1" material="2"/>
		<baseMaterialConfiguration name="Chrome Fendt Grau1" color="FENDT_GREY1" material="2"/>
		<baseMaterialConfiguration name="Chrome Fendt Grau2" color="FENDT_GREY2" material="2"/>
		<baseMaterialConfiguration name="Chrome Fendt Grau3" color="0.294 0.294 0.294 1" material="2"/>
		<baseMaterialConfiguration name="Chrome Manitou Grau" color="MANITOU_GREY" material="2"/>
		<baseMaterialConfiguration name="Chrome Manitou Grau3" color="MANITOU_GREY3" material="2"/>
		<baseMaterialConfiguration name="Chrome Staubgrau" color="RAL_7037" material="2"/>
		
		<baseMaterialConfiguration name="Chrome Blunk" color="1 1 0.45 1" material="2"/>
		<baseMaterialConfiguration name="Chrome BlueModding" color="0.000 0.004 0.024 1" material="2"/>
		<baseMaterialConfiguration name="Chrome Tükis" color="0.000 1.000 1.000 1" material="2"/> 
		<baseMaterialConfiguration name="Chrome SpringGreen3" color="0.000 0.804 0.400 1" material="2"/> 
		<baseMaterialConfiguration name="Chrome RoyalBlue3" color="0.227 0.373 0.804 1" material="2"/> 
		<baseMaterialConfiguration name="Chrome Neon Pink" color="0.929 0.004 0.176 1" material="2"/> 
		<baseMaterialConfiguration name="Chrome Green3" color="0.000 0.804 0.000 1" material="2"/> 
		<baseMaterialConfiguration name="Chrome MB Trac Farbe" color="0.750 0.790 0.050 1" material="2"/> 
		<baseMaterialConfiguration name="CHROME" color="SHARED_WHITE2" material="2" />
		
		<material name="Cressoni_mat" shaderParameter="colorMat1" /><!-- material="2" -->

	</baseMaterialConfigurations>
	
	<designMaterialConfigurations price="800" useDefaultColors="true" >
		<designMaterialConfiguration name="Claas Dunkelgrau" color="CLAAS_DARKGREY2"/>
		<designMaterialConfiguration name="Claas Weiß" color="CLAAS_WHITE1"/>
		<designMaterialConfiguration name="Claas Grün" color="CLAAS_GREEN1"/>
		<designMaterialConfiguration name="Fendt Schwarz" color="FENDT_BLACK1"/>
		<designMaterialConfiguration name="Fendt Nature Green" color="FENDT_NEWGREEN1"/>
		<designMaterialConfiguration name="Fendt Altgrün" color="0.094 0.155 0.079"/>
		<designMaterialConfiguration name="Fendt Orange" color="FENDT_ORANGE1"/>
		<designMaterialConfiguration name="Fendt Rot" color="FENDT_RED1"/>
		<designMaterialConfiguration name="RAL Nachtblau" color="0.0000 0.0080 0.0790"/>
		<designMaterialConfiguration name="Fendt Gelb" color="FENDT_YELLOW1"/>
		<designMaterialConfiguration name="Fendt Dunkelgrün" color="FENDT_DARKGREEN1"/>
		<designMaterialConfiguration name="Petrol" color="0 0.18 0.15 1"/>
		<designMaterialConfiguration name="RAL Weinrot" color="0.09000 0.00400 0.00400"/>
		<designMaterialConfiguration name="Fendt Weiß1" color="FENDT_WHITE1"/>
		<designMaterialConfiguration name="Fendt Weiß2" color="FENDT_WHITE2"/>
		<designMaterialConfiguration name="Weiß" color="1.000 1.000 1.000 1"/>
		<designMaterialConfiguration name="RAL Tiefschwarz" color="RAL_9005"/>
		<designMaterialConfiguration name="Fendt Grau1" color="FENDT_GREY1" price="1000" />
		<designMaterialConfiguration name="Fendt Grau2" color="FENDT_GREY2" price="1000" />
		<designMaterialConfiguration name="Fendt Grau3" color="0.294 0.294 0.294 1" price="1000" />
		<designMaterialConfiguration name="Manitou Grau" color="MANITOU_GREY" price="1000" />
		<designMaterialConfiguration name="Manitou Grau3" color="MANITOU_GREY3" price="1000" />
		<designMaterialConfiguration name="Staubgrau" color="RAL_7037" price="1000" />
		
		<designMaterialConfiguration name="Blunk" color="1 1 0.45 1" />
		<designMaterialConfiguration name="BlueModding" color="0.000 0.004 0.024 1" />
		<designMaterialConfiguration name="Tükis" color="0.000 1.000 1.000 1" /> 
		<designMaterialConfiguration name="SpringGreen3" color="0.000 0.804 0.400 1" /> 
		<designMaterialConfiguration name="RoyalBlue3" color="0.227 0.373 0.804 1"/> 
		<designMaterialConfiguration name="Neon Pink" color="0.929 0.004 0.176 1" /> 
		<designMaterialConfiguration name="Green3" color="0.000 0.804 0.000 1" /> 
		<designMaterialConfiguration name="MB Trac Farbe" color="0.750 0.790 0.050 1" /> 
	
		<designMaterialConfiguration name="Chrome Fendt Nature Green" color="FENDT_NEWGREEN1" material="2"/>
		<designMaterialConfiguration name="Chrome Fendt Altgrün" color="0.094 0.155 0.079" material="2"/>
		<designMaterialConfiguration name="Chrome Fendt Orange" color="FENDT_ORANGE1" material="2"/> 
		<designMaterialConfiguration name="Chrome Fendt Rot" color="FENDT_RED1" material="2"/>
		<designMaterialConfiguration name="Chrome RAL Nachtblau" color="0.0000 0.0080 0.0790" material="2"/>
		<designMaterialConfiguration name="Chrome Fendt Gelb" color="FENDT_YELLOW1" material="2"/>
		<designMaterialConfiguration name="Chrome Fendt Dunkelgrün" color="FENDT_DARKGREEN1" material="2"/>
		<designMaterialConfiguration name="Chrome Fendt Schwarz" color="FENDT_BLACK1" material="2"/>
		<designMaterialConfiguration name="Chrome Petrol" color="0 0.18 0.15 1" material="2"/>
		<designMaterialConfiguration name="Chrome RAL Weinrot" color="0.09000 0.00400 0.00400" material="2"/>
		<designMaterialConfiguration name="Chrome Fendt Weiß1" color="FENDT_WHITE1" material="2"/>
		<designMaterialConfiguration name="Chrome Fendt Weiß2" color="FENDT_WHITE2" material="2"/>
		<designMaterialConfiguration name="Chrome Weiß" color="1.000 1.000 1.000 1" material="2"/>
		<designMaterialConfiguration name="Chrome RAL Tiefschwarz" color="RAL_9005" material="2"/>
		<designMaterialConfiguration name="Chrome Fendt Schwarz" color="FENDT_BLACK1" material="2"/>
		<designMaterialConfiguration name="Chrome Fendt Grau1" color="FENDT_GREY1" material="2"/>
		<designMaterialConfiguration name="Chrome Fendt Grau2" color="FENDT_GREY2" material="2"/>
		<designMaterialConfiguration name="Chrome Fendt Grau3" color="0.294 0.294 0.294 1" material="2"/>
		<designMaterialConfiguration name="Chrome Manitou Grau" color="MANITOU_GREY" material="2"/>
		<designMaterialConfiguration name="Chrome Manitou Grau3" color="MANITOU_GREY3" material="2"/>
		<designMaterialConfiguration name="Chrome Staubgrau" color="RAL_7037" material="2"/>
		
		<designMaterialConfiguration name="Chrome Blunk" color="1 1 0.45 1" material="2"/>
		<designMaterialConfiguration name="Chrome BlueModding" color="0.000 0.004 0.024 1" material="2"/>
		<designMaterialConfiguration name="Chrome Tükis" color="0.000 1.000 1.000 1" material="2"/> 
		<designMaterialConfiguration name="Chrome SpringGreen3" color="0.000 0.804 0.400 1" material="2"/> 
		<designMaterialConfiguration name="Chrome RoyalBlue3" color="0.227 0.373 0.804 1" material="2"/> 
		<designMaterialConfiguration name="Chrome Neon Pink" color="0.929 0.004 0.176 1" material="2"/> 
		<designMaterialConfiguration name="Chrome Green3" color="0.000 0.804 0.000 1" material="2"/> 
		<designMaterialConfiguration name="Chrome MB Trac Farbe" color="0.750 0.790 0.050 1" material="2"/> 
		<designMaterialConfiguration name="CHROME" color="SHARED_WHITE2" material="2" />
		
		<material name="Cressoni_mat" shaderParameter="colorMat2" /><!-- material="2" -->

	</designMaterialConfigurations>
	
	<designMaterial2Configurations price="800" useDefaultColors="true" >
		<designMaterial2Configuration name="Claas Dunkelgrau" color="CLAAS_DARKGREY2"/>
		<designMaterial2Configuration name="Claas Weiß" color="CLAAS_WHITE1"/>
		<designMaterial2Configuration name="Claas Grün" color="CLAAS_GREEN1"/>
		<designMaterial2Configuration name="Fendt Schwarz" color="FENDT_BLACK1"/>
		<designMaterial2Configuration name="Fendt Nature Green" color="FENDT_NEWGREEN1"/>
		<designMaterial2Configuration name="Fendt Altgrün" color="0.094 0.155 0.079"/>
		<designMaterial2Configuration name="Fendt Orange" color="FENDT_ORANGE1"/>
		<designMaterial2Configuration name="Fendt Rot" color="FENDT_RED1"/>
		<designMaterial2Configuration name="RAL Nachtblau" color="0.0000 0.0080 0.0790"/>
		<designMaterial2Configuration name="Fendt Gelb" color="FENDT_YELLOW1"/>
		<designMaterial2Configuration name="Fendt Dunkelgrün" color="FENDT_DARKGREEN1"/>
		<designMaterial2Configuration name="Petrol" color="0 0.18 0.15 1"/>
		<designMaterial2Configuration name="RAL Weinrot" color="0.09000 0.00400 0.00400"/>
		<designMaterial2Configuration name="Fendt Weiß1" color="FENDT_WHITE1"/>
		<designMaterial2Configuration name="Fendt Weiß2" color="FENDT_WHITE2"/>
		<designMaterial2Configuration name="Weiß" color="1.000 1.000 1.000 1"/>
		<designMaterial2Configuration name="RAL Tiefschwarz" color="RAL_9005"/>
		<designMaterial2Configuration name="Fendt Grau1" color="FENDT_GREY1" price="1000" />
		<designMaterial2Configuration name="Fendt Grau2" color="FENDT_GREY2" price="1000" />
		<designMaterial2Configuration name="Fendt Grau3" color="0.294 0.294 0.294 1" price="1000" />
		<designMaterial2Configuration name="Manitou Grau" color="MANITOU_GREY" price="1000" />
		<designMaterial2Configuration name="Manitou Grau3" color="MANITOU_GREY3" price="1000" />
		<designMaterial2Configuration name="Staubgrau" color="RAL_7037" price="1000" />
		
		<designMaterial2Configuration name="Blunk" color="1 1 0.45 1" />
		<designMaterial2Configuration name="BlueModding" color="0.000 0.004 0.024 1" />
		<designMaterial2Configuration name="Tükis" color="0.000 1.000 1.000 1" /> 
		<designMaterial2Configuration name="SpringGreen3" color="0.000 0.804 0.400 1" /> 
		<designMaterial2Configuration name="RoyalBlue3" color="0.227 0.373 0.804 1"/> 
		<designMaterial2Configuration name="Neon Pink" color="0.929 0.004 0.176 1" /> 
		<designMaterial2Configuration name="Green3" color="0.000 0.804 0.000 1" /> 
		<designMaterial2Configuration name="MB Trac Farbe" color="0.750 0.790 0.050 1" /> 
	
		<designMaterial2Configuration name="Chrome Fendt Nature Green" color="FENDT_NEWGREEN1" material="2"/>
		<designMaterial2Configuration name="Chrome Fendt Altgrün" color="0.094 0.155 0.079" material="2"/>
		<designMaterial2Configuration name="Chrome Fendt Orange" color="FENDT_ORANGE1" material="2"/> 
		<designMaterial2Configuration name="Chrome Fendt Rot" color="FENDT_RED1" material="2"/>
		<designMaterial2Configuration name="Chrome RAL Nachtblau" color="0.0000 0.0080 0.0790" material="2"/>
		<designMaterial2Configuration name="Chrome Fendt Gelb" color="FENDT_YELLOW1" material="2"/>
		<designMaterial2Configuration name="Chrome Fendt Dunkelgrün" color="FENDT_DARKGREEN1" material="2"/>
		<designMaterial2Configuration name="Chrome Fendt Schwarz" color="FENDT_BLACK1" material="2"/>
		<designMaterial2Configuration name="Chrome Petrol" color="0 0.18 0.15 1" material="2"/>
		<designMaterial2Configuration name="Chrome RAL Weinrot" color="0.09000 0.00400 0.00400" material="2"/>
		<designMaterial2Configuration name="Chrome Fendt Weiß1" color="FENDT_WHITE1" material="2"/>
		<designMaterial2Configuration name="Chrome Fendt Weiß2" color="FENDT_WHITE2" material="2"/>
		<designMaterial2Configuration name="Chrome Weiß" color="1.000 1.000 1.000 1" material="2"/>
		<designMaterial2Configuration name="Chrome RAL Tiefschwarz" color="RAL_9005" material="2"/>
		<designMaterial2Configuration name="Chrome Fendt Schwarz" color="FENDT_BLACK1" material="2"/>
		<designMaterial2Configuration name="Chrome Fendt Grau1" color="FENDT_GREY1" material="2"/>
		<designMaterial2Configuration name="Chrome Fendt Grau2" color="FENDT_GREY2" material="2"/>
		<designMaterial2Configuration name="Chrome Fendt Grau3" color="0.294 0.294 0.294 1" material="2"/>
		<designMaterial2Configuration name="Chrome Manitou Grau" color="MANITOU_GREY" material="2"/>
		<designMaterial2Configuration name="Chrome Manitou Grau3" color="MANITOU_GREY3" material="2"/>
		<designMaterial2Configuration name="Chrome Staubgrau" color="RAL_7037" material="2"/>
		
		<designMaterial2Configuration name="Chrome Blunk" color="1 1 0.45 1" material="2"/>
		<designMaterial2Configuration name="Chrome BlueModding" color="0.000 0.004 0.024 1" material="2"/>
		<designMaterial2Configuration name="Chrome Tükis" color="0.000 1.000 1.000 1" material="2"/> 
		<designMaterial2Configuration name="Chrome SpringGreen3" color="0.000 0.804 0.400 1" material="2"/> 
		<designMaterial2Configuration name="Chrome RoyalBlue3" color="0.227 0.373 0.804 1" material="2"/> 
		<designMaterial2Configuration name="Chrome Neon Pink" color="0.929 0.004 0.176 1" material="2"/> 
		<designMaterial2Configuration name="Chrome Green3" color="0.000 0.804 0.000 1" material="2"/> 
		<designMaterial2Configuration name="Chrome MB Trac Farbe" color="0.750 0.790 0.050 1" material="2"/> 
		<designMaterial2Configuration name="CHROME" color="SHARED_WHITE2" material="2" />
		
		<material name="Cressoni_mat" shaderParameter="colorMat0" /><!-- material="2" -->
	</designMaterial2Configurations>
	

    <wearable wearDuration="1050" workMultiplier="2" fieldMultiplier="1"/>
    <washable dirtDuration="100" washDuration="1" workMultiplier="3" fieldMultiplier="2"/>
    <ai>
        <areaMarkers leftNode="aiMarkerLeft" rightNode="aiMarkerRight" backNode="aiMarkerBack"/>
        <collisionTrigger node="aiCollisionNode" width="14.6" height="2.2"/>
    </ai>

    <i3dMappings>
        <i3dMapping id="cressoni_CRX" node="0>"/>
        <i3dMapping id="attacherJoint" node="0>0|0"/>
        <i3dMapping id="ptoInputRight" node="0>0|1"/>
		<i3dMapping id="ptoInputRightDetach" node="0>0|1|0"/>
        <i3dMapping id="heightNode" node="0>1"/>
        <i3dMapping id="workAreaStart" node="0>2|0"/>
        <i3dMapping id="workAreaWidth" node="0>2|1"/>
        <i3dMapping id="workAreaHeight" node="0>2|2"/>
        <i3dMapping id="groundReferenceNode" node="0>2|3"/>
        <i3dMapping id="ParteCentraleGrigio" node="0>3|0"/>
        <i3dMapping id="Braccio1" node="0>3|0|0"/>
        <i3dMapping id="blocco_dx" node="0>3|0|0|0"/>
        <i3dMapping id="braccio_dx" node="0>3|0|0|0|0"/>
        <i3dMapping id="1_MotoreDX" node="0>3|0|0|0|0|1|0"/>
        <i3dMapping id="aspo_dx" node="0>3|0|0|0|0|1|0|0"/>
        <i3dMapping id="spikes1dx" node="0>3|0|0|0|0|1|0|0|1|0"/>
        <i3dMapping id="spikes2dx" node="0>3|0|0|0|0|1|0|0|1|1"/>
        <i3dMapping id="spikes3dx" node="0>3|0|0|0|0|1|0|0|1|2"/>
        <i3dMapping id="spikes4dx" node="0>3|0|0|0|0|1|0|0|1|3"/>
        <i3dMapping id="spikes5dx" node="0>3|0|0|0|0|1|0|0|1|4"/>
        <i3dMapping id="rif_avanti_dx" node="0>3|0|0|0|0|1|0|2"/>
        <i3dMapping id="rif_rot_pist_mot_dx" node="0>3|0|0|0|0|2"/>
        <i3dMapping id="rif_pist_motore_dx" node="0>3|0|0|0|0|2|0"/>
        <i3dMapping id="rif_pistoni_braccio_dx" node="0>3|0|0|0|0|3"/>
        <i3dMapping id="CocleaDX" node="0>3|0|0|0|1"/>
        <i3dMapping id="LAMADX" node="0>3|0|0|0|2"/>
        <i3dMapping id="visual_dx" node="0>3|0|0|0|4"/>
        <i3dMapping id="ParteDXGrigio" node="0>3|0|0|0|4|0"/>
        <i3dMapping id="1_CarterDx" node="0>3|0|0|0|4|3"/>
        <i3dMapping id="2_PuntaDX" node="0>3|0|0|0|4|3|0"/>
        <i3dMapping id="PuntaDX" node="0>3|0|0|0|4|3|1"/>
        <i3dMapping id="decal_carter_dx" node="0>3|0|0|0|4|3|2"/>
        <i3dMapping id="tubo_1_scatola_out" node="0>3|0|0|0|4|12"/>
        <i3dMapping id="tubo_2_scatola_out" node="0>3|0|0|0|4|13"/>
        <i3dMapping id="tubo_3_scatola_out" node="0>3|0|0|0|4|14"/>
        <i3dMapping id="tubo_4_scatola_out" node="0>3|0|0|0|4|15"/>
        <i3dMapping id="colza_dx" node="0>3|0|0|0|4|16"/>
        <i3dMapping id="colza_carter_dx" node="0>3|0|0|0|4|16|0"/>
        <i3dMapping id="lama_esterna_dx" node="0>3|0|0|0|4|16|4"/>
        <i3dMapping id="tubo_in_1_dx" node="0>3|0|0|0|4|16|6"/>
        <i3dMapping id="tubo_in_1_1_dx" node="0>3|0|0|0|4|16|6|0"/>
        <i3dMapping id="tubo_in_1_2_dx" node="0>3|0|0|0|4|16|6|1"/>
        <i3dMapping id="tubo_in_1_1_1_dx" node="0>3|0|0|0|4|16|6|2"/>
        <i3dMapping id="tubo_in_1_2_1_dx" node="0>3|0|0|0|4|16|6|3"/>
        <i3dMapping id="tubo_out_1_dx" node="0>3|0|0|0|4|16|6|4"/>
        <i3dMapping id="tubo_in_2_dx" node="0>3|0|0|0|4|16|7"/>
        <i3dMapping id="tubo_in_2_1_dx" node="0>3|0|0|0|4|16|7|0"/>
        <i3dMapping id="tubo_in_2_2_dx" node="0>3|0|0|0|4|16|7|1"/>
        <i3dMapping id="tubo_in_2_1_1_dx" node="0>3|0|0|0|4|16|7|2"/>
        <i3dMapping id="tubo_in_2_2_1_dx" node="0>3|0|0|0|4|16|7|3"/>
        <i3dMapping id="tubo_out_2_dx" node="0>3|0|0|0|4|16|7|4"/>
        <i3dMapping id="soia_dx" node="0>3|0|0|0|4|17"/>
        <i3dMapping id="rotaz_punta_dx" node="0>3|0|0|0|4|17|1"/>
        <i3dMapping id="pistone_braccio_rot_dx" node="0>3|0|0|0|5"/>
        <i3dMapping id="punch_pistone_braccio_dx" node="0>3|0|0|0|5|1"/>
        <i3dMapping id="Braccio1_1" node="0>3|0|0|2"/>
        <i3dMapping id="tubo_1_scatola_in" node="0>3|0|0|4"/>
        <i3dMapping id="tubo_2_scatola_in" node="0>3|0|0|5"/>
        <i3dMapping id="tubo_3_scatola_in" node="0>3|0|0|6"/>
        <i3dMapping id="tubo_4_scatola_in" node="0>3|0|0|7"/>
        <i3dMapping id="tubo5_inf" node="0>3|0|0|8"/>
        <i3dMapping id="tubo6_inf" node="0>3|0|0|9"/>
        <i3dMapping id="tubo7_inf" node="0>3|0|0|10"/>
        <i3dMapping id="tubo8_inf" node="0>3|0|0|11"/>
        <i3dMapping id="tubo5_sup" node="0>3|0|0|12"/>
        <i3dMapping id="tubo6_sup" node="0>3|0|0|13"/>
        <i3dMapping id="tubo7_sup" node="0>3|0|0|14"/>
        <i3dMapping id="tubo8_sup" node="0>3|0|0|15"/>
        <i3dMapping id="Braccio2" node="0>3|0|1"/>
        <i3dMapping id="blocco_sx" node="0>3|1"/>
        <i3dMapping id="braccio_sx" node="0>3|1|0"/>
        <i3dMapping id="2_MotoreSX" node="0>3|1|0|1|0"/>
        <i3dMapping id="aspo_sx" node="0>3|1|0|1|0|0"/>
        <i3dMapping id="spikes1_sx" node="0>3|1|0|1|0|0|1|0"/>
        <i3dMapping id="spikes2_sx" node="0>3|1|0|1|0|0|1|1"/>
        <i3dMapping id="spikes3_sx" node="0>3|1|0|1|0|0|1|2"/>
        <i3dMapping id="spikes4_sx" node="0>3|1|0|1|0|0|1|3"/>
        <i3dMapping id="spikes5_sx" node="0>3|1|0|1|0|0|1|4"/>
        <i3dMapping id="rif_avanti_sx" node="0>3|1|0|1|0|2"/>
        <i3dMapping id="rif_rot_pist_mot_sx" node="0>3|1|0|2"/>
        <i3dMapping id="rif_pist_motore_sx" node="0>3|1|0|2|0"/>
        <i3dMapping id="rif_pistoni_braccio_sx" node="0>3|1|0|3"/>
        <i3dMapping id="CocleaSX" node="0>3|1|1"/>
        <i3dMapping id="LAMASX" node="0>3|1|2"/>
        <i3dMapping id="1_CarterSX" node="0>3|1|4|1"/>
        <i3dMapping id="2_PuntaSX" node="0>3|1|4|1|0"/>
        <i3dMapping id="PuntaSX" node="0>3|1|4|1|1"/>
        <i3dMapping id="decal_carter_sx" node="0>3|1|4|1|2"/>
        <i3dMapping id="colza_sx" node="0>3|1|4|18"/>
        <i3dMapping id="lama_esterna_sx" node="0>3|1|4|18|5"/>
        <i3dMapping id="tubo_in_1" node="0>3|1|4|18|6"/>
        <i3dMapping id="tubo_in_1_1" node="0>3|1|4|18|6|0"/>
        <i3dMapping id="tubo_in_1_2" node="0>3|1|4|18|6|1"/>
        <i3dMapping id="tubo_in_1_1_1" node="0>3|1|4|18|6|2"/>
        <i3dMapping id="tubo_in_1_2_1" node="0>3|1|4|18|6|3"/>
        <i3dMapping id="tubo_out_1" node="0>3|1|4|18|6|4"/>
        <i3dMapping id="tubo_in_2" node="0>3|1|4|18|7"/>
        <i3dMapping id="tubo_in_2_1" node="0>3|1|4|18|7|0"/>
        <i3dMapping id="tubo_in_2_2" node="0>3|1|4|18|7|1"/>
        <i3dMapping id="tubo_in_2_1_1" node="0>3|1|4|18|7|2"/>
        <i3dMapping id="tubo_in_2_2_1" node="0>3|1|4|18|7|3"/>
        <i3dMapping id="tubo_out_2" node="0>3|1|4|18|7|4"/>
        <i3dMapping id="soia_sx" node="0>3|1|4|19"/>
        <i3dMapping id="rotaz_punta_sx" node="0>3|1|4|19|1"/>
        <i3dMapping id="pistone_braccio_rot_sx" node="0>3|1|5"/>
        <i3dMapping id="punch_pistone_braccio_sx" node="0>3|1|5|1"/>
        <i3dMapping id="motoredummy" node="0>4"/>
        <i3dMapping id="bracciodummy" node="0>5"/>
        <i3dMapping id="testAreaStart01" node="0>6|0"/>
        <i3dMapping id="testAreaWidth01" node="0>6|0|0"/>
        <i3dMapping id="testAreaHeight01" node="0>6|0|1"/>
        <i3dMapping id="testAreaStart02" node="0>6|1"/>
        <i3dMapping id="testAreaWidth02" node="0>6|1|0"/>
        <i3dMapping id="testAreaHeight02" node="0>6|1|1"/>
        <i3dMapping id="testAreaStart03" node="0>6|2"/>
        <i3dMapping id="testAreaWidth03" node="0>6|2|0"/>
        <i3dMapping id="testAreaHeight03" node="0>6|2|1"/>
        <i3dMapping id="testAreaStart04" node="0>6|3"/>
        <i3dMapping id="testAreaWidth04" node="0>6|3|0"/>
        <i3dMapping id="testAreaHeight04" node="0>6|3|1"/>
        <i3dMapping id="testAreaStart05" node="0>6|4"/>
        <i3dMapping id="testAreaWidth05" node="0>6|4|0"/>
        <i3dMapping id="testAreaHeight05" node="0>6|4|1"/>
        <i3dMapping id="testAreaStart06" node="0>6|5"/>
        <i3dMapping id="testAreaWidth06" node="0>6|5|0"/>
        <i3dMapping id="testAreaHeight06" node="0>6|5|1"/>
        <i3dMapping id="testAreaStart07" node="0>6|6"/>
        <i3dMapping id="testAreaWidth07" node="0>6|6|0"/>
        <i3dMapping id="testAreaHeight07" node="0>6|6|1"/>
        <i3dMapping id="testAreaStart08" node="0>6|7"/>
        <i3dMapping id="testAreaWidth08" node="0>6|7|0"/>
        <i3dMapping id="testAreaHeight08" node="0>6|7|1"/>
        <i3dMapping id="cutterEffectLinkNode" node="0>7|0"/>
        <i3dMapping id="smokeEmitter" node="0>7|1"/>
        <i3dMapping id="aiMarkerLeft" node="0>8|0|0"/>
        <i3dMapping id="aiMarkerRight" node="0>8|0|1"/>
        <i3dMapping id="aiMarkerBack" node="0>8|0|2"/>
        <i3dMapping id="aiCollisionNode" node="0>8|1"/>
        <i3dMapping id="movimento_cinghia" node="0>9"/>
        <i3dMapping id="hydraulic_in_fix" node="0>3|0|2|14"/>
        <i3dMapping id="hydraulic_out_fix" node="0>3|0|2|14|0"/>
        <i3dMapping id="hydraulic_in_detach" node="0>3|0|2|15"/>
        <i3dMapping id="hydraulic_out_detach" node="0>3|0|2|15|0"/>
    </i3dMappings>
    
</vehicle>
