<?xml version="1.0" encoding="utf-8" standalone="no"?>
<modDesc descVersion="61">
    <author>FM Modding</author>

    <version>1.0.0.0</version>

    <title>
        <de>Cressoni Schneidwerk 14m</de>
		<en>Cressoni Cutter 14m</en>
    </title>

    <description>
        <en><![CDATA[Cressoni CRX includes:

Cressoni CRX 14.0
- Price: 89000 €
- Working Width: 14 metres]]></en>
        <de><![CDATA[Cressoni CRX Inklusive:


Cressoni CRX 14.0
- Preis: 89000 €
- Arbeitsbreite: 14 Meter]]></de>
    </description>

    <iconFilename>store1400.dds</iconFilename>

    <multiplayer supported="true"/>
    <storeItems>
        <storeItem xmlFilename="720.xml"/>
    </storeItems>

    <brands>
        <brand name="CRESSONI" title="Cressoni" image="brand_Cressoni.dds"/>
    </brands>
	
	<newcategory name="FM_Tools" title="FM Modding" type="TOOL" img="FM-Modding.dds" />
	<newcategory name="FM_Vehicles" title="FM Modding" type="VEHICLE" img="FM-Modding.dds" />
	
	<extraSourceFiles>
        <sourceFile filename="categorizer.lua" />
    </extraSourceFiles>

    
</modDesc>
