<?xml version="1.0" encoding="utf-8" standalone="no" ?>
<placeable type="silo" xmlns:xsi="http://www.w3.org/2001/XMLSchema-instance" xsi:noNamespaceSchemaLocation="../../../../../shared/xml/schema/placeable.xsd">
    <storeData>
        <name>
			<en>Root Crop Storage</en>
			<de>Wurzelfruchtlager</de>
			<fr>Stockage Des Cultures Racines</fr>
        </name>
        <functions>
            <function>$l10n_function_rootStorage</function>
        </functions>
        <image>store_rootCropStorage.png</image>
        <price>100000</price>
        <dailyUpkeep>80</dailyUpkeep>
        <lifetime>1000</lifetime>
        <rotation>0</rotation>
        <brand>NONE</brand>
        <species>placeable</species>
        <category>silos</category>
        <brush>
            <type>placeable</type>
            <category>buildings</category>
            <tab>silos</tab>
        </brush>
		
        <vertexBufferMemoryUsage>913152</vertexBufferMemoryUsage>
        <indexBufferMemoryUsage>126208</indexBufferMemoryUsage>
        <textureMemoryUsage>6553600</textureMemoryUsage>
        <audioMemoryUsage>0</audioMemoryUsage>
        <instanceVertexBufferMemoryUsage>0</instanceVertexBufferMemoryUsage>
        <instanceIndexBufferMemoryUsage>0</instanceIndexBufferMemoryUsage>
    </storeData>

    <base>
        <filename>rootCropStorage.i3d</filename>
        <canBeRenamed>true</canBeRenamed>
    </base>

    <placement useRandomYRotation="false" useManualYRotation="true" >
        <testAreas>
            <testArea startNode="testArea1Start" endNode="testArea1End" />
        </testAreas>
        <sounds>
            <place template="medImp" />
        </sounds>
    </placement>

    <clearAreas>
        <clearArea startNode="clearArea1Start" widthNode="clearArea1Width" heightNode="clearArea1Height"/>
    </clearAreas>

    <leveling requireLeveling="true" maxSmoothDistance="1" maxSlope="75" maxEdgeAngle="30">
        <levelAreas>
            <levelArea startNode="levelArea1Start" widthNode="levelArea1Width" heightNode="levelArea1Height" groundType="asphalt"/>
        </levelAreas>
    </leveling>

    <indoorAreas>
        <indoorArea startNode="indoorArea1Start" widthNode="indoorArea1Width" heightNode="indoorArea1Height" />
    </indoorAreas>

    <tipOcclusionUpdateAreas>
        <tipOcclusionUpdateArea startNode="tipOcclusionUpdateArea1Start" endNode="tipOcclusionUpdateArea1End" />
    </tipOcclusionUpdateAreas>

    <ai>
        <updateAreas>
            <updateArea startNode="tipOcclusionUpdateArea1Start" endNode="tipOcclusionUpdateArea1End" />
        </updateAreas>
        <splines>
            <spline node="aiSpline" />
        </splines>
    </ai>

    <hotspots>
        <hotspot type="UNLOADING" linkNode="mapPosition" teleportNode="teleportNode"/>
    </hotspots>

    <triggerMarkers>
        <triggerMarker node="markerLoading"   filename="$data/shared/assets/marker/markerIcons.xml" id="LOAD" />
        <triggerMarker node="markerUnloading" filename="$data/shared/assets/marker/markerIcons.xml" id="UNLOAD" />
    </triggerMarkers>

    <infoTrigger triggerNode="infoTrigger"/>

    <silo>
        <loadingStation node="loadingTrigger" supportsExtension="true" storageRadius="50">
			<loadTrigger triggerNode="loadingTrigger" fillLitersPerSecond="2000" dischargeNode="dischargeNode" fillTypes="POTATO SUGARBEET CARROT PARSNIP BEETROOT" aiNode="aiLoadingNode">
                <effectNode effectClass="PipeEffect" effectNode="pipeEffect"      materialType="pipe"           fadeTime="0.5" maxBending="0" controlPoint="4.8 0 0 0"/>
                <effectNode                          effectNode="pipeEffectSmoke" materialType="unloadingSmoke" fadeTime="0.5" />           
            </loadTrigger>
        </loadingStation>
		
		<fillType name="POTATO" priceScale="1"/>
		<fillType name="SUGARBEET" priceScale="1"/>
		<fillType name="CARROT" priceScale="1"/>
		<fillType name="PARSNIP" priceScale="1"/>
		<fillType name="BEETROOT" priceScale="1"/>

        <unloadingStation supportsExtension="true" storageRadius="50">
		    <effectNodes>					<!--  add unloadEffect  -->		
					<effectNode effectClass="MorphPositionEffect" effectNode="unloadEffect1" materialType="belt" delay="0" fadeTime="0" speed="0" scrollLength="1" scrollSpeed="0.6"/>
			</effectNodes>		
			<unloadTrigger exactFillRootNode="exactFillRootNode" fillTypes="POTATO SUGARBEET CARROT PARSNIP BEETROOT" aiNode="aiUnloadingNode"/>
        </unloadingStation>		
		
        <storages>
            <storage node="storage" fillTypes="POTATO SUGARBEET CARROT PARSNIP BEETROOT" capacity="800000" isExtension="true"/>
        </storages>
    </silo>

    <lights>
        <sharedLight filename="$data/shared/assets/lights/terraLed/fluorescentTube50W.xml" linkNode="linkedLight01" groupIndex="1" />
        <sharedLight filename="$data/shared/assets/lights/terraLed/fluorescentTube50W.xml" linkNode="linkedLight02" groupIndex="1" />
        <sharedLight filename="$data/shared/assets/lights/terraLed/fluorescentTube50W.xml" linkNode="linkedLight03" groupIndex="1" />
        <sharedLight filename="$data/shared/assets/lights/terraLed/fluorescentTube50W.xml" linkNode="linkedLight04" groupIndex="1" />

        <realLights>
            <low>
                <light node="realLightsLow" groupIndex="1"/>
            </low>
            <high>
                <light node="realLightsHigh" groupIndex="1"/>
            </high>
        </realLights>

        <group name="$l10n_action_placeableLightShed" activateTime="17:30" deactivateTime="8:20"/>
    </lights>

    <i3dMappings>
        <i3dMapping id="mapPosition" node="0>0|0" />
        <i3dMapping id="storage" node="0>0|1" />
        <i3dMapping id="loadingTrigger" node="0>0|2|0|0" />
        <i3dMapping id="dischargeNode" node="0>0|2|0|1" />
        <i3dMapping id="dischargeEffect" node="0>0|2|0|2" />		
        <i3dMapping id="pipeEffect" node="0>0|2|0|2|0" />	
        <i3dMapping id="pipeEffectSmoke" node="0>0|2|0|2|1" />		
        <i3dMapping id="aiLoadingNode" node="0>0|2|0|3" />
        <i3dMapping id="exactFillRootNode" node="0>0|3|0" />
        <i3dMapping id="grainGutterLinkNode" node="0>0|3|1" />
        <i3dMapping id="aiUnloadingNode" node="0>0|3|2" />
        <i3dMapping id="infoTrigger" node="0>0|4" />
        <i3dMapping id="aiSpline" node="0>0|5" />
        <i3dMapping id="clearArea1Start" node="0>1|0" />
        <i3dMapping id="clearArea1Width" node="0>1|0|0" />
        <i3dMapping id="clearArea1Height" node="0>1|0|1" />
        <i3dMapping id="levelArea1Start" node="0>2|0" />
        <i3dMapping id="levelArea1Width" node="0>2|0|0" />
        <i3dMapping id="levelArea1Height" node="0>2|0|1" />
        <i3dMapping id="indoorArea1Start" node="0>3|0" />
        <i3dMapping id="indoorArea1Width" node="0>3|0|0" />
        <i3dMapping id="indoorArea1Height" node="0>3|0|1" />
        <i3dMapping id="testArea1Start" node="0>4|0" />
        <i3dMapping id="testArea1End" node="0>4|0|0" />
        <i3dMapping id="markerLoading" node="0>5" />
        <i3dMapping id="markerUnloading" node="0>6" />
        <i3dMapping id="tipOcclusionUpdateArea1Start" node="0>7|0" />
        <i3dMapping id="tipOcclusionUpdateArea1End" node="0>7|0|0" />
        <i3dMapping id="teleportNode" node="0>10" />		
        <i3dMapping id="realLightsLow" node="0>11|0|0" />
        <i3dMapping id="realLightsHigh" node="0>11|0|1" />
        <i3dMapping id="linkedLight01" node="0>11|1|0" />
        <i3dMapping id="linkedLight02" node="0>11|1|1" />
        <i3dMapping id="linkedLight03" node="0>11|1|2" />
        <i3dMapping id="linkedLight04" node="0>11|1|3" />
        <i3dMapping id="unloadEffect1" node="0>0|3|3|0" />
    </i3dMappings>
</placeable>
