<?xml version="1.0" encoding="utf-8" standalone="no" ?>
<wheel xmlns:xsi="http://www.w3.org/2001/XMLSchema-instance" xsi:noNamespaceSchemaLocation="$data/shared/xml/schema/wheel.xsd">
    <brand>LIZARD</brand>
    <name>Lizard</name>
    <default>
        <physics radius="0.405" width="0.12" mass="0.213" tireType="mud" frictionScale="1.60" maxLongStiffness="8" maxLatStiffness="100" maxLatStiffnessLoad="2" />
        <tire filename="pneu/pneu.i3d" nodeLeft="0|0" nodeRight="0|0" maxDeformation="0.02" sideDeformOffset="0.995" isCareWheel="false" tireTrackAtlasIndex="4" />
        <innerRim filename="pneu/pneu.i3d" nodeLeft="0|1" nodeRight="0|2" />
    </default>
</wheel>
