<?xml version="1.0" encoding="utf-8" standalone="no" ?>
<placeable type="myMiningShaft" xmlns:xsi="http://www.w3.org/2001/XMLSchema-instance" xsi:noNamespaceSchemaLocation="../../../../../../bin/shared/xml/schema/placeable.xsd">
    <storeData>
        <name>$l10n_storeItem_stoneQuarry</name>
        <functions>
            <function>$l10n_function_stoneQuarry</function>
        </functions>
        <image>store/store_stoneQuarry.dds</image>
        <price>15000</price>
        <dailyUpkeep>1800</dailyUpkeep>
        <lifetime>1000</lifetime>
        <rotation>0</rotation>
        <brand>FARMERTOOLS</brand>
        <species>placeable</species>
        <category>productionPoints</category>
        <brush>
            <type>placeable</type>
            <category>production</category>
            <tab>factories</tab>
        </brush>
        <vertexBufferMemoryUsage>23808</vertexBufferMemoryUsage>
        <indexBufferMemoryUsage>2816</indexBufferMemoryUsage>
        <textureMemoryUsage>1703936</textureMemoryUsage>
        <audioMemoryUsage>0</audioMemoryUsage>
        <instanceVertexBufferMemoryUsage>0</instanceVertexBufferMemoryUsage>
        <instanceIndexBufferMemoryUsage>0</instanceIndexBufferMemoryUsage>
    </storeData>

    <base>
        <filename>model/stoneQuarry.i3d</filename>
        <canBeRenamed>true</canBeRenamed>
    </base>

    <placement useRandomYRotation="false" useManualYRotation="true" placementPositionSnapSize="1" placementRotationSnapAngle="90" >
        <testAreas>
            <testArea startNode="testArea1Start" endNode="testArea1End" />
        </testAreas>

        <sounds>
            <place template="largeImp" />
        </sounds>
    </placement>

    <clearAreas>
        <clearArea startNode="clearArea1Start" widthNode="clearArea1Width" heightNode="clearArea1Height"/>
    </clearAreas>

    <leveling requireLeveling="true" maxSmoothDistance="10" maxSlope="75" maxEdgeAngle="30" >
        <levelAreas>
            <levelArea startNode="clearArea1Start" widthNode="clearArea1Width" heightNode="clearArea1Height" groundType="asphalt"/>
        </levelAreas>
    </leveling>

    <indoorAreas>
        <indoorArea startNode="indoorArea1Start" widthNode="indoorArea1Width" heightNode="indoorArea1Height" />
    </indoorAreas>

    <tipOcclusionUpdateAreas>
        <tipOcclusionUpdateArea startNode="tipOcclusionUpdateArea1Start" endNode="tipOcclusionUpdateArea1End" />
    </tipOcclusionUpdateAreas>

    <ai>
        <updateAreas>
            <updateArea startNode="tipOcclusionUpdateArea1Start" endNode="tipOcclusionUpdateArea1End" />
        </updateAreas>
    </ai>

    <hotspots>
        <hotspot type="PRODUCTION_POINT" linkNode="hotspot" teleportNode="hotspot" />
    </hotspots>

    <simpleHeapSpawner>
        <spawnArea fillType="STONE" litersPerHour="1000" >
            <area startNode="spawnArea1Start" widthNode="spawnArea1Width" heightNode="spawnArea1Height" />
            <effectNodes>
				<!-- <effectNode effectClass="ParticleEffect" effectNode="emitterSmoke" particleType="MINING_SHAFT" emitCountScale="0.1"/> -->
				<effectNode effectNode="emitterSmoke" effectClass="ParticleEffect" materialType="unloadingParticle" emitCountScale="0.001"/>
            </effectNodes>
        </spawnArea>
    </simpleHeapSpawner>

    <i3dMappings>
        <i3dMapping id="clearArea1Start" node="0>0|0|0" />
        <i3dMapping id="clearArea1Height" node="0>0|0|0|0" />
        <i3dMapping id="clearArea1Width" node="0>0|0|0|1" />
        <i3dMapping id="hotspot" node="0>0|1" />
        <i3dMapping id="indoorArea1Start" node="0>0|2|0" />
        <i3dMapping id="indoorArea1Height" node="0>0|2|0|0" />
        <i3dMapping id="indoorArea1Width" node="0>0|2|0|1" />
        <i3dMapping id="spawnArea1Start" node="0>0|3|0" />
        <i3dMapping id="spawnArea1Height" node="0>0|3|0|0" />
        <i3dMapping id="spawnArea1Width" node="0>0|3|0|1" />
        <i3dMapping id="testArea1Start" node="0>0|4|0" />
        <i3dMapping id="testArea1End" node="0>0|4|0|0" />
        <i3dMapping id="tipOcclusionUpdateArea1Start" node="0>0|5|0" />
        <i3dMapping id="tipOcclusionUpdateArea1End" node="0>0|5|0|0" />
        <i3dMapping id="effectParticle" node="0>1|2|1" />
        <i3dMapping id="effectSmoke" node="0>1|2|2" />
        <i3dMapping id="emitterSmoke" node="0>1|2|3" />
    </i3dMappings>
</placeable>
