<?xml version="1.0" encoding="utf-8" standalone="no" ?>
<modDesc descVersion="69">
    <author>tn4799</author>
    <version>1.0.0.0</version>
    <title>
        <en>Mission Contractor</en>
        <de>Missionen Durch Lohner</de>
    </title>

    <description>
        <en>
<![CDATA[This mod enables mission work through other farms with contractor rights.]]>
        </en>
		<de><![CDATA[Dieser Mod ermöglicht es, dass ihr eure Missionen auch von anderen Höfen mit Lohnerrechten machen lassen könnt.]]></de>
    </description>
    <iconFilename>modIcon.dds</iconFilename>
    <multiplayer supported="true"/>
    <extraSourceFiles>
        <sourceFile filename="MissionContractor.lua"/>
    </extraSourceFiles>
</modDesc>