﻿<?xml version="1.0" encoding="utf-8" standalone="no" ?>
<modDesc descVersion="80">
    <author>Chenben</author>
    <version>1.1.0.0</version>
	<title>
		<en>Agricultural Fair</en>
		<de>Landwirtschaftsmesse</de>
		<fr>Foire De Vente Agricole</fr>
	</title>
    <description>
<en>
<![CDATA[Welcome to the agricultural fair. You can sell absolutely everything at this fair: grain, pallets, produce, wood, cotton... 

Products from other mods will be accepted as long as they have been categorised.

Purchase price: 25,000$

Changelog 1.1.0.0
- Changed the position of the teleportation trigger that was blocking the player in multiplayer mode
- Removal of invisible collisions
- Addition of lampposts
- Visual adjustments to the scenery
]]>
</en>
<fr>
<![CDATA[Bienvenue à la foire agricole, vous pouvez absolument tout vendre à cette foire : grain, palettes, productions, bois, coton... 

Les produits des autres mods y seront acceptés du moment qu'ils ont été catégorisés

Prix d'achat : 25 000€

Changelog 1.1.0.0
- Modification de la position du trigger de téléportation qui bloquait le joueur en mode multijoueur
- Suppression de collisions invisibles
- Ajout de lampadaires
- Ajustements visuels sur le décor
]]>
</fr>
<de>
<![CDATA[Willkommen auf der Landwirtschaftsmesse. Auf dieser Messe können Sie absolut alles verkaufen: Getreide, Paletten, Produktionen, Holz, Baumwolle... 

Die Produkte anderer Mods werden dort akzeptiert, solange sie kategorisiert wurden.

Kaufpreis: 25,000€

Changelog 1.1.0.0
- Die Position des Teleportations-Triggers, der den Spieler im Mehrspielermodus blockierte, wurde geändert.
- Unsichtbare Kollisionen wurden entfernt.
- Hinzufügen von Straßenlaternen
- Visuelle Anpassungen an der Umgebung
]]>
</de>

</description>
    <iconFilename>icon_AgriculturalFair.png</iconFilename>
	<multiplayer supported="true" />
    <storeItems>
		<storeItem xmlFilename="xml/AgriculturalFair.xml"/>
    </storeItems>
	
<l10n>
	<text name="shopItem_AgriculturalFair">
		<en>Agricultural Fair</en>
		<de>Landwirtschaftsmesse</de>
		<fr>Foire de vente agricole</fr>
	</text>	
</l10n>

</modDesc>
