﻿<?xml version="1.0" encoding="utf-8" standalone="no" ?>
<vehicle type="balerWrapper" xmlns:xsi="http://www.w3.org/2001/XMLSchema-instance" xsi:noNamespaceSchemaLocation="https://validation.gdn.giants-software.com/xml/fs22/vehicle.xsd">
    <annotation>Copyright (C) DD ModPassion, All Rights Reserved.</annotation>
    <storeData>
        <name>IMPRESS 125FC PRO</name>
        <image>$data/store/store_empty.png</image>
        <brand>POETTINGER</brand>
        <category>balers</category>
        <showInStore>false</showInStore>
    </storeData>
    <base>
        <filename>filename/foilWrapRoll.i3d</filename>
    </base>
    <fillUnit>
        <fillUnitConfigurations>
            <fillUnitConfiguration>
                <fillUnits>
                    <fillUnit unitTextOverride="$l10n_unit_mShort" fillTypeCategories="foilWrap" capacity="3000" canBeUnloaded="false" allowFoldingThreshold="6000"/>
                </fillUnits>
            </fillUnitConfiguration>
        </fillUnitConfigurations>
    </fillUnit>
    <baleWrapper>
        <foilWrapAddon>
            <baseNode node="0>0|3|2|0|1|1|0"/>
            <roll node="0>0|3|2|0|1|1|0" translation="1.14692 0.977 -0.752" rotation="-9 -84 9" scale="1.155 0.996 1.155"/>
            <roll node="0>0|3|2|0|1|1|0" translation="-1.15542 0.977 0.381" rotation="-166.5 86 -166.5" scale="1.078 0.9955 1.078"/>
            <material node="wrapFoilLeft"/>
            <material node="wrapFoilRight"/>
            <material node="leftOverFoilLeft" editVisibility="false"/>
            <material node="leftOverFoilRight" editVisibility="false"/>
        </foilWrapAddon>
    </baleWrapper>
    <wearable showOnHud="false"/>
    <washable/>
</vehicle>