﻿<?xml version="1.0" encoding="utf-8" standalone="no" ?>
<vehicle type="base" xmlns:xsi="http://www.w3.org/2001/XMLSchema-instance" xsi:noNamespaceSchemaLocation="https://validation.gdn.giants-software.com/xml/schema/vehicle.xsd">
    <annotation>Copyright (C) DD ModPassion, All Rights Reserved.</annotation>
    <storeData>
        <specs>
            <fillTypes>foilWrap</fillTypes>
            <combination xmlFilename="xmlFilename/black_foilWrap.xml"/>
            <combination xmlFilename="xmlFilename/blue_foilWrap.xml"/>
            <combination xmlFilename="xmlFilename/green_foilWrap.xml"/>
            <combination xmlFilename="xmlFilename/pink_foilWrap.xml"/>
            <combination xmlFilename="xmlFilename/white_foilWrap.xml"/>
        </specs>
        <storePacks>
            <storePack>STARTER_FOILWRAP</storePack>
        </storePacks>
    </storeData>
    <configurationSets title="name_foilWrap">
        <configurationSet name="configuration_activate">
            <configuration name="foilWrapAddon" index="1"/>
            <configuration name="wrappingColor" index="1"/>
        </configurationSet>
        <configurationSet name="configuration_activateStorage">
            <configuration name="foilWrapAddon" index="2"/>
            <configuration name="wrappingColor" index="1"/>
        </configurationSet>
        <configurationSet name="configuration_deactivate">
            <configuration name="foilWrapAddon" index="3"/>
        </configurationSet>
    </configurationSets>
    <fillUnit>
        <fillUnitConfigurations>
            <fillUnitConfiguration>
                <fillUnits>
                    <fillUnit unitTextOverride="$l10n_unit_mShort" fillTypeCategories="foilWrap" capacity="3000" allowFoldingThreshold="6000"/>
                </fillUnits>
            </fillUnitConfiguration>
        </fillUnitConfigurations>
    </fillUnit>
</vehicle>