<?xml version="1.0" encoding="utf-8" standalone="no" ?>
<map xmlns:xsi="http://www.w3.org/2001/XMLSchema-instance" xsi:noNamespaceSchemaLocation="https://validation.gdn.giants-software.com/xml/schema/fillTypes.xsd">
    <annotation>Copyright (C) DD ModPassion, All Rights Reserved.</annotation>
    <fillTypes>
        <fillType name="FOILWRAP" title="$l10n_fillType_foilWrap" showOnPriceTable="true" unitShort="$l10n_unit_mShort">
            <physics massPerLiter="0.01" maxPhysicalSurfaceAngle="38"/>
            <economy pricePerLiter="0.08"/>
            <image hud="image/hud_fill_foilWrap.png"/>
            <pallet filename="xmlFilename/pallets/foilWrap.xml"/>
        </fillType>
        <fillType name="WHITE_FOILWRAP" title="$l10n_fillType_white_foilWrap" showOnPriceTable="false" unitShort="$l10n_unit_mShort">
            <physics massPerLiter="0.01" maxPhysicalSurfaceAngle="38"/>
            <economy pricePerLiter="0.08"/>
            <image hud="image/hud_fill_white_foilWrap.png"/>
            <pallet filename="xmlFilename/pallets/white_foilWrap.xml"/>
        </fillType>
        <fillType name="BLACK_FOILWRAP" title="$l10n_fillType_black_foilWrap" showOnPriceTable="false" unitShort="$l10n_unit_mShort">
            <physics massPerLiter="0.01" maxPhysicalSurfaceAngle="38"/>
            <economy pricePerLiter="0.08"/>
            <image hud="image/hud_fill_black_foilWrap.png"/>
            <pallet filename="xmlFilename/pallets/black_foilWrap.xml"/>
        </fillType>
        <fillType name="PINK_FOILWRAP" title="$l10n_fillType_pink_foilWrap" showOnPriceTable="false" unitShort="$l10n_unit_mShort">
            <physics massPerLiter="0.01" maxPhysicalSurfaceAngle="38"/>
            <economy pricePerLiter="0.08"/>
            <image hud="image/hud_fill_pink_foilWrap.png"/>
            <pallet filename="xmlFilename/pallets/pink_foilWrap.xml"/>
        </fillType>
        <fillType name="GREEN_FOILWRAP" title="$l10n_fillType_green_foilWrap" showOnPriceTable="false" unitShort="$l10n_unit_mShort">
            <physics massPerLiter="0.01" maxPhysicalSurfaceAngle="38"/>
            <economy pricePerLiter="0.08"/>
            <image hud="image/hud_fill_green_foilWrap.png"/>
            <pallet filename="xmlFilename/pallets/green_foilWrap.xml"/>
        </fillType>
        <fillType name="BLUE_FOILWRAP" title="$l10n_fillType_blue_foilWrap" showOnPriceTable="false" unitShort="$l10n_unit_mShort">
            <physics massPerLiter="0.01" maxPhysicalSurfaceAngle="38"/>
            <economy pricePerLiter="0.08"/>
            <image hud="image/hud_fill_blue_foilWrap.png"/>
            <pallet filename="xmlFilename/pallets/blue_foilWrap.xml"/>
        </fillType>        
        <fillType name="GREY_FOILWRAP" title="$l10n_fillType_grey_foilWrap" showOnPriceTable="false" unitShort="$l10n_unit_mShort">
            <physics massPerLiter="0.01" maxPhysicalSurfaceAngle="38"/>
            <economy pricePerLiter="0.08"/>
            <image hud="image/hud_fill_grey_foilWrap.png"/>
            <pallet filename="xmlFilename/pallets/grey_foilWrap.xml"/>
        </fillType>
        <fillType name="YELLOW1_FOILWRAP" title="$l10n_fillType_yellow1_foilWrap" showOnPriceTable="false" unitShort="$l10n_unit_mShort">
            <physics massPerLiter="0.01" maxPhysicalSurfaceAngle="38"/>
            <economy pricePerLiter="0.08"/>
            <image hud="image/hud_fill_yellow1_foilWrap.png"/>
            <pallet filename="xmlFilename/pallets/yellow_foilWrap.xml"/>
        </fillType>
        <fillType name="GREEN5_FOILWRAP" title="$l10n_fillType_green5_foilWrap" showOnPriceTable="false" unitShort="$l10n_unit_mShort">
            <physics massPerLiter="0.01" maxPhysicalSurfaceAngle="38"/>
            <economy pricePerLiter="0.08"/>
            <image hud="image/hud_fill_green5_foilWrap.png"/>
            <pallet filename="xmlFilename/pallets/green5_foilWrap.xml"/>
        </fillType>
        <fillType name="PURPLE_FOILWRAP" title="$l10n_fillType_purple_foilWrap" showOnPriceTable="false" unitShort="$l10n_unit_mShort">
            <physics massPerLiter="0.01" maxPhysicalSurfaceAngle="38"/>
            <economy pricePerLiter="0.08"/>
            <image hud="image/hud_fill_purple_foilWrap.png"/>
            <pallet filename="xmlFilename/pallets/purple_foilWrap.xml"/>
        </fillType>
        <fillType name="YELLOW_FOILWRAP" title="$l10n_fillType_yellow_foilWrap" showOnPriceTable="false" unitShort="$l10n_unit_mShort">
            <physics massPerLiter="0.01" maxPhysicalSurfaceAngle="38"/>
            <economy pricePerLiter="0.08"/>
            <image hud="image/hud_fill_yellow_foilWrap.png"/>
            <pallet filename="xmlFilename/pallets/yellow_foilWrap.xml"/>
        </fillType>
        <fillType name="BEIGE_FOILWRAP" title="$l10n_fillType_beige_foilWrap" showOnPriceTable="false" unitShort="$l10n_unit_mShort">
            <physics massPerLiter="0.01" maxPhysicalSurfaceAngle="38"/>
            <economy pricePerLiter="0.08"/>
            <image hud="image/hud_fill_beige_foilWrap.png"/>
            <pallet filename="xmlFilename/pallets/beige_foilWrap.xml"/>
        </fillType>
        <fillType name="SILVER_FOILWRAP" title="$l10n_fillType_silver_foilWrap" showOnPriceTable="false" unitShort="$l10n_unit_mShort">
            <physics massPerLiter="0.01" maxPhysicalSurfaceAngle="38"/>
            <economy pricePerLiter="0.08"/>
            <image hud="image/hud_fill_silver_foilWrap.png"/>
            <pallet filename="xmlFilename/pallets/silver_foilWrap.xml"/>
        </fillType>
        <fillType name="GREYLIGHT_FOILWRAP" title="$l10n_fillType_greyLight_foilWrap" showOnPriceTable="false" unitShort="$l10n_unit_mShort">
            <physics massPerLiter="0.01" maxPhysicalSurfaceAngle="38"/>
            <economy pricePerLiter="0.08"/>
            <image hud="image/hud_fill_greyLight_foilWrap.png"/>
            <pallet filename="xmlFilename/pallets/greyLight_foilWrap.xml"/>
        </fillType>
        <fillType name="GREYDARK_FOILWRAP" title="$l10n_fillType_greyDark_foilWrap" showOnPriceTable="false" unitShort="$l10n_unit_mShort">
            <physics massPerLiter="0.01" maxPhysicalSurfaceAngle="38"/>
            <economy pricePerLiter="0.08"/>
            <image hud="image/hud_fill_greyDark_foilWrap.png"/>
            <pallet filename="xmlFilename/pallets/greyDark_foilWrap.xml"/>
        </fillType>
        <fillType name="BLACKONYX_FOILWRAP" title="$l10n_fillType_blackOnyx_foilWrap" showOnPriceTable="false" unitShort="$l10n_unit_mShort">
            <physics massPerLiter="0.01" maxPhysicalSurfaceAngle="38"/>
            <economy pricePerLiter="0.08"/>
            <image hud="image/hud_fill_blackOnyx_foilWrap.png"/>
            <pallet filename="xmlFilename/pallets/blackOnyx_foilWrap.xml"/>
        </fillType>
        <fillType name="BLACKJET_FOILWRAP" title="$l10n_fillType_blackJet_foilWrap" showOnPriceTable="false" unitShort="$l10n_unit_mShort">
            <physics massPerLiter="0.01" maxPhysicalSurfaceAngle="38"/>
            <economy pricePerLiter="0.08"/>
            <image hud="image/hud_fill_blackJet_foilWrap.png"/>
            <pallet filename="xmlFilename/pallets/blackJet_foilWrap.xml"/>
        </fillType>
        <fillType name="JCB_FOILWRAP" title="$l10n_fillType_jcb_foilWrap" showOnPriceTable="false" unitShort="$l10n_unit_mShort">
            <physics massPerLiter="0.01" maxPhysicalSurfaceAngle="38"/>
            <economy pricePerLiter="0.08"/>
            <image hud="image/hud_fill_jcb_foilWrap.png"/>
            <pallet filename="xmlFilename/pallets/jcb_foilWrap.xml"/>
        </fillType>
        <fillType name="CHALLENGER_FOILWRAP" title="$l10n_fillType_challenger_foilWrap" showOnPriceTable="false" unitShort="$l10n_unit_mShort">
            <physics massPerLiter="0.01" maxPhysicalSurfaceAngle="38"/>
            <economy pricePerLiter="0.08"/>
            <image hud="image/hud_fill_challenger_foilWrap.png"/>
            <pallet filename="xmlFilename/pallets/challenger_foilWrap.xml"/>
        </fillType>
        <fillType name="SCHOUTEN_FOILWRAP" title="$l10n_fillType_schouten_foilWrap" showOnPriceTable="false" unitShort="$l10n_unit_mShort">
            <physics massPerLiter="0.01" maxPhysicalSurfaceAngle="38"/>
            <economy pricePerLiter="0.08"/>
            <image hud="image/hud_fill_schouten_foilWrap.png"/>
            <pallet filename="xmlFilename/pallets/schouten_foilWrap.xml"/>
        </fillType>
        <fillType name="CASEIH_FOILWRAP" title="$l10n_fillType_caseIH_foilWrap" showOnPriceTable="false" unitShort="$l10n_unit_mShort">
            <physics massPerLiter="0.01" maxPhysicalSurfaceAngle="38"/>
            <economy pricePerLiter="0.08"/>
            <image hud="image/hud_fill_caseIH_foilWrap.png"/>
            <pallet filename="xmlFilename/pallets/caseIH_foilWrap.xml"/>
        </fillType>
        <fillType name="MASSEYFERGUSON_FOILWRAP" title="$l10n_fillType_masseyFerguson_foilWrap" showOnPriceTable="false" unitShort="$l10n_unit_mShort">
            <physics massPerLiter="0.01" maxPhysicalSurfaceAngle="38"/>
            <economy pricePerLiter="0.08"/>
            <image hud="image/hud_fill_masseyFerguson_foilWrap.png"/>
            <pallet filename="xmlFilename/pallets/masseyFerguson_foilWrap.xml"/>
        </fillType>
        <fillType name="HARDI_FOILWRAP" title="$l10n_fillType_hardi_foilWrap" showOnPriceTable="false" unitShort="$l10n_unit_mShort">
            <physics massPerLiter="0.01" maxPhysicalSurfaceAngle="38"/>
            <economy pricePerLiter="0.08"/>
            <image hud="image/hud_fill_hardi_foilWrap.png"/>
            <pallet filename="xmlFilename/pallets/hardi_foilWrap.xml"/>
        </fillType>
        <fillType name="AZUL_FOILWRAP" title="$l10n_fillType_azul_foilWrap" showOnPriceTable="false" unitShort="$l10n_unit_mShort">
            <physics massPerLiter="0.01" maxPhysicalSurfaceAngle="38"/>
            <economy pricePerLiter="0.08"/>
            <image hud="image/hud_fill_azul_foilWrap.png"/>
            <pallet filename="xmlFilename/pallets/azul_foilWrap.xml"/>
        </fillType>
        <fillType name="RABE_FOILWRAP" title="$l10n_fillType_rabe_foilWrap" showOnPriceTable="false" unitShort="$l10n_unit_mShort">
            <physics massPerLiter="0.01" maxPhysicalSurfaceAngle="38"/>
            <economy pricePerLiter="0.08"/>
            <image hud="image/hud_fill_rabe_foilWrap.png"/>
            <pallet filename="xmlFilename/pallets/rabe_foilWrap.xml"/>
        </fillType>
        <fillType name="LEMKEN_FOILWRAP" title="$l10n_fillType_lemken_foilWrap" showOnPriceTable="false" unitShort="$l10n_unit_mShort">
            <physics massPerLiter="0.01" maxPhysicalSurfaceAngle="38"/>
            <economy pricePerLiter="0.08"/>
            <image hud="image/hud_fill_lemken_foilWrap.png"/>
            <pallet filename="xmlFilename/pallets/lemken_foilWrap.xml"/>
        </fillType>
        <fillType name="NEWHOLLAND_FOILWRAP" title="$l10n_fillType_newHolland_foilWrap" showOnPriceTable="false" unitShort="$l10n_unit_mShort">
            <physics massPerLiter="0.01" maxPhysicalSurfaceAngle="38"/>
            <economy pricePerLiter="0.08"/>
            <image hud="image/hud_fill_newHolland_foilWrap.png"/>
            <pallet filename="xmlFilename/pallets/newHolland_foilWrap.xml"/>
        </fillType>
        <fillType name="BOECKMANN_FOILWRAP" title="$l10n_fillType_boeckmann_foilWrap" showOnPriceTable="false" unitShort="$l10n_unit_mShort">
            <physics massPerLiter="0.01" maxPhysicalSurfaceAngle="38"/>
            <economy pricePerLiter="0.08"/>
            <image hud="image/hud_fill_boeckmann_foilWrap.png"/>
            <pallet filename="xmlFilename/pallets/boeckmann_foilWrap.xml"/>
        </fillType>
        <fillType name="GOLDHOFER_FOILWRAP" title="$l10n_fillType_goldhofer_foilWrap" showOnPriceTable="false" unitShort="$l10n_unit_mShort">
            <physics massPerLiter="0.01" maxPhysicalSurfaceAngle="38"/>
            <economy pricePerLiter="0.08"/>
            <image hud="image/hud_fill_goldhofer_foilWrap.png"/>
            <pallet filename="xmlFilename/pallets/goldhofer_foilWrap.xml"/>
        </fillType>
        <fillType name="BLUENAVY_FOILWRAP" title="$l10n_fillType_blueNavy_foilWrap" showOnPriceTable="false" unitShort="$l10n_unit_mShort">
            <physics massPerLiter="0.01" maxPhysicalSurfaceAngle="38"/>
            <economy pricePerLiter="0.08"/>
            <image hud="image/hud_fill_blueNavy_foilWrap.png"/>
            <pallet filename="xmlFilename/pallets/blueNavy_foilWrap.xml"/>
        </fillType>
        <fillType name="VALTRA_FOILWRAP" title="$l10n_fillType_valtra_foilWrap" showOnPriceTable="false" unitShort="$l10n_unit_mShort">
            <physics massPerLiter="0.01" maxPhysicalSurfaceAngle="38"/>
            <economy pricePerLiter="0.08"/>
            <image hud="image/hud_fill_valtra_foilWrap.png"/>
            <pallet filename="xmlFilename/pallets/valtra_foilWrap.xml"/>
        </fillType>
        <fillType name="DEUTZFAHR_FOILWRAP" title="$l10n_fillType_deutzFahr_foilWrap" showOnPriceTable="false" unitShort="$l10n_unit_mShort">
            <physics massPerLiter="0.01" maxPhysicalSurfaceAngle="38"/>
            <economy pricePerLiter="0.08"/>
            <image hud="image/hud_fill_deutzFahr_foilWrap.png"/>
            <pallet filename="xmlFilename/pallets/deutzFahr_foilWrap.xml"/>
        </fillType>
        <fillType name="JOHNDEERE_FOILWRAP" title="$l10n_fillType_johnDeeree_foilWrap" showOnPriceTable="false" unitShort="$l10n_unit_mShort">
            <physics massPerLiter="0.01" maxPhysicalSurfaceAngle="38"/>
            <economy pricePerLiter="0.08"/>
            <image hud="image/hud_fill_johnDeere_foilWrap.png"/>
            <pallet filename="xmlFilename/pallets/johnDeere_foilWrap.xml"/>
        </fillType>
        <fillType name="FENDT_FOILWRAP" title="$l10n_fillType_fendt_foilWrap" showOnPriceTable="false" unitShort="$l10n_unit_mShort">
            <physics massPerLiter="0.01" maxPhysicalSurfaceAngle="38"/>
            <economy pricePerLiter="0.08"/>
            <image hud="image/hud_fill_fendt_foilWrap.png"/>
            <pallet filename="xmlFilename/pallets/fendt_foilWrap.xml"/>
        </fillType>
        <fillType name="KOTTE_FOILWRAP" title="$l10n_fillType_kotte_foilWrap" showOnPriceTable="false" unitShort="$l10n_unit_mShort">
            <physics massPerLiter="0.01" maxPhysicalSurfaceAngle="38"/>
            <economy pricePerLiter="0.08"/>
            <image hud="image/hud_fill_kotte_foilWrap.png"/>
            <pallet filename="xmlFilename/pallets/kotte_foilWrap.xml"/>
        </fillType>
        <fillType name="CLAAS_FOILWRAP" title="$l10n_fillType_claas_foilWrap" showOnPriceTable="false" unitShort="$l10n_unit_mShort">
            <physics massPerLiter="0.01" maxPhysicalSurfaceAngle="38"/>
            <economy pricePerLiter="0.08"/>
            <image hud="image/hud_fill_claas_foilWrap.png"/>
            <pallet filename="xmlFilename/pallets/claas_foilWrap.xml"/>
        </fillType>
        <fillType name="GREENOLIVE_FOILWRAP" title="$l10n_fillType_greenOlive_foilWrap" showOnPriceTable="false" unitShort="$l10n_unit_mShort">
            <physics massPerLiter="0.01" maxPhysicalSurfaceAngle="38"/>
            <economy pricePerLiter="0.08"/>
            <image hud="image/hud_fill_greenOlive_foilWrap.png"/>
            <pallet filename="xmlFilename/pallets/greenOlive_foilWrap.xml"/>
        </fillType>
        <fillType name="BROWN_FOILWRAP" title="$l10n_fillType_brown_foilWrap" showOnPriceTable="false" unitShort="$l10n_unit_mShort">
            <physics massPerLiter="0.01" maxPhysicalSurfaceAngle="38"/>
            <economy pricePerLiter="0.08"/>
            <image hud="image/hud_fill_brown_foilWrap.png"/>
            <pallet filename="xmlFilename/pallets/brown_foilWrap.xml"/>
        </fillType>
        <fillType name="KUBOTA_FOILWRAP" title="$l10n_fillType_kubota_foilWrap" showOnPriceTable="false" unitShort="$l10n_unit_mShort">
            <physics massPerLiter="0.01" maxPhysicalSurfaceAngle="38"/>
            <economy pricePerLiter="0.08"/>
            <image hud="image/hud_fill_kubota_foilWrap.png"/>
            <pallet filename="xmlFilename/pallets/kubota_foilWrap.xml"/>
        </fillType>
    </fillTypes>
    <fillTypeCategories>
        <fillTypeCategory name="FOILWRAP">FOILWRAP WHITE_FOILWRAP BLACK_FOILWRAP PINK_FOILWRAP GREEN_FOILWRAP BLUE_FOILWRAP GREY_FOILWRAP YELLOW1_FOILWRAP GREEN5_FOILWRAP PURPLE_FOILWRAP YELLOW_FOILWRAP BEIGE_FOILWRAP SILVER_FOILWRAP GREYLIGHT_FOILWRAP GREYDARK_FOILWRAP BLACKONYX_FOILWRAP BLACKJET_FOILWRAP JCB_FOILWRAP CHALLENGER_FOILWRAP SCHOUTEN_FOILWRAP CASEIH_FOILWRAP MASSEYFERGUSON_FOILWRAP HARDI_FOILWRAP AZUL_FOILWRAP RABE_FOILWRAP LEMKEN_FOILWRAP NEWHOLLAND_FOILWRAP BOECKMANN_FOILWRAP GOLDHOFER_FOILWRAP BLUENAVY_FOILWRAP VALTRA_FOILWRAP DEUTZFAHR_FOILWRAP JOHNDEERE_FOILWRAP FENDT_FOILWRAP KOTTE_FOILWRAP CLAAS_FOILWRAP GREENOLIVE_FOILWRAP BROWN_FOILWRAP KUBOTA_FOILWRAP</fillTypeCategory>
        <fillTypeCategory name="PRODUCT">FOILWRAP WHITE_FOILWRAP BLACK_FOILWRAP PINK_FOILWRAP GREEN_FOILWRAP BLUE_FOILWRAP GREY_FOILWRAP YELLOW1_FOILWRAP GREEN5_FOILWRAP PURPLE_FOILWRAP YELLOW_FOILWRAP BEIGE_FOILWRAP SILVER_FOILWRAP GREYLIGHT_FOILWRAP GREYDARK_FOILWRAP BLACKONYX_FOILWRAP BLACKJET_FOILWRAP JCB_FOILWRAP CHALLENGER_FOILWRAP SCHOUTEN_FOILWRAP CASEIH_FOILWRAP MASSEYFERGUSON_FOILWRAP HARDI_FOILWRAP AZUL_FOILWRAP RABE_FOILWRAP LEMKEN_FOILWRAP NEWHOLLAND_FOILWRAP BOECKMANN_FOILWRAP GOLDHOFER_FOILWRAP BLUENAVY_FOILWRAP VALTRA_FOILWRAP DEUTZFAHR_FOILWRAP JOHNDEERE_FOILWRAP FENDT_FOILWRAP KOTTE_FOILWRAP CLAAS_FOILWRAP GREENOLIVE_FOILWRAP BROWN_FOILWRAP KUBOTA_FOILWRAP</fillTypeCategory>
    </fillTypeCategories>
</map>