<?xml version="1.0" encoding="utf-8" standalone="no"?>
<vehicle type="hookLiftFLC1" xmlns:xsi="http://www.w3.org/2001/XMLSchema-instance" xsi:noNamespaceSchemaLocation="https://validation.gdn.giants-software.com/xml/fs22/vehicle.xsd">
    <annotation>Copyright (C) ShabaFS Modding, All Rights Reserved.</annotation>

    <storeData>
        <name>$l10n_shopItem_plataforma</name>
        <functions>
            <function>$l10n_function_hookLiftFLC1</function>
        </functions>
        <image>store_plataforma.png</image>
        <price>3600</price>
        <lifetime>800</lifetime>
        <rotation>0</rotation>
        <brand>ITRUNNER</brand>
        <category>misc</category>
        <vertexBufferMemoryUsage>166912</vertexBufferMemoryUsage>
        <indexBufferMemoryUsage>23296</indexBufferMemoryUsage>
        <textureMemoryUsage>2686976</textureMemoryUsage>
        <audioMemoryUsage>0</audioMemoryUsage>
        <instanceVertexBufferMemoryUsage>0</instanceVertexBufferMemoryUsage>
        <instanceIndexBufferMemoryUsage>0</instanceIndexBufferMemoryUsage>
    </storeData>

    <base>
        <typeDesc>$l10n_typeDesc_container</typeDesc>
        <filename>plataforma.i3d</filename>
        <size width="3.5" length="8.5" lengthOffset="0.3"/>
		
        <components>
            <component centerOfMass="0 0.2 0" solverIterationCount="10" mass="2400"/>
        </components>
		
        <schemaOverlay attacherJointPosition="0 0" name="IMPLEMENT" />
    </base>

    <!-- <configurationSets>
        <configurationSet name="$l10n_Cheese" params="1">
            <configuration name="fillUnit" index="1"/>
        </configurationSet>
        <configurationSet name="$l10n_FreshCheese" params="2">
            <configuration name="fillUnit" index="2"/>
        </configurationSet>
        <configurationSet name="$l10n_Barrels" params="3">
            <configuration name="fillUnit" index="3"/>
        </configurationSet>
        <configurationSet name="$l10n_BioDiesel" params="4">
            <configuration name="fillUnit" index="4"/>
		</configurationSet>
    </configurationSets> -->

    <wheels>
        <wheelConfigurations>
            <wheelConfiguration>
                <wheels autoRotateBackSpeed="2.0">
                    <wheel>
                        <physics restLoad="1.0" repr="rulo1" radius="0.085" width="0.5" mass="0.02" initialCompression="50" suspTravel="0.05" spring="300" damper="100" frictionScale="0.8"/>
                    </wheel>
                    <wheel>
                        <physics restLoad="1.0" repr="rulo2" radius="0.085" width="0.5" mass="0.02" initialCompression="50" suspTravel="0.05" spring="300" damper="100" frictionScale="0.8"/>
                    </wheel>
                </wheels>
            </wheelConfiguration>
        </wheelConfigurations>
    </wheels>

    <attachable>
        <inputAttacherJoints>
            <inputAttacherJoint node="attacherJoint" jointType="hookLift" allowsJointRotLimitMovement="false" forceSelectionOnAttach="false" upperRotationOffset="0"/>
        </inputAttacherJoints>
    </attachable>

   <animations>
        <animation name="productosAnimation">
            <part node="0>0|5|0" startTime="0.000"  endTime="0.001"   visibility="false"/>
            <part node="0>0|5|0" startTime="0.001"  endTime="17.000"  visibility="true"/>
            <part node="0>0|4|0|0" startTime="0.000"  endTime="0.060"   visibility="false"/>
            <part node="0>0|4|0|0" startTime="0.060"  endTime="17.000"  visibility="true"/>
            <part node="0>0|4|0|1" startTime="0.000"  endTime="0.120"   visibility="false"/>
            <part node="0>0|4|0|1" startTime="0.120"  endTime="17.000"  visibility="true"/>
            <part node="0>0|4|0|2" startTime="0.000"  endTime="0.180"   visibility="false"/>
            <part node="0>0|4|0|2" startTime="0.180"  endTime="17.000"  visibility="true"/>
            <part node="0>0|4|0|3" startTime="0.000"  endTime="0.240"   visibility="false"/>
            <part node="0>0|4|0|3" startTime="0.240"  endTime="17.000"  visibility="true"/>
            <part node="0>0|4|0|4" startTime="0.000"  endTime="0.300"   visibility="false"/>
            <part node="0>0|4|0|4" startTime="0.300"  endTime="17.000"  visibility="true"/>
            <part node="0>0|4|0|5" startTime="0.000"  endTime="0.360"   visibility="false"/>
            <part node="0>0|4|0|5" startTime="0.360"  endTime="17.000"  visibility="true"/>
            <part node="0>0|4|0|6" startTime="0.000"  endTime="0.400"   visibility="false"/>
            <part node="0>0|4|0|6" startTime="0.400"  endTime="17.000"  visibility="true"/>
            <part node="0>0|4|0|7" startTime="0.000"  endTime="0.460"   visibility="false"/>
            <part node="0>0|4|0|7" startTime="0.460"  endTime="17.000"  visibility="true"/>
            <part node="0>0|4|0|8" startTime="0.000"  endTime="0.540"   visibility="false"/>
            <part node="0>0|4|0|8" startTime="0.540"  endTime="17.000"  visibility="true"/>
            <part node="0>0|4|0|9" startTime="0.000"  endTime="0.600"   visibility="false"/>
            <part node="0>0|4|0|9" startTime="0.600"  endTime="17.000"  visibility="true"/>
            <part node="0>0|4|0|10" startTime="0.000"  endTime="0.660"   visibility="false"/>
            <part node="0>0|4|0|10" startTime="0.660"  endTime="17.000"  visibility="true"/>
            <part node="0>0|4|0|11" startTime="0.000"  endTime="0.720"   visibility="false"/>
            <part node="0>0|4|0|11" startTime="0.720"  endTime="17.000"  visibility="true"/>
            <part node="0>0|4|0|12" startTime="0.000"  endTime="0.780"   visibility="false"/>
            <part node="0>0|4|0|12" startTime="0.780"  endTime="17.000"  visibility="true"/>
            <part node="0>0|4|0|13" startTime="0.000"  endTime="0.840"   visibility="false"/>
            <part node="0>0|4|0|13" startTime="0.840"  endTime="17.000"  visibility="true"/>
            <part node="0>0|4|0|14" startTime="0.000"  endTime="0.900"   visibility="false"/>
            <part node="0>0|4|0|14" startTime="0.900"  endTime="17.000"  visibility="true"/>
            <part node="0>0|4|0|15" startTime="0.000"  endTime="0.960"   visibility="false"/>
            <part node="0>0|4|0|15" startTime="0.960"  endTime="17.000"  visibility="true"/>
            <part node="0>0|5|1" startTime="0.000"  endTime="1.001"   visibility="false"/>
            <part node="0>0|5|1" startTime="1.001"  endTime="17.000"  visibility="true"/>
            <part node="0>0|4|1|0" startTime="0.000"  endTime="1.060"   visibility="false"/>
            <part node="0>0|4|1|0" startTime="1.060"  endTime="17.000"  visibility="true"/>
            <part node="0>0|4|1|1" startTime="0.000"  endTime="1.120"   visibility="false"/>
            <part node="0>0|4|1|1" startTime="1.120"  endTime="17.000"  visibility="true"/>
            <part node="0>0|4|1|2" startTime="0.000"  endTime="1.180"   visibility="false"/>
            <part node="0>0|4|1|2" startTime="1.180"  endTime="17.000"  visibility="true"/>
            <part node="0>0|4|1|3" startTime="0.000"  endTime="1.240"   visibility="false"/>
            <part node="0>0|4|1|3" startTime="1.240"  endTime="17.000"  visibility="true"/>
            <part node="0>0|4|1|4" startTime="0.000"  endTime="1.300"   visibility="false"/>
            <part node="0>0|4|1|4" startTime="1.300"  endTime="17.000"  visibility="true"/>
            <part node="0>0|4|1|5" startTime="0.000"  endTime="1.360"   visibility="false"/>
            <part node="0>0|4|1|5" startTime="1.360"  endTime="17.000"  visibility="true"/>
            <part node="0>0|4|1|6" startTime="0.000"  endTime="1.400"   visibility="false"/>
            <part node="0>0|4|1|6" startTime="1.400"  endTime="17.000"  visibility="true"/>
            <part node="0>0|4|1|7" startTime="0.000"  endTime="1.460"   visibility="false"/>
            <part node="0>0|4|1|7" startTime="1.460"  endTime="17.000"  visibility="true"/>
            <part node="0>0|4|1|8" startTime="0.000"  endTime="1.540"   visibility="false"/>
            <part node="0>0|4|1|8" startTime="1.540"  endTime="17.000"  visibility="true"/>
            <part node="0>0|4|1|9" startTime="0.000"  endTime="1.600"   visibility="false"/>
            <part node="0>0|4|1|9" startTime="1.600"  endTime="17.000"  visibility="true"/>
            <part node="0>0|4|1|10" startTime="0.000"  endTime="1.660"   visibility="false"/>
            <part node="0>0|4|1|10" startTime="1.660"  endTime="17.000"  visibility="true"/>
            <part node="0>0|4|1|11" startTime="0.000"  endTime="1.720"   visibility="false"/>
            <part node="0>0|4|1|11" startTime="1.720"  endTime="17.000"  visibility="true"/>
            <part node="0>0|4|1|12" startTime="0.000"  endTime="1.780"   visibility="false"/>
            <part node="0>0|4|1|12" startTime="1.780"  endTime="17.000"  visibility="true"/>
            <part node="0>0|4|1|13" startTime="0.000"  endTime="1.840"   visibility="false"/>
            <part node="0>0|4|1|13" startTime="1.840"  endTime="17.000"  visibility="true"/>
            <part node="0>0|4|1|14" startTime="0.000"  endTime="1.900"   visibility="false"/>
            <part node="0>0|4|1|14" startTime="1.900"  endTime="17.000"  visibility="true"/>
            <part node="0>0|4|1|15" startTime="0.000"  endTime="1.960"   visibility="false"/>
            <part node="0>0|4|1|15" startTime="1.960"  endTime="17.000"  visibility="true"/>
            <part node="0>0|5|2" startTime="0.000"  endTime="2.001"   visibility="false"/>
            <part node="0>0|5|2" startTime="2.001"  endTime="17.000"  visibility="true"/>
            <part node="0>0|4|2|0" startTime="0.000"  endTime="2.060"   visibility="false"/>
            <part node="0>0|4|2|0" startTime="2.060"  endTime="17.000"  visibility="true"/>
            <part node="0>0|4|2|1" startTime="0.000"  endTime="2.120"   visibility="false"/>
            <part node="0>0|4|2|1" startTime="2.120"  endTime="17.000"  visibility="true"/>
            <part node="0>0|4|2|2" startTime="0.000"  endTime="2.180"   visibility="false"/>
            <part node="0>0|4|2|2" startTime="2.180"  endTime="17.000"  visibility="true"/>
            <part node="0>0|4|2|3" startTime="0.000"  endTime="2.240"   visibility="false"/>
            <part node="0>0|4|2|3" startTime="2.240"  endTime="17.000"  visibility="true"/>
            <part node="0>0|4|2|4" startTime="0.000"  endTime="2.300"   visibility="false"/>
            <part node="0>0|4|2|4" startTime="2.300"  endTime="17.000"  visibility="true"/>
            <part node="0>0|4|2|5" startTime="0.000"  endTime="2.360"   visibility="false"/>
            <part node="0>0|4|2|5" startTime="2.360"  endTime="17.000"  visibility="true"/>
            <part node="0>0|4|2|6" startTime="0.000"  endTime="2.400"   visibility="false"/>
            <part node="0>0|4|2|6" startTime="2.400"  endTime="17.000"  visibility="true"/>
            <part node="0>0|4|2|7" startTime="0.000"  endTime="2.460"   visibility="false"/>
            <part node="0>0|4|2|7" startTime="2.460"  endTime="17.000"  visibility="true"/>
            <part node="0>0|4|2|8" startTime="0.000"  endTime="2.540"   visibility="false"/>
            <part node="0>0|4|2|8" startTime="2.540"  endTime="17.000"  visibility="true"/>
            <part node="0>0|4|2|9" startTime="0.000"  endTime="2.600"   visibility="false"/>
            <part node="0>0|4|2|9" startTime="2.600"  endTime="17.000"  visibility="true"/>
            <part node="0>0|4|2|10" startTime="0.000"  endTime="2.660"   visibility="false"/>
            <part node="0>0|4|2|10" startTime="2.660"  endTime="17.000"  visibility="true"/>
            <part node="0>0|4|2|11" startTime="0.000"  endTime="2.720"   visibility="false"/>
            <part node="0>0|4|2|11" startTime="2.720"  endTime="17.000"  visibility="true"/>
            <part node="0>0|4|2|12" startTime="0.000"  endTime="2.780"   visibility="false"/>
            <part node="0>0|4|2|12" startTime="2.780"  endTime="17.000"  visibility="true"/>
            <part node="0>0|4|2|13" startTime="0.000"  endTime="2.840"   visibility="false"/>
            <part node="0>0|4|2|13" startTime="2.840"  endTime="17.000"  visibility="true"/>
            <part node="0>0|4|2|14" startTime="0.000"  endTime="2.900"   visibility="false"/>
            <part node="0>0|4|2|14" startTime="2.900"  endTime="17.000"  visibility="true"/>
            <part node="0>0|4|2|15" startTime="0.000"  endTime="2.960"   visibility="false"/>
            <part node="0>0|4|2|15" startTime="2.960"  endTime="17.000"  visibility="true"/>
            <part node="0>0|5|3" startTime="0.000"  endTime="3.001"   visibility="false"/>
            <part node="0>0|5|3" startTime="3.001"  endTime="17.000"  visibility="true"/>
            <part node="0>0|4|3|0" startTime="0.000"  endTime="3.060"   visibility="false"/>
            <part node="0>0|4|3|0" startTime="3.060"  endTime="17.000"  visibility="true"/>
            <part node="0>0|4|3|1" startTime="0.000"  endTime="3.120"   visibility="false"/>
            <part node="0>0|4|3|1" startTime="3.120"  endTime="17.000"  visibility="true"/>
            <part node="0>0|4|3|2" startTime="0.000"  endTime="3.180"   visibility="false"/>
            <part node="0>0|4|3|2" startTime="3.180"  endTime="17.000"  visibility="true"/>
            <part node="0>0|4|3|3" startTime="0.000"  endTime="3.240"   visibility="false"/>
            <part node="0>0|4|3|3" startTime="3.240"  endTime="17.000"  visibility="true"/>
            <part node="0>0|4|3|4" startTime="0.000"  endTime="3.300"   visibility="false"/>
            <part node="0>0|4|3|4" startTime="3.300"  endTime="17.000"  visibility="true"/>
            <part node="0>0|4|3|5" startTime="0.000"  endTime="3.360"   visibility="false"/>
            <part node="0>0|4|3|5" startTime="3.360"  endTime="17.000"  visibility="true"/>
            <part node="0>0|4|3|6" startTime="0.000"  endTime="3.400"   visibility="false"/>
            <part node="0>0|4|3|6" startTime="3.400"  endTime="17.000"  visibility="true"/>
            <part node="0>0|4|3|7" startTime="0.000"  endTime="3.460"   visibility="false"/>
            <part node="0>0|4|3|7" startTime="3.460"  endTime="17.000"  visibility="true"/>
            <part node="0>0|4|3|8" startTime="0.000"  endTime="3.540"   visibility="false"/>
            <part node="0>0|4|3|8" startTime="3.540"  endTime="17.000"  visibility="true"/>
            <part node="0>0|4|3|9" startTime="0.000"  endTime="3.600"   visibility="false"/>
            <part node="0>0|4|3|9" startTime="3.600"  endTime="17.000"  visibility="true"/>
            <part node="0>0|4|3|10" startTime="0.000"  endTime="3.660"   visibility="false"/>
            <part node="0>0|4|3|10" startTime="3.660"  endTime="17.000"  visibility="true"/>
            <part node="0>0|4|3|11" startTime="0.000"  endTime="3.720"   visibility="false"/>
            <part node="0>0|4|3|11" startTime="3.720"  endTime="17.000"  visibility="true"/>
            <part node="0>0|4|3|12" startTime="0.000"  endTime="3.780"   visibility="false"/>
            <part node="0>0|4|3|12" startTime="3.780"  endTime="17.000"  visibility="true"/>
            <part node="0>0|4|3|13" startTime="0.000"  endTime="3.840"   visibility="false"/>
            <part node="0>0|4|3|13" startTime="3.840"  endTime="17.000"  visibility="true"/>
            <part node="0>0|4|3|14" startTime="0.000"  endTime="3.900"   visibility="false"/>
            <part node="0>0|4|3|14" startTime="3.900"  endTime="17.000"  visibility="true"/>
            <part node="0>0|4|3|15" startTime="0.000"  endTime="3.960"   visibility="false"/>
            <part node="0>0|4|3|15" startTime="3.960"  endTime="17.000"  visibility="true"/>
            <part node="0>0|5|4" startTime="0.000"  endTime="4.001"   visibility="false"/>
            <part node="0>0|5|4" startTime="4.001"  endTime="17.000"  visibility="true"/>
            <part node="0>0|4|4|0" startTime="0.000"  endTime="4.060"   visibility="false"/>
            <part node="0>0|4|4|0" startTime="4.060"  endTime="17.000"  visibility="true"/>
            <part node="0>0|4|4|1" startTime="0.000"  endTime="4.120"   visibility="false"/>
            <part node="0>0|4|4|1" startTime="4.120"  endTime="17.000"  visibility="true"/>
            <part node="0>0|4|4|2" startTime="0.000"  endTime="4.180"   visibility="false"/>
            <part node="0>0|4|4|2" startTime="4.180"  endTime="17.000"  visibility="true"/>
            <part node="0>0|4|4|3" startTime="0.000"  endTime="4.240"   visibility="false"/>
            <part node="0>0|4|4|3" startTime="4.240"  endTime="17.000"  visibility="true"/>
            <part node="0>0|4|4|4" startTime="0.000"  endTime="4.300"   visibility="false"/>
            <part node="0>0|4|4|4" startTime="4.300"  endTime="17.000"  visibility="true"/>
            <part node="0>0|4|4|5" startTime="0.000"  endTime="4.360"   visibility="false"/>
            <part node="0>0|4|4|5" startTime="4.360"  endTime="17.000"  visibility="true"/>
            <part node="0>0|4|4|6" startTime="0.000"  endTime="4.400"   visibility="false"/>
            <part node="0>0|4|4|6" startTime="4.400"  endTime="17.000"  visibility="true"/>
            <part node="0>0|4|4|7" startTime="0.000"  endTime="4.460"   visibility="false"/>
            <part node="0>0|4|4|7" startTime="4.460"  endTime="17.000"  visibility="true"/>
            <part node="0>0|4|4|8" startTime="0.000"  endTime="4.540"   visibility="false"/>
            <part node="0>0|4|4|8" startTime="4.540"  endTime="17.000"  visibility="true"/>
            <part node="0>0|4|4|9" startTime="0.000"  endTime="4.600"   visibility="false"/>
            <part node="0>0|4|4|9" startTime="4.600"  endTime="17.000"  visibility="true"/>
            <part node="0>0|4|4|10" startTime="0.000"  endTime="4.660"   visibility="false"/>
            <part node="0>0|4|4|10" startTime="4.660"  endTime="17.000"  visibility="true"/>
            <part node="0>0|4|4|11" startTime="0.000"  endTime="4.720"   visibility="false"/>
            <part node="0>0|4|4|11" startTime="4.720"  endTime="17.000"  visibility="true"/>
            <part node="0>0|4|4|12" startTime="0.000"  endTime="4.780"   visibility="false"/>
            <part node="0>0|4|4|12" startTime="4.780"  endTime="17.000"  visibility="true"/>
            <part node="0>0|4|4|13" startTime="0.000"  endTime="4.840"   visibility="false"/>
            <part node="0>0|4|4|13" startTime="4.840"  endTime="17.000"  visibility="true"/>
            <part node="0>0|4|4|14" startTime="0.000"  endTime="4.900"   visibility="false"/>
            <part node="0>0|4|4|14" startTime="4.900"  endTime="17.000"  visibility="true"/>
            <part node="0>0|4|4|15" startTime="0.000"  endTime="4.960"   visibility="false"/>
            <part node="0>0|4|4|15" startTime="4.960"  endTime="17.000"  visibility="true"/>
            <part node="0>0|5|5" startTime="0.000"  endTime="5.001"   visibility="false"/>
            <part node="0>0|5|5" startTime="5.001"  endTime="17.000"  visibility="true"/>
            <part node="0>0|4|5|0" startTime="0.000"  endTime="5.060"   visibility="false"/>
            <part node="0>0|4|5|0" startTime="5.060"  endTime="17.000"  visibility="true"/>
            <part node="0>0|4|5|1" startTime="0.000"  endTime="5.120"   visibility="false"/>
            <part node="0>0|4|5|1" startTime="5.120"  endTime="17.000"  visibility="true"/>
            <part node="0>0|4|5|2" startTime="0.000"  endTime="5.180"   visibility="false"/>
            <part node="0>0|4|5|2" startTime="5.180"  endTime="17.000"  visibility="true"/>
            <part node="0>0|4|5|3" startTime="0.000"  endTime="5.240"   visibility="false"/>
            <part node="0>0|4|5|3" startTime="5.240"  endTime="17.000"  visibility="true"/>
            <part node="0>0|4|5|4" startTime="0.000"  endTime="5.300"   visibility="false"/>
            <part node="0>0|4|5|4" startTime="5.300"  endTime="17.000"  visibility="true"/>
            <part node="0>0|4|5|5" startTime="0.000"  endTime="5.360"   visibility="false"/>
            <part node="0>0|4|5|5" startTime="5.360"  endTime="17.000"  visibility="true"/>
            <part node="0>0|4|5|6" startTime="0.000"  endTime="5.400"   visibility="false"/>
            <part node="0>0|4|5|6" startTime="5.400"  endTime="17.000"  visibility="true"/>
            <part node="0>0|4|5|7" startTime="0.000"  endTime="5.460"   visibility="false"/>
            <part node="0>0|4|5|7" startTime="5.460"  endTime="17.000"  visibility="true"/>
            <part node="0>0|4|5|8" startTime="0.000"  endTime="5.540"   visibility="false"/>
            <part node="0>0|4|5|8" startTime="5.540"  endTime="17.000"  visibility="true"/>
            <part node="0>0|4|5|9" startTime="0.000"  endTime="5.600"   visibility="false"/>
            <part node="0>0|4|5|9" startTime="5.600"  endTime="17.000"  visibility="true"/>
            <part node="0>0|4|5|10" startTime="0.000"  endTime="5.660"   visibility="false"/>
            <part node="0>0|4|5|10" startTime="5.660"  endTime="17.000"  visibility="true"/>
            <part node="0>0|4|5|11" startTime="0.000"  endTime="5.720"   visibility="false"/>
            <part node="0>0|4|5|11" startTime="5.720"  endTime="17.000"  visibility="true"/>
            <part node="0>0|4|5|12" startTime="0.000"  endTime="5.780"   visibility="false"/>
            <part node="0>0|4|5|12" startTime="5.780"  endTime="17.000"  visibility="true"/>
            <part node="0>0|4|5|13" startTime="0.000"  endTime="5.840"   visibility="false"/>
            <part node="0>0|4|5|13" startTime="5.840"  endTime="17.000"  visibility="true"/>
            <part node="0>0|4|5|14" startTime="0.000"  endTime="5.900"   visibility="false"/>
            <part node="0>0|4|5|14" startTime="5.900"  endTime="17.000"  visibility="true"/>
            <part node="0>0|4|5|15" startTime="0.000"  endTime="5.960"   visibility="false"/>
            <part node="0>0|4|5|15" startTime="5.960"  endTime="17.000"  visibility="true"/>
            <part node="0>0|5|6" startTime="0.000"  endTime="6.001"   visibility="false"/>
            <part node="0>0|5|6" startTime="6.001"  endTime="17.000"  visibility="true"/>
            <part node="0>0|4|6|0" startTime="0.000"  endTime="6.060"   visibility="false"/>
            <part node="0>0|4|6|0" startTime="6.060"  endTime="17.000"  visibility="true"/>
            <part node="0>0|4|6|1" startTime="0.000"  endTime="6.120"   visibility="false"/>
            <part node="0>0|4|6|1" startTime="6.120"  endTime="17.000"  visibility="true"/>
            <part node="0>0|4|6|2" startTime="0.000"  endTime="6.180"   visibility="false"/>
            <part node="0>0|4|6|2" startTime="6.180"  endTime="17.000"  visibility="true"/>
            <part node="0>0|4|6|3" startTime="0.000"  endTime="6.240"   visibility="false"/>
            <part node="0>0|4|6|3" startTime="6.240"  endTime="17.000"  visibility="true"/>
            <part node="0>0|4|6|4" startTime="0.000"  endTime="6.300"   visibility="false"/>
            <part node="0>0|4|6|4" startTime="6.300"  endTime="17.000"  visibility="true"/>
            <part node="0>0|4|6|5" startTime="0.000"  endTime="6.360"   visibility="false"/>
            <part node="0>0|4|6|5" startTime="6.360"  endTime="17.000"  visibility="true"/>
            <part node="0>0|4|6|6" startTime="0.000"  endTime="6.400"   visibility="false"/>
            <part node="0>0|4|6|6" startTime="6.400"  endTime="17.000"  visibility="true"/>
            <part node="0>0|4|6|7" startTime="0.000"  endTime="6.460"   visibility="false"/>
            <part node="0>0|4|6|7" startTime="6.460"  endTime="17.000"  visibility="true"/>
            <part node="0>0|4|6|8" startTime="0.000"  endTime="6.540"   visibility="false"/>
            <part node="0>0|4|6|8" startTime="6.540"  endTime="17.000"  visibility="true"/>
            <part node="0>0|4|6|9" startTime="0.000"  endTime="6.600"   visibility="false"/>
            <part node="0>0|4|6|9" startTime="6.600"  endTime="17.000"  visibility="true"/>
            <part node="0>0|4|6|10" startTime="0.000"  endTime="6.660"   visibility="false"/>
            <part node="0>0|4|6|10" startTime="6.660"  endTime="17.000"  visibility="true"/>
            <part node="0>0|4|6|11" startTime="0.000"  endTime="6.720"   visibility="false"/>
            <part node="0>0|4|6|11" startTime="6.720"  endTime="17.000"  visibility="true"/>
            <part node="0>0|4|6|12" startTime="0.000"  endTime="6.780"   visibility="false"/>
            <part node="0>0|4|6|12" startTime="6.780"  endTime="17.000"  visibility="true"/>
            <part node="0>0|4|6|13" startTime="0.000"  endTime="6.840"   visibility="false"/>
            <part node="0>0|4|6|13" startTime="6.840"  endTime="17.000"  visibility="true"/>
            <part node="0>0|4|6|14" startTime="0.000"  endTime="6.900"   visibility="false"/>
            <part node="0>0|4|6|14" startTime="6.900"  endTime="17.000"  visibility="true"/>
            <part node="0>0|4|6|15" startTime="0.000"  endTime="6.960"   visibility="false"/>
            <part node="0>0|4|6|15" startTime="6.960"  endTime="17.000"  visibility="true"/>
            <part node="0>0|5|7" startTime="0.000"  endTime="7.001"   visibility="false"/>
            <part node="0>0|5|7" startTime="7.001"  endTime="17.000"  visibility="true"/>
            <part node="0>0|4|7|0" startTime="0.000"  endTime="7.060"   visibility="false"/>
            <part node="0>0|4|7|0" startTime="7.060"  endTime="17.000"  visibility="true"/>
            <part node="0>0|4|7|1" startTime="0.000"  endTime="7.120"   visibility="false"/>
            <part node="0>0|4|7|1" startTime="7.120"  endTime="17.000"  visibility="true"/>
            <part node="0>0|4|7|2" startTime="0.000"  endTime="7.180"   visibility="false"/>
            <part node="0>0|4|7|2" startTime="7.180"  endTime="17.000"  visibility="true"/>
            <part node="0>0|4|7|3" startTime="0.000"  endTime="7.240"   visibility="false"/>
            <part node="0>0|4|7|3" startTime="7.240"  endTime="17.000"  visibility="true"/>
            <part node="0>0|4|7|4" startTime="0.000"  endTime="7.300"   visibility="false"/>
            <part node="0>0|4|7|4" startTime="7.300"  endTime="17.000"  visibility="true"/>
            <part node="0>0|4|7|5" startTime="0.000"  endTime="7.360"   visibility="false"/>
            <part node="0>0|4|7|5" startTime="7.360"  endTime="17.000"  visibility="true"/>
            <part node="0>0|4|7|6" startTime="0.000"  endTime="7.400"   visibility="false"/>
            <part node="0>0|4|7|6" startTime="7.400"  endTime="17.000"  visibility="true"/>
            <part node="0>0|4|7|7" startTime="0.000"  endTime="7.460"   visibility="false"/>
            <part node="0>0|4|7|7" startTime="7.460"  endTime="17.000"  visibility="true"/>
            <part node="0>0|4|7|8" startTime="0.000"  endTime="7.540"   visibility="false"/>
            <part node="0>0|4|7|8" startTime="7.540"  endTime="17.000"  visibility="true"/>
            <part node="0>0|4|7|9" startTime="0.000"  endTime="7.600"   visibility="false"/>
            <part node="0>0|4|7|9" startTime="7.600"  endTime="17.000"  visibility="true"/>
            <part node="0>0|4|7|10" startTime="0.000"  endTime="7.660"   visibility="false"/>
            <part node="0>0|4|7|10" startTime="7.660"  endTime="17.000"  visibility="true"/>
            <part node="0>0|4|7|11" startTime="0.000"  endTime="7.720"   visibility="false"/>
            <part node="0>0|4|7|11" startTime="7.720"  endTime="17.000"  visibility="true"/>
            <part node="0>0|4|7|12" startTime="0.000"  endTime="7.780"   visibility="false"/>
            <part node="0>0|4|7|12" startTime="7.780"  endTime="17.000"  visibility="true"/>
            <part node="0>0|4|7|13" startTime="0.000"  endTime="7.840"   visibility="false"/>
            <part node="0>0|4|7|13" startTime="7.840"  endTime="17.000"  visibility="true"/>
            <part node="0>0|4|7|14" startTime="0.000"  endTime="7.900"   visibility="false"/>
            <part node="0>0|4|7|14" startTime="7.900"  endTime="17.000"  visibility="true"/>
            <part node="0>0|4|7|15" startTime="0.000"  endTime="7.960"   visibility="false"/>
            <part node="0>0|4|7|15" startTime="7.960"  endTime="17.000"  visibility="true"/>
            <part node="0>0|5|8" startTime="0.000"  endTime="8.001"   visibility="false"/>
            <part node="0>0|5|8" startTime="8.001"  endTime="17.000"  visibility="true"/>
            <part node="0>0|4|8|0" startTime="0.000"  endTime="8.060"   visibility="false"/>
            <part node="0>0|4|8|0" startTime="8.060"  endTime="17.000"  visibility="true"/>
            <part node="0>0|4|8|1" startTime="0.000"  endTime="8.120"   visibility="false"/>
            <part node="0>0|4|8|1" startTime="8.120"  endTime="17.000"  visibility="true"/>
            <part node="0>0|4|8|2" startTime="0.000"  endTime="8.180"   visibility="false"/>
            <part node="0>0|4|8|2" startTime="8.180"  endTime="17.000"  visibility="true"/>
            <part node="0>0|4|8|3" startTime="0.000"  endTime="8.240"   visibility="false"/>
            <part node="0>0|4|8|3" startTime="8.240"  endTime="17.000"  visibility="true"/>
            <part node="0>0|4|8|4" startTime="0.000"  endTime="8.300"   visibility="false"/>
            <part node="0>0|4|8|4" startTime="8.300"  endTime="17.000"  visibility="true"/>
            <part node="0>0|4|8|5" startTime="0.000"  endTime="8.360"   visibility="false"/>
            <part node="0>0|4|8|5" startTime="8.360"  endTime="17.000"  visibility="true"/>
            <part node="0>0|4|8|6" startTime="0.000"  endTime="8.400"   visibility="false"/>
            <part node="0>0|4|8|6" startTime="8.400"  endTime="17.000"  visibility="true"/>
            <part node="0>0|4|8|7" startTime="0.000"  endTime="8.460"   visibility="false"/>
            <part node="0>0|4|8|7" startTime="8.460"  endTime="17.000"  visibility="true"/>
            <part node="0>0|4|8|8" startTime="0.000"  endTime="8.540"   visibility="false"/>
            <part node="0>0|4|8|8" startTime="8.540"  endTime="17.000"  visibility="true"/>
            <part node="0>0|4|8|9" startTime="0.000"  endTime="8.600"   visibility="false"/>
            <part node="0>0|4|8|9" startTime="8.600"  endTime="17.000"  visibility="true"/>
            <part node="0>0|4|8|10" startTime="0.000"  endTime="8.660"   visibility="false"/>
            <part node="0>0|4|8|10" startTime="8.660"  endTime="17.000"  visibility="true"/>
            <part node="0>0|4|8|11" startTime="0.000"  endTime="8.720"   visibility="false"/>
            <part node="0>0|4|8|11" startTime="8.720"  endTime="17.000"  visibility="true"/>
            <part node="0>0|4|8|12" startTime="0.000"  endTime="8.780"   visibility="false"/>
            <part node="0>0|4|8|12" startTime="8.780"  endTime="17.000"  visibility="true"/>
            <part node="0>0|4|8|13" startTime="0.000"  endTime="8.840"   visibility="false"/>
            <part node="0>0|4|8|13" startTime="8.840"  endTime="17.000"  visibility="true"/>
            <part node="0>0|4|8|14" startTime="0.000"  endTime="8.900"   visibility="false"/>
            <part node="0>0|4|8|14" startTime="8.900"  endTime="17.000"  visibility="true"/>
            <part node="0>0|4|8|15" startTime="0.000"  endTime="8.960"   visibility="false"/>
            <part node="0>0|4|8|15" startTime="8.960"  endTime="17.000"  visibility="true"/>
            <part node="0>0|5|9" startTime="0.000"  endTime="9.001"   visibility="false"/>
            <part node="0>0|5|9" startTime="9.001"  endTime="17.000"  visibility="true"/>
            <part node="0>0|4|9|0" startTime="0.000"  endTime="9.060"   visibility="false"/>
            <part node="0>0|4|9|0" startTime="9.060"  endTime="17.000"  visibility="true"/>
            <part node="0>0|4|9|1" startTime="0.000"  endTime="9.120"   visibility="false"/>
            <part node="0>0|4|9|1" startTime="9.120"  endTime="17.000"  visibility="true"/>
            <part node="0>0|4|9|2" startTime="0.000"  endTime="9.180"   visibility="false"/>
            <part node="0>0|4|9|2" startTime="9.180"  endTime="17.000"  visibility="true"/>
            <part node="0>0|4|9|3" startTime="0.000"  endTime="9.240"   visibility="false"/>
            <part node="0>0|4|9|3" startTime="9.240"  endTime="17.000"  visibility="true"/>
            <part node="0>0|4|9|4" startTime="0.000"  endTime="9.300"   visibility="false"/>
            <part node="0>0|4|9|4" startTime="9.300"  endTime="17.000"  visibility="true"/>
            <part node="0>0|4|9|5" startTime="0.000"  endTime="9.360"   visibility="false"/>
            <part node="0>0|4|9|5" startTime="9.360"  endTime="17.000"  visibility="true"/>
            <part node="0>0|4|9|6" startTime="0.000"  endTime="9.400"   visibility="false"/>
            <part node="0>0|4|9|6" startTime="9.400"  endTime="17.000"  visibility="true"/>
            <part node="0>0|4|9|7" startTime="0.000"  endTime="9.460"   visibility="false"/>
            <part node="0>0|4|9|7" startTime="9.460"  endTime="17.000"  visibility="true"/>
            <part node="0>0|4|9|8" startTime="0.000"  endTime="9.540"   visibility="false"/>
            <part node="0>0|4|9|8" startTime="9.540"  endTime="17.000"  visibility="true"/>
            <part node="0>0|4|9|9" startTime="0.000"  endTime="9.600"   visibility="false"/>
            <part node="0>0|4|9|9" startTime="9.600"  endTime="17.000"  visibility="true"/>
            <part node="0>0|4|9|10" startTime="0.000"  endTime="9.660"   visibility="false"/>
            <part node="0>0|4|9|10" startTime="9.660"  endTime="17.000"  visibility="true"/>
            <part node="0>0|4|9|11" startTime="0.000"  endTime="9.720"   visibility="false"/>
            <part node="0>0|4|9|11" startTime="9.720"  endTime="17.000"  visibility="true"/>
            <part node="0>0|4|9|12" startTime="0.000"  endTime="9.780"   visibility="false"/>
            <part node="0>0|4|9|12" startTime="9.780"  endTime="17.000"  visibility="true"/>
            <part node="0>0|4|9|13" startTime="0.000"  endTime="9.840"   visibility="false"/>
            <part node="0>0|4|9|13" startTime="9.840"  endTime="17.000"  visibility="true"/>
            <part node="0>0|4|9|14" startTime="0.000"  endTime="9.900"   visibility="false"/>
            <part node="0>0|4|9|14" startTime="9.900"  endTime="17.000"  visibility="true"/>
            <part node="0>0|4|9|15" startTime="0.000"  endTime="9.960"   visibility="false"/>
            <part node="0>0|4|9|15" startTime="9.960"  endTime="17.000"  visibility="true"/>
            <part node="0>0|5|10" startTime="0.000"  endTime="10.001"   visibility="false"/>
            <part node="0>0|5|10" startTime="10.001"  endTime="17.000"  visibility="true"/>
            <part node="0>0|4|10|0" startTime="0.000"  endTime="10.060"   visibility="false"/>
            <part node="0>0|4|10|0" startTime="10.060"  endTime="17.000"  visibility="true"/>
            <part node="0>0|4|10|1" startTime="0.000"  endTime="10.120"   visibility="false"/>
            <part node="0>0|4|10|1" startTime="10.120"  endTime="17.000"  visibility="true"/>
            <part node="0>0|4|10|2" startTime="0.000"  endTime="10.180"   visibility="false"/>
            <part node="0>0|4|10|2" startTime="10.180"  endTime="17.000"  visibility="true"/>
            <part node="0>0|4|10|3" startTime="0.000"  endTime="10.240"   visibility="false"/>
            <part node="0>0|4|10|3" startTime="10.240"  endTime="17.000"  visibility="true"/>
            <part node="0>0|4|10|4" startTime="0.000"  endTime="10.300"   visibility="false"/>
            <part node="0>0|4|10|4" startTime="10.300"  endTime="17.000"  visibility="true"/>
            <part node="0>0|4|10|5" startTime="0.000"  endTime="10.360"   visibility="false"/>
            <part node="0>0|4|10|5" startTime="10.360"  endTime="17.000"  visibility="true"/>
            <part node="0>0|4|10|6" startTime="0.000"  endTime="10.400"   visibility="false"/>
            <part node="0>0|4|10|6" startTime="10.400"  endTime="17.000"  visibility="true"/>
            <part node="0>0|4|10|7" startTime="0.000"  endTime="10.460"   visibility="false"/>
            <part node="0>0|4|10|7" startTime="10.460"  endTime="17.000"  visibility="true"/>
            <part node="0>0|4|10|8" startTime="0.000"  endTime="10.540"   visibility="false"/>
            <part node="0>0|4|10|8" startTime="10.540"  endTime="17.000"  visibility="true"/>
            <part node="0>0|4|10|9" startTime="0.000"  endTime="10.600"   visibility="false"/>
            <part node="0>0|4|10|9" startTime="10.600"  endTime="17.000"  visibility="true"/>
            <part node="0>0|4|10|10" startTime="0.000"  endTime="10.660"   visibility="false"/>
            <part node="0>0|4|10|10" startTime="10.660"  endTime="17.000"  visibility="true"/>
            <part node="0>0|4|10|11" startTime="0.000"  endTime="10.720"   visibility="false"/>
            <part node="0>0|4|10|11" startTime="10.720"  endTime="17.000"  visibility="true"/>
            <part node="0>0|4|10|12" startTime="0.000"  endTime="10.780"   visibility="false"/>
            <part node="0>0|4|10|12" startTime="10.780"  endTime="17.000"  visibility="true"/>
            <part node="0>0|4|10|13" startTime="0.000"  endTime="10.840"   visibility="false"/>
            <part node="0>0|4|10|13" startTime="10.840"  endTime="17.000"  visibility="true"/>
            <part node="0>0|4|10|14" startTime="0.000"  endTime="10.900"   visibility="false"/>
            <part node="0>0|4|10|14" startTime="10.900"  endTime="17.000"  visibility="true"/>
            <part node="0>0|4|10|15" startTime="0.000"  endTime="10.960"   visibility="false"/>
            <part node="0>0|4|10|15" startTime="10.960"  endTime="17.000"  visibility="true"/>
            <part node="0>0|5|11" startTime="0.000"  endTime="11.001"   visibility="false"/>
            <part node="0>0|5|11" startTime="11.001"  endTime="17.000"  visibility="true"/>
            <part node="0>0|4|11|0" startTime="0.000"  endTime="11.060"   visibility="false"/>
            <part node="0>0|4|11|0" startTime="11.060"  endTime="17.000"  visibility="true"/>
            <part node="0>0|4|11|1" startTime="0.000"  endTime="11.120"   visibility="false"/>
            <part node="0>0|4|11|1" startTime="11.120"  endTime="17.000"  visibility="true"/>
            <part node="0>0|4|11|2" startTime="0.000"  endTime="11.180"   visibility="false"/>
            <part node="0>0|4|11|2" startTime="11.180"  endTime="17.000"  visibility="true"/>
            <part node="0>0|4|11|3" startTime="0.000"  endTime="11.240"   visibility="false"/>
            <part node="0>0|4|11|3" startTime="11.240"  endTime="17.000"  visibility="true"/>
            <part node="0>0|4|11|4" startTime="0.000"  endTime="11.300"   visibility="false"/>
            <part node="0>0|4|11|4" startTime="11.300"  endTime="17.000"  visibility="true"/>
            <part node="0>0|4|11|5" startTime="0.000"  endTime="11.360"   visibility="false"/>
            <part node="0>0|4|11|5" startTime="11.360"  endTime="17.000"  visibility="true"/>
            <part node="0>0|4|11|6" startTime="0.000"  endTime="11.400"   visibility="false"/>
            <part node="0>0|4|11|6" startTime="11.400"  endTime="17.000"  visibility="true"/>
            <part node="0>0|4|11|7" startTime="0.000"  endTime="11.460"   visibility="false"/>
            <part node="0>0|4|11|7" startTime="11.460"  endTime="17.000"  visibility="true"/>
            <part node="0>0|4|11|8" startTime="0.000"  endTime="11.540"   visibility="false"/>
            <part node="0>0|4|11|8" startTime="11.540"  endTime="17.000"  visibility="true"/>
            <part node="0>0|4|11|9" startTime="0.000"  endTime="11.600"   visibility="false"/>
            <part node="0>0|4|11|9" startTime="11.600"  endTime="17.000"  visibility="true"/>
            <part node="0>0|4|11|10" startTime="0.000"  endTime="11.660"   visibility="false"/>
            <part node="0>0|4|11|10" startTime="11.660"  endTime="17.000"  visibility="true"/>
            <part node="0>0|4|11|11" startTime="0.000"  endTime="11.720"   visibility="false"/>
            <part node="0>0|4|11|11" startTime="11.720"  endTime="17.000"  visibility="true"/>
            <part node="0>0|4|11|12" startTime="0.000"  endTime="11.780"   visibility="false"/>
            <part node="0>0|4|11|12" startTime="11.780"  endTime="17.000"  visibility="true"/>
            <part node="0>0|4|11|13" startTime="0.000"  endTime="11.840"   visibility="false"/>
            <part node="0>0|4|11|13" startTime="11.840"  endTime="17.000"  visibility="true"/>
            <part node="0>0|4|11|14" startTime="0.000"  endTime="11.900"   visibility="false"/>
            <part node="0>0|4|11|14" startTime="11.900"  endTime="17.000"  visibility="true"/>
            <part node="0>0|4|11|15" startTime="0.000"  endTime="11.960"   visibility="false"/>
            <part node="0>0|4|11|15" startTime="11.960"  endTime="17.000"  visibility="true"/>
            <part node="0>0|5|12" startTime="0.000"  endTime="12.001"   visibility="false"/>
            <part node="0>0|5|12" startTime="12.001"  endTime="17.000"  visibility="true"/>
            <part node="0>0|4|12|0" startTime="0.000"  endTime="12.060"   visibility="false"/>
            <part node="0>0|4|12|0" startTime="12.060"  endTime="17.000"  visibility="true"/>
            <part node="0>0|4|12|1" startTime="0.000"  endTime="12.120"   visibility="false"/>
            <part node="0>0|4|12|1" startTime="12.120"  endTime="17.000"  visibility="true"/>
            <part node="0>0|4|12|2" startTime="0.000"  endTime="12.180"   visibility="false"/>
            <part node="0>0|4|12|2" startTime="12.180"  endTime="17.000"  visibility="true"/>
            <part node="0>0|4|12|3" startTime="0.000"  endTime="12.240"   visibility="false"/>
            <part node="0>0|4|12|3" startTime="12.240"  endTime="17.000"  visibility="true"/>
            <part node="0>0|4|12|4" startTime="0.000"  endTime="12.300"   visibility="false"/>
            <part node="0>0|4|12|4" startTime="12.300"  endTime="17.000"  visibility="true"/>
            <part node="0>0|4|12|5" startTime="0.000"  endTime="12.360"   visibility="false"/>
            <part node="0>0|4|12|5" startTime="12.360"  endTime="17.000"  visibility="true"/>
            <part node="0>0|4|12|6" startTime="0.000"  endTime="12.400"   visibility="false"/>
            <part node="0>0|4|12|6" startTime="12.400"  endTime="17.000"  visibility="true"/>
            <part node="0>0|4|12|7" startTime="0.000"  endTime="12.460"   visibility="false"/>
            <part node="0>0|4|12|7" startTime="12.460"  endTime="17.000"  visibility="true"/>
            <part node="0>0|4|12|8" startTime="0.000"  endTime="12.540"   visibility="false"/>
            <part node="0>0|4|12|8" startTime="12.540"  endTime="17.000"  visibility="true"/>
            <part node="0>0|4|12|9" startTime="0.000"  endTime="12.600"   visibility="false"/>
            <part node="0>0|4|12|9" startTime="12.600"  endTime="17.000"  visibility="true"/>
            <part node="0>0|4|12|10" startTime="0.000"  endTime="12.660"   visibility="false"/>
            <part node="0>0|4|12|10" startTime="12.660"  endTime="17.000"  visibility="true"/>
            <part node="0>0|4|12|11" startTime="0.000"  endTime="12.720"   visibility="false"/>
            <part node="0>0|4|12|11" startTime="12.720"  endTime="17.000"  visibility="true"/>
            <part node="0>0|4|12|12" startTime="0.000"  endTime="12.780"   visibility="false"/>
            <part node="0>0|4|12|12" startTime="12.780"  endTime="17.000"  visibility="true"/>
            <part node="0>0|4|12|13" startTime="0.000"  endTime="12.840"   visibility="false"/>
            <part node="0>0|4|12|13" startTime="12.840"  endTime="17.000"  visibility="true"/>
            <part node="0>0|4|12|14" startTime="0.000"  endTime="12.900"   visibility="false"/>
            <part node="0>0|4|12|14" startTime="12.900"  endTime="17.000"  visibility="true"/>
            <part node="0>0|4|12|15" startTime="0.000"  endTime="12.960"   visibility="false"/>
            <part node="0>0|4|12|15" startTime="12.960"  endTime="17.000"  visibility="true"/>
            <part node="0>0|5|13" startTime="0.000"  endTime="13.001"   visibility="false"/>
            <part node="0>0|5|13" startTime="13.001"  endTime="17.000"  visibility="true"/>
            <part node="0>0|4|13|0" startTime="0.000"  endTime="13.060"   visibility="false"/>
            <part node="0>0|4|13|0" startTime="13.060"  endTime="17.000"  visibility="true"/>
            <part node="0>0|4|13|1" startTime="0.000"  endTime="13.120"   visibility="false"/>
            <part node="0>0|4|13|1" startTime="13.120"  endTime="17.000"  visibility="true"/>
            <part node="0>0|4|13|2" startTime="0.000"  endTime="13.180"   visibility="false"/>
            <part node="0>0|4|13|2" startTime="13.180"  endTime="17.000"  visibility="true"/>
            <part node="0>0|4|13|3" startTime="0.000"  endTime="13.240"   visibility="false"/>
            <part node="0>0|4|13|3" startTime="13.240"  endTime="17.000"  visibility="true"/>
            <part node="0>0|4|13|4" startTime="0.000"  endTime="13.300"   visibility="false"/>
            <part node="0>0|4|13|4" startTime="13.300"  endTime="17.000"  visibility="true"/>
            <part node="0>0|4|13|5" startTime="0.000"  endTime="13.360"   visibility="false"/>
            <part node="0>0|4|13|5" startTime="13.360"  endTime="17.000"  visibility="true"/>
            <part node="0>0|4|13|6" startTime="0.000"  endTime="13.400"   visibility="false"/>
            <part node="0>0|4|13|6" startTime="13.400"  endTime="17.000"  visibility="true"/>
            <part node="0>0|4|13|7" startTime="0.000"  endTime="13.460"   visibility="false"/>
            <part node="0>0|4|13|7" startTime="13.460"  endTime="17.000"  visibility="true"/>
            <part node="0>0|4|13|8" startTime="0.000"  endTime="13.540"   visibility="false"/>
            <part node="0>0|4|13|8" startTime="13.540"  endTime="17.000"  visibility="true"/>
            <part node="0>0|4|13|9" startTime="0.000"  endTime="13.600"   visibility="false"/>
            <part node="0>0|4|13|9" startTime="13.600"  endTime="17.000"  visibility="true"/>
            <part node="0>0|4|13|10" startTime="0.000"  endTime="13.660"   visibility="false"/>
            <part node="0>0|4|13|10" startTime="13.660"  endTime="17.000"  visibility="true"/>
            <part node="0>0|4|13|11" startTime="0.000"  endTime="13.720"   visibility="false"/>
            <part node="0>0|4|13|11" startTime="13.720"  endTime="17.000"  visibility="true"/>
            <part node="0>0|4|13|12" startTime="0.000"  endTime="13.780"   visibility="false"/>
            <part node="0>0|4|13|12" startTime="13.780"  endTime="17.000"  visibility="true"/>
            <part node="0>0|4|13|13" startTime="0.000"  endTime="13.840"   visibility="false"/>
            <part node="0>0|4|13|13" startTime="13.840"  endTime="17.000"  visibility="true"/>
            <part node="0>0|4|13|14" startTime="0.000"  endTime="13.900"   visibility="false"/>
            <part node="0>0|4|13|14" startTime="13.900"  endTime="17.000"  visibility="true"/>
            <part node="0>0|4|13|15" startTime="0.000"  endTime="13.960"   visibility="false"/>
            <part node="0>0|4|13|15" startTime="13.960"  endTime="17.000"  visibility="true"/>
            <part node="0>0|5|14" startTime="0.000"  endTime="14.001"   visibility="false"/>
            <part node="0>0|5|14" startTime="14.001"  endTime="17.000"  visibility="true"/>
            <part node="0>0|4|14|0" startTime="0.000"  endTime="14.060"   visibility="false"/>
            <part node="0>0|4|14|0" startTime="14.060"  endTime="17.000"  visibility="true"/>
            <part node="0>0|4|14|1" startTime="0.000"  endTime="14.120"   visibility="false"/>
            <part node="0>0|4|14|1" startTime="14.120"  endTime="17.000"  visibility="true"/>
            <part node="0>0|4|14|2" startTime="0.000"  endTime="14.180"   visibility="false"/>
            <part node="0>0|4|14|2" startTime="14.180"  endTime="17.000"  visibility="true"/>
            <part node="0>0|4|14|3" startTime="0.000"  endTime="14.240"   visibility="false"/>
            <part node="0>0|4|14|3" startTime="14.240"  endTime="17.000"  visibility="true"/>
            <part node="0>0|4|14|4" startTime="0.000"  endTime="14.300"   visibility="false"/>
            <part node="0>0|4|14|4" startTime="14.300"  endTime="17.000"  visibility="true"/>
            <part node="0>0|4|14|5" startTime="0.000"  endTime="14.360"   visibility="false"/>
            <part node="0>0|4|14|5" startTime="14.360"  endTime="17.000"  visibility="true"/>
            <part node="0>0|4|14|6" startTime="0.000"  endTime="14.400"   visibility="false"/>
            <part node="0>0|4|14|6" startTime="14.400"  endTime="17.000"  visibility="true"/>
            <part node="0>0|4|14|7" startTime="0.000"  endTime="14.460"   visibility="false"/>
            <part node="0>0|4|14|7" startTime="14.460"  endTime="17.000"  visibility="true"/>
            <part node="0>0|4|14|8" startTime="0.000"  endTime="14.540"   visibility="false"/>
            <part node="0>0|4|14|8" startTime="14.540"  endTime="17.000"  visibility="true"/>
            <part node="0>0|4|14|9" startTime="0.000"  endTime="14.600"   visibility="false"/>
            <part node="0>0|4|14|9" startTime="14.600"  endTime="17.000"  visibility="true"/>
            <part node="0>0|4|14|10" startTime="0.000"  endTime="14.660"   visibility="false"/>
            <part node="0>0|4|14|10" startTime="14.660"  endTime="17.000"  visibility="true"/>
            <part node="0>0|4|14|11" startTime="0.000"  endTime="14.720"   visibility="false"/>
            <part node="0>0|4|14|11" startTime="14.720"  endTime="17.000"  visibility="true"/>
            <part node="0>0|4|14|12" startTime="0.000"  endTime="14.780"   visibility="false"/>
            <part node="0>0|4|14|12" startTime="14.780"  endTime="17.000"  visibility="true"/>
            <part node="0>0|4|14|13" startTime="0.000"  endTime="14.840"   visibility="false"/>
            <part node="0>0|4|14|13" startTime="14.840"  endTime="17.000"  visibility="true"/>
            <part node="0>0|4|14|14" startTime="0.000"  endTime="14.900"   visibility="false"/>
            <part node="0>0|4|14|14" startTime="14.900"  endTime="17.000"  visibility="true"/>
            <part node="0>0|4|14|15" startTime="0.000"  endTime="14.960"   visibility="false"/>
            <part node="0>0|4|14|15" startTime="14.960"  endTime="17.000"  visibility="true"/>
            <part node="0>0|5|15" startTime="0.000"  endTime="15.001"   visibility="false"/>
            <part node="0>0|5|15" startTime="15.001"  endTime="17.000"  visibility="true"/>
            <part node="0>0|4|15|0" startTime="0.000"  endTime="15.060"   visibility="false"/>
            <part node="0>0|4|15|0" startTime="15.060"  endTime="17.000"  visibility="true"/>
            <part node="0>0|4|15|1" startTime="0.000"  endTime="15.120"   visibility="false"/>
            <part node="0>0|4|15|1" startTime="15.120"  endTime="17.000"  visibility="true"/>
            <part node="0>0|4|15|2" startTime="0.000"  endTime="15.180"   visibility="false"/>
            <part node="0>0|4|15|2" startTime="15.180"  endTime="17.000"  visibility="true"/>
            <part node="0>0|4|15|3" startTime="0.000"  endTime="15.240"   visibility="false"/>
            <part node="0>0|4|15|3" startTime="15.240"  endTime="17.000"  visibility="true"/>
            <part node="0>0|4|15|4" startTime="0.000"  endTime="15.300"   visibility="false"/>
            <part node="0>0|4|15|4" startTime="15.300"  endTime="17.000"  visibility="true"/>
            <part node="0>0|4|15|5" startTime="0.000"  endTime="15.360"   visibility="false"/>
            <part node="0>0|4|15|5" startTime="15.360"  endTime="17.000"  visibility="true"/>
            <part node="0>0|4|15|6" startTime="0.000"  endTime="15.400"   visibility="false"/>
            <part node="0>0|4|15|6" startTime="15.400"  endTime="17.000"  visibility="true"/>
            <part node="0>0|4|15|7" startTime="0.000"  endTime="15.460"   visibility="false"/>
            <part node="0>0|4|15|7" startTime="15.460"  endTime="17.000"  visibility="true"/>
            <part node="0>0|4|15|8" startTime="0.000"  endTime="15.540"   visibility="false"/>
            <part node="0>0|4|15|8" startTime="15.540"  endTime="17.000"  visibility="true"/>
            <part node="0>0|4|15|9" startTime="0.000"  endTime="15.600"   visibility="false"/>
            <part node="0>0|4|15|9" startTime="15.600"  endTime="17.000"  visibility="true"/>
            <part node="0>0|4|15|10" startTime="0.000"  endTime="15.660"   visibility="false"/>
            <part node="0>0|4|15|10" startTime="15.660"  endTime="17.000"  visibility="true"/>
            <part node="0>0|4|15|11" startTime="0.000"  endTime="15.720"   visibility="false"/>
            <part node="0>0|4|15|11" startTime="15.720"  endTime="17.000"  visibility="true"/>
            <part node="0>0|4|15|12" startTime="0.000"  endTime="15.780"   visibility="false"/>
            <part node="0>0|4|15|12" startTime="15.780"  endTime="17.000"  visibility="true"/>
            <part node="0>0|4|15|13" startTime="0.000"  endTime="15.840"   visibility="false"/>
            <part node="0>0|4|15|13" startTime="15.840"  endTime="17.000"  visibility="true"/>
            <part node="0>0|4|15|14" startTime="0.000"  endTime="15.900"   visibility="false"/>
            <part node="0>0|4|15|14" startTime="15.900"  endTime="17.000"  visibility="true"/>
            <part node="0>0|4|15|15" startTime="0.000"  endTime="15.960"   visibility="false"/>
            <part node="0>0|4|15|15" startTime="15.960"  endTime="17.000"  visibility="true"/>
            <part node="0>0|5|16" startTime="0.000"  endTime="16.001"   visibility="false"/>
            <part node="0>0|5|16" startTime="16.001"  endTime="17.000"  visibility="true"/>
            <part node="0>0|4|16|0" startTime="0.000"  endTime="16.060"   visibility="false"/>
            <part node="0>0|4|16|0" startTime="16.060"  endTime="17.000"  visibility="true"/>
            <part node="0>0|4|16|1" startTime="0.000"  endTime="16.120"   visibility="false"/>
            <part node="0>0|4|16|1" startTime="16.120"  endTime="17.000"  visibility="true"/>
            <part node="0>0|4|16|2" startTime="0.000"  endTime="16.180"   visibility="false"/>
            <part node="0>0|4|16|2" startTime="16.180"  endTime="17.000"  visibility="true"/>
            <part node="0>0|4|16|3" startTime="0.000"  endTime="16.240"   visibility="false"/>
            <part node="0>0|4|16|3" startTime="16.240"  endTime="17.000"  visibility="true"/>
            <part node="0>0|4|16|4" startTime="0.000"  endTime="16.300"   visibility="false"/>
            <part node="0>0|4|16|4" startTime="16.300"  endTime="17.000"  visibility="true"/>
            <part node="0>0|4|16|5" startTime="0.000"  endTime="16.360"   visibility="false"/>
            <part node="0>0|4|16|5" startTime="16.360"  endTime="17.000"  visibility="true"/>
            <part node="0>0|4|16|6" startTime="0.000"  endTime="16.400"   visibility="false"/>
            <part node="0>0|4|16|6" startTime="16.400"  endTime="17.000"  visibility="true"/>
            <part node="0>0|4|16|7" startTime="0.000"  endTime="16.460"   visibility="false"/>
            <part node="0>0|4|16|7" startTime="16.460"  endTime="17.000"  visibility="true"/>
            <part node="0>0|4|16|8" startTime="0.000"  endTime="16.540"   visibility="false"/>
            <part node="0>0|4|16|8" startTime="16.540"  endTime="17.000"  visibility="true"/>
            <part node="0>0|4|16|9" startTime="0.000"  endTime="16.600"   visibility="false"/>
            <part node="0>0|4|16|9" startTime="16.600"  endTime="17.000"  visibility="true"/>
            <part node="0>0|4|16|10" startTime="0.000"  endTime="16.660"   visibility="false"/>
            <part node="0>0|4|16|10" startTime="16.660"  endTime="17.000"  visibility="true"/>
            <part node="0>0|4|16|11" startTime="0.000"  endTime="16.720"   visibility="false"/>
            <part node="0>0|4|16|11" startTime="16.720"  endTime="17.000"  visibility="true"/>
            <part node="0>0|4|16|12" startTime="0.000"  endTime="16.780"   visibility="false"/>
            <part node="0>0|4|16|12" startTime="16.780"  endTime="17.000"  visibility="true"/>
            <part node="0>0|4|16|13" startTime="0.000"  endTime="16.840"   visibility="false"/>
            <part node="0>0|4|16|13" startTime="16.840"  endTime="17.000"  visibility="true"/>
            <part node="0>0|4|16|14" startTime="0.000"  endTime="16.900"   visibility="false"/>
            <part node="0>0|4|16|14" startTime="16.900"  endTime="17.000"  visibility="true"/>
            <part node="0>0|4|16|15" startTime="0.000"  endTime="16.960"   visibility="false"/>
            <part node="0>0|4|16|15" startTime="16.960"  endTime="17.000"  visibility="true"/>
        </animation>
    </animations>

    <fillUnit>
        <fillUnitConfigurations>
            <fillUnitConfiguration>
                <fillUnits>
                    <fillUnit unitTextOverride="$l10n_unit_literShort" fillTypeCategories="PRODUCT PIECE" capacity="34000" allowAILoading="true">
                        <exactFillRootNode node="exactFillRootNode"/>
                        <!-- <autoAimTargetNode node="exactFillRootNode" /> -->
                        <dashboard displayType="ANIMATION" valueType="fillLevel" animName="productosAnimation"/>
                    </fillUnit>
					<unloading width="10" offset="0 0 -5"/>
                </fillUnits>
                <objectChange node="0>0|4" visibilityActive="true" visibilityInactive="false"/>
            </fillUnitConfiguration>
        </fillUnitConfigurations>
    </fillUnit>
	
	<!-- <fillUnit>
        <fillUnitConfigurations>
            <fillUnitConfiguration>
                <fillUnits>
                    <fillUnit unitTextOverride="$l10n_unit_literShort" fillTypes="CHEESE" capacity="20000">
                        <exactFillRootNode node="0>0|3|1"/>
						<dashboard displayType="ANIMATION" valueType="fillLevel" animName="cheeseAnimation"/>
                    </fillUnit>
                </fillUnits>
                <objectChange node="0>0|4" visibilityActive="true" visibilityInactive="false"/>
				<objectChange node="logo" visibilityActive="true" visibilityInactive="false"/>
            </fillUnitConfiguration>
        </fillUnitConfigurations>
    </fillUnit> -->

	<dischargeable requiresTipOcclusionArea="false">
        <dischargeNode node="dischargeNode" emptySpeed="1000" fillUnitIndex="1" unloadInfoIndex="1" maxDistance="6" canStartDischargeAutomatically="true" allowAIDischarge="true">
            <trigger node="dischargeTrigger"/>
        </dischargeNode>
    </dischargeable>

    <foliageBending>
        <bendingNode minX="-1.35" maxX="1.35" minZ="-3.5" maxZ="4.1" yOffset="0.2"/>
    </foliageBending>

    <baseMaterial>
        <material name="erShaba_mat" baseNode="plataforma_vis">
            <shaderParameter name="colorMat0" value="0.2550 0.1450 0.0550 0"/>
        </material>
    </baseMaterial>

    <baseMaterialConfigurations useDefaultColors="false" price="1000">
		<baseMaterialConfiguration name="$l10n_satinBrown" color="0.2550 0.1450 0.0550" material="27" />
		<baseMaterialConfiguration name="$l10n_satinWhite" color="CLAAS_WHITE1" material="27" price="1000" />
		<baseMaterialConfiguration name="$l10n_satinBlue" color="0.0000 0.4048 0.7520 0" material="27" price="1000"/>
		<baseMaterialConfiguration name="$l10n_satinGreen" color="0.0075 0.276 0.053 0" material="27" price="1000"/>
		<baseMaterialConfiguration name="$l10n_satinRed" color="0.5608 0.0039 0.0039 0" material="27" price="1000"/>
		<baseMaterialConfiguration name="$l10n_satinBlack" color="DEUTZ_BLACK1" material="27" price="1000"/>
		<baseMaterialConfiguration name="$l10n_satinOrange" color="0.7680 0.2090 0.0370 0" material="27" price="1000"/>
		<baseMaterialConfiguration name="$l10n_satinYellow" color="JOHNDEERE_YELLOW1" material="27" price="1000"/>
		<baseMaterialConfiguration name="$l10n_satinPink" color="0.5925 0.187 0.3725 0" material="27" price="1000"/>
		<baseMaterialConfiguration name="$l10n_satinGray" color="0.1220 0.1200 0.1200 0" material="27" price="1000"/>
            <material name="erShaba_mat" shaderParameter="colorMat0"/>
    </baseMaterialConfigurations>
	
    <wearable wearDuration="480" workMultiplier="5" fieldMultiplier="2"/>
    <washable dirtDuration="90" washDuration="1" workMultiplier="3" fieldMultiplier="2"/>
	
    <i3dMappings>
        <i3dMapping id="plataforma_main_component1" node="0>"/>
        <i3dMapping id="plataforma_vis" node="0>0"/>
        <i3dMapping id="rulo1" node="0>0|0"/>
        <i3dMapping id="rulo2" node="0>0|1"/>
        <i3dMapping id="attacherJoint" node="0>0|2"/>
        <i3dMapping id="exactFillRootNode" node="0>0|3|1"/>
        <i3dMapping id="dischargeTrigger" node="0>1|4"/>
        <i3dMapping id="dischargeNode" node="0>1|6"/>
    </i3dMappings>
	
</vehicle>
