<?xml version="1.0" encoding="utf-8" standalone="no" ?>
<crawler>
    <file name="Tracks/Track.i3d" leftNode="0|0" rightNode="0|1"/>
     <scrollerNodes>
        <scrollerNode node="0" scrollSpeed="-0.145" scrollLength="1" shaderParameterName="scrollPosition" shaderParameterComponent="1"/>
    </scrollerNodes>
    <rotatingParts>
        <rotatingPart node="1" radius="0.53" />
        <rotatingPart node="2" radius="0.32" />
        <rotatingPart node="3" radius="0.32" />
        <rotatingPart node="4" radius="0.16" />
        <rotatingPart node="5" radius="0.16" />
        <rotatingPart node="6" radius="0.16" />
    </rotatingParts>
	<rimColorNodes>
        <rimColorNode node="1|0" shaderParameter="colorMat0"/>
        <rimColorNode node="1|0" shaderParameter="colorMat1"/>
        <rimColorNode node="1|0" shaderParameter="colorMat2"/>
        <rimColorNode node="1|0" shaderParameter="colorMat3"/>
        <rimColorNode node="1|0" shaderParameter="colorMat4"/>
        <rimColorNode node="1|0" shaderParameter="colorMat5"/> 
	  <rimColorNode node="1|0" shaderParameter="colorMat6"/> 
	  <rimColorNode node="1|0" shaderParameter="colorMat7"/> 
    </rimColorNodes>
</crawler>
