﻿<?xml version="1.0" encoding="utf-8" standalone="no" ?>
<modDesc descVersion="69">
    <author>RL Modding</author>
    <version>1.0.0.0</version>
    <title>
        <en>Fueltank Emiliana Serbatoi</en>
        <de>Dieseltank Emiliana Serbatoi</de>
        <it>Cisterna Gasolio Emiliana Serbatoi</it>
		<fr>Réservoir D'Essence Emiliana Serbatoi</fr>
    </title>
    <description>
        <en>
            <![CDATA[The placeable tank allows you to refuel your vehicles directly on your farm.
Horizontal tank without roof: 2500 $
Horizontal tank with roof: 3000 $

Vertical tank without roof: 2400 $
Vertical tank with roof: 2900 $
]]>
        </en>
		<de>
			<![CDATA[Mit dem platzierbaren Tank können Sie Ihre Fahrzeuge direkt in Ihrem Garten betanken.
Horizontaler Tank ohne Dach: 2500 €
Horizontaler Tank mit Dach: 3000 €

Vertikaler Tank ohne Dach: 2400 €
Vertikaler Tank mit Dach: 2900 €
]]>
		</de>
		<fr>
			<![CDATA[Le réservoir placable vous permet de faire le plein de vos véhicules directement sur votre ferme.
Réservoir horizontale sans toit: 2500 €
Réservoir horizontal avec toit : 3000 €

Réservoir vertical sans toit : 2400 €
Réservoir vertical avec toit : 2900 €
]]>
		</fr>
    </description>
    <iconFilename>icon_fuelTankItalyES.png</iconFilename>
    <multiplayer supported="true" />


    <storeItems>
		<storeItem xmlFilename="placeables/fuelTankHorizontal_roof_new.xml"/>
		<storeItem xmlFilename="placeables/fuelTankHorizontal_NOroof_new.xml"/>
		<storeItem xmlFilename="placeables/fuelTankVertical_roof_new.xml"/>
		<storeItem xmlFilename="placeables/fuelTankVertical_NOroof_new.xml"/>
    </storeItems>

	<brands>
		<brand name="emilianaSerbatoi" title="Emiliana Serbatoi" image="brand_emilianaSerbatoi.png"/>
	</brands>

	<l10n>
		<!--Horizontal-->
		<text name="shopItem_fuelTankHorizontal_roof_new">
            <en>Horizontal diesel tank with roof</en>
            <de>Liegender Dieseltank mit Dach</de>
			<fr>Réservoir diesel horizontal avec toit</fr>
			<it>Cisterna Gasolio orizzontale con tetto</it>
        </text>
		<text name="shopItem_fuelTankHorizontal_NOroof_new">
            <en>Horizontal diesel tank without roof</en>
            <de>Liegender Dieseltank ohne Dach</de>
			<fr>Réservoir diesel horizontal sans toit</fr>
			<it>Cisterna Gasolio orizzontale senza tetto</it>
        </text>
		<!--/Horizontal-->
		
		<!--Vertical-->
		<text name="shopItem_fuelTankVertical_roof_new">
            <en>Vertical diesel tank with roof</en>
            <de>Vertikaler Dieseltank mit Dach</de>
			<fr>Réservoir diesel vertical avec toit</fr>
			<it>Cisterna Gasolio verticale con tetto</it>
        </text>
		<text name="shopItem_fuelTankVertical_NOroof_new">
            <en>Vertical diesel tank without roof</en>
            <de>Vertikaler Dieseltank ohne Dach</de>
			<fr>Réservoir diesel vertical sans toit</fr>
			<it>Cisterna Gasolio verticale senza tetto</it>
        </text>
		<!--/Vertical-->
		
		<text name="stationName_fueltank">
            <en>Diesel tank</en>
            <de>Dieseltank</de>
			<fr>Réservoir diesel</fr>
			<it>Cisterna Gasolio</it>
        </text>
	</l10n>
</modDesc>
