﻿<?xml version="1.0" encoding="utf-8" standalone="no" ?>
<vehicle type="implementDynamicMountAttacher" xmlns:xsi="http://www.w3.org/2001/XMLSchema-instance" xsi:noNamespaceSchemaLocation="https://validation.gdn.giants-software.com/xml/schema/vehicle.xsd">
    <annotation>Copyright (C) DD ModPassion, All Rights Reserved.</annotation>
    <storeData>
        <name>$l10n_name_adattatore</name>
        <specs>
            <combination filterCategory="skidSteerVehicles"/>
        </specs>
        <functions>
            <function>$l10n_function_adapterS</function>
        </functions>
        <image>image/store_adattatore_skidSteers.png</image>
        <price>250</price>
        <lifetime>600</lifetime>
        <rotation>0</rotation>
        <brand>CSZ</brand>
        <category>skidSteerTools</category>
        <shopDynamicTitle>true</shopDynamicTitle>
        <shopTranslationOffset>0 0.05 0</shopTranslationOffset>
        <shopLoadingDelay initial="0.4"/>
        <vertexBufferMemoryUsage>424448</vertexBufferMemoryUsage>
        <indexBufferMemoryUsage>70400</indexBufferMemoryUsage>
        <textureMemoryUsage>458752</textureMemoryUsage>
        <audioMemoryUsage>0</audioMemoryUsage>
        <instanceVertexBufferMemoryUsage>0</instanceVertexBufferMemoryUsage>
        <instanceIndexBufferMemoryUsage>0</instanceIndexBufferMemoryUsage>
    </storeData>
    <base>
        <typeDesc>$l10n_typeDesc_adattatore</typeDesc>
        <filename>filename/adattatore.i3d</filename>
        <size width="1.5" length="1"/>
        <components>
            <component centerOfMass="0 0.1 0" solverIterationCount="10" mass="50"/>
        </components>
        <schemaOverlay attacherJointPosition="0 0" name="IMPLEMENT"/>
        <mapHotspot type="TOOL"/>
    </base>
    <configurationSets title="$l10n_configuration_attacherJoint">
        <configurationSet name="$l10n_name_adattatoreS">
            <configuration name="inputAttacherJoint" index="1"/>
            <configuration name="attacherJoint"      index="1"/>
        </configurationSet>
        <configurationSet name="$l10n_name_adattatoreSF">
            <configuration name="inputAttacherJoint" index="1"/>
            <configuration name="attacherJoint"      index="2"/>
        </configurationSet>
        <configurationSet name="$l10n_name_adattatoreFS">
            <configuration name="inputAttacherJoint" index="2"/>
            <configuration name="attacherJoint"      index="3"/>
        </configurationSet>
        <configurationSet name="$l10n_name_adattatoreFT">
            <configuration name="inputAttacherJoint" index="2"/>
            <configuration name="attacherJoint"      index="4"/>
        </configurationSet>
        <configurationSet name="$l10n_name_adattatoreT">
            <configuration name="inputAttacherJoint" index="3"/>
            <configuration name="attacherJoint"      index="5"/>
        </configurationSet>
        <configurationSet name="$l10n_name_adattatoreTF">
            <configuration name="inputAttacherJoint" index="3"/>
            <configuration name="attacherJoint"      index="6"/>
        </configurationSet>
        <configurationSet name="$l10n_name_adattatoreTW">
            <configuration name="inputAttacherJoint" index="3"/>
            <configuration name="attacherJoint"      index="7"/>
        </configurationSet>
        <configurationSet name="$l10n_name_adattatoreWT">
            <configuration name="inputAttacherJoint" index="4"/>
            <configuration name="attacherJoint"      index="8"/>
        </configurationSet>
    </configurationSets>
    <attachable>
        <inputAttacherJointConfigurations title="$l10n_configuration_inputAttacherJoint">
            <inputAttacherJointConfiguration name="$l10n_configuration_inputAttacherSkidSteer" vehicleBrand="CSZ_skidSteers">
                <inputAttacherJoint node="0>1|0" jointType="skidSteer"/>
                <objectChange node="0>1" scaleActive="1 1 1" visibilityActive="true" scaleInactive="0 0 0" visibilityInactive="false"/>
            </inputAttacherJointConfiguration>
            <inputAttacherJointConfiguration name="$l10n_configuration_inputAttacherFrontLoader" vehicleBrand="CSZ_frontLoaders">
                <inputAttacherJoint node="0>2|0" jointType="frontloader"/>
                <objectChange node="0>2" scaleActive="1 1 1" visibilityActive="true" scaleInactive="0 0 0" visibilityInactive="false"/>
            </inputAttacherJointConfiguration>
            <inputAttacherJointConfiguration name="$l10n_configuration_inputAttacherTeleLoaders" vehicleBrand="CSZ_teleLoaders">
                <inputAttacherJoint node="0>3|0" jointType="telehandler"/>
                <objectChange node="0>3" scaleActive="1 1 1" visibilityActive="true" scaleInactive="0 0 0" visibilityInactive="false"/>
            </inputAttacherJointConfiguration>
            <inputAttacherJointConfiguration name="$l10n_configuration_inputAttacherWheelLoader" vehicleBrand="CSZ_wheelLoaders">
                <inputAttacherJoint node="0>4|0" jointType="wheelLoader"/>
                <objectChange node="0>4" scaleActive="1 1 1" visibilityActive="true" scaleInactive="0 0 0" visibilityInactive="false"/>
            </inputAttacherJointConfiguration>
        </inputAttacherJointConfigurations>
        <inputAttacherJoints>
            <inputAttacherJoint node="0>0" jointType="loaderFork"/>
        </inputAttacherJoints>
        <toolCameras>
            <toolCamera node="0>0|2|1|0" rotatable="true" rotateNode="0>0|2|1" limit="true" useWorldXZRotation="true" rotMinX="-1.4" rotMaxX="1" transMin="1.5" transMax="18" translation="0 0 5.5" rotation="-17.5 180 0">
                <raycastNode node="0>0|2|1"/>
                <raycastNode node="0>0|2|2"/>
                <raycastNode node="0>0|2|3"/>
            </toolCamera>
        </toolCameras>
    </attachable>
    <attacherJoints>
        <attacherJointConfigurations>
            <attacherJointConfiguration name="$l10n_configuration_inputAttacher3Point" vehicleIcon="image/store_adattatore_skidSteers.png" connectionHoseConfigId="1">
                <attacherJoint node="0>1|4|0" jointType="implement" allowsJointLimitMovement="false" allowsLowering="false" rotLimitSpring="7500 7500 7500" rotLimitDamping="2 2 2" transLimitSpring="7500 7500 7500" transLimitDamping="5 5 5">
                    <topArm baseNode="0>1|4|2" filename="$data/shared/assets/upperLinks/walterscheid01.i3d" zScale="-1"/>
                    <schema position="1 0" rotation="0" invertX="false"/>
                </attacherJoint>
                <objectChange node="0>1|1" visibilityActive="false"/>
                <objectChange node="0>1|4" visibilityActive="true"/>
            </attacherJointConfiguration>
            <attacherJointConfiguration name="$l10n_configuration_inputAttacherFrontLoader" vehicleIcon="image/store_adattatoreFrontLoaders_skidSteers.png" connectionHoseConfigId="1">
                <attacherJoint node="0>1|1|0" jointType="frontloader" allowsJointLimitMovement="false" allowsLowering="false" rotLimitSpring="7500 7500 7500" rotLimitDamping="2 2 2" transLimitSpring="7500 7500 7500" transLimitDamping="5 5 5">
                    <schema position="1 0" rotation="0" invertX="false"/>
                </attacherJoint>
                <objectChange node="0>1|1" visibilityActive="true"/>
                <objectChange node="0>1|4" visibilityActive="false"/>
            </attacherJointConfiguration>
            <attacherJointConfiguration name="$l10n_configuration_inputAttacherSkidSteer" vehicleIcon="image/store_adattatoreSkidSteers_frontLoaders.png" connectionHoseConfigId="2">
                <attacherJoint node="0>2|1|0" jointType="skidSteer" allowsJointLimitMovement="false" allowsLowering="false" rotLimitSpring="7500 7500 7500" rotLimitDamping="2 2 2" transLimitSpring="7500 7500 7500" transLimitDamping="5 5 5">
                    <schema position="1 0" rotation="0" invertX="false"/>
                </attacherJoint>
                <objectChange node="0>2|1" visibilityActive="true"/>
                <objectChange node="0>2|2" visibilityActive="false"/>
            </attacherJointConfiguration>
            <attacherJointConfiguration name="$l10n_configuration_inputAttacherTeleLoaders" vehicleIcon="image/store_adattatoreTeleLoaders_frontLoaders.png" connectionHoseConfigId="2">
                <attacherJoint node="0>2|2|0" jointType="telehandler" allowsJointLimitMovement="false" allowsLowering="false" rotLimitSpring="7500 7500 7500" rotLimitDamping="2 2 2" transLimitSpring="7500 7500 7500" transLimitDamping="5 5 5">
                    <schema position="1 0" rotation="0" invertX="false"/>
                </attacherJoint>
                <objectChange node="0>2|1" visibilityActive="false"/>
                <objectChange node="0>2|2" visibilityActive="true"/>
            </attacherJointConfiguration>
            <attacherJointConfiguration name="$l10n_configuration_inputAttacher3Point" vehicleIcon="image/store_adattatore_teleLoaders.png" connectionHoseConfigId="3">
                <attacherJoint node="0>3|4|0" jointType="implement" allowsJointLimitMovement="false" allowsLowering="false" rotLimitSpring="7500 7500 7500" rotLimitDamping="2 2 2" transLimitSpring="7500 7500 7500" transLimitDamping="5 5 5">
                    <topArm baseNode="0>3|4|2" filename="$data/shared/assets/upperLinks/walterscheid01.i3d" zScale="-1"/>
                    <schema position="1 0" rotation="0" invertX="false"/>
                </attacherJoint>
                <objectChange node="0>3|1" visibilityActive="false"/>
                <objectChange node="0>3|2" visibilityActive="false"/>
                <objectChange node="0>3|4" visibilityActive="true"/>
                <objectChange node="0>3|3" translationActive="0.265 0.565 -0.05"/>
                <objectChange node="0>3|3|0|2|2" translationActive="-0.45 -0.555 -0.1"/>
            </attacherJointConfiguration>
            <attacherJointConfiguration name="$l10n_configuration_inputAttacherFrontLoader" vehicleIcon="image/store_adattatoreFrontLoaders_teleLoaders.png" connectionHoseConfigId="3">
                <attacherJoint node="0>3|1|0" jointType="frontloader" allowsJointLimitMovement="false" allowsLowering="false" rotLimitSpring="7500 7500 7500" rotLimitDamping="2 2 2" transLimitSpring="7500 7500 7500" transLimitDamping="5 5 5">
                    <schema position="1 0" rotation="0" invertX="false"/>
                </attacherJoint>
                <objectChange node="0>3|1" visibilityActive="true"/>
                <objectChange node="0>3|2" visibilityActive="false"/>
                <objectChange node="0>3|4" visibilityActive="false"/>
                <objectChange node="0>3|3" translationActive="0.265 0.565 -0.05"/>
                <objectChange node="0>3|3|0|2|2" translationActive="-0.45 -0.555 -0.1"/>
            </attacherJointConfiguration>
            <attacherJointConfiguration name="$l10n_configuration_inputAttacherWheelLoader" vehicleIcon="image/store_adattatoreWheelLoaders_teleLoaders.png" connectionHoseConfigId="3">
                <attacherJoint node="0>3|2|0" jointType="wheelLoader" allowsJointLimitMovement="false" allowsLowering="false" rotLimitSpring="7500 7500 7500" rotLimitDamping="2 2 2" transLimitSpring="7500 7500 7500" transLimitDamping="5 5 5">
                    <schema position="1 0" rotation="0" invertX="false"/>
                </attacherJoint>
                <objectChange node="0>3|1" visibilityActive="false"/>
                <objectChange node="0>3|2" visibilityActive="true"/>
                <objectChange node="0>3|4" visibilityActive="false"/>
                <objectChange node="0>3|3" translationActive="0.265 0.785 0.05"/>
                <objectChange node="0>3|3|0|2|2" translationActive="-0.45 -0.775 -0.1"/>
            </attacherJointConfiguration>
            <attacherJointConfiguration name="$l10n_configuration_inputAttacherTeleLoaders" vehicleIcon="image/store_adattatoreTeleLoaders_wheelLoaders.png" connectionHoseConfigId="4">
                <attacherJoint node="0>4|1|0" jointType="telehandler" allowsJointLimitMovement="false" allowsLowering="false" rotLimitSpring="7500 7500 7500" rotLimitDamping="2 2 2" transLimitSpring="7500 7500 7500" transLimitDamping="5 5 5">
                    <schema position="1 0" rotation="0" invertX="false"/>
                </attacherJoint>
            </attacherJointConfiguration>
        </attacherJointConfigurations>
        <sounds>
            <attach template="ATTACH_01" linkNode="0>"/>
            <hydraulic template="defaultHydraulicSound" linkNode="0>"/>
        </sounds>
    </attacherJoints>
    <connectionHoses>
        <connectionHoseConfigurations>
            <connectionHoseConfiguration>
                <hose inputAttacherJointIndices="2" type="hydraulicIn" node="0>1|3|0|0" adapterNode="0>1|3|0|2|2|0" length="0.4" diameter="0.02" isTwoPointHose="true">
                    <objectChange node="0>1|3|0|2" visibilityActive="false" visibilityInactive="true"/>
                </hose>
                <hose inputAttacherJointIndices="2" type="hydraulicOut" node="0>1|3|0|1" adapterNode="0>1|3|0|2|2|1" length="0.4" diameter="0.02" isTwoPointHose="true"/>
                <localHose>
                    <hose type="hydraulicIn" node="0>1|3|0|2|0" length="0.4" diameter="0.02" isTwoPointHose="true"/>
                    <target type="none" node="0>1|3|0|2|2|0"/>
                </localHose>
                <localHose>
                    <hose type="hydraulicOut" node="0>1|3|0|2|1" length="0.4" diameter="0.02" isTwoPointHose="true"/>
                    <target type="none" node="0>1|3|0|2|2|1"/>
                </localHose>
                <target attacherJointIndices="1" type="hydraulicIn" node="0>1|3|2|0" socket="hydraulic01"/>
                <target attacherJointIndices="1" type="hydraulicOut" node="0>1|3|2|1" socket="hydraulic01"/>
            </connectionHoseConfiguration>
            <connectionHoseConfiguration>
                <hose inputAttacherJointIndices="2" type="hydraulicIn" node="0>2|3|0|0" adapterNode="0>2|3|0|2|2|0" length="0.4" diameter="0.02" isTwoPointHose="true">
                    <objectChange node="0>2|3|0|2" visibilityActive="false" visibilityInactive="true"/>
                </hose>
                <hose inputAttacherJointIndices="2" type="hydraulicOut" node="0>2|3|0|1" adapterNode="0>2|3|0|2|2|1" length="0.4" diameter="0.02" isTwoPointHose="true"/>
                <localHose>
                    <hose type="hydraulicIn" node="0>2|3|0|2|0" length="0.4" diameter="0.02" isTwoPointHose="true"/>
                    <target type="none" node="0>2|3|0|2|2|0"/>
                </localHose>
                <localHose>
                    <hose type="hydraulicOut" node="0>2|3|0|2|1" length="0.4" diameter="0.02" isTwoPointHose="true"/>
                    <target type="none" node="0>2|3|0|2|2|1"/>
                </localHose>
                <target attacherJointIndices="1" type="hydraulicIn" node="0>2|3|2|0" socket="hydraulic01"/>
                <target attacherJointIndices="1" type="hydraulicOut" node="0>2|3|2|1" socket="hydraulic01"/>
            </connectionHoseConfiguration>
            <connectionHoseConfiguration>
                <hose inputAttacherJointIndices="2" type="hydraulicIn" node="0>3|3|0|0" adapterNode="0>3|3|0|2|2|0" length="0.4" diameter="0.02" isTwoPointHose="true">
                    <objectChange node="0>3|3|0|2" visibilityActive="false" visibilityInactive="true"/>
                </hose>
                <hose inputAttacherJointIndices="2" type="hydraulicOut" node="0>3|3|0|1" adapterNode="0>3|3|0|2|2|1" length="0.4" diameter="0.02" isTwoPointHose="true"/>
                <localHose>
                    <hose type="hydraulicIn" node="0>3|3|0|2|0" length="0.4" diameter="0.02" isTwoPointHose="true"/>
                    <target type="none" node="0>3|3|0|2|2|0"/>
                </localHose>
                <localHose>
                    <hose type="hydraulicOut" node="0>3|3|0|2|1" length="0.4" diameter="0.02" isTwoPointHose="true"/>
                    <target type="none" node="0>3|3|0|2|2|1"/>
                </localHose>
                <target attacherJointIndices="1" type="hydraulicIn" node="0>3|3|2|0" socket="hydraulic01"/>
                <target attacherJointIndices="1" type="hydraulicOut" node="0>3|3|2|1" socket="hydraulic01"/>
            </connectionHoseConfiguration>
            <connectionHoseConfiguration>
                <hose inputAttacherJointIndices="2" type="hydraulicIn" node="0>4|3|0|0" adapterNode="0>4|3|0|2|2|0" length="0.4" diameter="0.02" isTwoPointHose="true">
                    <objectChange node="0>4|3|0|2" visibilityActive="false" visibilityInactive="true"/>
                </hose>
                <hose inputAttacherJointIndices="2" type="hydraulicOut" node="0>4|3|0|1" adapterNode="0>4|3|0|2|2|1" length="0.4" diameter="0.02" isTwoPointHose="true"/>
                <localHose>
                    <hose type="hydraulicIn" node="0>4|3|0|2|0" length="0.4" diameter="0.02" isTwoPointHose="true"/>
                    <target type="none" node="0>4|3|0|2|2|0"/>
                </localHose>
                <localHose>
                    <hose type="hydraulicOut" node="0>4|3|0|2|1" length="0.4" diameter="0.02" isTwoPointHose="true"/>
                    <target type="none" node="0>4|3|0|2|2|1"/>
                </localHose>
                <target attacherJointIndices="1" type="hydraulicIn" node="0>4|3|2|0" socket="hydraulic01"/>
                <target attacherJointIndices="1" type="hydraulicOut" node="0>4|3|2|1" socket="hydraulic01"/>
            </connectionHoseConfiguration>
        </connectionHoseConfigurations>
    </connectionHoses>
    <ai>
        <agentAttachment width="1.25" height="1" length="1" lengthOffset="0.25"/>
    </ai>
    <tensionBeltObject>
        <meshNodes>
            <meshNode node="0>1|1|1"/>
            <meshNode node="0>1|3"/>
            <meshNode node="0>1|4|1"/>
            <meshNode node="0>2|1|1"/>
            <meshNode node="0>2|2|1"/>
            <meshNode node="0>2|3"/>
            <meshNode node="0>3|1|1"/>
            <meshNode node="0>3|2|1"/>
            <meshNode node="0>3|3"/>
            <meshNode node="0>3|4|1"/>
            <meshNode node="0>4|1|1"/>
            <meshNode node="0>4|3"/>
        </meshNodes>
    </tensionBeltObject>
    <foliageBending>
        <bendingNode minX="0.4" maxX="-0.4" minZ="0.1" maxZ="-0.1" yOffset="0.02"/>
    </foliageBending>
    <baseMaterial>
        <material name="CSZ_pack_mat" baseNode="0>5">
            <shaderParameter name="colorMat0" material="16" value="1 0 0"/>
        </material>
    </baseMaterial>
    <wearable wearDuration="480" workMultiplier="5" fieldMultiplier="2"/>
    <washable dirtDuration="90" washDuration="1" workMultiplier="6" fieldMultiplier="2"/>
</vehicle>
