﻿<?xml version="1.0" encoding="utf-8" standalone="no" ?>
<vehicle type="dynamicMountAttacherShovelLeveler_mixerWagon" xmlns:xsi="http://www.w3.org/2001/XMLSchema-instance" xsi:noNamespaceSchemaLocation="https://validation.gdn.giants-software.com/xml/schema/vehicle.xsd">
    <annotation>Copyright (C) DD ModPassion, All Rights Reserved.</annotation>
    <storeData>
        <name>$l10n_name_bennaDesilatrice</name>
        <specs>
            <combination filterCategory="skidSteerVehicles"/>
        </specs>
        <functions>
            <function>$l10n_function_frontloaderShovel</function>
        </functions>
        <storePacks>
            <storePack>STARTER_FORAGE</storePack>
        </storePacks>
        <image>image/store_bennaDesilatrice_skidSteers.png</image>
        <price>3700</price>
        <lifetime>600</lifetime>
        <rotation>0</rotation>
        <brand>CSZ</brand>
        <category>skidSteerTools</category>
        <shopDynamicTitle>true</shopDynamicTitle>
        <shopTranslationOffset>0 0.1 0</shopTranslationOffset>
        <shopLoadingDelay initial="1"/>
        <shopFoldingState>1</shopFoldingState>
        <vertexBufferMemoryUsage>765184</vertexBufferMemoryUsage>
        <indexBufferMemoryUsage>132352</indexBufferMemoryUsage>
        <textureMemoryUsage>458752</textureMemoryUsage>
        <audioMemoryUsage>0</audioMemoryUsage>
        <instanceVertexBufferMemoryUsage>0</instanceVertexBufferMemoryUsage>
        <instanceIndexBufferMemoryUsage>0</instanceIndexBufferMemoryUsage>
    </storeData>
    <base>
        <typeDesc>$l10n_typeDesc_bennaDesilatrice</typeDesc>
        <filename>filename/bennaDesilatrice.i3d</filename>
        <size width="3" length="2.5"/>
        <components>
            <component centerOfMass="0 0 0" solverIterationCount="10" mass="200"/>
            <component centerOfMass="0 0.3 1" solverIterationCount="10" mass="100"/>
            <joint component1="1" component2="2" node="0>5|0" rotLimit="34 0 0" transLimit="0 0 0" rotDriveVelocity="0 0 0" maxRotDriveForce="0.01 0 0"/>
        </components>
        <schemaOverlay attacherJointPosition="0 0" name="IMPLEMENT"/>
        <mapHotspot type="TOOL"/>
    </base>
    <attachable>
        <inputAttacherJointConfigurations>
            <inputAttacherJointConfiguration name="$l10n_configuration_inputAttacherSkidSteer" vehicleBrand="CSZ_skidSteers" vehicleIcon="image/store_bennaDesilatrice_skidSteers.png">
                <inputAttacherJoint node="0>1|0" jointType="skidSteer"/>
                <objectChange node="0>" massActive="200"/>
                <objectChange node="1>" massActive="100"/>
                <objectChange node="0>1" scaleActive="1 1 1" visibilityActive="true" scaleInactive="0 0 0" visibilityInactive="false"/>
                <objectChange node="0>1|2|0" compoundChildActive="true" compoundChildInactive="false"/>
                <objectChange node="0>1|2|1" compoundChildActive="true" compoundChildInactive="false"/>
                <objectChange node="0>1|2|2" compoundChildActive="true" compoundChildInactive="false"/>
                <objectChange node="0>1|2|3" compoundChildActive="true" compoundChildInactive="false"/>
                <objectChange node="0>1|2|4" compoundChildActive="true" compoundChildInactive="false"/>
                <objectChange node="0>1|2|5" compoundChildActive="true" compoundChildInactive="false"/>
                <objectChange node="0>1|2|6" compoundChildActive="true" compoundChildInactive="false"/>
                <objectChange node="0>0" scaleActive="1 0.6 0.65"/>
                <objectChange node="0>5" scaleActive="0.9 0.6 0.65"/>
                <objectChange node="1>0" translationActive="0 0.4086 0.2691" scaleActive="0.9 0.6 0.6"/>
                <objectChange node="1>1" scaleActive="0.95 0.8 0.8"/>
            </inputAttacherJointConfiguration>
            <inputAttacherJointConfiguration name="$l10n_configuration_inputAttacherFrontLoader" vehicleBrand="CSZ_frontLoaders" vehicleIcon="image/store_bennaDesilatrice_frontLoaders.png" price="200">
                <inputAttacherJoint node="0>2|0" jointType="frontloader"/>
                <objectChange node="0>" massActive="300"/>
                <objectChange node="1>" massActive="150"/>
                <objectChange node="0>2" scaleActive="1 1 1" visibilityActive="true" scaleInactive="0 0 0" visibilityInactive="false"/>
                <objectChange node="0>2|2|0" compoundChildActive="true" compoundChildInactive="false"/>
                <objectChange node="0>2|2|1" compoundChildActive="true" compoundChildInactive="false"/>
                <objectChange node="0>2|2|2" compoundChildActive="true" compoundChildInactive="false"/>
                <objectChange node="0>2|2|3" compoundChildActive="true" compoundChildInactive="false"/>
                <objectChange node="0>2|2|4" compoundChildActive="true" compoundChildInactive="false"/>
                <objectChange node="0>2|2|5" compoundChildActive="true" compoundChildInactive="false"/>
                <objectChange node="0>2|2|6" compoundChildActive="true" compoundChildInactive="false"/>
                <objectChange node="0>0" scaleActive="1 0.7 0.7"/>
                <objectChange node="0>5" scaleActive="1 0.7 0.7"/>
                <objectChange node="1>0" translationActive="0 0.4767 0.2898" scaleActive="1 0.7 0.7"/>
                <objectChange node="1>1" scaleActive="1 0.825 0.825"/>
            </inputAttacherJointConfiguration>
            <inputAttacherJointConfiguration name="$l10n_configuration_inputAttacherTeleLoaders" vehicleBrand="CSZ_teleLoaders" vehicleIcon="image/store_bennaDesilatrice_teleLoaders.png" price="400">
                <inputAttacherJoint node="0>3|0" jointType="telehandler"/>
                <objectChange node="0>" massActive="350"/>
                <objectChange node="1>" massActive="175"/>
                <objectChange node="0>3" scaleActive="1 1 1" visibilityActive="true" scaleInactive="0 0 0" visibilityInactive="false"/>
                <objectChange node="0>3|2|0" compoundChildActive="true" compoundChildInactive="false"/>
                <objectChange node="0>3|2|1" compoundChildActive="true" compoundChildInactive="false"/>
                <objectChange node="0>3|2|2" compoundChildActive="true" compoundChildInactive="false"/>
                <objectChange node="0>3|2|3" compoundChildActive="true" compoundChildInactive="false"/>
                <objectChange node="0>3|2|4" compoundChildActive="true" compoundChildInactive="false"/>
                <objectChange node="0>3|2|5" compoundChildActive="true" compoundChildInactive="false"/>
                <objectChange node="0>3|2|6" compoundChildActive="true" compoundChildInactive="false"/>
                <objectChange node="0>0" scaleActive="1 0.85 0.9"/>
                <objectChange node="0>5" scaleActive="1 0.85 0.9"/>
                <objectChange node="1>0" translationActive="0 0.57885 0.3726" scaleActive="1 0.9 0.9"/>
                <objectChange node="1>1" scaleActive="1 0.95 0.95"/>
            </inputAttacherJointConfiguration>
            <inputAttacherJointConfiguration name="$l10n_configuration_inputAttacherWheelLoader" vehicleBrand="CSZ_wheelLoaders" vehicleIcon="image/store_bennaDesilatrice_wheelLoaders.png" price="600">
                <inputAttacherJoint node="0>4|0" jointType="wheelLoader"/>
                <objectChange node="0>" massActive="400"/>
                <objectChange node="1>" massActive="200"/>
                <objectChange node="0>4" scaleActive="1 1 1" visibilityActive="true" scaleInactive="0 0 0" visibilityInactive="false"/>
                <objectChange node="0>4|2|0" compoundChildActive="true" compoundChildInactive="false"/>
                <objectChange node="0>4|2|1" compoundChildActive="true" compoundChildInactive="false"/>
                <objectChange node="0>4|2|2" compoundChildActive="true" compoundChildInactive="false"/>
                <objectChange node="0>4|2|3" compoundChildActive="true" compoundChildInactive="false"/>
                <objectChange node="0>4|2|4" compoundChildActive="true" compoundChildInactive="false"/>
                <objectChange node="0>4|2|5" compoundChildActive="true" compoundChildInactive="false"/>
                <objectChange node="0>4|2|6" compoundChildActive="true" compoundChildInactive="false"/>
                <objectChange node="0>0" scaleActive="1 1 1"/>
                <objectChange node="0>5" scaleActive="1 1 1"/>
                <objectChange node="1>0" translationActive="0 0.681 0.414" scaleActive="1 1 1"/>
                <objectChange node="1>1" scaleActive="1 1 1"/>
            </inputAttacherJointConfiguration>
        </inputAttacherJointConfigurations>
        <inputAttacherJoints>
            <inputAttacherJoint node="0>0" jointType="loaderFork"/>
            <inputAttacherJoint node="0>0|0" jointType="hookLift"/>
            <inputAttacherJoint node="0>0|1" jointType="hookLift"/>
        </inputAttacherJoints>
        <toolCameras>
            <toolCamera node="0>0|2|1|0" rotatable="true" rotateNode="0>0|2|1" limit="true" useWorldXZRotation="true" rotMinX="-1.4" rotMaxX="1" transMin="1.5" transMax="18" translation="0 0 5.5" rotation="-17.5 180 0">
                <raycastNode node="0>0|2|1"/>
                <raycastNode node="0>0|2|2"/>
                <raycastNode node="0>0|2|3"/>
            </toolCamera>
        </toolCameras>
    </attachable>
    <configurationSets title="$l10n_configuration_attacherJoint">
        <configurationSet name="$l10n_configuration_inputAttacherSkidSteer">
            <configuration name="inputAttacherJoint" index="1"/>
            <configuration name="fillUnit"           index="1"/>
            <configuration name="folding"            index="1"/>
        </configurationSet>
        <configurationSet name="$l10n_configuration_inputAttacherFrontLoader">
            <configuration name="inputAttacherJoint" index="2"/>
            <configuration name="fillUnit"           index="2"/>
            <configuration name="folding"            index="2"/>
        </configurationSet>
        <configurationSet name="$l10n_configuration_inputAttacherTeleLoaders">
            <configuration name="inputAttacherJoint" index="3"/>
            <configuration name="fillUnit"           index="3"/>
            <configuration name="folding"            index="2"/>
        </configurationSet>
        <configurationSet name="$l10n_configuration_inputAttacherWheelLoader">
            <configuration name="inputAttacherJoint" index="4"/>
            <configuration name="fillUnit"           index="4"/>
            <configuration name="folding"            index="2"/>
        </configurationSet>
    </configurationSets>
    <foldable>
        <foldingConfigurations title="$l10n_shop_workingWidth">
            <foldingConfiguration workingWidth="2.45" name="2.45 m">
                <foldingParts>
                    <foldingPart animationName="copertura" speedScale="1"/>
                </foldingParts>
            </foldingConfiguration>
            <foldingConfiguration workingWidth="2.70" name="2.70 m">
                <foldingParts>
                    <foldingPart animationName="copertura" speedScale="1"/>
                </foldingParts>
            </foldingConfiguration>
        </foldingConfigurations>
    </foldable>
    <vehicleTypeConfigurations title="$l10n_category_leveler">
        <vehicleTypeConfiguration name="$l10n_button_activate" vehicleType="dynamicMountAttacherShovelLeveler_mixerWagon"/>
        <vehicleTypeConfiguration name="$l10n_button_deactivate" vehicleType="dynamicMountAttacherShovel_mixerWagon"/>
    </vehicleTypeConfigurations>
    <connectionHoses>
        <hose inputAttacherJointIndices="4" type="hydraulicIn" node="0>5|3|0" adapterNode="0>5|3|2|2|0" length="1" diameter="0.02">
            <objectChange node="0>5|3|2" visibilityActive="false" visibilityInactive="true"/>
        </hose>
        <hose inputAttacherJointIndices="4" type="hydraulicOut" node="0>5|3|1" adapterNode="0>5|3|2|2|1" length="1" diameter="0.02"/>
        <localHose>
            <hose type="hydraulicIn" node="0>5|3|2|0" length="0.4" diameter="0.02"/>
            <target type="none" node="0>5|3|2|2|0"/>
        </localHose>
        <localHose>
            <hose type="hydraulicOut" node="0>5|3|2|1" length="0.4" diameter="0.02"/>
            <target type="none" node="0>5|3|2|2|1"/>
        </localHose>
        <localHose>
            <hose type="hydraulicIn" node="0>5|3|3" length="0.4" diameter="0.02" isTwoPointHose="true"/>
            <target type="none" node="0>5|3|3|0"/>
        </localHose>
        <localHose>
            <hose type="hydraulicOut" node="0>5|3|4" length="0.4" diameter="0.02" isTwoPointHose="true"/>
            <target type="none" node="0>5|3|4|0"/>
        </localHose>
        <localHose>
            <hose type="hydraulicIn" node="1>0|4|0" length="0.2" diameter="0.02" isTwoPointHose="true"/>
            <target type="none" node="1>0|4|0|0"/>
        </localHose>
        <localHose>
            <hose type="hydraulicOut" node="1>0|4|1" length="0.2" diameter="0.02" isTwoPointHose="true"/>
            <target type="none" node="1>0|4|1|0"/>
        </localHose>
        <localHose>
            <hose type="hydraulicIn" node="1>0|4|2" length="0.2" diameter="0.02" isTwoPointHose="true"/>
            <target type="none" node="1>0|4|2|0"/>
        </localHose>
        <localHose>
            <hose type="hydraulicOut" node="1>0|4|3" length="0.2" diameter="0.02" isTwoPointHose="true"/>
            <target type="none" node="1>0|4|3|0"/>
        </localHose>
        <localHose>
            <hose type="hydraulicIn" node="1>0|4|0|0" length="0.4" diameter="0.02" isTwoPointHose="true"/>
            <target type="none" node="0>5|0|0|0|0"/>
        </localHose>
        <localHose>
            <hose type="hydraulicOut" node="1>0|4|1|0" length="0.4" diameter="0.02" isTwoPointHose="true"/>
            <target type="none" node="0>5|0|0|1|0"/>
        </localHose>
    </connectionHoses>
    <animations>
        <animation name="copertura">
            <part node="1>0|2" startTime="0.0" endTime="0.1" visibility="true"/>
            <part node="1>0|2" startTime="0.1" endTime="0.2" visibility="false"/>
            <part node="1>0|3" startTime="0.0" endTime="0.1" visibility="false"/>
            <part node="1>0|3" startTime="0.1" endTime="0.2" visibility="true"/>
            <part node="1>0|3|0" startTime="0.2" endTime="0.5" startRot="-277.5 0 0" endRot="-130 0 0"/>
        </animation>
    </animations>
    <fillUnit>
        <fillUnitConfigurations>
            <fillUnitConfiguration name="$l10n_configuration_inputAttacherSkidSteer">
                <fillUnits>
                    <fillUnit shopDisplayUnit="CUBICMETER" fillTypeCategories="mixerwagon" capacity="1500">
                        <exactFillRootNode node="0>5|2|0|3"/>
                    </fillUnit>
                    <fillUnit unitTextOverride="CUBICMETER" fillTypeCategories="mixerwagon" capacity="10000" showInShop="false" showOnHud="false"/>
                </fillUnits>
            </fillUnitConfiguration>
            <fillUnitConfiguration name="$l10n_configuration_inputAttacherFrontLoader">
                <fillUnits>
                    <fillUnit shopDisplayUnit="CUBICMETER" fillTypeCategories="mixerwagon" capacity="2000">
                        <exactFillRootNode node="0>5|2|0|3"/>
                    </fillUnit>
                    <fillUnit unitTextOverride="CUBICMETER" fillTypeCategories="mixerwagon" capacity="10000" showInShop="false" showOnHud="false"/>
                </fillUnits>
            </fillUnitConfiguration>
            <fillUnitConfiguration name="$l10n_configuration_inputAttacherTeleLoaders">
                <fillUnits>
                    <fillUnit shopDisplayUnit="CUBICMETER" fillTypeCategories="mixerwagon" capacity="3000">
                        <exactFillRootNode node="0>5|2|0|3"/>
                    </fillUnit>
                    <fillUnit unitTextOverride="CUBICMETER" fillTypeCategories="mixerwagon" capacity="10000" showInShop="false" showOnHud="false"/>
                </fillUnits>
            </fillUnitConfiguration>
            <fillUnitConfiguration name="$l10n_configuration_inputAttacherWheelLoader">
                <fillUnits>
                    <fillUnit shopDisplayUnit="CUBICMETER" fillTypeCategories="mixerwagon" capacity="4000">
                        <exactFillRootNode node="0>5|2|0|3"/>
                    </fillUnit>
                    <fillUnit unitTextOverride="CUBICMETER" fillTypeCategories="mixerwagon" capacity="10000" showInShop="false" showOnHud="false"/>
                </fillUnits>
            </fillUnitConfiguration>
        </fillUnitConfigurations>
    </fillUnit>
    <fillVolume>
        <fillVolumeConfigurations>
            <fillVolumeConfiguration>
                <volumes>
                    <volume node="0>5|2|0|0" maxAllowedHeapAngle="15" fillUnitIndex="1"/>
                </volumes>
            </fillVolumeConfiguration>
        </fillVolumeConfigurations>
        <loadInfos>
            <loadInfo>
                <node node="0>5|2|0|1" width="2.5" length="0.1"/>
            </loadInfo>
        </loadInfos>
        <unloadInfos>
            <unloadInfo>
                <node node="0>5|2|0|2" width="2.5" length="0.1"/>
            </unloadInfo>
        </unloadInfos>
    </fillVolume>
    <dischargeable requiresTipOcclusionArea="false">
        <dischargeNode node="0>5|2|1" fillUnitIndex="1" emptySpeed="1400">
            <raycast node="0>5|2|1" maxDistance="30" useWorldNegYDirection="true" yOffset="2"/>
            <info width="2.5" length="1" zOffset="0.5"/>
            <effects>
                <effectNode effectClass="TipEffect">
                    <effectNode effectNode="0>5|2|2" materialType="unloadingParticle" effectClass="ParticleEffect" lifespan="0.3"/>
                    <effectNode effectNode="0>5|2|3|0" materialType="unloading" fadeTime="0.5" alignXAxisToWorldY="true"/>
                </effectNode>
                <effectNode effectNode="0>5|2|3|1" materialType="unloadingSmoke" fadeTime="0.5" alignXAxisToWorldY="true"/>
            </effects>
        </dischargeNode>
    </dischargeable>
    <shovel>
        <shovelNode node="0>5|2|4" fillUnitIndex="1" loadInfoIndex="1" width="2.45" length="0.5" needsMovement="true" maxPickupAngle="105"/>
        <dischargeInfo node="0>5|2|1" minSpeedAngle="105" maxSpeedAngle="140"/>
    </shovel>
    <leveler fillUnitIndex="2" maxFillLevelPerMS="30">
        <levelerNode node="0>5|2|5" width="2.4" zOffset="0.9" minDropWidth="1.2" maxDropWidth="2.6" minDropDirOffset="1" maxDropDirOffset="1.5" minFillLevel="0.85">
            <smoothing allowed="true" radius="0.5" overlap="1.7" direction="0"/>
        </levelerNode>
        <pickUpDirection>1</pickUpDirection>
    </leveler>
    <suspensions>
        <suspension node="0>5|2|5" weight="150" minTranslation="0 -0.5 0.0" maxTranslation="0.0 0.5 0.0" suspensionParametersX="20 4" suspensionParametersY="1 1" suspensionParametersZ="20 4" serverOnly="true"/>
        <suspension node="1>0|3" minRotation="-45 0 0" maxRotation="45 0 0" suspensionParametersX="5 1" inverseMovement="true"/>
    </suspensions>
    <mixerWagon fillUnitIndex="1" recipe="FORAGE">
        <baleTriggers>
            <baleTrigger node="1>0|1" pickupSpeed="500" needsSetIsTurnedOn="true"/>
        </baleTriggers>
        <pickupAnimationNodes>
            <animationNode node="1>0|0" rotSpeed="1500" rotAxis="1" turnOnFadeTime="2" turnOffFadeTime="2"/>
        </pickupAnimationNodes>
    </mixerWagon>
    <turnOnVehicle turnOffIfNotAllowed="true">
        <sounds>
            <work template="mixerHeaderLoop" linkNode="0>"/>
            <start template="mixerHeaderStart" linkNode="0>"/>
            <stop template="mixerHeaderStop" linkNode="0>"/>
        </sounds>
    </turnOnVehicle>
    <ai>
        <agentAttachment jointNode="0>1|0" width="2.25" height="0.80" length="1.20" lengthOffset="0.00"/>
        <agentAttachment jointNode="0>2|0" width="2.45" height="0.95" length="1.20" lengthOffset="0.10"/>
        <agentAttachment jointNode="0>3|0" width="2.45" height="1.15" length="1.50" lengthOffset="0.12"/>
        <agentAttachment jointNode="0>4|0" width="2.45" height="1.35" length="1.70" lengthOffset="0.12"/>
    </ai>
    <tensionBeltObject>
        <meshNodes>
            <meshNode node="0>1|1"/>
            <meshNode node="0>2|1"/>
            <meshNode node="0>3|1"/>
            <meshNode node="0>4|1"/>
            <meshNode node="0>5"/>
            <meshNode node="1>0|0|0"/>
            <meshNode node="1>0|2|0"/>
            <meshNode node="1>0|4"/>
        </meshNodes>
    </tensionBeltObject>
    <foliageBending>
        <bendingNode minX="-1.35" maxX="1.35" minZ="-0.5" maxZ="1.2" yOffset="0.02"/>
    </foliageBending>
    <baseMaterial>
        <material name="CSZ_pack_mat" baseNode="0>5">
            <shaderParameter name="colorMat0" material="16" value="1 0 0"/>
        </material>
    </baseMaterial>
    <wearable wearDuration="480" workMultiplier="5" fieldMultiplier="2"/>
    <washable dirtDuration="90" washDuration="1" workMultiplier="6" fieldMultiplier="2"/>
</vehicle>