﻿<?xml version="1.0" encoding="utf-8" standalone="no" ?>
<vehicle type="baseAttachable" xmlns:xsi="http://www.w3.org/2001/XMLSchema-instance" xsi:noNamespaceSchemaLocation="https://validation.gdn.giants-software.com/xml/schema/vehicle.xsd">
    <annotation>Copyright (C) DD ModPassion, All Rights Reserved.</annotation>
    <storeData>
        <name>$l10n_name_forcaBalle</name>
        <specs>
            <combination filterCategory="skidSteerVehicles"/>
        </specs>
        <functions>
            <function>$l10n_function_frontloaderBaleFork</function>
            <function>$l10n_posizioneBalle</function>
            <function>$l10n_fillType_roundBaleP</function>
            <function>$l10n_fillType_roundBaleN</function>
        </functions>
        <storePacks>
            <storePack>STARTER_HAY</storePack>
            <storePack>STARTER_FORAGE</storePack>
        </storePacks>
        <image>image/store_forcaBalle_skidSteers.png</image>
        <price>700</price>
        <lifetime>600</lifetime>
        <rotation>0</rotation>
        <brand>CSZ</brand>
        <category>skidSteerTools</category>
        <shopDynamicTitle>true</shopDynamicTitle>
        <shopTranslationOffset>0 0.1 0</shopTranslationOffset>
        <shopLoadingDelay initial="0.4"/>
    </storeData>
    <base>
        <typeDesc>$l10n_typeDesc_forcaBalle</typeDesc>
        <filename>filename/forcaBalle.i3d</filename>
        <size width="2" length="2.5"/>
        <components>
            <component centerOfMass="0 0.2 0.2" solverIterationCount="10" mass="200"/>
        </components>
        <schemaOverlay attacherJointPosition="0 0" name="IMPLEMENT"/>
        <mapHotspot type="TOOL"/>
        <objectChanges>
            <objectChange node="0>6|3|0" translationActive="0 0.40 0.75" rotationActive="90 0 0"/>
            <objectChange node="0>6|3|1" translationActive="0 1.55 0.75" rotationActive="90 0 0"/>
            <objectChange node="0>6|3|2" translationActive="0 2.70 0.75" rotationActive="90 0 0"/>
            <objectChange node="0>6|4|0" translationActive="0 0.40 0.95" rotationActive="90 0 0"/>
            <objectChange node="0>6|4|1" translationActive="0 1.55 0.95" rotationActive="90 0 0"/>
            <objectChange node="0>6|4|2" translationActive="0 2.70 0.95" rotationActive="90 0 0"/>
            <objectChange node="0>6|5|0" translationActive="0 0.40 1.05" rotationActive="90 0 0"/>
            <objectChange node="0>6|5|1" translationActive="0 1.55 1.05" rotationActive="90 0 0"/>
            <objectChange node="0>6|5|2" translationActive="0 2.70 1.05" rotationActive="90 0 0"/>
            <objectChange node="0>6|6|0" translationActive="0.625 0 0.7" rotationActive="0 0 0"/>
            <objectChange node="0>6|6|1" translationActive="-0.625 0 0.7" rotationActive="0 0 0"/>
            <objectChange node="0>6|6|2" translationActive="0.0 1.1 0.7" rotationActive="0 0 0"/>
            <objectChange node="0>6|7|0" translationActive="0.75 0 0.7" rotationActive="0 0 0"/>
            <objectChange node="0>6|7|1" translationActive="-0.75 0 0.7" rotationActive="0 0 0"/>
            <objectChange node="0>6|7|2" translationActive="0.0 1.35 0.7" rotationActive="0 0 0"/>
            <objectChange node="0>6|8|0" translationActive="0.9 0 0.7" rotationActive="0 0 0"/>
            <objectChange node="0>6|8|1" translationActive="-0.9 0 0.7" rotationActive="0 0 0"/>
            <objectChange node="0>6|8|2" translationActive="0.0 1.55 0.7" rotationActive="0 0 0"/>
            <objectChange node="0>6|9|0" translationActive="0 0.00 0.7" rotationActive="0 90 0"/>
            <objectChange node="0>6|9|1" translationActive="0 0.90 0.7" rotationActive="0 90 0"/>
            <objectChange node="0>6|9|2" translationActive="0 1.80 0.7" rotationActive="0 90 0"/>
            <objectChange node="0>6|10|0" translationActive="0 0.00 0.7" rotationActive="0 90 0"/>
            <objectChange node="0>6|10|1" translationActive="0 0.90 0.7" rotationActive="0 90 0"/>
            <objectChange node="0>6|10|2" translationActive="0 1.80 0.7" rotationActive="0 90 0"/>
            <objectChange node="0>6|11|0" translationActive="0 0.00 0.7" rotationActive="0 90 0"/>
            <objectChange node="0>6|11|1" translationActive="0 0.90 0.7" rotationActive="0 90 0"/>
            <objectChange node="0>6|11|2" translationActive="0 1.80 0.7" rotationActive="0 90 0"/>
            <objectChange node="0>6|12|0" translationActive="0 0.00 0.7" rotationActive="0 90 0"/>
            <objectChange node="0>6|12|1" translationActive="0 1.30 0.7" rotationActive="0 90 0"/>
            <objectChange node="0>6|13|0" translationActive="0 0.00 0.7" rotationActive="0 90 0"/>
            <objectChange node="0>6|13|1" translationActive="0 1.30 0.7" rotationActive="0 90 0"/>
            <objectChange node="0>6|14|0" translationActive="0 0.00 0.7" rotationActive="0 90 0"/>
            <objectChange node="0>6|14|1" translationActive="0 1.30 0.7" rotationActive="0 90 0"/>
        </objectChanges>
    </base>
    <attachable>
        <inputAttacherJointConfigurations>
            <inputAttacherJointConfiguration name="$l10n_configuration_inputAttacherSkidSteer" vehicleBrand="CSZ_skidSteers" vehicleIcon="image/store_forcaBalle_skidSteers.png" price="0">
                <inputAttacherJoint node="0>1|0" jointType="skidSteer"/>
                <objectChange node="0>" massActive="200"/>
                <objectChange node="0>1" scaleActive="1 1 1" visibilityActive="true" scaleInactive="0 0 0" visibilityInactive="false"/>
                <objectChange node="0>5|0|0|0" scaleActive="1 1 1"/>
                <objectChange node="0>5|0|1" scaleActive="1 1 1"/>
                <objectChange node="0>5|0|2" scaleActive="1 1 1"/>
                <objectChange node="0>5|1|2|0" scaleActive="1 1 1"/>
            </inputAttacherJointConfiguration>
            <inputAttacherJointConfiguration name="$l10n_configuration_inputAttacherFrontLoader" vehicleBrand="CSZ_frontLoaders" vehicleIcon="image/store_forcaBalle_frontLoaders.png" price="0">
                <inputAttacherJoint node="0>2|0" jointType="frontloader"/>
                <objectChange node="0>" massActive="200"/>
                <objectChange node="0>2" scaleActive="1 1 1" visibilityActive="true" scaleInactive="0 0 0" visibilityInactive="false"/>
                <objectChange node="0>5|0|0|0" scaleActive="0.875 1 1"/>
                <objectChange node="0>5|0|1" scaleActive="0.875 1 1"/>
                <objectChange node="0>5|0|2" scaleActive="0.875 1 1"/>
                <objectChange node="0>5|1|2|0" scaleActive="0.875 1 1"/>
            </inputAttacherJointConfiguration>
            <inputAttacherJointConfiguration name="$l10n_configuration_inputAttacherTeleLoaders" vehicleBrand="CSZ_teleLoaders" vehicleIcon="image/store_forcaBalle_teleLoaders.png" price="0">
                <inputAttacherJoint node="0>3|0" jointType="telehandler"/>
                <objectChange node="0>" massActive="200"/>
                <objectChange node="0>3" scaleActive="1 1 1" visibilityActive="true" scaleInactive="0 0 0" visibilityInactive="false"/>
                <objectChange node="0>5|0|0|0" scaleActive="0.755 1 1"/>
                <objectChange node="0>5|0|1" scaleActive="0.755 1 1"/>
                <objectChange node="0>5|0|2" scaleActive="0.755 1 1"/>
                <objectChange node="0>5|1|2|0" scaleActive="0.755 1 1"/>
            </inputAttacherJointConfiguration>
            <inputAttacherJointConfiguration name="$l10n_configuration_inputAttacherWheelLoader" vehicleBrand="CSZ_wheelLoaders" vehicleIcon="image/store_forcaBalle_wheelLoaders.png" price="0">
                <inputAttacherJoint node="0>4|0" jointType="wheelLoader"/>
                <objectChange node="0>" massActive="200"/>
                <objectChange node="0>4" scaleActive="1 1 1" visibilityActive="true" scaleInactive="0 0 0" visibilityInactive="false"/>
                <objectChange node="0>5|0|0|0" scaleActive="1 1 1"/>
                <objectChange node="0>5|0|1" scaleActive="1 1 1"/>
                <objectChange node="0>5|0|2" scaleActive="1 1 1"/>
                <objectChange node="0>5|1|2|0" scaleActive="1 1 1"/>
            </inputAttacherJointConfiguration>
            <inputAttacherJointConfiguration name="$l10n_configuration_inputAttacherFrontLoader" vehicleBrand="CSZ_frontLoaders" vehicleIcon="image/store_forcaBallePunteReclinabili_frontLoaders.png" price="0">
                <inputAttacherJoint node="0>2|0" jointType="frontloader"/>
                <objectChange node="0>" massActive="300"/>
                <objectChange node="0>2" scaleActive="1 1 1" visibilityActive="true" scaleInactive="0 0 0" visibilityInactive="false"/>
                <objectChange node="0>5|0|0|0" scaleActive="0.875 1 1"/>
                <objectChange node="0>5|0|1" scaleActive="0.875 1 1"/>
                <objectChange node="0>5|0|2" scaleActive="0.875 1 1"/>
                <objectChange node="0>5|1|2|0" scaleActive="0.875 1 1"/>
            </inputAttacherJointConfiguration>
            <inputAttacherJointConfiguration name="$l10n_configuration_inputAttacherTeleLoaders" vehicleBrand="CSZ_teleLoaders" vehicleIcon="image/store_forcaBallePunteReclinabili_teleLoaders.png" price="50">
                <inputAttacherJoint node="0>3|0" jointType="telehandler"/>
                <objectChange node="0>" massActive="300"/>
                <objectChange node="0>3" scaleActive="1 1 1" visibilityActive="true" scaleInactive="0 0 0" visibilityInactive="false"/>
                <objectChange node="0>5|0|0|0" scaleActive="0.755 1 1"/>
                <objectChange node="0>5|0|1" scaleActive="0.755 1 1"/>
                <objectChange node="0>5|0|2" scaleActive="0.755 1 1"/>
                <objectChange node="0>5|1|2|0" scaleActive="0.755 1 1"/>
            </inputAttacherJointConfiguration>
            <inputAttacherJointConfiguration name="$l10n_configuration_inputAttacherWheelLoader" vehicleBrand="CSZ_wheelLoaders" vehicleIcon="image/store_forcaBallePunteReclinabili_wheelLoaders.png" price="100">
                <inputAttacherJoint node="0>4|0" jointType="wheelLoader"/>
                <objectChange node="0>" massActive="300"/>
                <objectChange node="0>4" scaleActive="1 1 1" visibilityActive="true" scaleInactive="0 0 0" visibilityInactive="false"/>
                <objectChange node="0>5|0|0|0" scaleActive="1 1 1"/>
                <objectChange node="0>5|0|1" scaleActive="1 1 1"/>
                <objectChange node="0>5|0|2" scaleActive="1 1 1"/>
                <objectChange node="0>5|1|2|0" scaleActive="1 1 1"/>
            </inputAttacherJointConfiguration>
        </inputAttacherJointConfigurations>
        <inputAttacherJoints>
            <inputAttacherJoint node="0>0" jointType="loaderFork"/>
            <inputAttacherJoint node="0>0|0" jointType="hookLift"/>
            <inputAttacherJoint node="0>0|1" jointType="hookLift"/>
        </inputAttacherJoints>
        <toolCameras>
            <toolCamera node="0>0|2|1|0" rotatable="true" rotateNode="0>0|2|1" limit="true" useWorldXZRotation="true" rotMinX="-1.4" rotMaxX="1" transMin="1.5" transMax="18" translation="0 0 5.5" rotation="-17.5 180 0">
                <raycastNode node="0>0|2|1"/>
                <raycastNode node="0>0|2|2"/>
                <raycastNode node="0>0|2|3"/>
            </toolCamera>
        </toolCameras>
    </attachable>
    <configurationSets title="$l10n_configuration_attacherJoint">
        <configurationSet name="$l10n_configuration_inputAttacherSkidSteer">
            <configuration name="inputAttacherJoint" index="1"/>
            <configuration name="attacherJoint"      index="1"/>
        </configurationSet>
        <configurationSet name="$l10n_configuration_inputAttacherFrontLoader">
            <configuration name="inputAttacherJoint" index="2"/>
            <configuration name="attacherJoint"      index="1"/>
        </configurationSet>
        <configurationSet name="$l10n_configuration_inputAttacherTeleLoaders">
            <configuration name="inputAttacherJoint" index="3"/>
            <configuration name="attacherJoint"      index="1"/>
        </configurationSet>
        <configurationSet name="$l10n_configuration_inputAttacherWheelLoader">
            <configuration name="inputAttacherJoint" index="4"/>
            <configuration name="attacherJoint"      index="1"/>
        </configurationSet>
        <configurationSet name="$l10n_configuration_inputAttacherFrontLoader">
            <configuration name="inputAttacherJoint" index="5"/>
            <configuration name="attacherJoint"      index="2"/>
        </configurationSet>
        <configurationSet name="$l10n_configuration_inputAttacherTeleLoaders">
            <configuration name="inputAttacherJoint" index="6"/>
            <configuration name="attacherJoint"      index="2"/>
        </configurationSet>
        <configurationSet name="$l10n_configuration_inputAttacherWheelLoader">
            <configuration name="inputAttacherJoint" index="7"/>
            <configuration name="attacherJoint"      index="2"/>
        </configurationSet>
    </configurationSets>
    <attacherJoints>
        <attacherJointConfigurations title="$l10n_configuration_design">
            <attacherJointConfiguration name="$l10n_name_forcaBalle" price="0" connectionHoseConfigId="1">
                <objectChange node="0>5|0|1" visibilityActive="true"/>
                <objectChange node="0>5|0|2" visibilityActive="false"/>
                <objectChange node="0>5|1|0" visibilityActive="false"/>
                <objectChange node="0>5|1|2" visibilityActive="false"/>
                <objectChange node="0>5|1|1|0|0" visibilityActive="true"/>
                <objectChange node="0>5|1|1|0|2" visibilityActive="true"/>
                <objectChange node="0>5|1|1|1" visibilityActive="false"/>
            </attacherJointConfiguration>
            <attacherJointConfiguration name="$l10n_name_forcaBallePunteReclinabili" connectionHoseConfigId="2">
                <objectChange node="0>5|0|1" visibilityActive="false"/>
                <objectChange node="0>5|0|2" visibilityActive="true"/>
                <objectChange node="0>5|1|0" visibilityActive="true"/>
                <objectChange node="0>5|1|2" visibilityActive="true"/>
                <objectChange node="0>5|1|1|0|0" visibilityActive="false"/>
                <objectChange node="0>5|1|1|0|2" visibilityActive="false"/>
                <objectChange node="0>5|1|1|1" visibilityActive="true"/>
            </attacherJointConfiguration>
        </attacherJointConfigurations>
    </attacherJoints>
    <designConfigurations title="$l10n_lunghezzaPunte">
        <designConfiguration name="0,90 m" price="0">
            <objectChange node="0>5|1|1|2" visibilityActive="true" visibilityInactive="false"/>
            <objectChange node="0>5|1|1|2|0|0" scaleActive="1 1 1" scaleInactive="0 0 0"/>
            <objectChange node="0>5|1|1|2|1|0" scaleActive="1 1 1" scaleInactive="0 0 0"/>
            <objectChange node="0>5|1|1|2|2|0" scaleActive="1 1 1" scaleInactive="0 0 0"/>
        </designConfiguration>
        <designConfiguration name="1,20 m" price="50">
            <objectChange node="0>5|1|1|3" visibilityActive="true" visibilityInactive="false"/>
            <objectChange node="0>5|1|1|3|0|0" scaleActive="1 1 1" scaleInactive="0 0 0"/>
            <objectChange node="0>5|1|1|3|1|0" scaleActive="1 1 1" scaleInactive="0 0 0"/>
            <objectChange node="0>5|1|1|3|2|0" scaleActive="1 1 1" scaleInactive="0 0 0"/>
        </designConfiguration>
        <designConfiguration name="1,40 m" price="100">
            <objectChange node="0>5|1|1|4" visibilityActive="true" visibilityInactive="false"/>
            <objectChange node="0>5|1|1|4|0|0" scaleActive="1 1 1" scaleInactive="0 0 0"/>
            <objectChange node="0>5|1|1|4|1|0" scaleActive="1 1 1" scaleInactive="0 0 0"/>
            <objectChange node="0>5|1|1|4|2|0" scaleActive="1 1 1" scaleInactive="0 0 0"/>
        </designConfiguration>
    </designConfigurations>
    <vehicleTypeConfigurations title="$l10n_tipoCaricamento">
        <vehicleTypeConfiguration name="$l10n_automatico" price="200" vehicleType="baleLoader">
            <objectChange node="0>5|1|1|2|0|0|0" scaleActive="0 0 0" scaleInactive="1 1 1"/>
            <objectChange node="0>5|1|1|2|1|0|0" scaleActive="0 0 0" scaleInactive="1 1 1"/>
            <objectChange node="0>5|1|1|2|2|0|0" scaleActive="0 0 0" scaleInactive="1 1 1"/>
            <objectChange node="0>5|1|1|3|0|0|0" scaleActive="0 0 0" scaleInactive="1 1 1"/>
            <objectChange node="0>5|1|1|3|1|0|0" scaleActive="0 0 0" scaleInactive="1 1 1"/>
            <objectChange node="0>5|1|1|3|2|0|0" scaleActive="0 0 0" scaleInactive="1 1 1"/>
            <objectChange node="0>5|1|1|4|0|0|0" scaleActive="0 0 0" scaleInactive="1 1 1"/>
            <objectChange node="0>5|1|1|4|1|0|0" scaleActive="0 0 0" scaleInactive="1 1 1"/>
            <objectChange node="0>5|1|1|4|2|0|0" scaleActive="0 0 0" scaleInactive="1 1 1"/>
        </vehicleTypeConfiguration>
        <vehicleTypeConfiguration name="$l10n_manuale" price="0" vehicleType="implementDynamicMountAttacher"/>
    </vehicleTypeConfigurations>
    <connectionHoses>
        <connectionHoseConfigurations>
            <connectionHoseConfiguration/>
            <connectionHoseConfiguration>
                <hose inputAttacherJointIndices="4" type="hydraulicIn" node="0>5|1|0|0|1" adapterNode="0>5|2|5|2|0" length="1.8" diameter="0.02" isTwoPointHose="true">
                    <objectChange node="0>5|2|5" visibilityActive="false" visibilityInactive="true"/>
                </hose>
                <hose inputAttacherJointIndices="4" type="hydraulicOut" node="0>5|1|0|0|2" adapterNode="0>5|2|5|2|1" length="1.85" diameter="0.02" isTwoPointHose="true"/>
                <localHose>
                    <hose type="hydraulicIn" node="0>5|2|5|0" length="0.4" diameter="0.02" straighteningFactor="2" isTwoPointHose="true"/>
                    <target type="none" node="0>5|2|5|2|0"/>
                </localHose>
                <localHose>
                    <hose type="hydraulicOut" node="0>5|2|5|1" length="0.4" diameter="0.02" straighteningFactor="2.5" isTwoPointHose="true"/>
                    <target type="none" node="0>5|2|5|2|1"/>
                </localHose>
            </connectionHoseConfiguration>
        </connectionHoseConfigurations>
        <hose inputAttacherJointIndices="4" type="hydraulicIn" node="0>5|2|0" adapterNode="0>5|2|2|2|0" length="1" diameter="0.02" isTwoPointHose="true">
            <objectChange node="0>5|2|2" visibilityActive="false" visibilityInactive="true"/>
        </hose>
        <hose inputAttacherJointIndices="4" type="hydraulicOut" node="0>5|2|1" adapterNode="0>5|2|2|2|1" length="1" diameter="0.02" isTwoPointHose="true"/>
        <localHose>
            <hose type="hydraulicIn" node="0>5|2|2|0" length="1" diameter="0.02" straighteningFactor="1" isTwoPointHose="true"/>
            <target type="none" node="0>5|2|2|2|0"/>
        </localHose>
        <localHose>
            <hose type="hydraulicOut" node="0>5|2|2|1" length="1" diameter="0.02" straighteningFactor="2" isTwoPointHose="true"/>
            <target type="none" node="0>5|2|2|2|1"/>
        </localHose>
    </connectionHoses>
    <animations>
        <animation name="mainArmMovement">
            <part node="0>5|0|0" startTime="0" endTime="0.5" startTrans="0 0 0" endTrans="0 0.72 0"/>
        </animation>
        <animation name="folding">
            <part node="0>5|1|1|0|2" startTime="0" endTime="0.05" visibility="true"/>
            <part node="0>5|1|1|0|2" startTime="0.05" endTime="0.1" visibility="false"/>
            <part node="0>5|1|1|2" startTime="0.1" endTime="1.1" startRot="-90 0 0" endRot="0 0 0"/>
            <part node="0>5|1|1|3" startTime="0.1" endTime="1.1" startRot="-90 0 0" endRot="0 0 0"/>
            <part node="0>5|1|1|4" startTime="0.1" endTime="1.1" startRot="-90 0 0" endRot="0 0 0"/>
            <part node="0>5|1|1|0|1" startTime="1.1" endTime="1.15" visibility="false"/>
            <part node="0>5|1|1|0|1" startTime="1.15" endTime="1.2" visibility="true"/>
            <!-- forcaBallePunteReclinabili -->
            <part node="0>5|1|1" startTime="0.1" endTime="1.1" startRot="-90 0 0" endRot="0 0 0"/>
        </animation>
    </animations>
    <foldable>
        <foldingConfigurations title="$l10n_configuration_workingWidth">
            <foldingConfiguration name="1.40 m" price="0">
                <foldingParts foldInputButton="TOGGLE_PIPE" startMoveDirection="1" detachingMinLimit="0.9" detachingMaxLimit="1.0" posDirectionText="$l10n_action_unfoldOBJECT" negDirectionText="$l10n_action_foldOBJECT">
                    <foldingPart animationName="folding" speedScale="1"/>
                </foldingParts>
                <objectChange node="0>5|1|1|2|1" translationActive="0.715 -0.085572 -0.075933"/>
                <objectChange node="0>5|1|1|2|2" translationActive="-0.715 -0.085572 -0.075933"/>
                <objectChange node="0>5|1|1|3|1" translationActive="0.715 -0.085572 -0.075933"/>
                <objectChange node="0>5|1|1|3|2" translationActive="-0.715 -0.085572 -0.075933"/>
                <objectChange node="0>5|1|1|4|1" translationActive="0.715 -0.085572 -0.075933"/>
                <objectChange node="0>5|1|1|4|2" translationActive="-0.715 -0.085572 -0.075933"/>
            </foldingConfiguration>
            <foldingConfiguration name="1.60 m" price="0">
                <foldingParts foldInputButton="TOGGLE_PIPE" startMoveDirection="1" detachingMinLimit="0.9" detachingMaxLimit="1.0" posDirectionText="$l10n_action_unfoldOBJECT" negDirectionText="$l10n_action_foldOBJECT">
                    <foldingPart animationName="folding" speedScale="1"/>
                </foldingParts>
                <objectChange node="0>5|1|1|2|1" translationActive="0.793 -0.085572 -0.075933"/>
                <objectChange node="0>5|1|1|2|2" translationActive="-0.793 -0.085572 -0.075933"/>
                <objectChange node="0>5|1|1|3|1" translationActive="0.793 -0.085572 -0.075933"/>
                <objectChange node="0>5|1|1|3|2" translationActive="-0.793 -0.085572 -0.075933"/>
                <objectChange node="0>5|1|1|4|1" translationActive="0.793 -0.085572 -0.075933"/>
                <objectChange node="0>5|1|1|4|2" translationActive="-0.793 -0.085572 -0.075933"/>
            </foldingConfiguration>
            <foldingConfiguration name="1.80 m" price="0">
                <foldingParts foldInputButton="TOGGLE_PIPE" startMoveDirection="1" detachingMinLimit="0.9" detachingMaxLimit="1.0" posDirectionText="$l10n_action_unfoldOBJECT" negDirectionText="$l10n_action_foldOBJECT">
                    <foldingPart animationName="folding" speedScale="1"/>
                </foldingParts>
                <objectChange node="0>5|1|1|2|1" translationActive="0.87 -0.085572 -0.075933"/>
                <objectChange node="0>5|1|1|2|2" translationActive="-0.87 -0.085572 -0.075933"/>
                <objectChange node="0>5|1|1|3|1" translationActive="0.87 -0.085572 -0.075933"/>
                <objectChange node="0>5|1|1|3|2" translationActive="-0.87 -0.085572 -0.075933"/>
                <objectChange node="0>5|1|1|4|1" translationActive="0.87 -0.085572 -0.075933"/>
                <objectChange node="0>5|1|1|4|2" translationActive="-0.87 -0.085572 -0.075933"/>
            </foldingConfiguration>
            <foldingConfiguration name="1.00 m" price="0">
                <foldingParts foldInputButton="TOGGLE_PIPE" startMoveDirection="1" detachingMinLimit="0.9" detachingMaxLimit="1.0" posDirectionText="$l10n_action_unfoldOBJECT" negDirectionText="$l10n_action_foldOBJECT">
                    <foldingPart animationName="folding" speedScale="1"/>
                </foldingParts>
                <objectChange node="0>5|1|1|2|1" translationActive="0.5 -0.085572 -0.075933"/>
                <objectChange node="0>5|1|1|2|2" translationActive="-0.5 -0.085572 -0.075933"/>
                <objectChange node="0>5|1|1|3|1" translationActive="0.5 -0.085572 -0.075933"/>
                <objectChange node="0>5|1|1|3|2" translationActive="-0.5 -0.085572 -0.075933"/>
                <objectChange node="0>5|1|1|4|1" translationActive="0.5 -0.085572 -0.075933"/>
                <objectChange node="0>5|1|1|4|2" translationActive="-0.5 -0.085572 -0.075933"/>
            </foldingConfiguration>
        </foldingConfigurations>
    </foldable>
    <cylindered>
        <movingTools>
            <movingTool node="0>5|0|0" playSound="true">
                <controls axis="AXIS_FRONTLOADER_TOOL2" invertAxis="false" mouseSpeedFactor="1" iconName="CRANE_ARM2_TRANSLATE"/>
                <animation animSpeed="1" animAcceleration="1" animName="mainArmMovement"/>
            </movingTool>
            <movingTool node="0>5|1|1" playSound="true">
                <dependentPart node="0>5|1|0|0"/>
            </movingTool>
        </movingTools>
        <movingParts>
            <movingPart node="0>5|1|0|0" referencePoint="0>5|1|1|1|0" referenceFrame="0>5|1|1|1|0" limitedAxis="1">
                <translatingPart node="0>5|1|0|0|0"/>
            </movingPart>
        </movingParts>
        <sounds>
            <actionSound template="defaultHydraulicSound" pitchScale="0.6" volumeScale="2"   linkNode="0>5|0|0" actionNames="TOOL_MOVE_POS TOOL_MOVE_NEG" nodes="0>5|0|0"/>
            <actionSound template="clackVar6"             pitchScale="0.9" volumeScale="1.4" linkNode="0>5|0|0" actionNames="TOOL_MOVE_END_POS_LIMIT"     nodes="0>5|0|0"/>
            <actionSound template="cylinderPunch"         pitchScale="2"   volumeScale="0.5" linkNode="0>5|0|0" actionNames="TOOL_MOVE_END_POS_LIMIT"     nodes="0>5|0|0"/>
            <actionSound template="clackVar6"             pitchScale="0.8" volumeScale="1.7" linkNode="0>5|0|0" actionNames="TOOL_MOVE_END_NEG_LIMIT"     nodes="0>5|0|0"/>
            <actionSound template="thudVar2"              pitchScale="2"   volumeScale="1"   linkNode="0>5|0|0" actionNames="TOOL_MOVE_END_NEG_LIMIT"     nodes="0>5|0|0"/>
        </sounds>
    </cylindered>
    <fillUnit>
        <fillUnitConfigurations title="$l10n_configuration_fillUnitBale">
            <fillUnitConfiguration name="2 %s - 3 %s - 2 %s" params="$l10n_unit_bale|$l10n_unit_bale|$l10n_unit_bale">
                <fillUnits allowFoldingWhileFilled="false">
                    <fillUnit unitTextOverride="$l10n_unit_bale" capacity="3" fillTypes="roundBale squareBale" showOnHud="false"/>
                    <fillUnit unitTextOverride="$l10n_unit_bale" capacity="2" fillTypes="roundBale" showCapacityInShop="false" fillAnimation="folding" fillAnimationLoadTime="1"/>
                    <fillUnit unitTextOverride="$l10n_unit_bale" capacity="3" fillTypes="squareBale" showCapacityInShop="false" fillAnimation="folding" fillAnimationLoadTime="1"/>
                    <fillUnit unitTextOverride="$l10n_unit_bale" capacity="2" fillTypes="squareBale" showCapacityInShop="false" fillAnimation="folding" fillAnimationLoadTime="1"/>
                </fillUnits>
            </fillUnitConfiguration>
            <fillUnitConfiguration name="2 %s - 2 %s - 2 %s" params="$l10n_unit_bale|$l10n_unit_bale|$l10n_unit_bale">
                <fillUnits allowFoldingWhileFilled="false">
                    <fillUnit unitTextOverride="$l10n_unit_bale" capacity="2" fillTypes="roundBale squareBale" showOnHud="false"/>
                    <fillUnit unitTextOverride="$l10n_unit_bale" capacity="2" fillTypes="roundBale" showCapacityInShop="false" fillAnimation="folding" fillAnimationLoadTime="1"/>
                    <fillUnit unitTextOverride="$l10n_unit_bale" capacity="2" fillTypes="squareBale" showCapacityInShop="false" fillAnimation="folding" fillAnimationLoadTime="1"/>
                    <fillUnit unitTextOverride="$l10n_unit_bale" capacity="2" fillTypes="squareBale" showCapacityInShop="false" fillAnimation="folding" fillAnimationLoadTime="1"/>
                </fillUnits>
            </fillUnitConfiguration>
            <fillUnitConfiguration name="1 %s - 1 %s - 1 %s" params="$l10n_unit_bale|$l10n_unit_bale|$l10n_unit_bale">
                <fillUnits allowFoldingWhileFilled="false">
                    <fillUnit unitTextOverride="$l10n_unit_bale" capacity="1" fillTypes="roundBale squareBale" showOnHud="false"/>
                    <fillUnit unitTextOverride="$l10n_unit_bale" capacity="1" fillTypes="roundBale" showCapacityInShop="false" fillAnimation="folding" fillAnimationLoadTime="1"/>
                    <fillUnit unitTextOverride="$l10n_unit_bale" capacity="1" fillTypes="squareBale" showCapacityInShop="false" fillAnimation="folding" fillAnimationLoadTime="1"/>
                    <fillUnit unitTextOverride="$l10n_unit_bale" capacity="1" fillTypes="squareBale" showCapacityInShop="false" fillAnimation="folding" fillAnimationLoadTime="1"/>
                </fillUnits>
            </fillUnitConfiguration>
        </fillUnitConfigurations>
    </fillUnit>
    <baleLoader transportPositionAfterUnloading="true" automaticUnloading="true" allowKinematicMounting="false">
        <grabber grabNode="0>6|0" triggerNode="0>6|1"/>
        <balePlaces>
             <balePlace node="0>6|2"/>
        </balePlaces>
        <baleTypes>
            <baleType width="1.2" diameter="1.25" fillUnitIndex="2">
                <balePlaces startBalePlace="0>6|3"/>
            </baleType>
            <baleType width="1.2" diameter="1.5" fillUnitIndex="2">
                <balePlaces startBalePlace="0>6|4"/>
            </baleType>
            <baleType width="1.2" diameter="1.8" fillUnitIndex="2">
                <balePlaces startBalePlace="0>6|5"/>
            </baleType>
            <baleType width="1.2" diameter="1.25" fillUnitIndex="3">
                <balePlaces startBalePlace="0>6|6"/>
            </baleType>
            <baleType width="1.2" diameter="1.5" fillUnitIndex="3">
                <balePlaces startBalePlace="0>6|7"/>
            </baleType>
            <baleType width="1.2" diameter="1.8" fillUnitIndex="3">
                <balePlaces startBalePlace="0>6|8"/>
            </baleType>
            <baleType width="1.2" height="0.9" length="1.8" fillUnitIndex="3">
                <balePlaces startBalePlace="0>6|9"/>
            </baleType>
            <baleType width="1.2" height="0.9" minLength="1.8" maxLength="2.2" fillUnitIndex="3">
                <balePlaces startBalePlace="0>6|10"/>
            </baleType>
            <baleType width="1.2" height="0.9" minLength="2.2" maxLength="2.4" fillUnitIndex="3">
                <balePlaces startBalePlace="0>6|11"/>
            </baleType>
            <baleType width="1.2" height="1.3" length="1.8" fillUnitIndex="4">
                <balePlaces startBalePlace="0>6|12"/>
            </baleType>
            <baleType width="1.2" height="1.3" minLength="1.8" maxLength="2.2" fillUnitIndex="4">
                <balePlaces startBalePlace="0>6|13"/>
            </baleType>
            <baleType width="1.2" height="1.3" minLength="2.2" maxLength="2.4" fillUnitIndex="4">
                <balePlaces startBalePlace="0>6|14"/>
            </baleType>
        </baleTypes>
    </baleLoader>
    <dynamicMountAttacher node="0>">
        <mountCollisionMask node="0>5|1|1|2|0|0|0" collisionMask="134225920"/>
        <mountCollisionMask node="0>5|1|1|2|1|0|0" collisionMask="134225920"/>
        <mountCollisionMask node="0>5|1|1|2|2|0|0" collisionMask="134225920"/>
        <mountCollisionMask node="0>5|1|1|3|0|0|0" collisionMask="134225920"/>
        <mountCollisionMask node="0>5|1|1|3|1|0|0" collisionMask="134225920"/>
        <mountCollisionMask node="0>5|1|1|3|2|0|0" collisionMask="134225920"/>
        <mountCollisionMask node="0>5|1|1|4|0|0|0" collisionMask="134225920"/>
        <mountCollisionMask node="0>5|1|1|4|1|0|0" collisionMask="134225920"/>
        <mountCollisionMask node="0>5|1|1|4|2|0|0" collisionMask="134225920"/>
    </dynamicMountAttacher>
    <ai>
        <aiConfigurations title="$l10n_info_tipSideMiddle">
            <aiConfiguration name="$l10n_configuration_valueNo" price="0"/>
            <aiConfiguration name="$l10n_configuration_valueYes" price="50">
                <objectChange node="0>5|1|1|2|0" visibilityActive="true" visibilityInactive="false" scaleActive="1 1 1" scaleInactive="1 0.1 0.1"/>
                <objectChange node="0>5|1|1|3|0" visibilityActive="true" visibilityInactive="false" scaleActive="1 1 1" scaleInactive="1 1 0.1"/>
                <objectChange node="0>5|1|1|4|0" visibilityActive="true" visibilityInactive="false" scaleActive="1 1 1" scaleInactive="0 0 0"/>
            </aiConfiguration>
        </aiConfigurations>
        <agentAttachment width="2" height="1.3" length="1.5" lengthOffset="0.7"/>
    </ai>
    <tensionBeltObject>
        <meshNodes>
            <meshNode node="0>1|1"/>
            <meshNode node="0>2|1"/>
            <meshNode node="0>3|1"/>
            <meshNode node="0>4|1"/>
            <meshNode node="0>5"/>
            <meshNode node="0>5|0|0|0"/>
            <meshNode node="0>5|0|0|1"/>
            <meshNode node="0>5|0|1"/>
            <meshNode node="0>5|0|2"/>
            <meshNode node="0>5|1|0|0"/>
            <meshNode node="0>5|1|0|0|0"/>
            <meshNode node="0>5|1|1|0"/>
            <meshNode node="0>5|1|1|2|0|0"/>
            <meshNode node="0>5|1|1|2|1|0"/>
            <meshNode node="0>5|1|1|2|2|0"/>
            <meshNode node="0>5|1|1|3|0|0"/>
            <meshNode node="0>5|1|1|3|1|0"/>
            <meshNode node="0>5|1|1|3|2|0"/>
            <meshNode node="0>5|1|1|4|0|0"/>
            <meshNode node="0>5|1|1|4|1|0"/>
            <meshNode node="0>5|1|1|4|2|0"/>
            <meshNode node="0>5|1|2"/>
            <meshNode node="0>5|1|2|0"/>
        </meshNodes>
    </tensionBeltObject>
    <foliageBending>
        <bendingNode minX="1" maxX="-1" minZ="1.5" maxZ="-0.5" yOffset="0.02"/>
        <bendingNode minX="-0.75" maxX="0.75" minZ="-0.55" maxZ="-0.35" yOffset="0.025"/>
        <bendingNode minX="0.6" maxX="0.7" minZ="-0.34" maxZ="0.7" yOffset="0.02" node="0>5|1|1|4|1"/>
        <bendingNode minX="-0.05" maxX="0.05" minZ="-0.34" maxZ="0.7" yOffset="0.02" node="0>5|1|1|4|0"/>
        <bendingNode minX="-0.7" maxX="-0.6" minZ="-0.34" maxZ="0.7" yOffset="0.02" node="0>5|1|1|4|2"/>
    </foliageBending>
    <baseMaterial>
        <material name="CSZ_pack_mat" baseNode="0>5">
            <shaderParameter name="colorMat0" material="16" value="1 0 0"/>
        </material>
    </baseMaterial>
    <wearable wearDuration="480" workMultiplier="5" fieldMultiplier="2"/>
    <washable dirtDuration="90" washDuration="1" workMultiplier="2" fieldMultiplier="2"/>
</vehicle>