﻿<?xml version="1.0" encoding="utf-8" standalone="no" ?>
<vehicle type="dynamicMountAttacherShovelLeveler" xmlns:xsi="http://www.w3.org/2001/XMLSchema-instance" xsi:noNamespaceSchemaLocation="https://validation.gdn.giants-software.com/xml/schema/vehicle.xsd">
    <annotation>Copyright (C) DD ModPassion, All Rights Reserved.</annotation>
    <storeData>
        <name>$l10n_name_forcaLetame</name>
        <specs>
            <combination filterCategory="skidSteerVehicles"/>
            <workingWidth>2.40</workingWidth>
        </specs>
        <functions>
            <function>$l10n_function_frontloaderManureFork</function>
        </functions>
        <image>image/store_forcaLetame_skidSteers.png</image>
        <price>1100</price>
        <lifetime>600</lifetime>
        <rotation>0</rotation>
        <brand>CSZ</brand>
        <category>skidSteerTools</category>
        <shopDynamicTitle>true</shopDynamicTitle>
        <shopTranslationOffset>0 0.1 0</shopTranslationOffset>
        <shopLoadingDelay initial="0.4"/>
    </storeData>
    <base>
        <typeDesc>$l10n_typeDesc_forcaLetame</typeDesc>
        <filename>filename/forcaPolivalente.i3d</filename>
        <size width="2.5" length="2.5"/>
        <components>
            <component centerOfMass="0 0 0" solverIterationCount="10" mass="225"/>
            <component solverIterationCount="10" mass="25"/>
            <joint component1="1" component2="2" node="0>5|7" rotLimit="0 0 0" transLimit="0 0 0" rotLimitSpring="300 0 0" rotLimitDamping="30 0 0" rotLimitForceLimit="50 -1 -1"/>
        </components>
        <schemaOverlay attacherJointPosition="0 0" name="IMPLEMENT"/>
        <mapHotspot type="TOOL"/>
    </base>
    <attachable>
        <inputAttacherJointConfigurations>
            <inputAttacherJointConfiguration name="$l10n_configuration_inputAttacherSkidSteer" vehicleBrand="CSZ_skidSteers" vehicleIcon="image/store_forcaLetameDentiForgiati_skidSteers.png">
                <inputAttacherJoint node="0>1|0" jointType="skidSteer"/>
                <objectChange node="0>" massActive="225"/>
                <objectChange node="1>" massActive="25"/>
                <objectChange node="0>1" scaleActive="1 1 1" visibilityActive="true" scaleInactive="0 0 0" visibilityInactive="false"/>
                <objectChange node="1>" translationActive="0 0.556 0.033"/>
                <objectChange node="0>1|2|0" compoundChildActive="true" compoundChildInactive="false"/>
                <objectChange node="0>1|2|1" compoundChildActive="true" compoundChildInactive="false"/>
                <objectChange node="0>0" scaleActive="1 0.6 0.65"/>
                <objectChange node="0>5" scaleActive="1 0.6 0.65"/>
                <objectChange node="0>5|0|0|0" scaleActive="0.72 1 1"/>
                <objectChange node="0>5|0|0|1" scaleActive="0.72 1 1"/>
            </inputAttacherJointConfiguration>
            <inputAttacherJointConfiguration name="$l10n_configuration_inputAttacherFrontLoader" vehicleBrand="CSZ_frontLoaders" vehicleIcon="image/store_forcaLetameDentiForgiati_frontLoaders.png" price="100">
                <inputAttacherJoint node="0>2|0" jointType="frontloader"/>
                <objectChange node="0>" massActive="250"/>
                <objectChange node="1>" massActive="25"/>
                <objectChange node="0>2" scaleActive="1 1 1" visibilityActive="true" scaleInactive="0 0 0" visibilityInactive="false"/>
                <objectChange node="1>" translationActive="0 0.649 0.033"/>
                <objectChange node="0>2|2|0" compoundChildActive="true" compoundChildInactive="false"/>
                <objectChange node="0>2|2|1" compoundChildActive="true" compoundChildInactive="false"/>
                <objectChange node="0>0" scaleActive="1 0.7 0.7"/>
                <objectChange node="0>5" scaleActive="1 0.7 0.7"/>
                <objectChange node="0>5|0|0|0" scaleActive="0.7 1 1"/>
                <objectChange node="0>5|0|0|1" scaleActive="0.7 1 1"/>
            </inputAttacherJointConfiguration>
            <inputAttacherJointConfiguration name="$l10n_configuration_inputAttacherTeleLoaders" vehicleBrand="CSZ_teleLoaders" vehicleIcon="image/store_forcaLetameDentiForgiati_teleLoaders.png" price="200">
                <inputAttacherJoint node="0>3|0" jointType="telehandler"/>
                <objectChange node="0>" massActive="275"/>
                <objectChange node="1>" massActive="25"/>
                <objectChange node="0>3" scaleActive="1 1 1" visibilityActive="true" scaleInactive="0 0 0" visibilityInactive="false"/>
                <objectChange node="1>" translationActive="0 0.788 0.033"/>
                <objectChange node="0>3|2|0" compoundChildActive="true" compoundChildInactive="false"/>
                <objectChange node="0>3|2|1" compoundChildActive="true" compoundChildInactive="false"/>
                <objectChange node="0>0" scaleActive="1 0.85 0.9"/>
                <objectChange node="0>5" scaleActive="1 0.85 0.9"/>
                <objectChange node="0>5|0|0|0" scaleActive="0.9 1 1"/>
                <objectChange node="0>5|0|0|1" scaleActive="0.9 1 1"/>
            </inputAttacherJointConfiguration>
            <inputAttacherJointConfiguration name="$l10n_configuration_inputAttacherWheelLoader" vehicleBrand="CSZ_wheelLoaders" vehicleIcon="image/store_forcaLetameDentiForgiati_wheelLoaders.png" price="300">
                <inputAttacherJoint node="0>4|0" jointType="wheelLoader"/>
                <objectChange node="0>" massActive="300"/>
                <objectChange node="1>" massActive="25"/>
                <objectChange node="0>4" scaleActive="1 1 1" visibilityActive="true" scaleInactive="0 0 0" visibilityInactive="false"/>
                <objectChange node="1>" translationActive="0 0.927 0.033"/>
                <objectChange node="0>4|2|0" compoundChildActive="true" compoundChildInactive="false"/>
                <objectChange node="0>4|2|1" compoundChildActive="true" compoundChildInactive="false"/>
                <objectChange node="0>0" scaleActive="1 1 1"/>
                <objectChange node="0>5" scaleActive="1 1 1"/>
                <objectChange node="0>5|0|0|0" scaleActive="1 1 1"/>
                <objectChange node="0>5|0|0|1" scaleActive="1 1 1"/>
            </inputAttacherJointConfiguration>
            <inputAttacherJointConfiguration name="$l10n_configuration_inputAttacherSkidSteer" vehicleBrand="CSZ_skidSteers" vehicleIcon="image/store_forcaLetameMonoblocco_skidSteers.png">
                <inputAttacherJoint node="0>1|0" jointType="skidSteer"/>
                <objectChange node="0>" massActive="225"/>
                <objectChange node="1>" massActive="50"/>
                <objectChange node="0>1" scaleActive="1 1 1" visibilityActive="true" scaleInactive="0 0 0" visibilityInactive="false"/>
                <objectChange node="1>" translationActive="0 0.556 0.033"/>
                <objectChange node="0>1|2|0" compoundChildActive="true" compoundChildInactive="false"/>
                <objectChange node="0>1|2|1" compoundChildActive="true" compoundChildInactive="false"/>
                <objectChange node="0>0" scaleActive="1 0.6 0.65"/>
                <objectChange node="0>5" scaleActive="1 0.6 0.65"/>
                <objectChange node="0>5|0|0|0" scaleActive="0.72 1 1"/>
                <objectChange node="0>5|0|0|1" scaleActive="0.72 1 1"/>
            </inputAttacherJointConfiguration>
            <inputAttacherJointConfiguration name="$l10n_configuration_inputAttacherFrontLoader" vehicleBrand="CSZ_frontLoaders" vehicleIcon="image/store_forcaLetameMonoblocco_frontLoaders.png" price="100">
                <inputAttacherJoint node="0>2|0" jointType="frontloader"/>
                <objectChange node="0>" massActive="250"/>
                <objectChange node="1>" massActive="50"/>
                <objectChange node="0>2" scaleActive="1 1 1" visibilityActive="true" scaleInactive="0 0 0" visibilityInactive="false"/>
                <objectChange node="1>" translationActive="0 0.649 0.033"/>
                <objectChange node="0>2|2|0" compoundChildActive="true" compoundChildInactive="false"/>
                <objectChange node="0>2|2|1" compoundChildActive="true" compoundChildInactive="false"/>
                <objectChange node="0>0" scaleActive="1 0.7 0.7"/>
                <objectChange node="0>5" scaleActive="1 0.7 0.7"/>
                <objectChange node="0>5|0|0|0" scaleActive="0.7 1 1"/>
                <objectChange node="0>5|0|0|1" scaleActive="0.7 1 1"/>
            </inputAttacherJointConfiguration>
            <inputAttacherJointConfiguration name="$l10n_configuration_inputAttacherTeleLoaders" vehicleBrand="CSZ_teleLoaders" vehicleIcon="image/store_forcaLetameMonoblocco_teleLoaders.png" price="200">
                <inputAttacherJoint node="0>3|0" jointType="telehandler"/>
                <objectChange node="0>" massActive="275"/>
                <objectChange node="1>" massActive="50"/>
                <objectChange node="0>3" scaleActive="1 1 1" visibilityActive="true" scaleInactive="0 0 0" visibilityInactive="false"/>
                <objectChange node="1>" translationActive="0 0.788 0.033"/>
                <objectChange node="0>3|2|0" compoundChildActive="true" compoundChildInactive="false"/>
                <objectChange node="0>3|2|1" compoundChildActive="true" compoundChildInactive="false"/>
                <objectChange node="0>0" scaleActive="1 0.85 0.9"/>
                <objectChange node="0>5" scaleActive="1 0.85 0.9"/>
                <objectChange node="0>5|0|0|0" scaleActive="0.9 1 1"/>
                <objectChange node="0>5|0|0|1" scaleActive="0.9 1 1"/>
            </inputAttacherJointConfiguration>
            <inputAttacherJointConfiguration name="$l10n_configuration_inputAttacherWheelLoader" vehicleBrand="CSZ_wheelLoaders" vehicleIcon="image/store_forcaLetameMonoblocco_wheelLoaders.png" price="300">
                <inputAttacherJoint node="0>4|0" jointType="wheelLoader"/>
                <objectChange node="0>" massActive="300"/>
                <objectChange node="1>" massActive="50"/>
                <objectChange node="0>4" scaleActive="1 1 1" visibilityActive="true" scaleInactive="0 0 0" visibilityInactive="false"/>
                <objectChange node="1>" translationActive="0 0.927 0.033"/>
                <objectChange node="0>4|2|0" compoundChildActive="true" compoundChildInactive="false"/>
                <objectChange node="0>4|2|1" compoundChildActive="true" compoundChildInactive="false"/>
                <objectChange node="0>0" scaleActive="1 1 1"/>
                <objectChange node="0>5" scaleActive="1 1 1"/>
                <objectChange node="0>5|0|0|0" scaleActive="1 1 1"/>
                <objectChange node="0>5|0|0|1" scaleActive="1 1 1"/>
            </inputAttacherJointConfiguration>
            <inputAttacherJointConfiguration name="$l10n_configuration_inputAttacherSkidSteer" vehicleBrand="CSZ_skidSteers" vehicleIcon="image/store_forcaPolivalenteDentiForgiati_skidSteers.png">
                <inputAttacherJoint node="0>1|0" jointType="skidSteer"/>
                <objectChange node="0>" massActive="250"/>
                <objectChange node="1>" massActive="150"/>
                <objectChange node="0>1" scaleActive="1 1 1" visibilityActive="true" scaleInactive="0 0 0" visibilityInactive="false"/>
                <objectChange node="1>" translationActive="0 0.556 0.033"/>
                <objectChange node="0>1|2|0" compoundChildActive="true" compoundChildInactive="false"/>
                <objectChange node="0>1|2|1" compoundChildActive="true" compoundChildInactive="false"/>
                <objectChange node="1>1" scaleActive="1 1 1" visibilityActive="true" scaleInactive="0 0 0" visibilityInactive="false"/>
                <objectChange node="1>1|0|0" compoundChildActive="true" compoundChildInactive="false"/>
                <objectChange node="1>1|0|1" compoundChildActive="true" compoundChildInactive="false"/>
                <objectChange node="1>1|0|2" compoundChildActive="true" compoundChildInactive="false"/>
                <objectChange node="0>0" scaleActive="1 0.6 0.65"/>
                <objectChange node="0>5" scaleActive="1 0.6 0.65"/>
                <objectChange node="0>5|0|0|0" scaleActive="0.72 1 1"/>
                <objectChange node="0>5|0|0|1" scaleActive="0.72 1 1"/>
            </inputAttacherJointConfiguration>
            <inputAttacherJointConfiguration name="$l10n_configuration_inputAttacherFrontLoader" vehicleBrand="CSZ_frontLoaders" vehicleIcon="image/store_forcaPolivalenteDentiForgiati_frontLoaders.png" price="100">
                <inputAttacherJoint node="0>2|0" jointType="frontloader"/>
                <objectChange node="0>" massActive="275"/>
                <objectChange node="1>" massActive="175"/>
                <objectChange node="0>2" scaleActive="1 1 1" visibilityActive="true" scaleInactive="0 0 0" visibilityInactive="false"/>
                <objectChange node="1>" translationActive="0 0.649 0.033"/>
                <objectChange node="0>2|2|0" compoundChildActive="true" compoundChildInactive="false"/>
                <objectChange node="0>2|2|1" compoundChildActive="true" compoundChildInactive="false"/>
                <objectChange node="1>2" scaleActive="1 1 1" visibilityActive="true" scaleInactive="0 0 0" visibilityInactive="false"/>
                <objectChange node="1>2|0|0" compoundChildActive="true" compoundChildInactive="false"/>
                <objectChange node="1>2|0|1" compoundChildActive="true" compoundChildInactive="false"/>
                <objectChange node="1>2|0|2" compoundChildActive="true" compoundChildInactive="false"/>
                <objectChange node="0>0" scaleActive="1 0.7 0.7"/>
                <objectChange node="0>5" scaleActive="1 0.7 0.7"/>
                <objectChange node="0>5|0|0|0" scaleActive="0.7 1 1"/>
                <objectChange node="0>5|0|0|1" scaleActive="0.7 1 1"/>
            </inputAttacherJointConfiguration>
            <inputAttacherJointConfiguration name="$l10n_configuration_inputAttacherTeleLoaders" vehicleBrand="CSZ_teleLoaders" vehicleIcon="image/store_forcaPolivalenteDentiForgiati_teleLoaders.png" price="200">
                <inputAttacherJoint node="0>3|0" jointType="telehandler"/>
                <objectChange node="0>" massActive="300"/>
                <objectChange node="1>" massActive="200"/>
                <objectChange node="0>3" scaleActive="1 1 1" visibilityActive="true" scaleInactive="0 0 0" visibilityInactive="false"/>
                <objectChange node="1>" translationActive="0 0.788 0.033"/>
                <objectChange node="0>3|2|0" compoundChildActive="true" compoundChildInactive="false"/>
                <objectChange node="0>3|2|1" compoundChildActive="true" compoundChildInactive="false"/>
                <objectChange node="1>3" scaleActive="1 1 1" visibilityActive="true" scaleInactive="0 0 0" visibilityInactive="false"/>
                <objectChange node="1>3|0|0" compoundChildActive="true" compoundChildInactive="false"/>
                <objectChange node="1>3|0|1" compoundChildActive="true" compoundChildInactive="false"/>
                <objectChange node="1>3|0|2" compoundChildActive="true" compoundChildInactive="false"/>
                <objectChange node="0>0" scaleActive="1 0.85 0.9"/>
                <objectChange node="0>5" scaleActive="1 0.85 0.9"/>
                <objectChange node="0>5|0|0|0" scaleActive="0.9 1 1"/>
                <objectChange node="0>5|0|0|1" scaleActive="0.9 1 1"/>
            </inputAttacherJointConfiguration>
            <inputAttacherJointConfiguration name="$l10n_configuration_inputAttacherWheelLoader" vehicleBrand="CSZ_wheelLoaders" vehicleIcon="image/store_forcaPolivalenteDentiForgiati_wheelLoaders.png" price="300">
                <inputAttacherJoint node="0>4|0" jointType="wheelLoader"/>
                <objectChange node="0>" massActive="325"/>
                <objectChange node="1>" massActive="225"/>
                <objectChange node="0>4" scaleActive="1 1 1" visibilityActive="true" scaleInactive="0 0 0" visibilityInactive="false"/>
                <objectChange node="1>" translationActive="0 0.927 0.033"/>
                <objectChange node="0>4|2|0" compoundChildActive="true" compoundChildInactive="false"/>
                <objectChange node="0>4|2|1" compoundChildActive="true" compoundChildInactive="false"/>
                <objectChange node="1>4" scaleActive="1 1 1" visibilityActive="true" scaleInactive="0 0 0" visibilityInactive="false"/>
                <objectChange node="1>4|0|0" compoundChildActive="true" compoundChildInactive="false"/>
                <objectChange node="1>4|0|1" compoundChildActive="true" compoundChildInactive="false"/>
                <objectChange node="1>4|0|2" compoundChildActive="true" compoundChildInactive="false"/>
                <objectChange node="0>0" scaleActive="1 1 1"/>
                <objectChange node="0>5" scaleActive="1 1 1"/>
                <objectChange node="0>5|0|0|0" scaleActive="1 1 1"/>
                <objectChange node="0>5|0|0|1" scaleActive="1 1 1"/>
            </inputAttacherJointConfiguration>
            <inputAttacherJointConfiguration name="$l10n_configuration_inputAttacherSkidSteer" vehicleBrand="CSZ_skidSteers" vehicleIcon="image/store_forcaPolivalenteMonoblocco_skidSteers.png">
                <inputAttacherJoint node="0>1|0" jointType="skidSteer"/>
                <objectChange node="0>" massActive="300"/>
                <objectChange node="1>" massActive="200"/>
                <objectChange node="0>1" scaleActive="1 1 1" visibilityActive="true" scaleInactive="0 0 0" visibilityInactive="false"/>
                <objectChange node="1>" translationActive="0 0.556 0.033"/>
                <objectChange node="0>1|2|0" compoundChildActive="true" compoundChildInactive="false"/>
                <objectChange node="0>1|2|1" compoundChildActive="true" compoundChildInactive="false"/>
                <objectChange node="1>1" scaleActive="1 1 1" visibilityActive="true" scaleInactive="0 0 0" visibilityInactive="false"/>
                <objectChange node="1>1|0|0" compoundChildActive="true" compoundChildInactive="false"/>
                <objectChange node="1>1|0|1" compoundChildActive="true" compoundChildInactive="false"/>
                <objectChange node="1>1|0|2" compoundChildActive="true" compoundChildInactive="false"/>
                <objectChange node="0>0" scaleActive="1 0.6 0.65"/>
                <objectChange node="0>5" scaleActive="1 0.6 0.65"/>
                <objectChange node="0>5|0|0|0" scaleActive="0.72 1 1"/>
                <objectChange node="0>5|0|0|1" scaleActive="0.72 1 1"/>
            </inputAttacherJointConfiguration>
            <inputAttacherJointConfiguration name="$l10n_configuration_inputAttacherFrontLoader" vehicleBrand="CSZ_frontLoaders" vehicleIcon="image/store_forcaPolivalenteMonoblocco_frontLoaders.png" price="100">
                <inputAttacherJoint node="0>2|0" jointType="frontloader"/>
                <objectChange node="0>" massActive="325"/>
                <objectChange node="1>" massActive="225"/>
                <objectChange node="0>2" scaleActive="1 1 1" visibilityActive="true" scaleInactive="0 0 0" visibilityInactive="false"/>
                <objectChange node="1>" translationActive="0 0.649 0.033"/>
                <objectChange node="0>2|2|0" compoundChildActive="true" compoundChildInactive="false"/>
                <objectChange node="0>2|2|1" compoundChildActive="true" compoundChildInactive="false"/>
                <objectChange node="1>2" scaleActive="1 1 1" visibilityActive="true" scaleInactive="0 0 0" visibilityInactive="false"/>
                <objectChange node="1>2|0|0" compoundChildActive="true" compoundChildInactive="false"/>
                <objectChange node="1>2|0|1" compoundChildActive="true" compoundChildInactive="false"/>
                <objectChange node="1>2|0|2" compoundChildActive="true" compoundChildInactive="false"/>
                <objectChange node="0>0" scaleActive="1 0.7 0.7"/>
                <objectChange node="0>5" scaleActive="1 0.7 0.7"/>
                <objectChange node="0>5|0|0|0" scaleActive="0.7 1 1"/>
                <objectChange node="0>5|0|0|1" scaleActive="0.7 1 1"/>
            </inputAttacherJointConfiguration>
            <inputAttacherJointConfiguration name="$l10n_configuration_inputAttacherTeleLoaders" vehicleBrand="CSZ_teleLoaders" vehicleIcon="image/store_forcaPolivalenteMonoblocco_teleLoaders.png" price="200">
                <inputAttacherJoint node="0>3|0" jointType="telehandler"/>
                <objectChange node="0>" massActive="350"/>
                <objectChange node="1>" massActive="250"/>
                <objectChange node="0>3" scaleActive="1 1 1" visibilityActive="true" scaleInactive="0 0 0" visibilityInactive="false"/>
                <objectChange node="1>" translationActive="0 0.788 0.033"/>
                <objectChange node="0>3|2|0" compoundChildActive="true" compoundChildInactive="false"/>
                <objectChange node="0>3|2|1" compoundChildActive="true" compoundChildInactive="false"/>
                <objectChange node="1>3" scaleActive="1 1 1" visibilityActive="true" scaleInactive="0 0 0" visibilityInactive="false"/>
                <objectChange node="1>3|0|0" compoundChildActive="true" compoundChildInactive="false"/>
                <objectChange node="1>3|0|1" compoundChildActive="true" compoundChildInactive="false"/>
                <objectChange node="1>3|0|2" compoundChildActive="true" compoundChildInactive="false"/>
                <objectChange node="0>0" scaleActive="1 0.85 0.9"/>
                <objectChange node="0>5" scaleActive="1 0.85 0.9"/>
                <objectChange node="0>5|0|0|0" scaleActive="0.9 1 1"/>
                <objectChange node="0>5|0|0|1" scaleActive="0.9 1 1"/>
            </inputAttacherJointConfiguration>
            <inputAttacherJointConfiguration name="$l10n_configuration_inputAttacherWheelLoader" vehicleBrand="CSZ_wheelLoaders" vehicleIcon="image/store_forcaPolivalenteMonoblocco_wheelLoaders.png" price="300">
                <inputAttacherJoint node="0>4|0" jointType="wheelLoader"/>
                <objectChange node="0>" massActive="375"/>
                <objectChange node="1>" massActive="275"/>
                <objectChange node="0>4" scaleActive="1 1 1" visibilityActive="true" scaleInactive="0 0 0" visibilityInactive="false"/>
                <objectChange node="1>" translationActive="0 0.927 0.033"/>
                <objectChange node="0>4|2|0" compoundChildActive="true" compoundChildInactive="false"/>
                <objectChange node="0>4|2|1" compoundChildActive="true" compoundChildInactive="false"/>
                <objectChange node="1>4" scaleActive="1 1 1" visibilityActive="true" scaleInactive="0 0 0" visibilityInactive="false"/>
                <objectChange node="1>4|0|0" compoundChildActive="true" compoundChildInactive="false"/>
                <objectChange node="1>4|0|1" compoundChildActive="true" compoundChildInactive="false"/>
                <objectChange node="1>4|0|2" compoundChildActive="true" compoundChildInactive="false"/>
                <objectChange node="0>0" scaleActive="1 1 1"/>
                <objectChange node="0>5" scaleActive="1 1 1"/>
                <objectChange node="0>5|0|0|0" scaleActive="1 1 1"/>
                <objectChange node="0>5|0|0|1" scaleActive="1 1 1"/>
            </inputAttacherJointConfiguration>
        </inputAttacherJointConfigurations>
        <inputAttacherJoints>
            <inputAttacherJoint node="0>0" jointType="loaderFork"/>
            <inputAttacherJoint node="0>0|0" jointType="hookLift"/>
            <inputAttacherJoint node="0>0|1" jointType="hookLift"/>
        </inputAttacherJoints>
        <toolCameras>
            <toolCamera node="0>0|2|1|0" rotatable="true" rotateNode="0>0|2|1" limit="true" useWorldXZRotation="true" rotMinX="-1.4" rotMaxX="1" transMin="1.5" transMax="18" translation="0 0 5.5" rotation="-17.5 180 0">
                <raycastNode node="0>0|2|1"/>
                <raycastNode node="0>0|2|2"/>
                <raycastNode node="0>0|2|3"/>
            </toolCamera>
        </toolCameras>
    </attachable>
    <configurationSets title="$l10n_configuration_attacherJoint">
        <configurationSet name="$l10n_configuration_inputAttacherSkidSteer">
            <configuration name="inputAttacherJoint" index="1"/>
            <configuration name="fillUnit"           index="1"/>
            <configuration name="design"             index="1"/>
            <configuration name="attacherJoint"      index="1"/>
        </configurationSet>
        <configurationSet name="$l10n_configuration_inputAttacherFrontLoader">
            <configuration name="inputAttacherJoint" index="2"/>
            <configuration name="fillUnit"           index="2"/>
            <configuration name="design"             index="1"/>
            <configuration name="attacherJoint"      index="1"/>
        </configurationSet>
        <configurationSet name="$l10n_configuration_inputAttacherTeleLoaders">
            <configuration name="inputAttacherJoint" index="3"/>
            <configuration name="fillUnit"           index="3"/>
            <configuration name="design"             index="1"/>
            <configuration name="attacherJoint"      index="1"/>
        </configurationSet>
        <configurationSet name="$l10n_configuration_inputAttacherWheelLoader">
            <configuration name="inputAttacherJoint" index="4"/>
            <configuration name="fillUnit"           index="4"/>
            <configuration name="design"             index="1"/>
            <configuration name="attacherJoint"      index="1"/>
        </configurationSet>
        <configurationSet name="$l10n_configuration_inputAttacherTeleLoaders">
            <configuration name="inputAttacherJoint" index="3"/>
            <configuration name="fillUnit"           index="3"/>
            <configuration name="design"             index="1"/>
            <configuration name="attacherJoint"      index="1"/>
        </configurationSet>
        <configurationSet name="$l10n_configuration_inputAttacherFrontLoader">
            <configuration name="inputAttacherJoint" index="2"/>
            <configuration name="fillUnit"           index="2"/>
            <configuration name="design"             index="1"/>
            <configuration name="attacherJoint"      index="1"/>
        </configurationSet>
        <configurationSet name="$l10n_configuration_inputAttacherSkidSteer">
            <configuration name="inputAttacherJoint" index="5"/>
            <configuration name="fillUnit"           index="1"/>
            <configuration name="design"             index="2"/>
            <configuration name="attacherJoint"      index="1"/>
        </configurationSet>
        <configurationSet name="$l10n_configuration_inputAttacherFrontLoader">
            <configuration name="inputAttacherJoint" index="6"/>
            <configuration name="fillUnit"           index="2"/>
            <configuration name="design"             index="2"/>
            <configuration name="attacherJoint"      index="1"/>
        </configurationSet>
        <configurationSet name="$l10n_configuration_inputAttacherTeleLoaders">
            <configuration name="inputAttacherJoint" index="7"/>
            <configuration name="fillUnit"           index="3"/>
            <configuration name="design"             index="2"/>
            <configuration name="attacherJoint"      index="1"/>
        </configurationSet>
        <configurationSet name="$l10n_configuration_inputAttacherWheelLoader">
            <configuration name="inputAttacherJoint" index="8"/>
            <configuration name="fillUnit"           index="4"/>
            <configuration name="design"             index="2"/>
            <configuration name="attacherJoint"      index="1"/>
        </configurationSet>
        <configurationSet name="$l10n_configuration_inputAttacherTeleLoaders">
            <configuration name="inputAttacherJoint" index="7"/>
            <configuration name="fillUnit"           index="3"/>
            <configuration name="design"             index="2"/>
            <configuration name="attacherJoint"      index="1"/>
        </configurationSet>
        <configurationSet name="$l10n_configuration_inputAttacherFrontLoader">
            <configuration name="inputAttacherJoint" index="6"/>
            <configuration name="fillUnit"           index="2"/>
            <configuration name="design"             index="2"/>
            <configuration name="attacherJoint"      index="1"/>
        </configurationSet>
        <configurationSet name="$l10n_configuration_inputAttacherSkidSteer">
            <configuration name="inputAttacherJoint" index="9"/>
            <configuration name="fillUnit"           index="1"/>
            <configuration name="design"             index="1"/>
            <configuration name="attacherJoint"      index="2"/>
        </configurationSet>
        <configurationSet name="$l10n_configuration_inputAttacherFrontLoader">
            <configuration name="inputAttacherJoint" index="10"/>
            <configuration name="fillUnit"           index="2"/>
            <configuration name="design"             index="1"/>
            <configuration name="attacherJoint"      index="2"/>
        </configurationSet>
        <configurationSet name="$l10n_configuration_inputAttacherTeleLoaders">
            <configuration name="inputAttacherJoint" index="11"/>
            <configuration name="fillUnit"           index="3"/>
            <configuration name="design"             index="1"/>
            <configuration name="attacherJoint"      index="2"/>
        </configurationSet>
        <configurationSet name="$l10n_configuration_inputAttacherWheelLoader">
            <configuration name="inputAttacherJoint" index="12"/>
            <configuration name="fillUnit"           index="4"/>
            <configuration name="design"             index="1"/>
            <configuration name="attacherJoint"      index="2"/>
        </configurationSet>
        <configurationSet name="$l10n_configuration_inputAttacherTeleLoaders">
            <configuration name="inputAttacherJoint" index="11"/>
            <configuration name="fillUnit"           index="3"/>
            <configuration name="design"             index="1"/>
            <configuration name="attacherJoint"      index="2"/>
        </configurationSet>
        <configurationSet name="$l10n_configuration_inputAttacherFrontLoader">
            <configuration name="inputAttacherJoint" index="10"/>
            <configuration name="fillUnit"           index="2"/>
            <configuration name="design"             index="1"/>
            <configuration name="attacherJoint"      index="2"/>
        </configurationSet>
        <configurationSet name="$l10n_configuration_inputAttacherSkidSteer">
            <configuration name="inputAttacherJoint" index="13"/>
            <configuration name="fillUnit"           index="1"/>
            <configuration name="design"             index="2"/>
            <configuration name="attacherJoint"      index="2"/>
        </configurationSet>
        <configurationSet name="$l10n_configuration_inputAttacherFrontLoader">
            <configuration name="inputAttacherJoint" index="14"/>
            <configuration name="fillUnit"           index="2"/>
            <configuration name="design"             index="2"/>
            <configuration name="attacherJoint"      index="2"/>
        </configurationSet>
        <configurationSet name="$l10n_configuration_inputAttacherTeleLoaders">
            <configuration name="inputAttacherJoint" index="15"/>
            <configuration name="fillUnit"           index="3"/>
            <configuration name="design"             index="2"/>
            <configuration name="attacherJoint"      index="2"/>
        </configurationSet>
        <configurationSet name="$l10n_configuration_inputAttacherWheelLoader">
            <configuration name="inputAttacherJoint" index="16"/>
            <configuration name="fillUnit"           index="4"/>
            <configuration name="design"             index="2"/>
            <configuration name="attacherJoint"      index="2"/>
        </configurationSet>
        <configurationSet name="$l10n_configuration_inputAttacherTeleLoaders">
            <configuration name="inputAttacherJoint" index="15"/>
            <configuration name="fillUnit"           index="3"/>
            <configuration name="design"             index="2"/>
            <configuration name="attacherJoint"      index="2"/>
        </configurationSet>
        <configurationSet name="$l10n_configuration_inputAttacherFrontLoader">
            <configuration name="inputAttacherJoint" index="14"/>
            <configuration name="fillUnit"           index="2"/>
            <configuration name="design"             index="2"/>
            <configuration name="attacherJoint"      index="2"/>
        </configurationSet>
    </configurationSets>
    <attacherJoints>
        <attacherJointConfigurations title="$l10n_configuration_design">
            <attacherJointConfiguration name="$l10n_name_forcaLetame" connectionHoseConfigId="1">
                <objectChange node="0>5|0" visibilityActive="false"/>
                <objectChange node="0>5|1" visibilityActive="false"/>
                <objectChange node="0>5|2" visibilityActive="false"/>
                <objectChange node="0>5|5" visibilityActive="true"/>
                <objectChange node="1>1" scaleActive="0 0 0" visibilityActive="false"/>
                <objectChange node="1>1|0|0" compoundChildActive="false"/>
                <objectChange node="1>1|0|1" compoundChildActive="false"/>
                <objectChange node="1>1|0|2" compoundChildActive="false"/>
                <objectChange node="1>2" scaleActive="0 0 0" visibilityActive="false"/>
                <objectChange node="1>2|0|0" compoundChildActive="false"/>
                <objectChange node="1>2|0|1" compoundChildActive="false"/>
                <objectChange node="1>2|0|2" compoundChildActive="false"/>
                <objectChange node="1>3" scaleActive="0 0 0" visibilityActive="false"/>
                <objectChange node="1>3|0|0" compoundChildActive="false"/>
                <objectChange node="1>3|0|1" compoundChildActive="false"/>
                <objectChange node="1>3|0|2" compoundChildActive="false"/>
                <objectChange node="1>4" scaleActive="0 0 0" visibilityActive="false"/>
                <objectChange node="1>4|0|0" compoundChildActive="false"/>
                <objectChange node="1>4|0|1" compoundChildActive="false"/>
                <objectChange node="1>4|0|2" compoundChildActive="false"/>
            </attacherJointConfiguration>
            <attacherJointConfiguration name="$l10n_name_forcaPolivalente" connectionHoseConfigId="2">
                <objectChange node="0>5|0" visibilityActive="true"/>
                <objectChange node="0>5|1" visibilityActive="true"/>
                <objectChange node="0>5|2" visibilityActive="true"/>
                <objectChange node="0>5|5" visibilityActive="false"/>
            </attacherJointConfiguration>
        </attacherJointConfigurations>
    </attacherJoints>
    <designConfigurations>
        <designConfiguration name="$l10n_dentiForgiati">
            <objectChange node="0>5|1|1" visibilityActive="true" visibilityInactive="false"/>
            <objectChange node="0>5|3" visibilityActive="true" visibilityInactive="false"/>
            <objectChange node="0>5|6|2|0" visibilityActive="true" visibilityInactive="false"/>
        </designConfiguration>
        <designConfiguration name="$l10n_monoblocco" price="100">
            <objectChange node="0>5|1|2" visibilityActive="true" visibilityInactive="false"/>
            <objectChange node="0>5|4" visibilityActive="true" visibilityInactive="false"/>
            <objectChange node="0>5|6|2|3" visibilityActive="true" visibilityInactive="false"/>
        </designConfiguration>
    </designConfigurations>
    <connectionHoses>
        <connectionHoseConfigurations>
            <connectionHoseConfiguration/>
                <connectionHoseConfiguration>
                    <hose inputAttacherJointIndices="4" type="hydraulicIn" node="0>5|2|0" adapterNode="0>5|2|2|2|0" length="1" diameter="0.02">
                        <objectChange node="0>5|2|2" visibilityActive="false" visibilityInactive="true"/>
                    </hose>
                    <hose inputAttacherJointIndices="4" type="hydraulicOut" node="0>5|2|1" adapterNode="0>5|2|2|2|1" length="1" diameter="0.02"/>
                    <localHose>
                        <hose type="hydraulicIn" node="0>5|2|2|0" length="0.4" diameter="0.02" straighteningFactor="2" isTwoPointHose="true"/>
                        <target type="none" node="0>5|2|2|2|0"/>
                    </localHose>
                    <localHose>
                        <hose type="hydraulicOut" node="0>5|2|2|1" length="0.4" diameter="0.02" straighteningFactor="2.5" isTwoPointHose="true"/>
                        <target type="none" node="0>5|2|2|2|1"/>
                    </localHose>
                    <localHose>
                        <hose type="hydraulicIn" node="0>5|2|3" length="0.05" diameter="0.02" isTwoPointHose="true"/>
                        <target type="none" node="0>5|0|0|0|1"/>
                    </localHose>
                    <localHose>
                        <hose type="hydraulicOut" node="0>5|2|4" length="0.05" diameter="0.02" isTwoPointHose="true"/>
                        <target type="none" node="0>5|0|0|0|2"/>
                    </localHose>
                    <localHose>
                        <hose type="hydraulicIn" node="0>5|2|5" length="0.05" diameter="0.02" isTwoPointHose="true"/>
                        <target type="none" node="0>5|0|0|1|1"/>
                    </localHose>
                    <localHose>
                        <hose type="hydraulicOut" node="0>5|2|6" length="0.05" diameter="0.02" isTwoPointHose="true"/>
                        <target type="none" node="0>5|0|0|1|2"/>
                    </localHose>
            </connectionHoseConfiguration>
        </connectionHoseConfigurations>
    </connectionHoses>
    <!-- trattenitore -->
    <cylindered>
        <movingTools>
            <movingTool node="0>5|7" playSound="true">
                <controls axis="AXIS_FRONTLOADER_TOOL2" invertAxis="true" mouseSpeedFactor="0.3" iconName="TOOL_OPEN_CLOSE"/>
                <componentJoint index="1" anchorActor="0"/>
                <rotation rotSpeed="45" rotAcceleration="250" rotMax="0" rotMin="-105" startRot="-4"/>
            </movingTool>
        </movingTools>
        <movingParts>
            <movingPart node="0>5|1" referencePoint="1>0" referenceFrame="0>5|7" limitedAxis="1" isActiveDirty="true" maxUpdateDistance="100"/>
            <movingPart node="0>5|0|0|0" referencePoint="0>5|1|0" referenceFrame="0>" limitedAxis="1" isActiveDirty="true" maxUpdateDistance="100">
                <translatingPart node="0>5|0|0|0|0"/>
            </movingPart>
            <movingPart node="0>5|0|0|1" referencePoint="0>5|1|0" referenceFrame="0>" limitedAxis="1" isActiveDirty="true" maxUpdateDistance="100">
                <translatingPart node="0>5|0|0|1|0"/>
            </movingPart>
        </movingParts>
        <sounds>
            <actionSound template="defaultHydraulicSound" pitchScale="0.6" volumeScale="2"   linkNode="0>5|7" actionNames="TOOL_MOVE_POS TOOL_MOVE_NEG" nodes="0>5|7"/>
            <actionSound template="clackVar6"             pitchScale="0.9" volumeScale="1.4" linkNode="0>5|7" actionNames="TOOL_MOVE_END_POS_LIMIT"     nodes="0>5|7"/>
            <actionSound template="cylinderPunch"         pitchScale="2"   volumeScale="0.5" linkNode="0>5|7" actionNames="TOOL_MOVE_END_POS_LIMIT"     nodes="0>5|7"/>
            <actionSound template="clackVar6"             pitchScale="0.6" volumeScale="1.7" linkNode="0>5|7" actionNames="TOOL_MOVE_END_NEG_LIMIT"     nodes="0>5|7"/>
            <actionSound template="sheetImp02"            pitchScale="0.8" volumeScale="2"   linkNode="0>5|7" actionNames="TOOL_MOVE_END_NEG_LIMIT"     nodes="0>5|7"/>
        </sounds>
    </cylindered>
    <!-- trattenitore -->
    <fillUnit>
        <fillUnitConfigurations>
            <fillUnitConfiguration name="$l10n_configuration_inputAttacherSkidSteer">
                <fillUnits>
                    <fillUnit shopDisplayUnit="CUBICMETER" fillTypeCategories="fork" capacity="1100">
                        <exactFillRootNode node="0>5|6|1"/>
                    </fillUnit>
                    <fillUnit unitTextOverride="CUBICMETER" fillTypeCategories="fork" capacity="10000" showInShop="false" showOnHud="false"/>
                </fillUnits>
            </fillUnitConfiguration>
            <fillUnitConfiguration name="$l10n_configuration_inputAttacherFrontLoader">
                <fillUnits>
                    <fillUnit shopDisplayUnit="CUBICMETER" fillTypeCategories="fork" capacity="1500">
                        <exactFillRootNode node="0>5|6|1"/>
                    </fillUnit>
                    <fillUnit unitTextOverride="CUBICMETER" fillTypeCategories="fork" capacity="10000" showInShop="false" showOnHud="false"/>
                </fillUnits>
            </fillUnitConfiguration>
            <fillUnitConfiguration name="$l10n_configuration_inputAttacherTeleLoaders">
                <fillUnits>
                    <fillUnit shopDisplayUnit="CUBICMETER" fillTypeCategories="fork" capacity="2100">
                        <exactFillRootNode node="0>5|6|1"/>
                    </fillUnit>
                    <fillUnit unitTextOverride="CUBICMETER" fillTypeCategories="fork" capacity="10000" showInShop="false" showOnHud="false"/>
                </fillUnits>
            </fillUnitConfiguration>
            <fillUnitConfiguration name="$l10n_configuration_inputAttacherWheelLoader">
                <fillUnits>
                    <fillUnit shopDisplayUnit="CUBICMETER" fillTypeCategories="fork" capacity="2500">
                        <exactFillRootNode node="0>5|6|1"/>
                    </fillUnit>
                    <fillUnit unitTextOverride="CUBICMETER" fillTypeCategories="fork" capacity="10000" showInShop="false" showOnHud="false"/>
                </fillUnits>
            </fillUnitConfiguration>
        </fillUnitConfigurations>
    </fillUnit>
    <fillVolume>
        <fillVolumeConfigurations>
            <fillVolumeConfiguration>
                <volumes>
                    <volume node="0>5|6|2|0" maxAllowedHeapAngle="10" fillUnitIndex="1"/>
                    <volume node="0>5|6|2|3" maxAllowedHeapAngle="10" fillUnitIndex="1"/>
                </volumes>
            </fillVolumeConfiguration>
        </fillVolumeConfigurations>
        <loadInfos>
            <loadInfo>
                <node node="0>5|6|2|1" width="2.4" length="0.2"/>
            </loadInfo>
        </loadInfos>
        <unloadInfos>
            <unloadInfo>
                <node node="0>5|6|2|2" width="2.4" length="0.2"/>
            </unloadInfo>
        </unloadInfos>
    </fillVolume>
    <dischargeable requiresTipOcclusionArea="false">
        <dischargeNode node="0>5|6|0" fillUnitIndex="1" emptySpeed="1400">
            <raycast node="0>5|6|0" maxDistance="30" useWorldNegYDirection="true" yOffset="2"/>
            <info width="2.4" length="1" zOffset="0.5"/>
            <!-- trattenitore -->
            <movingToolActivation node="0>5|7" isInverted="true" openFactor="0.4"/>
            <!-- trattenitore -->
            <effects>
                <effectNode effectClass="TipEffect">
                    <effectNode effectNode="0>5|6|3" materialType="unloadingParticle" effectClass="ParticleEffect" alignXAxisToWorldY="true"/>
                    <effectNode effectNode="0>5|6|4|0" materialType="unloading" fadeTime="0.5" alignXAxisToWorldY="true"/>
                </effectNode>
                <effectNode effectNode="0>5|6|4|1" materialType="unloadingSmoke" fadeTime="0.5"/>
            </effects>
        </dischargeNode>
    </dischargeable>
    <shovel>
        <shovelNode node="0>5|6|5" fillUnitIndex="1" loadInfoIndex="1" width="1.4" length="0.4" needsMovement="true" maxPickupAngle="105">
            <!-- trattenitore -->
            <movingToolActivation node="0>5|7" isInverted="true" openFactor="0.4"/>
            <!-- trattenitore -->
        </shovelNode>
        <dischargeInfo node="0>5|6|0" minSpeedAngle="105" maxSpeedAngle="180"/>
    </shovel>
    <leveler fillUnitIndex="2" maxFillLevelPerMS="30">
        <levelerNode node="0>5|6|6" width="2.4" zOffset="0.9" minDropWidth="1.2" maxDropWidth="2.6" minDropDirOffset="1" maxDropDirOffset="1.5" minFillLevel="0.85">
            <smoothing allowed="true" radius="0.5" overlap="1.7" direction="0"/>
        </levelerNode>
        <pickUpDirection>1</pickUpDirection>
    </leveler>
    <suspensions>
        <suspension node="0>5|6|6" weight="150" minTranslation="0 -0.5 0.0" maxTranslation="0.0 0.5 0.0" suspensionParametersX="20 4" suspensionParametersY="1 1" suspensionParametersZ="20 4" serverOnly="true"/>
    </suspensions>
    <ai>
        <agentAttachment jointNode="0>1|0" width="2.4" height="0.80" length="1.20" lengthOffset="0.40"/>
        <agentAttachment jointNode="0>2|0" width="2.4" height="0.95" length="1.20" lengthOffset="0.50"/>
        <agentAttachment jointNode="0>3|0" width="2.4" height="1.15" length="1.50" lengthOffset="0.52"/>
        <agentAttachment jointNode="0>4|0" width="2.4" height="1.35" length="1.70" lengthOffset="0.52"/>
    </ai>
    <dynamicMountAttacher node="0>">
        <mountCollisionMask node="0>1|2|1" collisionMask="134225920"/>
        <mountCollisionMask node="0>2|2|1" collisionMask="134225920"/>
        <mountCollisionMask node="0>3|2|1" collisionMask="134225920"/>
        <mountCollisionMask node="0>4|2|1" collisionMask="134225920"/>
        <!-- trattenitore -->
        <mountCollisionMask node="1>1|0|1" collisionMask="134225920"/>
        <mountCollisionMask node="1>2|0|1" collisionMask="134225920"/>
        <mountCollisionMask node="1>3|0|1" collisionMask="134225920"/>
        <mountCollisionMask node="1>4|0|1" collisionMask="134225920"/>
        <grab openMountType="TYPE_FORK" closedMountType="TYPE_AUTO_ATTACH_XYZ">
            <movingToolActivation node="0>5|7" isInverted="true" openFactor="0.4"/>
        </grab>
        <!-- trattenitore -->
    </dynamicMountAttacher>
    <tensionBeltObject>
        <meshNodes>
            <meshNode node="0>1|1"/>
            <meshNode node="0>2|1"/>
            <meshNode node="0>3|1"/>
            <meshNode node="0>4|1"/>
            <meshNode node="0>5"/>
            <meshNode node="0>5|0|0|0"/>
            <meshNode node="0>5|0|0|0|0"/>
            <meshNode node="0>5|0|0|1"/>
            <meshNode node="0>5|0|0|1|0"/>
            <meshNode node="0>5|0|1"/>
            <meshNode node="0>5|1|1"/>
            <meshNode node="0>5|1|1|0|0"/>
            <meshNode node="0>5|1|2"/>
            <meshNode node="0>5|3"/>
            <meshNode node="0>5|4"/>
            <meshNode node="0>5|5"/>
        </meshNodes>
    </tensionBeltObject>
    <foliageBending>
        <bendingNode minX="1.1" maxX="-1.1" minZ="0" maxZ="0.5" yOffset="0.02"/>
    </foliageBending>
    <baseMaterial>
        <material name="CSZ_pack_mat" baseNode="0>5">
            <shaderParameter name="colorMat0" material="16" value="1 0 0"/>
        </material>
    </baseMaterial>
    <wearable wearDuration="480" workMultiplier="5" fieldMultiplier="2"/>
    <washable dirtDuration="90" washDuration="1" workMultiplier="6" fieldMultiplier="2"/>
</vehicle>