<?xml version="1.0" encoding="utf-8" standalone="no" ?>
<vehicle type="baseAttachable" xmlns:xsi="http://www.w3.org/2001/XMLSchema-instance" xsi:noNamespaceSchemaLocation="https://validation.gdn.giants-software.com/xml/schema/vehicle.xsd">
    <annotation>Copyright (C) DD ModPassion, All Rights Reserved.</annotation>
    <parentFile xmlFilename="xmlFilename/skidSteer/forcaLetame.xml">
        <attributes>
            <set path="vehicle.storeData.name" value="$l10n_name_forcaLetameDentiForgiati"/>
            <set path="vehicle.storeData.image" value="image/store_forcaLetameDentiForgiati_skidSteers.png"/>
            <remove path="vehicle.configurationSets.configurationSet(23)"/>
            <remove path="vehicle.configurationSets.configurationSet(22)"/>
            <remove path="vehicle.configurationSets.configurationSet(21)"/>
            <remove path="vehicle.configurationSets.configurationSet(20)"/>
            <remove path="vehicle.configurationSets.configurationSet(19)"/>
            <remove path="vehicle.configurationSets.configurationSet(18)"/>
            <remove path="vehicle.configurationSets.configurationSet(17)"/>
            <remove path="vehicle.configurationSets.configurationSet(16)"/>
            <remove path="vehicle.configurationSets.configurationSet(15)"/>
            <remove path="vehicle.configurationSets.configurationSet(14)"/>
            <remove path="vehicle.configurationSets.configurationSet(13)"/>
            <remove path="vehicle.configurationSets.configurationSet(12)"/>
            <remove path="vehicle.configurationSets.configurationSet(11)"/>
            <remove path="vehicle.configurationSets.configurationSet(10)"/>
            <remove path="vehicle.configurationSets.configurationSet(9)"/>
            <remove path="vehicle.configurationSets.configurationSet(8)"/>
            <remove path="vehicle.configurationSets.configurationSet(7)"/>
            <remove path="vehicle.configurationSets.configurationSet(6)"/>
            <remove path="vehicle.cylindered.movingTools.movingTool(0).controls"/>
            <remove path="vehicle.cylindered.movingParts"/>
            <remove path="vehicle.dischargeable.dischargeNode.movingToolActivation"/>
            <remove path="vehicle.shovel.shovelNode.movingToolActivation"/>
            <remove path="vehicle.dynamicMountAttacher.mountCollisionMask(7)"/>
            <remove path="vehicle.dynamicMountAttacher.mountCollisionMask(6)"/>
            <remove path="vehicle.dynamicMountAttacher.mountCollisionMask(5)"/>
            <remove path="vehicle.dynamicMountAttacher.mountCollisionMask(4)"/>
            <remove path="vehicle.dynamicMountAttacher.grab"/>
         </attributes>
    </parentFile>
    <storeData>
        <name>$l10n_name_forcaLetameDentiForgiati</name>
        <image>image/store_forcaLetame_skidSteers.png</image>
        <brand>CSZ</brand>
        <category>skidSteerTools</category>
        <vertexBufferMemoryUsage>0</vertexBufferMemoryUsage>
        <indexBufferMemoryUsage>0</indexBufferMemoryUsage>
        <textureMemoryUsage>0</textureMemoryUsage>
        <audioMemoryUsage>0</audioMemoryUsage>
        <instanceVertexBufferMemoryUsage>0</instanceVertexBufferMemoryUsage>
        <instanceIndexBufferMemoryUsage>0</instanceIndexBufferMemoryUsage>
    </storeData>
    <wearable wearDuration="480" workMultiplier="5" fieldMultiplier="2"/>
    <washable dirtDuration="90" washDuration="1" workMultiplier="6" fieldMultiplier="2"/>
</vehicle>
