﻿<?xml version="1.0" encoding="utf-8" standalone="no" ?>
<vehicle type="implementDynamicMountAttacher" xmlns:xsi="http://www.w3.org/2001/XMLSchema-instance" xsi:noNamespaceSchemaLocation="https://validation.gdn.giants-software.com/xml/schema/vehicle.xsd">
    <annotation>Copyright (C) DD ModPassion, All Rights Reserved.</annotation>
    <storeData>
        <name>$l10n_name_gancioSollevamento</name>
        <specs>
            <combination filterCategory="skidSteerVehicles"/>
        </specs>
        <functions>
            <function>$l10n_function_bigBagLifter</function>
        </functions>
        <storePacks>
            <storePack>STARTER_TRANSPORT</storePack>
        </storePacks>
        <image>image/store_gancioSollevamento_skidSteers.png</image>
        <price>150</price>
        <lifetime>600</lifetime>
        <rotation>0</rotation>
        <brand>CSZ</brand>
        <category>skidSteerTools</category>
        <shopDynamicTitle>true</shopDynamicTitle>
        <shopTranslationOffset>0 0.1 0</shopTranslationOffset>
        <shopLoadingDelay initial="0.4"/>
        <vertexBufferMemoryUsage>255488</vertexBufferMemoryUsage>
        <indexBufferMemoryUsage>41472</indexBufferMemoryUsage>
        <textureMemoryUsage>458752</textureMemoryUsage>
        <audioMemoryUsage>0</audioMemoryUsage>
        <instanceVertexBufferMemoryUsage>0</instanceVertexBufferMemoryUsage>
        <instanceIndexBufferMemoryUsage>0</instanceIndexBufferMemoryUsage>
    </storeData>
    <base>
        <typeDesc>$l10n_typeDesc_bracettoSollevamento</typeDesc>
        <filename>filename/gancioSollevamento.i3d</filename>
        <size width="1.5" length="0.5"/>
        <components>
            <component centerOfMass="0 0 0" solverIterationCount="10" mass="45"/>
            <component solverIterationCount="10" mass="15"/>
            <joint component1="1" component2="2" node="0>5|0" rotLimit="0 0 70" transLimit="0.01 0.02 0.02" rotDriveVelocity="0 0 0.005" maxRotDriveForce="0 0 0.0002" rotLimitDamping="0 0 0.005" transLimitDamping="0.005 0.005 0.005"/>
        </components>
        <schemaOverlay attacherJointPosition="0 0" name="IMPLEMENT"/>
        <mapHotspot type="TOOL"/>
    </base>
    <attachable>
        <inputAttacherJointConfigurations>
            <inputAttacherJointConfiguration name="$l10n_configuration_inputAttacherSkidSteer" vehicleBrand="CSZ_skidSteers" vehicleIcon="image/store_gancioSollevamento_skidSteers.png">
                <inputAttacherJoint node="0>1|0" jointType="skidSteer"/>
                <objectChange node="0>1" scaleActive="1 1 1" visibilityActive="true" scaleInactive="0 0 0" visibilityInactive="false"/>
                <objectChange node="0>5|1" scaleActive="1 1 1"/>
            </inputAttacherJointConfiguration>
            <inputAttacherJointConfiguration name="$l10n_configuration_inputAttacherFrontLoader" vehicleBrand="CSZ_frontLoaders" vehicleIcon="image/store_gancioSollevamento_frontLoaders.png">
                <inputAttacherJoint node="0>2|0" jointType="frontloader"/>
                <objectChange node="0>2" scaleActive="1 1 1" visibilityActive="true" scaleInactive="0 0 0" visibilityInactive="false"/>
                <objectChange node="0>5|1" scaleActive="0.95 1 1"/>
            </inputAttacherJointConfiguration>
            <inputAttacherJointConfiguration name="$l10n_configuration_inputAttacherTeleLoaders" vehicleBrand="CSZ_teleLoaders" vehicleIcon="image/store_gancioSollevamento_teleLoaders.png">
                <inputAttacherJoint node="0>3|0" jointType="telehandler"/>
                <objectChange node="0>3" scaleActive="1 1 1" visibilityActive="true" scaleInactive="0 0 0" visibilityInactive="false"/>
                <objectChange node="0>5|1" scaleActive="0.7 1 1"/>
            </inputAttacherJointConfiguration>
            <inputAttacherJointConfiguration name="$l10n_configuration_inputAttacherWheelLoader" vehicleBrand="CSZ_wheelLoaders" vehicleIcon="image/store_gancioSollevamento_wheelLoaders.png">
                <inputAttacherJoint node="0>4|0" jointType="wheelLoader"/>
                <objectChange node="0>4" scaleActive="1 1 1" visibilityActive="true" scaleInactive="0 0 0" visibilityInactive="false"/>
                <objectChange node="0>5|1" scaleActive="0.9 1 1"/>
            </inputAttacherJointConfiguration>
        </inputAttacherJointConfigurations>
        <inputAttacherJoints>
            <inputAttacherJoint node="0>0" jointType="loaderFork"/>
            <inputAttacherJoint node="0>0|0" jointType="hookLift"/>
            <inputAttacherJoint node="0>0|1" jointType="hookLift"/>
        </inputAttacherJoints>
        <toolCameras>
            <toolCamera node="0>0|2|1|0" rotatable="true" rotateNode="0>0|2|1" limit="true" useWorldXZRotation="true" rotMinX="-1.4" rotMaxX="1" transMin="1.5" transMax="18" translation="0 0 5.5" rotation="-17.5 180 0">
                <raycastNode node="0>0|2|1"/>
                <raycastNode node="0>0|2|2"/>
                <raycastNode node="0>0|2|3"/>
            </toolCamera>
        </toolCameras>
        <support animationName="moveSupport"/>
    </attachable>
    <configurationSets title="$l10n_configuration_attacherJoint">
        <configurationSet name="$l10n_configuration_inputAttacherSkidSteer">
            <configuration name="inputAttacherJoint" index="1"/>
        </configurationSet>
        <configurationSet name="$l10n_configuration_inputAttacherFrontLoader">
            <configuration name="inputAttacherJoint" index="2"/>
        </configurationSet>
        <configurationSet name="$l10n_configuration_inputAttacherTeleLoaders">
            <configuration name="inputAttacherJoint" index="3"/>
        </configurationSet>
        <configurationSet name="$l10n_configuration_inputAttacherWheelLoader">
            <configuration name="inputAttacherJoint" index="4"/>
        </configurationSet>
    </configurationSets>
    <attacherJoints>
        <attacherJointConfigurations>
            <attacherJointConfiguration name="$l10n_configuration_valueNone">
                <attacherJoint node="1>0|1" jointType="trailer" rootNode="1>" allowsJointLimitMovement="false" lowerRotLimit="5 5 90" upperRotLimit="5 5 90" upperTransLimit="0 0 0" lowerTransLimit="0 0 0" rotLimitSpring="7500 7500 7500" rotLimitDamping="1 1 1" transLimitSpring="7500 7500 7500" transLimitDamping="1 1 1" canTurnOnImplement="false">
                    <schema position="0.5 0" rotation="0" invertX="false" />
                </attacherJoint>
                <attacherJoint node="1>0|1" jointType="trailerLow" rootNode="1>" allowsJointLimitMovement="false" lowerRotLimit="5 5 90" upperRotLimit="5 5 90" upperTransLimit="0 0 0" lowerTransLimit="0 0 0" rotLimitSpring="7500 7500 7500" rotLimitDamping="1 1 1" transLimitSpring="7500 7500 7500" transLimitDamping="1 1 1" canTurnOnImplement="false">
                    <schema position="0.5 0" rotation="0" invertX="false" />
                </attacherJoint>
            </attacherJointConfiguration>
            <attacherJointConfiguration name="F3">
                <attacherJoint node="0>6|0|0|0" jointType="trailer" lowerRotLimit="25 65 50" allowsJointLimitMovement="false" comboTime="0" canTurnOnImplement="false">
                    <schema position="0.5 0" rotation="0" invertX="false" />
                </attacherJoint>
                <objectChange node="0>6" visibilityActive="true" visibilityInactive="false"/>
                <objectChange node="0>6|0" visibilityActive="true" visibilityInactive="false"/>
            </attacherJointConfiguration>
            <attacherJointConfiguration name="K80">
                <attacherJoint node="0>6|1|0|0" jointType="trailerLow" lowerRotLimit="25 60 50" lowerTransLimit="0 0 0" allowsJointLimitMovement="false" comboTime="1" canTurnOnImplement="false">
                    <schema position="0.5 0" rotation="0" invertX="false" />
                </attacherJoint>
                <objectChange node="0>6" visibilityActive="true" visibilityInactive="false"/>
                <objectChange node="0>6|1" visibilityActive="true" visibilityInactive="false"/>
            </attacherJointConfiguration>
        </attacherJointConfigurations>
        <attacherJoint node="1>0|1" jointType="hookLift" rootNode="1>" allowsJointLimitMovement="false" allowsLowering="false" rotLimitDamping="5 5 5" transLimitDamping="5 5 5" upperRotationOffset="15 0 15" canTurnOnImplement="false">
            <schema position="0.5 0" rotation="0" invertX="false"/>
        </attacherJoint>
        <attacherJoint node="1>0|1" jointType="bigBag" rootNode="1>" allowsJointLimitMovement="false" allowsLowering="false" lowerRotLimit="5 5 90" upperRotLimit="5 5 90" upperTransLimit="0 0 0" lowerTransLimit="0 0 0" rotLimitSpring="7500 7500 7500" rotLimitDamping="1 1 1" transLimitSpring="7500 7500 7500" transLimitDamping="1 1 1">
            <schema position="0.5 0" rotation="0" invertX="false" />
        </attacherJoint>
        <sounds>
            <attach template="ATTACH_BigBag" volumeScale="1" pitchScale="0.8"/>
        </sounds>
    </attacherJoints>
    <animations>
        <animation name="moveSupport">
            <part node="1>0" startTime="0" endTime="0.2" startRot="0 0 0" endRot="0 0 85"/>
            <part node="1>1" startTime="0" endTime="0.2" starTrans="0 0 0" endTrans="0 0.25 0"/>
        </animation>
    </animations>
    <ai>
        <agentAttachment width="1" height="1" length="0.2" lengthOffset="0.1"/>
    </ai>
    <tensionBeltObject>
        <meshNodes>
            <meshNode node="0>1|1"/>
            <meshNode node="0>2|1"/>
            <meshNode node="0>3|1"/>
            <meshNode node="0>4|1"/>
            <meshNode node="0>5"/>
            <meshNode node="0>5|1"/>
            <meshNode node="1>0"/>
        </meshNodes>
    </tensionBeltObject>
    <foliageBending>
        <bendingNode minX="0.5" maxX="-0.5" minZ="0.1" maxZ="-0.1" yOffset="0.02"/>
    </foliageBending>
    <baseMaterial>
        <material name="CSZ_pack_mat" baseNode="0>5">
            <shaderParameter name="colorMat0" material="16" value="1 0 0"/>
        </material>
    </baseMaterial>
    <wearable wearDuration="480" workMultiplier="5" fieldMultiplier="2"/>
    <washable dirtDuration="90" washDuration="1" workMultiplier="6" fieldMultiplier="2"/>
</vehicle>
