﻿<?xml version="1.0" encoding="utf-8" standalone="no" ?>
<vehicle type="dynamicMountAttacherTrailer" xmlns:xsi="http://www.w3.org/2001/XMLSchema-instance" xsi:noNamespaceSchemaLocation="https://validation.gdn.giants-software.com/xml/schema/vehicle.xsd">
    <annotation>Copyright (C) DD ModPassion, All Rights Reserved.</annotation>
    <storeData>
        <name>$l10n_name_movimentatoreBigBag</name>
        <specs>
            <combination filterCategory="skidSteerVehicles"/>
        </specs>
        <functions>
            <function>$l10n_function_bigBagLifter</function>
        </functions>
        <storePacks>
            <storePack>STARTER_TRANSPORT</storePack>
        </storePacks>
        <image>image/store_movimentatoreBigBag_skidSteers.png</image>
        <price>250</price>
        <lifetime>600</lifetime>
        <rotation>0</rotation>
        <brand>CSZ</brand>
        <category>skidSteerTools</category>
        <shopDynamicTitle>true</shopDynamicTitle>
        <shopTranslationOffset>0 0.1 -0.5</shopTranslationOffset>
        <shopLoadingDelay initial="0.4"/>
        <vertexBufferMemoryUsage>143104</vertexBufferMemoryUsage>
        <indexBufferMemoryUsage>28672</indexBufferMemoryUsage>
        <textureMemoryUsage>458752</textureMemoryUsage>
        <audioMemoryUsage>0</audioMemoryUsage>
        <instanceVertexBufferMemoryUsage>0</instanceVertexBufferMemoryUsage>
        <instanceIndexBufferMemoryUsage>0</instanceIndexBufferMemoryUsage>
    </storeData>
    <base>
        <typeDesc>$l10n_typeDesc_movimentatoreBigBag</typeDesc>
        <filename>filename/movimentatoreBigBag.i3d</filename>
        <size width="1.5" length="2.5"/>
        <components>
            <component centerOfMass="0 0 0" solverIterationCount="10" mass="185"/>
        </components>
        <schemaOverlay attacherJointPosition="0 0" name="IMPLEMENT"/>
        <mapHotspot type="TOOL"/>
    </base>
    <attachable>
        <inputAttacherJointConfigurations>
            <inputAttacherJointConfiguration name="$l10n_configuration_inputAttacherSkidSteer" vehicleBrand="CSZ_skidSteers" vehicleIcon="image/store_movimentatoreBigBag_skidSteers.png">
                <inputAttacherJoint node="0>1|0" jointType="skidSteer"/>
                <objectChange node="0>1" scaleActive="1 1 1" visibilityActive="true" scaleInactive="0 0 0" visibilityInactive="false"/>
                <objectChange node="0>5|1" scaleActive="1.19 1 1"/>
            </inputAttacherJointConfiguration>
            <inputAttacherJointConfiguration name="$l10n_configuration_inputAttacherFrontLoader" vehicleBrand="CSZ_frontLoaders" vehicleIcon="image/store_movimentatoreBigBag_frontLoaders.png">
                <inputAttacherJoint node="0>2|0" jointType="frontloader"/>
                <objectChange node="0>2" scaleActive="1 1 1" visibilityActive="true" scaleInactive="0 0 0" visibilityInactive="false"/>
                <objectChange node="0>5|1" scaleActive="1.12 1 1"/>
            </inputAttacherJointConfiguration>
            <inputAttacherJointConfiguration name="$l10n_configuration_inputAttacherTeleLoaders" vehicleBrand="CSZ_teleLoaders" vehicleIcon="image/store_movimentatoreBigBag_teleLoaders.png">
                <inputAttacherJoint node="0>3|0" jointType="telehandler"/>
                <objectChange node="0>3" scaleActive="1 1 1" visibilityActive="true" scaleInactive="0 0 0" visibilityInactive="false"/>
                <objectChange node="0>5|1" scaleActive="0.9 1 1"/>
            </inputAttacherJointConfiguration>
            <inputAttacherJointConfiguration name="$l10n_configuration_inputAttacherWheelLoader" vehicleBrand="CSZ_wheelLoaders" vehicleIcon="image/store_movimentatoreBigBag_wheelLoaders.png">
                <inputAttacherJoint node="0>4|0" jointType="wheelLoader"/>
                <objectChange node="0>4" scaleActive="1 1 1" visibilityActive="true" scaleInactive="0 0 0" visibilityInactive="false"/>
                <objectChange node="0>5|1" scaleActive="1.05 1 1"/>
            </inputAttacherJointConfiguration>
        </inputAttacherJointConfigurations>
        <inputAttacherJoints>
            <inputAttacherJoint node="0>0" jointType="loaderFork"/>
            <inputAttacherJoint node="0>0|0" jointType="hookLift"/>
            <inputAttacherJoint node="0>0|1" jointType="hookLift"/>
        </inputAttacherJoints>
        <toolCameras>
            <toolCamera node="0>0|2|1|0" rotatable="true" rotateNode="0>0|2|1" limit="true" useWorldXZRotation="true" rotMinX="-1.4" rotMaxX="1" transMin="1.5" transMax="18" translation="0 0 5.5" rotation="-17.5 180 0">
                <raycastNode node="0>0|2|1"/>
                <raycastNode node="0>0|2|2"/>
                <raycastNode node="0>0|2|3"/>
            </toolCamera>
        </toolCameras>
    </attachable>
    <configurationSets title="$l10n_configuration_attacherJoint">
        <configurationSet name="$l10n_configuration_inputAttacherSkidSteer">
            <configuration name="inputAttacherJoint" index="1"/>
        </configurationSet>
        <configurationSet name="$l10n_configuration_inputAttacherFrontLoader">
            <configuration name="inputAttacherJoint" index="2"/>
        </configurationSet>
        <configurationSet name="$l10n_configuration_inputAttacherTeleLoaders">
            <configuration name="inputAttacherJoint" index="3"/>
        </configurationSet>
        <configurationSet name="$l10n_configuration_inputAttacherWheelLoader">
            <configuration name="inputAttacherJoint" index="4"/>
        </configurationSet>
    </configurationSets>
    <attacherJoints>
        <attacherJoint node="0>5|2|0" jointType="bigBag" allowsJointLimitMovement="false" allowsLowering="false" lowerRotLimit="5 5 90" upperRotLimit="5 5 90" upperTransLimit="0 0 0" lowerTransLimit="0 0 0" rotLimitSpring="7500 7500 7500" rotLimitDamping="1 1 1" transLimitSpring="7500 7500 7500" transLimitDamping="1 1 1">
            <schema position="0.8 0.8" rotation="0" invertX="false" />
        </attacherJoint>
        <attacherJoint node="0>5|2|1" jointType="bigBag" allowsJointLimitMovement="false" allowsLowering="false" lowerRotLimit="5 5 90" upperRotLimit="5 5 90" upperTransLimit="0 0 0" lowerTransLimit="0 0 0" rotLimitSpring="7500 7500 7500" rotLimitDamping="1 1 1" transLimitSpring="7500 7500 7500" transLimitDamping="1 1 1">
            <schema position="1.6 0.8" rotation="0" invertX="false" />
        </attacherJoint>
        <attacherJoint node="0>5|2|0|0" jointType="bigBag" allowsJointLimitMovement="false" allowsLowering="false" lowerRotLimit="5 5 90" upperRotLimit="5 5 90" upperTransLimit="0 0 0" lowerTransLimit="0 0 0" rotLimitSpring="7500 7500 7500" rotLimitDamping="1 1 1" transLimitSpring="7500 7500 7500" transLimitDamping="1 1 1">
            <schema position="0.8 0" rotation="0" invertX="false" />
        </attacherJoint>
        <attacherJoint node="0>5|2|1|0" jointType="bigBag" allowsJointLimitMovement="false" allowsLowering="false" lowerRotLimit="5 5 90" upperRotLimit="5 5 90" upperTransLimit="0 0 0" lowerTransLimit="0 0 0" rotLimitSpring="7500 7500 7500" rotLimitDamping="1 1 1" transLimitSpring="7500 7500 7500" transLimitDamping="1 1 1">
            <schema position="1.6 0" rotation="0" invertX="false" />
        </attacherJoint>
        <sounds>
            <attach template="ATTACH_BigBag" volumeScale="1" pitchScale="0.8"/>
        </sounds>
    </attacherJoints>
    <tensionBelts>
        <tensionBeltsConfigurations>
            <tensionBeltsConfiguration name="%s: 1.2 m" params="$l10n_input_CONSTRUCTION_HEIGHT">
                <tensionBelts linkNode="0>" jointNode="0>" width="0.05" maxEdgeLength="0.1" geometryBias="0.01" ratchetPosition="0.2" defaultOffset="0" defaultOffsetSide="0.1" defaultHeight="1.2" activationTrigger="0>5|0|2">
                    <tensionBelt startNode="0>5|0|0" endNode="0>5|0|0|0"/>
                    <tensionBelt startNode="0>5|0|1" endNode="0>5|0|1|0"/>
                    <sounds>
                        <addBelt template="beltOpen"/>
                        <removeBelt template="beltClose"/>
                    </sounds>
                </tensionBelts>
            </tensionBeltsConfiguration>
            <tensionBeltsConfiguration name="%s: 2 m" params="$l10n_input_CONSTRUCTION_HEIGHT">
                <tensionBelts linkNode="0>" jointNode="0>" width="0.05" maxEdgeLength="0.1" geometryBias="0.01" ratchetPosition="0.2" defaultOffset="0" defaultOffsetSide="0.1" defaultHeight="2" activationTrigger="0>5|0|2">
                    <tensionBelt startNode="0>5|0|0" endNode="0>5|0|0|0"/>
                    <tensionBelt startNode="0>5|0|1" endNode="0>5|0|1|0"/>
                    <sounds>
                        <addBelt template="beltOpen"/>
                        <removeBelt template="beltClose"/>
                    </sounds>
                </tensionBelts>
            </tensionBeltsConfiguration>
            <tensionBeltsConfiguration name="%s: 3 m" params="$l10n_input_CONSTRUCTION_HEIGHT">
                <tensionBelts linkNode="0>" jointNode="0>" width="0.05" maxEdgeLength="0.1" geometryBias="0.01" ratchetPosition="0.2" defaultOffset="0" defaultOffsetSide="0.1" defaultHeight="3" activationTrigger="0>5|0|2">
                    <tensionBelt startNode="0>5|0|0" endNode="0>5|0|0|0"/>
                    <tensionBelt startNode="0>5|0|1" endNode="0>5|0|1|0"/>
                    <sounds>
                        <addBelt template="beltOpen"/>
                        <removeBelt template="beltClose"/>
                    </sounds>
                </tensionBelts>
            </tensionBeltsConfiguration>
            <tensionBeltsConfiguration name="%s: 4 m" params="$l10n_input_CONSTRUCTION_HEIGHT">
                <tensionBelts linkNode="0>" jointNode="0>" width="0.05" maxEdgeLength="0.1" geometryBias="0.01" ratchetPosition="0.2" defaultOffset="0" defaultOffsetSide="0.1" defaultHeight="4" activationTrigger="0>5|0|2">
                    <tensionBelt startNode="0>5|0|0" endNode="0>5|0|0|0"/>
                    <tensionBelt startNode="0>5|0|1" endNode="0>5|0|1|0"/>
                    <sounds>
                        <addBelt template="beltOpen"/>
                        <removeBelt template="beltClose"/>
                    </sounds>
                </tensionBelts>
            </tensionBeltsConfiguration>
        </tensionBeltsConfigurations>
    </tensionBelts>
    <ai>
        <agentAttachment width="1.5" height="2" length="2" lengthOffset="0.1"/>
    </ai>
    <tensionBeltObject>
        <meshNodes>
            <meshNode node="0>1|1"/>
            <meshNode node="0>2|1"/>
            <meshNode node="0>3|1"/>
            <meshNode node="0>4|1"/>
            <meshNode node="0>5"/>
            <meshNode node="0>5|1"/>
        </meshNodes>
    </tensionBeltObject>
    <foliageBending>
        <bendingNode minX="0.5" maxX="-0.5" minZ="1.5" maxZ="-0.5" yOffset="0.02"/>
    </foliageBending>
    <baseMaterial>
        <material name="CSZ_pack_mat" baseNode="0>5">
            <shaderParameter name="colorMat0" material="16" value="1 0 0"/>
        </material>
    </baseMaterial>
    <wearable wearDuration="480" workMultiplier="5" fieldMultiplier="2"/>
    <washable dirtDuration="90" washDuration="1" workMultiplier="6" fieldMultiplier="2"/>
</vehicle>
