﻿<?xml version="1.0" encoding="utf-8" standalone="no" ?>
<vehicle type="implementDynamicMountAttacher" xmlns:xsi="http://www.w3.org/2001/XMLSchema-instance" xsi:noNamespaceSchemaLocation="https://validation.gdn.giants-software.com/xml/schema/vehicle.xsd">
    <annotation>Copyright (C) DD ModPassion, All Rights Reserved.</annotation>
    <storeData>
        <name>$l10n_name_piastraPortaforcheLibera</name>
        <specs>
            <combination filterCategory="skidSteerVehicles"/>
        </specs>
        <functions>
            <function>$l10n_function_frontloaderPalletFork</function>
        </functions>
        <storePacks>
            <storePack>STARTER_TRANSPORT</storePack>
        </storePacks>
        <image>image/store_piastraPortaforcheLibera_skidSteers.png</image>
        <price>1000</price>
        <lifetime>600</lifetime>
        <rotation>0</rotation>
        <brand>CSZ</brand>
        <category>skidSteerTools</category>
        <shopDynamicTitle>true</shopDynamicTitle>
        <shopTranslationOffset>0 0.1 -0.5</shopTranslationOffset>
        <shopLoadingDelay initial="1"/>
        <vertexBufferMemoryUsage>254720</vertexBufferMemoryUsage>
        <indexBufferMemoryUsage>42752</indexBufferMemoryUsage>
        <textureMemoryUsage>458752</textureMemoryUsage>
        <audioMemoryUsage>0</audioMemoryUsage>
        <instanceVertexBufferMemoryUsage>0</instanceVertexBufferMemoryUsage>
        <instanceIndexBufferMemoryUsage>0</instanceIndexBufferMemoryUsage>
    </storeData>
    <base>
        <typeDesc>$l10n_typeDesc_forcaBalleTrattenitore</typeDesc>
        <filename>filename/piastraPortaforcheLibera.i3d</filename>
        <size width="2" length="2"/>
        <components>
            <component centerOfMass="0 0 -0.25" solverIterationCount="10" mass="200"/>
            <component centerOfMass="0 0 0.5" solverIterationCount="10" mass="200"/>
            <joint component1="1" component2="2" node="0>5|0" rotLimit="20 0 0" transLimit="0 0.025 0" rotLimitSpring="300 0 0" rotLimitDamping="30 0 0" rotLimitForceLimit="50 -1 -1"/>
        </components>
        <schemaOverlay attacherJointPosition="0 0" name="IMPLEMENT"/>
        <mapHotspot type="TOOL"/>
    </base>
    <attachable>
        <inputAttacherJointConfigurations>
            <inputAttacherJointConfiguration name="$l10n_configuration_inputAttacherSkidSteer" vehicleBrand="CSZ_skidSteers" vehicleIcon="image/store_piastraPortaforcheLibera_skidSteers.png">
                <inputAttacherJoint node="0>1|0" jointType="skidSteer"/>
                <objectChange node="0>1" scaleActive="1 1 1" visibilityActive="true" scaleInactive="0 0 0" visibilityInactive="false"/>
            </inputAttacherJointConfiguration>
            <inputAttacherJointConfiguration name="$l10n_configuration_inputAttacherFrontLoader" vehicleBrand="CSZ_frontLoaders" vehicleIcon="image/store_piastraPortaforcheLibera_frontLoaders.png">
                <inputAttacherJoint node="0>2|0" jointType="frontloader"/>
                <objectChange node="0>2" scaleActive="1 1 1" visibilityActive="true" scaleInactive="0 0 0" visibilityInactive="false"/>
            </inputAttacherJointConfiguration>
            <inputAttacherJointConfiguration name="$l10n_configuration_inputAttacherTeleLoaders" vehicleBrand="CSZ_teleLoaders" vehicleIcon="image/store_piastraPortaforcheLibera_teleLoaders.png">
                <inputAttacherJoint node="0>3|0" jointType="telehandler"/>
                <objectChange node="0>3" scaleActive="1 1 1" visibilityActive="true" scaleInactive="0 0 0" visibilityInactive="false"/>
            </inputAttacherJointConfiguration>
            <inputAttacherJointConfiguration name="$l10n_configuration_inputAttacherWheelLoader" vehicleBrand="CSZ_wheelLoaders" vehicleIcon="image/store_piastraPortaforcheLibera_wheelLoaders.png">
                <inputAttacherJoint node="0>4|0" jointType="wheelLoader"/>
                <objectChange node="0>4" scaleActive="1 1 1" visibilityActive="true" scaleInactive="0 0 0" visibilityInactive="false"/>
            </inputAttacherJointConfiguration>
        </inputAttacherJointConfigurations>
        <inputAttacherJoints>
            <inputAttacherJoint node="0>0" jointType="loaderFork"/>
            <inputAttacherJoint node="0>0|0" jointType="hookLift"/>
            <inputAttacherJoint node="0>0|1" jointType="hookLift"/>
        </inputAttacherJoints>
        <toolCameras>
            <toolCamera node="0>0|2|1|0" rotatable="true" rotateNode="0>0|2|1" limit="true" useWorldXZRotation="true" rotMinX="-1.4" rotMaxX="1" transMin="1.5" transMax="18" translation="0 0 5.5" rotation="-17.5 180 0">
                <raycastNode node="0>0|2|1"/>
                <raycastNode node="0>0|2|2"/>
                <raycastNode node="0>0|2|3"/>
            </toolCamera>
        </toolCameras>
        <support animationName="moveSupport"/>
    </attachable>
    <configurationSets title="$l10n_configuration_attacherJoint">
        <configurationSet name="$l10n_configuration_inputAttacherSkidSteer">
            <configuration name="inputAttacherJoint" index="1"/>
        </configurationSet>
        <configurationSet name="$l10n_configuration_inputAttacherFrontLoader">
            <configuration name="inputAttacherJoint" index="2"/>
        </configurationSet>
        <configurationSet name="$l10n_configuration_inputAttacherTeleLoaders">
            <configuration name="inputAttacherJoint" index="3"/>
        </configurationSet>
        <configurationSet name="$l10n_configuration_inputAttacherWheelLoader">
            <configuration name="inputAttacherJoint" index="4"/>
        </configurationSet>
    </configurationSets>
    <attacherJoints>
        <attacherJoint node="1>1" jointType="loaderFork" allowsJointLimitMovement="false" allowsLowering="false" rotLimitSpring="7500 7500 7500" rotLimitDamping="2 2 2" transLimitSpring="7500 7500 7500" transLimitDamping="5 5 5" rootNode="1>">
            <schema position="1 0" rotation="0" invertX="false"/>
        </attacherJoint>
        <attacherJoint node="1>2" jointType="loaderFork" allowsJointLimitMovement="false" allowsLowering="false" rotLimitSpring="7500 7500 7500" rotLimitDamping="2 2 2" transLimitSpring="7500 7500 7500" transLimitDamping="5 5 5" rootNode="1>">
            <schema position="1 0" rotation="0" invertX="false"/>
        </attacherJoint>
    </attacherJoints>
    <connectionHoses>
        <hose inputAttacherJointIndices="4" type="hydraulicIn" node="0>5|1|0" adapterNode="0>5|1|2|2|0" length="1" diameter="0.02">
            <objectChange node="0>5|1|2" visibilityActive="false" visibilityInactive="true"/>
        </hose>
        <hose inputAttacherJointIndices="4" type="hydraulicOut" node="0>5|1|1" adapterNode="0>5|1|2|2|1" length="1" diameter="0.02"/>
        <localHose>
            <hose type="hydraulicIn" node="0>5|1|2|0" length="0.4" diameter="0.02" straighteningFactor="2" isTwoPointHose="true"/>
            <target type="none" node="0>5|1|2|2|0"/>
        </localHose>
        <localHose>
            <hose type="hydraulicOut" node="0>5|1|2|1" length="0.4" diameter="0.02" straighteningFactor="2.5" isTwoPointHose="true"/>
            <target type="none" node="0>5|1|2|2|1"/>
        </localHose>
        <localHose>
            <hose type="hydraulicIn" node="0>5|1|3" length="0.05" diameter="0.02" isTwoPointHose="true"/>
            <target type="none" node="0>5|1|5"/>
        </localHose>
        <localHose>
            <hose type="hydraulicOut" node="0>5|1|4" length="0.05" diameter="0.02" isTwoPointHose="true"/>
            <target type="none" node="0>5|1|6"/>
        </localHose>
        <localHose>
            <hose type="hydraulicIn" node="0>5|1|7" length="0.05" diameter="0.02" isTwoPointHose="true"/>
            <target type="none" node="0>5|1|9"/>
        </localHose>
        <localHose>
            <hose type="hydraulicOut" node="0>5|1|8" length="0.05" diameter="0.02" isTwoPointHose="true"/>
            <target type="none" node="0>5|1|10"/>
        </localHose>
    </connectionHoses>
    <animations>
        <animation name="collisione">
            <part node="1>0|0|0" startTime="0" endTime="1" startScale="1 1 1" endScale="1 1 0"/>
            <part node="1>0|1|0" startTime="0" endTime="1" startScale="1 1 1" endScale="1 1 0"/>
        </animation>
        <animation name="moveSupport">
            <part componentJointIndex="1" startTime="0" endTime="0.05" startRotLimit="20 0 0" endRotLimit="0 0 0"/>
        </animation>
    </animations>
    <foldable>
        <foldingConfigurations>
            <foldingConfiguration>
                <foldingParts posDirectionText="$l10n_collisioneOff" negDirectionText="$l10n_collisioneOn" turnOnFoldDirection="-1" detachingMinLimit="0" detachingMaxLimit="0.1">
                    <foldingPart animationName="collisione" speedScale="1"/>
                </foldingParts>
            </foldingConfiguration>
        </foldingConfigurations>
    </foldable>
    <cylindered>
        <movingTools>
            <movingTool node="0>5|0">
                <componentJoint index="1" anchorActor="0"/>
            </movingTool>
            <movingTool node="0>5|0|0" playSound="true">
                <controls axis="AXIS_FRONTLOADER_TOOL2" invertAxis="true" mouseSpeedFactor="0.5" iconName="WORKING_WIDTH_TRANSLATE_X"/>
                <translation translationAxis="1" transSpeed="1" transAcceleration="1" transMax="0.5" transMin="0.075" startTrans="0.275"/>
                <dependentMovingTool node="1>0|0" speedScale="1"/>
                <dependentMovingTool node="0>5|0|1" speedScale="-1"/>
                <dependentMovingTool node="1>0|1" speedScale="-1"/>
            </movingTool>
            <movingTool node="1>0|0" playSound="false">
                <translation translationAxis="1" transSpeed="1" transAcceleration="1" transMax="0.5" transMin="0.075" startTrans="0.275"/>
            </movingTool>
            <movingTool node="0>5|0|1" playSound="true">
                <translation translationAxis="1" transSpeed="1" transAcceleration="1" transMax="-0.075" transMin="-0.5" startTrans="-0.275"/>
            </movingTool>
            <movingTool node="1>0|1" playSound="false">
                <translation translationAxis="1" transSpeed="1" transAcceleration="1" transMax="-0.075" transMin="-0.5" startTrans="-0.275"/>
            </movingTool>
        </movingTools>
        <sounds>
            <actionSound template="hingeMedium" pitchScale="0.6" volumeScale="2" linkNode="0>5|0|0" actionNames="TOOL_MOVE_POS TOOL_MOVE_NEG" nodes="0>5|0|0"/>
            <actionSound template="clackVar6"   pitchScale="1"   volumeScale="1" linkNode="0>5|0|0" actionNames="TOOL_MOVE_END_POS_LIMIT"     nodes="0>5|0|0"/>
            <actionSound template="clackVar6"   pitchScale="0.8" volumeScale="1" linkNode="0>5|0|0" actionNames="TOOL_MOVE_END_NEG_LIMIT"     nodes="0>5|0|0"/>
        </sounds>
    </cylindered>
    <dynamicMountAttacher node="1>3">
        <mountCollisionMask node="1>0|0|0" collisionMask="134225920"/>
        <mountCollisionMask node="1>0|1|0" collisionMask="134225920"/>
    </dynamicMountAttacher>
    <ai>
        <agentAttachment width="2.5" height="1.0" length="1.2" lengthOffset="0.1"/>
    </ai>
    <tensionBeltObject>
        <meshNodes>
            <meshNode node="0>1|1"/>
            <meshNode node="0>2|1"/>
            <meshNode node="0>3|1"/>
            <meshNode node="0>4|1"/>
            <meshNode node="0>5"/>
            <meshNode node="1>0|0"/>
            <meshNode node="1>0|1"/>
        </meshNodes>
    </tensionBeltObject>
    <foliageBending>
        <bendingNode minX="0.5" maxX="-0.5" minZ="0.2" maxZ="-0.2" yOffset="0.02"/>
        <bendingNode minX="-0.6" maxX="0.6" minZ="-0.55" maxZ="-0.3" yOffset="0.025" />
        <bendingNode minX="-0.08" maxX="0.08" minZ="-0.4" maxZ="0.8" yOffset="0.015" node="1>0|0" />
        <bendingNode minX="-0.08" maxX="0.08" minZ="-0.4" maxZ="0.8" yOffset="0.015" node="1>0|1" />
    </foliageBending>
    <baseMaterial>
        <material name="CSZ_pack_mat" baseNode="0>5">
            <shaderParameter name="colorMat0" material="16" value="1 0 0"/>
        </material>
    </baseMaterial>
    <wearable wearDuration="480" workMultiplier="5" fieldMultiplier="2"/>
    <washable dirtDuration="90" washDuration="1" workMultiplier="6" fieldMultiplier="2"/>
</vehicle>
