﻿<?xml version="1.0" encoding="utf-8" standalone="no" ?>
<vehicle type="implementDynamicMountAttacher" xmlns:xsi="http://www.w3.org/2001/XMLSchema-instance" xsi:noNamespaceSchemaLocation="https://validation.gdn.giants-software.com/xml/schema/vehicle.xsd">
    <annotation>Copyright (C) DD ModPassion, All Rights Reserved.</annotation>
    <storeData>
        <name>$l10n_name_traslatore</name>
        <specs>
            <combination filterCategory="skidSteerVehicles"/>
        </specs>
        <functions>
            <function>$l10n_function_traslatore</function>
        </functions>
        <image>image/store_traslatore_skidSteers.png</image>
        <price>350</price>
        <lifetime>600</lifetime>
        <rotation>0</rotation>
        <brand>CSZ</brand>
        <category>skidSteerTools</category>
        <shopDynamicTitle>true</shopDynamicTitle>
        <shopTranslationOffset>0 0.1 0</shopTranslationOffset>
        <shopLoadingDelay initial="0.4"/>
        <vertexBufferMemoryUsage>263936</vertexBufferMemoryUsage>
        <indexBufferMemoryUsage>46080</indexBufferMemoryUsage>
        <textureMemoryUsage>458752</textureMemoryUsage>
        <audioMemoryUsage>0</audioMemoryUsage>
        <instanceVertexBufferMemoryUsage>0</instanceVertexBufferMemoryUsage>
        <instanceIndexBufferMemoryUsage>0</instanceIndexBufferMemoryUsage>
    </storeData>
    <base>
        <typeDesc>$l10n_typeDesc_traslatore</typeDesc>
        <filename>filename/traslatore.i3d</filename>
        <size width="1.5" length="0.5"/>
        <components>
            <component centerOfMass="0 0 0" solverIterationCount="10" mass="75"/>
        </components>
        <schemaOverlay attacherJointPosition="0 0" name="IMPLEMENT"/>
        <mapHotspot type="TOOL"/>
    </base>
    <attachable>
        <inputAttacherJointConfigurations title="$l10n_configuration_inputAttacherJoint">
            <inputAttacherJointConfiguration name="$l10n_configuration_inputAttacherSkidSteer" vehicleBrand="CSZ_skidSteers" vehicleIcon="image/store_traslatore_skidSteers.png">
                <inputAttacherJoint node="0>1|0" jointType="skidSteer"/>
                <objectChange node="0>1" scaleActive="1 1 1" visibilityActive="true" scaleInactive="0 0 0" visibilityInactive="false"/>
            </inputAttacherJointConfiguration>
            <inputAttacherJointConfiguration name="$l10n_configuration_inputAttacherFrontLoader" vehicleBrand="CSZ_frontLoaders" vehicleIcon="image/store_traslatore_frontLoaders.png">
                <inputAttacherJoint node="0>2|0" jointType="frontloader"/>
                <objectChange node="0>2" scaleActive="1 1 1" visibilityActive="true" scaleInactive="0 0 0" visibilityInactive="false"/>
            </inputAttacherJointConfiguration>
            <inputAttacherJointConfiguration name="$l10n_configuration_inputAttacherTeleLoaders" vehicleBrand="CSZ_teleLoaders" vehicleIcon="image/store_traslatore_teleLoaders.png">
                <inputAttacherJoint node="0>3|0" jointType="telehandler"/>
                <objectChange node="0>3" scaleActive="1 1 1" visibilityActive="true" scaleInactive="0 0 0" visibilityInactive="false"/>
            </inputAttacherJointConfiguration>
            <inputAttacherJointConfiguration name="$l10n_configuration_inputAttacherWheelLoader" vehicleBrand="CSZ_wheelLoaders" vehicleIcon="image/store_traslatore_wheelLoaders.png">
                <inputAttacherJoint node="0>4|0" jointType="wheelLoader"/>
                <objectChange node="0>4" scaleActive="1 1 1" visibilityActive="true" scaleInactive="0 0 0" visibilityInactive="false"/>
            </inputAttacherJointConfiguration>
        </inputAttacherJointConfigurations>
        <inputAttacherJoints>
            <inputAttacherJoint node="0>0" jointType="loaderFork"/>
        </inputAttacherJoints>
    </attachable>
    <configurationSets title="$l10n_configuration_attacherJoint">
        <configurationSet name="$l10n_configuration_inputAttacherSkidSteer">
            <configuration name="inputAttacherJoint" index="1"/>
            <configuration name="attacherJoint"      index="1"/>
        </configurationSet>
        <configurationSet name="$l10n_configuration_inputAttacherFrontLoader">
            <configuration name="inputAttacherJoint" index="2"/>
            <configuration name="attacherJoint"      index="2"/>
        </configurationSet>
        <configurationSet name="$l10n_configuration_inputAttacherTeleLoaders">
            <configuration name="inputAttacherJoint" index="3"/>
            <configuration name="attacherJoint"      index="3"/>
        </configurationSet>
        <configurationSet name="$l10n_configuration_inputAttacherWheelLoader">
            <configuration name="inputAttacherJoint" index="4"/>
            <configuration name="attacherJoint"      index="4"/>
        </configurationSet>
    </configurationSets>
    <attacherJoints>
        <attacherJointConfigurations>
            <attacherJointConfiguration name="$l10n_configuration_inputAttacherSkidSteer" connectionHoseConfigId="1">
                <attacherJoint jointType="skidSteer" node="0>7|1" nodeVisual="0>6|1" allowsJointLimitMovement="false" allowsLowering="false" rotLimitSpring="7500 7500 7500" rotLimitDamping="5 5 5" transLimitSpring="7500 7500 7500" transLimitDamping="5 5 5">
                    <schema position="0.5 0" rotation="0" invertX="false"/>
                </attacherJoint>
                <objectChange node="0>6|1" scaleActive="1 1 1" visibilityActive="true" scaleInactive="0 0 0" visibilityInactive="false"/>
            </attacherJointConfiguration>
            <attacherJointConfiguration name="$l10n_configuration_inputAttacherFrontLoader" connectionHoseConfigId="2">
                <attacherJoint jointType="frontloader" node="0>7|2" nodeVisual="0>6|2" allowsJointLimitMovement="false" allowsLowering="false" rotLimitSpring="7500 7500 7500" rotLimitDamping="5 5 5" transLimitSpring="7500 7500 7500" transLimitDamping="5 5 5">
                    <schema position="0.5 0" rotation="0" invertX="false"/>
                </attacherJoint>
                <objectChange node="0>6|2" scaleActive="1 1 1" visibilityActive="true" scaleInactive="0 0 0" visibilityInactive="false"/>
            </attacherJointConfiguration>
            <attacherJointConfiguration name="$l10n_configuration_inputAttacherTeleLoaders" connectionHoseConfigId="3">
                <attacherJoint jointType="telehandler" node="0>7|3" nodeVisual="0>6|3" allowsJointLimitMovement="false" allowsLowering="false" rotLimitSpring="7500 7500 7500" rotLimitDamping="5 5 5" transLimitSpring="7500 7500 7500" transLimitDamping="5 5 5">
                    <schema position="0.5 0" rotation="0" invertX="false"/>
                </attacherJoint>
                <objectChange node="0>6|3" scaleActive="1 1 1" visibilityActive="true" scaleInactive="0 0 0" visibilityInactive="false"/>
            </attacherJointConfiguration>
            <attacherJointConfiguration name="$l10n_configuration_inputAttacherWheelLoader" connectionHoseConfigId="4">
                <attacherJoint jointType="wheelLoader" node="0>7|4" nodeVisual="0>6|4" allowsJointLimitMovement="false" allowsLowering="false" rotLimitSpring="7500 7500 7500" rotLimitDamping="5 5 5" transLimitSpring="7500 7500 7500" transLimitDamping="5 5 5">
                    <schema position="0.5 0" rotation="0" invertX="false"/>
                </attacherJoint>
                <objectChange node="0>6|4" scaleActive="1 1 1" visibilityActive="true" scaleInactive="0 0 0" visibilityInactive="false"/>
            </attacherJointConfiguration>
        </attacherJointConfigurations>
        <sounds>
            <attach template="ATTACH_01" linkNode="0>"/>
            <hydraulic template="defaultHydraulicSound" linkNode="0>"/>
        </sounds>
    </attacherJoints>
    <connectionHoses>
        <connectionHoseConfigurations>
            <connectionHoseConfiguration>
                <hose inputAttacherJointIndices="2" type="hydraulicIn" node="0>1|2|0|0" adapterNode="0>1|2|0|2|2|0" length="0.4" diameter="0.02" isTwoPointHose="true">
                    <objectChange node="0>1|2|0|2" visibilityActive="false" visibilityInactive="true"/>
                </hose>
                <hose inputAttacherJointIndices="2" type="hydraulicOut" node="0>1|2|0|1" adapterNode="0>1|2|0|2|2|1" length="0.4" diameter="0.02" isTwoPointHose="true"/>
                <localHose>
                    <hose type="hydraulicIn" node="0>1|2|0|2|0" length="0.4" diameter="0.02" isTwoPointHose="true"/>
                    <target type="none" node="0>1|2|0|2|2|0"/>
                </localHose>
                <localHose>
                    <hose type="hydraulicOut" node="0>1|2|0|2|1" length="0.4" diameter="0.02" isTwoPointHose="true"/>
                    <target type="none" node="0>1|2|0|2|2|1"/>
                </localHose>
                <localHose>
                    <hose type="hydraulicIn" node="0>5|0" length="0.4" diameter="0.02" isTwoPointHose="true"/>
                    <target type="none" node="0>1|2|1|0"/>
                </localHose>
                <localHose>
                    <hose type="hydraulicOut" node="0>5|1" length="0.4" diameter="0.02" isTwoPointHose="true"/>
                    <target type="none" node="0>1|2|1|1"/>
                </localHose>
                <target attacherJointIndices="1" type="hydraulicIn" node="0>1|2|2|0" socket="hydraulic01"/>
                <target attacherJointIndices="1" type="hydraulicOut" node="0>1|2|2|1" socket="hydraulic01"/>
            </connectionHoseConfiguration>
            <connectionHoseConfiguration>
                <hose inputAttacherJointIndices="2" type="hydraulicIn" node="0>2|2|0|0" adapterNode="0>2|2|0|2|2|0" length="0.4" diameter="0.02" isTwoPointHose="true">
                    <objectChange node="0>2|2|0|2" visibilityActive="false" visibilityInactive="true"/>
                </hose>
                <hose inputAttacherJointIndices="2" type="hydraulicOut" node="0>2|2|0|1" adapterNode="0>2|2|0|2|2|1" length="0.4" diameter="0.02" isTwoPointHose="true"/>
                <localHose>
                    <hose type="hydraulicIn" node="0>2|2|0|2|0" length="0.4" diameter="0.02" isTwoPointHose="true"/>
                    <target type="none" node="0>2|2|0|2|2|0"/>
                </localHose>
                <localHose>
                    <hose type="hydraulicOut" node="0>2|2|0|2|1" length="0.4" diameter="0.02" isTwoPointHose="true"/>
                    <target type="none" node="0>2|2|0|2|2|1"/>
                </localHose>
                <localHose>
                    <hose type="hydraulicIn" node="0>5|0" length="0.4" diameter="0.02" isTwoPointHose="true"/>
                    <target type="none" node="0>2|2|1|0"/>
                </localHose>
                <localHose>
                    <hose type="hydraulicOut" node="0>5|1" length="0.4" diameter="0.02" isTwoPointHose="true"/>
                    <target type="none" node="0>2|2|1|1"/>
                </localHose>
                <target attacherJointIndices="1" type="hydraulicIn" node="0>2|2|2|0" socket="hydraulic01"/>
                <target attacherJointIndices="1" type="hydraulicOut" node="0>2|2|2|1" socket="hydraulic01"/>
            </connectionHoseConfiguration>
            <connectionHoseConfiguration>
                <hose inputAttacherJointIndices="2" type="hydraulicIn" node="0>3|2|0|0" adapterNode="0>3|2|0|2|2|0" length="0.4" diameter="0.02" isTwoPointHose="true">
                    <objectChange node="0>3|2|0|2" visibilityActive="false" visibilityInactive="true"/>
                </hose>
                <hose inputAttacherJointIndices="2" type="hydraulicOut" node="0>3|2|0|1" adapterNode="0>3|2|0|2|2|1" length="0.4" diameter="0.02" isTwoPointHose="true"/>
                <localHose>
                    <hose type="hydraulicIn" node="0>3|2|0|2|0" length="0.4" diameter="0.02" isTwoPointHose="true"/>
                    <target type="none" node="0>3|2|0|2|2|0"/>
                </localHose>
                <localHose>
                    <hose type="hydraulicOut" node="0>3|2|0|2|1" length="0.4" diameter="0.02" isTwoPointHose="true"/>
                    <target type="none" node="0>3|2|0|2|2|1"/>
                </localHose>
                <localHose>
                    <hose type="hydraulicIn" node="0>5|0" length="0.4" diameter="0.02" isTwoPointHose="true"/>
                    <target type="none" node="0>3|2|1|0"/>
                </localHose>
                <localHose>
                    <hose type="hydraulicOut" node="0>5|1" length="0.4" diameter="0.02" isTwoPointHose="true"/>
                    <target type="none" node="0>3|2|1|1"/>
                </localHose>
                <target attacherJointIndices="1" type="hydraulicIn" node="0>3|2|2|0" socket="hydraulic01"/>
                <target attacherJointIndices="1" type="hydraulicOut" node="0>3|2|2|1" socket="hydraulic01"/>
            </connectionHoseConfiguration>
            <connectionHoseConfiguration>
                <hose inputAttacherJointIndices="2" type="hydraulicIn" node="0>4|2|0|0" adapterNode="0>4|2|0|2|2|0" length="0.4" diameter="0.02" isTwoPointHose="true">
                    <objectChange node="0>4|2|0|2" visibilityActive="false" visibilityInactive="true"/>
                </hose>
                <hose inputAttacherJointIndices="2" type="hydraulicOut" node="0>4|2|0|1" adapterNode="0>4|2|0|2|2|1" length="0.4" diameter="0.02" isTwoPointHose="true"/>
                <localHose>
                    <hose type="hydraulicIn" node="0>4|2|0|2|0" length="0.4" diameter="0.02" isTwoPointHose="true"/>
                    <target type="none" node="0>4|2|0|2|2|0"/>
                </localHose>
                <localHose>
                    <hose type="hydraulicOut" node="0>4|2|0|2|1" length="0.4" diameter="0.02" isTwoPointHose="true"/>
                    <target type="none" node="0>4|2|0|2|2|1"/>
                </localHose>
                <localHose>
                    <hose type="hydraulicIn" node="0>5|0" length="0.4" diameter="0.02" isTwoPointHose="true"/>
                    <target type="none" node="0>4|2|1|0"/>
                </localHose>
                <localHose>
                    <hose type="hydraulicOut" node="0>5|1" length="0.4" diameter="0.02" isTwoPointHose="true"/>
                    <target type="none" node="0>4|2|1|1"/>
                </localHose>
                <target attacherJointIndices="1" type="hydraulicIn" node="0>4|2|2|0" socket="hydraulic01"/>
                <target attacherJointIndices="1" type="hydraulicOut" node="0>4|2|2|1" socket="hydraulic01"/>
            </connectionHoseConfiguration>
        </connectionHoseConfigurations>
    </connectionHoses>
    <cylindered>
        <movingTools>
            <movingTool node="0>7" delayedNode="0>6" playSound="true">
                <controls axis="AXIS_FRONTLOADER_TOOL3" invertAxis="true" mouseSpeedFactor="0.5" iconName="IMPLEMENT_ATTACHER_TRANS"/>
                <attacherJoint jointIndices="1"/>
                <translation translationAxis="1" transSpeed="1" transAcceleration="1" transMax="0.2" transMin="-0.2"/>
            </movingTool>
        </movingTools>
        <sounds>
            <actionSound template="defaultHydraulicSound" pitchScale="0.6" volumeScale="2"   linkNode="0>7" actionNames="TOOL_MOVE_POS TOOL_MOVE_NEG" nodes="0>7"/>
            <actionSound template="clackVar6"             pitchScale="0.9" volumeScale="1.4" linkNode="0>7" actionNames="TOOL_MOVE_END_POS_LIMIT"     nodes="0>7"/>
            <actionSound template="cylinderPunch"         pitchScale="2"   volumeScale="0.5" linkNode="0>7" actionNames="TOOL_MOVE_END_POS_LIMIT"     nodes="0>7"/>
            <actionSound template="clackVar6"             pitchScale="0.6" volumeScale="1.7" linkNode="0>7" actionNames="TOOL_MOVE_END_NEG_LIMIT"     nodes="0>7"/>
            <actionSound template="sheetImp02"            pitchScale="0.8" volumeScale="2"   linkNode="0>7" actionNames="TOOL_MOVE_END_NEG_LIMIT"     nodes="0>7"/>
        </sounds>
    </cylindered>
    <ai>
        <agentAttachment width="1.25" height="0.75" length="0.5" lengthOffset="0"/>
    </ai>
    <tensionBeltObject>
        <meshNodes>
            <meshNode node="0>1|1"/>
            <meshNode node="0>6|1|0|1"/>
            <meshNode node="0>6|1|0|2"/>
            <meshNode node="0>1|2"/>
            <meshNode node="0>2|1"/>
            <meshNode node="0>6|2|0|1"/>
            <meshNode node="0>6|2|0|2"/>
            <meshNode node="0>2|2"/>
            <meshNode node="0>3|1"/>
            <meshNode node="0>6|3|0|1"/>
            <meshNode node="0>6|3|0|2"/>
            <meshNode node="0>3|2"/>
            <meshNode node="0>4|1"/>
            <meshNode node="0>6|4|0|1"/>
            <meshNode node="0>6|4|0|2"/>
            <meshNode node="0>4|2"/>
            <meshNode node="0>5"/>
        </meshNodes>
    </tensionBeltObject>
    <foliageBending>
        <bendingNode minX="0.4" maxX="-0.4" minZ="0.1" maxZ="-0.1" yOffset="0.02"/>
    </foliageBending>
    <baseMaterial>
        <material name="CSZ_pack_mat" baseNode="0>5">
            <shaderParameter name="colorMat0" material="16" value="1 0 0"/>
        </material>
    </baseMaterial>
    <wearable wearDuration="480" workMultiplier="5" fieldMultiplier="2"/>
    <washable dirtDuration="90" washDuration="1" workMultiplier="6" fieldMultiplier="2"/>
</vehicle>
