<?xml version="1.0" encoding="utf-8" standalone="no" ?>
<vehicle type="treeSaplingPallet" xmlns:xsi="http://www.w3.org/2001/XMLSchema-instance" xsi:noNamespaceSchemaLocation="../../../../shared/xml/schema/vehicle.xsd">
    <annotation>Copyright (C) GIANTS Software GmbH, All Rights Reserved.</annotation>

    <storeData>
        <name>$l10n_fillType_treeSaplings238</name>
        <functions>
            <function>$l10n_function_saplingPallet</function>
        </functions>
        <specs>
            <capacity unitTextOverride="$l10n_unit_pieces">238</capacity>
            <fillTypes>treeSaplings</fillTypes>
            <weight ignore="true"/>
        </specs>
        <image>store_treeSaplingPallets.png</image>
        <price>5355</price>
        <allowLeasing>false</allowLeasing>
        <canBeSold>false</canBeSold>
        <rotation>0</rotation>
        <brand>LIZARD</brand>
        <category>pallets</category>
        <financeCategory>PURCHASE_SAPLINGS</financeCategory>
        <shopHeight>2.5</shopHeight>

        <storeIconRendering>
            <settings cameraXRot="-15" cameraYRot="35" />
        </storeIconRendering>
        <audioMemoryUsage>0</audioMemoryUsage>
        <vertexBufferMemoryUsage>52224</vertexBufferMemoryUsage>
        <indexBufferMemoryUsage>6912</indexBufferMemoryUsage>
        <textureMemoryUsage>6356992</textureMemoryUsage>
        <instanceVertexBufferMemoryUsage>0</instanceVertexBufferMemoryUsage>
        <instanceIndexBufferMemoryUsage>0</instanceIndexBufferMemoryUsage>
    </storeData>

    <base>
        <filename>treeSaplingPallet.i3d</filename>
        <size width="1.6" length="1.2" height="2.7"/>
        <canBeReset>false</canBeReset>
        <supportsPickUp>true</supportsPickUp>
        <input allowed="false"/>
        <components maxMass="850">
            <component centerOfMass="0 0.1 0" solverIterationCount="10" mass="280" />
        </components>
        <showInVehicleMenu>false</showInVehicleMenu>
        <mapHotspot available="false" />
    </base>

    <treeSaplingPallet>
        <treeSaplingTypeConfigurations>
            <treeSaplingTypeConfiguration treeType="spruce1" name="$l10n_treeType_spruce">
			<objectChange node="spruce1Decal" visibilityActive="true" visibilityInactive="false" />
			</treeSaplingTypeConfiguration>
			<treeSaplingTypeConfiguration treeType="spruce2" name="$l10n_treeType_spruce2">
			<objectChange node="spruce2Decal" visibilityActive="true" visibilityInactive="false" />
			</treeSaplingTypeConfiguration>
            <treeSaplingTypeConfiguration treeType="pine" name="$l10n_treeType_pine">
			<objectChange node="pineDecal" visibilityActive="true" visibilityInactive="false" />
			</treeSaplingTypeConfiguration>
            <treeSaplingTypeConfiguration treeType="stonePine" name="$l10n_treeType_stonePine">
			<objectChange node="stonePineDecal" visibilityActive="true" visibilityInactive="false" />
			</treeSaplingTypeConfiguration>
            <treeSaplingTypeConfiguration treeType="birch" name="$l10n_treeType_birch">
			<objectChange node="birchDecal" visibilityActive="true" visibilityInactive="false" />
			</treeSaplingTypeConfiguration>
            <treeSaplingTypeConfiguration treeType="oak" name="$l10n_treeType_oak">
			<objectChange node="oakDecal" visibilityActive="true" visibilityInactive="false" />
			</treeSaplingTypeConfiguration>
            <treeSaplingTypeConfiguration treeType="willow1" name="$l10n_treeType_willow">
			<objectChange node="willowDecal" visibilityActive="true" visibilityInactive="false" />
			</treeSaplingTypeConfiguration>
            <treeSaplingTypeConfiguration treeType="maple" name="$l10n_treeType_maple">
			<objectChange node="mapleDecal" visibilityActive="true" visibilityInactive="false" />
			</treeSaplingTypeConfiguration>
            <treeSaplingTypeConfiguration treeType="pagodaDogwood" name="$l10n_treeType_pagodaDogwood">
			<objectChange node="pagodaDogwoodDecal" visibilityActive="true" visibilityInactive="false" />
			</treeSaplingTypeConfiguration>
            <treeSaplingTypeConfiguration treeType="shagbarkHickory" name="$l10n_treeType_shagbarkHickory">
			<objectChange node="shagbarkHickoryDecal" visibilityActive="true" visibilityInactive="false" />
			</treeSaplingTypeConfiguration>
            <treeSaplingTypeConfiguration treeType="americanElm" name="$l10n_treeType_americanElm">
			<objectChange node="americanElmDecal" visibilityActive="true" visibilityInactive="false" />
			</treeSaplingTypeConfiguration>
            <treeSaplingTypeConfiguration treeType="cypress" name="$l10n_treeType_cypress">
			<objectChange node="cypressDecal" visibilityActive="true" visibilityInactive="false" />
			</treeSaplingTypeConfiguration>
            <treeSaplingTypeConfiguration treeType="downyServiceberry" name="$l10n_treeType_downyServiceberry">
			<objectChange node="downyServiceberryDecal" visibilityActive="true" visibilityInactive="false" />
			</treeSaplingTypeConfiguration>
        </treeSaplingTypeConfigurations>

        <saplingNodes>
            <saplingNode node="sapling01"/>
            <saplingNode node="sapling02"/>
            <saplingNode node="sapling03"/>
            <saplingNode node="sapling04"/>
            <saplingNode node="sapling05"/>
            <saplingNode node="sapling06"/>
            <saplingNode node="sapling07"/>
            <saplingNode node="sapling08"/>
            <saplingNode node="sapling09"/>
            <saplingNode node="sapling10"/>
            <saplingNode node="sapling11"/>
            <saplingNode node="sapling12"/>
            <saplingNode node="sapling13"/>
            <saplingNode node="sapling14"/>
            <saplingNode node="sapling15"/>
            <saplingNode node="sapling16"/>
            <saplingNode node="sapling17"/>
            <saplingNode node="sapling18"/>
            <saplingNode node="sapling19"/>
            <saplingNode node="sapling20"/>
			<saplingNode node="sapling21"/>
            <saplingNode node="sapling22"/>
            <saplingNode node="sapling23"/>
            <saplingNode node="sapling24"/>
            <saplingNode node="sapling25"/>
            <saplingNode node="sapling26"/>
            <saplingNode node="sapling27"/>
            <saplingNode node="sapling28"/>
            <saplingNode node="sapling29"/>
            <saplingNode node="sapling30"/>
            <saplingNode node="sapling31"/>
            <saplingNode node="sapling32"/>
            <saplingNode node="sapling33"/>
            <saplingNode node="sapling34"/>
            <saplingNode node="sapling35"/>
            <saplingNode node="sapling36"/>
            <saplingNode node="sapling37"/>
            <saplingNode node="sapling38"/>
            <saplingNode node="sapling39"/>
            <saplingNode node="sapling40"/>
			<saplingNode node="sapling41"/>
            <saplingNode node="sapling42"/>
            <saplingNode node="sapling43"/>
            <saplingNode node="sapling44"/>
            <saplingNode node="sapling45"/>
            <saplingNode node="sapling46"/>
            <saplingNode node="sapling47"/>
            <saplingNode node="sapling48"/>
            <saplingNode node="sapling49"/>
            <saplingNode node="sapling50"/>
            <saplingNode node="sapling51"/>
            <saplingNode node="sapling52"/>
            <saplingNode node="sapling53"/>
            <saplingNode node="sapling54"/>
            <saplingNode node="sapling55"/>
            <saplingNode node="sapling56"/>
            <saplingNode node="sapling57"/>
            <saplingNode node="sapling58"/>
            <saplingNode node="sapling59"/>
            <saplingNode node="sapling60"/>
			<saplingNode node="sapling61"/>
            <saplingNode node="sapling62"/>
            <saplingNode node="sapling63"/>
            <saplingNode node="sapling64"/>
            <saplingNode node="sapling65"/>
            <saplingNode node="sapling66"/>
            <saplingNode node="sapling67"/>
            <saplingNode node="sapling68"/>
            <saplingNode node="sapling69"/>
            <saplingNode node="sapling70"/>
            <saplingNode node="sapling71"/>
            <saplingNode node="sapling72"/>
            <saplingNode node="sapling73"/>
            <saplingNode node="sapling74"/>
            <saplingNode node="sapling75"/>
            <saplingNode node="sapling76"/>
            <saplingNode node="sapling77"/>
            <saplingNode node="sapling78"/>
            <saplingNode node="sapling79"/>
            <saplingNode node="sapling80"/>
			<saplingNode node="sapling81"/>
            <saplingNode node="sapling82"/>
            <saplingNode node="sapling83"/>
            <saplingNode node="sapling84"/>
            <saplingNode node="sapling85"/>
            <saplingNode node="sapling86"/>
            <saplingNode node="sapling87"/>
            <saplingNode node="sapling88"/>
            <saplingNode node="sapling89"/>
            <saplingNode node="sapling90"/>
            <saplingNode node="sapling91"/>
            <saplingNode node="sapling92"/>
            <saplingNode node="sapling93"/>
            <saplingNode node="sapling94"/>
            <saplingNode node="sapling95"/>
            <saplingNode node="sapling96"/>
            <saplingNode node="sapling97"/>
            <saplingNode node="sapling98"/>
            <saplingNode node="sapling99"/>
            <saplingNode node="sapling100"/>
			<saplingNode node="sapling101"/>
            <saplingNode node="sapling102"/>
            <saplingNode node="sapling103"/>
            <saplingNode node="sapling104"/>
            <saplingNode node="sapling105"/>
            <saplingNode node="sapling106"/>
            <saplingNode node="sapling107"/>
            <saplingNode node="sapling108"/>
            <saplingNode node="sapling109"/>
            <saplingNode node="sapling110"/>
            <saplingNode node="sapling111"/>
            <saplingNode node="sapling112"/>
            <saplingNode node="sapling113"/>
            <saplingNode node="sapling114"/>
            <saplingNode node="sapling115"/>
            <saplingNode node="sapling116"/>
            <saplingNode node="sapling117"/>
            <saplingNode node="sapling118"/>
            <saplingNode node="sapling119"/>
            <saplingNode node="sapling120"/>
			<saplingNode node="sapling121"/>
            <saplingNode node="sapling122"/>
            <saplingNode node="sapling123"/>
            <saplingNode node="sapling124"/>
            <saplingNode node="sapling125"/>
            <saplingNode node="sapling126"/>
            <saplingNode node="sapling127"/>
            <saplingNode node="sapling128"/>
            <saplingNode node="sapling129"/>
            <saplingNode node="sapling130"/>
            <saplingNode node="sapling131"/>
            <saplingNode node="sapling132"/>
            <saplingNode node="sapling133"/>
            <saplingNode node="sapling134"/>
            <saplingNode node="sapling135"/>
            <saplingNode node="sapling136"/>
            <saplingNode node="sapling137"/>
            <saplingNode node="sapling138"/>
            <saplingNode node="sapling139"/>
            <saplingNode node="sapling140"/>
			<saplingNode node="sapling141"/>
            <saplingNode node="sapling142"/>
            <saplingNode node="sapling143"/>
            <saplingNode node="sapling144"/>
            <saplingNode node="sapling145"/>
            <saplingNode node="sapling146"/>
            <saplingNode node="sapling147"/>
            <saplingNode node="sapling148"/>
            <saplingNode node="sapling149"/>
            <saplingNode node="sapling150"/>
            <saplingNode node="sapling151"/>
            <saplingNode node="sapling152"/>
            <saplingNode node="sapling153"/>
            <saplingNode node="sapling154"/>
            <saplingNode node="sapling155"/>
            <saplingNode node="sapling156"/>
            <saplingNode node="sapling157"/>
            <saplingNode node="sapling158"/>
            <saplingNode node="sapling159"/>
            <saplingNode node="sapling160"/>
			<saplingNode node="sapling161"/>
            <saplingNode node="sapling162"/>
            <saplingNode node="sapling163"/>
            <saplingNode node="sapling164"/>
            <saplingNode node="sapling165"/>
            <saplingNode node="sapling166"/>
            <saplingNode node="sapling167"/>
            <saplingNode node="sapling168"/>
            <saplingNode node="sapling169"/>
            <saplingNode node="sapling170"/>
            <saplingNode node="sapling171"/>
            <saplingNode node="sapling172"/>
            <saplingNode node="sapling173"/>
            <saplingNode node="sapling174"/>
            <saplingNode node="sapling175"/>
            <saplingNode node="sapling176"/>
            <saplingNode node="sapling177"/>
            <saplingNode node="sapling178"/>
            <saplingNode node="sapling179"/>
            <saplingNode node="sapling180"/>
			<saplingNode node="sapling181"/>
            <saplingNode node="sapling182"/>
            <saplingNode node="sapling183"/>
            <saplingNode node="sapling184"/>
            <saplingNode node="sapling185"/>
            <saplingNode node="sapling186"/>
            <saplingNode node="sapling187"/>
            <saplingNode node="sapling188"/>
            <saplingNode node="sapling189"/>
            <saplingNode node="sapling190"/>
            <saplingNode node="sapling191"/>
            <saplingNode node="sapling192"/>
            <saplingNode node="sapling193"/>
            <saplingNode node="sapling194"/>
            <saplingNode node="sapling195"/>
            <saplingNode node="sapling196"/>
            <saplingNode node="sapling197"/>
            <saplingNode node="sapling198"/>
            <saplingNode node="sapling199"/>
            <saplingNode node="sapling200"/>
			<saplingNode node="sapling201"/>
            <saplingNode node="sapling202"/>
            <saplingNode node="sapling203"/>
            <saplingNode node="sapling204"/>
            <saplingNode node="sapling205"/>
            <saplingNode node="sapling206"/>
            <saplingNode node="sapling207"/>
            <saplingNode node="sapling208"/>
            <saplingNode node="sapling209"/>
            <saplingNode node="sapling210"/>
            <saplingNode node="sapling211"/>
            <saplingNode node="sapling212"/>
            <saplingNode node="sapling213"/>
            <saplingNode node="sapling214"/>
            <saplingNode node="sapling215"/>
            <saplingNode node="sapling216"/>
            <saplingNode node="sapling217"/>
            <saplingNode node="sapling218"/>
            <saplingNode node="sapling219"/>
            <saplingNode node="sapling220"/>
			<saplingNode node="sapling221"/>
            <saplingNode node="sapling222"/>
            <saplingNode node="sapling223"/>
            <saplingNode node="sapling224"/>
            <saplingNode node="sapling225"/>
            <saplingNode node="sapling226"/>
            <saplingNode node="sapling227"/>
            <saplingNode node="sapling228"/>
            <saplingNode node="sapling229"/>
            <saplingNode node="sapling230"/>
            <saplingNode node="sapling231"/>
            <saplingNode node="sapling232"/>
            <saplingNode node="sapling233"/>
            <saplingNode node="sapling234"/>
            <saplingNode node="sapling235"/>
            <saplingNode node="sapling236"/>
            <saplingNode node="sapling237"/>
            <saplingNode node="sapling238"/>
        </saplingNodes>
    </treeSaplingPallet>

    <fillUnit>
        <fillUnitConfigurations>
            <fillUnitConfiguration>
                <fillUnits removeVehicleIfEmpty="true">
                    <fillUnit unitTextOverride="$l10n_unit_literShort" fillTypes="TREESAPLINGS" capacity="238" startFillType="TREESAPLINGS" startFillLevel="238" ignoreFillLimit="true">
                        <exactFillRootNode node="exactFillRootNode" />
                    </fillUnit>
                </fillUnits>
            </fillUnitConfiguration>
        </fillUnitConfigurations>
    </fillUnit>

    <dischargeable requiresTipOcclusionArea="false" />

    <dynamicMount triggerNode="dynamicMountTrigger" triggerForceAcceleration="6" jointTransY="0.11" jointLimitToRotY="true"/>

    <tensionBeltObject>
        <meshNodes>
            <meshNode node="pallet_vis"/>
            <meshNode node="tensionBeltShape"/>
        </meshNodes>
    </tensionBeltObject>

    <i3dMappings>
        <i3dMapping id="treeSaplingPallet_component1" node="0>" />
        <i3dMapping id="pallet_vis" node="0>0" />
        <i3dMapping id="dynamicMountTrigger" node="0>0|0" />
        <i3dMapping id="treeSaplingsBox" node="0>0|1" />
        <i3dMapping id="tensionBeltShape" node="0>0|1|0" />
        <i3dMapping id="sapling01" node="0>0|1|1|0"  />
        <i3dMapping id="sapling02" node="0>0|1|1|1"  />
        <i3dMapping id="sapling03" node="0>0|1|1|2"  />
        <i3dMapping id="sapling04" node="0>0|1|1|3"  />
        <i3dMapping id="sapling05" node="0>0|1|1|4"  />
        <i3dMapping id="sapling06" node="0>0|1|1|5"  />
        <i3dMapping id="sapling07" node="0>0|1|1|6"  />
        <i3dMapping id="sapling08" node="0>0|1|1|7"  />
        <i3dMapping id="sapling09" node="0>0|1|1|8"  />
        <i3dMapping id="sapling10" node="0>0|1|1|9"  />
        <i3dMapping id="sapling11" node="0>0|1|1|10" />
        <i3dMapping id="sapling12" node="0>0|1|1|11" />
        <i3dMapping id="sapling13" node="0>0|1|1|12" />
        <i3dMapping id="sapling14" node="0>0|1|1|13" />
        <i3dMapping id="sapling15" node="0>0|1|1|14" />
        <i3dMapping id="sapling16" node="0>0|1|1|15" />
        <i3dMapping id="sapling17" node="0>0|1|1|16" />
        <i3dMapping id="sapling18" node="0>0|1|1|17" />
        <i3dMapping id="sapling19" node="0>0|1|1|18" />
        <i3dMapping id="sapling20" node="0>0|1|2|0"  />
		<i3dMapping id="sapling21" node="0>0|1|2|1"  />
        <i3dMapping id="sapling22" node="0>0|1|2|2"  />
        <i3dMapping id="sapling23" node="0>0|1|2|3"  />
        <i3dMapping id="sapling24" node="0>0|1|2|4"  />
        <i3dMapping id="sapling25" node="0>0|1|2|5"  />
        <i3dMapping id="sapling26" node="0>0|1|2|6"  />
        <i3dMapping id="sapling27" node="0>0|1|2|7"  />
        <i3dMapping id="sapling28" node="0>0|1|2|8"  />
        <i3dMapping id="sapling29" node="0>0|1|2|9"  />
        <i3dMapping id="sapling30" node="0>0|1|2|10" />
        <i3dMapping id="sapling31" node="0>0|1|2|11" />
        <i3dMapping id="sapling32" node="0>0|1|2|12" />
        <i3dMapping id="sapling33" node="0>0|1|2|13" />
        <i3dMapping id="sapling34" node="0>0|1|2|14" />
        <i3dMapping id="sapling35" node="0>0|1|2|15" />
        <i3dMapping id="sapling36" node="0>0|1|2|16" />
        <i3dMapping id="sapling37" node="0>0|1|2|17" />
        <i3dMapping id="sapling38" node="0>0|1|2|18" />
        <i3dMapping id="sapling39" node="0>0|1|2|19" />
        <i3dMapping id="sapling40" node="0>0|1|3|0"  />
		<i3dMapping id="sapling41" node="0>0|1|3|1"  />
        <i3dMapping id="sapling42" node="0>0|1|3|2"  />
        <i3dMapping id="sapling43" node="0>0|1|3|3"  />
        <i3dMapping id="sapling44" node="0>0|1|3|4"  />
        <i3dMapping id="sapling45" node="0>0|1|3|5"  />
        <i3dMapping id="sapling46" node="0>0|1|3|6"  />
        <i3dMapping id="sapling47" node="0>0|1|3|7"  />
        <i3dMapping id="sapling48" node="0>0|1|3|8"  />
        <i3dMapping id="sapling49" node="0>0|1|3|9"  />
        <i3dMapping id="sapling50" node="0>0|1|3|10" />
        <i3dMapping id="sapling51" node="0>0|1|3|11" />
        <i3dMapping id="sapling52" node="0>0|1|3|12" />
        <i3dMapping id="sapling53" node="0>0|1|3|13" />
        <i3dMapping id="sapling54" node="0>0|1|3|14" />
        <i3dMapping id="sapling55" node="0>0|1|3|15" />
        <i3dMapping id="sapling56" node="0>0|1|3|16" />
        <i3dMapping id="sapling57" node="0>0|1|3|17" />
        <i3dMapping id="sapling58" node="0>0|1|3|18" />
        <i3dMapping id="sapling59" node="0>0|1|3|19" />
        <i3dMapping id="sapling60" node="0>0|1|4|0"  />
		<i3dMapping id="sapling61" node="0>0|1|4|1"  />
        <i3dMapping id="sapling62" node="0>0|1|4|2"  />
        <i3dMapping id="sapling63" node="0>0|1|4|3"  />
        <i3dMapping id="sapling64" node="0>0|1|4|4"  />
        <i3dMapping id="sapling65" node="0>0|1|4|5"  />
        <i3dMapping id="sapling66" node="0>0|1|4|6"  />
        <i3dMapping id="sapling67" node="0>0|1|4|7"  />
        <i3dMapping id="sapling68" node="0>0|1|4|8"  />
        <i3dMapping id="sapling69" node="0>0|1|4|9"  />
        <i3dMapping id="sapling70" node="0>0|1|4|10" />
        <i3dMapping id="sapling71" node="0>0|1|4|11" />
        <i3dMapping id="sapling72" node="0>0|1|4|12" />
        <i3dMapping id="sapling73" node="0>0|1|4|13" />
        <i3dMapping id="sapling74" node="0>0|1|4|14" />
        <i3dMapping id="sapling75" node="0>0|1|4|15" />
        <i3dMapping id="sapling76" node="0>0|1|4|16" />
        <i3dMapping id="sapling77" node="0>0|1|4|17" />
        <i3dMapping id="sapling78" node="0>0|1|4|18" />
        <i3dMapping id="sapling79" node="0>0|1|5|0"  />
        <i3dMapping id="sapling80" node="0>0|1|5|1"  />
		<i3dMapping id="sapling81" node="0>0|1|5|2"  />
        <i3dMapping id="sapling82" node="0>0|1|5|3"  />
        <i3dMapping id="sapling83" node="0>0|1|5|4"  />
        <i3dMapping id="sapling84" node="0>0|1|5|5"  />
        <i3dMapping id="sapling85" node="0>0|1|5|6"  />
        <i3dMapping id="sapling86" node="0>0|1|5|7"  />
        <i3dMapping id="sapling87" node="0>0|1|5|8"  />
        <i3dMapping id="sapling88" node="0>0|1|5|9"  />
        <i3dMapping id="sapling89" node="0>0|1|5|10" />
        <i3dMapping id="sapling90" node="0>0|1|5|11" />
        <i3dMapping id="sapling91" node="0>0|1|5|12" />
        <i3dMapping id="sapling92" node="0>0|1|5|13" />
        <i3dMapping id="sapling93" node="0>0|1|5|14" />
        <i3dMapping id="sapling94" node="0>0|1|5|15" />
        <i3dMapping id="sapling95" node="0>0|1|5|16" />
        <i3dMapping id="sapling96" node="0>0|1|5|17" />
        <i3dMapping id="sapling97" node="0>0|1|5|18" />
        <i3dMapping id="sapling98" node="0>0|1|5|19" />
        <i3dMapping id="sapling99" node="0>0|1|6|0"  />
        <i3dMapping id="sapling100" node="0>0|1|6|1"  />
		<i3dMapping id="sapling101" node="0>0|1|6|2"  />
        <i3dMapping id="sapling102" node="0>0|1|6|3"  />
        <i3dMapping id="sapling103" node="0>0|1|6|4"  />
        <i3dMapping id="sapling104" node="0>0|1|6|5"  />
        <i3dMapping id="sapling105" node="0>0|1|6|6"  />
        <i3dMapping id="sapling106" node="0>0|1|6|7"  />
        <i3dMapping id="sapling107" node="0>0|1|6|8"  />
        <i3dMapping id="sapling108" node="0>0|1|6|9"  />
        <i3dMapping id="sapling109" node="0>0|1|6|10" />
        <i3dMapping id="sapling110" node="0>0|1|6|11" />
        <i3dMapping id="sapling111" node="0>0|1|6|12" />
        <i3dMapping id="sapling112" node="0>0|1|6|13" />
        <i3dMapping id="sapling113" node="0>0|1|6|14" />
        <i3dMapping id="sapling114" node="0>0|1|6|15" />
        <i3dMapping id="sapling115" node="0>0|1|6|16" />
        <i3dMapping id="sapling116" node="0>0|1|6|17" />
        <i3dMapping id="sapling117" node="0>0|1|6|18" />
        <i3dMapping id="sapling118" node="0>0|1|6|19" />
        <i3dMapping id="sapling119" node="0>0|1|7|0"  />
        <i3dMapping id="sapling120" node="0>0|1|7|1"  />
		<i3dMapping id="sapling121" node="0>0|1|7|2"  />
        <i3dMapping id="sapling122" node="0>0|1|7|3"  />
        <i3dMapping id="sapling123" node="0>0|1|7|4"  />
        <i3dMapping id="sapling124" node="0>0|1|7|5"  />
        <i3dMapping id="sapling125" node="0>0|1|7|6"  />
        <i3dMapping id="sapling126" node="0>0|1|7|7"  />
        <i3dMapping id="sapling127" node="0>0|1|7|8"  />
        <i3dMapping id="sapling128" node="0>0|1|7|9"  />
        <i3dMapping id="sapling129" node="0>0|1|7|10" />
        <i3dMapping id="sapling130" node="0>0|1|7|11" />
        <i3dMapping id="sapling131" node="0>0|1|7|12" />
        <i3dMapping id="sapling132" node="0>0|1|7|13" />
        <i3dMapping id="sapling133" node="0>0|1|7|14" />
        <i3dMapping id="sapling134" node="0>0|1|7|15" />
        <i3dMapping id="sapling135" node="0>0|1|7|16" />
        <i3dMapping id="sapling136" node="0>0|1|7|17" />
        <i3dMapping id="sapling137" node="0>0|1|7|18" />
        <i3dMapping id="sapling138" node="0>0|1|7|19" />
        <i3dMapping id="sapling139" node="0>0|1|8|0"  />
        <i3dMapping id="sapling140" node="0>0|1|8|1"  />
		<i3dMapping id="sapling141" node="0>0|1|8|2"  />
        <i3dMapping id="sapling142" node="0>0|1|8|3"  />
        <i3dMapping id="sapling143" node="0>0|1|8|4"  />
        <i3dMapping id="sapling144" node="0>0|1|8|5"  />
        <i3dMapping id="sapling145" node="0>0|1|8|6"  />
        <i3dMapping id="sapling146" node="0>0|1|8|7"  />
        <i3dMapping id="sapling147" node="0>0|1|8|8"  />
        <i3dMapping id="sapling148" node="0>0|1|8|9"  />
        <i3dMapping id="sapling149" node="0>0|1|8|10" />
        <i3dMapping id="sapling150" node="0>0|1|8|11" />
        <i3dMapping id="sapling151" node="0>0|1|8|12" />
        <i3dMapping id="sapling152" node="0>0|1|8|13" />
        <i3dMapping id="sapling153" node="0>0|1|8|14" />
        <i3dMapping id="sapling154" node="0>0|1|8|15" />
        <i3dMapping id="sapling155" node="0>0|1|8|16" />
        <i3dMapping id="sapling156" node="0>0|1|8|17" />
        <i3dMapping id="sapling157" node="0>0|1|8|18" />
        <i3dMapping id="sapling158" node="0>0|1|8|19" />
        <i3dMapping id="sapling159" node="0>0|1|9|0"  />
        <i3dMapping id="sapling160" node="0>0|1|9|1"  />
		<i3dMapping id="sapling161" node="0>0|1|9|2"  />
        <i3dMapping id="sapling162" node="0>0|1|9|3"  />
        <i3dMapping id="sapling163" node="0>0|1|9|4"  />
        <i3dMapping id="sapling164" node="0>0|1|9|5"  />
        <i3dMapping id="sapling165" node="0>0|1|9|6"  />
        <i3dMapping id="sapling166" node="0>0|1|9|7"  />
        <i3dMapping id="sapling167" node="0>0|1|9|8"  />
        <i3dMapping id="sapling168" node="0>0|1|9|9"  />
        <i3dMapping id="sapling169" node="0>0|1|9|10" />
        <i3dMapping id="sapling170" node="0>0|1|9|11" />
        <i3dMapping id="sapling171" node="0>0|1|9|12" />
        <i3dMapping id="sapling172" node="0>0|1|9|13" />
        <i3dMapping id="sapling173" node="0>0|1|9|14" />
        <i3dMapping id="sapling174" node="0>0|1|9|15" />
        <i3dMapping id="sapling175" node="0>0|1|9|16" />
        <i3dMapping id="sapling176" node="0>0|1|9|17" />
        <i3dMapping id="sapling177" node="0>0|1|9|18" />
        <i3dMapping id="sapling178" node="0>0|1|9|19" />
        <i3dMapping id="sapling179" node="0>0|1|10|0"  />
        <i3dMapping id="sapling180" node="0>0|1|10|1"  />
		<i3dMapping id="sapling181" node="0>0|1|10|2"  />
        <i3dMapping id="sapling182" node="0>0|1|10|3"  />
        <i3dMapping id="sapling183" node="0>0|1|10|4"  />
        <i3dMapping id="sapling184" node="0>0|1|10|5"  />
        <i3dMapping id="sapling185" node="0>0|1|10|6"  />
        <i3dMapping id="sapling186" node="0>0|1|10|7"  />
        <i3dMapping id="sapling187" node="0>0|1|10|8"  />
        <i3dMapping id="sapling188" node="0>0|1|10|9"  />
        <i3dMapping id="sapling189" node="0>0|1|10|10" />
        <i3dMapping id="sapling190" node="0>0|1|10|11" />
        <i3dMapping id="sapling191" node="0>0|1|10|12" />
        <i3dMapping id="sapling192" node="0>0|1|10|13" />
        <i3dMapping id="sapling193" node="0>0|1|10|14" />
        <i3dMapping id="sapling194" node="0>0|1|10|15" />
        <i3dMapping id="sapling195" node="0>0|1|10|16" />
        <i3dMapping id="sapling196" node="0>0|1|10|17" />
        <i3dMapping id="sapling197" node="0>0|1|10|18" />
        <i3dMapping id="sapling198" node="0>0|1|10|19" />
        <i3dMapping id="sapling199" node="0>0|1|11|0"  />
        <i3dMapping id="sapling200" node="0>0|1|11|1"  />
		<i3dMapping id="sapling201" node="0>0|1|11|2"  />
        <i3dMapping id="sapling202" node="0>0|1|11|3"  />
        <i3dMapping id="sapling203" node="0>0|1|11|4"  />
        <i3dMapping id="sapling204" node="0>0|1|11|5"  />
        <i3dMapping id="sapling205" node="0>0|1|11|6"  />
        <i3dMapping id="sapling206" node="0>0|1|11|7"  />
        <i3dMapping id="sapling207" node="0>0|1|11|8"  />
        <i3dMapping id="sapling208" node="0>0|1|11|9"  />
        <i3dMapping id="sapling209" node="0>0|1|11|10" />
        <i3dMapping id="sapling210" node="0>0|1|11|11" />
        <i3dMapping id="sapling211" node="0>0|1|11|12" />
        <i3dMapping id="sapling212" node="0>0|1|11|13" />
        <i3dMapping id="sapling213" node="0>0|1|11|14" />
        <i3dMapping id="sapling214" node="0>0|1|11|15" />
        <i3dMapping id="sapling215" node="0>0|1|11|16" />
        <i3dMapping id="sapling216" node="0>0|1|11|17" />
        <i3dMapping id="sapling217" node="0>0|1|11|18" />
        <i3dMapping id="sapling218" node="0>0|1|11|19" />
        <i3dMapping id="sapling219" node="0>0|1|12|0"  />
        <i3dMapping id="sapling220" node="0>0|1|12|1"  />
		<i3dMapping id="sapling221" node="0>0|1|12|2"  />
        <i3dMapping id="sapling222" node="0>0|1|12|3"  />
        <i3dMapping id="sapling223" node="0>0|1|12|4"  />
        <i3dMapping id="sapling224" node="0>0|1|12|5"  />
        <i3dMapping id="sapling225" node="0>0|1|12|6"  />
        <i3dMapping id="sapling226" node="0>0|1|12|7"  />
        <i3dMapping id="sapling227" node="0>0|1|12|8"  />
        <i3dMapping id="sapling228" node="0>0|1|12|9"  />
        <i3dMapping id="sapling229" node="0>0|1|12|10" />
        <i3dMapping id="sapling230" node="0>0|1|12|11" />
        <i3dMapping id="sapling231" node="0>0|1|12|12" />
        <i3dMapping id="sapling232" node="0>0|1|12|13" />
        <i3dMapping id="sapling233" node="0>0|1|12|14" />
        <i3dMapping id="sapling234" node="0>0|1|12|15" />
        <i3dMapping id="sapling235" node="0>0|1|12|16" />
        <i3dMapping id="sapling236" node="0>0|1|12|17" />
        <i3dMapping id="sapling237" node="0>0|1|12|18" />
        <i3dMapping id="sapling238" node="0>0|1|12|19" />
        <i3dMapping id="sapling239" node="0>0|1|13|0"  />
        <i3dMapping id="sapling240" node="0>0|1|13|1"  />
		<i3dMapping id="sapling241" node="0>0|1|13|2"  />
        <i3dMapping id="sapling242" node="0>0|1|13|3"  />
        <i3dMapping id="sapling243" node="0>0|1|13|4"  />
        <i3dMapping id="sapling244" node="0>0|1|13|5"  />
        <i3dMapping id="sapling245" node="0>0|1|13|6"  />
        <i3dMapping id="sapling246" node="0>0|1|13|7"  />
        <i3dMapping id="sapling247" node="0>0|1|13|8"  />
        <i3dMapping id="sapling248" node="0>0|1|13|9"  />
        <i3dMapping id="sapling249" node="0>0|1|13|10" />
        <i3dMapping id="sapling250" node="0>0|1|13|11" />
        <i3dMapping id="sapling251" node="0>0|1|13|12" />
        <i3dMapping id="sapling252" node="0>0|1|13|13" />
        <i3dMapping id="sapling253" node="0>0|1|13|14" />
        <i3dMapping id="sapling254" node="0>0|1|13|15" />
        <i3dMapping id="sapling255" node="0>0|1|13|16" />
        <i3dMapping id="sapling256" node="0>0|1|13|17" />
        <i3dMapping id="sapling257" node="0>0|1|13|18" />
        <i3dMapping id="sapling258" node="0>0|1|14|0"  />
        <i3dMapping id="sapling259" node="0>0|1|14|1"  />
        <i3dMapping id="sapling260" node="0>0|1|14|2"  />
		<i3dMapping id="sapling261" node="0>0|1|14|3"  />
        <i3dMapping id="sapling262" node="0>0|1|14|4"  />
        <i3dMapping id="sapling263" node="0>0|1|14|5"  />
        <i3dMapping id="sapling264" node="0>0|1|14|6"  />
        <i3dMapping id="sapling265" node="0>0|1|14|7"  />
        <i3dMapping id="sapling266" node="0>0|1|14|8"  />
        <i3dMapping id="sapling267" node="0>0|1|14|9"  />
        <i3dMapping id="sapling268" node="0>0|1|14|10" />
        <i3dMapping id="sapling269" node="0>0|1|14|11" />
        <i3dMapping id="sapling270" node="0>0|1|14|12" />
        <i3dMapping id="sapling271" node="0>0|1|14|13" />
        <i3dMapping id="sapling272" node="0>0|1|14|14" />
        <i3dMapping id="sapling273" node="0>0|1|14|15" />
        <i3dMapping id="sapling274" node="0>0|1|14|16" />
        <i3dMapping id="sapling275" node="0>0|1|14|17" />
        <i3dMapping id="sapling276" node="0>0|1|14|18" />
        <i3dMapping id="sapling277" node="0>0|1|14|19" />
        <i3dMapping id="sapling278" node="0>0|1|15|0"  />
        <i3dMapping id="sapling279" node="0>0|1|15|1"  />
        <i3dMapping id="sapling280" node="0>0|1|15|2"  />
		<i3dMapping id="sapling281" node="0>0|1|15|3"  />
        <i3dMapping id="sapling282" node="0>0|1|15|4"  />
        <i3dMapping id="sapling283" node="0>0|1|15|5"  />
        <i3dMapping id="sapling284" node="0>0|1|15|6"  />
        <i3dMapping id="sapling285" node="0>0|1|15|7"  />
        <i3dMapping id="sapling286" node="0>0|1|15|8"  />
        <i3dMapping id="sapling287" node="0>0|1|15|9"  />
        <i3dMapping id="sapling288" node="0>0|1|15|10" />
        <i3dMapping id="sapling289" node="0>0|1|15|11" />
        <i3dMapping id="sapling290" node="0>0|1|15|12" />
        <i3dMapping id="sapling291" node="0>0|1|15|13" />
        <i3dMapping id="sapling292" node="0>0|1|15|14" />
        <i3dMapping id="sapling293" node="0>0|1|15|15" />
        <i3dMapping id="sapling294" node="0>0|1|15|16" />
        <i3dMapping id="sapling295" node="0>0|1|15|17" />
        <i3dMapping id="sapling296" node="0>0|1|15|18" />
        <i3dMapping id="sapling297" node="0>0|1|15|19" />
        <i3dMapping id="sapling298" node="0>0|1|16|0"  />
        <i3dMapping id="sapling299" node="0>0|1|16|1"  />
        <i3dMapping id="sapling300" node="0>0|1|16|2"  />
		<i3dMapping id="sapling301" node="0>0|1|16|3"  />
        <i3dMapping id="sapling302" node="0>0|1|16|4"  />
        <i3dMapping id="sapling303" node="0>0|1|16|5"  />
        <i3dMapping id="sapling304" node="0>0|1|16|6"  />
        <i3dMapping id="sapling305" node="0>0|1|16|7"  />
        <i3dMapping id="sapling306" node="0>0|1|16|8"  />
        <i3dMapping id="sapling307" node="0>0|1|16|9"  />
        <i3dMapping id="sapling308" node="0>0|1|16|10" />
        <i3dMapping id="sapling309" node="0>0|1|16|11" />
        <i3dMapping id="sapling310" node="0>0|1|16|12" />
        <i3dMapping id="sapling311" node="0>0|1|16|13" />
        <i3dMapping id="sapling312" node="0>0|1|16|14" />
        <i3dMapping id="sapling313" node="0>0|1|16|15" />
        <i3dMapping id="sapling314" node="0>0|1|16|16" />
        <i3dMapping id="sapling315" node="0>0|1|16|17" />
        <i3dMapping id="sapling316" node="0>0|1|16|18" />
        <i3dMapping id="exactFillRootNode" node="0>0|2" />
		<i3dMapping id="spruce1Decal" node="0>1|0" />
		<i3dMapping id="spruce2Decal" node="0>1|1" />
		<i3dMapping id="americanElmDecal" node="0>1|2" />
		<i3dMapping id="birchDecal" node="0>1|3" />
		<i3dMapping id="cypressDecal" node="0>1|4" />
		<i3dMapping id="downyServiceberryDecal" node="0>1|5" />
		<i3dMapping id="mapleDecal" node="0>1|6" />
		<i3dMapping id="oakDecal" node="0>1|7" />
		<i3dMapping id="pagodaDogwoodDecal" node="0>1|8" />
		<i3dMapping id="shagbarkHickoryDecal" node="0>1|9" />
		<i3dMapping id="stonePineDecal" node="0>1|10" />
		<i3dMapping id="willowDecal" node="0>1|11" />
		<i3dMapping id="pineDecal" node="0>1|12" />
    </i3dMappings>
</vehicle>
