﻿<?xml version="1.0" encoding="utf-8" standalone="no"?>
<vehicle type="balerWrapper" xmlns:xsi="http://www.w3.org/2001/XMLSchema-instance" xsi:noNamespaceSchemaLocation="https://validation.gdn.giants-software.com/xml/schema/vehicle.xsd">
    <annotation>Copyright (C) DD ModPassion, All Rights Reserved.</annotation>
    <storeData>
        <name>G-1 F125 Kombi</name>
        <image>$data/store/store_empty.png</image>
        <brand>GOEWEIL</brand>
        <category>balers</category>
        <showInStore>false</showInStore>
    </storeData>
    <base>
        <filename>filename/foilWrapRoll.i3d</filename>
    </base>
    <fillUnit>
        <fillUnitConfigurations>
            <fillUnitConfiguration>
                <fillUnits>
                    <fillUnit unitTextOverride="$l10n_unit_mShort" fillTypeCategories="foilWrap" capacity="3000" canBeUnloaded="false" allowFoldingThreshold="6000"/>
                </fillUnits>
            </fillUnitConfiguration>
        </fillUnitConfigurations>
    </fillUnit>
	<baleWrapper>
        <foilWrapAddon>
            <baseNode node="0>0|3|2|0|2"/>
            <roll node="0>0|3|2|0|2" translation="2.491 0.005 -0.492" rotation="180 125 0" scale="1.05 0.96 1.05"/>
            <roll node="0>0|3|2|0|2" translation="0 0 0" rotation="180 -52 0" scale="1.01 0.968 1.01"/>
            <material node="0>2|1"/>
            <material node="0>2|2" editVisibility="false"/>
            <material node="0>2|3" editVisibility="false"/>
        </foilWrapAddon>
    </baleWrapper>
    <wearable showOnHud="false"/>
    <washable/>
</vehicle>