﻿<?xml version="1.0" encoding="utf-8" standalone="no"?>
<vehicle type="balerWrapper" xmlns:xsi="http://www.w3.org/2001/XMLSchema-instance" xsi:noNamespaceSchemaLocation="https://validation.gdn.giants-software.com/xml/schema/vehicle.xsd">
    <annotation>Copyright (C) DD ModPassion, All Rights Reserved.</annotation>
    <storeData>
        <name>IMPRESS 200VCPro</name>
        <image>$data/store/store_empty.png</image>
        <brand>POETTINGER</brand>
        <category>balers</category>
        <showInStore>false</showInStore>
    </storeData>
    <base>
        <filename>filename/foilWrapRoll.i3d</filename>
    </base>
    <fillUnit>
        <fillUnitConfigurations>
            <fillUnitConfiguration>
                <fillUnits>
                    <fillUnit unitTextOverride="$l10n_unit_mShort" fillTypeCategories="foilWrap" capacity="3000" canBeUnloaded="false" allowFoldingThreshold="6000"/>
                </fillUnits>
            </fillUnitConfiguration>
        </fillUnitConfigurations>
    </fillUnit>
	<baleWrapper>
        <foilWrapAddon>
            <baseNode node="0>0|3|3|0|6|2"/>
            <roll node="0>0|3|3|0|6|2" translation="1.152 1.608 -5.334" rotation="0 -70.2 0" scale="0.93 1.012 0.93"/>
            <roll node="0>0|3|3|0|6|2" translation="-1.152 1.61 -4.197" rotation="0 111 0" scale="0.94 1.005 0.94"/>
            <material node="0>1|3"/>
            <material node="0>1|4" editVisibility="false"/>
        </foilWrapAddon>
    </baleWrapper>
    <wearable showOnHud="false"/>
    <washable/>
</vehicle>