<?xml version="1.0" encoding="utf-8" standalone="no" ?>
<wheel xmlns:xsi="http://www.w3.org/2001/XMLSchema-instance" xsi:noNamespaceSchemaLocation="../../../../../../shared/xml/schema/wheel.xsd">
    <brand>VREDESTEIN</brand>
    <name>Traxion XXL</name>
    <default>
        <physics radius="0.804" width="0.6" mass="0.267" tireType="mud" frictionScale="1.60" maxLongStiffness="10" maxLatStiffness="120" maxLatStiffnessLoad="2"/>
        <tire filename="$data/shared/wheels/tires/vredestein/traxionXXL/R30_traxionXXL.i3d" nodeLeft="0|0" nodeRight="0|0" maxDeformation="0.085" sideDeformOffset="0.957" isCareWheel="false" tireTrackAtlasIndex="0"/>
        <outerRim filename="$data/shared/wheels/rims/rim001.i3d" node="1|0" widthAndDiam="20 30"/>
        <innerRim filename="$data/shared/wheels/rims/rim003.i3d" nodeLeft="1|0" nodeRight="1|1" widthAndDiam="20 30"/>
		
    </default>
    <configurations>
        <configuration id="dual">
            <innerRim filename="-"/>
        </configuration>
        <configuration id="jd">
            <innerRim filename="$data/shared/wheels/rims/rim006.i3d" nodeLeft="0|0" nodeRight="0|1"/>
        </configuration>
    </configurations>
</wheel>
