﻿<?xml version="1.0" encoding="utf-8" standalone="no" ?>
<modDesc descVersion="79">
    <author>NicoPix's</author>
    <version>1.0.0.0</version>
	<title>
		<en>Net/Twine Holder</en>
		<de>Netzrollen/Garnrollen Magazin</de>
		<fr>Porte Filets/Ficelle</fr>
	</title>
    <description>
        <en><![CDATA[With these net and twine holders you can store and transport nets for the Krone Comprima V 180 XC and twines for the Krone Big Pack 1290.

Simple net holder:
Capacity: 8 to 12 nets with the extension and 16 to 24 twine with the extension.
Price: 1100$
Extension: 200$
Color choice.

Net holder with roller:
Capacity: 8 nets and 16 twine.
Price: 2520$
Color choice.
]]></en>
        <de><![CDATA[Mit diesen Netzrollen und Garnrollen Magazin können Sie Netze für den Krone Comprima V 180 XC und Garne für den Krone Big Pack 1290 aufbewahren und transportieren.

Einfacher Netz Magazin:
Kapazität: 8 bis 12 Netze mit der Verlängerung und 16 bis 24 Garne mit der Verlängerung.
Preis: 1100€
Verlängerung: 200€
Farbwahl.

Netzhalter mit Rolle:
Kapazität: 8 Netze und 16 Schnüre.
Preis: 2520€
Farbwahl.
]]></de>
        <fr><![CDATA[Avec ces portes filets et ficelle, vous pouvez stocker et transporter les filets pour la Krone Comprima V 180 XC et les ficelles pour le Krone Big Pack 1290.

Porte filet simple:
Capacité : 8 à 12 filets avec l'extension et 16 à 24 ficelles avec l'extension.
Prix : 1100 €
Extension : 200€
Configuration de couleurs.

Porte filet avec rouleau :
Capacité : 8 filets et 16 ficelles.
Prix : 2520€
Configuration de couleurs.
]]></fr>
	</description>
    <iconFilename>icon_Net_Holder.png</iconFilename>
    <multiplayer supported="true"/>
	
	<vehicleTypes>
        <type name="FillableHolder" parent="baseTipper" filename="$dataS/scripts/vehicles/Vehicle.lua">
            <specialization name="fillTriggerVehicle" />
        </type>
    </vehicleTypes>

	<l10n>
		<text name="function_Holder">
			<en>With this net or twine holder you can stock the nets or twine for the Krone Comprima V 180 XC and the Krone Big Pack 1290.</en>
			<de>Auf dem Netzrollen und Garnrollen Magazin können Sie die Netze oder Garn für die Krone Comprima V 180 XC aufbewahren und die Krone Big Pack 1290 aufbewahren..</de>
			<fr>Avec ce porte filets et ficelle, vous pouvez stocker des filets ou de la ficelle pour la Krone Comprima V 180 XC et la Krone Big Pack 1290.</fr>
		</text>
		<text name="name_Holder">
			<en>Net/Twine Holder</en>
			<de>Netzrollen/Garnrollen Magazin</de>
			<fr>Porte filets/ficelle</fr>
		</text>
		<text name="name_NetHolder">
			<en>Net Holder</en>
			<de>Netzrollen Magazin</de>
			<fr>Porte filets</fr>
		</text>
		<text name="name_TwineHolder">
			<en>Twine Holder</en>
			<de>Garnrollen Magazin</de>
			<fr>Porte Ficelle</fr>
		</text>
		<text name="configuration_8_Net">
			<en>8 Net</en>
			<de>8 Netzrollen</de>
			<fr>8 Filets</fr>
		</text>
		<text name="configuration_8_Twine">
			<en>16 Twine </en>
			<de>16 Garnrollen</de>
			<fr>16 Ficelle</fr>
		</text>
		<text name="configuration_12_Net">
			<en>12 Net</en>
			<de>12 Netzrollen</de>
			<fr>12 Filets</fr>
		</text>
		<text name="configuration_12_Twine">
			<en>24 Twine </en>
			<de>24 Garnrollen</de>
			<fr>24 Ficelle</fr>
		</text>
	</l10n>

	<storeItems>
        <storeItem rootNode="vehicle" xmlFilename="Net_Holder.xml"/>
        <storeItem rootNode="vehicle" xmlFilename="Roller_Net_Holder.xml"/>
    </storeItems>

    <dependencies>
        <dependency>FS22_strawHarvestPack</dependency>
    </dependencies>
</modDesc>
