﻿<?xml version="1.0" encoding="utf-8" standalone="no" ?>
<vehicle type="FillableHolder">
    <annotation>Copyright (C) GIANTS Software GmbH, All Rights Reserved.</annotation>

    <storeData>
        <name>$l10n_name_Holder</name>
        <functions>
            <function>$l10n_function_Holder</function>
        </functions>
        <image>store_Net_Holder_12.dds</image>
        <price>1100</price>
        <lifetime>600</lifetime>
        <rotation>0</rotation>
        <brand>LIZARD</brand>
        <category>balers</category>
        <vertexBufferMemoryUsage>226048</vertexBufferMemoryUsage>
        <indexBufferMemoryUsage>39424</indexBufferMemoryUsage>
        <textureMemoryUsage>589824</textureMemoryUsage>
        <audioMemoryUsage>0</audioMemoryUsage>
        <instanceVertexBufferMemoryUsage>0</instanceVertexBufferMemoryUsage>
        <instanceIndexBufferMemoryUsage>0</instanceIndexBufferMemoryUsage>
    </storeData>

    <base>
        <typeDesc>$l10n_name_Holder</typeDesc>
        <filename>Net_Holder.i3d</filename>
        <size width="3" length="2"/>
        <components>
            <component centerOfMass="0 0 0" solverIterationCount="20" mass="300"/>
        </components>
        <schemaOverlay attacherJointPosition="0 0" name="IMPLEMENT"/>
        <mapHotspot type="TOOL" />
    </base>

    <attachable>
        <inputAttacherJoints>
            <inputAttacherJoint node="attacherJoint" jointType="implement" topReferenceNode="topReferenceNode" lowerRotLimitScale="0 0 0" upperRotationOffset="3" lowerRotationOffset="0" needsLowering="false">
                <distanceToGround lower="0.3" upper="1.5" />
            </inputAttacherJoint>
        </inputAttacherJoints>
    </attachable>
	
	<animations>
		<animation name="NetAnimation12">
            <part node="NetRole01" startTime="0.000" endTime="0.001" visibility="false"/>
            <part node="NetRole01" startTime="0.001" endTime="1.000" visibility="true"/>
            <part node="NetRole02" startTime="0.000" endTime="0.084" visibility="false"/>
            <part node="NetRole02" startTime="0.084" endTime="1.000" visibility="true"/>
            <part node="NetRole03" startTime="0.000" endTime="0.168" visibility="false"/>
            <part node="NetRole03" startTime="0.168" endTime="1.000" visibility="true"/>
            <part node="NetRole04" startTime="0.000" endTime="0.252" visibility="false"/>
            <part node="NetRole04" startTime="0.252" endTime="1.000" visibility="true"/>
            <part node="NetRole05" startTime="0.000" endTime="0.336" visibility="false"/>
            <part node="NetRole05" startTime="0.336" endTime="1.000" visibility="true"/>
            <part node="NetRole06" startTime="0.000" endTime="0.420" visibility="false"/>
            <part node="NetRole06" startTime="0.420" endTime="1.000" visibility="true"/>
            <part node="NetRole07" startTime="0.000" endTime="0.504" visibility="false"/>
            <part node="NetRole07" startTime="0.504" endTime="1.000" visibility="true"/>
			<part node="NetRole08" startTime="0.000" endTime="0.588" visibility="false"/>
            <part node="NetRole08" startTime="0.588" endTime="1.000" visibility="true"/>
            <part node="NetRole09" startTime="0.000" endTime="0.672" visibility="false"/>
            <part node="NetRole09" startTime="0.672" endTime="1.000" visibility="true"/>
            <part node="NetRole10" startTime="0.000" endTime="0.756" visibility="false"/>
            <part node="NetRole10" startTime="0.756" endTime="1.000" visibility="true"/>
            <part node="NetRole11" startTime="0.000" endTime="0.835" visibility="false"/>
            <part node="NetRole11" startTime="0.835" endTime="1.000" visibility="true"/>
			<part node="NetRole12" startTime="0.000" endTime="0.916" visibility="false"/>
            <part node="NetRole12" startTime="0.916" endTime="1.000" visibility="true"/>
        </animation>
		<animation name="NetAnimation8">
            <part node="NetRole01" startTime="0.000" endTime="0.001" visibility="false"/>
            <part node="NetRole01" startTime="0.001" endTime="1.000" visibility="true"/>
            <part node="NetRole02" startTime="0.000" endTime="0.125" visibility="false"/>
            <part node="NetRole02" startTime="0.125" endTime="1.000" visibility="true"/>
            <part node="NetRole03" startTime="0.000" endTime="0.250" visibility="false"/>
            <part node="NetRole03" startTime="0.250" endTime="1.000" visibility="true"/>
            <part node="NetRole04" startTime="0.000" endTime="0.375" visibility="false"/>
            <part node="NetRole04" startTime="0.375" endTime="1.000" visibility="true"/>
            <part node="NetRole05" startTime="0.000" endTime="0.500" visibility="false"/>
            <part node="NetRole05" startTime="0.500" endTime="1.000" visibility="true"/>
            <part node="NetRole06" startTime="0.000" endTime="0.625" visibility="false"/>
            <part node="NetRole06" startTime="0.625" endTime="1.000" visibility="true"/>
            <part node="NetRole07" startTime="0.000" endTime="0.750" visibility="false"/>
            <part node="NetRole07" startTime="0.750" endTime="1.000" visibility="true"/>
			<part node="NetRole08" startTime="0.000" endTime="0.875" visibility="false"/>
            <part node="NetRole08" startTime="0.875" endTime="1.000" visibility="true"/>
        </animation>
        <animation name="TwineAnimation8">
            <part node="TwineRole00" startTime="0.000" endTime="0.001" visibility="false"/>
            <part node="TwineRole00" startTime="0.001" endTime="1.000" visibility="true"/>
            
            <part node="TwineRole01" startTime="0.000" endTime="0.067" visibility="false"/>
            <part node="TwineRole01" startTime="0.067" endTime="1.000" visibility="true"/>
            
            <part node="TwineRole02" startTime="0.000" endTime="0.134" visibility="false"/>
            <part node="TwineRole02" startTime="0.134" endTime="1.000" visibility="true"/>
            
            <part node="TwineRole03" startTime="0.000" endTime="0.201" visibility="false"/>
            <part node="TwineRole03" startTime="0.201" endTime="1.000" visibility="true"/>
            
            <part node="TwineRole04" startTime="0.000" endTime="0.268" visibility="false"/>
            <part node="TwineRole04" startTime="0.268" endTime="1.000" visibility="true"/>
            
            <part node="TwineRole05" startTime="0.000" endTime="0.335" visibility="false"/>
            <part node="TwineRole05" startTime="0.335" endTime="1.000" visibility="true"/>
            
            <part node="TwineRole06" startTime="0.000" endTime="0.402" visibility="false"/>
            <part node="TwineRole06" startTime="0.402" endTime="1.000" visibility="true"/>
            
            <part node="TwineRole07" startTime="0.000" endTime="0.469" visibility="false"/>
            <part node="TwineRole07" startTime="0.469" endTime="1.000" visibility="true"/>
            
            <part node="TwineRole08" startTime="0.000" endTime="0.536" visibility="false"/>
            <part node="TwineRole08" startTime="0.536" endTime="1.000" visibility="true"/>
            
            <part node="TwineRole09" startTime="0.000" endTime="0.603" visibility="false"/>
            <part node="TwineRole09" startTime="0.603" endTime="1.000" visibility="true"/>
            
            <part node="TwineRole10" startTime="0.000" endTime="0.67" visibility="false"/>
            <part node="TwineRole10" startTime="0.67" endTime="1.000" visibility="true"/>
            
            <part node="TwineRole11" startTime="0.000" endTime="0.737" visibility="false"/>
            <part node="TwineRole11" startTime="0.737" endTime="1.000" visibility="true"/>
            
            <part node="TwineRole12" startTime="0.000" endTime="0.806" visibility="false"/>
            <part node="TwineRole12" startTime="0.806" endTime="1.000" visibility="true"/>
            
            <part node="TwineRole13" startTime="0.000" endTime="0.855" visibility="false"/>
            <part node="TwineRole13" startTime="0.855" endTime="1.000" visibility="true"/>
            
            <part node="TwineRole14" startTime="0.000" endTime="0.865" visibility="false"/>
            <part node="TwineRole14" startTime="0.865" endTime="1.000" visibility="true"/>
            
            <part node="TwineRole15" startTime="0.000" endTime="0.933" visibility="false"/>
            <part node="TwineRole15" startTime="0.933" endTime="1.000" visibility="true"/>
        </animation>
        <animation name="TwineAnimation12">
            <part node="TwineRole00" startTime="0.000" endTime="0.001" visibility="false"/>
            <part node="TwineRole00" startTime="0.001" endTime="1.000" visibility="true"/>
            
            <part node="TwineRole01" startTime="0.000" endTime="0.041" visibility="false"/>
            <part node="TwineRole01" startTime="0.041" endTime="1.000" visibility="true"/>
            
            <part node="TwineRole02" startTime="0.000" endTime="0.082" visibility="false"/>
            <part node="TwineRole02" startTime="0.082" endTime="1.000" visibility="true"/>
            
            <part node="TwineRole03" startTime="0.000" endTime="0.123" visibility="false"/>
            <part node="TwineRole03" startTime="0.123" endTime="1.000" visibility="true"/>
            
            <part node="TwineRole04" startTime="0.000" endTime="0.164" visibility="false"/>
            <part node="TwineRole04" startTime="0.164" endTime="1.000" visibility="true"/>
            
            <part node="TwineRole05" startTime="0.000" endTime="0.205" visibility="false"/>
            <part node="TwineRole05" startTime="0.205" endTime="1.000" visibility="true"/>
            
            <part node="TwineRole06" startTime="0.000" endTime="0.246" visibility="false"/>
            <part node="TwineRole06" startTime="0.246" endTime="1.000" visibility="true"/>
            
            <part node="TwineRole07" startTime="0.000" endTime="0.287" visibility="false"/>
            <part node="TwineRole07" startTime="0.287" endTime="1.000" visibility="true"/>
            
            <part node="TwineRole08" startTime="0.000" endTime="0.328" visibility="false"/>
            <part node="TwineRole08" startTime="0.328" endTime="1.000" visibility="true"/>
            
            <part node="TwineRole09" startTime="0.000" endTime="0.369" visibility="false"/>
            <part node="TwineRole09" startTime="0.369" endTime="1.000" visibility="true"/>
            
            <part node="TwineRole10" startTime="0.000" endTime="0.410" visibility="false"/>
            <part node="TwineRole10" startTime="0.410" endTime="1.000" visibility="true"/>
            
            <part node="TwineRole11" startTime="0.000" endTime="0.451" visibility="false"/>
            <part node="TwineRole11" startTime="0.451" endTime="1.000" visibility="true"/>
            
            <part node="TwineRole12" startTime="0.000" endTime="0.500" visibility="false"/>
            <part node="TwineRole12" startTime="0.500" endTime="1.000" visibility="true"/>
            
            <part node="TwineRole13" startTime="0.000" endTime="0.533" visibility="false"/>
            <part node="TwineRole13" startTime="0.533" endTime="1.000" visibility="true"/>
            
            <part node="TwineRole14" startTime="0.000" endTime="0.575" visibility="false"/>
            <part node="TwineRole14" startTime="0.575" endTime="1.000" visibility="true"/>
            
            <part node="TwineRole15" startTime="0.000" endTime="0.615" visibility="false"/>
            <part node="TwineRole15" startTime="0.615" endTime="1.000" visibility="true"/>
            
            <part node="TwineRole16" startTime="0.000" endTime="0.656" visibility="false"/>
            <part node="TwineRole16" startTime="0.656" endTime="1.000" visibility="true"/>
            
            <part node="TwineRole17" startTime="0.000" endTime="0.700" visibility="false"/>
            <part node="TwineRole17" startTime="0.700" endTime="1.000" visibility="true"/>
        
            <part node="TwineRole18" startTime="0.000" endTime="0.741" visibility="false"/>
            <part node="TwineRole18" startTime="0.741" endTime="1.000" visibility="true"/>
            
            <part node="TwineRole19" startTime="0.000" endTime="0.782" visibility="false"/>
            <part node="TwineRole19" startTime="0.782" endTime="1.000" visibility="true"/>
            
            <part node="TwineRole20" startTime="0.000" endTime="0.823" visibility="false"/>
            <part node="TwineRole20" startTime="0.823" endTime="1.000" visibility="true"/>
            
            <part node="TwineRole21" startTime="0.000" endTime="0.864" visibility="false"/>
            <part node="TwineRole21" startTime="0.864" endTime="1.000" visibility="true"/>
            
            <part node="TwineRole22" startTime="0.000" endTime="0.908" visibility="false"/>
            <part node="TwineRole22" startTime="0.908" endTime="1.000" visibility="true"/>
            
            <part node="TwineRole23" startTime="0.000" endTime="0.959" visibility="false"/>
            <part node="TwineRole23" startTime="0.959" endTime="1.000" visibility="true"/>
        </animation>
    </animations>

    <fillUnit>
        <fillUnitConfigurations>
            <fillUnitConfiguration name="$l10n_configuration_8_Net" price="0" vehicleName="$l10n_name_NetHolder" vehicleIcon="store_Net_Holder_8.dds">
                <fillUnits>
                    <fillUnit unitTextOverride="$l10n_unit_pieces" fillTypes="baleNet" startFillType="baleNet" capacity="8">
                        <dashboard displayType="ANIMATION" valueType="fillLevel" animName="NetAnimation8" />
                        <exactFillRootNode node="exactFillRootNode"/>
                    </fillUnit>
                </fillUnits>
                <objectChange node="Ralonge" visibilityActive="false" visibilityInactive="true"/>
                <objectChange node="FinBarrePrincipale" visibilityActive="true" visibilityInactive="false"/>
            </fillUnitConfiguration>
            <fillUnitConfiguration name="$l10n_configuration_12_Net" price="200" vehicleName="$l10n_name_NetHolder" vehicleIcon="store_Net_Holder_12.dds">
                <fillUnits>
                    <fillUnit unitTextOverride="$l10n_unit_pieces" fillTypes="baleNet" startFillType="baleNet" capacity="12">
                        <dashboard displayType="ANIMATION" valueType="fillLevel" animName="NetAnimation12" />
                        <exactFillRootNode node="exactFillRootNode"/>
                    </fillUnit>
                </fillUnits>
                <objectChange node="Ralonge" visibilityActive="true" visibilityInactive="false"/>
                <objectChange node="FinBarrePrincipale" visibilityActive="false" visibilityInactive="true"/>
                <objectChange node="Holder_main_component" massActive="400" centerOfMassActive="0 0 0" />
            </fillUnitConfiguration>
            <fillUnitConfiguration name="$l10n_configuration_8_Twine" price="0" vehicleName="$l10n_name_TwineHolder" vehicleIcon="store_Net_Holder_8.dds">
                <fillUnits>
                    <fillUnit unitTextOverride="$l10n_unit_pieces" fillTypes="baleTwine" startFillType="baleTwine" capacity="16">
                        <dashboard displayType="ANIMATION" valueType="fillLevel" animName="TwineAnimation8" />
                        <exactFillRootNode node="exactFillRootNode"/>
                    </fillUnit>
                </fillUnits>
                <objectChange node="Ralonge" visibilityActive="false" visibilityInactive="true"/>
                <objectChange node="FinBarrePrincipale" visibilityActive="true" visibilityInactive="false"/>
            </fillUnitConfiguration>
            <fillUnitConfiguration name="$l10n_configuration_12_Twine" price="200" vehicleName="$l10n_name_TwineHolder" vehicleIcon="store_Net_Holder_12.dds">
                <fillUnits>
                    <fillUnit unitTextOverride="$l10n_unit_pieces" fillTypes="baleTwine" startFillType="baleTwine" capacity="24">
                        <dashboard displayType="ANIMATION" valueType="fillLevel" animName="TwineAnimation12" />
                        <exactFillRootNode node="exactFillRootNode"/>
                    </fillUnit>
                </fillUnits>
                <objectChange node="Ralonge" visibilityActive="true" visibilityInactive="false"/>
                <objectChange node="FinBarrePrincipale" visibilityActive="false" visibilityInactive="true"/>
                <objectChange node="Holder_main_component" massActive="400" centerOfMassActive="0 0 0" />
            </fillUnitConfiguration>
        </fillUnitConfigurations>
    </fillUnit>
    
    <fillTriggerVehicle triggerNode="exactFillRootNode" fillUnitIndices="1 2 3 4" litersPerSecond="1"/>

    <baseMaterial>
        <material name="Holder_mat" baseNode="Holder">
            <shaderParameter name="colorMat0" value="AGCO_GREY1"/>
        </material>
    </baseMaterial>

    <baseMaterialConfigurations price="100" useDefaultColors="true" defaultColorIndex="7">
        <material name="Holder_mat" shaderParameter="colorMat0" />
    </baseMaterialConfigurations>

    <wearable wearDuration="480" workMultiplier="5" fieldMultiplier="2"/>
    <washable dirtDuration="90" washDuration="1" workMultiplier="2" fieldMultiplier="2"/>

    <ai>
        <agentAttachment width="1" height="1.0" length="0.8" lengthOffset="0"/>
    </ai>

    <i3dMappings>
        <i3dMapping id="Holder_main_component" node="0>" />
        <i3dMapping id="Holder" node="0>0" />
        <i3dMapping id="attacherJoint" node="0>3" />
        <i3dMapping id="topReferenceNode" node="0>4" />
		<i3dMapping id="support" node="0>1" />
		<i3dMapping id="Ralonge" node="0>2" />
		<i3dMapping id="FinBarrePrincipale" node="0>0|0" />
		<i3dMapping id="NetRole" node="0>5|0" />
		<i3dMapping id="TwineRole" node="0>5|1" />
		<i3dMapping id="NetRole01" node="0>5|0|0" />
        <i3dMapping id="NetRole02" node="0>5|0|1" />
        <i3dMapping id="NetRole03" node="0>5|0|2" />
        <i3dMapping id="NetRole04" node="0>5|0|3" />
        <i3dMapping id="NetRole05" node="0>5|0|4" />
        <i3dMapping id="NetRole06" node="0>5|0|5" />
        <i3dMapping id="NetRole07" node="0>5|0|6" />
        <i3dMapping id="NetRole08" node="0>5|0|7" />
        <i3dMapping id="NetRole09" node="0>5|0|8" />
        <i3dMapping id="NetRole10" node="0>5|0|9" />
        <i3dMapping id="NetRole11" node="0>5|0|10" />
        <i3dMapping id="NetRole12" node="0>5|0|11" />
		<i3dMapping id="TwineRole00" node="0>5|1|0" />
		<i3dMapping id="TwineRole01" node="0>5|1|1" />
		<i3dMapping id="TwineRole02" node="0>5|1|2" />
		<i3dMapping id="TwineRole03" node="0>5|1|3" />
		<i3dMapping id="TwineRole04" node="0>5|1|4" />
		<i3dMapping id="TwineRole05" node="0>5|1|5" />
		<i3dMapping id="TwineRole06" node="0>5|1|6" />
		<i3dMapping id="TwineRole07" node="0>5|1|7" />
		<i3dMapping id="TwineRole08" node="0>5|1|8" />
		<i3dMapping id="TwineRole09" node="0>5|1|9" />
		<i3dMapping id="TwineRole10" node="0>5|1|10" />
		<i3dMapping id="TwineRole11" node="0>5|1|11" />
		<i3dMapping id="TwineRole12" node="0>5|1|12" />
		<i3dMapping id="TwineRole13" node="0>5|1|13" />
		<i3dMapping id="TwineRole14" node="0>5|1|14" />
		<i3dMapping id="TwineRole15" node="0>5|1|15" />
		<i3dMapping id="TwineRole16" node="0>5|1|16" />
		<i3dMapping id="TwineRole17" node="0>5|1|17" />
		<i3dMapping id="TwineRole18" node="0>5|1|18" />
		<i3dMapping id="TwineRole19" node="0>5|1|19" />
		<i3dMapping id="TwineRole20" node="0>5|1|20" />
		<i3dMapping id="TwineRole21" node="0>5|1|21" />
		<i3dMapping id="TwineRole22" node="0>5|1|22" />
		<i3dMapping id="TwineRole23" node="0>5|1|23" />
		<i3dMapping id="exactFillRootNode" node="0>6|0" />
    </i3dMappings>
</vehicle>
