﻿<?xml version="1.0" encoding="utf-8" standalone="no" ?>
<vehicle type="FillableHolder">
    <annotation>Copyright (C) GIANTS Software GmbH, All Rights Reserved.</annotation>

    <storeData>
        <name>$l10n_name_Holder</name>
        <functions>
            <function>$l10n_function_Holder</function>
        </functions>
        <image>store_Roller_Net_Holder.dds</image>
        <price>2520</price>
        <lifetime>600</lifetime>
        <rotation>0</rotation>
        <brand>LIZARD</brand>
        <category>balers</category>
        <vertexBufferMemoryUsage>262656</vertexBufferMemoryUsage>
        <indexBufferMemoryUsage>45056</indexBufferMemoryUsage>
        <textureMemoryUsage>589824</textureMemoryUsage>
        <audioMemoryUsage>0</audioMemoryUsage>
        <instanceVertexBufferMemoryUsage>0</instanceVertexBufferMemoryUsage>
        <instanceIndexBufferMemoryUsage>0</instanceIndexBufferMemoryUsage>
    </storeData>

    <base>
        <typeDesc>$l10n_name_Holder</typeDesc>
        <filename>Roller_Net_Holder.i3d</filename>
        <size width="3" length="2"/>
        <components>
            <component centerOfMass="0 0.3 -0.1" solverIterationCount="10" mass="2200"/>
        </components>
        <schemaOverlay attacherJointPosition="0 0" name="IMPLEMENT"/>
        <mapHotspot type="TOOL" />
    </base>

    <wheels>
        <wheelConfigurations>
             <wheelConfiguration name="$l10n_configuration_valueDefault" price="0">
                 <wheels>
                     <wheel isLeft="false" hasParticles="true" >
                         <physics restLoad="1.3" repr="wheel01" radius="0.3" mass="0.2" width="0.5" forcePointRatio="0.5" initialCompression="25" suspTravel="0.05" spring="105" damper="40" rotationDamping="0.001"/>
                     </wheel>
                     <wheel isLeft="false" hasParticles="true" >
                         <physics restLoad="1.3" repr="wheel02" radius="0.3" mass="0.2" width="0.5" forcePointRatio="0.5" initialCompression="25" suspTravel="0.05" spring="105" damper="40" rotationDamping="0.001"/>
                     </wheel>
                 </wheels>
             </wheelConfiguration>
        </wheelConfigurations>
    </wheels>

    <speedRotatingParts>
        <speedRotatingPart node="Roller" wheelIndex="1" />
    </speedRotatingParts>

    <attachable>
        <inputAttacherJoints>
            <inputAttacherJoint  node="attacherJoint" jointType="implement" topReferenceNode="topReferenceNode" lowerRotLimitScale="0 0 0" upperRotationOffset="5" lowerRotationOffset="-5" needsLowering="false">
                <distanceToGround lower="0.6" upper="2.5" />
            </inputAttacherJoint>
        </inputAttacherJoints>
        <support animationName="moveSupport"/>
        <brakeForce force="0.1"/>
    </attachable>
	
	<animations>
        <animation name="moveSupport">
            <part node="supportArm"     startTime="0" endTime="0.5" startTrans="0 0.6 0" endTrans="0 0 0" />
            <sound template="clackVar6" startTime="0.09" pitchScale="1.3" volumeScale="1" linkNode="attacherJoint"/>
        </animation>
		<animation name="NetAnimation8">
            <part node="NetRole01" startTime="0.000" endTime="0.001" visibility="false"/>
            <part node="NetRole01" startTime="0.001" endTime="1.000" visibility="true"/>
            <part node="NetRole02" startTime="0.000" endTime="0.125" visibility="false"/>
            <part node="NetRole02" startTime="0.125" endTime="1.000" visibility="true"/>
            <part node="NetRole03" startTime="0.000" endTime="0.250" visibility="false"/>
            <part node="NetRole03" startTime="0.250" endTime="1.000" visibility="true"/>
            <part node="NetRole04" startTime="0.000" endTime="0.375" visibility="false"/>
            <part node="NetRole04" startTime="0.375" endTime="1.000" visibility="true"/>
            <part node="NetRole05" startTime="0.000" endTime="0.500" visibility="false"/>
            <part node="NetRole05" startTime="0.500" endTime="1.000" visibility="true"/>
            <part node="NetRole06" startTime="0.000" endTime="0.625" visibility="false"/>
            <part node="NetRole06" startTime="0.625" endTime="1.000" visibility="true"/>
            <part node="NetRole07" startTime="0.000" endTime="0.750" visibility="false"/>
            <part node="NetRole07" startTime="0.750" endTime="1.000" visibility="true"/>
			<part node="NetRole08" startTime="0.000" endTime="0.875" visibility="false"/>
            <part node="NetRole08" startTime="0.875" endTime="1.000" visibility="true"/>
        </animation>
        <animation name="TwineAnimation8">
            <part node="TwineRole00" startTime="0.000" endTime="0.001" visibility="false"/>
            <part node="TwineRole00" startTime="0.001" endTime="1.000" visibility="true"/>  
            <part node="TwineRole01" startTime="0.000" endTime="0.067" visibility="false"/>
            <part node="TwineRole01" startTime="0.067" endTime="1.000" visibility="true"/>
            <part node="TwineRole02" startTime="0.000" endTime="0.134" visibility="false"/>
            <part node="TwineRole02" startTime="0.134" endTime="1.000" visibility="true"/>
            <part node="TwineRole03" startTime="0.000" endTime="0.201" visibility="false"/>
            <part node="TwineRole03" startTime="0.201" endTime="1.000" visibility="true"/>
            <part node="TwineRole04" startTime="0.000" endTime="0.268" visibility="false"/>
            <part node="TwineRole04" startTime="0.268" endTime="1.000" visibility="true"/>
            <part node="TwineRole05" startTime="0.000" endTime="0.335" visibility="false"/>
            <part node="TwineRole05" startTime="0.335" endTime="1.000" visibility="true"/>
            <part node="TwineRole06" startTime="0.000" endTime="0.402" visibility="false"/>
            <part node="TwineRole06" startTime="0.402" endTime="1.000" visibility="true"/>
            <part node="TwineRole07" startTime="0.000" endTime="0.469" visibility="false"/>
            <part node="TwineRole07" startTime="0.469" endTime="1.000" visibility="true"/>
            <part node="TwineRole08" startTime="0.000" endTime="0.536" visibility="false"/>
            <part node="TwineRole08" startTime="0.536" endTime="1.000" visibility="true"/>
            <part node="TwineRole09" startTime="0.000" endTime="0.603" visibility="false"/>
            <part node="TwineRole09" startTime="0.603" endTime="1.000" visibility="true"/>
            <part node="TwineRole10" startTime="0.000" endTime="0.67" visibility="false"/>
            <part node="TwineRole10" startTime="0.67" endTime="1.000" visibility="true"/>
            <part node="TwineRole11" startTime="0.000" endTime="0.737" visibility="false"/>
            <part node="TwineRole11" startTime="0.737" endTime="1.000" visibility="true"/>
            <part node="TwineRole12" startTime="0.000" endTime="0.806" visibility="false"/>
            <part node="TwineRole12" startTime="0.806" endTime="1.000" visibility="true"/>
            <part node="TwineRole13" startTime="0.000" endTime="0.855" visibility="false"/>
            <part node="TwineRole13" startTime="0.855" endTime="1.000" visibility="true"/>
            <part node="TwineRole14" startTime="0.000" endTime="0.865" visibility="false"/>
            <part node="TwineRole14" startTime="0.865" endTime="1.000" visibility="true"/>
            <part node="TwineRole15" startTime="0.000" endTime="0.933" visibility="false"/>
            <part node="TwineRole15" startTime="0.933" endTime="1.000" visibility="true"/>
        </animation>
    </animations>

    <fillUnit>
        <fillUnitConfigurations>
            <fillUnitConfiguration name="$l10n_configuration_8_Net" price="0" vehicleName="$l10n_name_NetHolder">
                <fillUnits>
                    <fillUnit unitTextOverride="$l10n_unit_pieces" fillTypes="baleNet" startFillType="baleNet" capacity="8">
                        <dashboard displayType="ANIMATION" valueType="fillLevel" animName="NetAnimation8" />
                        <exactFillRootNode node="exactFillRootNode"/>
                    </fillUnit>
                </fillUnits>
            </fillUnitConfiguration>
            <fillUnitConfiguration name="$l10n_configuration_8_Twine" price="0" vehicleName="$l10n_name_TwineHolder">
                <fillUnits>
                    <fillUnit unitTextOverride="$l10n_unit_pieces" fillTypes="baleTwine" startFillType="baleTwine" capacity="16">
                        <dashboard displayType="ANIMATION" valueType="fillLevel" animName="TwineAnimation8" />
                        <exactFillRootNode node="exactFillRootNode"/>
                    </fillUnit>
                </fillUnits>
            </fillUnitConfiguration>
        </fillUnitConfigurations>
    </fillUnit>
    
    <fillTriggerVehicle triggerNode="exactFillRootNode" fillUnitIndices="1 2 3 4" litersPerSecond="1"/>

    <baseMaterial>
        <material name="Holder_mat" baseNode="Holder">
            <shaderParameter name="colorMat0" value="AGCO_GREY1"/>
            <shaderParameter name="colorMat1" value="AGCO_GREY1"/>
        </material>
    </baseMaterial>

    <baseMaterialConfigurations price="150" useDefaultColors="true" defaultColorIndex="7">
        <material name="Holder_mat" shaderParameter="colorMat0" />
    </baseMaterialConfigurations>

    <designMaterialConfigurations price="75" useDefaultColors="true" defaultColorIndex="0">
        <designMaterialConfiguration name="$l10n_ui_colorSilver"  color="1 1 1" material="8"/>
        <material name="Holder_mat" shaderParameter="colorMat1" />
    </designMaterialConfigurations>

    <wearable wearDuration="480" workMultiplier="5" fieldMultiplier="2"/>
    <washable dirtDuration="90" washDuration="1" workMultiplier="2" fieldMultiplier="2"/>

    <ai>
        <agentAttachment width="1" height="1.0" length="0.8" lengthOffset="0"/>
    </ai>

    <i3dMappings>
        <i3dMapping id="Holder_main_component" node="0>" />
        <i3dMapping id="Holder" node="0>0" />
        <i3dMapping id="wheel01" node="0>0|0" />
        <i3dMapping id="wheel02" node="0>0|1" />
        <i3dMapping id="attacherJoint" node="0>3" />
        <i3dMapping id="topReferenceNode" node="0>4" />
		<i3dMapping id="supportArm" node="0>1" />
		<i3dMapping id="Roller" node="0>2" />
		<i3dMapping id="NetRole" node="0>5|0" />
		<i3dMapping id="TwineRole" node="0>5|1" />
		<i3dMapping id="NetRole01" node="0>5|0|0" />
        <i3dMapping id="NetRole02" node="0>5|0|1" />
        <i3dMapping id="NetRole03" node="0>5|0|2" />
        <i3dMapping id="NetRole04" node="0>5|0|3" />
        <i3dMapping id="NetRole05" node="0>5|0|4" />
        <i3dMapping id="NetRole06" node="0>5|0|5" />
        <i3dMapping id="NetRole07" node="0>5|0|6" />
        <i3dMapping id="NetRole08" node="0>5|0|7" />
		<i3dMapping id="TwineRole00" node="0>5|1|0" />
		<i3dMapping id="TwineRole01" node="0>5|1|1" />
		<i3dMapping id="TwineRole02" node="0>5|1|2" />
		<i3dMapping id="TwineRole03" node="0>5|1|3" />
		<i3dMapping id="TwineRole04" node="0>5|1|4" />
		<i3dMapping id="TwineRole05" node="0>5|1|5" />
		<i3dMapping id="TwineRole06" node="0>5|1|6" />
		<i3dMapping id="TwineRole07" node="0>5|1|7" />
		<i3dMapping id="TwineRole08" node="0>5|1|8" />
		<i3dMapping id="TwineRole09" node="0>5|1|9" />
		<i3dMapping id="TwineRole10" node="0>5|1|10" />
		<i3dMapping id="TwineRole11" node="0>5|1|11" />
		<i3dMapping id="TwineRole12" node="0>5|1|12" />
		<i3dMapping id="TwineRole13" node="0>5|1|13" />
		<i3dMapping id="TwineRole14" node="0>5|1|14" />
		<i3dMapping id="TwineRole15" node="0>5|1|15" />
		<i3dMapping id="exactFillRootNode" node="0>6|0" />
    </i3dMappings>
</vehicle>
