﻿<?xml version="1.0" encoding="utf-8" standalone="no" ?>
<modDesc descVersion="63">
    <author>Dogface</author>
    <version>1.0.0.0</version>
	<title>
        <en>Industrial Bakery</en>
        <de>Industrielle Bäckerei</de>
        <fr>Boulangerie Industrielle</fr>
        <es>Panaderia Industrial</es>
    </title>
    <description>
        <en>
<![CDATA[This building produces bread and cake. This Factory produces bread and cake five times more quickly than the standard bakery.


input: flour
output: bread

input: flour, sugar, milk, egg, butter, strawberry 
output: cake]]>
        </en>
        <de>
<![CDATA[Dieses Gebäude produziert Brot und Kuchen. Diese Fabrik produziert Brot und Kuchen fünfmal schneller als die Standardbäckerei.


Eingabe: Mehl
Ausgabe: Brot

Input: Mehl, Zucker, Milch, Ei, Butter, Erdbeere
Ausgabe: Kuchen]]>
        </de>
        <fr>
<![CDATA[Ce bâtiment produit du pain et des gâteaux. Cette usine produit du pain et des gâteaux cinq fois plus rapidement que la boulangerie standard.


entrée : farine
sortie : pain

entrée : farine, sucre, lait, œuf, beurre, fraise
sortie : gâteau]]>
        </fr>
        <es>
<![CDATA[Este edificio produce pan y pasteles. Esta fábrica produce pan y pasteles cinco veces más rápido que la panadería estándar.


entrada: harina
salida: pan

entrada: harina, azúcar, leche, huevo, mantequilla, fresa
salida: pastel]]>
        </es>
    </description>
    <iconFilename>icon_bakeryFactory.png</iconFilename>
	<multiplayer supported="true" />
    <storeItems>
        <storeItem xmlFilename="bakeryFactory.xml"/>
    </storeItems>
	
	<l10n>
        <text name="function_industrialBakery">
            <en>Large scale bread and cake production.</en>
            <de>Großangelegte Brot- und Kuchenproduktion.</de>
			<fr>Production de pain et de gâteaux à grande échelle.</fr>
            <es>Producción de pan y pasteles a gran escala.</es>
        </text>
        <text name="shopItem_industrialBakery">
			<en>Industrial Bakery</en>
			<de>Industrielle Bäckerei</de>
			<fr>Boulangerie Industrielle</fr>
			<es>Panaderia Industrial</es>
        </text>
    </l10n>
	
</modDesc>
