<?xml version="1.0" encoding="utf-8" standalone="no" ?>
<modDesc descVersion="80">
    <author>Neyluu</author>
    <version>1.1.0.0</version>
    <title>
        <en>Modular Shed</en>
        <de>Modularer Schuppen</de>
    </title>
    
    <description>
        <en>
<![CDATA[A pack of modules from which you can build your own shed. Pack included 11 modules (6 base and 20 extensions) in diffrent configurations. All modules have colorable roof and walls(22 colors available). 

Size: 5m x 10m with 4.5m height entrance
Price: 4000$ - 12000$ per modul

HOW TO PLACE IT: 
1) Level the terrain where you want to build and ENABLE free-mode
2) If you want to place in 90deg rotation, just ENABLE snapping, modules will snap to each other perfectly, and go to step 4)
3) If you want use other rotation, DISABLE snapping and position modules by hand, it`s less accurate, but it`s possible to place modules correctly
4) Start building with 1 base modul and then add extension modules which you like and how many you like

Changelog 1.1.0.0:
-adjusted price
-adjusted clipDistance
-improved dirt and moss 
-added modules with doors (3 base and 12 extension)
]]>
        </en>
        <de>
<![CDATA[Ein Modulpaket, aus dem Sie Ihren eigenen Schuppen bauen können. Das Paket enthält 11 Module (6 Basismodule und 20 Anbaumodule) in verschiedenen Konfigurationen. Alle Module haben farblich gestaltbare Dächer und Wände (22 Farben erhältlich).

Größe: 5 m x 10 m mit 4,5 m hohem Eingang
Preis: 4000€ - 12000€ pro Modul

SO PLATZIEREN SIE ES:
1) Planen Sie das Gelände auf dem Sie bauen möchten und AKTIVIEREN Sie den Freimodus
2) Wenn Sie es in einer 90-Grad-Rotation platzieren möchten, AKTIVIEREN Sie einfach das Einrasten, die Module rasten perfekt aneinander ein und fahren Sie mit Schritt 4 fort)
3) Wenn Sie eine andere Rotation verwenden möchten, DEAKTIVIEREN Sie das Einrasten und positionieren Sie die Module von Hand. Dies ist weniger genau, aber es ist möglich, die Module korrekt zu platzieren
4) Beginnen Sie mit dem Bau mit 1 Basismodul und fügen Sie dann Erweiterungsmodule hinzu, die Ihnen gefallen und in welcher Anzahl Sie möchten

Änderungsprotokoll 1.1.0.0:
-angepasster Preis
-angepasste ClipDistanz
-verbesserter Schmutz und Moos
-Module mit Türen hinzugefügt (3 Basis- und 12 Erweiterungsmodule)
]]>       
        </de>
    </description>
    
    <iconFilename>icon_modularShedPack.dds</iconFilename>
    <multiplayer supported="true" /> 
    
    <storeItems>
        <storeItem xmlFilename="xml/s_base_m01.xml"/>
        <storeItem xmlFilename="xml/s_base_m02.xml"/>
        <storeItem xmlFilename="xml/s_base_m03.xml"/>
        <storeItem xmlFilename="xml/s_base_m04.xml"/>
        <storeItem xmlFilename="xml/s_base_m05.xml"/>
        <storeItem xmlFilename="xml/s_base_m06.xml"/>
        <storeItem xmlFilename="xml/s_extension_m01.xml"/>
        <storeItem xmlFilename="xml/s_extension_m02.xml"/>
        <storeItem xmlFilename="xml/s_extension_m03.xml"/>
        <storeItem xmlFilename="xml/s_extension_m04.xml"/>
        <storeItem xmlFilename="xml/s_extension_m05.xml"/>
        <storeItem xmlFilename="xml/s_extension_m06.xml"/>
        <storeItem xmlFilename="xml/s_extension_m07.xml"/>
        <storeItem xmlFilename="xml/s_extension_m08.xml"/>
        <storeItem xmlFilename="xml/s_extension_m09.xml"/>
        <storeItem xmlFilename="xml/s_extension_m10.xml"/>
        <storeItem xmlFilename="xml/s_extension_m11.xml"/>
        <storeItem xmlFilename="xml/s_extension_m12.xml"/>
        <storeItem xmlFilename="xml/s_extension_m13.xml"/>
        <storeItem xmlFilename="xml/s_extension_m14.xml"/>
        <storeItem xmlFilename="xml/s_extension_m15.xml"/>
        <storeItem xmlFilename="xml/s_extension_m16.xml"/>
        <storeItem xmlFilename="xml/s_extension_m17.xml"/>
        <storeItem xmlFilename="xml/s_extension_m18.xml"/>
        <storeItem xmlFilename="xml/s_extension_m19.xml"/>
        <storeItem xmlFilename="xml/s_extension_m20.xml"/>
    </storeItems>
</modDesc>