﻿<?xml version="1.0" encoding="utf-8" standalone="no" ?>
<modDesc descVersion="73">
    <author>DtP Mario</author>
    <version>1.0.0.0</version>
	<title>
		<en>Placeable Floodlight Poles</en>
		<de>Platzierbare Flutlichtmasten</de>
		<fr>Plaçable Projecteur Mâts</fr>
	</title>
	
    <description>
<en>
<![CDATA[Floodlight masts to place, which can be switched on and off separately with the light switch.

Floodlight Pole 1 - Price: 200 $
Floodlight Pole 2 - Price: 400 $
Floodlight Pole 3 - Price: 600 $
Floodlight Pole 4 - Price: 1000 $
Floodlight Pole 5 - Price: 1500 $
]]>
</en>
<de>
<![CDATA[Flutlichtmasten zum platzieren, die mit dem Lichtschalter separat ein- und ausgeschaltet werden können.

Flutlichtmast 1 - Preis: 200 €
Flutlichtmast 2 - Preis: 400 €
Flutlichtmast 3 - Preis: 600 €
Flutlichtmast 4 - Preis: 1000 €
Flutlichtmast 5 - Preis: 1500 €
]]>
</de>
<fr>
<![CDATA[Mâts de projecteur à placer, qui peuvent être allumés et éteints séparément avec l'interrupteur d'éclairage.

Projecteur mâts 1 - Prix : 200 €
Projecteur mâts 2 - Prix : 400 €
Projecteur mâts 3 - Prix : 600 €
Projecteur mâts 4 - Prix : 1000 €
Projecteur mâts 5 - Prix : 1500 €
]]>
</fr>
</description>
	
    <iconFilename>icon_floodLights.dds</iconFilename>
    <multiplayer supported="true" />
    
    <storeItems>
        <storeItem xmlFilename="level01/floodLight01.xml"/>
        <storeItem xmlFilename="level02/floodLight02.xml"/>
        <storeItem xmlFilename="level03/floodLight03.xml"/>
        <storeItem xmlFilename="level04/floodLight04.xml"/>
        <storeItem xmlFilename="level05/floodLight05.xml"/>
    </storeItems>

</modDesc>
