﻿<?xml version="1.0" encoding="utf-8" standalone="no" ?>
<modDesc descVersion="80">
    <author>DD ModPassion</author>
    <version>2.0.0.3</version>
    <title>
        <en>CSZ Pack</en>
    </title>
    <description>
        <en><![CDATA[
CSZ Pack contains equipment made for tractors, front loaders, skid steer loaders, telehandlers and wheel loaders.
These include the following equipment: silage bucket, bucket for potatoes and beets, normal bucket, bucket with grapple, raptor bucket, bucket with central exhaust, bale fork, manure fork, fork with grapple, big fork, fork for wrapped bales, biting fork, big bag handler, extension cord, cage, adapters, translator, extra elevation, pallet fork, fork carriage for smart stack cages, pallet fork with grapple, double pallet fork, fork for logs, log shovel, hook for lifting, arm for the lift, extension for lifting, scraper, dozer blade, dozer blade with extension and mixer.

Changelog 2.0.0.3
- added new attacher joints configurations for tool with hook
- various minor functional fixes to the machines
]]></en>
        <de><![CDATA[
Das CSZ Pack enthält Anbauwerkzeuge für Traktoren, Frontlader, Kompaktlader, Teleskoplader und Radlader.
Dazu gehören die folgenden Anbauwerkzeuge: Silageschaufel, Schaufeln für Kartoffeln und Rüben, normale Schaufel, Schaufel mit Greifer, Raptor-Schaufel, Schaufel mit Zentralauslass, Ballengabel, Mistgabel, Gabel mit Greifer, große Gabel, Gabel für gewickelte Ballen, Beißgabel, Big Bag Heber, Verlängerung, Käfig, Adapter, Übersetzer, zusätzliche Erhöhung, Palettengabel, Gabelträger für Smart-Stack-Käfige, Palettengabel mit Greifer, doppelte Palettengabel, Gabel für Baumstämme, Stammschaufel, Hebehaken, Hebearm, Hebeverlängerung, Schaber, Planierschild, Planierschild mit Verlängerung und Mischer.

Changelog 2.0.0.3
- Neue Konfigurationen der Befestigungsgelenke für Werkzeug mit Haken hinzugefügt
- Verschiedene kleinere Funktionskorrekturen an den Maschinen
]]></de>
    </description>
    <iconFilename>icon_CSZ_pack.png</iconFilename>
    <multiplayer supported="true"/>
    <connectionHoses>
        <connectionHose xmlFilename="xmlFilename/connectionHoses.xml"/>
    </connectionHoses>
    <l10n filenamePrefix="l10n/l10n"/>
    <vehicleTypes>
        <type name="fuelTrailer_attacherJointControl" parent="fuelTrailer" filename="$dataS/scripts/vehicles/Vehicle.lua">
            <specialization name="attacherJointControl"/>
        </type>
        <type name="baseFillable_attacherJointControl" parent="baseFillable" filename="$dataS/scripts/vehicles/Vehicle.lua">
            <specialization name="attacherJointControl"/>
            <specialization name="turnOnVehicle"/>
        </type>
        <type name="dynamicMountAttacherShovelLeveler_stonePicker" parent="dynamicMountAttacherShovelLeveler" filename="$dataS/scripts/vehicles/Vehicle.lua">
            <specialization name="groundReference"/>
            <specialization name="workArea"/>
            <specialization name="turnOnVehicle"/>
            <specialization name="stonePicker"/>
        </type>
        <type name="dynamicMountAttacherShovel_stonePicker" parent="dynamicMountAttacherShovel" filename="$dataS/scripts/vehicles/Vehicle.lua">
            <specialization name="groundReference"/>
            <specialization name="workArea"/>
            <specialization name="turnOnVehicle"/>
            <specialization name="stonePicker"/>
        </type>
        <type name="dynamicMountAttacherShovelLeveler_mixerWagon" parent="dynamicMountAttacherShovelLeveler" filename="$dataS/scripts/vehicles/Vehicle.lua">
            <specialization name="trailer"/>
            <specialization name="turnOnVehicle"/>
            <specialization name="mixerWagon"/>
        </type>
        <type name="dynamicMountAttacherShovel_mixerWagon" parent="dynamicMountAttacherShovel" filename="$dataS/scripts/vehicles/Vehicle.lua">
            <specialization name="trailer"/>
            <specialization name="turnOnVehicle"/>
            <specialization name="mixerWagon"/>
        </type>
        <type name="dynamicMountAttacherShovelLeveler_trailer" parent="dynamicMountAttacherShovelLeveler" filename="$dataS/scripts/vehicles/Vehicle.lua">
            <specialization name="trailer"/>
        </type>
        <type name="dynamicMountAttacherShovel_trailer" parent="dynamicMountAttacherShovel" filename="$dataS/scripts/vehicles/Vehicle.lua">
            <specialization name="trailer"/>
        </type>
    </vehicleTypes>
    <storeItems>
        <storeItem xmlFilename="xmlFilename/skidSteer/bennaMultiusoNoTrattenitore.xml"/>
        <storeItem xmlFilename="xmlFilename/skidSteer/bennaMultiusoTrattenitoreDentiForgiati.xml"/>
        <storeItem xmlFilename="xmlFilename/skidSteer/bennaMultiusoTrattenitoreMonoblocco.xml"/>
        <storeItem xmlFilename="xmlFilename/skidSteer/bennaGrigliaOrrizontaleNoTrattenitore.xml"/>
        <storeItem xmlFilename="xmlFilename/skidSteer/bennaGrigliaOrrizontaleSassi.xml"/>
        <storeItem xmlFilename="xmlFilename/skidSteer/bennaGrigliaOrrizontaleTrattenitore.xml"/>
        <storeItem xmlFilename="xmlFilename/skidSteer/bennaGrigliaVerticaleNoTrattenitore.xml"/>
        <storeItem xmlFilename="xmlFilename/skidSteer/bennaGrigliaVerticaleSassi.xml"/>
        <storeItem xmlFilename="xmlFilename/skidSteer/bennaGrigliaVerticaleTrattenitore.xml"/>
        <storeItem xmlFilename="xmlFilename/skidSteer/bennaDesilatrice.xml"/>
        <storeItem xmlFilename="xmlFilename/skidSteer/forcaBallePila.xml"/>
        <storeItem xmlFilename="xmlFilename/skidSteer/forcaBalleNoPila.xml"/>
        <storeItem xmlFilename="xmlFilename/skidSteer/forcaLetameDentiForgiati.xml"/>
        <storeItem xmlFilename="xmlFilename/skidSteer/forcaLetameMonoblocco.xml"/>
        <storeItem xmlFilename="xmlFilename/skidSteer/forcaPolivalenteDentiForgiati.xml"/>
        <storeItem xmlFilename="xmlFilename/skidSteer/forcaPolivalenteMonoblocco.xml"/>
        <storeItem xmlFilename="xmlFilename/skidSteer/piastraPortaforcheLibera.xml"/>
        <storeItem xmlFilename="xmlFilename/skidSteer/movimentatoreBigBag.xml"/>
        <storeItem xmlFilename="xmlFilename/skidSteer/bracettoSollevamento.xml"/>
        <storeItem xmlFilename="xmlFilename/skidSteer/gancioSollevamento.xml"/>
        <storeItem xmlFilename="xmlFilename/skidSteer/adattatoreFrontLoaders.xml"/>
        <storeItem xmlFilename="xmlFilename/skidSteer/adattatore.xml"/>
        <storeItem xmlFilename="xmlFilename/skidSteer/traslatore.xml"/>
        <storeItem xmlFilename="xmlFilename/frontloader/bennaMultiuso_skidSteers.xml"/>
        <storeItem xmlFilename="xmlFilename/frontloader/bennaMultiusoTrattenitoreDentiForgiati_skidSteers.xml"/>
        <storeItem xmlFilename="xmlFilename/frontloader/bennaMultiusoTrattenitoreMonoblocco_skidSteers.xml"/>
        <storeItem xmlFilename="xmlFilename/frontloader/bennaRaptor.xml"/>
        <storeItem xmlFilename="xmlFilename/frontloader/bennaGrigliaOrrizontale_skidSteers.xml"/>
        <storeItem xmlFilename="xmlFilename/frontloader/bennaGrigliaOrrizontaleSassi_skidSteers.xml"/>
        <storeItem xmlFilename="xmlFilename/frontloader/bennaGrigliaOrrizontaleTrattenitore_skidSteers.xml"/>
        <storeItem xmlFilename="xmlFilename/frontloader/bennaGrigliaVerticale_skidSteers.xml"/>
        <storeItem xmlFilename="xmlFilename/frontloader/bennaGrigliaVerticaleSassi_skidSteers.xml"/>
        <storeItem xmlFilename="xmlFilename/frontloader/bennaGrigliaVerticaleTrattenitore_skidSteers.xml"/>
        <storeItem xmlFilename="xmlFilename/frontloader/bennaScaricoCentrale.xml"/>
        <storeItem xmlFilename="xmlFilename/frontloader/bennaTramoggia.xml"/>
        <storeItem xmlFilename="xmlFilename/frontloader/bennaDesilatrice_skidSteers.xml"/>
        <storeItem xmlFilename="xmlFilename/frontloader/forcaBallePila_skidSteers.xml"/>
        <storeItem xmlFilename="xmlFilename/frontloader/forcaBalleNoPila_skidSteers.xml"/>
        <storeItem xmlFilename="xmlFilename/frontloader/forcaBallePunteReclinabiliPila_skidSteers.xml"/>
        <storeItem xmlFilename="xmlFilename/frontloader/forcaBallePunteReclinabiliNoPila_skidSteers.xml"/>
        <storeItem xmlFilename="xmlFilename/frontloader/forcaBalleTrattenitore_frontLoaders.xml"/>
        <storeItem xmlFilename="xmlFilename/frontloader/pinzaFasciati.xml"/>
        <storeItem xmlFilename="xmlFilename/frontloader/pinzaMordenteSingola.xml"/>
        <storeItem xmlFilename="xmlFilename/frontloader/pinzaMordenteDoppia.xml"/>
        <storeItem xmlFilename="xmlFilename/frontloader/pinzaMordenteDentiLunghi.xml"/>
        <storeItem xmlFilename="xmlFilename/frontloader/forcaLetameDentiForgiati_skidSteers.xml"/>
        <storeItem xmlFilename="xmlFilename/frontloader/forcaLetameMonoblocco_skidSteers.xml"/>
        <storeItem xmlFilename="xmlFilename/frontloader/forcaPolivalenteDentiForgiati_skidSteers.xml"/>
        <storeItem xmlFilename="xmlFilename/frontloader/forcaPolivalenteMonoblocco_skidSteers.xml"/>
        <storeItem xmlFilename="xmlFilename/frontloader/raschiatoreDentiForgiati.xml"/>
        <storeItem xmlFilename="xmlFilename/frontloader/raschiatoreMonoblocco.xml"/>
        <storeItem xmlFilename="xmlFilename/frontloader/piastraPortaforcheLibera_skidSteers.xml"/>
        <storeItem xmlFilename="xmlFilename/frontloader/piastraPortaforcheSingolaNoTrattenitore.xml"/>
        <storeItem xmlFilename="xmlFilename/frontloader/piastraPortaforcheSingolaTrattenitoreRidotto.xml"/>
        <storeItem xmlFilename="xmlFilename/frontloader/piastraPortaforcheSingolaTrattenitoreCompleto.xml"/>
        <storeItem xmlFilename="xmlFilename/frontloader/movimentatoreBigBag_skidSteers.xml"/>
        <storeItem xmlFilename="xmlFilename/frontloader/piastraPortaforcheSmartStack.xml"/>
        <storeItem xmlFilename="xmlFilename/frontloader/piastraPortaforcheDoppiaNoTrattenitore.xml"/>
        <storeItem xmlFilename="xmlFilename/frontloader/piastraPortaforcheDoppiaTronchi.xml"/>
        <storeItem xmlFilename="xmlFilename/frontloader/gancioSollevamento_skidSteers.xml"/>
        <storeItem xmlFilename="xmlFilename/frontloader/bracettoSollevamento_skidSteers.xml"/>
        <storeItem xmlFilename="xmlFilename/frontloader/prolungaSollevamento_skidSteers.xml"/>
        <storeItem xmlFilename="xmlFilename/frontloader/cestello_implements.xml"/>
        <storeItem xmlFilename="xmlFilename/frontloader/adattatoreSkidSteers_skidSteers.xml"/>
        <storeItem xmlFilename="xmlFilename/frontloader/adattatoreTeleLoaders_skidSteers.xml"/>
        <storeItem xmlFilename="xmlFilename/frontloader/extraelevazione.xml"/>
        <storeItem xmlFilename="xmlFilename/frontloader/traslatore_skidSteers.xml"/>
        <storeItem xmlFilename="xmlFilename/telehandler/bennaMultiuso_skidSteers.xml"/>
        <storeItem xmlFilename="xmlFilename/telehandler/bennaMultiusoTrattenitoreDentiForgiati_skidSteers.xml"/>
        <storeItem xmlFilename="xmlFilename/telehandler/bennaMultiusoTrattenitoreMonoblocco_skidSteers.xml"/>
        <storeItem xmlFilename="xmlFilename/telehandler/bennaRaptor_frontLoaders.xml"/>
        <storeItem xmlFilename="xmlFilename/telehandler/bennaGrigliaOrrizontale_skidSteers.xml"/>
        <storeItem xmlFilename="xmlFilename/telehandler/bennaGrigliaOrrizontaleSassi_skidSteers.xml"/>
        <storeItem xmlFilename="xmlFilename/telehandler/bennaGrigliaOrrizontaleTrattenitore_skidSteers.xml"/>
        <storeItem xmlFilename="xmlFilename/telehandler/bennaGrigliaVerticale_skidSteers.xml"/>
        <storeItem xmlFilename="xmlFilename/telehandler/bennaGrigliaVerticaleSassi_skidSteers.xml"/>
        <storeItem xmlFilename="xmlFilename/telehandler/bennaGrigliaVerticaleTrattenitore_skidSteers.xml"/>
        <storeItem xmlFilename="xmlFilename/telehandler/bennaScaricoCentrale_frontLoaders.xml"/>
        <storeItem xmlFilename="xmlFilename/telehandler/bennaTramoggia_frontLoaders.xml"/>
        <storeItem xmlFilename="xmlFilename/telehandler/bennaDesilatrice_skidSteers.xml"/>
        <storeItem xmlFilename="xmlFilename/telehandler/forcaBallePila_skidSteers.xml"/>
        <storeItem xmlFilename="xmlFilename/telehandler/forcaBalleNoPila_skidSteers.xml"/>
        <storeItem xmlFilename="xmlFilename/telehandler/forcaBallePunteReclinabiliPila_skidSteers.xml"/>
        <storeItem xmlFilename="xmlFilename/telehandler/forcaBallePunteReclinabiliNoPila_skidSteers.xml"/>
        <storeItem xmlFilename="xmlFilename/telehandler/forcaBalleTrattenitore_frontLoaders.xml"/>
        <storeItem xmlFilename="xmlFilename/telehandler/pinzaFasciati_frontLoaders.xml"/>
        <storeItem xmlFilename="xmlFilename/telehandler/pinzaMordenteSingola_frontLoaders.xml"/>
        <storeItem xmlFilename="xmlFilename/telehandler/pinzaMordenteDoppia_frontLoaders.xml"/>
        <storeItem xmlFilename="xmlFilename/telehandler/pinzaMordenteDentiLunghi_frontLoaders.xml"/>
        <storeItem xmlFilename="xmlFilename/telehandler/forcaLetameDentiForgiati_skidSteers.xml"/>
        <storeItem xmlFilename="xmlFilename/telehandler/forcaLetameMonoblocco_skidSteers.xml"/>
        <storeItem xmlFilename="xmlFilename/telehandler/forcaPolivalenteDentiForgiati_skidSteers.xml"/>
        <storeItem xmlFilename="xmlFilename/telehandler/forcaPolivalenteMonoblocco_skidSteers.xml"/>
        <storeItem xmlFilename="xmlFilename/telehandler/raschiatoreDentiForgiati_frontLoaders.xml"/>
        <storeItem xmlFilename="xmlFilename/telehandler/raschiatoreMonoblocco_frontLoaders.xml"/>
        <storeItem xmlFilename="xmlFilename/telehandler/piastraPortaforcheLibera_skidSteers.xml"/>
        <storeItem xmlFilename="xmlFilename/telehandler/piastraPortaforcheSingola_frontLoaders.xml"/>
        <storeItem xmlFilename="xmlFilename/telehandler/piastraPortaforcheSingolaTrattenitoreRidotto_frontLoaders.xml"/>
        <storeItem xmlFilename="xmlFilename/telehandler/piastraPortaforcheSingolaTrattenitoreCompleto_frontLoaders.xml"/>
        <storeItem xmlFilename="xmlFilename/telehandler/movimentatoreBigBag_skidSteers.xml"/>
        <storeItem xmlFilename="xmlFilename/telehandler/piastraPortaforcheSmartStack_frontLoaders.xml"/>
        <storeItem xmlFilename="xmlFilename/telehandler/piastraPortaforcheDoppia_frontLoaders.xml"/>
        <storeItem xmlFilename="xmlFilename/telehandler/piastraPortaforcheDoppiaTronchi_frontLoaders.xml"/>
        <storeItem xmlFilename="xmlFilename/telehandler/palaTronchi.xml"/>
        <storeItem xmlFilename="xmlFilename/telehandler/gancioSollevamento_skidSteers.xml"/>
        <storeItem xmlFilename="xmlFilename/telehandler/bracettoSollevamento_skidSteers.xml"/>
        <storeItem xmlFilename="xmlFilename/telehandler/prolungaSollevamento_skidSteers.xml"/>
        <storeItem xmlFilename="xmlFilename/telehandler/lamaDozer_implements.xml"/>
        <storeItem xmlFilename="xmlFilename/telehandler/spintoreAlleggerito.xml"/>
        <storeItem xmlFilename="xmlFilename/telehandler/spintoreAlleggerito_leveler.xml"/>
        <storeItem xmlFilename="xmlFilename/telehandler/cestello_implements.xml"/>
        <storeItem xmlFilename="xmlFilename/telehandler/adattatore_skidSteers.xml"/>
        <storeItem xmlFilename="xmlFilename/telehandler/adattatoreFrontLoaders_skidSteers.xml"/>
        <storeItem xmlFilename="xmlFilename/telehandler/adattatoreWheelLoaders_skidSteers.xml"/>
        <storeItem xmlFilename="xmlFilename/telehandler/extraelevazione_frontLoaders.xml"/>
        <storeItem xmlFilename="xmlFilename/telehandler/traslatore_skidSteers.xml"/>
        <storeItem xmlFilename="xmlFilename/telehandler/miscelatore_implements.xml"/>
        <storeItem xmlFilename="xmlFilename/wheelLoader/bennaMultiuso_skidSteers.xml"/>
        <storeItem xmlFilename="xmlFilename/wheelLoader/bennaMultiusoPlus_skidSteers.xml"/>
        <storeItem xmlFilename="xmlFilename/wheelLoader/bennaMultiusoTrattenitoreDentiForgiati_skidSteers.xml"/>
        <storeItem xmlFilename="xmlFilename/wheelLoader/bennaMultiusoTrattenitoreMonoblocco_skidSteers.xml"/>
        <storeItem xmlFilename="xmlFilename/wheelLoader/bennaRaptor_frontLoaders.xml"/>
        <storeItem xmlFilename="xmlFilename/wheelLoader/bennaGrigliaOrrizontale_skidSteers.xml"/>
        <storeItem xmlFilename="xmlFilename/wheelLoader/bennaGrigliaOrrizontaleSassi_skidSteers.xml"/>
        <storeItem xmlFilename="xmlFilename/wheelLoader/bennaGrigliaOrrizontaleTrattenitore_skidSteers.xml"/>
        <storeItem xmlFilename="xmlFilename/wheelLoader/bennaGrigliaVerticale_skidSteers.xml"/>
        <storeItem xmlFilename="xmlFilename/wheelLoader/bennaGrigliaVerticaleSassi_skidSteers.xml"/>
        <storeItem xmlFilename="xmlFilename/wheelLoader/bennaGrigliaVerticaleTrattenitore_skidSteers.xml"/>
        <storeItem xmlFilename="xmlFilename/wheelLoader/bennaScaricoCentrale_frontLoaders.xml"/>
        <storeItem xmlFilename="xmlFilename/wheelLoader/bennaTramoggia_frontLoaders.xml"/>
        <storeItem xmlFilename="xmlFilename/wheelLoader/bennaDesilatrice_skidSteers.xml"/>
        <storeItem xmlFilename="xmlFilename/wheelLoader/forcaBallePila_skidSteers.xml"/>
        <storeItem xmlFilename="xmlFilename/wheelLoader/forcaBalleNoPila_skidSteers.xml"/>
        <storeItem xmlFilename="xmlFilename/wheelLoader/forcaBallePunteReclinabiliPila_skidSteers.xml"/>
        <storeItem xmlFilename="xmlFilename/wheelLoader/forcaBallePunteReclinabiliNoPila_skidSteers.xml"/>
        <storeItem xmlFilename="xmlFilename/wheelLoader/forcaBalleTrattenitore_frontLoaders.xml"/>
        <storeItem xmlFilename="xmlFilename/wheelLoader/pinzaFasciati_frontLoaders.xml"/>
        <storeItem xmlFilename="xmlFilename/wheelLoader/pinzaMordenteSingola_frontLoaders.xml"/>
        <storeItem xmlFilename="xmlFilename/wheelLoader/pinzaMordenteDoppia_frontLoaders.xml"/>
        <storeItem xmlFilename="xmlFilename/wheelLoader/pinzaMordenteDentiLunghi_frontLoaders.xml"/>
        <storeItem xmlFilename="xmlFilename/wheelLoader/forcaLetameDentiForgiati_skidSteers.xml"/>
        <storeItem xmlFilename="xmlFilename/wheelLoader/forcaLetameMonoblocco_skidSteers.xml"/>
        <storeItem xmlFilename="xmlFilename/wheelLoader/forcaPolivalenteDentiForgiati_skidSteers.xml"/>
        <storeItem xmlFilename="xmlFilename/wheelLoader/forcaPolivalenteMonoblocco_skidSteers.xml"/>
        <storeItem xmlFilename="xmlFilename/wheelLoader/raschiatoreDentiForgiati_frontLoaders.xml"/>
        <storeItem xmlFilename="xmlFilename/wheelLoader/raschiatoreMonoblocco_frontLoaders.xml"/>
        <storeItem xmlFilename="xmlFilename/wheelLoader/bigForca.xml"/>
        <storeItem xmlFilename="xmlFilename/wheelLoader/piastraPortaforcheLibera_skidSteers.xml"/>
        <storeItem xmlFilename="xmlFilename/wheelLoader/piastraPortaforcheSingola_frontLoaders.xml"/>
        <storeItem xmlFilename="xmlFilename/wheelLoader/piastraPortaforcheSingolaTrattenitoreRidotto_frontLoaders.xml"/>
        <storeItem xmlFilename="xmlFilename/wheelLoader/piastraPortaforcheSingolaTrattenitoreCompleto_frontLoaders.xml"/>
        <storeItem xmlFilename="xmlFilename/wheelLoader/movimentatoreBigBag_skidSteers.xml"/>
        <storeItem xmlFilename="xmlFilename/wheelLoader/piastraPortaforcheSmartStack_frontLoaders.xml"/>
        <storeItem xmlFilename="xmlFilename/wheelLoader/piastraPortaforcheDoppia_frontLoaders.xml"/>
        <storeItem xmlFilename="xmlFilename/wheelLoader/piastraPortaforcheDoppiaTronchi_frontLoaders.xml"/>
        <storeItem xmlFilename="xmlFilename/wheelLoader/palaTronchi_teleLoaders.xml"/>
        <storeItem xmlFilename="xmlFilename/wheelLoader/gancioSollevamento_skidSteers.xml"/>
        <storeItem xmlFilename="xmlFilename/wheelLoader/bracettoSollevamento_skidSteers.xml"/>
        <storeItem xmlFilename="xmlFilename/wheelLoader/prolungaSollevamento_skidSteers.xml"/>
        <storeItem xmlFilename="xmlFilename/wheelLoader/lamaDozer_implements.xml"/>
        <storeItem xmlFilename="xmlFilename/wheelLoader/spintorePesante.xml"/>
        <storeItem xmlFilename="xmlFilename/wheelLoader/spintorePesante_leveler.xml"/>
        <storeItem xmlFilename="xmlFilename/wheelLoader/prolungaPesante.xml"/>
        <storeItem xmlFilename="xmlFilename/wheelLoader/cestello_implements.xml"/>
        <storeItem xmlFilename="xmlFilename/wheelLoader/adattatoreTeleLoaders_skidSteers.xml"/>
        <storeItem xmlFilename="xmlFilename/wheelLoader/extraelevazione_frontLoaders.xml"/>
        <storeItem xmlFilename="xmlFilename/wheelLoader/traslatore_skidSteers.xml"/>
        <storeItem xmlFilename="xmlFilename/wheelLoader/miscelatore_implements.xml"/>
        <storeItem xmlFilename="xmlFilename/gabbiaSmartStack.xml"/>
        <storeItem xmlFilename="xmlFilename/bilancinoSollevamento.xml"/>
    </storeItems>
    <missionVehicles filename="missionVehicles.xml"/>
    <brands>
        <brand name="CSZ" title="CSZ" image="image/brand_CSZ.png"/>
        <brand name="CSZ_3Point" title="CSZ - 3-Point -" image="image/brand_CSZ_3Point.png"/>
        <brand name="CSZ_skidSteers" title="CSZ - Skid Steers -" image="image/brand_CSZ_skidSteers.png"/>
        <brand name="CSZ_frontLoaders" title="CSZ - Front Loaders -" image="image/brand_CSZ_frontLoaders.png"/>
        <brand name="CSZ_teleLoaders" title="CSZ - Tele Loaders -" image="image/brand_CSZ_teleLoaders.png"/>
        <brand name="CSZ_wheelLoaders" title="CSZ - Wheel Loaders -" image="image/brand_CSZ_wheelLoaders.png"/>
    </brands>
    <storePacks>
        <storePack name="STARTER_CHICKENS" title="$l10n_construction_tab_chickens" image="image/storePack_chickens.png"/>
    </storePacks>
</modDesc>