<?xml version="1.0" encoding="utf-8" standalone="no" ?>
<placeable type="chickenHusbandry" xmlns:xsi="http://www.w3.org/2001/XMLSchema-instance" xsi:noNamespaceSchemaLocation="../../../../shared/xml/schema/placeable.xsd">
    <storeData>
        <name>$l10n_shopItem_FARM_HUHNER_STALL</name>
        <image>store_textures/store_FARM_HUHNER_STALL.png</image>
        <price>18000</price>
        <functions>
            <function>$l10n_function_animalPenChicken</function>
        </functions>
        <lifetime>1000</lifetime>
        <dailyUpkeep>25</dailyUpkeep>
        <rotation>0</rotation>
		<brand>None</brand>
        <species>placeable</species>
        <category>animalpens</category>
        <brush>
            <type>placeable</type>
            <category>animals</category>
            <tab>chickens</tab>
        </brush>




        <vertexBufferMemoryUsage>954624</vertexBufferMemoryUsage>
        <indexBufferMemoryUsage>104704</indexBufferMemoryUsage>
        <textureMemoryUsage>9633792</textureMemoryUsage>
        <audioMemoryUsage>0</audioMemoryUsage>
        <instanceVertexBufferMemoryUsage>0</instanceVertexBufferMemoryUsage>
        <instanceIndexBufferMemoryUsage>0</instanceIndexBufferMemoryUsage>
    </storeData>

    <base>
        <filename>FARM_HUHNER_STALL.i3d</filename>
		<boughtWithFarmland>true</boughtWithFarmland>		
        <canBeRenamed>true</canBeRenamed>
    </base>

    <placement useRandomYRotation="false" useManualYRotation="true">
        <testAreas>
            <testArea startNode="testArea1Start" endNode="testArea1End" />

        </testAreas>
		 <sounds>
            <place template="smallImp" />
         </sounds>			
    </placement>

    <clearAreas>
         <clearArea startNode="clearArea1Start" widthNode="clearArea1Width" heightNode="clearArea1Height"/>

    </clearAreas>

    <leveling requireLeveling="true" maxSmoothDistance="10" maxSlope="75" maxEdgeAngle="30">
         <levelAreas>
             <levelArea startNode="levelArea1Start" widthNode="levelArea1Width" heightNode="levelArea1Height" groundType="asphalt"/>
         </levelAreas>
        <paintAreas>
            <paintArea startNode="paintArea1Start" widthNode="paintArea1Width" heightNode="paintArea1Height" groundType="dirt" />
        </paintAreas>
    </leveling>

    <foliageAreas>

    </foliageAreas>

    <indoorAreas>
        <indoorArea startNode="indoorArea1Start" widthNode="indoorArea1Width" heightNode="indoorArea1Height"/>
		
    </indoorAreas>

    <tipOcclusionUpdateAreas>
        <tipOcclusionUpdateArea startNode="tipOcclusionUpdateArea1Start" endNode="tipOcclusionUpdateArea1End" />
    </tipOcclusionUpdateAreas>

    <ai>
        <updateAreas>
            <updateArea startNode="tipOcclusionUpdateArea1Start" endNode="tipOcclusionUpdateArea1End" />
        </updateAreas>
    </ai>

    <triggerMarkers>
        <triggerMarker node="markerFood" filename="$data/shared/assets/marker/markerIcons.xml" id="UNLOAD" />
        <triggerMarker node="markerAnimals" filename="$data/shared/assets/marker/markerIcons.xml" id="ANIMALS" />
        <triggerMarker node="markerEggsDecal1" adjustToGround="true"/>
        <triggerMarker node="markerEggsDecal2" adjustToGround="true"/>
        <triggerMarker node="markerEggsDecal3" adjustToGround="true"/>
        <triggerMarker node="markerEggsDecal4" adjustToGround="true"/>
    </triggerMarkers>

	

    <hotspots>
         <hotspot type="CHICKEN" teleportNode="teleportNode" />
    </hotspots>

	<!-- ANIMATION -->	
	<!--************************************************************************************************************** -->
    <animatedObjects>
	 
	 <animatedObject saveId="Door1" >
            <animation duration="3.5">
                <part node="Door1_A">
                    <keyFrame time="0.0" rotation="0 0 0"/>
                    <keyFrame time="1.0" rotation="0 -123.37 0"/>
                </part>
                <part node="Door1_B">
                    <keyFrame time="0.0" rotation="0 0 0"/>
                    <keyFrame time="1.0" rotation="0 127.42 0"/>
                </part>	
				
            </animation>
            <controls triggerNode="Door1_Trigger" posAction="ACTIVATE_HANDTOOL" posText="action_openGate" negText="action_closeGate" />
            <sounds>
                <moving linkNode="Door1_Trigger" template="woodBigDoorLoop" />
                <posEnd linkNode="Door1_Trigger" template="woodDoorOpen" />
                <negEnd linkNode="Door1_Trigger" template="woodDoorClose" />
            </sounds>
        </animatedObject> 

	 <animatedObject saveId="Door2" >
            <animation duration="3.5">
                <part node="Door2_A">
                    <keyFrame time="0.0" rotation="0 0 0"/>
                    <keyFrame time="1.0" rotation="0 123.37 0"/>
                </part>
				
            </animation>
            <controls triggerNode="Door2_Trigger" posAction="ACTIVATE_HANDTOOL" posText="action_openGate" negText="action_closeGate" />
            <sounds>
                <moving linkNode="Door2_Trigger" template="woodBigDoorLoop" />
                <posEnd linkNode="Door2_Trigger" template="woodDoorOpen" />
                <negEnd linkNode="Door2_Trigger" template="woodDoorClose" />
            </sounds>
        </animatedObject> 
		
	 <animatedObject saveId="Door3" >
            <animation duration="3.5">
                <part node="Door3_A">
                    <keyFrame time="0.0" rotation="0 0 0"/>
                    <keyFrame time="1.0" rotation="0 175.96 0"/>
                </part>
				
            </animation>
            <controls triggerNode="Door3_Trigger" posAction="ACTIVATE_HANDTOOL" posText="action_openGate" negText="action_closeGate" />
            <sounds>
                <moving linkNode="Door3_Trigger" template="woodBigDoorLoop" />
                <posEnd linkNode="Door3_Trigger" template="woodDoorOpen" />
                <negEnd linkNode="Door3_Trigger" template="woodDoorClose" />
            </sounds>
        </animatedObject> 

	 <animatedObject saveId="Door4" >
            <animation duration="3.5">
                <part node="Door4_A">
                    <keyFrame time="0.0" rotation="0 0 0"/>
                    <keyFrame time="1.0" rotation="0 175.96 0"/>
                </part>
				
            </animation>
            <controls triggerNode="Door4_Trigger" posAction="ACTIVATE_HANDTOOL" posText="action_openGate" negText="action_closeGate" />
            <sounds>
                <moving linkNode="Door4_Trigger" template="woodBigDoorLoop" />
                <posEnd linkNode="Door4_Trigger" template="woodDoorOpen" />
                <negEnd linkNode="Door4_Trigger" template="woodDoorClose" />
            </sounds>
        </animatedObject> 

	 <animatedObject saveId="Door5" >
            <animation duration="3.5">
                <part node="Door5_A">
                    <keyFrame time="0.0" rotation="0 0 0"/>
                    <keyFrame time="1.0" rotation="0 131.46 0"/>
                </part>
				
            </animation>
            <controls triggerNode="Door5_Trigger" posAction="ACTIVATE_HANDTOOL" posText="action_openGate" negText="action_closeGate" />
            <sounds>
                <moving linkNode="Door5_Trigger" template="woodBigDoorLoop" />
                <posEnd linkNode="Door5_Trigger" template="woodDoorOpen" />
                <negEnd linkNode="Door5_Trigger" template="woodDoorClose" />
            </sounds>
        </animatedObject> 

			<!-- LICHT SILO -->	

				   <animatedObject saveId="TLS_A" >
						<animation duration="0.5">
							<part node="TLS_A_1_A">
								<keyFrame time="0.0" visibility="false"/>
								<keyFrame time="1.0" visibility="true"/>
							</part>
					
						</animation>
						<controls triggerNode="Trigger_TLS_A_1" posAction="ACTIVATE_HANDTOOL" posText="action_turnOnLight" negText="action_turnOffLight" />
						<sounds>
							<moving file="$data/sounds/player/flashlight/flashlight.wav" linkNode="0"  pitchOffset="1.00" volume="0.40" indoorVolumeFactor="0.55" indoorLowpassGain="0.85" pitchMax="1.15" />
						</sounds>
					</animatedObject>	

				   <animatedObject saveId="TLS_B" >
						<animation duration="0.5">
							<part node="TLS_B_1_A">
								<keyFrame time="0.0" visibility="false"/>
								<keyFrame time="1.0" visibility="true"/>
							</part>
					
						</animation>
						<controls triggerNode="Trigger_TLS_B_1" posAction="ACTIVATE_HANDTOOL" posText="action_turnOnLight" negText="action_turnOffLight" />
						<sounds>
							<moving file="$data/sounds/player/flashlight/flashlight.wav" linkNode="0"  pitchOffset="1.00" volume="0.40" indoorVolumeFactor="0.55" indoorLowpassGain="0.85" pitchMax="1.15" />
						</sounds>
					</animatedObject>	
					
				   <animatedObject saveId="TLS_C" >
						<animation duration="0.5">
							<part node="TLS_C_1_A">
								<keyFrame time="0.0" visibility="false"/>
								<keyFrame time="1.0" visibility="true"/>
							</part>
					
						</animation>
						<controls triggerNode="Trigger_TLS_C_1" posAction="ACTIVATE_HANDTOOL" posText="action_turnOnLight" negText="action_turnOffLight" />
						<sounds>
							<moving file="$data/sounds/player/flashlight/flashlight.wav" linkNode="0"  pitchOffset="1.00" volume="0.40" indoorVolumeFactor="0.55" indoorLowpassGain="0.85" pitchMax="1.15" />
						</sounds>
					</animatedObject>	

				   <animatedObject saveId="TLS_D" >
						<animation duration="0.5">
							<part node="TLS_D_1_A">
								<keyFrame time="0.0" visibility="false"/>
								<keyFrame time="1.0" visibility="true"/>
							</part>
					
						</animation>
						<controls triggerNode="Trigger_TLS_D_1" posAction="ACTIVATE_HANDTOOL" posText="action_turnOnLight" negText="action_turnOffLight" />
						<sounds>
							<moving file="$data/sounds/player/flashlight/flashlight.wav" linkNode="0"  pitchOffset="1.00" volume="0.40" indoorVolumeFactor="0.55" indoorLowpassGain="0.85" pitchMax="1.15" />
						</sounds>
					</animatedObject>	

				   <animatedObject saveId="TLS_E" >
						<animation duration="0.5">
							<part node="TLS_E_1_A">
								<keyFrame time="0.0" visibility="false"/>
								<keyFrame time="1.0" visibility="true"/>
							</part>
					
						</animation>
						<controls triggerNode="Trigger_TLS_E_1" posAction="ACTIVATE_HANDTOOL" posText="action_turnOnLight" negText="action_turnOffLight" />
						<sounds>
							<moving file="$data/sounds/player/flashlight/flashlight.wav" linkNode="0"  pitchOffset="1.00" volume="0.40" indoorVolumeFactor="0.55" indoorLowpassGain="0.85" pitchMax="1.15" />
						</sounds>
					</animatedObject>						


		
    </animatedObjects> 	<!-- ANIMATION  END --> 

    <dynamicallyLoadedParts>
	
    </dynamicallyLoadedParts>

    <lights>

    </lights>

    <infoTrigger triggerNode="infoTrigger" />


    <husbandry saveId="Animals_CHICKEN" hasStatistics="false">
        <storage node="storage" fillTypes="WATER" isExtension="false">
            <capacity fillType="WATER" capacity="0" />
        </storage>

        <unloadingStation supportsExtension="false" hideFromPricesMenu="true" />

        <loadingStation supportsExtension="false" />

        <animals type="CHICKEN" maxNumAnimals="360" >
            <navigation rootNode="navigationRootNode" filename="FARM_HUHNER_STALL_MESH.i3d" />
            <loadingTrigger node="loadingTrigger" />
        </animals>

        <food capacity="9000" >
             <feedingTrough exactFillRootNode="exactFillRootNodeFood" />
            <foodPlane node="foodPlane" minY="-0.207" maxY="-0.009" changeVisibility="true" defaultFillType="WHEAT"/>
        </food>

        <pallets fillType="EGG" maxNumPallets="6" unitText="$l10n_unit_pieces">
            <spawnPlaces >
                <spawnPlace startNode="palletArea1Start" endNode="palletArea1End" />
                <spawnPlace startNode="palletArea2Start" endNode="palletArea2End" />
            </spawnPlaces>
        </pallets>

        <fences>
        </fences>
		
    </husbandry>


    <i3dMappings>
        <i3dMapping id="teleportNode" node="0>0" />
        <i3dMapping id="exactFillRootNodeFood" node="0>1|0" />
        <i3dMapping id="foodPlane" node="0>1|5" />
 


        <i3dMapping id="storage" node="0>3" />
        <i3dMapping id="palletTrigger" node="0>4|0" />
        <i3dMapping id="palletArea1Start" node="0>4|1" />
        <i3dMapping id="palletArea1End" node="0>4|1|0" />
        <i3dMapping id="palletArea2Start" node="0>4|2" />
        <i3dMapping id="palletArea2End" node="0>4|2|0" />
        <i3dMapping id="navigationRootNode" node="0>5" />

        <i3dMapping id="markerEggsDecal1" node="0>8|0|0" />
        <i3dMapping id="markerEggsDecal2" node="0>8|0|1" />
        <i3dMapping id="markerEggsDecal3" node="0>8|0|2" />
        <i3dMapping id="markerEggsDecal4" node="0>8|0|3" />
        <i3dMapping id="markerAnimals" node="0>8|1" />
        <i3dMapping id="markerFood" node="0>8|2" />
        <i3dMapping id="infoTrigger" node="0>9" />
        <i3dMapping id="loadingTrigger" node="0>10" />
		
        <i3dMapping id="clearArea1Start" node="0>11|0" />
        <i3dMapping id="clearArea1Width" node="0>11|0|0" />
        <i3dMapping id="clearArea1Height" node="0>11|0|1" />
 
        <i3dMapping id="indoorArea1Start" node="0>15|0" />
        <i3dMapping id="indoorArea1Width" node="0>15|0|0" />
        <i3dMapping id="indoorArea1Height" node="0>15|0|1" /> 
		
        <i3dMapping id="levelArea1Start" node="0>12|0" />
        <i3dMapping id="levelArea1Width" node="0>12|0|0" />
        <i3dMapping id="levelArea1Height" node="0>12|0|1" />
        <i3dMapping id="paintArea1Start" node="0>13|0" />
        <i3dMapping id="paintArea1Width" node="0>13|0|0" />
        <i3dMapping id="paintArea1Height" node="0>13|0|1" />

		
        <i3dMapping id="testArea1Start" node="0>16|0" />
        <i3dMapping id="testArea1End" node="0>16|0|0" />

        <i3dMapping id="tipOcclusionUpdateArea1Start" node="0>17|0" />
        <i3dMapping id="tipOcclusionUpdateArea1End" node="0>17|0|0" />


		
		<!--Door -->
		<!--************************************************ -->
        <i3dMapping id="Door1_Trigger" node="0>2|0|0" />		
        <i3dMapping id="Door1_A" node="0>2|0|1" />
        <i3dMapping id="Door1_B" node="0>2|0|2" />		

        <i3dMapping id="Door2_Trigger" node="0>2|1|0" />		
        <i3dMapping id="Door2_A" node="0>2|1|1" />

        <i3dMapping id="Door3_Trigger" node="0>2|2|0" />		
        <i3dMapping id="Door3_A" node="0>2|2|1" />

        <i3dMapping id="Door4_Trigger" node="0>2|3|0" />		
        <i3dMapping id="Door4_A" node="0>2|3|1" />
		
        <i3dMapping id="Door5_Trigger" node="0>2|4|0" />		
        <i3dMapping id="Door5_A" node="0>2|4|1" />

		
		<!--Licht -->
		<!--************************************************ -->
		<i3dMapping id="Trigger_TLS_A_1" node="0>6|2|0" />		
        <i3dMapping id="TLS_A_1_A" node="0>6|0|0" />

		<i3dMapping id="Trigger_TLS_B_1" node="0>6|2|1" />		
        <i3dMapping id="TLS_B_1_A" node="0>6|0|0" />

		<i3dMapping id="Trigger_TLS_C_1" node="0>6|2|2" />		
        <i3dMapping id="TLS_C_1_A" node="0>6|0|0" />

		<i3dMapping id="Trigger_TLS_D_1" node="0>6|2|3" />		
        <i3dMapping id="TLS_D_1_A" node="0>6|0|0" />

		<i3dMapping id="Trigger_TLS_E_1" node="0>6|2|4" />		
        <i3dMapping id="TLS_E_1_A" node="0>6|0|0" />

		
    </i3dMappings>
</placeable>
