<?xml version="1.0" encoding="utf-8" standalone="no" ?>
<placeable type="farmhouse" xmlns:xsi="http://www.w3.org/2001/XMLSchema-instance" xsi:noNamespaceSchemaLocation="../../../../shared/xml/schema/placeable.xsd">
    <storeData>
        <name>$l10n_shopItem_FARM_HAUS</name>
        <functions>
            <function>$l10n_function_farmHouse</function>
        </functions>
        <image>store_textures/store_FARM_HAUS.png</image>
        <price>50000</price>
        <dailyUpkeep>150</dailyUpkeep>
        <lifetime>1000</lifetime>
        <rotation>0</rotation>
		<brand>None</brand>
        <species>placeable</species>
        <category>farmhouses</category>
        <brush>
            <type>placeable</type>
            <category>buildings</category>
            <tab>farmhouses</tab>
        </brush>


        <vertexBufferMemoryUsage>526080</vertexBufferMemoryUsage>
        <indexBufferMemoryUsage>46080</indexBufferMemoryUsage>
        <textureMemoryUsage>8912896</textureMemoryUsage>
        <audioMemoryUsage>0</audioMemoryUsage>
        <instanceVertexBufferMemoryUsage>0</instanceVertexBufferMemoryUsage>
        <instanceIndexBufferMemoryUsage>0</instanceIndexBufferMemoryUsage>
    </storeData>

    <base>
        <filename>FARM_HAUS.i3d</filename>
       <boughtWithFarmland>true</boughtWithFarmland>	
        <canBeRenamed>true</canBeRenamed>
    </base>

    <placement useRandomYRotation="false" useManualYRotation="true">
        <testAreas>
            <testArea startNode="testAreaStart1" endNode="testAreaEnd1"/>		
        </testAreas>
		
		 <sounds>
            <place template="smallImp" />
         </sounds>
    </placement>

    <tipOcclusionUpdateAreas>
        <tipOcclusionUpdateArea startNode="tipOcclusionUpdateAreaStart1" endNode="tipOcclusionUpdateAreaEnd1"/>
    </tipOcclusionUpdateAreas>

    <clearAreas>
        <clearArea startNode="clearAreaStart1" widthNode="clearAreaWidth1" heightNode="clearAreaHeight1"/>
    </clearAreas>

    <leveling>
        <levelAreas>
            <levelArea startNode="levelAreaStart1" widthNode="levelAreaWidth1" heightNode="levelAreaHeight1" groundType="asphalt"/>

        </levelAreas>
    </leveling>

    <indoorAreas>
        <indoorArea startNode="indoorAreaStart1" widthNode="indoorAreaWidth1" heightNode="indoorAreaHeight1" />
    </indoorAreas>

    <ai>
        <updateAreas>
            <updateArea startNode="tipOcclusionUpdateAreaStart1" endNode="tipOcclusionUpdateAreaEnd1"/>
        </updateAreas>
    </ai>

    <farmhouse spawnNode="spawnPoint">
        <sleeping triggerNode="sleepTrigger" cameraNode="sleepCameraNode"/>
    </farmhouse>

    <wardrobe triggerNode="wardrobeTrigger"/>

 

    <triggerMarkers>
        <triggerMarker node="sleepTriggerMarker" filename="$data/shared/assets/marker/markerIcons.xml" id="EXCLAMATION_MARK"/>
        <triggerMarker node="wardrobeTriggerMarker" filename="$data/shared/assets/marker/markerIcons.xml" id="EXCLAMATION_MARK"/>
    </triggerMarkers>

  <animatedObjects>
        	
		
    </animatedObjects>

    <hotspots>
        <hotspot type="FARM" teleportNode="spawnPoint" />
    </hotspots>

    <dynamicallyLoadedParts>
        <dynamicallyLoadedPart node="0" linkNode="House_Addons" filename="FARM_HAUS_ADDONS.i3d"/>		
    </dynamicallyLoadedParts>

    <i3dMappings>
        <i3dMapping id="sleepTrigger" node="0>2|0|0" />
        <i3dMapping id="sleepTriggerMarker" node="0>2|0|1" />
        <i3dMapping id="sleepCameraNode" node="0>2|0|2" />
        <i3dMapping id="spawnPoint" node="0>2|0|3" />
        <i3dMapping id="wardrobeTrigger" node="0>2|1|0" />
        <i3dMapping id="wardrobeTriggerMarker" node="0>2|1|1" />
		
        <i3dMapping id="clearAreaStart1" node="0>4|0" />
        <i3dMapping id="clearAreaWidth1" node="0>4|0|0" />
        <i3dMapping id="clearAreaHeight1" node="0>4|0|1" />
	
        <i3dMapping id="levelAreaStart1" node="0>5|0" />
        <i3dMapping id="levelAreaWidth1" node="0>5|0|0" />
        <i3dMapping id="levelAreaHeight1" node="0>5|0|1" />
	
        <i3dMapping id="indoorAreaStart1" node="0>6|0" />
        <i3dMapping id="indoorAreaWidth1" node="0>6|0|0" />
        <i3dMapping id="indoorAreaHeight1" node="0>6|0|1" />
		
        <i3dMapping id="tipOcclusionUpdateAreaStart1" node="0>7|0" />
        <i3dMapping id="tipOcclusionUpdateAreaEnd1" node="0>7|0|0" />
		
        <i3dMapping id="testAreaStart1" node="0>8|0" />
        <i3dMapping id="testAreaEnd1" node="0>8|0|0" />



        <i3dMapping id="House_Addons" node="0>9" />		
		
    </i3dMappings>
</placeable>
