<?xml version="1.0" encoding="utf-8" standalone="no" ?>
<placeable type="simplePlaceable" xmlns:xsi="http://www.w3.org/2001/XMLSchema-instance" xsi:noNamespaceSchemaLocation="../../../../shared/xml/schema/placeable.xsd">
    <storeData>
        <name>$l10n_shopItem_FARM_UNTERSTAND_A</name>
        <functions>
            <function>$l10n_function_garage</function>
        </functions>
        <image>store_textures/store_FARM_UNTERSTAND_A.dds</image>
        <price>20000</price>
        <dailyUpkeep>50</dailyUpkeep>
        <lifetime>1000</lifetime>
        <rotation>0</rotation>
		<brand>None</brand>
        <species>placeable</species>
        <category>sheds</category>
        <canBeSold>true</canBeSold>
        <showInStore>true</showInStore>


        <vertexBufferMemoryUsage>913408</vertexBufferMemoryUsage>
        <indexBufferMemoryUsage>79360</indexBufferMemoryUsage>
        <textureMemoryUsage>7995392</textureMemoryUsage>
        <audioMemoryUsage>0</audioMemoryUsage>
        <instanceVertexBufferMemoryUsage>0</instanceVertexBufferMemoryUsage>
        <instanceIndexBufferMemoryUsage>0</instanceIndexBufferMemoryUsage>
    </storeData>

    <base>
        <filename>FARM_UNTERSTAND_A.i3d</filename>
		<boughtWithFarmland>true</boughtWithFarmland>
		<canBeRenamed>true</canBeRenamed>		
    </base>

    <placement useRandomYRotation="false" useManualYRotation="true">
        <testAreas>
            <testArea startNode="testArea1Start" endNode="testArea1End" />
        </testAreas>
		 <sounds>
            <place template="smallImp" />
         </sounds>			
    </placement>

    <clearAreas>
        <clearArea startNode="clearArea1Start" widthNode="clearArea1Width" heightNode="clearArea1Height"/>
    </clearAreas>

    <leveling requireLeveling="true" maxSmoothDistance="3" maxSlope="75" maxEdgeAngle="30">
        <levelAreas>
            <levelArea startNode="levelArea1Start" widthNode="levelArea1Width" heightNode="levelArea1Height" groundType="asphalt"/>
        </levelAreas>
    </leveling>

    <indoorAreas>
        <indoorArea startNode="indoorArea1Start" widthNode="indoorArea1Width" heightNode="indoorArea1Height"/>
    </indoorAreas>

    <tipOcclusionUpdateAreas>
        <tipOcclusionUpdateArea startNode="tipOcclusionUpdateArea1Start" endNode="tipOcclusionUpdateArea1End" />
    </tipOcclusionUpdateAreas>

    <ai>
        <updateAreas>
            <updateArea startNode="tipOcclusionUpdateArea1Start" endNode="tipOcclusionUpdateArea1End" />
        </updateAreas>
    </ai>

   <dynamicallyLoadedParts>
        <dynamicallyLoadedPart node="0" linkNode="Addons" filename="FARM_UNTERSTAND_A_ADDONS.i3d"/>	4
		
    </dynamicallyLoadedParts>	
	
	<lights>
        <sharedLight filename="$data/shared/assets/lights/terraLed/fluorescentTube50W.xml" linkNode="lightNode01" groupIndex="1" />
        <sharedLight filename="$data/shared/assets/lights/terraLed/fluorescentTube50W.xml" linkNode="lightNode02" groupIndex="1" />
        <sharedLight filename="$data/shared/assets/lights/terraLed/fluorescentTube50W.xml" linkNode="lightNode03" groupIndex="1" />
        <sharedLight filename="$data/shared/assets/lights/terraLed/fluorescentTube50W.xml" linkNode="lightNode04" groupIndex="1" />
        <sharedLight filename="$data/shared/assets/lights/terraLed/fluorescentTube50W.xml" linkNode="lightNode05" groupIndex="1" />
        <sharedLight filename="$data/shared/assets/lights/terraLed/fluorescentTube50W.xml" linkNode="lightNode06" groupIndex="1" />
        <sharedLight filename="$data/shared/assets/lights/terraLed/fluorescentTube50W.xml" linkNode="lightNode07" groupIndex="1" />
        <sharedLight filename="$data/shared/assets/lights/terraLed/fluorescentTube50W.xml" linkNode="lightNode08" groupIndex="1" />
        <sharedLight filename="$data/shared/assets/lights/terraLed/fluorescentTube50W.xml" linkNode="lightNode09" groupIndex="1" />
        <sharedLight filename="$data/shared/assets/lights/terraLed/fluorescentTube50W.xml" linkNode="lightNode10" groupIndex="1" />
        <sharedLight filename="$data/shared/assets/lights/terraLed/fluorescentTube50W.xml" linkNode="lightNode11" groupIndex="1" />
        <sharedLight filename="$data/shared/assets/lights/terraLed/fluorescentTube50W.xml" linkNode="lightNode13" groupIndex="1" />
        <sharedLight filename="$data/shared/assets/lights/terraLed/fluorescentTube50W.xml" linkNode="lightNode14" groupIndex="1" />
        <sharedLight filename="$data/shared/assets/lights/terraLed/fluorescentTube50W.xml" linkNode="lightNode15" groupIndex="1" />
        <sharedLight filename="$data/shared/assets/lights/terraLed/fluorescentTube50W.xml" linkNode="lightNode16" groupIndex="1" />
        <sharedLight filename="$data/shared/assets/lights/terraLed/fluorescentTube50W.xml" linkNode="lightNode17" groupIndex="1" />
        <sharedLight filename="$data/shared/assets/lights/terraLed/fluorescentTube50W.xml" linkNode="lightNode18" groupIndex="1" />
        <sharedLight filename="$data/shared/assets/lights/terraLed/fluorescentTube50W.xml" linkNode="lightNode19" groupIndex="1" />
        <sharedLight filename="$data/shared/assets/lights/terraLed/fluorescentTube50W.xml" linkNode="lightNode20" groupIndex="1" />
        <sharedLight filename="$data/shared/assets/lights/terraLed/fluorescentTube50W.xml" linkNode="lightNode21" groupIndex="1" />
        <sharedLight filename="$data/shared/assets/lights/terraLed/fluorescentTube50W.xml" linkNode="lightNode22" groupIndex="1" />
      
	  
	    <realLights>
            <low>
                <light node="realLightsLow" groupIndex="1"/>
            </low>
            <high>
                <light node="realLightsHigh" groupIndex="1"/>
            </high>
			
        </realLights>

        <group name="$l10n_action_placeableLightShed" triggerNode="lightTrigger">
            <sounds>
                <toggle template="lizardFloodLight" innerRadius="50" outerRadius="20" volumeScale="0.2"/>
            </sounds>
        </group>
	
    </lights>	
	
	
	
	
	
	

	<!--ANIMATION -->
		<!--************************************************ -->
  <animatedObjects>
       
 <animatedObject saveId="Door1" >
            <animation duration="3.5">
                <part node="Door1_A">
                    <keyFrame time="0.0" rotation="0 0 0"/>
                    <keyFrame time="1.0" rotation="0 -127.42 0"/>
                </part>
                <part node="Door1_B">
                    <keyFrame time="0.0" rotation="0 0 0"/>
                    <keyFrame time="1.0" rotation="0 95.06 0"/>
                </part>	
				
            </animation>
            <controls triggerNode="Door1_Trigger" posAction="ACTIVATE_HANDTOOL" posText="action_openGate" negText="action_closeGate" />
            <sounds>
                <moving linkNode="Door1_Trigger" template="woodBigDoorLoop" />
                <posEnd linkNode="Door1_Trigger" template="woodDoorOpen" />
                <negEnd linkNode="Door1_Trigger" template="woodDoorClose" />
            </sounds>
        </animatedObject> 
		
		
 <animatedObject saveId="Door2" >
            <animation duration="3.5">
                <part node="Door2_A">
                    <keyFrame time="0.0" rotation="0 0 0"/>
                    <keyFrame time="1.0" rotation="0 -103.15 0"/>
                </part>
                <part node="Door2_B">
                    <keyFrame time="0.0" rotation="0 0 0"/>
                    <keyFrame time="1.0" rotation="0 95.06 0"/>
                </part>	
				
            </animation>
            <controls triggerNode="Door2_Trigger" posAction="ACTIVATE_HANDTOOL" posText="action_openGate" negText="action_closeGate" />
            <sounds>
                <moving linkNode="Door2_Trigger" template="woodBigDoorLoop" />
                <posEnd linkNode="Door2_Trigger" template="woodDoorOpen" />
                <negEnd linkNode="Door2_Trigger" template="woodDoorClose" />
            </sounds>
        </animatedObject> 		
		
		
 <animatedObject saveId="Door3" >
            <animation duration="3.5">
                <part node="Door3_A">
                    <keyFrame time="0.0" rotation="0 0 0"/>
                    <keyFrame time="1.0" rotation="0 -107.19 0"/>
                </part>
                <part node="Door3_B">
                    <keyFrame time="0.0" rotation="0 0 0"/>
                    <keyFrame time="1.0" rotation="0 127 0"/>
                </part>	
				
            </animation>
            <controls triggerNode="Door3_Trigger" posAction="ACTIVATE_HANDTOOL" posText="action_openGate" negText="action_closeGate" />
            <sounds>
                <moving linkNode="Door3_Trigger" template="woodBigDoorLoop" />
                <posEnd linkNode="Door3_Trigger" template="woodDoorOpen" />
                <negEnd linkNode="Door3_Trigger" template="woodDoorClose" />
            </sounds>
        </animatedObject> 		

	 <animatedObject saveId="Door4" >
            <animation duration="3.5">
                <part node="Door4_A">
                    <keyFrame time="0.0" rotation="0 0 0"/>
                    <keyFrame time="1.0" rotation="0 123.37 0"/>
                </part>
				
            </animation>
            <controls triggerNode="Door4_Trigger" posAction="ACTIVATE_HANDTOOL" posText="action_openGate" negText="action_closeGate" />
            <sounds>
                <moving linkNode="Door4_Trigger" template="woodBigDoorLoop" />
                <posEnd linkNode="Door4_Trigger" template="woodDoorOpen" />
                <negEnd linkNode="Door4_Trigger" template="woodDoorClose" />
            </sounds>
        </animatedObject> 		

	 <animatedObject saveId="Door5" >
            <animation duration="3.5">
                <part node="Door5_A">
                    <keyFrame time="0.0" translation="0 0 0"/>
                    <keyFrame time="1.0" translation="1.65 0 0"/>
                </part>
				
            </animation>
            <controls triggerNode="Door5_Trigger" posAction="ACTIVATE_HANDTOOL" posText="action_openGate" negText="action_closeGate" />
            <sounds>
                <moving linkNode="Door5_Trigger" template="woodBigDoorLoop" />
                <posEnd linkNode="Door5_Trigger" template="woodDoorOpen" />
                <negEnd linkNode="Door5_Trigger" template="woodDoorClose" />
            </sounds>
        </animatedObject> 			
		
		<!--************************************************ -->		
   </animatedObjects>
	
	
	

    <lights>
   
    </lights>



    <i3dMappings>

        <i3dMapping id="clearArea1Start" node="0>1|0" />
        <i3dMapping id="clearArea1Width" node="0>1|0|0" />
        <i3dMapping id="clearArea1Height" node="0>1|0|1" />
        <i3dMapping id="levelArea1Start" node="0>2|0" />
        <i3dMapping id="levelArea1Width" node="0>2|0|0" />
        <i3dMapping id="levelArea1Height" node="0>2|0|1" />		
        <i3dMapping id="indoorArea1Start" node="0>3|0" />
        <i3dMapping id="indoorArea1Width" node="0>3|0|0" />
        <i3dMapping id="indoorArea1Height" node="0>3|0|1" />
	
	
		
        <i3dMapping id="testArea1Start" node="0>5|0" />
        <i3dMapping id="testArea1End" node="0>5|0|0" />
        <i3dMapping id="tipOcclusionUpdateArea1Start" node="0>6|0" />
        <i3dMapping id="tipOcclusionUpdateArea1End" node="0>6|0|0" />
		
	<!--Door -->
		<!--************************************************ -->
        <i3dMapping id="Door1_Trigger" node="0>0|0|0" />		
        <i3dMapping id="Door1_A" node="0>0|0|1" />
        <i3dMapping id="Door1_B" node="0>0|0|2" />			

        <i3dMapping id="Door2_Trigger" node="0>0|1|0" />		
        <i3dMapping id="Door2_A" node="0>0|1|1" />
        <i3dMapping id="Door2_B" node="0>0|1|2" />

        <i3dMapping id="Door3_Trigger" node="0>0|2|0" />		
        <i3dMapping id="Door3_A" node="0>0|2|1" />
        <i3dMapping id="Door3_B" node="0>0|2|2" />

        <i3dMapping id="Door4_Trigger" node="0>0|3|0" />		
        <i3dMapping id="Door4_A" node="0>0|3|1" />

        <i3dMapping id="Door5_Trigger" node="0>0|4|0" />		
        <i3dMapping id="Door5_A" node="0>0|4|1" />
	
		<i3dMapping id="Addons" node="0>11" />


	<!--Lights -->
		<!--************************************************ -->		
		<i3dMapping id="lightTrigger" node="0>4|0" />
        <i3dMapping id="realLightsLow" node="0>4|1|0" />
        <i3dMapping id="realLightsHigh" node="0>4|1|1" />
		
		<!--Nodes Bulldog Group 2-->
        <i3dMapping id="lightNode01" node="0>4|2|0" />
        <i3dMapping id="lightNode02" node="0>4|2|1" />
        <i3dMapping id="lightNode03" node="0>4|2|2" />
		
        <i3dMapping id="lightNode04" node="0>4|3|0" />
        <i3dMapping id="lightNode05" node="0>4|3|1" />
        <i3dMapping id="lightNode06" node="0>4|3|2" />
		
        <i3dMapping id="lightNode07" node="0>4|4|0" />
        <i3dMapping id="lightNode08" node="0>4|4|1" />
        <i3dMapping id="lightNode09" node="0>4|4|2" />
        <i3dMapping id="lightNode10" node="0>4|4|3" />	

        <i3dMapping id="lightNode11" node="0>4|5|0" />
        <i3dMapping id="lightNode12" node="0>4|5|1" />
		
        <i3dMapping id="lightNode13" node="0>4|6|0" />
        <i3dMapping id="lightNode14" node="0>4|6|1" />
		
        <i3dMapping id="lightNode15" node="0>4|7|0" />
        <i3dMapping id="lightNode16" node="0>4|7|1" />
		
        <i3dMapping id="lightNode17" node="0>4|8|0" />
        <i3dMapping id="lightNode18" node="0>4|8|1" />
		
        <i3dMapping id="lightNode19" node="0>4|9|0" />
        <i3dMapping id="lightNode20" node="0>4|9|1" />

        <i3dMapping id="lightNode21" node="0>4|10|0" />
        <i3dMapping id="lightNode22" node="0>4|10|1" />		
    </i3dMappings>
</placeable>
