<?xml version="1.0" encoding="utf-8" standalone="no" ?>
<placeable type="cowHusbandry_silo" xmlns:xsi="http://www.w3.org/2001/XMLSchema-instance" xsi:noNamespaceSchemaLocation="../../../../shared/xml/schema/placeable.xsd">
    <storeData>
        <name>$l10n_shopItem_FARM_STALL</name>
        <image>store_textures/store_FARM_STALL.png</image>
        <price>80000</price>
        <functions>
            <function>$l10n_function_animalPenCow</function>
        </functions>
        <lifetime>1000</lifetime>
        <dailyUpkeep>100</dailyUpkeep>
        <rotation>0</rotation>
		<brand>None</brand>
        <species>placeable</species>
        <category>animalpens</category>
        <brush>
            <type>placeable</type>
            <category>animals</category>
            <tab>cows</tab>
        </brush>


        <storeIconRendering>
            <settings cameraXRot="-20" cameraYRot="50" advancedBoundingBox="true"/>
        </storeIconRendering>


        <vertexBufferMemoryUsage>3731712</vertexBufferMemoryUsage>
        <indexBufferMemoryUsage>328704</indexBufferMemoryUsage>
        <textureMemoryUsage>9568256</textureMemoryUsage>
        <audioMemoryUsage>0</audioMemoryUsage>
        <instanceVertexBufferMemoryUsage>0</instanceVertexBufferMemoryUsage>
        <instanceIndexBufferMemoryUsage>0</instanceIndexBufferMemoryUsage>
    </storeData>

    <base>
        <filename>FARM_STALL.i3d</filename>
		<boughtWithFarmland>true</boughtWithFarmland>		
        <canBeRenamed>true</canBeRenamed>
    </base>

    <placement useRandomYRotation="false" useManualYRotation="true" >
        <testAreas>
            <testArea startNode="testArea1Start" endNode="testArea1End" />
		
        </testAreas>
		 <sounds>
            <place template="smallImp" />
         </sounds>		
    </placement>

    <clearAreas>
        <clearArea startNode="clearArea1Start" widthNode="clearArea1Width" heightNode="clearArea1Height"/>
        <clearArea startNode="clearArea2Start" widthNode="clearArea2Width" heightNode="clearArea2Height"/>
        <clearArea startNode="clearArea3Start" widthNode="clearArea3Width" heightNode="clearArea3Height"/>	
        <clearArea startNode="clearArea4Start" widthNode="clearArea4Width" heightNode="clearArea4Height"/>	
        <clearArea startNode="clearArea5Start" widthNode="clearArea5Width" heightNode="clearArea5Height"/>			
        <clearArea startNode="clearArea6Start" widthNode="clearArea6Width" heightNode="clearArea6Height"/>
        <clearArea startNode="clearArea7Start" widthNode="clearArea7Width" heightNode="clearArea7Height"/>	
        <clearArea startNode="clearArea8Start" widthNode="clearArea8Width" heightNode="clearArea8Height"/>			
	</clearAreas>

    <leveling requireLeveling="true" maxSmoothDistance="10" maxSlope="75" maxEdgeAngle="30">
        <levelAreas>
            <levelArea startNode="levelArea1Start" widthNode="levelArea1Width" heightNode="levelArea1Height" groundType="grass"/>
            <levelArea startNode="levelArea2Start" widthNode="levelArea2Width" heightNode="levelArea2Height" groundType="grass"/>		
        </levelAreas>

        <paintAreas>
            <paintArea startNode="paintArea1Start" widthNode="paintArea1Width" heightNode="paintArea1Height" groundType="asphalt" />
            <paintArea startNode="paintArea2Start" widthNode="paintArea2Width" heightNode="paintArea2Height" groundType="asphalt" />
            <paintArea startNode="paintArea3Start" widthNode="paintArea3Width" heightNode="paintArea3Height" groundType="asphalt" />
            <paintArea startNode="paintArea4Start" widthNode="paintArea4Width" heightNode="paintArea4Height" groundType="asphalt" />			
            <paintArea startNode="paintArea5Start" widthNode="paintArea5Width" heightNode="paintArea5Height" groundType="asphalt" /> 
	</paintAreas>
    </leveling>



    <indoorAreas>
        <indoorArea startNode="indoorArea1Start" widthNode="indoorArea1Width" heightNode="indoorArea1Height"/>
        <indoorArea startNode="indoorArea2Start" widthNode="indoorArea2Width" heightNode="indoorArea2Height"/>		
    </indoorAreas>

    <triggerMarkers>
        <triggerMarker node="markerMilk" filename="$data/shared/assets/marker/markerIcons.xml" id="LOAD" />
        <triggerMarker node="markerFood" filename="$data/shared/assets/marker/markerIcons.xml" id="UNLOAD" />
        <triggerMarker node="markerAnimals" filename="$data/shared/assets/marker/markerIcons.xml" id="ANIMALS" />
        <triggerMarker node="markerLiquidManure" filename="$data/shared/assets/marker/markerIcons.xml" id="LOAD" />

       
		<triggerMarker node="Silo_markerLoading"       filename="$data/shared/assets/marker/markerIcons.xml" id="LOAD" />
        <triggerMarker node="Silo_markerUnloading"     filename="$data/shared/assets/marker/markerIcons.xml" id="UNLOAD" />

    </triggerMarkers>

    <dynamicallyLoadedParts>
        <dynamicallyLoadedPart node="0" linkNode="lightSwitch" filename="$data/shared/assets/lights/terraLed/switch.i3d" />
        <dynamicallyLoadedPart node="0" linkNode="milkContainer" filename="$data/placeables/lely/nautilus/nautilus.i3d"/>
        <dynamicallyLoadedPart node="0" linkNode="Lights_Lampen" filename="FARM_STALL_LIGHT.i3d"/>
        <dynamicallyLoadedPart node="0" linkNode="Addons" filename="FARM_STALL_ADDONS.i3d"/>		
    </dynamicallyLoadedParts>	
		

    <tipOcclusionUpdateAreas>
        <tipOcclusionUpdateArea startNode="tipOcclusionUpdateArea1Start" endNode="tipOcclusionUpdateArea1End" />
    </tipOcclusionUpdateAreas>

    <ai>
        <updateAreas>
            <updateArea startNode="tipOcclusionUpdateArea1Start" endNode="tipOcclusionUpdateArea1End" />
        </updateAreas>
       <splines>
            <spline node="aiLoadingSpline" />
        </splines>		
    </ai>

    <hotspots>
        <hotspot type="COW" teleportNode="teleportNode" />
    </hotspots>


	<!-- ANIMATION -->	
	<!--************************************************************************************************************** -->
    <animatedObjects>
	
 	   <animatedObject saveId="Door1" >
            <animation duration="3.5">
                <part node="Door1_A">
                    <keyFrame time="0.0" rotation="0 0 0"/>
                    <keyFrame time="1.0" rotation="0 -127.42 0"/>
                </part>
                <part node="Door1_B">
                    <keyFrame time="0.0" rotation="0 0 0"/>
                    <keyFrame time="1.0" rotation="0 127.42 0"/>
                </part>	
				
            </animation>
            <controls triggerNode="Door1_Trigger" posAction="ACTIVATE_HANDTOOL" posText="action_openGate" negText="action_closeGate" />
            <sounds>
                <moving linkNode="Door1_Trigger" template="woodBigDoorLoop" />
                <posEnd linkNode="Door1_Trigger" template="woodDoorOpen" />
                <negEnd linkNode="Door1_Trigger" template="woodDoorClose" />
            </sounds>
        </animatedObject>      

 	   <animatedObject saveId="Door2" >
            <animation duration="3.5">
                <part node="Door2_A">
                    <keyFrame time="0.0" rotation="0 0 0"/>
                    <keyFrame time="1.0" rotation="0 171.91 0"/>
                </part>
				
            </animation>
            <controls triggerNode="Door2_Trigger" posAction="ACTIVATE_HANDTOOL" posText="action_openGate" negText="action_closeGate" />
            <sounds>
                <moving linkNode="Door2_Trigger" template="woodBigDoorLoop" />
                <posEnd linkNode="Door2_Trigger" template="woodDoorOpen" />
                <negEnd linkNode="Door2_Trigger" template="woodDoorClose" />
            </sounds>
        </animatedObject>   
		
 	   <animatedObject saveId="Door3" >
            <animation duration="3.5">
                <part node="Door3_A">
                    <keyFrame time="0.0" translation="0 0 0"/>
                    <keyFrame time="1.0" translation="4.739 0 0"/>
                </part>
				
            </animation>
            <controls triggerNode="Door3_Trigger" posAction="ACTIVATE_HANDTOOL" posText="action_openGate" negText="action_closeGate" />
            <sounds>
                <moving linkNode="Door3_Trigger" template="slidingGateWoodLoop" />
                <posEnd linkNode="Door3_Trigger" template="woodDoorOpen" />
                <negEnd linkNode="Door3_Trigger" template="woodDoorClose" />
            </sounds>
        </animatedObject>   

 	   <animatedObject saveId="Door4" >
            <animation duration="3.5">
                <part node="Door4_A">
                    <keyFrame time="0.0" translation="0 0 0"/>
                    <keyFrame time="1.0" translation="-3.504 0 0"/>
                </part>
				
            </animation>
            <controls triggerNode="Door4_Trigger" posAction="ACTIVATE_HANDTOOL" posText="action_openGate" negText="action_closeGate" />
            <sounds>
                <moving linkNode="Door4_Trigger" template="slidingGateWoodLoop" />
                <posEnd linkNode="Door4_Trigger" template="woodDoorOpen" />
                <negEnd linkNode="Door4_Trigger" template="woodDoorClose" />
            </sounds>
        </animatedObject>  		
 
 	   <animatedObject saveId="Door5" >
            <animation duration="3.5">
                <part node="Door5_A">
                    <keyFrame time="0.0" rotation="0 0 0"/>
                    <keyFrame time="1.0" rotation="0 -163.82 0"/>
                </part>
                <part node="Door5_B">
                    <keyFrame time="0.0" rotation="0 0 0"/>
                    <keyFrame time="1.0" rotation="0 97 0"/>
                </part>	
				
            </animation>
            <controls triggerNode="Door5_Trigger" posAction="ACTIVATE_HANDTOOL" posText="action_openGate" negText="action_closeGate" />
            <sounds>
                <moving linkNode="Door5_Trigger" template="woodBigDoorLoop" />
                <posEnd linkNode="Door5_Trigger" template="woodDoorOpen" />
                <negEnd linkNode="Door5_Trigger" template="woodDoorClose" />
            </sounds>
        </animatedObject>


 	   <animatedObject saveId="Door6" >
            <animation duration="3.5">
                <part node="Door6_A">
                    <keyFrame time="0.0" rotation="0 0 0"/>
                    <keyFrame time="1.0" rotation="0 144 0"/>
                </part>
				
            </animation>
            <controls triggerNode="Door6_Trigger" posAction="ACTIVATE_HANDTOOL" posText="action_openGate" negText="action_closeGate" />
            <sounds>
                <moving linkNode="Door6_Trigger" template="woodBigDoorLoop" />
                <posEnd linkNode="Door6_Trigger" template="woodDoorOpen" />
                <negEnd linkNode="Door6_Trigger" template="woodDoorClose" />
            </sounds>
        </animatedObject>  

 	   <animatedObject saveId="Door7" >
            <animation duration="3.5">
                <part node="Door7_A">
                    <keyFrame time="0.0" rotation="0 0 0"/>
                    <keyFrame time="1.0" rotation="0 144 0"/>
                </part>
				
            </animation>
            <controls triggerNode="Door7_Trigger" posAction="ACTIVATE_HANDTOOL" posText="action_openGate" negText="action_closeGate" />
            <sounds>
                <moving linkNode="Door7_Trigger" template="woodBigDoorLoop" />
                <posEnd linkNode="Door7_Trigger" template="woodDoorOpen" />
                <negEnd linkNode="Door7_Trigger" template="woodDoorClose" />
            </sounds>
        </animatedObject>  

 	   <animatedObject saveId="Door8" >
            <animation duration="3.5">
                <part node="Door8_A">
                    <keyFrame time="0.0" rotation="0 0 0"/>
                    <keyFrame time="1.0" rotation="0 144 0"/>
                </part>
				
            </animation>
            <controls triggerNode="Door8_Trigger" posAction="ACTIVATE_HANDTOOL" posText="action_openGate" negText="action_closeGate" />
            <sounds>
                <moving linkNode="Door8_Trigger" template="woodBigDoorLoop" />
                <posEnd linkNode="Door8_Trigger" template="woodDoorOpen" />
                <negEnd linkNode="Door8_Trigger" template="woodDoorClose" />
            </sounds>
        </animatedObject>  

 	   <animatedObject saveId="Door9" >
            <animation duration="3.5">
                <part node="Door9_A">
                    <keyFrame time="0.0" rotation="0 0 0"/>
                    <keyFrame time="1.0" rotation="0 115.28 0"/>
                </part>
				
            </animation>
            <controls triggerNode="Door9_Trigger" posAction="ACTIVATE_HANDTOOL" posText="action_openGate" negText="action_closeGate" />
            <sounds>
                <moving linkNode="Door9_Trigger" template="woodBigDoorLoop" />
                <posEnd linkNode="Door9_Trigger" template="woodDoorOpen" />
                <negEnd linkNode="Door9_Trigger" template="woodDoorClose" />
            </sounds>
        </animatedObject>  		

 	   <animatedObject saveId="Door10" >
            <animation duration="3.5">
                <part node="Door10_A">
                    <keyFrame time="0.0" rotation="0 0 0"/>
                    <keyFrame time="1.0" rotation="0 115.28 0"/>
                </part>
				
            </animation>
            <controls triggerNode="Door10_Trigger" posAction="ACTIVATE_HANDTOOL" posText="action_openGate" negText="action_closeGate" />
            <sounds>
                <moving linkNode="Door10_Trigger" template="woodBigDoorLoop" />
                <posEnd linkNode="Door10_Trigger" template="woodDoorOpen" />
                <negEnd linkNode="Door10_Trigger" template="woodDoorClose" />
            </sounds>
        </animatedObject>  	

 	   <animatedObject saveId="Door11" >
            <animation duration="3.5">
                <part node="Door11_A">
                    <keyFrame time="0.0" rotation="0 0 0"/>
                    <keyFrame time="1.0" rotation="0 115.28 0"/>
                </part>
				
            </animation>
            <controls triggerNode="Door11_Trigger" posAction="ACTIVATE_HANDTOOL" posText="action_openGate" negText="action_closeGate" />
            <sounds>
                <moving linkNode="Door11_Trigger" template="woodBigDoorLoop" />
                <posEnd linkNode="Door11_Trigger" template="woodDoorOpen" />
                <negEnd linkNode="Door11_Trigger" template="woodDoorClose" />
            </sounds>
        </animatedObject> 

 	   <animatedObject saveId="Door12" >
            <animation duration="3.5">
                <part node="Door12_A">
                    <keyFrame time="0.0" rotation="0 0 0"/>
                    <keyFrame time="1.0" rotation="0 115.28 0"/>
                </part>
				
            </animation>
            <controls triggerNode="Door12_Trigger" posAction="ACTIVATE_HANDTOOL" posText="action_openGate" negText="action_closeGate" />
            <sounds>
                <moving linkNode="Door12_Trigger" template="woodBigDoorLoop" />
                <posEnd linkNode="Door12_Trigger" template="woodDoorOpen" />
                <negEnd linkNode="Door12_Trigger" template="woodDoorClose" />
            </sounds>
        </animatedObject>

 	   <animatedObject saveId="Door13" >
            <animation duration="3.5">
                <part node="Door13_A">
                    <keyFrame time="0.0" rotation="0 0 0"/>
                    <keyFrame time="1.0" rotation="0 -175.96 0"/>
                </part>
                <part node="Door13_B">
                    <keyFrame time="0.0" rotation="0 0 0"/>
                    <keyFrame time="1.0" rotation="0 175.96 0"/>
                </part>				
            </animation>
            <controls triggerNode="Door13_Trigger" posAction="ACTIVATE_HANDTOOL" posText="action_openGate" negText="action_closeGate" />
            <sounds>
                <moving linkNode="Door13_Trigger" template="woodBigDoorLoop" />
                <posEnd linkNode="Door13_Trigger" template="woodDoorOpen" />
                <negEnd linkNode="Door13_Trigger" template="woodDoorClose" />
            </sounds>
        </animatedObject> 
 

 	   <animatedObject saveId="Door14" >
            <animation duration="3.5">
                <part node="Door14_A">
                    <keyFrame time="0.0" translation="0 0 2.41"/>
                    <keyFrame time="1.0" translation="0 0 0"/>
                </part>
                <part node="Door14_B">
                    <keyFrame time="0.0" translation="6.886 -0.164 2.873"/>
                    <keyFrame time="1.0" translation="6.886 -0.164 0.609"/>
                </part>
                <part node="Door14_C">
                    <keyFrame time="0.0" translation="6.877 -0.172 -4.794"/>
                    <keyFrame time="1.0" translation="6.877 -0.172 -3.119"/>
                </part>
				
                <part node="Door14_D">
                    <keyFrame time="0.0" rotation="0 0 0"/>
                    <keyFrame time="1.0" rotation="0 -111.24 0"/>
                </part>				
                <part node="Door14_E">
                    <keyFrame time="0.0" rotation="0 0 0"/>
                    <keyFrame time="1.0" rotation="0 99.1 0"/>
                </part>	
                <part node="Door14_F">
                    <keyFrame time="0.0" rotation="0 0 0"/>
                    <keyFrame time="1.0" rotation="0 111.24 0"/>
                </part>	
                <part node="Door14_G">
                    <keyFrame time="0.0" rotation="0 0 0"/>
                    <keyFrame time="1.0" rotation="0 -99.1 0"/>
                </part>					
            </animation>
            <controls triggerNode="Door14_Trigger" posAction="ACTIVATE_HANDTOOL" posText="action_openGate" negText="action_closeGate" />
            <sounds>
                <moving linkNode="Door14_Trigger" template="slidingGateWoodLoop" />
                <posEnd linkNode="Door14_Trigger" template="woodDoorOpen" />
                <negEnd linkNode="Door14_Trigger" template="woodDoorClose" />
            </sounds>
        </animatedObject> 

 	   <animatedObject saveId="Door15" >
            <animation duration="3.5">
                <part node="Door15_A">
                    <keyFrame time="0.0" rotation="0 0 0"/>
                    <keyFrame time="1.0" rotation="0 -127.42 0"/>
                </part>
                <part node="Door15_B">
                    <keyFrame time="0.0" rotation="0 0 0"/>
                    <keyFrame time="1.0" rotation="0 119.33 0"/>
                </part>				
            </animation>
            <controls triggerNode="Door15_Trigger" posAction="ACTIVATE_HANDTOOL" posText="action_openGate" negText="action_closeGate" />
            <sounds>
                <moving linkNode="Door15_Trigger" template="woodBigDoorLoop" />
                <posEnd linkNode="Door15_Trigger" template="woodDoorOpen" />
                <negEnd linkNode="Door15_Trigger" template="woodDoorClose" />
            </sounds>
        </animatedObject> 

 	   <animatedObject saveId="Door16" >
            <animation duration="3.5">
                <part node="Door16_A">
                    <keyFrame time="0.0" rotation="0 0 0"/>
                    <keyFrame time="1.0" rotation="0 -107.19 0"/>
                </part>
                <part node="Door16_B">
                    <keyFrame time="0.0" rotation="0 0 0"/>
                    <keyFrame time="1.0" rotation="0 143.6 0"/>
                </part>				
            </animation>
            <controls triggerNode="Door16_Trigger" posAction="ACTIVATE_HANDTOOL" posText="action_openGate" negText="action_closeGate" />
            <sounds>
                <moving linkNode="Door16_Trigger" template="woodBigDoorLoop" />
                <posEnd linkNode="Door16_Trigger" template="woodDoorOpen" />
                <negEnd linkNode="Door16_Trigger" template="woodDoorClose" />
            </sounds>
        </animatedObject> 


 	   <animatedObject saveId="Door17" >
            <animation duration="3.5">
                <part node="Door17_A">
                    <keyFrame time="0.0" rotation="0 0 0"/>
                    <keyFrame time="1.0" rotation="0 99 0"/>
                </part>
                <part node="Door17_B">
                    <keyFrame time="0.0" rotation="0 0 0"/>
                    <keyFrame time="1.0" rotation="0 -99 0"/>
                </part>				
            </animation>
            <controls triggerNode="Door17_Trigger" posAction="ACTIVATE_HANDTOOL" posText="action_openGate" negText="action_closeGate" />
            <sounds>
                <moving linkNode="Door17_Trigger" template="woodBigDoorLoop" />
                <posEnd linkNode="Door17_Trigger" template="woodDoorOpen" />
                <negEnd linkNode="Door17_Trigger" template="woodDoorClose" />
            </sounds>
        </animatedObject> 

 	   <animatedObject saveId="Door18" >
            <animation duration="3.5">
                <part node="Door18_A">
                    <keyFrame time="0.0" rotation="0 0 0"/>
                    <keyFrame time="1.0" rotation="0 147.64 0"/>
                </part>
		
            </animation>
            <controls triggerNode="Door18_Trigger" posAction="ACTIVATE_HANDTOOL" posText="action_openGate" negText="action_closeGate" />
            <sounds>
                <moving linkNode="Door18_Trigger" template="woodBigDoorLoop" />
                <posEnd linkNode="Door18_Trigger" template="woodDoorOpen" />
                <negEnd linkNode="Door18_Trigger" template="woodDoorClose" />
            </sounds>
        </animatedObject> 

 	   <animatedObject saveId="Door19" >
            <animation duration="3.5">
                <part node="Door19_A">
                    <keyFrame time="0.0" rotation="0 0 0"/>
                    <keyFrame time="1.0" rotation="0 94 0"/>
                </part>
		
            </animation>
            <controls triggerNode="Door19_Trigger" posAction="ACTIVATE_HANDTOOL" posText="action_openGate" negText="action_closeGate" />
            <sounds>
                <moving linkNode="Door19_Trigger" template="woodBigDoorLoop" />
                <posEnd linkNode="Door19_Trigger" template="woodDoorOpen" />
                <negEnd linkNode="Door19_Trigger" template="woodDoorClose" />
            </sounds>
        </animatedObject> 		

 	   <animatedObject saveId="Door20" >
            <animation duration="3.5">
                <part node="Door20_A">
                    <keyFrame time="0.0" rotation="0 0 0"/>
                    <keyFrame time="1.0" rotation="0 -95.06 0"/>
                </part>
		
            </animation>
            <controls triggerNode="Door20_Trigger" posAction="ACTIVATE_HANDTOOL" posText="action_openGate" negText="action_closeGate" />
            <sounds>
                <moving linkNode="Door20_Trigger" template="woodBigDoorLoop" />
                <posEnd linkNode="Door20_Trigger" template="woodDoorOpen" />
                <negEnd linkNode="Door20_Trigger" template="woodDoorClose" />
            </sounds>
        </animatedObject> 
		
 	   <animatedObject saveId="Door21" >
            <animation duration="2.5">
                <part node="Door21_A">
                    <keyFrame time="0.0" translation="0 0 0"/>
                    <keyFrame time="1.0" translation="4.666 0 0"/>
                </part>
		
            </animation>
            <controls triggerNode="Door21_Trigger" posAction="ACTIVATE_HANDTOOL" posText="action_openGate" negText="action_closeGate" />
            <sounds>
                <moving linkNode="Door21_Trigger" template="slidingGateWoodLoop" />
                <posEnd linkNode="Door21_Trigger" template="woodDoorOpen" />
                <negEnd linkNode="Door21_Trigger" template="woodDoorClose" />
            </sounds>
        </animatedObject> 		
		
		<!-- DOOR END ANIMATION                                                          DOOR END ANIMATION-->	
		<!-- **********************************************************************************************-->	

					
				<!-- LICHT STALL -->	
				   <animatedObject saveId="TLS_A" >
						<animation duration="0.5">
							<part node="TLS_A_1_A">
								<keyFrame time="0.0" visibility="false"/>
								<keyFrame time="1.0" visibility="true"/>
							</part>
					
						</animation>
						<controls triggerNode="Trigger_TLS_A_1" posAction="ACTIVATE_HANDTOOL" posText="action_turnOnLight" negText="action_turnOffLight" />
						<sounds>
							<moving file="$data/sounds/player/flashlight/flashlight.wav" linkNode="0"  pitchOffset="1.00" volume="0.40" indoorVolumeFactor="0.55" indoorLowpassGain="0.85" pitchMax="1.15" />
						</sounds>
					</animatedObject> 				

				   <animatedObject saveId="TLS_B" >
						<animation duration="0.5">
							<part node="TLS_B_1_A">
								<keyFrame time="0.0" visibility="false"/>
								<keyFrame time="1.0" visibility="true"/>
							</part>
					
						</animation>
						<controls triggerNode="Trigger_TLS_B_1" posAction="ACTIVATE_HANDTOOL" posText="action_turnOnLight" negText="action_turnOffLight" />
						<sounds>
							<moving file="$data/sounds/player/flashlight/flashlight.wav" linkNode="0"  pitchOffset="1.00" volume="0.40" indoorVolumeFactor="0.55" indoorLowpassGain="0.85" pitchMax="1.15" />
						</sounds>
					</animatedObject> 					

				   <animatedObject saveId="TLS_C" >
						<animation duration="0.5">
							<part node="TLS_C_1_A">
								<keyFrame time="0.0" visibility="false"/>
								<keyFrame time="1.0" visibility="true"/>
							</part>
					
						</animation>
						<controls triggerNode="Trigger_TLS_C_1" posAction="ACTIVATE_HANDTOOL" posText="action_turnOnLight" negText="action_turnOffLight" />
						<sounds>
							<moving file="$data/sounds/player/flashlight/flashlight.wav" linkNode="0"  pitchOffset="1.00" volume="0.40" indoorVolumeFactor="0.55" indoorLowpassGain="0.85" pitchMax="1.15" />
						</sounds>
					</animatedObject> 

				   <animatedObject saveId="TLS_D" >
						<animation duration="0.5">
							<part node="TLS_D_1_A">
								<keyFrame time="0.0" visibility="false"/>
								<keyFrame time="1.0" visibility="true"/>
							</part>
					
						</animation>
						<controls triggerNode="Trigger_TLS_D_1" posAction="ACTIVATE_HANDTOOL" posText="action_turnOnLight" negText="action_turnOffLight" />
						<sounds>
							<moving file="$data/sounds/player/flashlight/flashlight.wav" linkNode="0"  pitchOffset="1.00" volume="0.40" indoorVolumeFactor="0.55" indoorLowpassGain="0.85" pitchMax="1.15" />
						</sounds>
					</animatedObject>
			
			<!-- LICHT SILO -->	

				   <animatedObject saveId="TLS_E" >
						<animation duration="0.5">
							<part node="TLS_E_1_A">
								<keyFrame time="0.0" visibility="false"/>
								<keyFrame time="1.0" visibility="true"/>
							</part>
					
						</animation>
						<controls triggerNode="Trigger_TLS_E_1" posAction="ACTIVATE_HANDTOOL" posText="action_turnOnLight" negText="action_turnOffLight" />
						<sounds>
							<moving file="$data/sounds/player/flashlight/flashlight.wav" linkNode="0"  pitchOffset="1.00" volume="0.40" indoorVolumeFactor="0.55" indoorLowpassGain="0.85" pitchMax="1.15" />
						</sounds>
					</animatedObject>					

				   <animatedObject saveId="TLS_F" >
						<animation duration="0.5">
							<part node="TLS_F_1_A">
								<keyFrame time="0.0" visibility="false"/>
								<keyFrame time="1.0" visibility="true"/>
							</part>
					
						</animation>
						<controls triggerNode="Trigger_TLS_F_1" posAction="ACTIVATE_HANDTOOL" posText="action_turnOnLight" negText="action_turnOffLight" />
						<sounds>
							<moving file="$data/sounds/player/flashlight/flashlight.wav" linkNode="0"  pitchOffset="1.00" volume="0.40" indoorVolumeFactor="0.55" indoorLowpassGain="0.85" pitchMax="1.15" />
						</sounds>
					</animatedObject>	

				   <animatedObject saveId="TLS_G" >
						<animation duration="0.5">
							<part node="TLS_G_1_A">
								<keyFrame time="0.0" visibility="false"/>
								<keyFrame time="1.0" visibility="true"/>
							</part>
					
						</animation>
						<controls triggerNode="Trigger_TLS_G_1" posAction="ACTIVATE_HANDTOOL" posText="action_turnOnLight" negText="action_turnOffLight" />
						<sounds>
							<moving file="$data/sounds/player/flashlight/flashlight.wav" linkNode="0"  pitchOffset="1.00" volume="0.40" indoorVolumeFactor="0.55" indoorLowpassGain="0.85" pitchMax="1.15" />
						</sounds>
					</animatedObject>	

				   <animatedObject saveId="TLS_H" >
						<animation duration="0.5">
							<part node="TLS_H_1_A">
								<keyFrame time="0.0" visibility="false"/>
								<keyFrame time="1.0" visibility="true"/>
							</part>
					
						</animation>
						<controls triggerNode="Trigger_TLS_H_1" posAction="ACTIVATE_HANDTOOL" posText="action_turnOnLight" negText="action_turnOffLight" />
						<sounds>
							<moving file="$data/sounds/player/flashlight/flashlight.wav" linkNode="0"  pitchOffset="1.00" volume="0.40" indoorVolumeFactor="0.55" indoorLowpassGain="0.85" pitchMax="1.15" />
						</sounds>
					</animatedObject>					

				   <animatedObject saveId="TLS_I" >
						<animation duration="0.5">
							<part node="TLS_I_1_A">
								<keyFrame time="0.0" visibility="false"/>
								<keyFrame time="1.0" visibility="true"/>
							</part>
					
						</animation>
						<controls triggerNode="Trigger_TLS_I_1" posAction="ACTIVATE_HANDTOOL" posText="action_turnOnLight" negText="action_turnOffLight" />
						<sounds>
							<moving file="$data/sounds/player/flashlight/flashlight.wav" linkNode="0"  pitchOffset="1.00" volume="0.40" indoorVolumeFactor="0.55" indoorLowpassGain="0.85" pitchMax="1.15" />
						</sounds>
					</animatedObject>	

				   <animatedObject saveId="TLS_J" >
						<animation duration="0.5">
							<part node="TLS_J_1_A">
								<keyFrame time="0.0" visibility="false"/>
								<keyFrame time="1.0" visibility="true"/>
							</part>
					
						</animation>
						<controls triggerNode="Trigger_TLS_J_1" posAction="ACTIVATE_HANDTOOL" posText="action_turnOnLight" negText="action_turnOffLight" />
						<sounds>
							<moving file="$data/sounds/player/flashlight/flashlight.wav" linkNode="0"  pitchOffset="1.00" volume="0.40" indoorVolumeFactor="0.55" indoorLowpassGain="0.85" pitchMax="1.15" />
						</sounds>
					</animatedObject>	

				   <animatedObject saveId="TLS_K" >
						<animation duration="0.5">
							<part node="TLS_K_1_A">
								<keyFrame time="0.0" visibility="false"/>
								<keyFrame time="1.0" visibility="true"/>
							</part>
					
						</animation>
						<controls triggerNode="Trigger_TLS_K_1" posAction="ACTIVATE_HANDTOOL" posText="action_turnOnLight" negText="action_turnOffLight" />
						<sounds>
							<moving file="$data/sounds/player/flashlight/flashlight.wav" linkNode="0"  pitchOffset="1.00" volume="0.40" indoorVolumeFactor="0.55" indoorLowpassGain="0.85" pitchMax="1.15" />
						</sounds>
					</animatedObject>	

				   <animatedObject saveId="TLS_L" >
						<animation duration="0.5">
							<part node="TLS_L_1_A">
								<keyFrame time="0.0" visibility="false"/>
								<keyFrame time="1.0" visibility="true"/>
							</part>
					
						</animation>
						<controls triggerNode="Trigger_TLS_L_1" posAction="ACTIVATE_HANDTOOL" posText="action_turnOnLight" negText="action_turnOffLight" />
						<sounds>
							<moving file="$data/sounds/player/flashlight/flashlight.wav" linkNode="0"  pitchOffset="1.00" volume="0.40" indoorVolumeFactor="0.55" indoorLowpassGain="0.85" pitchMax="1.15" />
						</sounds>
					</animatedObject>	

				   <animatedObject saveId="TLS_M" >
						<animation duration="0.5">
							<part node="TLS_M_1_A">
								<keyFrame time="0.0" visibility="false"/>
								<keyFrame time="1.0" visibility="true"/>
							</part>
					
						</animation>
						<controls triggerNode="Trigger_TLS_M_1" posAction="ACTIVATE_HANDTOOL" posText="action_turnOnLight" negText="action_turnOffLight" />
						<sounds>
							<moving file="$data/sounds/player/flashlight/flashlight.wav" linkNode="0"  pitchOffset="1.00" volume="0.40" indoorVolumeFactor="0.55" indoorLowpassGain="0.85" pitchMax="1.15" />
						</sounds>
					</animatedObject>	

				   <animatedObject saveId="TLS_N" >
						<animation duration="0.5">
							<part node="TLS_N_1_A">
								<keyFrame time="0.0" visibility="false"/>
								<keyFrame time="1.0" visibility="true"/>
							</part>
					
						</animation>
						<controls triggerNode="Trigger_TLS_N_1" posAction="ACTIVATE_HANDTOOL" posText="action_turnOnLight" negText="action_turnOffLight" />
						<sounds>
							<moving file="$data/sounds/player/flashlight/flashlight.wav" linkNode="0"  pitchOffset="1.00" volume="0.40" indoorVolumeFactor="0.55" indoorLowpassGain="0.85" pitchMax="1.15" />
						</sounds>
					</animatedObject>	

				   <animatedObject saveId="TLS_O" >
						<animation duration="0.5">
							<part node="TLS_O_1_A">
								<keyFrame time="0.0" visibility="false"/>
								<keyFrame time="1.0" visibility="true"/>
							</part>
					
						</animation>
						<controls triggerNode="Trigger_TLS_O_1" posAction="ACTIVATE_HANDTOOL" posText="action_turnOnLight" negText="action_turnOffLight" />
						<sounds>
							<moving file="$data/sounds/player/flashlight/flashlight.wav" linkNode="0"  pitchOffset="1.00" volume="0.40" indoorVolumeFactor="0.55" indoorLowpassGain="0.85" pitchMax="1.15" />
						</sounds>
					</animatedObject>	

					
					
    </animatedObjects>
	<!-- END ANIMATION -->	
	<!-- **********************************************************************************************-->	
	



    <hotspots>
        <hotspot type="UNLOADING" linkNode="mapPosition" />
    </hotspots>



    <infoTrigger triggerNode="infoTrigger" />

	<!-- COWS -->	
	<!--************************************************************ -->
    <husbandry saveId="Animals_COW" hasStatistics="false">
        <storage node="storage" fillTypes="LIQUIDMANURE MILK STRAW MANURE" isExtension="false">
            <capacity fillType="LIQUIDMANURE" capacity="56250" />
            <capacity fillType="MILK" capacity="33750" />
            <capacity fillType="STRAW" capacity="21375" />
            <capacity fillType="MANURE" capacity="0" />
        </storage>

         <unloadingStation supportsExtension="true" storageRadius="70" hideFromPricesMenu="true">
            <unloadTrigger exactFillRootNode="exactFillRootNodeStraw" fillTypes="STRAW"   >
                <baleTrigger triggerNode="baleTriggerStraw"/>
            </unloadTrigger>
            <unloadTrigger fillTypes="MANURE MILK LIQUIDMANURE" />
        </unloadingStation>
		

        <loadingStation supportsExtension="true" storageRadius="70">
            <loadTrigger triggerNode="liquidManureTrigger" fillTypes="LIQUIDMANURE" fillLitersPerSecond="2000" aiNode="aiLoadingNodeLiquidManure" />
            <loadTrigger triggerNode="milkTrigger" fillTypes="MILK" fillLitersPerSecond="2000" aiNode="aiLoadingNodeMilk"/>
        </loadingStation>

		    <animals type="COW" maxNumAnimals="80" maxNumVisualAnimals="25" >
				<navigation rootNode="navigationRootNode" filename="FARM_STALL_NAVI_MESH.i3d" />
				<loadingTrigger node="loadingTrigger" />

			</animals>

         <food capacity="33750" >
            <foodPlaces>
                <foodPlace node="foodPlace1" />
                <foodPlace node="foodPlace2" />
                <foodPlace node="foodPlace3" />
            </foodPlaces>
            <dynamicFoodPlane node="fillVolumeFood" defaultFillType="forage"/>
            <feedingTrough exactFillRootNode="exactFillRootNodeFood">
                <baleTrigger triggerNode="baleTrigger"/>
            </feedingTrough>
        </food>   
		
        <liquidManure />

        <milk>
            <milkingRobots>
                <milkingRobot linkNode="milkingRobot1" class="MilkingRobot" filename="$data/placeables/lely/astronautA5/astronautA5.xml" />
                <milkingRobot linkNode="milkingRobot2" class="MilkingRobot" filename="$data/placeables/lely/astronautA5/astronautA5.xml" />				
            </milkingRobots>
        </milk>

        <water automaticWaterSupply="true" />

        <straw>
            <manure factor="1.5" />
            <strawPlane node="strawPlane" minY="-0.672" maxY="-0.048" colorChange="false" />
        </straw>

        <fences>

        </fences>

    </husbandry>
	
	



	<!-- SILO -->	
	<!--************************************************************ -->
    <silo>
        <loadingStation node="SiloloadingTrigger" supportsExtension="true" storageRadius="5">
            <loadTrigger triggerNode="SiloloadingTrigger" fillLitersPerSecond="2000" dischargeNode="dischargeNode" fillTypes="chaff silage grass_windrow straw dryGrass_windrow pigFood forage" aiNode="aiLoadingNode">
                <effectNode effectClass="PipeEffect" effectNode="pipeEffect"      materialType="pipe"           fadeTime="0.5" maxBending="0" controlPoint="4.8 0 0 0"/>
                <effectNode                          effectNode="pipeEffectSmoke" materialType="unloadingSmoke" fadeTime="0.5" />
            </loadTrigger>
        </loadingStation>

        <unloadingStation supportsExtension="true" storageRadius="5">
            <unloadTrigger exactFillRootNode="exactFillRootNode" fillTypes="chaff silage grass_windrow straw dryGrass_windrow pigFood forage" aiNode="aiUnloadingNode"/>
        </unloadingStation>

        <storages>
            <storage node="storage_Silo" fillTypes="chaff silage grass_windrow straw dryGrass_windrow pigFood forage" capacity="500000" isExtension="false"/>
        </storages>
    </silo>
	


	
    <i3dMappings>
		<!--Cows -->
		<!--************************************************ -->	
        <i3dMapping id="teleportNode" node="0>0" />
        <i3dMapping id="fillVolumeFood" node="0>1|0" />
        <i3dMapping id="exactFillRootNodeFood" node="0>1|1" />
        <i3dMapping id="foodPlace1" node="0>1|2|0" />
        <i3dMapping id="foodPlace2" node="0>1|2|1" />
        <i3dMapping id="foodPlace3" node="0>1|2|2" />

        <i3dMapping id="baleTrigger" node="0>1|3" />
        <i3dMapping id="baleTriggerStraw" node="0>4|2" />  
		
        <i3dMapping id="Lights_Lampen" node="0>27" />  		
        <i3dMapping id="Addons" node="0>28" /> 
		
		<i3dMapping id="storage" node="0>3" />
        <i3dMapping id="strawPlane" node="0>4|0" />
        <i3dMapping id="exactFillRootNodeStraw" node="0>4|1" />
        <i3dMapping id="milkTrigger" node="0>5|0" />
        <i3dMapping id="milkingRobot1" node="0>5|1" />
        <i3dMapping id="milkingRobot2" node="0>5|4" />
		
        <i3dMapping id="aiLoadingNodeMilk" node="0>5|2" />
		
        <i3dMapping id="milkContainer" node="0>5|3" />
        <i3dMapping id="liquidManureTank" node="0>6" />
        <i3dMapping id="liquidManureTrigger" node="0>6|0" />
        <i3dMapping id="aiLoadingNodeLiquidManure" node="0>6|1" />
		
		<!--Door -->
		<!--************************************************ -->
        <i3dMapping id="Door1_Trigger" node="0>2|0|0" />		
        <i3dMapping id="Door1_A" node="0>2|0|1" />
        <i3dMapping id="Door1_B" node="0>2|0|2" />			
 
        <i3dMapping id="Door2_Trigger" node="0>2|1|0" />		
        <i3dMapping id="Door2_A" node="0>2|1|1" />

        <i3dMapping id="Door3_Trigger" node="0>2|2|0" />		
        <i3dMapping id="Door3_A" node="0>2|2|1" />	

        <i3dMapping id="Door4_Trigger" node="0>2|3|0" />		
        <i3dMapping id="Door4_A" node="0>2|3|1" />

        <i3dMapping id="Door5_Trigger" node="0>2|4|0" />		
        <i3dMapping id="Door5_A" node="0>2|4|1" />
        <i3dMapping id="Door5_B" node="0>2|4|2" />	

        <i3dMapping id="Door6_Trigger" node="0>2|5|0" />		
        <i3dMapping id="Door6_A" node="0>2|5|1" />

        <i3dMapping id="Door7_Trigger" node="0>2|6|0" />		
        <i3dMapping id="Door7_A" node="0>2|6|1" />
		
        <i3dMapping id="Door8_Trigger" node="0>2|7|0" />		
        <i3dMapping id="Door8_A" node="0>2|7|1" />

        <i3dMapping id="Door9_Trigger" node="0>2|8|0" />		
        <i3dMapping id="Door9_A" node="0>2|8|1" />		

        <i3dMapping id="Door10_Trigger" node="0>2|9|0" />		
        <i3dMapping id="Door10_A" node="0>2|9|1" />	

        <i3dMapping id="Door11_Trigger" node="0>2|10|0" />		
        <i3dMapping id="Door11_A" node="0>2|10|1" />	

        <i3dMapping id="Door12_Trigger" node="0>2|11|0" />		
        <i3dMapping id="Door12_A" node="0>2|11|1" />

        <i3dMapping id="Door13_Trigger" node="0>2|12|0" />		
        <i3dMapping id="Door13_A" node="0>2|12|1" />
        <i3dMapping id="Door13_B" node="0>2|12|2" />

        <i3dMapping id="Door14_Trigger" node="0>2|13|0" />		
        <i3dMapping id="Door14_A" node="0>2|13|1" />
        <i3dMapping id="Door14_B" node="0>2|13|2" />
        <i3dMapping id="Door14_C" node="0>2|13|3" />
        <i3dMapping id="Door14_D" node="0>2|13|4" />
        <i3dMapping id="Door14_E" node="0>2|13|5" />
        <i3dMapping id="Door14_F" node="0>2|13|6" />
        <i3dMapping id="Door14_G" node="0>2|13|7" />
		
        <i3dMapping id="Door15_Trigger" node="0>2|14|0" />		
        <i3dMapping id="Door15_A" node="0>2|14|1" />
        <i3dMapping id="Door15_B" node="0>2|14|2" />

        <i3dMapping id="Door16_Trigger" node="0>2|15|0" />		
        <i3dMapping id="Door16_A" node="0>2|15|1" />
        <i3dMapping id="Door16_B" node="0>2|15|2" />	

        <i3dMapping id="Door17_Trigger" node="0>2|16|0" />		
        <i3dMapping id="Door17_A" node="0>2|16|1" />
        <i3dMapping id="Door17_B" node="0>2|16|2" />	

        <i3dMapping id="Door18_Trigger" node="0>2|17|0" />		
        <i3dMapping id="Door18_A" node="0>2|17|1" />

        <i3dMapping id="Door19_Trigger" node="0>2|18|0" />		
        <i3dMapping id="Door19_A" node="0>2|18|1" />	

        <i3dMapping id="Door20_Trigger" node="0>2|19|0" />		
        <i3dMapping id="Door20_A" node="0>2|19|1" />

        <i3dMapping id="Door21_Trigger" node="0>2|20|0" />		
        <i3dMapping id="Door21_A" node="0>2|20|1" />		

<!-- LICHT STALL -->
		<i3dMapping id="Trigger_TLS_A_1" node="0>26|0|0" />		
        <i3dMapping id="TLS_A_1_A" node="0>26|1" />
		
		<i3dMapping id="Trigger_TLS_B_1" node="0>26|0|1" />		
        <i3dMapping id="TLS_B_1_A" node="0>26|1" />

		<i3dMapping id="Trigger_TLS_C_1" node="0>26|0|2" />		
        <i3dMapping id="TLS_C_1_A" node="0>26|1" />

		<i3dMapping id="Trigger_TLS_D_1" node="0>26|0|3" />		
        <i3dMapping id="TLS_D_1_A" node="0>26|1" />
		
<!-- LICHT SILO-->
		<i3dMapping id="Trigger_TLS_E_1" node="0>26|0|4" />		
        <i3dMapping id="TLS_E_1_A" node="0>26|2" />

		<i3dMapping id="Trigger_TLS_F_1" node="0>26|0|5" />		
        <i3dMapping id="TLS_F_1_A" node="0>26|2" />	

		<i3dMapping id="Trigger_TLS_G_1" node="0>26|0|6" />		
        <i3dMapping id="TLS_G_1_A" node="0>26|3" />	

		<i3dMapping id="Trigger_TLS_H_1" node="0>26|0|7" />		
        <i3dMapping id="TLS_H_1_A" node="0>26|3" />			
				
		<i3dMapping id="Trigger_TLS_I_1" node="0>26|0|8" />		
        <i3dMapping id="TLS_I_1_A" node="0>26|4" />				

		<i3dMapping id="Trigger_TLS_J_1" node="0>26|0|9" />		
        <i3dMapping id="TLS_J_1_A" node="0>26|4" />						

		<i3dMapping id="Trigger_TLS_K_1" node="0>26|0|10" />		
        <i3dMapping id="TLS_K_1_A" node="0>26|4" />					

		<i3dMapping id="Trigger_TLS_L_1" node="0>26|0|11" />		
        <i3dMapping id="TLS_L_1_A" node="0>26|4" />					

		<i3dMapping id="Trigger_TLS_M_1" node="0>26|0|12" />		
        <i3dMapping id="TLS_M_1_A" node="0>26|4" />			

		<i3dMapping id="Trigger_TLS_N_1" node="0>26|0|13" />		
        <i3dMapping id="TLS_N_1_A" node="0>26|4" />	

		<i3dMapping id="Trigger_TLS_O_1" node="0>26|0|14" />		
        <i3dMapping id="TLS_O_1_A" node="0>26|4" />			
				
       		
		
				<!--Light -->
		


        <i3dMapping id="lightSwitch" node="0>7|2" />
        <i3dMapping id="waterPlace1" node="0>8|0" />
        <i3dMapping id="navigationRootNode" node="0>9" />
        <i3dMapping id="markerMilk" node="0>10|0" />
        <i3dMapping id="markerAnimals" node="0>10|1" />
        <i3dMapping id="markerLiquidManure" node="0>10|2" />
        <i3dMapping id="markerFood" node="0>10|3" />
 
        <i3dMapping id="infoTrigger" node="0>12" />
        <i3dMapping id="loadingTrigger" node="0>13" />
        
		<i3dMapping id="clearArea1Start" node="0>14|0" />
        <i3dMapping id="clearArea1Width" node="0>14|0|0" />
        <i3dMapping id="clearArea1Height" node="0>14|0|1" />

		<i3dMapping id="clearArea2Start" node="0>14|1" />
        <i3dMapping id="clearArea2Width" node="0>14|1|0" />
        <i3dMapping id="clearArea2Height" node="0>14|1|1" />
		
		<i3dMapping id="clearArea3Start" node="0>14|2" />
        <i3dMapping id="clearArea3Width" node="0>14|2|0" />
        <i3dMapping id="clearArea3Height" node="0>14|2|1" />

		<i3dMapping id="clearArea4Start" node="0>14|3" />
        <i3dMapping id="clearArea4Width" node="0>14|3|0" />
        <i3dMapping id="clearArea4Height" node="0>14|3|1" />
		
		<i3dMapping id="clearArea5Start" node="0>14|4" />
        <i3dMapping id="clearArea5Width" node="0>14|4|0" />
        <i3dMapping id="clearArea5Height" node="0>14|4|1" />

		<i3dMapping id="clearArea6Start" node="0>14|5" />
        <i3dMapping id="clearArea6Width" node="0>14|5|0" />
        <i3dMapping id="clearArea6Height" node="0>14|5|1" />

		<i3dMapping id="clearArea7Start" node="0>14|6" />
        <i3dMapping id="clearArea7Width" node="0>14|6|0" />
        <i3dMapping id="clearArea7Height" node="0>14|6|1" />

		<i3dMapping id="clearArea8Start" node="0>14|7" />
        <i3dMapping id="clearArea8Width" node="0>14|7|0" />
        <i3dMapping id="clearArea8Height" node="0>14|7|1" />		
		
        <i3dMapping id="levelArea1Start" node="0>15|0" />
        <i3dMapping id="levelArea1Width" node="0>15|0|0" />
        <i3dMapping id="levelArea1Height" node="0>15|0|1" />

        <i3dMapping id="levelArea2Start" node="0>15|3" />
        <i3dMapping id="levelArea2Width" node="0>15|3|0" />
        <i3dMapping id="levelArea2Height" node="0>15|3|1" />



        <i3dMapping id="paintArea1Start" node="0>15|1" />
        <i3dMapping id="paintArea1Width" node="0>15|1|0" />
        <i3dMapping id="paintArea1Height" node="0>15|1|1" />

        <i3dMapping id="paintArea2Start" node="0>15|2" />
        <i3dMapping id="paintArea2Width" node="0>15|2|0" />
        <i3dMapping id="paintArea2Height" node="0>15|2|1" />

        <i3dMapping id="paintArea3Start" node="0>15|4" />
        <i3dMapping id="paintArea3Width" node="0>15|4|0" />
        <i3dMapping id="paintArea3Height" node="0>15|4|1" />

        <i3dMapping id="paintArea4Start" node="0>15|5" />
        <i3dMapping id="paintArea4Width" node="0>15|5|0" />
        <i3dMapping id="paintArea4Height" node="0>15|5|1" />	

        <i3dMapping id="paintArea5Start" node="0>15|6" />
        <i3dMapping id="paintArea5Width" node="0>15|6|0" />
        <i3dMapping id="paintArea5Height" node="0>15|6|1" />	
		
		
        <i3dMapping id="indoorArea1Start" node="0>17|0" />
        <i3dMapping id="indoorArea1Width" node="0>17|0|0" />
        <i3dMapping id="indoorArea1Height" node="0>17|0|1" />

        <i3dMapping id="indoorArea2Start" node="0>17|1" />
        <i3dMapping id="indoorArea2Width" node="0>17|1|0" />
        <i3dMapping id="indoorArea2Height" node="0>17|1|1" />


		
        <i3dMapping id="testArea1Start" node="0>18|0" />
        <i3dMapping id="testArea1End" node="0>18|0|0" />
	
        <i3dMapping id="tipOcclusionUpdateArea1Start" node="0>19|0" />
        <i3dMapping id="tipOcclusionUpdateArea1End" node="0>19|0|0" />

		<!-- Silo -->

        <i3dMapping id="mapPosition" node="0>25|0" />
        <i3dMapping id="storage_Silo" node="0>25|1" />
        <i3dMapping id="SiloloadingTrigger" node="0>25|2|0|0" />
        <i3dMapping id="dischargeNode" node="0>25|2|0|1" />
        <i3dMapping id="pipeEffect" node="0>25|2|0|2|0" />
        <i3dMapping id="pipeEffectSmoke" node="0>25|2|0|2|1" />
        <i3dMapping id="aiLoadingNode" node="0>25|2|0|3" />
		
        <i3dMapping id="aiLoadingSpline" node="0>25|7" />

		
        <i3dMapping id="exactFillRootNode" node="0>25|3|0" />
        <i3dMapping id="aiUnloadingNode" node="0>25|3|2" />
        <!--<i3dMapping id="infoTrigger" node="0>25|4" /> -->

        <i3dMapping id="Silo_markerLoading" node="0>25|6" />
        <i3dMapping id="Silo_markerUnloading" node="0>25|5" />


	

    </i3dMappings>
</placeable>
