<?xml version="1.0" encoding="utf-8" standalone="no" ?>
<placeable type="silo" xmlns:xsi="http://www.w3.org/2001/XMLSchema-instance" xsi:noNamespaceSchemaLocation="../../../../shared/xml/schema/placeable.xsd">
    <storeData>
        <name>$l10n_shopItem_FARM_SILO</name>
        <functions>
            <function>$l10n_function_farmSilo</function>
        </functions>
        <image>store_textures/store_FARM_SILO.png</image>
        <price>15000</price>
        <dailyUpkeep>50</dailyUpkeep>
        <lifetime>1000</lifetime>
        <rotation>0</rotation>
        <brand>None</brand>
        <species>placeable</species>
        <category>silos</category>
        <brush>
            <type>placeable</type>
            <category>buildings</category>
            <tab>silos</tab>
        </brush>

        <vertexBufferMemoryUsage>1043712</vertexBufferMemoryUsage>
        <indexBufferMemoryUsage>116736</indexBufferMemoryUsage>
        <textureMemoryUsage>8454144</textureMemoryUsage>
        <audioMemoryUsage>0</audioMemoryUsage>
        <instanceVertexBufferMemoryUsage>0</instanceVertexBufferMemoryUsage>
        <instanceIndexBufferMemoryUsage>0</instanceIndexBufferMemoryUsage>
    </storeData>

    <base>
        <filename>FARM_SILO.i3d</filename>
		<boughtWithFarmland>true</boughtWithFarmland>		
        <canBeRenamed>true</canBeRenamed>		
    </base>

    <placement useRandomYRotation="false" useManualYRotation="true" >
        <testAreas>
            <testArea startNode="testArea1Start" endNode="testArea1End" />
        </testAreas>
		<sounds>
            <place template="medImp" />
        </sounds>
    </placement>

    <clearAreas>
        <clearArea startNode="clearArea1Start" widthNode="clearArea1Width" heightNode="clearArea1Height"/>
    </clearAreas>

    <leveling requireLeveling="true" maxSmoothDistance="1" maxSlope="75" maxEdgeAngle="30">
        <levelAreas>
            <levelArea startNode="levelArea1Start" widthNode="levelArea1Width" heightNode="levelArea1Height" groundType="grass"/>
            <levelArea startNode="levelArea2Start" widthNode="levelArea2Width" heightNode="levelArea2Height" groundType="asphalt"/>
        </levelAreas>
    </leveling>

	<indoorAreas>
        <indoorArea startNode="indoorArea1Start" widthNode="indoorArea1Width" heightNode="indoorArea1Height"/>
    </indoorAreas>

    <tipOcclusionUpdateAreas>
        <tipOcclusionUpdateArea startNode="tipOcclusionUpdateArea1Start" endNode="tipOcclusionUpdateArea1End" />
    </tipOcclusionUpdateAreas>

    <ai>
        <updateAreas>
            <updateArea startNode="tipOcclusionUpdateArea1Start" endNode="tipOcclusionUpdateArea1End" />
        </updateAreas>
        <splines>
            <spline node="aiLoadingSpline"   maxWidth="4.2"/>
        </splines>
    </ai>


	<!--ANIMATION -->
		<!--************************************************ -->
  <animatedObjects>
       
				   <animatedObject saveId="Flutlicht_1" >
						<animation duration="0.5">
							<part node="Flutlicht_1_A">
								<keyFrame time="0.0" visibility="false"/>
								<keyFrame time="1.0" visibility="true"/>
							</part>
					
						</animation>
						<controls triggerNode="Flutlicht_1_A_Trigger" posAction="ACTIVATE_HANDTOOL" posText="action_turnOnLight" negText="action_turnOffLight" />
						<sounds>
							<moving file="$data/sounds/player/flashlight/flashlight.wav" linkNode="0"  pitchOffset="1.00" volume="0.40" indoorVolumeFactor="0.55" indoorLowpassGain="0.85" pitchMax="1.15" />
						</sounds>
					</animatedObject>	
		
		
		
		
		<!--************************************************ -->		
   </animatedObjects>





    <infoTrigger triggerNode="infoTrigger"/>


    <silo>
        <loadingStation node="loadingTrigger" supportsExtension="true" storageRadius="50">
            <loadTrigger triggerNode="loadingTrigger" fillLitersPerSecond="2000" dischargeNode="dischargeNode" fillTypeCategories="bulk" aiNode="aiLoadingNode">
                <effectNode effectClass="PipeEffect" effectNode="pipeEffect"      materialType="pipe"           fadeTime="0.5" maxBending="0" controlPoint="4.8 0 0 0"/>
                <effectNode                          effectNode="pipeEffectSmoke" materialType="unloadingSmoke" fadeTime="0.5" />
            </loadTrigger>
        </loadingStation>

        <unloadingStation supportsExtension="true" storageRadius="50">
            <unloadTrigger exactFillRootNode="exactFillRootNode" fillTypeCategories="bulk" aiNode="aiUnloadingNode"/>
        </unloadingStation>

        <storages>
            <storage node="storage" fillTypeCategories="bulk" capacity="2000000" isExtension="false"/>
        </storages>
    </silo>

    <hotspots>
        <hotspot type="UNLOADING" linkNode="mapPosition"  teleportNode="markerLoading"/>
    </hotspots>

    <triggerMarkers>
        <triggerMarker node="markerLoading" filename="$data/shared/assets/marker/markerIcons.xml" id="LOAD" />
        <triggerMarker node="markerUnloading" filename="$data/shared/assets/marker/markerIcons.xml" id="UNLOAD" />
    </triggerMarkers>

    <i3dMappings>
        <i3dMapping id="mapPosition" node="0>0|0" />
        <i3dMapping id="storage" node="0>0|1" />
        <i3dMapping id="loadingTrigger" node="0>0|2|0|0" />
        <i3dMapping id="dischargeNode" node="0>0|2|0|1" />
        <i3dMapping id="pipeEffect" node="0>0|2|0|2|0" />
        <i3dMapping id="pipeEffectSmoke" node="0>0|2|0|2|1" />
        <i3dMapping id="aiLoadingNode" node="0>0|2|0|3" />
		
        <i3dMapping id="aiLoadingSpline" node="0>0|7" />

		
        <i3dMapping id="exactFillRootNode" node="0>0|3|0" />
        <i3dMapping id="aiUnloadingNode" node="0>0|3|2" />
        <i3dMapping id="infoTrigger" node="0>0|4" />

        <i3dMapping id="markerLoading" node="0>2|0" />
        <i3dMapping id="markerUnloading" node="0>2|1" />
		
	

        <i3dMapping id="clearArea1Start" node="0>3|0" />
        <i3dMapping id="clearArea1Width" node="0>3|0|0" />
        <i3dMapping id="clearArea1Height" node="0>3|0|1" />

        <i3dMapping id="levelArea1Start" node="0>4|0" />
        <i3dMapping id="levelArea1Width" node="0>4|0|0" />
        <i3dMapping id="levelArea1Height" node="0>4|0|1" />
        <i3dMapping id="levelArea2Start" node="0>4|1" />
        <i3dMapping id="levelArea2Width" node="0>4|1|0" />
        <i3dMapping id="levelArea2Height" node="0>4|1|1" />
        <i3dMapping id="testArea1Start" node="0>5|0" />
        <i3dMapping id="testArea1End" node="0>5|0|0" />

        <i3dMapping id="tipOcclusionUpdateArea1Start" node="0>7|0" />
        <i3dMapping id="tipOcclusionUpdateArea1End" node="0>7|0|0" />
		
        <i3dMapping id="indoorArea1Start" node="0>11|0" />
        <i3dMapping id="indoorArea1Width" node="0>11|0|0" />
        <i3dMapping id="indoorArea1Height" node="0>11|0|1" />

		<!--Licht -->
		<!--************************************************ -->
		<i3dMapping id="Flutlicht_1_A_Trigger" node="0>1|0|0" />		
        <i3dMapping id="Flutlicht_1_A" node="0>1|0|3|1" />
		
    </i3dMappings>
</placeable>
