﻿<?xml version="1.0" encoding="utf-8" standalone="no" ?>
<modDesc descVersion="79">
    <author>BERNIESCS</author>
    <version>1.0.0.2</version>

	
<title>
<en>Lower Bavarian Farm Pack</en>
<de>Niederbayrisches Hof Pack</de>
</title>
	
	
<description>
<en><![CDATA[
This is a placeable farm from Lower Bavaria Germany.
It consists of:
- Farmhouse $50,000/ $150 per Day
- Cowbarn $80,000/ $100 per Day / 80 Cows
- Chicken Barn $18,000/ $25 per Day
- Machinery hall $20,000/ $50 per Day

Changelog 1.0.0.2
- Cowshed Spwanarea fixed
]]></en>
<de><![CDATA[
Dies ist ein platzierbarer Hof aus der Gegend von Niederbayern.
Er besteht aus:
- Bauernhofhaus 50.000 € / 150 € pro Tag
- Kuhstall 80.000 € / 100 € pro Tag / 80 Kühe
- Hühnerstall 18.000 € / 25 € pro Tag / 360 Hühner
- Maschinenhalle 20.000 € / 50 € pro Tag

Changelog 1.0.0.2
- Kuhstall Spwanarea gefixed
]]></de>
</description>

    <iconFilename>icon_Niederbayern_Hof_Pack.dds</iconFilename>
    <multiplayer supported="true" />
	

	
	<placeableTypes>

		
		<type name="cowHusbandry_silo" parent="simplePlaceable" filename="$dataS/scripts/placeables/Placeable.lua">
			<specialization name="husbandry" />
			<specialization name="husbandryAnimals" />
			<specialization name="husbandryFood" />
			<specialization name="husbandryFence" />
			<specialization name="infoTrigger" />
			<specialization name="husbandryWater" />
			<specialization name="husbandryMilk" />
			<specialization name="husbandryStraw" />
			<specialization name="husbandryLiquidManure" />
			<specialization name="silo" />	
		</type>		
	</placeableTypes>	


    <storeItems>
		<storeItem xmlFilename="FARM_HAUS.xml"/>
		<storeItem xmlFilename="FARM_STALL.xml"/>
		<storeItem xmlFilename="FARM_HUHNER_STALL.xml"/>
		<storeItem xmlFilename="FARM_UNTERSTAND_A.xml"/>	
		<storeItem xmlFilename="FARM_SILO.xml"/>	
    </storeItems>


	<l10n>


	<text name="shopItem_FARM_HAUS"> 	<en>Farmhouse</en>  <de>Farmhaus</de>  </text>	
	<text name="shopItem_FARM_STALL"> 	<en>Cowbarn with Silo</en>  <de>Kuhstall mit Silo</de>  </text>	
	<text name="shopItem_FARM_HUHNER_STALL"> 	<en>Chickenbarn</en>  <de>Hühnerstall</de>  </text>	
	<text name="shopItem_FARM_UNTERSTAND_A"> 	<en>Machinery hall </en>  <de>Maschinen Unterstand</de>  </text>
	<text name="shopItem_FARM_SILO"> 	<en>Farm Silo</en>  <de>Hofsilo</de>  </text>
	</l10n>
</modDesc>
