<?xml version="1.0" encoding="utf-8" standalone="no" ?>
<wheel xmlns:xsi="http://www.w3.org/2001/XMLSchema-instance" xsi:noNamespaceSchemaLocation="../../../../../../shared/xml/schema/wheel.xsd">
    <brand>VREDESTEIN</brand>
    <name>Traxion Optimall</name>
    <default>
        <physics radius="1.07" width="0.9" mass="0.53" tireType="mud" frictionScale="1.60" maxLongStiffness="13" maxLatStiffness="150" maxLatStiffnessLoad="2"/>
        <tire filename="$data/shared/wheels/tires/vredestein/traxionOptimall/R42_traxionOptimall.i3d" nodeLeft="6|0" nodeRight="6|0" maxDeformation="0.107" sideDeformOffset="0.961" isCareWheel="false" tireTrackAtlasIndex="0"/>
        <outerRim filename="$data/shared/wheels/rims/rim001.i3d" node="1|0" widthAndDiam="30 42"/>
        <innerRim filename="$data/shared/wheels/rims/rim001.i3d" nodeLeft="3|0" nodeRight="3|1" widthAndDiam="30 42"/>
    </default>
    <configurations>
        <configuration id="dual">
            <innerRim filename="-"/>
        </configuration>
        <configuration id="jd">
            <innerRim filename="$data/shared/wheels/rims/rim007.i3d" nodeLeft="1|0" nodeRight="1|1"/>
            <additional filename="$data/shared/wheels/weights/weight004.i3d" nodeLeft="0|0" nodeRight="0|1" offset="0.05" scale="0.94 0.94 0.94" mass="1"/>
            <additional filename="$data/shared/wheels/weights/weight006.i3d" nodeLeft="0|0" nodeRight="0|1" offset="-0.01" scale="1.10 1.10 1.10" mass="0.3"/>
        </configuration>
        <configuration id="jd2">
            <innerRim filename="$data/shared/wheels/rims/rim008.i3d" nodeLeft="1|0" nodeRight="1|1"/>
            <additional filename="$data/shared/wheels/weights/weight005.i3d" nodeLeft="0|0" nodeRight="0|1" offset="-0.006" scale="1.06 1.06 1.06" mass="1"/>
            <additional filename="$data/shared/wheels/weights/weight005.i3d" nodeLeft="1|0" nodeRight="1|1" offset="-0.006" scale="1.06 1.06 1.06" mass="0.3"/>
        </configuration>
        <configuration id="jd2_1" >
            <innerRim filename="$data/shared/wheels/rims/rim008.i3d" nodeLeft="1|0" nodeRight="1|1" />
            <additional filename="$data/shared/wheels/weights/weight005.i3d" nodeLeft="3|0" nodeRight="3|1" offset="-0.006" scale="1 1.06 1.06" mass="1" />
            <additional filename="$data/shared/wheels/weights/weight005.i3d" nodeLeft="1|0" nodeRight="1|1" offset="-0.006" scale="1 1.06 1.06" mass="0.3" />
        </configuration>
        <configuration id="jd3">
            <innerRim filename="$data/shared/wheels/rims/rim008.i3d" nodeLeft="1|0" nodeRight="1|1"/>
        </configuration>
        <configuration id="weight2">
            <additional filename="$data/shared/wheels/weights/weight002.i3d" nodeLeft="1|0" nodeRight="1|1" offset="-0.04" scale="1.1 0.85 0.85" mass="0.7"/>
        </configuration>
        <configuration id="weight3">
            <additional filename="$data/shared/wheels/weights/weight003.i3d" nodeLeft="0|0" nodeRight="0|1" offset="0.05" scale="0.8 0.92 0.92" mass="1.0"/>
        </configuration>
		<configuration id="weightDual" >
            <additional filename="$data/shared/wheels/weights/weight003.i3d" nodeLeft="0|0" nodeRight="0|1" offset="0.03" scale="1.45 0.92 0.92" mass="2.5" />
        </configuration>
    </configurations>
</wheel>
