<?xml version="1.0" encoding="utf-8" standalone="no" ?>
<placeable type="productionPoint" xmlns:xsi="http://www.w3.org/2001/XMLSchema-instance" xsi:noNamespaceSchemaLocation="../../../../../shared/xml/schema/placeable.xsd">
    <storeData>
        <name>
            <en>Fermenting Silo</en>            <de>Fermenter Silo</de>
		</name>
        <functions>
            <function>$l10n_function_productionPoint</function>
        </functions>
        <image>store_fermentingSilo.dds</image>
        <price>30000</price>
        <lifetime>1000</lifetime>
        <rotation>0</rotation>
        <brand>NONE</brand>
		<species>placeable</species>
        <category>productionPoints</category>
        <brush>
            <type>placeable</type>
            <category>production</category>
            <tab>factories</tab>
		</brush>
        <vertexBufferMemoryUsage>471808</vertexBufferMemoryUsage>
        <indexBufferMemoryUsage>62464</indexBufferMemoryUsage>
        <textureMemoryUsage>4456448</textureMemoryUsage>
        <audioMemoryUsage>0</audioMemoryUsage>
        <instanceVertexBufferMemoryUsage>0</instanceVertexBufferMemoryUsage>
        <instanceIndexBufferMemoryUsage>0</instanceIndexBufferMemoryUsage>
    </storeData>

    <base>
        <filename>fermentingSilo.i3d</filename>
        <canBeRenamed>true</canBeRenamed>
    </base>

    <placement useRandomYRotation="false" useManualYRotation="true" >
        <testAreas>
            <testArea startNode="testArea1Start" endNode="testArea1End" />
        </testAreas>
        <sounds>
            <place template="medImp" />
        </sounds>
    </placement>

    <clearAreas>
        <clearArea startNode="clearArea1Start" widthNode="clearArea1Width" heightNode="clearArea1Height"/>
    </clearAreas>

    <leveling requireLeveling="true" maxSmoothDistance="1" maxSlope="75" maxEdgeAngle="30">
        <levelAreas>
            <levelArea startNode="levelArea1Start" widthNode="levelArea1Width" heightNode="levelArea1Height" groundType="asphalt"/>
        </levelAreas>
    </leveling>

    <indoorAreas>
        <indoorArea startNode="indoorArea1Start" widthNode="indoorArea1Width" heightNode="indoorArea1Height" />
    </indoorAreas>

    <tipOcclusionUpdateAreas>
        <tipOcclusionUpdateArea startNode="tipOcclusionUpdateArea1Start" endNode="tipOcclusionUpdateArea1End" />
    </tipOcclusionUpdateAreas>

    <ai>
        <updateAreas>
            <updateArea startNode="tipOcclusionUpdateArea1Start" endNode="tipOcclusionUpdateArea1End" />
        </updateAreas>
        <splines>
            <spline node="aiSpline" />
        </splines>
    </ai>

    <infoTrigger triggerNode="infoTrigger"/>

    <triggerMarkers>
        <triggerMarker node="markerLoading"   filename="$data/shared/assets/marker/markerIcons.xml" id="LOAD" />
        <triggerMarker node="markerUnloading" filename="$data/shared/assets/marker/markerIcons.xml" id="UNLOAD" />
        <triggerMarker node="playerTriggerMarker" filename="$data/shared/assets/marker/markerIcons.xml" id="WRENCH" adjustToGround="true" />
    </triggerMarkers>

    <hotspots>
        <hotspot type="UNLOADING" linkNode="mapPosition" />
    </hotspots>

    <productionPoint>
        <productions sharedThroughputCapacity="false">
            <production id="grassSilage" name="%s %s" params="$l10n_fillType_grass|$l10n_fillType_silage" cyclesPerHour="10" costsPerActiveHour="0.1">
                <inputs>
                    <input fillType="grass_windrow" amount="1000" />
                </inputs>
                <outputs>
                    <output fillType="silage" amount="1000" />
                </outputs>
            </production>
            <production id="drygrassSilage" name="%s %s" params="$l10n_fillType_dryGrass|$l10n_fillType_silage" cyclesPerHour="10" costsPerActiveHour="0.1">
                <inputs>
                    <input fillType="drygrass_windrow" amount="1000" />
                </inputs>
                <outputs>
                    <output fillType="silage" amount="1000" />
                </outputs>
            </production>
            <production id="chaffSilage" name="%s %s" params="$l10n_fillType_chaff|$l10n_fillType_silage" cyclesPerHour="10" costsPerActiveHour="0.1">
                <inputs>
                    <input fillType="chaff" amount="1000" />
                </inputs>
                <outputs>
                    <output fillType="silage" amount="1000" />
                </outputs>
            </production>
            <production id="strawSilage" name="%s %s" params="$l10n_fillType_straw|$l10n_fillType_silage" cyclesPerHour="10" costsPerActiveHour="0.1">
                <inputs>
                    <input fillType="straw" amount="1000" />
                </inputs>
                <outputs>
                    <output fillType="silage" amount="1000" />
                </outputs>
            </production>

            <production id="grassSilageDigestate" name="%s %s %s" params="$l10n_fillType_grass|$l10n_fillType_silage|$l10n_fillType_digestate" cyclesPerHour="10" costsPerActiveHour="0.1">
                <inputs>
                    <input fillType="grass_windrow" amount="1000" />
                    <input fillType="water" amount="500" />
                </inputs>
                <outputs>
                    <output fillType="silage" amount="1000" />
                    <output fillType="DIGESTATE" amount="500" />
                </outputs>
            </production>
            <production id="drygrassSilageDigestate" name="%s %s %s" params="$l10n_fillType_dryGrass|$l10n_fillType_silage|$l10n_fillType_digestate" cyclesPerHour="10" costsPerActiveHour="0.1">
                <inputs>
                    <input fillType="drygrass_windrow" amount="1000" />
                    <input fillType="water" amount="500" />
                </inputs>
                <outputs>
                    <output fillType="silage" amount="1000" />
                    <output fillType="DIGESTATE" amount="500" />
                </outputs>
            </production>
            <production id="chaffSilageDigestate" name="%s %s %s" params="$l10n_fillType_chaff|$l10n_fillType_silage|$l10n_fillType_digestate" cyclesPerHour="10" costsPerActiveHour="0.1">
                <inputs>
                    <input fillType="chaff" amount="1000" />
                    <input fillType="water" amount="500" />
                </inputs>
                <outputs>
                    <output fillType="silage" amount="1000" />
                    <output fillType="DIGESTATE" amount="500" />
                </outputs>
            </production>
            <production id="strawSilageDigestate" name="%s %s %s" params="$l10n_fillType_straw|$l10n_fillType_silage|$l10n_fillType_digestate" cyclesPerHour="10" costsPerActiveHour="0.1">
                <inputs>
                    <input fillType="straw" amount="1000" />
                    <input fillType="water" amount="500" />
                </inputs>
                <outputs>
                    <output fillType="silage" amount="1000" />
                    <output fillType="DIGESTATE" amount="500" />
                </outputs>
            </production>


        </productions>

        <storage isExtension="false" fillLevelSyncThreshold="50">
            <capacity fillType="grass_windrow"   	capacity="2000000" />
            <capacity fillType="drygrass_windrow"   capacity="2000000" />
            <capacity fillType="chaff"   			capacity="2000000" />
            <capacity fillType="straw"  			capacity="2000000" />
            <capacity fillType="silage"  			capacity="2000000" />
            <capacity fillType="WATER"  			capacity="2000000" />
            <capacity fillType="DIGESTATE"  		capacity="20000000" />
        </storage>

        <sellingStation node="sellingStation" supportsExtension="false">
            <unloadTrigger exactFillRootNode="exactFillRootNode" fillTypes="grass_windrow drygrass_windrow chaff straw water" aiNode="aiUnloadingNode">
				<baleTrigger triggerNode="baleTrigger" deleteLitersPerSecond="10000"/>
			</unloadTrigger>        
        </sellingStation>

        <loadingStation node="loadingTrigger" supportsExtension="false">
            <loadTrigger triggerNode="loadingTrigger" fillLitersPerSecond="2000" dischargeNode="dischargeNode" fillTypes="grass_windrow drygrass_windrow chaff straw silage water digestate" aiNode="aiLoadingNode">
                <effectNode effectClass="PipeEffect" effectNode="pipeEffect"      materialType="pipe"           fadeTime="0.5" maxBending="0" controlPoint="4.8 0 0 0" shapeScaleSpread="0.6 0.6 1 0"/>
                <effectNode                          effectNode="pipeEffectSmoke" materialType="unloadingSmoke" fadeTime="0.5" />
            </loadTrigger>
        </loadingStation>



        <playerTrigger node="playerTrigger" />

        <sounds/>
    </productionPoint>



    <i3dMappings>
        <i3dMapping id="testArea1Start" node="0>0|0|0" />
        <i3dMapping id="testArea1End" node="0>0|0|0|0" />
        <i3dMapping id="clearArea1Start" node="0>0|1|0" />
        <i3dMapping id="clearArea1Width" node="0>0|1|0|0" />
        <i3dMapping id="clearArea1Height" node="0>0|1|0|1" />
        <i3dMapping id="levelArea1Start" node="0>0|2|0" />
        <i3dMapping id="levelArea1Width" node="0>0|2|0|0" />
        <i3dMapping id="levelArea1Height" node="0>0|2|0|1" />
        <i3dMapping id="indoorArea1Start" node="0>0|3|0" />
        <i3dMapping id="indoorArea1Width" node="0>0|3|0|0" />
        <i3dMapping id="indoorArea1Height" node="0>0|3|0|1" />
        <i3dMapping id="tipOcclusionUpdateArea1Start" node="0>0|4|0" />
        <i3dMapping id="tipOcclusionUpdateArea1End" node="0>0|4|0|0" />

        <i3dMapping id="exactFillRootNode" node="0>1|0|0|0|0" />
        <i3dMapping id="baleTrigger" node="0>1|0|0|0|1" />
        <i3dMapping id="aiUnloadingNode" node="0>1|0|0|1" />
        <i3dMapping id="markerUnloading" node="0>1|0|0|2" />

        <i3dMapping id="loadingTrigger" node="0>1|1|0|0|0" />
        <i3dMapping id="dischargeNode" node="0>1|1|0|0|1" />
        <i3dMapping id="pipeEffect" node="0>1|1|0|0|2|0" />
        <i3dMapping id="pipeEffectSmoke" node="0>1|1|0|0|2|1" />
        <i3dMapping id="aiLoadingNode" node="0>1|1|0|1" />
        <i3dMapping id="markerLoading" node="0>1|1|0|2" />

        <i3dMapping id="storage" node="0>1|2" />
        <i3dMapping id="infoTrigger" node="0>1|3" />

        <i3dMapping id="playerTrigger" node="0>1|4|0" />
        <i3dMapping id="playerTriggerMarker" node="0>1|4|0|0" />

        <i3dMapping id="mapPosition" node="0>1|5" />
        <i3dMapping id="aiSpline" node="0>1|6" />



    </i3dMappings>

  

</placeable>
