﻿<?xml version="1.0" encoding="utf-8" standalone="no" ?>
<modDesc descVersion="80">
    <author>OmaTana</author>
    <version>1.1.0.0</version>
	<iconFilename>icon_fermentingSilo.dds</iconFilename>
    <title>
        <en>Fermenting Silo</en>
        <de>Fermenter Silo</de>
    </title>
    <description>
<en><![CDATA[This silo produces silage from grass, hay and chaff.
The Fermenting Silo is a production facility and produces up to 120,000 liters per day.
Price: $ 30,000

Changelog 1.1.0.0:
Added:
- Silage from straw
- Digestate as byproduct as additional production chains
]]>
</en>
<de><![CDATA[Dieses Silo produziert Silage aus Gras, Heu und Häckselgut.
Das Fermenter-Silo ist eine Produktions-Anlage und erzeugt bis zu 120.000 Liter Silage pro Tag.
Preis: 30.000 Euro

Changelog 1.1.0.0:
Hinzugefügt: 
- Silage aus Stroh
- Gärreste als Nebenprodukt in extra Produktions-Ketten
]]>
</de></description>
    <multiplayer supported="true"/>    
	
	<storeItems>
        <storeItem rootNode="placeable" xmlFilename="fermentingSilo.xml"/>



    </storeItems>



</modDesc>