﻿<?xml version="1.0" encoding="utf-8" standalone="no" ?>
<modDesc descVersion="79">
    <author>Kastor [D-S-Agrarservice]</author>
    <version>1.0.0.5</version>

    <title>
        <en>Greenhouse Modular</en>
        <de>Gewächshaus Modular</de>
        <fr>Serre Modulaire</fr>
    </title>

    <description>
<en><![CDATA[
Modular Greenhouse Pack.
This kit allows you to get into the large-scale production of tomatoes, lettuce or strawberries. Drive small vehicles in your greenhouse and care for and feed your plants and take out your products with a forklift.
If you build larger plants, you can change the recipe from manual to automatic filling via add-on modules. This type of filling increases the yield, but must be supplied with additional products.
In combination with the modular BGA (Lizard or PlanET, not PnH extension!), you can have the produced methane converted into heat and thus create an optimal climate for the plants.
(Of course, any other mod that can produce and distribute methane can be used).

To build a closed greenhouse, you need at least 4 modules with a gate. If you want to get into large-scale gardening, you can assemble your individual large greenhouse from a total of 18 modules. (Follow the module plan)
To ensure accurate assembly of the modules, placement is limited to grid and 90°. The activated free construction mode (standard key V) and the construction surface leveled beforehand is recommended here.


Greenhouse module (production)
Price: $85,000
Capacity: -
In: 5,000 liters
Out: 10,000 liters
Maintenance: $145
Dimensions: 14m x 12m

Greenhouse module (intermediate course)
Price: $15,000
Maintenance: $30
Dimensions: 6m x 12m

Greenhouse additional module (substrate distributor)
Price: $30,000
Capacity: -
In: 20,000 liters
Out: 10,000 liters
Maintenance: $20
Dimensions: 13m x 12m

Greenhouse additional module (fertigation distributor)
Price: $65,000
Capacity: -
In: 20,000 liters
Out: 10,000 liters
Maintenance: $120
Dimensions: 13m x 12m

Greenhouse additional module (pallet storage)
Price: $35,000
Capacity: 200 pallets
Maintenance: $40
Dimensions: 13m x 12m

Greenhouse additional module (Hall with Gate Left/Right)
Price: $25,000
Maintenance: $15
Dimensions: 13m x 12m

Greenhouse additional module (Hall middle part)
Price: $15,000
Maintenance: 5
Dimensions: 13m x 12m

Thermal generator
Price: $120,000
Capacity: -
In: 20,000 liters
Out: 20,000 liters
Maintenance: $90

Combined thermal power station (CHP)
Price: $580,000
Capacity: -
In: 150,000 liters
Out: 10,000 liters
Maintenance: $145

Substrate Pallet
Price: $950
Capacity: 810 liters

Seeds Pallet
Price: $1,200
Capacity: 585 liters

Changelog 1.0.0.5:
- buy more pallets
- adjusted tipcoli for BHKW
- recipes changed/adapted
- Storage error changed/adjusted
- trigger substrate module enlarged
]]></en>
<de><![CDATA[
Modulares Gewächshaus Pack.
Dieser Baukasten ermöglicht euch, in die Großproduktion von Tomaten, Salat oder Erdbeeren einzusteigen. Fahrt mit Kleinfahrzeugen in eurem Gewächshaus und pflegt sowie versorgt eure Pflanzen und holt eure Erzeugnise mit einem Gabelstabler raus.
Solltet ihr größere Anlagen bauen, dann könnt ihr die Rezeptur von manueller auf automatische Befüllung über Anbaumodule stellen. Diese Art der Befüllung steigert den Ertrag, muss allerdings mit zusätzlichen Produkten beliefert werden.
In Kombination mit der modularen BGA (Lizard oder PlanET, nicht PnH Erweiterung!), könnt ihr das erzeugte Methan in Wärme umwandeln lassen und somit ein optimales Klima für die Pflanzen schaffen.
(Natürlich kann auch jeder andere Mod der Methan erzeugen und verteilen kann, genutzt werden.)

Um ein geschlossenes Gewächshaus zu bauen, benötigt ihr mindestens 4 Module mit Tor. Wer in die Großgärtnerei einsteigen will, kann aus insgesamt 18 Modulen sein individuelles Großgewächshaus zusammenstellen. (Modulplan beachten)
Um ein genaues Zusammensetzen der Module zu gewährleisten, ist die Platzierung auf Raster und 90° beschränkt. Der aktivierte freie Baumodus (Standardtaste V) und die Baufläche vorher geebnet, ist hierbei empfohlen.

Gewächshaus Modul (Produktion)
Preis: 85.000 €
Kapazität:
In: 5.000 Liter
Out: 10.000 Liter
Tageskosten: 145 €
Größe: ca. 14m x 12m

Gewächshaus Modul (Zwischengang)
Preis: 15.000 €
Tageskosten: 30 €
Größe: ca. 6m x 12m

Gewächshaus Anbau Substrat Verteiler
Preis: 30.000 €
Kapazität:
In: 20.000 Liter
Out: 10.000 Liter
Tageskosten: 20 €
Größe: ca. 13m x 12m

Gewächshaus Anbau Fertigation Verteiler
Preis: 65.000 €
Kapazität:
In: 20.000 Liter
Out: 10.000 Liter
Tageskosten: 120 €
Größe: ca. 13m x 12m

Gewächshaus Anbau Paletten Lager
Preis: 35.000 €
Kapazität: 200 Paletten
Tageskosten: 40 €
Größe: ca. 13m x 12m

Gewächshaus Anbau Halle (Tor Links/Rechts)
Preis: 25.000 €
Tageskosten: 15 €
Größe: ca. 13m x 12m

Gewächshaus Anbau Halle (Mittelstück)
Preis: 15.000 €
Tageskosten: 5 €
Größe: ca. 13m x 12m

Wärmegenerator
Preis: 120.000 €
Kapazität:
In: 20.000 Liter
Out: 20.000 Liter
Tageskosten: 90 €

Blockheizkraftwerk
Preis: 580.000 €
Kapazität:
In: 150.000 Liter
Out: 10.000 Liter
Tageskosten: 145 €

Substrat Palette
Preis: 950 €
Kapazität: 810 Liter

Saatgut Palette
Preis: 1.200 €
Kapazität: 585 Liter

Changelog 1.0.0.5:
- mehrere Paletten Kaufen
- Tipcoli beim BHKW angepasst
- Rezepte geändert/angepasst
- Storage Fehler geändert/angepasst
- Trigger Substrat Modul vergrößert
]]></de>
<fr><![CDATA[
Serre modulaire en kit.
Ce kit vous permet de vous lancer dans la production à grande échelle de tomates, de laitues ou de fraises. Conduisez de petits véhicules dans votre serre, soignez et nourrissez vos plantes et sortez vos produits à l'aide d'un chariot élévateur.
Si vous construisez des installations plus importantes, vous pouvez passer d'un remplissage manuel à un remplissage automatique grâce à des modules complémentaires.
Ce type de remplissage augmente le rendement, mais doit être alimenté par des produits supplémentaires.
En combinaison avec le BGA modulaire (Lizard ou PlanET, pas l'extension PnH !), vous pouvez convertir le méthane produit en chaleur et créer ainsi un climat optimal pour les plantes.
(Bien entendu, tout autre mode capable de produire et de distribuer du méthane peut être utilisé.)

Pour construire une serre fermée, vous avez besoin d'au moins 4 modules avec une porte.
Si vous souhaitez vous lancer dans le jardinage à grande échelle, vous pouvez assembler votre grande serre individuelle à partir d'un total de 18 modules. (Suivre le plan des modules)

Pour assurer un assemblage précis des modules, le placement est limité à la grille et à 90°. Il est recommandé d'activer le mode de construction libre (touche standard V) et de niveler la surface de construction au préalable.

Module de serre (production)
Prix: 85000€
Capacité-
Entrée: 5000l
Sortie: 10000l
Maintenance: 145€
Dimensions: 14m x 12m

Module serre (cours intermédiaire)
Prix: 15000€
Maintenance: 30€
Dimensions: 6m x 12m

Module supplémentaire de serre (distributeur de substrat)
Prix: 30000€
Capacité-
Entrée: 20000l
Sortie: 10000l
Maintenance: 20€
Dimensions: 13m x 12m

Module supplémentaire pour les serres (distributeur de fertigation)
Prix: 65000€
Capacité-
Entrée: 20000l
Sortie: 10000l
Maintenance: 120€
Dimensions: 13m x 12m

Module supplémentaire pour les serres (stockage de palettes)
Prix: 35000€
Capacité: 200 pcs
Maintenance: 40€
Dimensions: 13m x 12m

Module supplémentaire pour les serres (Hall avec porte gauche/droite)
Prix: 25000€
Maintenance: 15€
Dimensions: 13m x 12m

Module supplémentaire de serre (partie centrale du hall)
Prix: 15000€
Maintenance: 5€
Dimensions: 13m x 12m

Thermal generator
Prix: 120000€
Capacité-
Entrée: 20000l
Sortie: 20000l
Maintenance: 90€

Centrale thermique combinée (CCT)
Prix: 580000€
Capacité-
Entrée: 150000l
Sortie: 10000l
Maintenance: 145€

Palette de substrats
Prix: 950€
Capacité: 810l

Palette de semences
Prix: 1200€
Capacité: 585l

Changelog:
v1.0.5.0
-achat de plusieurs palettes
-Tipcoli adapté pour la centrale de cogénération
-Modification/adaptation des recettes
-Modification/adaptation des erreurs de stockage
-Augmentation de la taille du module de substrat de déclenchement
]]></fr>
</description>

    <iconFilename>icon_greenHouseModular.dds</iconFilename>
    <l10n filenamePrefix="languages/l10n"/>
    <multiplayer supported="true" />
    <fillTypes filename="xml/mGHfilltypes.xml" /> 

    <storeItems>
    <!--BUILDINGS-->
        <storeItem rootNode="placeable" xmlFilename="xml/GH_LeftCloseDoorFront.xml"/>
        <storeItem rootNode="placeable" xmlFilename="xml/GH_LeftClose.xml"/>
        <storeItem rootNode="placeable" xmlFilename="xml/GH_LeftCloseIntermediate.xml"/>
        <storeItem rootNode="placeable" xmlFilename="xml/GH_LeftCloseDoorBack.xml"/>
        <storeItem rootNode="placeable" xmlFilename="xml/GH_LeftCloseFront.xml"/>
        <storeItem rootNode="placeable" xmlFilename="xml/GH_LeftCloseBack.xml"/>
        <storeItem rootNode="placeable" xmlFilename="xml/GH_MiddleDoorFront.xml"/>
        <storeItem rootNode="placeable" xmlFilename="xml/GH_Middle.xml"/>
        <storeItem rootNode="placeable" xmlFilename="xml/GH_LeftIntermediate.xml"/>
        <storeItem rootNode="placeable" xmlFilename="xml/GH_MiddleDoorBack.xml"/>
        <storeItem rootNode="placeable" xmlFilename="xml/GH_MiddleCloseFront.xml"/>
        <storeItem rootNode="placeable" xmlFilename="xml/GH_MiddleCloseBack.xml"/>
        <storeItem rootNode="placeable" xmlFilename="xml/GH_RightCloseDoorFront.xml"/>
        <storeItem rootNode="placeable" xmlFilename="xml/GH_RightClose.xml"/>
        <storeItem rootNode="placeable" xmlFilename="xml/GH_RightCloseIntermediate.xml"/>
        <storeItem rootNode="placeable" xmlFilename="xml/GH_RightCloseDoorBack.xml"/>
        <storeItem rootNode="placeable" xmlFilename="xml/GH_RightCloseFront.xml"/>
        <storeItem rootNode="placeable" xmlFilename="xml/GH_RightCloseBack.xml"/>
        <storeItem rootNode="placeable" xmlFilename="xml/AB_HallDoorLeft.xml"/>
        <storeItem rootNode="placeable" xmlFilename="xml/AB_HallDoorRight.xml"/>
        <storeItem rootNode="placeable" xmlFilename="xml/AB_HallMiddle.xml"/>
        <storeItem rootNode="placeable" xmlFilename="xml/AB_objectStorage.xml"/>
        <storeItem rootNode="placeable" xmlFilename="xml/AB_Fertilizer.xml"/>
        <storeItem rootNode="placeable" xmlFilename="xml/AB_Substrat.xml"/>
        <storeItem rootNode="placeable" xmlFilename="xml/AB_groundwaterPump.xml"/>
        <storeItem rootNode="placeable" xmlFilename="xml/GH_BHKW.xml"/>
        <storeItem rootNode="placeable" xmlFilename="xml/GH_HKW.xml"/>
    <!--PALLETS-->
        <storeItem xmlFilename="i3d/pallets/substratPalletGH.xml"/>
        <storeItem xmlFilename="i3d/pallets/multiPurchasePallet_substratPalletGH.xml"/>
        <storeItem xmlFilename="i3d/pallets/seedsPalletGH.xml"/>
        <storeItem xmlFilename="i3d/pallets/multiPurchasePallet_seedsPalletGH.xml"/>
    </storeItems>
</modDesc>