﻿<?xml version="1.0" encoding="utf-8" standalone="no" ?>
<vehicle type="inlineWrapper" xmlns:xsi="http://www.w3.org/2001/XMLSchema-instance" xsi:noNamespaceSchemaLocation="https://validation.gdn.giants-software.com/xml/schema/vehicle.xsd">
    <annotation>Copyright (C) DD ModPassion, All Rights Reserved.</annotation>
    <storeData>
        <name>HYBRID X XTRACTOR</name>
        <image>$data/store/store_empty.png</image>
        <brand>ANDERSONGROUP</brand>
        <category>baleWrappers</category>
        <showInStore>false</showInStore>
    </storeData>
    <base>
        <filename>filename/foilWrapRoll.i3d</filename>
    </base>
    <fillUnit>
        <fillUnitConfigurations>
            <fillUnitConfiguration>
                <fillUnits>
                    <fillUnit unitTextOverride="$l10n_unit_mShort" fillTypeCategories="foilWrap" capacity="6000" canBeUnloaded="false" allowFoldingThreshold="12000"/>
                    <fillUnit unitTextOverride="$l10n_unit_mShort" fillTypeCategories="foilWrap" capacity="6000" canBeUnloaded="false" allowFoldingThreshold="12000" showOnHud="false" showOnInfoHud="false"/>
                </fillUnits>
            </fillUnitConfiguration>
        </fillUnitConfigurations>
    </fillUnit>
    <inlineWrapper>
        <foilWrapAddon storage="fillUnit" configuration="1">
            <baseNode node="0>0|5|5|2|6"/>
            <baseNode node="0>0|5|5|5|6"/>
            <baseNode node="0>0|5|5|8|6"/>
            <baseNode node="0>0|5|5|11|6"/>
            <roll node="0>0|5|5|2|6" rotation="0 17 90" scale="1.1 0.945 1.15"/>
            <roll node="0>0|5|5|5|6" rotation="0 17 -90" scale="1.1 0.945 1.15"/>
            <roll node="0>0|5|5|8|6" rotation="0 17 -90" scale="1.1 0.945 1.15"/>
            <roll node="0>0|5|5|11|6" rotation="0 17 90" scale="1.1 0.945 1.15"/>
            <material node="0>0|5|5|2|5"/>
            <material node="0>0|5|5|5|5"/>
            <material node="0>0|5|5|8|5"/>
            <material node="0>0|5|5|11|5"/>
            <storage node="0>0|11|3" rotation="0 0 -90"/>
            <storage node="0>0|11|4" rotation="0 0 -90"/>
            <storage node="0>0|11|5" rotation="0 0 -90"/>
            <storage node="0>0|11|6" rotation="0 0 -90"/>
        </foilWrapAddon>
    </inlineWrapper>
    <wearable showOnHud="false"/>
    <washable/>
</vehicle>