<?xml version="1.0" encoding="utf-8" standalone="no"?>
<vehicle type="windrower" xmlns:xsi="http://www.w3.org/2001/XMLSchema-instance" xsi:noNamespaceSchemaLocation="https://validation.gdn.giants-software.com/xml/fs22/vehicle.xsd">
    <storeData>
        <name>Swadro 2000</name>
        <specs>
            <neededPower>145</neededPower>
            <workingWidth>19</workingWidth>
        </specs>
        <functions>
            <function>$l10n_function_windrower</function>
        </functions>
        <image>store_kroneSwadro2000.dds</image>
        <price>74000</price>
        <lifetime>600</lifetime>
        <rotation>0</rotation>
        <brand>KRONE</brand>
        <category>windrowers</category>
        <vertexBufferMemoryUsage>988672</vertexBufferMemoryUsage>
        <indexBufferMemoryUsage>162048</indexBufferMemoryUsage>
        <textureMemoryUsage>1310720</textureMemoryUsage>
        <audioMemoryUsage>0</audioMemoryUsage>
        <instanceVertexBufferMemoryUsage>0</instanceVertexBufferMemoryUsage>
        <instanceIndexBufferMemoryUsage>0</instanceIndexBufferMemoryUsage>
    </storeData>

    <base>
        <typeDesc>$l10n_typeDesc_windrower</typeDesc>
        <filename>kroneSwadro2000.i3d</filename>

        <size width="5" length="14" lengthOffset="-1"/>

        <components>
            <!-- Reduced the weight slightly below true value in version 1.0.1.0 as the physics have issues sometimes if the tractor is too light -->
            <component centerOfMass="0 0.6 -1.9" solverIterationCount="30" mass="3750"/>
            <component centerOfMass="0 0 0" solverIterationCount="20" mass="600"/>
            <component centerOfMass="0 0 0" solverIterationCount="10" mass="250"/>
            <component centerOfMass="0 0 0" solverIterationCount="10" mass="250"/>
            <component centerOfMass="0 0 0" solverIterationCount="10" mass="250"/>
            <component centerOfMass="0 0 0" solverIterationCount="10" mass="250"/>
            <component centerOfMass="0 0 0" solverIterationCount="10" mass="250"/>
            <component centerOfMass="0 0 0" solverIterationCount="10" mass="250"/>
            <component centerOfMass="0 0 0" solverIterationCount="30" mass="250"/>
            <component centerOfMass="0 0 0" solverIterationCount="30" mass="250"/>

            <joint component1="1" component2="2" node="attacher_vis" rotLimit="0 0 0" transLimit="0 0 0"/>
            <joint component1="1" component2="3" node="leftBackRotorJoint" rotLimit="0 0 9" transLimit="0 0.2 0"/>
            <joint component1="1" component2="4" node="rightBackRotorJoint" rotLimit="0 0 9" transLimit="0 0.2 0"/>
            <joint component1="1" component2="5" node="leftMiddleJointBaseJoint" rotLimit="0 0 9" transLimit="0 0.2 0"/>
            <joint component1="1" component2="6" node="rightMiddleJointBaseJoint" rotLimit="0 0 9" transLimit="0 0.2 0"/>
            <joint component1="1" component2="7" node="leftFrontJointBaseJoint" rotLimit="0 0 9" transLimit="0 0.2 0"/>
            <joint component1="1" component2="8" node="rightFrontJointBaseJoint" rotLimit="0 0 9" transLimit="0 0.2 0"/>
            <joint component1="1" component2="9" node="leftWheelColJoint" rotLimit="0 180 0" transLimit="0 0 0"/>
            <joint component1="1" component2="10" node="rightWheelColJoint" rotLimit="0 180 0" transLimit="0 0 0"/>

            <collisionPair component1="7" component2="9" enabled="false"/>
            <collisionPair component1="8" component2="10" enabled="false"/>
            <collisionPair component1="9" component2="10" enabled="false"/>
        </components>

        <schemaOverlay attacherJointPosition="0 0" name="IMPLEMENT" />
        <speedLimit value="18"/>
        <sounds volumeFactor="1.5" />
    </base>

    <wheels>
        <wheelConfigurations>
            <wheelConfiguration name="$l10n_configuration_valueDefault" price="0" brand="TRELLEBORG" saveId="TRELLEBORG_DEFAULT">
                <wheels autoRotateBackSpeed="2.0">
                    <wheel filename="$data/shared/wheels/tires/trelleborg/T404/710_45R26_5.xml" isLeft="true" hasTireTracks="true" hasParticles="true">
                        <physics restLoad="2.2" forcePointRatio="0.2" frictionScale="2.8" repr="leftWheel_vis" driveNode="leftWheel" radius="0.675" width="0.71" initialCompression="20" suspTravel="0.1" spring="85" damper="20"/>
                        <steeringAxle scale="-0.7" rotMax="25" rotMin="-25"/>
                        <wheelChock parkingNode="leftWheelChock" filename="$data/shared/assets/wheelChocks/wheelChock02.i3d" isInverted="false"/>
                        <wheelChock parkingNode="rightWheelChock" filename="$data/shared/assets/wheelChocks/wheelChock02.i3d" isInverted="true"/>
                    </wheel>
                    <wheel filename="$data/shared/wheels/tires/trelleborg/T404/710_45R26_5.xml" isLeft="false" hasTireTracks="true" hasParticles="true">
                        <physics restLoad="2.2" forcePointRatio="0.2" frictionScale="2.8" repr="rightWheel_vis" driveNode="rightWheel" radius="0.675" width="0.71" initialCompression="20" suspTravel="0.1" spring="85" damper="20"/>
                        <steeringAxle scale="-0.7" rotMax="25" rotMin="-25"/>
                    </wheel>
                    <wheel>
                        <physics restLoad="0.2" repr="leftArmDummyWheel" radius="0.336" width="0.215" mass="0.05" brakeFactor="0" initialCompression="50" suspTravel="0.1" spring="50" damper="40" rotationDamping="0.002" frictionScale="2.5"/>
                    </wheel>
                    <wheel>
                        <physics restLoad="0.2" repr="rightArmDummyWheel" radius="0.336" width="0.215" mass="0.05" brakeFactor="0" initialCompression="50" suspTravel="0.1" spring="50" damper="40" rotationDamping="0.002" frictionScale="2.5"/>
                    </wheel>
                </wheels>
            </wheelConfiguration>

            <wheelConfiguration name="$l10n_configuration_valueDefault" price="0" brand="MICHELIN" saveId="MICHELIN_DEFAULT">
                <wheels baseConfig="TRELLEBORG_DEFAULT">
                    <wheel filename="$data/shared/wheels/tires/michelin/cargoXBibHF/710_50R26_5.xml">
                        <wheelChock/>
                        <wheelChock/>
                    </wheel>
                    <wheel filename="$data/shared/wheels/tires/michelin/cargoXBibHF/710_50R26_5.xml">
                    </wheel>
                    <wheel/>
                    <wheel/>
                </wheels>
            </wheelConfiguration>

            <wheelConfiguration name="$l10n_configuration_valueDefault" price="0" brand="BKT" saveId="BKT_DEFAULT">
                <wheels baseConfig="TRELLEBORG_DEFAULT">
                    <wheel filename="$data/shared/wheels/tires/bkt/ridemaxFL693M/710_50R26_5.xml">
                        <wheelChock/>
                        <wheelChock/>
                    </wheel>
                    <wheel filename="$data/shared/wheels/tires/bkt/ridemaxFL693M/710_50R26_5.xml">
                    </wheel>
                    <wheel/>
                    <wheel/>
                </wheels>
            </wheelConfiguration>

            <wheelConfiguration name="$l10n_configuration_valueDefault" price="0" brand="VREDESTEIN" saveId="VREDESTEIN_DEFAULT">
                <wheels baseConfig="TRELLEBORG_DEFAULT">
                    <wheel filename="$data/shared/wheels/tires/vredestein/flotationTrac/710_50R26_5.xml">
                        <wheelChock/>
                        <wheelChock/>
                    </wheel>
                    <wheel filename="$data/shared/wheels/tires/vredestein/flotationTrac/710_50R26_5.xml">
                    </wheel>
                    <wheel/>
                    <wheel/>
                </wheels>
            </wheelConfiguration>
        </wheelConfigurations>
        <hubs>
            <hub linkNode="leftWheel" filename="$data/shared/wheels/hubs/hub_n10_5.xml" isLeft="true" scale="0.435 0.435 0.435">
                <color0>KRONE_GREEN1</color0>
                <color1>KRONE_BLACK2</color1>
            </hub>
            <hub linkNode="rightWheel" filename="$data/shared/wheels/hubs/hub_n10_5.xml" isLeft="false" scale="0.435 0.435 0.435">
                <color0>KRONE_GREEN1</color0>
                <color1>KRONE_BLACK2</color1>
            </hub>
            <hub linkNode="wheelLeftFront" filename="$data/shared/wheels/hubs/hub_n8_6.xml" isLeft="false" scale="0.203 0.203 0.203">
                <color0>KRONE_GREEN1</color0>
                <color1>KRONE_BLACK2</color1>
            </hub>
            <hub linkNode="wheelRightFront" filename="$data/shared/wheels/hubs/hub_n8_6.xml" isLeft="true" scale="0.203 0.203 0.203">
                <color0>KRONE_GREEN1</color0>
                <color1>KRONE_BLACK2</color1>
            </hub>
            <hub linkNode="frontWheelsLeft1" filename="$data/shared/wheels/hubs/hubSmall_n0_1.xml" isLeft="true" scale="0.12 0.12 0.12"/>
            <hub linkNode="frontWheelsRight1" filename="$data/shared/wheels/hubs/hubSmall_n0_1.xml" isLeft="false" scale="0.12 0.12 0.12"/>
            <hub linkNode="backWheelsLeft2" filename="$data/shared/wheels/hubs/hubSmall_n0_1.xml" isLeft="true" scale="0.12 0.12 0.12"/>
            <hub linkNode="backWheelsRight2" filename="$data/shared/wheels/hubs/hubSmall_n0_1.xml" isLeft="false" scale="0.12 0.12 0.12"/>
            <hub linkNode="frontWheelsLeft3" filename="$data/shared/wheels/hubs/hubSmall_n0_1.xml" isLeft="true" scale="0.12 0.12 0.12"/>
            <hub linkNode="frontWheelsRight3" filename="$data/shared/wheels/hubs/hubSmall_n0_1.xml" isLeft="false" scale="0.12 0.12 0.12"/>
            <hub linkNode="backWheelsLeft4" filename="$data/shared/wheels/hubs/hubSmall_n0_1.xml" isLeft="true" scale="0.12 0.12 0.12"/>
            <hub linkNode="backWheelsRight4" filename="$data/shared/wheels/hubs/hubSmall_n0_1.xml" isLeft="false" scale="0.12 0.12 0.12"/>
            <hub linkNode="frontWheelsLeft4" filename="$data/shared/wheels/hubs/hubSmall_n0_1.xml" isLeft="true" scale="0.12 0.12 0.12"/>
            <hub linkNode="frontWheelsRight4" filename="$data/shared/wheels/hubs/hubSmall_n0_1.xml" isLeft="false" scale="0.12 0.12 0.12"/>
            <hub linkNode="backWheelsLeft5" filename="$data/shared/wheels/hubs/hubSmall_n0_1.xml" isLeft="true" scale="0.12 0.12 0.12"/>
            <hub linkNode="backWheelsRight5" filename="$data/shared/wheels/hubs/hubSmall_n0_1.xml" isLeft="false" scale="0.12 0.12 0.12"/>
            <hub linkNode="frontWheelsLeft6" filename="$data/shared/wheels/hubs/hubSmall_n0_1.xml" isLeft="true" scale="0.12 0.12 0.12"/>
            <hub linkNode="frontWheelsRight6" filename="$data/shared/wheels/hubs/hubSmall_n0_1.xml" isLeft="false" scale="0.12 0.12 0.12"/>
            <hub linkNode="backWheelsLeft7" filename="$data/shared/wheels/hubs/hubSmall_n0_1.xml" isLeft="true" scale="0.12 0.12 0.12"/>
            <hub linkNode="backWheelsRight7" filename="$data/shared/wheels/hubs/hubSmall_n0_1.xml" isLeft="false" scale="0.12 0.12 0.12"/>
            <hub linkNode="frontWheelsLeft7" filename="$data/shared/wheels/hubs/hubSmall_n0_1.xml" isLeft="true" scale="0.12 0.12 0.12"/>
            <hub linkNode="frontWheelsRight7" filename="$data/shared/wheels/hubs/hubSmall_n0_1.xml" isLeft="false" scale="0.12 0.12 0.12"/>
            <hub linkNode="backWheelsLeft8" filename="$data/shared/wheels/hubs/hubSmall_n0_1.xml" isLeft="true" scale="0.12 0.12 0.12"/>
            <hub linkNode="backWheelsRight8" filename="$data/shared/wheels/hubs/hubSmall_n0_1.xml" isLeft="false" scale="0.12 0.12 0.12"/>
            <hub linkNode="frontWheelsLeft5" filename="$data/shared/wheels/hubs/hubSmall_n0_1.xml" isLeft="true" scale="0.12 0.12 0.12"/>
            <hub linkNode="frontWheelsRight5" filename="$data/shared/wheels/hubs/hubSmall_n0_1.xml" isLeft="false" scale="0.12 0.12 0.12"/>
            <hub linkNode="backWheelsLeft6" filename="$data/shared/wheels/hubs/hubSmall_n0_1.xml" isLeft="true" scale="0.12 0.12 0.12"/>
            <hub linkNode="backWheelsRight6" filename="$data/shared/wheels/hubs/hubSmall_n0_1.xml" isLeft="false" scale="0.12 0.12 0.12"/>
        </hubs>
        <dynamicallyLoadedWheels>
            <dynamicallyLoadedWheel linkNode="wheelLeftFront" filename="$data/shared/wheels/tires/trelleborg/T510/215_65R15.xml" isLeft="false"/>
            <dynamicallyLoadedWheel linkNode="wheelRightFront" filename="$data/shared/wheels/tires/trelleborg/T510/215_65R15.xml" isLeft="true"/>
            <dynamicallyLoadedWheel linkNode="frontWheelsLeft1" filename="$data/shared/wheels/tires/trelleborg/T510/15x6_00R6.xml" isLeft="true"/>
            <dynamicallyLoadedWheel linkNode="frontWheelsRight1" filename="$data/shared/wheels/tires/trelleborg/T510/15x6_00R6.xml" isLeft="false"/>
            <dynamicallyLoadedWheel linkNode="backWheelsLeft2" filename="$data/shared/wheels/tires/trelleborg/T510/15x6_00R6.xml" isLeft="true"/>
            <dynamicallyLoadedWheel linkNode="backWheelsRight2" filename="$data/shared/wheels/tires/trelleborg/T510/15x6_00R6.xml" isLeft="false"/>
            <dynamicallyLoadedWheel linkNode="frontWheelsLeft3" filename="$data/shared/wheels/tires/trelleborg/T510/15x6_00R6.xml" isLeft="true"/>
            <dynamicallyLoadedWheel linkNode="frontWheelsRight3" filename="$data/shared/wheels/tires/trelleborg/T510/15x6_00R6.xml" isLeft="false"/>
            <dynamicallyLoadedWheel linkNode="backWheelsLeft4" filename="$data/shared/wheels/tires/trelleborg/T510/15x6_00R6.xml" isLeft="true"/>
            <dynamicallyLoadedWheel linkNode="backWheelsRight4" filename="$data/shared/wheels/tires/trelleborg/T510/15x6_00R6.xml" isLeft="false"/>
            <dynamicallyLoadedWheel linkNode="frontWheelsLeft4" filename="$data/shared/wheels/tires/trelleborg/T510/15x6_00R6.xml" isLeft="true"/>
            <dynamicallyLoadedWheel linkNode="frontWheelsRight4" filename="$data/shared/wheels/tires/trelleborg/T510/15x6_00R6.xml" isLeft="false"/>
            <dynamicallyLoadedWheel linkNode="backWheelsLeft5" filename="$data/shared/wheels/tires/trelleborg/T510/15x6_00R6.xml" isLeft="true"/>
            <dynamicallyLoadedWheel linkNode="backWheelsRight5" filename="$data/shared/wheels/tires/trelleborg/T510/15x6_00R6.xml" isLeft="false"/>
            <dynamicallyLoadedWheel linkNode="frontWheelsLeft6" filename="$data/shared/wheels/tires/trelleborg/T510/15x6_00R6.xml" isLeft="true"/>
            <dynamicallyLoadedWheel linkNode="frontWheelsRight6" filename="$data/shared/wheels/tires/trelleborg/T510/15x6_00R6.xml" isLeft="false"/>
            <dynamicallyLoadedWheel linkNode="backWheelsLeft7" filename="$data/shared/wheels/tires/trelleborg/T510/15x6_00R6.xml" isLeft="true"/>
            <dynamicallyLoadedWheel linkNode="backWheelsRight7" filename="$data/shared/wheels/tires/trelleborg/T510/15x6_00R6.xml" isLeft="false"/>
            <dynamicallyLoadedWheel linkNode="frontWheelsLeft7" filename="$data/shared/wheels/tires/trelleborg/T510/15x6_00R6.xml" isLeft="true"/>
            <dynamicallyLoadedWheel linkNode="frontWheelsRight7" filename="$data/shared/wheels/tires/trelleborg/T510/15x6_00R6.xml" isLeft="false"/>
            <dynamicallyLoadedWheel linkNode="backWheelsLeft8" filename="$data/shared/wheels/tires/trelleborg/T510/15x6_00R6.xml" isLeft="true"/>
            <dynamicallyLoadedWheel linkNode="backWheelsRight8" filename="$data/shared/wheels/tires/trelleborg/T510/15x6_00R6.xml" isLeft="false"/>
            <dynamicallyLoadedWheel linkNode="frontWheelsLeft5" filename="$data/shared/wheels/tires/trelleborg/T510/15x6_00R6.xml" isLeft="true"/>
            <dynamicallyLoadedWheel linkNode="frontWheelsRight5" filename="$data/shared/wheels/tires/trelleborg/T510/15x6_00R6.xml" isLeft="false"/>
            <dynamicallyLoadedWheel linkNode="backWheelsLeft6" filename="$data/shared/wheels/tires/trelleborg/T510/15x6_00R6.xml" isLeft="true"/>
            <dynamicallyLoadedWheel linkNode="backWheelsRight6" filename="$data/shared/wheels/tires/trelleborg/T510/15x6_00R6.xml" isLeft="false"/>
        </dynamicallyLoadedWheels>
    </wheels>

    <speedRotatingParts>
        <speedRotatingPart node="leftArmWheel"  radius="0.336" driveNode="wheelLeftFront"  dirRefNode="leftArmDirRefNode"  dirFrameNode="leftArmWheelRot"  wheelIndex="3" alignDirection="true"/>
        <speedRotatingPart node="rightArmWheel" radius="0.336" driveNode="wheelRightFront" dirRefNode="rightArmDirRefNode" dirFrameNode="rightArmWheelRot" wheelIndex="4" alignDirection="true"/>

        <speedRotatingPart node="frontWheels1" radius="0.18" foldMinLimit="0" foldMaxLimit="0.14"/>
        <speedRotatingPart node="backWheels1" radius="0.18" foldMinLimit="0" foldMaxLimit="0.14"/>
        <speedRotatingPart node="frontWheels2" radius="0.18" foldMinLimit="0" foldMaxLimit="0.08"/>
        <speedRotatingPart node="backWheels2" radius="0.18" foldMinLimit="0" foldMaxLimit="0.08"/>
        <speedRotatingPart node="backWheels3" radius="0.18" foldMinLimit="0" foldMaxLimit="0.02"/>
        <speedRotatingPart node="frontWheels3" radius="0.18" foldMinLimit="0" foldMaxLimit="0.02"/>
        <speedRotatingPart node="frontWheels6" radius="0.18" foldMinLimit="0" foldMaxLimit="0.14"/>
        <speedRotatingPart node="backWheels6" radius="0.18" foldMinLimit="0" foldMaxLimit="0.14"/>
        <speedRotatingPart node="frontWheels5" radius="0.18" foldMinLimit="0" foldMaxLimit="0.08"/>
        <speedRotatingPart node="backWheels5" radius="0.18" foldMinLimit="0" foldMaxLimit="0.08"/>
        <speedRotatingPart node="backWheels4" radius="0.18" foldMinLimit="0" foldMaxLimit="0.02"/>
        <speedRotatingPart node="frontWheels4" radius="0.18" foldMinLimit="0" foldMaxLimit="0.02"/>
    </speedRotatingParts>

    <attachable>
        <inputAttacherJoints>
            <inputAttacherJoint node="attacherJoint" jointType="implement" allowsLowering="false" isDefaultLowered="true" lowerRotLimitScale="1 0 1" lowerTransLimitScale="0.05 0.05 0.05" needsLowering="false" rootNode="attacher" upperRotLimitScale="1 0 1">
                <distanceToGround lower="0.66" upper="0.66"/>
            </inputAttacherJoint>
        </inputAttacherJoints>

        <brakeForce force="0.6"/>
        <steeringAxleAngleScale backwards="true" speedDependent="false"/>
        <support animationName="moveSupport"/>
    </attachable>

    <powerTakeOffs>
        <input aboveAttacher="true" detachNode="ptoDetachNode" filename="$data/shared/assets/powerTakeOffs/walterscheidWWZ.xml" inputAttacherJointIndices="1" inputNode="ptoInputNode"/>
    </powerTakeOffs>

    <connectionHoses>
        <hose diameter="0.015" inputAttacherJointIndices="1" length="1.5" node="hydraulicIn01" straighteningFactor="1" type="hydraulicIn">
            <objectChange node="hydraulicIn01_detached" visibilityActive="false" visibilityInactive="true"/>
        </hose>
        <hose diameter="0.015" inputAttacherJointIndices="1" length="1.5" node="hydraulicOut01" straighteningFactor="1" type="hydraulicOut">
            <objectChange node="hydraulicOut01_detached" visibilityActive="false" visibilityInactive="true"/>
        </hose>
        <hose diameter="0.015" inputAttacherJointIndices="1" length="1.5" node="hydraulicIn02" straighteningFactor="1" type="hydraulicIn">
            <objectChange node="hydraulicIn02_detached" visibilityActive="false" visibilityInactive="true"/>
        </hose>
        <hose diameter="0.015" inputAttacherJointIndices="1" length="1.5" node="hydraulicOut02" straighteningFactor="1" type="hydraulicOut">
            <objectChange node="hydraulicOut02_detached" visibilityActive="false" visibilityInactive="true"/>
        </hose>
    </connectionHoses>

    <licensePlates>
        <licensePlate node="licensePlate" position="BACK" preferedType="ELONGATED" placementArea="0.06 0.14 0.06 0.14">
            <objectChange node="decalSpeedLimit" scaleActive="0.7 0.7 1" scaleInactive="1 1 1" translationActive="-0.013 1.682 -6.834" translationInactive="-0.013 1.621 -6.834"/>
        </licensePlate>
    </licensePlates>

    <powerConsumer ptoRpm="400" neededMinPtoPower="25" neededMaxPtoPower="25"/>

    <lights>
        <realLights>
            <low>
                <light node="workLightReal" lightTypes="1"/>
            </low>
            <high>
                <light node="backLightsHigh" lightTypes="0"/>
                <light node="workLightReal" lightTypes="1"/>
                <turnLightLeft node="turnLightLeftFront"/>
                <turnLightLeft node="turnLightLeftBack"/>
                <turnLightRight node="turnLightRightFront"/>
                <turnLightRight node="turnLightRightBack"/>
                <brakeLight node="backLightsHigh"/>
            </high>
        </realLights>

        <beaconLights>
            <beaconLight node="beaconLight" filename="$data/shared/assets/beaconLights/lizard/beaconLight02.xml"/>
        </beaconLights>

        <sharedLight linkNode="rear3ChamberLight_04_left" filename="$data/shared/assets/lights/lizard/rearLight11_left.xml"/>
        <sharedLight linkNode="rear3ChamberLight_04_right" filename="$data/shared/assets/lights/lizard/rearLight11_right.xml"/>
        <sharedLight linkNode="leftFrontFlasher" filename="$data/shared/assets/lights/lizard/frontLight06Orange_left.xml"/>
        <sharedLight linkNode="rightFrontFlasher" filename="$data/shared/assets/lights/lizard/frontLight06Orange_right.xml"/>
        <sharedLight linkNode="workingLight" filename="$data/shared/assets/lights/lizard/workingLight01.xml"/>
        <sharedLight linkNode="reflectorFoldingMover" filename="$data/shared/assets/reflectors/lizard/whiteRound_03.xml"/>
        <sharedLight linkNode="reflectorWhiteLeft" filename="$data/shared/assets/reflectors/lizard/whiteRectangle_01.xml"/>
        <sharedLight linkNode="reflectorWhiteRight" filename="$data/shared/assets/reflectors/lizard/whiteRectangle_01.xml"/>
        <sharedLight linkNode="rightArmReflector01" filename="$data/shared/assets/reflectors/lizard/yellowRound_03.xml"/>
        <sharedLight linkNode="rightArmReflector02" filename="$data/shared/assets/reflectors/lizard/yellowRound_03.xml"/>
        <sharedLight linkNode="rightArmReflector03" filename="$data/shared/assets/reflectors/lizard/yellowRound_03.xml"/>
        <sharedLight linkNode="rightOuterArmReflector01" filename="$data/shared/assets/reflectors/lizard/yellowRound_03.xml"/>
        <sharedLight linkNode="rightOuterArmReflector02" filename="$data/shared/assets/reflectors/lizard/yellowRound_03.xml"/>
        <sharedLight linkNode="rightOuterArmReflector03" filename="$data/shared/assets/reflectors/lizard/yellowRound_03.xml"/>
        <sharedLight linkNode="rightOuterArmReflector04" filename="$data/shared/assets/reflectors/lizard/yellowRound_03.xml"/>
        <sharedLight linkNode="leftArmReflector01" filename="$data/shared/assets/reflectors/lizard/yellowRound_03.xml"/>
        <sharedLight linkNode="leftArmReflector02" filename="$data/shared/assets/reflectors/lizard/yellowRound_03.xml"/>
        <sharedLight linkNode="leftArmReflector03" filename="$data/shared/assets/reflectors/lizard/yellowRound_03.xml"/>
        <sharedLight linkNode="leftOuterArmReflector01" filename="$data/shared/assets/reflectors/lizard/yellowRound_03.xml"/>
        <sharedLight linkNode="leftOuterArmReflector02" filename="$data/shared/assets/reflectors/lizard/yellowRound_03.xml"/>
        <sharedLight linkNode="leftOuterArmReflector03" filename="$data/shared/assets/reflectors/lizard/yellowRound_03.xml"/>
        <sharedLight linkNode="leftOuterArmReflector04" filename="$data/shared/assets/reflectors/lizard/yellowRound_03.xml"/>
    </lights>

    <groundReferenceNodes>
        <groundReferenceNode node="rowerLeftFrontGroundRefNode"   threshold="0.3" onlyActiveWhenLowered="false"/>
        <groundReferenceNode node="rowerRightFrontGroundRefNode"  threshold="0.3" onlyActiveWhenLowered="false"/>
        <groundReferenceNode node="rowerLeftMiddleGroundRefNode"  threshold="0.3" onlyActiveWhenLowered="false"/>
        <groundReferenceNode node="rowerRightMiddleGroundRefNode" threshold="0.3" onlyActiveWhenLowered="false"/>
        <groundReferenceNode node="rowerLeftBackGroundRefNode"    threshold="0.3" onlyActiveWhenLowered="false"/>
        <groundReferenceNode node="rowerRightBackGroundRefNode"   threshold="0.3" onlyActiveWhenLowered="false"/>
    </groundReferenceNodes>

    <workAreas>
        <!-- Front Process-->
        <workArea disableBackwards="false" functionName="processWindrowerArea" type="windrower" >
            <area startNode="rowerLeftFrontStartIndex" widthNode="rowerLeftFrontWidthIndex" heightNode="rowerLeftFrontHeightIndex" />
            <groundReferenceNode index="1" />
            <windrower dropWindrowWorkAreaIndex="7" />
            <testAreas autoGenerate="true" zOffset="0.5" xOffset="0" length="1.5" numAreas="3" areaWidthScale="0.25"/>
            <onlyActiveWhenLowered value="false"/>
        </workArea>
        <workArea disableBackwards="false" functionName="processWindrowerArea" type="windrower">
            <area heightNode="rowerRightFrontHeightIndex" startNode="rowerRightFrontStartIndex" widthNode="rowerRightFrontWidthIndex"/>
            <groundReferenceNode index="2"/>
            <windrower dropWindrowWorkAreaIndex="8"/>
            <testAreas autoGenerate="true" zOffset="0.5" xOffset="0" length="1.5" numAreas="3" areaWidthScale="0.25"/>
            <onlyActiveWhenLowered value="false"/>
        </workArea>
        <!-- Middle Process -->
        <workArea disableBackwards="false" functionName="processWindrowerArea" type="windrower">
            <area heightNode="rowerLeftMiddleHeightIndex" startNode="rowerLeftMiddleStartIndex" widthNode="rowerLeftMiddleWidthIndex"/>
            <groundReferenceNode index="3"/>
            <windrower dropWindrowWorkAreaIndex="9"/>
            <testAreas autoGenerate="true" zOffset="0.5" xOffset="0" length="1.5" numAreas="3" areaWidthScale="0.25"/>
            <onlyActiveWhenLowered value="false"/>
        </workArea>
        <workArea disableBackwards="false" functionName="processWindrowerArea" type="windrower">
            <area heightNode="rowerRightMiddleHeightIndex" startNode="rowerRightMiddleStartIndex" widthNode="rowerRightMiddleWidthIndex"/>
            <groundReferenceNode index="4"/>
            <windrower dropWindrowWorkAreaIndex="10"/>
            <testAreas autoGenerate="true" zOffset="0.5" xOffset="0" length="1.5" numAreas="3" areaWidthScale="0.25"/>
            <onlyActiveWhenLowered value="false"/>
        </workArea>
        <!-- Back Process -->
        <workArea disableBackwards="false" functionName="processWindrowerArea" type="windrower">
            <area heightNode="rowerLeftBackHeightIndex" startNode="rowerLeftBackStartIndex" widthNode="rowerLeftBackWidthIndex"/>
            <groundReferenceNode index="5"/>
            <windrower dropWindrowWorkAreaIndex="11"/>
            <testAreas autoGenerate="true" zOffset="0.5" xOffset="0" length="1.5" numAreas="3" areaWidthScale="0.25"/>
            <onlyActiveWhenLowered value="false"/>
        </workArea>
        <workArea disableBackwards="false" functionName="processWindrowerArea" type="windrower">
            <area heightNode="rowerRightBackHeightIndex" startNode="rowerRightBackStartIndex" widthNode="rowerRightBackWidthIndex"/>
            <groundReferenceNode index="6"/>
            <windrower dropWindrowWorkAreaIndex="11"/>
            <testAreas autoGenerate="true" zOffset="0.5" xOffset="0" length="1.5" numAreas="3" areaWidthScale="0.25"/>
            <onlyActiveWhenLowered value="false"/>
        </workArea>
        <!-- Front Drop -->
        <workArea type="auxiliary">
            <area heightNode="rowerLeftFrontDropHeightIndex" startNode="rowerLeftFrontDropStartIndex" widthNode="rowerLeftFrontDropWidthIndex"/>
        </workArea>
        <workArea type="auxiliary">
            <area heightNode="rowerRightFrontDropHeightIndex" startNode="rowerRightFrontDropStartIndex" widthNode="rowerRightFrontDropWidthIndex"/>
        </workArea>
        <!-- Middle Drop -->
        <workArea type="auxiliary">
            <area heightNode="rowerLeftMiddleDropHeightIndex" startNode="rowerLeftMiddleDropStartIndex" widthNode="rowerLeftMiddleDropWidthIndex"/>
        </workArea>
        <workArea type="auxiliary">
            <area heightNode="rowerRightMiddleDropHeightIndex" startNode="rowerRightMiddleDropStartIndex" widthNode="rowerRightMiddleDropWidthIndex"/>
        </workArea>
        <!-- Rear Drop -->
        <workArea type="auxiliary">
            <area heightNode="rowerBackDropHeightIndex" startNode="rowerBackDropStartIndex" widthNode="rowerBackDropWidthIndex"/>
        </workArea>
    </workAreas>

    <animations>
        <animation name="moveSupport">
            <part node="support" startTime="0" endTime="0.6" startRot="80 0 0" endRot="0 0 0"/>
            <part startTime="0" endTime="0.01" componentJointIndex="1" startRotLimit="0 40 0" endRotLimit="0 0 0"/>

            <sound template="sheetImp01" startTime="0.59" volumeScale="1"   pitchScale="0.8" linkNode="attacherJoint"/>
            <sound template="latchSmall" startTime="0.59" volumeScale="0.1" pitchScale="1.6" linkNode="attacherJoint"/>
            <sound template="sheetImp05" startTime="0.1"  volumeScale="1"   pitchScale="1.2" linkNode="attacherJoint"/>
        </animation>

        <animation name="folding">
            <part node="foldingMover" startTime="3" endTime="7.5" startTrans="-0.03308 1.61996 0.21134" endTrans="-0.03308 1.61996 2.73124"/>
            <part node="leftArm" startTime="3" endTime="7.5" startRot="0 0 0" endRot="0 -55 0"/>
            <part node="leftMiddleRotorRotArm" startTime="3" endTime="7.5" startRot="0 0 0" endRot="0 55 0"/>
            <part node="leftOuterRotorRotArm" startTime="3" endTime="7.5" startRot="0 0 0" endRot="0 55 0"/>
            <part node="leftBackRotorJointBase" direction="-1" startTime="0" endTime="0.8" startRot="0 0 0" endRot="0 0 20"/>
            <part direction="-1" startTime="0" endTime="0.8" componentJointIndex="2" startRotLimit="0 0 9" startTransLimit="0 0.4 0" endRotLimit="0 0 0" endTransLimit="0 0 0"/>
            <part node="leftBackRotorJointBase" direction="1" startTime="1.3" endTime="2.1" startRot="0 0 0" endRot="0 0 20"/>
            <part direction="1" startTime="1.3" endTime="2.1" componentJointIndex="2" startRotLimit="0 0 9" startTransLimit="0 0.4 0" endRotLimit="0 0 0" endTransLimit="0 0 0"/>
            <part node="leftBackRotorJointBase" startTime="8" endTime="13" startRot="0 0 20" endRot="0 0 90"/>
            <part node="leftBackRotorJoint" startTime="8" endTime="13" startTrans="1.81918 -0.07213 0" endTrans="1.33118 -0.07213 0"/>
            <part node="leftBackRotorOuterArm" startTime="8" endTime="13" startTrans="0 0 1.82061" endTrans="0 0 1.33261"/>
            <part node="leftMiddleJointBase" startTime="0.8" endTime="2" startRot="0 0 0" endRot="0 0 30"/>
            <part startTime="0.65" endTime="1.45" componentJointIndex="4" startRotLimit="0 0 9" startTransLimit="0 0.4 0" endRotLimit="0 0 0" endTransLimit="0 0 0"/>
            <part node="leftMiddleJointBase" startTime="8" endTime="13" startRot="0 0 30" endRot="0 0 110"/>
            <part node="leftMiddleJointBaseJoint" startTime="8" endTime="13" startRot="0 0 0" endRot="0 0 -20"/>
            <part node="leftFrontJointBase" direction="-1" startTime="1.3" endTime="2.1" startRot="0 0 0" endRot="0 0 30"/>
            <part direction="-1" startTime="1.3" endTime="2.1" componentJointIndex="6" startRotLimit="0 0 9" startTransLimit="0 0.4 0" endRotLimit="0 0 0" endTransLimit="0 0 0"/>
            <part node="leftFrontJointBase" direction="1" startTime="0" endTime="0.8" startRot="0 0 0" endRot="0 0 30"/>
            <part direction="1" startTime="0" endTime="0.8" componentJointIndex="6" startRotLimit="0 0 9" startTransLimit="0 0.4 0" endRotLimit="0 0 0" endTransLimit="0 0 0"/>
            <part node="leftFrontJointBase" startTime="8" endTime="13" startRot="0 0 30" endRot="0 0 110"/>
            <part node="leftFrontJointBaseJoint" startTime="8" endTime="13" startRot="0 0 0" endRot="0 0 -20"/>
            <part node="leftWheelBottomArm" startTime="13" endTime="15" startRot="0 0 0" endRot="-60 0 0"/>
            <part node="leftWheelColJointRot" startTime="3" endTime="7.5" startRot="0 0 0" endRot="0 55 0"/>
            <part node="leftWheelColJoint" startTime="13" endTime="15" startTrans="-0.00249 -0.40087 0.75124" endTrans="-0.00249 -0.05072 0.75124"/>
            <part componentJointIndex="8" startTime="13" endTime="15" endTransLimit="0 0 0" endRotLimit="0 0 0"/>
            <part node="rightArm" startTime="3" endTime="7.5" startRot="0 0 0" endRot="0 55 0"/>
            <part node="rightMiddleRotorRotArm" startTime="3" endTime="7.5" startRot="0 0 0" endRot="0 -55 0"/>
            <part node="rightOuterRotorRotArm" startTime="3" endTime="7.5" startRot="0 0 0" endRot="0 -55 0"/>
            <part node="rightBackRotorJointBase" direction="-1" startTime="0" endTime="0.8" startRot="0 0 0" endRot="0 0 -20"/>
            <part direction="-1" startTime="0" endTime="0.8" componentJointIndex="3" startRotLimit="0 0 9" startTransLimit="0 0.4 0" endRotLimit="0 0 0" endTransLimit="0 0 0"/>
            <part node="rightBackRotorJointBase" direction="1" startTime="1.3" endTime="2.1" startRot="0 0 0" endRot="0 0 -20"/>
            <part direction="1" startTime="1.3" endTime="2.1" componentJointIndex="3" startRotLimit="0 0 9" startTransLimit="0 0.4 0" endRotLimit="0 0 0" endTransLimit="0 0 0"/>
            <part node="rightBackRotorJointBase" startTime="8" endTime="13" startRot="0 0 -20" endRot="0 0 -90"/>
            <part node="rightBackRotorJoint" startTime="8" endTime="13" startTrans="-1.81918 -0.07213 0" endTrans="-1.33118 -0.07213 0"/>
            <part node="rightBackRotorOuterArm" startTime="8" endTime="13" startTrans="0 0 1.82061" endTrans="0 0 1.33261"/>
            <part node="rightMiddleJointBase" startTime="0.8" endTime="2" startRot="0 0 0" endRot="0 0 -30"/>
            <part startTime="0.65" endTime="1.45" componentJointIndex="5" startRotLimit="0 0 9" startTransLimit="0 0.4 0" endRotLimit="0 0 0" endTransLimit="0 0 0"/>
            <part node="rightMiddleJointBase" startTime="8" endTime="13" startRot="0 0 -30" endRot="0 0 -105"/>
            <part node="rightMiddleJointBaseJoint" startTime="8" endTime="13" startRot="0 0 0" endRot="0 0 15"/>
            <part node="rightFrontJointBase" direction="-1" startTime="1.3" endTime="2.1" startRot="0 0 0" endRot="0 0 -30"/>
            <part direction="-1" startTime="1.3" endTime="2.1" startRotLimit="0 0 9" startTransLimit="0 0.4 0" componentJointIndex="7" endRotLimit="0 0 0" endTransLimit="0 0 0"/>
            <part node="rightFrontJointBase" direction="1" startTime="0" endTime="0.8" startRot="0 0 0" endRot="0 0 -30"/>
            <part direction="1" startTime="0" endTime="0.8" startRotLimit="0 0 9" startTransLimit="0 0.4 0" componentJointIndex="7" endRotLimit="0 0 0" endTransLimit="0 0 0"/>
            <part node="rightFrontJointBase" startTime="8" endTime="13" startRot="0 0 -30" endRot="0 0 -105"/>
            <part node="rightFrontJointBaseJoint" startTime="8" endTime="13" startRot="0 0 0" endRot="0 0 15"/>
            <part node="rightWheelBottomArm" startTime="13" endTime="15" startRot="0 0 0" endRot="-60 0 0"/>
            <part node="rightWheelColJointRot" startTime="3" endTime="7.5" startRot="0 0 0" endRot="0 -55 0"/>
            <part node="rightWheelColJoint" startTime="13" endTime="15" startTrans="0.00249 -0.40087 0.75124" endTrans="0.00249 -0.05072 0.75124"/>
            <part componentJointIndex="9" startTime="13" endTime="15" endTransLimit="0 0 0" endRotLimit="0 0 0"/>
            <part node="steeringRotArm" startTime="0" endTime="3" startRot="0 0 0" endRot="0 45 0"/>

            <sound template="defaultHydraulicSound" startTime="12.99" endTime="14.99" volumeScale="1"   pitchScale="1.1" fadeIn="0.1" fadeOut="0.1" />
            <sound template="defaultHydraulicSound" startTime="7.99"  endTime="12.99" volumeScale="1.2" pitchScale="1"   fadeIn="0.1" fadeOut="0.1" />
            <sound template="defaultHydraulicSound" startTime="2.99"  endTime="7.49"  volumeScale="1.5" pitchScale="0.7" fadeIn="0.1" fadeOut="0.1" />
            <sound template="defaultHydraulicSound" startTime="0.1"   endTime="2.59"  volumeScale="1.2" pitchScale="1"   fadeIn="0.1" fadeOut="0.1" />
            <sound template="sheetImp01"            startTime="7.49"  direction="1"   volumeScale="1.2" pitchScale="0.6" />
            <sound template="sheetImp06"            startTime="2.99"  direction="-1"  volumeScale="1.2" pitchScale="0.8" />
        </animation>
    </animations>

    <foldable>
        <foldingConfigurations>
            <foldingConfiguration>
                <foldingParts startMoveDirection="1" turnOnFoldMinLimit="0" turnOnFoldMaxLimit="0.25" foldMiddleAnimTime="0.1616">
                    <foldingPart animationName="folding" speedScale="1.0"/>
                </foldingParts>
            </foldingConfiguration>
        </foldingConfigurations>
    </foldable>

    <cylindered>
        <movingParts>
            <movingPart node="rightArmPowershaft" referencePoint="rightArmPowershaftRef" referenceFrame="kroneSwadro2000_main_component1" scaleZ="true"/>
            <movingPart node="leftArmPowershaft" referencePoint="leftArmPowershaftRef" referenceFrame="kroneSwadro2000_main_component1" scaleZ="true"/>
            <movingPart node="leftBackRotorPowershaft" referencePoint="rowerLeftBackPowershaftRef" referenceFrame="leftBackRotorArm" scaleZ="true" />
            <movingPart node="rightBackRotorArmPowershaft" referencePoint="rowerRightBackPowershaftRef" referenceFrame="rightBackRotorArm" scaleZ="true" />
            <movingPart node="leftBackPowershaft" referencePoint="leftBackPowershaftRef" referenceFrame="kroneSwadro2000_main_component1" scaleZ="true" />
            <movingPart node="rightBackPowershaft" referencePoint="rightBackPowershaftRef" referenceFrame="kroneSwadro2000_main_component1" scaleZ="true" />
            <movingPart node="leftMiddlePowershaft" referencePoint="leftMiddlePowershaftRef" referenceFrame="kroneSwadro2000_main_component1" scaleZ="true" />
            <movingPart node="rightMiddlePowershaft" referencePoint="rightMiddlePowershaftRef" referenceFrame="kroneSwadro2000_main_component1" scaleZ="true" />
            <movingPart node="rightFrontPowershaft" referencePoint="rightFrontPowershaftRef" referenceFrame="kroneSwadro2000_main_component1" scaleZ="true" />
            <movingPart node="leftFrontPowershaft" referencePoint="leftFrontPowershafRef" referenceFrame="kroneSwadro2000_main_component1" scaleZ="true" />

            <movingPart node="steeringMain" referenceFrame="leftWheel_vis" isActiveDirty="true" maxUpdateDistance="300" >
                <dependentPart node="steeringBarLeft"/>
                <dependentPart node="steeringBarRight"/>
                <dependentPart node="backPendulum"/>
            </movingPart>

            <movingPart node="steeringBarLeft" referencePoint="steeringBarLeftFixpoint" referenceFrame="kroneSwadro2000_main_component1" scaleZ="true" />
            <movingPart node="steeringBarRight" referencePoint="steeringBarRightFixpoint" referenceFrame="kroneSwadro2000_main_component1" scaleZ="true" />
            <movingPart node="backPendulum" referencePoint="mainSteeringBackFixpoint" localReferencePoint="mainSteeringBack" referenceFrame="backPendulumRef" >
                <dependentPart node="mainSteeringBack"/>
                <dependentPart node="frontPendulum"/>
            </movingPart>

            <movingPart node="mainSteeringBack" referencePoint="mainSteeringBackFixpoint" referenceFrame="kroneSwadro2000_main_component1" />

            <movingPart node="frontPendulum" referencePoint="mainSteeringMiddleFixpoint" localReferencePoint="mainSteeringMiddle" referenceFrame="frontPendulumRef" >
                <dependentPart node="steerCylinder"/>
                <dependentPart node="mainSteeringMiddle"/>
            </movingPart>
            <movingPart node="mainSteeringMiddle" referencePoint="mainSteeringMiddleFixpoint" referenceFrame="kroneSwadro2000_main_component1" />
            <movingPart node="steerCylinder" referencePoint="attacherHydraulicFixpoint" referenceFrame="kroneSwadro2000_main_component1" >
                <translatingPart node="steerCylinderPunch"/>
            </movingPart>
            <movingPart node="steerHydraulic" referencePoint="steerHydraulicRef" referenceFrame="kroneSwadro2000_main_component1">
                <translatingPart node="steerHydraulicPunch"/>
            </movingPart>

            <movingPart node="foldingMoverLeftArmBar" referencePoint="leftArmBarFixpoint" referenceFrame="kroneSwadro2000_main_component1" scaleZ="true"/>
            <movingPart node="foldingMoverRightArmBar" referencePoint="rightArmBarFixpoint" referenceFrame="kroneSwadro2000_main_component1" scaleZ="true"/>
            <movingPart node="leftMiddleArmBar" referencePoint="leftMiddleArmBarFixpoint" referenceFrame="kroneSwadro2000_main_component1" scaleZ="true"/>
            <movingPart node="leftOuterArmBar" referencePoint="leftOuterArmBarFixpoint" referenceFrame="kroneSwadro2000_main_component1" scaleZ="true"/>
            <movingPart node="rightMiddleArmBar" referencePoint="rightMiddleArmBarFixpoint" referenceFrame="kroneSwadro2000_main_component1" scaleZ="true"/>
            <movingPart node="rightOuterArmBar" referencePoint="rightOuterArmBarFixpoint" referenceFrame="kroneSwadro2000_main_component1" scaleZ="true"/>

            <movingPart node="leftBackRotorArm" referencePoint="leftBackRotorRef" referenceFrame="leftBackRotorRef" isActiveDirty="true" maxUpdateDistance="300" limitedAxis="3" >
                <dependentPart node="leftBackRotorHydraulic"/>
                <dependentPart node="frame2"/>
                <dependentPart node="leftBackRotorPowershaft"/>
                <dependentPart node="leftBackPowershaft"/>
            </movingPart>
            <movingPart node="leftBackRotorHydraulic" referencePoint="leftBackRotorHydraulicFixpoint" referenceFrame="leftBackRotorHydraulicFixpoint" >
                <translatingPart node="leftBackRotorHydraulicPunch"/>
            </movingPart>
            <movingPart node="frame2" referenceFrame="leftBackRotorRef" />

            <movingPart node="leftWheelArmMain" localReferencePoint="leftWheelArmTop" referencePoint="leftWheelArmTopFixpoint" referenceFrame="leftWheelArmTopFixpoint">
                <dependentPart node="leftWheelArmTop"/>
                <dependentPart node="leftWheelHydraulic"/>
            </movingPart>
            <movingPart node="leftWheelHydraulic" referencePoint="leftWheelHydraulicFixpoint" referenceFrame="leftWheelHydraulicFixpoint">
                <translatingPart node="leftWheelHydraulicPunch"/>
            </movingPart>
            <movingPart node="leftWheelArmTop" referencePoint="leftWheelArmTopFixpoint" referenceFrame="kroneSwadro2000_main_component1" scaleZ="true"/>

            <movingPart node="rightWheelArmMain" localReferencePoint="rightWheelArmTop" referencePoint="rightWheelArmTopFixpoint" referenceFrame="rightWheelArmTopFixpoint">
                <dependentPart node="rightWheelArmTop"/>
                <dependentPart node="rightWheelHydraulic"/>
            </movingPart>
            <movingPart node="rightWheelHydraulic" referencePoint="rightWheelHydraulicFixpoint" referenceFrame="rightWheelHydraulicFixpoint">
                <translatingPart node="rightWheelHydraulicPunch"/>
            </movingPart>
            <movingPart node="rightWheelArmTop" referencePoint="rightWheelArmTopFixpoint" referenceFrame="kroneSwadro2000_main_component1" scaleZ="true"/>

            <movingPart node="rightBackRotorArm" referencePoint="rightBackRotorRef" referenceFrame="rightBackRotorRef" isActiveDirty="true" maxUpdateDistance="300" limitedAxis="3" >
                <dependentPart node="rightBackRotorHydraulic"/>
                <dependentPart node="rightBackFrame"/>
                <dependentPart node="rightBackRotorArmPowershaft"/>
                <dependentPart node="rightBackPowershaft"/>
            </movingPart>
            <movingPart node="rightBackRotorHydraulic" referencePoint="rightBackRotorHydraulicFixpoint" referenceFrame="rightBackRotorHydraulicFixpoint" >
                <translatingPart node="rightBackRotorHydraulicPunch"/>
            </movingPart>
            <movingPart node="rightBackFrame" referenceFrame="rightBackRotorRef" />

            <movingPart node="leftMiddleRotorArm" referencePoint="leftMiddleRotorRef" referenceFrame="leftMiddleRotorCol" isActiveDirty="true" maxUpdateDistance="300" limitedAxis="3" >
                <dependentPart node="leftMiddleRotorArmFrameRot"/>
                <dependentPart node="leftMiddleRotorHydraulic"/>
                <dependentPart node="leftMiddlePowershaft"/>
            </movingPart>
            <movingPart node="leftMiddleRotorHydraulic" referencePoint="leftMiddleRotorHydraulicFixpoint" referenceFrame="leftMiddleRotorHydraulicFixpoint" >
                <translatingPart node="leftMiddleRotorHydraulicPunch"/>
            </movingPart>
            <movingPart node="leftMiddleRotorArmFrameRot" referenceFrame="leftMiddleRotorRef" />

            <movingPart node="leftOuterRotorArm" referencePoint="leftFrontRotorRef" referenceFrame="leftFrontRotorCol" isActiveDirty="true" maxUpdateDistance="300" limitedAxis="3" >
                <dependentPart node="leftOuterRotorArmFrameRot"/>
                <dependentPart node="leftOuterRotorHydraulic"/>
                <dependentPart node="leftFrontPowershaft"/>
            </movingPart>
            <movingPart node="leftOuterRotorHydraulic" referencePoint="leftOuterRotorHydraulicFixpoint" referenceFrame="leftOuterRotorHydraulicFixpoint" >
                <translatingPart node="leftOuterRotorHydraulicPunch"/>
            </movingPart>
            <movingPart node="leftOuterRotorArmFrameRot" referenceFrame="leftFrontRotorRef" />

            <movingPart node="rightMiddleRotorArm" referencePoint="rightMiddleRotorRef" referenceFrame="rightMiddleRotorCol" isActiveDirty="true" maxUpdateDistance="300" limitedAxis="3" >
                <dependentPart node="rightMiddleFrameRot"/>
                <dependentPart node="rightMiddleRotorHydraulic"/>
                <dependentPart node="rightMiddlePowershaft"/>
            </movingPart>
            <movingPart node="rightMiddleRotorHydraulic" referencePoint="rightMiddleRotorHydraulicFixpoint" referenceFrame="rightMiddleRotorHydraulicFixpoint" >
                <translatingPart node="rightMiddleRotorHydraulicPunch"/>
            </movingPart>
            <movingPart node="rightMiddleFrameRot" referenceFrame="rightMiddleRotorRef" />

            <movingPart node="rightOuterRotorArm" referencePoint="rightFrontRotorRef" referenceFrame="rightFrontRotorCol" isActiveDirty="true" maxUpdateDistance="300" limitedAxis="3" >
                <dependentPart node="rightOuterFrameRot"/>
                <dependentPart node="rightOuterRotorHydraulic"/>
                <dependentPart node="rightFrontPowershaft"/>
            </movingPart>
            <movingPart node="rightOuterRotorHydraulic" referencePoint="rightOuterRotorHydraulicFixpoint" referenceFrame="rightOuterRotorHydraulicFixpoint" >
                <translatingPart node="rightOuterRotorHydraulicPunch"/>
            </movingPart>
            <movingPart node="rightOuterFrameRot" referenceFrame="rightFrontRotorRef" />
        </movingParts>

        <movingTools>
            <movingTool node="support">
                <dependentPart node="steerCylinder"/>
            </movingTool>

            <movingTool node="foldingMover">
                <dependentPart node="foldingMoverLeftArmBar"/>
                <dependentPart node="foldingMoverRightArmBar"/>
                <dependentPart node="rightMiddleArmBar"/>
                <dependentPart node="leftMiddleArmBar"/>
            </movingTool>

            <movingTool node="leftMiddleRotorRotArm">
                <componentJoint index="4" anchorActor="0"/>
                <dependentPart node="leftOuterArmBar"/>
            </movingTool>

            <movingTool node="rightMiddleRotorRotArm">
                <componentJoint index="5" anchorActor="0"/>
                <dependentPart node="rightOuterArmBar"/>
            </movingTool>

            <movingTool node="leftOuterRotorRotArm">
                <componentJoint index="6" anchorActor="0"/>
            </movingTool>

            <movingTool node="rightOuterRotorRotArm">
                <componentJoint index="7" anchorActor="0"/>
            </movingTool>

            <movingTool node="leftWheelBottomArm">
                <componentJoint index="8" anchorActor="0"/>
                <dependentPart node="leftWheelArmMain"/>
            </movingTool>

            <movingTool node="rightWheelBottomArm">
                <componentJoint index="9" anchorActor="0"/>
                <dependentPart node="rightWheelArmMain"/>
            </movingTool>

            <movingTool node="steeringRotArm">
                <dependentPart node="steerHydraulic"/>
                <dependentPart node="steerCylinder"/>
            </movingTool>

            <movingTool node="leftBackRotorJointBase">
                <componentJoint index="2" anchorActor="0"/>
                <dependentPart node="leftBackRotorArm"/>
            </movingTool>

            <movingTool node="rightBackRotorJointBase">
                <componentJoint index="3" anchorActor="0"/>
                <dependentPart node="rightBackRotorArm"/>
            </movingTool>

            <movingTool node="leftArm">
                <componentJoint index="8" anchorActor="0"/>
                <componentJoint index="9" anchorActor="0"/>
                <dependentPart node="leftArmPowershaft"/>
            </movingTool>

            <movingTool node="rightArm">
                <componentJoint index="9" anchorActor="0"/>
                <dependentPart node="rightArmPowershaft"/>
            </movingTool>

            <movingTool node="leftWheelColJointRot">
                <componentJoint index="8" anchorActor="0"/>
            </movingTool>

            <movingTool node="rightWheelColJointRot">
                <componentJoint index="9" anchorActor="0"/>
            </movingTool>

            <movingTool node="leftWheelColJoint">
                <componentJoint index="8" anchorActor="0"/>
            </movingTool>

            <movingTool node="rightWheelColJoint">
                <componentJoint index="9" anchorActor="0"/>
            </movingTool>

            <movingTool node="leftMiddleJointBase">
                <componentJoint index="4" anchorActor="0"/>
            </movingTool>

            <movingTool node="rightMiddleJointBase">
                <componentJoint index="5" anchorActor="0"/>
            </movingTool>

            <movingTool node="leftFrontJointBase">
                <componentJoint index="6" anchorActor="0"/>
            </movingTool>

            <movingTool node="rightFrontJointBase">
                <componentJoint index="7" anchorActor="0"/>
            </movingTool>

            <movingTool node="leftMiddleJointBaseJoint">
                <componentJoint index="4" anchorActor="0"/>
            </movingTool>

            <movingTool node="rightMiddleJointBaseJoint">
                <componentJoint index="5" anchorActor="0"/>
            </movingTool>

            <movingTool node="leftFrontJointBaseJoint">
                <componentJoint index="6" anchorActor="0"/>
            </movingTool>

            <movingTool node="rightFrontJointBaseJoint">
                <componentJoint index="7" anchorActor="0"/>
            </movingTool>
        </movingTools>
    </cylindered>

    <windrower fillTypeCategories="WINDROW">
        <animationNodes>
            <animationNode node="rowerLeftFront" rotSpeed="-350" rotAxis="2" class="RotationAnimationSpikes" >
                <spikes moveUpRange="15 90" moveDownRange="180 265" maxRot="70">
                    <spike node="rowerLeftFrontSpike01"/>
                    <spike node="rowerLeftFrontSpike02"/>
                    <spike node="rowerLeftFrontSpike03"/>
                    <spike node="rowerLeftFrontSpike04"/>
                    <spike node="rowerLeftFrontSpike05"/>
                    <spike node="rowerLeftFrontSpike06"/>
                    <spike node="rowerLeftFrontSpike07"/>
                    <spike node="rowerLeftFrontSpike08"/>
                    <spike node="rowerLeftFrontSpike09"/>
                    <spike node="rowerLeftFrontSpike10"/>
                    <spike node="rowerLeftFrontSpike11"/>
                    <spike node="rowerLeftFrontSpike12"/>
                    <spike node="rowerLeftFrontSpike13"/>
                    <spike node="rowerLeftFrontSpike14"/>
                    <spike node="rowerLeftFrontSpike15"/>
                </spikes>
            </animationNode>

            <animationNode node="rowerLeftMiddle" rotSpeed="-350" rotAxis="2" class="RotationAnimationSpikes" >
                <spikes moveUpRange="15 90" moveDownRange="180 265" maxRot="70">
                    <spike node="rowerLeftMiddleSpike01"/>
                    <spike node="rowerLeftMiddleSpike02"/>
                    <spike node="rowerLeftMiddleSpike03"/>
                    <spike node="rowerLeftMiddleSpike04"/>
                    <spike node="rowerLeftMiddleSpike05"/>
                    <spike node="rowerLeftMiddleSpike06"/>
                    <spike node="rowerLeftMiddleSpike07"/>
                    <spike node="rowerLeftMiddleSpike08"/>
                    <spike node="rowerLeftMiddleSpike09"/>
                    <spike node="rowerLeftMiddleSpike10"/>
                    <spike node="rowerLeftMiddleSpike11"/>
                    <spike node="rowerLeftMiddleSpike12"/>
                    <spike node="rowerLeftMiddleSpike13"/>
                    <spike node="rowerLeftMiddleSpike14"/>
                    <spike node="rowerLeftMiddleSpike15"/>
                </spikes>
            </animationNode>
            <animationNode node="rowerLeftBack" rotSpeed="-350" rotAxis="2" class="RotationAnimationSpikes" >
                <spikes moveUpRange="15 90" moveDownRange="180 265" maxRot="70">
                    <spike node="rowerLeftBackSpike01"/>
                    <spike node="rowerLeftBackSpike02"/>
                    <spike node="rowerLeftBackSpike03"/>
                    <spike node="rowerLeftBackSpike04"/>
                    <spike node="rowerLeftBackSpike05"/>
                    <spike node="rowerLeftBackSpike06"/>
                    <spike node="rowerLeftBackSpike07"/>
                    <spike node="rowerLeftBackSpike08"/>
                    <spike node="rowerLeftBackSpike09"/>
                    <spike node="rowerLeftBackSpike10"/>
                    <spike node="rowerLeftBackSpike11"/>
                    <spike node="rowerLeftBackSpike12"/>
                    <spike node="rowerLeftBackSpike13"/>
                    <spike node="rowerLeftBackSpike14"/>
                    <spike node="rowerLeftBackSpike15"/>
                </spikes>
            </animationNode>
            <animationNode node="rowerRightFront" rotSpeed="350" rotAxis="2" class="RotationAnimationSpikes" >
                <spikes moveUpRange="15 90" moveDownRange="180 265" maxRot="70">
                    <spike node="rowerRightFrontSpike01"/>
                    <spike node="rowerRightFrontSpike02"/>
                    <spike node="rowerRightFrontSpike03"/>
                    <spike node="rowerRightFrontSpike04"/>
                    <spike node="rowerRightFrontSpike05"/>
                    <spike node="rowerRightFrontSpike06"/>
                    <spike node="rowerRightFrontSpike07"/>
                    <spike node="rowerRightFrontSpike08"/>
                    <spike node="rowerRightFrontSpike09"/>
                    <spike node="rowerRightFrontSpike10"/>
                    <spike node="rowerRightFrontSpike11"/>
                    <spike node="rowerRightFrontSpike12"/>
                    <spike node="rowerRightFrontSpike13"/>
                    <spike node="rowerRightFrontSpike14"/>
                    <spike node="rowerRightFrontSpike15"/>
                </spikes>
            </animationNode>
            <animationNode node="rowerRightMiddle" rotSpeed="350" rotAxis="2" class="RotationAnimationSpikes" >
                <spikes moveUpRange="15 90" moveDownRange="180 265" maxRot="70">
                    <spike node="rowerRightMiddleSpike01"/>
                    <spike node="rowerRightMiddleSpike02"/>
                    <spike node="rowerRightMiddleSpike03"/>
                    <spike node="rowerRightMiddleSpike04"/>
                    <spike node="rowerRightMiddleSpike05"/>
                    <spike node="rowerRightMiddleSpike06"/>
                    <spike node="rowerRightMiddleSpike07"/>
                    <spike node="rowerRightMiddleSpike08"/>
                    <spike node="rowerRightMiddleSpike09"/>
                    <spike node="rowerRightMiddleSpike10"/>
                    <spike node="rowerRightMiddleSpike11"/>
                    <spike node="rowerRightMiddleSpike12"/>
                    <spike node="rowerRightMiddleSpike13"/>
                    <spike node="rowerRightMiddleSpike14"/>
                    <spike node="rowerRightMiddleSpike15"/>
                </spikes>
            </animationNode>
            <animationNode node="rowerRightBack" rotSpeed="350" rotAxis="2" class="RotationAnimationSpikes" >
                <spikes moveUpRange="15 90" moveDownRange="180 265" maxRot="70">
                    <spike node="rowerRightBackSpike01"/>
                    <spike node="rowerRightBackSpike02"/>
                    <spike node="rowerRightBackSpike03"/>
                    <spike node="rowerRightBackSpike04"/>
                    <spike node="rowerRightBackSpike05"/>
                    <spike node="rowerRightBackSpike06"/>
                    <spike node="rowerRightBackSpike07"/>
                    <spike node="rowerRightBackSpike08"/>
                    <spike node="rowerRightBackSpike09"/>
                    <spike node="rowerRightBackSpike10"/>
                    <spike node="rowerRightBackSpike11"/>
                    <spike node="rowerRightBackSpike12"/>
                    <spike node="rowerRightBackSpike13"/>
                    <spike node="rowerRightBackSpike14"/>
                    <spike node="rowerRightBackSpike15"/>
                </spikes>
            </animationNode>
        </animationNodes>

        <effects>
            <effect workAreaIndex="1">
                <effectNode effectClass="WindrowerMotionPathEffect" effectType="WINDROWER" linkNode="effectLinkNodeFrontLeft">
                    <motionPathEffect textureFilename="$data/effects/windrower/arrays/sharedWindrowerArrayLeft.dds" numRows="3" rowLength="53" minFade="0.03" isLeft="true"/>
                </effectNode>
                <effectNode effectNode="smokeEmitter01" effectClass="ParticleEffect" particleType="smoke" materialType="smokeParticle" worldSpace="true" emitCountScale="0.075"/>
            </effect>
            <effect workAreaIndex="2">
                <effectNode effectClass="WindrowerMotionPathEffect" effectType="WINDROWER" linkNode="effectLinkNodeFrontRight">
                    <motionPathEffect textureFilename="$data/effects/windrower/arrays/sharedWindrowerArrayRight.dds" numRows="3" rowLength="53" minFade="0.03" isLeft="false"/>
                </effectNode>
                <effectNode effectNode="smokeEmitter04" effectClass="ParticleEffect" particleType="smoke" materialType="smokeParticle" worldSpace="true" emitCountScale="0.075"/>
            </effect>

            <effect workAreaIndex="3">
                <effectNode effectClass="WindrowerMotionPathEffect" effectType="WINDROWER" linkNode="effectLinkNodeMiddleLeft">
                    <motionPathEffect textureFilename="$data/effects/windrower/arrays/sharedWindrowerArrayLeft.dds" numRows="3" rowLength="53" minFade="0.03" isLeft="true"/>
                </effectNode>
                <effectNode effectNode="smokeEmitter02" effectClass="ParticleEffect" particleType="smoke" materialType="smokeParticle" worldSpace="true" emitCountScale="0.075"/>
            </effect>
            <effect workAreaIndex="4">
                <effectNode effectClass="WindrowerMotionPathEffect" effectType="WINDROWER" linkNode="effectLinkNodeMiddleRight">
                    <motionPathEffect textureFilename="$data/effects/windrower/arrays/sharedWindrowerArrayRight.dds" numRows="3" rowLength="53" minFade="0.03" isLeft="false"/>
                </effectNode>
                <effectNode effectNode="smokeEmitter05" effectClass="ParticleEffect" particleType="smoke" materialType="smokeParticle" worldSpace="true" emitCountScale="0.075"/>
            </effect>

            <effect workAreaIndex="5">
                <effectNode effectClass="WindrowerMotionPathEffect" effectType="WINDROWER" linkNode="effectLinkNodeBackLeft">
                    <motionPathEffect textureFilename="$data/effects/windrower/arrays/sharedWindrowerArrayLeft.dds" numRows="3" rowLength="53" minFade="0.03" isLeft="true"/>
                </effectNode>
                <effectNode effectNode="smokeEmitter03" effectClass="ParticleEffect" particleType="smoke" materialType="smokeParticle" worldSpace="true" emitCountScale="0.075"/>
            </effect>
            <effect workAreaIndex="6">
                <effectNode effectClass="WindrowerMotionPathEffect" effectType="WINDROWER" linkNode="effectLinkNodeBackRight">
                    <motionPathEffect textureFilename="$data/effects/windrower/arrays/sharedWindrowerArrayRight.dds" numRows="3" rowLength="53" minFade="0.03" isLeft="false"/>
                </effectNode>
                <effectNode effectNode="smokeEmitter06" effectClass="ParticleEffect" particleType="smoke" materialType="smokeParticle" worldSpace="true" emitCountScale="0.075"/>
            </effect>
        </effects>

        <sounds>
            <work template="DEFAULT_TEDDER" linkNode="kroneSwadro2000_main_component1" />
        </sounds>
    </windrower>

    <turnOnVehicle turnOffIfNotAllowed="true"/>

    <foliageBending>
        <bendingNode minX="-1.4" maxX="1.4" minZ="-6.9" maxZ="5.1" yOffset="0.6"/>
        <bendingNode minX="-2.0" maxX="2.0" minZ="-1.7" maxZ="2.0" yOffset="-0.5" node="leftOuterRotorArmFrame"/>
        <bendingNode minX="-1.7" maxX="2.0" minZ="-1.7" maxZ="2.0" yOffset="-0.5" node="rightOuterRotorArmFrame"/>
        <bendingNode minX="-1.7" maxX="2.0" minZ="-1.7" maxZ="2.0" yOffset="-0.5" node="leftMiddleRotorArmFrame"/>
        <bendingNode minX="-1.7" maxX="2.0" minZ="-1.7" maxZ="2.0" yOffset="-0.5" node="rightMiddleRotorArmFrame"/>
        <bendingNode minX="-2.0" maxX="2.0" minZ="-1.7" maxZ="2.0" yOffset="-0.5" node="leftBackRotorOuterArm"/>
        <bendingNode minX="-1.7" maxX="2.0" minZ="-1.7" maxZ="2.0" yOffset="-0.5" node="rightBackRotorOuterArm"/>
    </foliageBending>

    <designConfigurations>
        <designConfiguration name="$l10n_configuration_valueDefault" price="0">
            <objectChange node="swathCurtain" visibilityActive="true" visibilityInactive="false"/>
            <objectChange node="rearSigns" visibilityActive="true" visibilityInactive="false"/>
            <objectChange node="leftWheelArmMainSupport" visibilityActive="true" visibilityInactive="false"/>
            <objectChange node="rightWheelArmMainSupport" visibilityActive="true" visibilityInactive="false"/>
        </designConfiguration>
        <designConfiguration name="$l10n_configuration_valueDesign01" price="0">
            <objectChange node="swathCurtain" visibilityActive="false" visibilityInactive="true"/>
            <objectChange node="rearSigns" visibilityActive="true" visibilityInactive="false"/>
            <objectChange node="leftWheelArmMainSupport" visibilityActive="true" visibilityInactive="false"/>
            <objectChange node="rightWheelArmMainSupport" visibilityActive="true" visibilityInactive="false"/>
        </designConfiguration>
        <designConfiguration name="$l10n_configuration_valueDesign02" price="0">
            <objectChange node="swathCurtain" visibilityActive="true" visibilityInactive="false"/>
            <objectChange node="rearSigns" visibilityActive="false" visibilityInactive="true"/>
            <objectChange node="leftWheelArmMainSupport" visibilityActive="false" visibilityInactive="true"/>
            <objectChange node="rightWheelArmMainSupport" visibilityActive="false" visibilityInactive="true"/>
        </designConfiguration>
        <designConfiguration name="$l10n_configuration_valueDesign03" price="0">
            <objectChange node="swathCurtain" visibilityActive="false" visibilityInactive="true"/>
            <objectChange node="rearSigns" visibilityActive="false" visibilityInactive="true"/>
            <objectChange node="leftWheelArmMainSupport" visibilityActive="false" visibilityInactive="true"/>
            <objectChange node="rightWheelArmMainSupport" visibilityActive="false" visibilityInactive="true"/>
        </designConfiguration>
    </designConfigurations>

    <wearable wearDuration="480" workMultiplier="5" fieldMultiplier="2"/>
    <washable dirtDuration="90" washDuration="1" workMultiplier="4" fieldMultiplier="2"/>

    <ai>
        <collisionTrigger node="aiCollisionNode" width="19.4" height="2.1"/>
        <areaMarkers leftNode="aiMarkerLeft" rightNode="aiMarkerRight" backNode="aiMarkerBack"/>
        <sizeMarkers backNode="sizeMarkerBack" leftNode="sizeMarkerLeft" rightNode="sizeMarkerRight"/>
        <needsLowering value="true"/>
        <allowTurnBackward value="false"/>
        <hasNoFullCoverageArea value="true" />
        <toolReverserDirectionNode node="sizeMarkerBack"/>
    </ai>

    <baseMaterial>
        <material name="kroneSwadro2000_mat" baseNode="krone_vis">
            <shaderParameter name="colorMat0" value="KRONE_GREEN1"/>
            <shaderParameter name="colorMat1" value="KRONE_YELLOW1"/>
            <shaderParameter name="colorMat2" value="KRONE_YELLOW1"/>
        </material>

        <material name="kroneSwadro2000Addons_mat" baseNode="kroneExtra_vis">
            <shaderParameter name="colorMat0" value="KRONE_GREEN1"/>
            <shaderParameter name="colorMat1" value="KRONE_YELLOW1"/>
            <shaderParameter name="colorMat2" value="KRONE_YELLOW1" material="5"/>
        </material>
    </baseMaterial>

    <i3dMappings>
        <i3dMapping id="kroneSwadro2000_main_component1" node="0>"/>
        <i3dMapping id="leftWheel_vis" node="0>0"/>
        <i3dMapping id="leftWheel" node="0>0|0"/>
        <i3dMapping id="steeringBarLeftFixpoint" node="0>0|1"/>
        <i3dMapping id="rightWheel_vis" node="0>1"/>
        <i3dMapping id="rightWheel" node="0>1|0"/>
        <i3dMapping id="steeringBarRightFixpoint" node="0>1|1"/>
        <i3dMapping id="krone_vis" node="0>2"/>
        <i3dMapping id="steeringMain" node="0>2|0"/>
        <i3dMapping id="steeringBarLeft" node="0>2|0|0"/>
        <i3dMapping id="steeringBarRight" node="0>2|0|1"/>
        <i3dMapping id="mainSteeringBackFixpoint" node="0>2|0|2"/>
        <i3dMapping id="backPendulum" node="0>2|1"/>
        <i3dMapping id="mainSteeringBack" node="0>2|1|0"/>
        <i3dMapping id="mainSteeringMiddleFixpoint" node="0>2|1|1"/>
        <i3dMapping id="backPendulumRef" node="0>2|2"/>
        <i3dMapping id="frontPendulum" node="0>2|3"/>
        <i3dMapping id="mainSteeringMiddle" node="0>2|3|0"/>
        <i3dMapping id="attacherHydraulicFixpoint" node="0>2|3|1"/>
        <i3dMapping id="frontPendulumRef" node="0>2|4"/>
        <i3dMapping id="ptoInputNode" node="0>2|5|0"/>
        <i3dMapping id="ptoDetachNode" node="0>2|5|1"/>
        <i3dMapping id="rear3ChamberLight_04_left" node="0>2|6|0|0"/>
        <i3dMapping id="rear3ChamberLight_04_right" node="0>2|6|0|1"/>
        <i3dMapping id="backLightsHigh" node="0>2|6|0|2"/>
        <i3dMapping id="turnLightLeftBack" node="0>2|6|1|0|0"/>
        <i3dMapping id="turnLightRightBack" node="0>2|6|1|1|0"/>
        <i3dMapping id="workingLight" node="0>2|6|2"/>
        <i3dMapping id="workLightReal" node="0>2|6|2|0"/>
        <i3dMapping id="beaconLight" node="0>2|6|3"/>
        <i3dMapping id="reflectorWhiteLeft" node="0>2|6|4|0"/>
        <i3dMapping id="reflectorWhiteRight" node="0>2|6|4|1"/>
        <i3dMapping id="foldingMover" node="0>2|7"/>
        <i3dMapping id="foldingMoverLeftArmBar" node="0>2|7|0"/>
        <i3dMapping id="foldingMoverRightArmBar" node="0>2|7|1"/>
        <i3dMapping id="reflectorFoldingMover" node="0>2|7|2"/>
        <i3dMapping id="leftArm" node="0>2|8"/>
        <i3dMapping id="leftArmBarFixpoint" node="0>2|8|0"/>
        <i3dMapping id="leftOuterArmRot" node="0>2|8|1"/>
        <i3dMapping id="leftOuterArm" node="0>2|8|1|0"/>
        <i3dMapping id="leftMiddleRotorRotArm" node="0>2|8|1|0|0"/>
        <i3dMapping id="leftMiddleArmBarFixpoint" node="0>2|8|1|0|0|0"/>
        <i3dMapping id="leftOuterArmBar" node="0>2|8|1|0|0|1"/>
        <i3dMapping id="leftMiddleRotorArmRot" node="0>2|8|1|0|0|2"/>
        <i3dMapping id="leftMiddleRotorArm" node="0>2|8|1|0|0|2|0"/>
        <i3dMapping id="leftMiddleRotorHydraulicFixpoint" node="0>2|8|1|0|0|2|0|0"/>
        <i3dMapping id="leftMiddleRotorArmFrameRot" node="0>2|8|1|0|0|2|0|1"/>
        <i3dMapping id="leftMiddleRotorArmFrame" node="0>2|8|1|0|0|2|0|1|0"/>
        <i3dMapping id="frontWheels2" node="0>2|8|1|0|0|2|0|1|0|0"/>
        <i3dMapping id="frontWheelsLeft3" node="0>2|8|1|0|0|2|0|1|0|0|0"/>
        <i3dMapping id="frontWheelsRight3" node="0>2|8|1|0|0|2|0|1|0|0|1"/>
        <i3dMapping id="backWheels2" node="0>2|8|1|0|0|2|0|1|0|1"/>
        <i3dMapping id="backWheelsLeft4" node="0>2|8|1|0|0|2|0|1|0|1|0"/>
        <i3dMapping id="backWheelsRight4" node="0>2|8|1|0|0|2|0|1|0|1|1"/>
        <i3dMapping id="rowerLeftMiddle" node="0>2|8|1|0|0|2|0|1|0|2"/>
        <i3dMapping id="rowerLeftMiddleSpike01" node="0>2|8|1|0|0|2|0|1|0|2|0|0|0"/>
        <i3dMapping id="rowerLeftMiddleSpike02" node="0>2|8|1|0|0|2|0|1|0|2|1|0|0"/>
        <i3dMapping id="rowerLeftMiddleSpike03" node="0>2|8|1|0|0|2|0|1|0|2|2|0|0"/>
        <i3dMapping id="rowerLeftMiddleSpike04" node="0>2|8|1|0|0|2|0|1|0|2|3|0|0"/>
        <i3dMapping id="rowerLeftMiddleSpike05" node="0>2|8|1|0|0|2|0|1|0|2|4|0|0"/>
        <i3dMapping id="rowerLeftMiddleSpike06" node="0>2|8|1|0|0|2|0|1|0|2|5|0|0"/>
        <i3dMapping id="rowerLeftMiddleSpike07" node="0>2|8|1|0|0|2|0|1|0|2|6|0|0"/>
        <i3dMapping id="rowerLeftMiddleSpike08" node="0>2|8|1|0|0|2|0|1|0|2|7|0|0"/>
        <i3dMapping id="rowerLeftMiddleSpike09" node="0>2|8|1|0|0|2|0|1|0|2|8|0|0"/>
        <i3dMapping id="rowerLeftMiddleSpike10" node="0>2|8|1|0|0|2|0|1|0|2|9|0|0"/>
        <i3dMapping id="rowerLeftMiddleSpike11" node="0>2|8|1|0|0|2|0|1|0|2|10|0|0"/>
        <i3dMapping id="rowerLeftMiddleSpike12" node="0>2|8|1|0|0|2|0|1|0|2|11|0|0"/>
        <i3dMapping id="rowerLeftMiddleSpike13" node="0>2|8|1|0|0|2|0|1|0|2|12|0|0"/>
        <i3dMapping id="rowerLeftMiddleSpike14" node="0>2|8|1|0|0|2|0|1|0|2|13|0|0"/>
        <i3dMapping id="rowerLeftMiddleSpike15" node="0>2|8|1|0|0|2|0|1|0|2|14|0|0"/>
        <i3dMapping id="rowerLeftMiddleGroundRefNode" node="4>1" />
        <i3dMapping id="effectLinkNodeMiddleLeft" node="0>2|8|1|0|0|2|0|1|0|3"/>
        <i3dMapping id="leftMiddlePowershaftRef" node="0>2|8|1|0|0|2|0|1|1"/>
        <i3dMapping id="leftMiddleJointBase" node="0>2|8|1|0|0|2|1"/>
        <i3dMapping id="leftMiddleJointBaseRot" node="0>2|8|1|0|0|2|1|0"/>
        <i3dMapping id="leftMiddleJointBaseJoint" node="0>2|8|1|0|0|2|1|0|0"/>
        <i3dMapping id="leftMiddleRotorHydraulic" node="0>2|8|1|0|0|3"/>
        <i3dMapping id="leftMiddleRotorHydraulicPunch" node="0>2|8|1|0|0|3|0"/>
        <i3dMapping id="leftOuterRotorRotArm" node="0>2|8|1|0|1"/>
        <i3dMapping id="leftOuterArmBarFixpoint" node="0>2|8|1|0|1|0"/>
        <i3dMapping id="leftOuterRotorArmRot" node="0>2|8|1|0|1|1"/>
        <i3dMapping id="leftOuterRotorArm" node="0>2|8|1|0|1|1|0"/>
        <i3dMapping id="leftOuterRotorHydraulicFixpoint" node="0>2|8|1|0|1|1|0|0"/>
        <i3dMapping id="leftOuterRotorArmFrameRot" node="0>2|8|1|0|1|1|0|1"/>
        <i3dMapping id="leftOuterRotorArmFrame" node="0>2|8|1|0|1|1|0|1|0"/>
        <i3dMapping id="frontWheels1" node="0>2|8|1|0|1|1|0|1|0|0"/>
        <i3dMapping id="frontWheelsLeft1" node="0>2|8|1|0|1|1|0|1|0|0|0"/>
        <i3dMapping id="frontWheelsRight1" node="0>2|8|1|0|1|1|0|1|0|0|1"/>
        <i3dMapping id="backWheels1" node="0>2|8|1|0|1|1|0|1|0|1"/>
        <i3dMapping id="backWheelsLeft2" node="0>2|8|1|0|1|1|0|1|0|1|0"/>
        <i3dMapping id="backWheelsRight2" node="0>2|8|1|0|1|1|0|1|0|1|1"/>
        <i3dMapping id="rowerLeftFront" node="0>2|8|1|0|1|1|0|1|0|2"/>
        <i3dMapping id="rowerLeftFrontSpike01" node="0>2|8|1|0|1|1|0|1|0|2|0|0|0"/>
        <i3dMapping id="rowerLeftFrontSpike02" node="0>2|8|1|0|1|1|0|1|0|2|1|0|0"/>
        <i3dMapping id="rowerLeftFrontSpike03" node="0>2|8|1|0|1|1|0|1|0|2|2|0|0"/>
        <i3dMapping id="rowerLeftFrontSpike04" node="0>2|8|1|0|1|1|0|1|0|2|3|0|0"/>
        <i3dMapping id="rowerLeftFrontSpike05" node="0>2|8|1|0|1|1|0|1|0|2|4|0|0"/>
        <i3dMapping id="rowerLeftFrontSpike06" node="0>2|8|1|0|1|1|0|1|0|2|5|0|0"/>
        <i3dMapping id="rowerLeftFrontSpike07" node="0>2|8|1|0|1|1|0|1|0|2|6|0|0"/>
        <i3dMapping id="rowerLeftFrontSpike08" node="0>2|8|1|0|1|1|0|1|0|2|7|0|0"/>
        <i3dMapping id="rowerLeftFrontSpike09" node="0>2|8|1|0|1|1|0|1|0|2|8|0|0"/>
        <i3dMapping id="rowerLeftFrontSpike10" node="0>2|8|1|0|1|1|0|1|0|2|9|0|0"/>
        <i3dMapping id="rowerLeftFrontSpike11" node="0>2|8|1|0|1|1|0|1|0|2|10|0|0"/>
        <i3dMapping id="rowerLeftFrontSpike12" node="0>2|8|1|0|1|1|0|1|0|2|11|0|0"/>
        <i3dMapping id="rowerLeftFrontSpike13" node="0>2|8|1|0|1|1|0|1|0|2|12|0|0"/>
        <i3dMapping id="rowerLeftFrontSpike14" node="0>2|8|1|0|1|1|0|1|0|2|13|0|0"/>
        <i3dMapping id="rowerLeftFrontSpike15" node="0>2|8|1|0|1|1|0|1|0|2|14|0|0"/>
         <i3dMapping id="rowerLeftFrontGroundRefNode" node="6>1" />
        <i3dMapping id="effectLinkNodeFrontLeft" node="0>2|8|1|0|1|1|0|1|0|3"/>
        <i3dMapping id="leftFrontPowershafRef" node="0>2|8|1|0|1|1|0|1|1"/>
        <i3dMapping id="leftFrontJointBase" node="0>2|8|1|0|1|1|1"/>
        <i3dMapping id="leftFrontJointBaseRot" node="0>2|8|1|0|1|1|1|0"/>
        <i3dMapping id="leftFrontJointBaseJoint" node="0>2|8|1|0|1|1|1|0|0"/>
        <i3dMapping id="leftOuterRotorHydraulic" node="0>2|8|1|0|1|2"/>
        <i3dMapping id="leftOuterRotorHydraulicPunch" node="0>2|8|1|0|1|2|0"/>
        <i3dMapping id="leftWheelBottomArmRot" node="0>2|8|1|0|1|3"/>
        <i3dMapping id="leftWheelBottomArm" node="0>2|8|1|0|1|3|0"/>
        <i3dMapping id="leftWheelArmMain" node="0>2|8|1|0|1|3|0|0"/>
        <i3dMapping id="leftArmWheelRot" node="0>2|8|1|0|1|3|0|0|0"/>
        <i3dMapping id="leftArmWheel" node="0>2|8|1|0|1|3|0|0|0|0"/>
        <i3dMapping id="wheelLeftFront" node="0>2|8|1|0|1|3|0|0|0|0|0"/>
        <i3dMapping id="leftWheelHydraulicFixpoint" node="0>2|8|1|0|1|3|0|0|1"/>
        <i3dMapping id="leftWheelArmTop" node="0>2|8|1|0|1|3|0|0|2"/>
        <i3dMapping id="leftWheelArmMainSupport" node="0>2|8|1|0|1|3|0|0|4"/>
        <i3dMapping id="leftWheelArmMainSign" node="0>2|8|1|0|1|3|0|0|4|0"/>
        <i3dMapping id="leftFrontFlasher" node="0>2|8|1|0|1|3|0|0|4|0|0"/>
        <i3dMapping id="turnLightLeftFront" node="0>2|8|1|0|1|3|0|0|4|0|0|0"/>
        <i3dMapping id="leftWheelArmTopFixpoint" node="0>2|8|1|0|1|3|1"/>
        <i3dMapping id="leftWheelHydraulic" node="0>2|8|1|0|1|4"/>
        <i3dMapping id="leftWheelHydraulicPunch" node="0>2|8|1|0|1|4|0"/>
        <i3dMapping id="leftMiddlePowershaft" node="0>2|8|1|0|2"/>
        <i3dMapping id="leftOuterArmDecal" node="0>2|8|1|0|3"/>
        <i3dMapping id="leftArmPowershaftRef" node="0>2|8|1|0|4"/>
        <i3dMapping id="leftFrontPowershaft" node="0>2|8|1|0|5"/>
        <i3dMapping id="leftOuterArmReflector01" node="0>2|8|1|0|7|0"/>
        <i3dMapping id="leftOuterArmReflector02" node="0>2|8|1|0|7|1"/>
        <i3dMapping id="leftOuterArmReflector03" node="0>2|8|1|0|7|2"/>
        <i3dMapping id="leftOuterArmReflector04" node="0>2|8|1|0|7|3"/>
        <i3dMapping id="leftWheelChock" node="0>2|8|3"/>
        <i3dMapping id="leftWheelColJointRot" node="0>2|8|4"/>
        <i3dMapping id="leftWheelColJoint" node="0>2|8|4|0"/>
        <i3dMapping id="leftArmReflector01" node="0>2|8|7|0"/>
        <i3dMapping id="leftArmReflector02" node="0>2|8|7|1"/>
        <i3dMapping id="leftArmReflector03" node="0>2|8|7|2"/>
        <i3dMapping id="leftMiddleArmBar" node="0>2|9"/>
        <i3dMapping id="leftBackRotorJointBase" node="0>2|10"/>
        <i3dMapping id="leftBackRotorJoint" node="0>2|10|0"/>
        <i3dMapping id="leftBackRotorArm" node="0>2|11"/>
        <i3dMapping id="leftBackRotorOuterArm" node="0>2|11|0"/>
        <i3dMapping id="frame2" node="0>2|11|0|0"/>
        <i3dMapping id="rowerLeftBack" node="0>2|11|0|0|0"/>
        <i3dMapping id="rowerLeftBackSpike01" node="0>2|11|0|0|0|0|0|0"/>
        <i3dMapping id="rowerLeftBackSpike02" node="0>2|11|0|0|0|1|0|0"/>
        <i3dMapping id="rowerLeftBackSpike03" node="0>2|11|0|0|0|2|0|0"/>
        <i3dMapping id="rowerLeftBackSpike04" node="0>2|11|0|0|0|3|0|0"/>
        <i3dMapping id="rowerLeftBackSpike05" node="0>2|11|0|0|0|4|0|0"/>
        <i3dMapping id="rowerLeftBackSpike06" node="0>2|11|0|0|0|5|0|0"/>
        <i3dMapping id="rowerLeftBackSpike07" node="0>2|11|0|0|0|6|0|0"/>
        <i3dMapping id="rowerLeftBackSpike08" node="0>2|11|0|0|0|7|0|0"/>
        <i3dMapping id="rowerLeftBackSpike09" node="0>2|11|0|0|0|8|0|0"/>
        <i3dMapping id="rowerLeftBackSpike10" node="0>2|11|0|0|0|9|0|0"/>
        <i3dMapping id="rowerLeftBackSpike11" node="0>2|11|0|0|0|10|0|0"/>
        <i3dMapping id="rowerLeftBackSpike12" node="0>2|11|0|0|0|11|0|0"/>
        <i3dMapping id="rowerLeftBackSpike13" node="0>2|11|0|0|0|12|0|0"/>
        <i3dMapping id="rowerLeftBackSpike14" node="0>2|11|0|0|0|13|0|0"/>
        <i3dMapping id="rowerLeftBackSpike15" node="0>2|11|0|0|0|14|0|0"/>
        <i3dMapping id="frontWheels3" node="0>2|11|0|0|1"/>
        <i3dMapping id="frontWheelsLeft4" node="0>2|11|0|0|1|0"/>
        <i3dMapping id="frontWheelsRight4" node="0>2|11|0|0|1|1"/>
        <i3dMapping id="backWheels3" node="0>2|11|0|0|2"/>
        <i3dMapping id="backWheelsLeft5" node="0>2|11|0|0|2|0"/>
        <i3dMapping id="backWheelsRight5" node="0>2|11|0|0|2|1"/>
        <i3dMapping id="rowerLeftBackPowershaftRef" node="0>2|11|0|0|3"/>
        <i3dMapping id="rowerLeftBackGroundRefNode" node="2>1" />
        <i3dMapping id="effectLinkNodeBackLeft" node="0>2|11|0|0|4"/>
        <i3dMapping id="leftBackRotorHydraulicFixpoint" node="0>2|11|1"/>
        <i3dMapping id="leftBackRotorPowershaft" node="0>2|11|2"/>
        <i3dMapping id="leftBackPowershaftRef" node="0>2|11|3"/>
        <i3dMapping id="leftBackRotorHydraulic" node="0>2|12"/>
        <i3dMapping id="leftBackRotorHydraulicPunch" node="0>2|12|0"/>
        <i3dMapping id="rightBackRotorJointBase" node="0>2|13"/>
        <i3dMapping id="rightBackRotorJoint" node="0>2|13|0"/>
        <i3dMapping id="rightBackRotorArm" node="0>2|14"/>
        <i3dMapping id="rightBackRotorOuterArm" node="0>2|14|0"/>
        <i3dMapping id="rightBackFrame" node="0>2|14|0|0"/>
        <i3dMapping id="rowerRightBack" node="0>2|14|0|0|0"/>
        <i3dMapping id="rowerRightBackSpike01" node="0>2|14|0|0|0|0|0|0"/>
        <i3dMapping id="rowerRightBackSpike02" node="0>2|14|0|0|0|1|0|0"/>
        <i3dMapping id="rowerRightBackSpike03" node="0>2|14|0|0|0|2|0|0"/>
        <i3dMapping id="rowerRightBackSpike04" node="0>2|14|0|0|0|3|0|0"/>
        <i3dMapping id="rowerRightBackSpike05" node="0>2|14|0|0|0|4|0|0"/>
        <i3dMapping id="rowerRightBackSpike06" node="0>2|14|0|0|0|5|0|0"/>
        <i3dMapping id="rowerRightBackSpike07" node="0>2|14|0|0|0|6|0|0"/>
        <i3dMapping id="rowerRightBackSpike08" node="0>2|14|0|0|0|7|0|0"/>
        <i3dMapping id="rowerRightBackSpike09" node="0>2|14|0|0|0|8|0|0"/>
        <i3dMapping id="rowerRightBackSpike10" node="0>2|14|0|0|0|9|0|0"/>
        <i3dMapping id="rowerRightBackSpike11" node="0>2|14|0|0|0|10|0|0"/>
        <i3dMapping id="rowerRightBackSpike12" node="0>2|14|0|0|0|11|0|0"/>
        <i3dMapping id="rowerRightBackSpike13" node="0>2|14|0|0|0|12|0|0"/>
        <i3dMapping id="rowerRightBackSpike14" node="0>2|14|0|0|0|13|0|0"/>
        <i3dMapping id="rowerRightBackSpike15" node="0>2|14|0|0|0|14|0|0"/>
        <i3dMapping id="frontWheels4" node="0>2|14|0|0|1"/>
        <i3dMapping id="frontWheelsLeft5" node="0>2|14|0|0|1|0"/>
        <i3dMapping id="frontWheelsRight5" node="0>2|14|0|0|1|1"/>
        <i3dMapping id="backWheels4" node="0>2|14|0|0|2"/>
        <i3dMapping id="backWheelsLeft6" node="0>2|14|0|0|2|0"/>
        <i3dMapping id="backWheelsRight6" node="0>2|14|0|0|2|1"/>
        <i3dMapping id="rowerRightBackPowershaftRef" node="0>2|14|0|0|3"/>
        <i3dMapping id="rowerRightBackGroundRefNode" node="3>1" />
        <i3dMapping id="effectLinkNodeBackRight" node="0>2|14|0|0|4"/>
        <i3dMapping id="rightBackRotorHydraulicFixpoint" node="0>2|14|1"/>
        <i3dMapping id="rightBackRotorArmPowershaft" node="0>2|14|2"/>
        <i3dMapping id="rightBackPowershaftRef" node="0>2|14|3"/>
        <i3dMapping id="rightBackRotorHydraulic" node="0>2|15"/>
        <i3dMapping id="rightBackRotorHydraulicPunch" node="0>2|15|0"/>
        <i3dMapping id="rightArm" node="0>2|16"/>
        <i3dMapping id="rightArmBarFixpoint" node="0>2|16|0"/>
        <i3dMapping id="rightOuterArmRot" node="0>2|16|1"/>
        <i3dMapping id="rightOuterArm" node="0>2|16|1|0"/>
        <i3dMapping id="rightMiddleRotorRotArm" node="0>2|16|1|0|0"/>
        <i3dMapping id="rightMiddleArmBarFixpoint" node="0>2|16|1|0|0|0"/>
        <i3dMapping id="rightOuterArmBar" node="0>2|16|1|0|0|1"/>
        <i3dMapping id="rightMiddleRotorArmRot" node="0>2|16|1|0|0|2"/>
        <i3dMapping id="rightMiddleRotorArm" node="0>2|16|1|0|0|2|0"/>
        <i3dMapping id="rightMiddleRotorHydraulicFixpoint" node="0>2|16|1|0|0|2|0|0"/>
        <i3dMapping id="rightMiddleFrameRot" node="0>2|16|1|0|0|2|0|1"/>
        <i3dMapping id="rightMiddleRotorArmFrame" node="0>2|16|1|0|0|2|0|1|0"/>
        <i3dMapping id="frontWheels5" node="0>2|16|1|0|0|2|0|1|0|0"/>
        <i3dMapping id="frontWheelsLeft7" node="0>2|16|1|0|0|2|0|1|0|0|0"/>
        <i3dMapping id="frontWheelsRight7" node="0>2|16|1|0|0|2|0|1|0|0|1"/>
        <i3dMapping id="backWheels5" node="0>2|16|1|0|0|2|0|1|0|1"/>
        <i3dMapping id="backWheelsLeft8" node="0>2|16|1|0|0|2|0|1|0|1|0"/>
        <i3dMapping id="backWheelsRight8" node="0>2|16|1|0|0|2|0|1|0|1|1"/>
        <i3dMapping id="rowerRightMiddle" node="0>2|16|1|0|0|2|0|1|0|2"/>
        <i3dMapping id="rowerRightMiddleSpike01" node="0>2|16|1|0|0|2|0|1|0|2|0|0|0"/>
        <i3dMapping id="rowerRightMiddleSpike02" node="0>2|16|1|0|0|2|0|1|0|2|1|0|0"/>
        <i3dMapping id="rowerRightMiddleSpike03" node="0>2|16|1|0|0|2|0|1|0|2|2|0|0"/>
        <i3dMapping id="rowerRightMiddleSpike04" node="0>2|16|1|0|0|2|0|1|0|2|3|0|0"/>
        <i3dMapping id="rowerRightMiddleSpike05" node="0>2|16|1|0|0|2|0|1|0|2|4|0|0"/>
        <i3dMapping id="rowerRightMiddleSpike06" node="0>2|16|1|0|0|2|0|1|0|2|5|0|0"/>
        <i3dMapping id="rowerRightMiddleSpike07" node="0>2|16|1|0|0|2|0|1|0|2|6|0|0"/>
        <i3dMapping id="rowerRightMiddleSpike08" node="0>2|16|1|0|0|2|0|1|0|2|7|0|0"/>
        <i3dMapping id="rowerRightMiddleSpike09" node="0>2|16|1|0|0|2|0|1|0|2|8|0|0"/>
        <i3dMapping id="rowerRightMiddleSpike10" node="0>2|16|1|0|0|2|0|1|0|2|9|0|0"/>
        <i3dMapping id="rowerRightMiddleSpike11" node="0>2|16|1|0|0|2|0|1|0|2|10|0|0"/>
        <i3dMapping id="rowerRightMiddleSpike12" node="0>2|16|1|0|0|2|0|1|0|2|11|0|0"/>
        <i3dMapping id="rowerRightMiddleSpike13" node="0>2|16|1|0|0|2|0|1|0|2|12|0|0"/>
        <i3dMapping id="rowerRightMiddleSpike14" node="0>2|16|1|0|0|2|0|1|0|2|13|0|0"/>
        <i3dMapping id="rowerRightMiddleSpike15" node="0>2|16|1|0|0|2|0|1|0|2|14|0|0"/>
        <i3dMapping id="rowerRightMiddleGroundRefNode" node="5>1" />
        <i3dMapping id="effectLinkNodeMiddleRight" node="0>2|16|1|0|0|2|0|1|0|3"/>
        <i3dMapping id="rightMiddlePowershaftRef" node="0>2|16|1|0|0|2|0|1|1"/>
        <i3dMapping id="rightMiddleJointBase" node="0>2|16|1|0|0|2|1"/>
        <i3dMapping id="rightMiddleJointBaseRot" node="0>2|16|1|0|0|2|1|0"/>
        <i3dMapping id="rightMiddleJointBaseJoint" node="0>2|16|1|0|0|2|1|0|0"/>
        <i3dMapping id="rightMiddleRotorHydraulic" node="0>2|16|1|0|0|3"/>
        <i3dMapping id="rightMiddleRotorHydraulicPunch" node="0>2|16|1|0|0|3|0"/>
        <i3dMapping id="rightOuterRotorRotArm" node="0>2|16|1|0|1"/>
        <i3dMapping id="rightOuterArmBarFixpoint" node="0>2|16|1|0|1|0"/>
        <i3dMapping id="rightOuterRotorArmRot" node="0>2|16|1|0|1|1"/>
        <i3dMapping id="rightOuterRotorArm" node="0>2|16|1|0|1|1|0"/>
        <i3dMapping id="rightOuterRotorHydraulicFixpoint" node="0>2|16|1|0|1|1|0|0"/>
        <i3dMapping id="rightOuterFrameRot" node="0>2|16|1|0|1|1|0|1"/>
        <i3dMapping id="rightOuterRotorArmFrame" node="0>2|16|1|0|1|1|0|1|0"/>
        <i3dMapping id="frontWheels6" node="0>2|16|1|0|1|1|0|1|0|0"/>
        <i3dMapping id="frontWheelsLeft6" node="0>2|16|1|0|1|1|0|1|0|0|0"/>
        <i3dMapping id="frontWheelsRight6" node="0>2|16|1|0|1|1|0|1|0|0|1"/>
        <i3dMapping id="backWheels6" node="0>2|16|1|0|1|1|0|1|0|1"/>
        <i3dMapping id="backWheelsLeft7" node="0>2|16|1|0|1|1|0|1|0|1|0"/>
        <i3dMapping id="backWheelsRight7" node="0>2|16|1|0|1|1|0|1|0|1|1"/>
        <i3dMapping id="rowerRightFront" node="0>2|16|1|0|1|1|0|1|0|2"/>
        <i3dMapping id="rowerRightFrontSpike01" node="0>2|16|1|0|1|1|0|1|0|2|0|0|0"/>
        <i3dMapping id="rowerRightFrontSpike02" node="0>2|16|1|0|1|1|0|1|0|2|1|0|0"/>
        <i3dMapping id="rowerRightFrontSpike03" node="0>2|16|1|0|1|1|0|1|0|2|2|0|0"/>
        <i3dMapping id="rowerRightFrontSpike04" node="0>2|16|1|0|1|1|0|1|0|2|3|0|0"/>
        <i3dMapping id="rowerRightFrontSpike05" node="0>2|16|1|0|1|1|0|1|0|2|4|0|0"/>
        <i3dMapping id="rowerRightFrontSpike06" node="0>2|16|1|0|1|1|0|1|0|2|5|0|0"/>
        <i3dMapping id="rowerRightFrontSpike07" node="0>2|16|1|0|1|1|0|1|0|2|6|0|0"/>
        <i3dMapping id="rowerRightFrontSpike08" node="0>2|16|1|0|1|1|0|1|0|2|7|0|0"/>
        <i3dMapping id="rowerRightFrontSpike09" node="0>2|16|1|0|1|1|0|1|0|2|8|0|0"/>
        <i3dMapping id="rowerRightFrontSpike10" node="0>2|16|1|0|1|1|0|1|0|2|9|0|0"/>
        <i3dMapping id="rowerRightFrontSpike11" node="0>2|16|1|0|1|1|0|1|0|2|10|0|0"/>
        <i3dMapping id="rowerRightFrontSpike12" node="0>2|16|1|0|1|1|0|1|0|2|11|0|0"/>
        <i3dMapping id="rowerRightFrontSpike13" node="0>2|16|1|0|1|1|0|1|0|2|12|0|0"/>
        <i3dMapping id="rowerRightFrontSpike14" node="0>2|16|1|0|1|1|0|1|0|2|13|0|0"/>
        <i3dMapping id="rowerRightFrontSpike15" node="0>2|16|1|0|1|1|0|1|0|2|14|0|0"/>
        <i3dMapping id="rowerRightFrontGroundRefNode" node="7>1" />
        <i3dMapping id="effectLinkNodeFrontRight" node="0>2|16|1|0|1|1|0|1|0|3"/>
        <i3dMapping id="rightFrontPowershaftRef" node="0>2|16|1|0|1|1|0|1|1"/>
        <i3dMapping id="rightFrontJointBase" node="0>2|16|1|0|1|1|1"/>
        <i3dMapping id="rightFrontJointBaseRot" node="0>2|16|1|0|1|1|1|0"/>
        <i3dMapping id="rightFrontJointBaseJoint" node="0>2|16|1|0|1|1|1|0|0"/>
        <i3dMapping id="rightOuterRotorHydraulic" node="0>2|16|1|0|1|2"/>
        <i3dMapping id="rightOuterRotorHydraulicPunch" node="0>2|16|1|0|1|2|0"/>
        <i3dMapping id="rightWheelBottomArmRot" node="0>2|16|1|0|1|3"/>
        <i3dMapping id="rightWheelBottomArm" node="0>2|16|1|0|1|3|0"/>
        <i3dMapping id="rightWheelArmMain" node="0>2|16|1|0|1|3|0|0"/>
        <i3dMapping id="rightArmWheelRot" node="0>2|16|1|0|1|3|0|0|0"/>
        <i3dMapping id="rightArmWheel" node="0>2|16|1|0|1|3|0|0|0|0"/>
        <i3dMapping id="wheelRightFront" node="0>2|16|1|0|1|3|0|0|0|0|0"/>
        <i3dMapping id="rightWheelHydraulicFixpoint" node="0>2|16|1|0|1|3|0|0|1"/>
        <i3dMapping id="rightWheelArmTop" node="0>2|16|1|0|1|3|0|0|2"/>
        <i3dMapping id="rightWheelArmMainSupport" node="0>2|16|1|0|1|3|0|0|3"/>
        <i3dMapping id="rightWheelArmMainSign" node="0>2|16|1|0|1|3|0|0|3|0"/>
        <i3dMapping id="rightFrontFlasher" node="0>2|16|1|0|1|3|0|0|3|0|0"/>
        <i3dMapping id="turnLightRightFront" node="0>2|16|1|0|1|3|0|0|3|0|0|0"/>
        <i3dMapping id="rightWheelArmTopFixpoint" node="0>2|16|1|0|1|3|1"/>
        <i3dMapping id="rightWheelHydraulic" node="0>2|16|1|0|1|4"/>
        <i3dMapping id="rightWheelHydraulicPunch" node="0>2|16|1|0|1|4|0"/>
        <i3dMapping id="rightMiddlePowershaft" node="0>2|16|1|0|2"/>
        <i3dMapping id="rightOuterArmDecal" node="0>2|16|1|0|3"/>
        <i3dMapping id="rightArmPowershaftRef" node="0>2|16|1|0|4"/>
        <i3dMapping id="rightFrontPowershaft" node="0>2|16|1|0|5"/>
        <i3dMapping id="rightOuterArmReflector01" node="0>2|16|1|0|7|0"/>
        <i3dMapping id="rightOuterArmReflector02" node="0>2|16|1|0|7|1"/>
        <i3dMapping id="rightOuterArmReflector03" node="0>2|16|1|0|7|2"/>
        <i3dMapping id="rightOuterArmReflector04" node="0>2|16|1|0|7|3"/>
        <i3dMapping id="rightWheelChock" node="0>2|16|3"/>
        <i3dMapping id="rightWheelColJointRot" node="0>2|16|4"/>
        <i3dMapping id="rightWheelColJoint" node="0>2|16|4|0"/>
        <i3dMapping id="rightArmReflector01" node="0>2|16|7|0"/>
        <i3dMapping id="rightArmReflector02" node="0>2|16|7|1"/>
        <i3dMapping id="rightArmReflector03" node="0>2|16|7|2"/>
        <i3dMapping id="rightMiddleArmBar" node="0>2|17"/>
        <i3dMapping id="rightArmPowershaft" node="0>2|18"/>
        <i3dMapping id="leftArmPowershaft" node="0>2|19"/>
        <i3dMapping id="leftBackPowershaft" node="0>2|20"/>
        <i3dMapping id="rightBackPowershaft" node="0>2|21"/>
        <i3dMapping id="aiMarkerLeft" node="0>2|22|0|0"/>
        <i3dMapping id="aiMarkerRight" node="0>2|22|0|1"/>
        <i3dMapping id="aiMarkerBack" node="0>2|22|0|2"/>
        <i3dMapping id="sizeMarkerLeft" node="0>2|22|1|0"/>
        <i3dMapping id="sizeMarkerRight" node="0>2|22|1|1"/>
        <i3dMapping id="sizeMarkerBack" node="0>2|22|1|2"/>
        <i3dMapping id="aiCollisionNode" node="0>2|22|2"/>
        <i3dMapping id="smokeEmitter01" node="0>2|23|0"/>
        <i3dMapping id="smokeEmitter02" node="0>2|23|1"/>
        <i3dMapping id="smokeEmitter03" node="0>2|23|2"/>
        <i3dMapping id="smokeEmitter04" node="0>2|23|3"/>
        <i3dMapping id="smokeEmitter05" node="0>2|23|4"/>
        <i3dMapping id="smokeEmitter06" node="0>2|23|5"/>
        <i3dMapping id="licensePlate" node="0>2|24"/>
        <i3dMapping id="decalSpeedLimit" node="0>3|1" />
        <i3dMapping id="kroneExtra_vis" node="0>6"/>
        <i3dMapping id="swathCurtain" node="0>6|0"/>
        <i3dMapping id="rearSigns" node="0>6|1"/>
        <i3dMapping id="hydraulicIn01" node="0>7|0"/>
        <i3dMapping id="hydraulicIn01_detached" node="0>7|0|0"/>
        <i3dMapping id="hydraulicOut01" node="0>7|1"/>
        <i3dMapping id="hydraulicOut01_detached" node="0>7|1|0"/>
        <i3dMapping id="hydraulicIn02" node="0>7|2"/>
        <i3dMapping id="hydraulicIn02_detached" node="0>7|2|0"/>
        <i3dMapping id="hydraulicOut02" node="0>7|3"/>
        <i3dMapping id="hydraulicOut02_detached" node="0>7|3|0"/>
        <i3dMapping id="rowerLeftFrontStartIndex" node="0>8|0" />
        <i3dMapping id="rowerLeftFrontWidthIndex" node="0>8|1" />
        <i3dMapping id="rowerLeftFrontHeightIndex" node="0>8|2" />
        <i3dMapping id="rowerLeftFrontDropStartIndex" node="0>8|3" />
        <i3dMapping id="rowerLeftFrontDropWidthIndex" node="0>8|4" />
        <i3dMapping id="rowerLeftFrontDropHeightIndex" node="0>8|5" />
        <i3dMapping id="rowerRightFrontStartIndex" node="0>8|6" />
        <i3dMapping id="rowerRightFrontWidthIndex" node="0>8|7" />
        <i3dMapping id="rowerRightFrontHeightIndex" node="0>8|8" />
        <i3dMapping id="rowerRightFrontDropStartIndex" node="0>8|9" />
        <i3dMapping id="rowerRightFrontDropWidthIndex" node="0>8|10" />
        <i3dMapping id="rowerRightFrontDropHeightIndex" node="0>8|11" />
        <i3dMapping id="rowerLeftMiddleStartIndex" node="0>8|12" />
        <i3dMapping id="rowerLeftMiddleWidthIndex" node="0>8|13" />
        <i3dMapping id="rowerLeftMiddleHeightIndex" node="0>8|14" />
        <i3dMapping id="rowerLeftMiddleDropStartIndex" node="0>8|15" />
        <i3dMapping id="rowerLeftMiddleDropWidthIndex" node="0>8|16" />
        <i3dMapping id="rowerLeftMiddleDropHeightIndex" node="0>8|17" />
        <i3dMapping id="rowerRightMiddleStartIndex" node="0>8|18" />
        <i3dMapping id="rowerRightMiddleWidthIndex" node="0>8|19" />
        <i3dMapping id="rowerRightMiddleHeightIndex" node="0>8|20" />
        <i3dMapping id="rowerRightMiddleDropStartIndex" node="0>8|21" />
        <i3dMapping id="rowerRightMiddleDropWidthIndex" node="0>8|22" />
        <i3dMapping id="rowerRightMiddleDropHeightIndex" node="0>8|23" />
        <i3dMapping id="rowerLeftBackStartIndex" node="0>8|24" />
        <i3dMapping id="rowerLeftBackWidthIndex" node="0>8|25" />
        <i3dMapping id="rowerLeftBackHeightIndex" node="0>8|26" />
        <i3dMapping id="rowerRightBackStartIndex" node="0>8|27" />
        <i3dMapping id="rowerRightBackWidthIndex" node="0>8|28" />
        <i3dMapping id="rowerRightBackHeightIndex" node="0>8|29" />
        <i3dMapping id="rowerBackDropStartIndex" node="0>8|30" />
        <i3dMapping id="rowerBackDropWidthIndex" node="0>8|31" />
        <i3dMapping id="rowerBackDropHeightIndex" node="0>8|32" />
        <i3dMapping id="attacher" node="1>"/>
        <i3dMapping id="attacher_vis" node="1>0"/>
        <i3dMapping id="steerHydraulic" node="1>0|0"/>
        <i3dMapping id="steerHydraulicPunch" node="1>0|0|0"/>
        <i3dMapping id="steeringRotArm" node="1>0|1"/>
        <i3dMapping id="steerHydraulicRef" node="1>0|1|0"/>
        <i3dMapping id="steerCylinder" node="1>0|1|1"/>
        <i3dMapping id="steerCylinderPunch" node="1>0|1|1|0"/>
        <i3dMapping id="support" node="1>0|2"/>
        <i3dMapping id="attacherJoint" node="1>1"/>
        <i3dMapping id="leftBackRotorCol" node="2>"/>
        <i3dMapping id="leftBackRotorRef" node="2>0"/>
        <i3dMapping id="rightBackRotorCol" node="3>"/>
        <i3dMapping id="rightBackRotorRef" node="3>0"/>
        <i3dMapping id="leftMiddleRotorCol" node="4>"/>
        <i3dMapping id="leftMiddleRotorRef" node="4>0"/>
        <i3dMapping id="rightMiddleRotorCol" node="5>"/>
        <i3dMapping id="rightMiddleRotorRef" node="5>0"/>
        <i3dMapping id="leftFrontRotorCol" node="6>"/>
        <i3dMapping id="leftFrontRotorRef" node="6>0"/>
        <i3dMapping id="rightFrontRotorCol" node="7>"/>
        <i3dMapping id="rightFrontRotorRef" node="7>0"/>
        <i3dMapping id="leftArmDummyWheel" node="8>0"/>
        <i3dMapping id="leftArmDirRefNode" node="8>1"/>
        <i3dMapping id="rightArmDummyWheel" node="9>0"/>
        <i3dMapping id="rightArmDirRefNode" node="9>1"/>
    </i3dMappings>
</vehicle>
