<?xml version="1.0" encoding="utf-8" standalone="no"?>
<modDesc descVersion="63">
    <author>GtX</author>

    <version>1.0.1.0</version>

    <title>
        <en>Krone Swadro 2000</en>
    </title>

    <description>
        <en>
        <![CDATA[Price: 74.000$
Maximum working speed: 18 kph
Required power: 145 hp
Working width: 19m

Version: 1.0.1.0
- Fixed bug where sometimes small strips would be missed.
- Fixed bug allowing a small pile to appear in front of the left middle rotor when stopping.
- Adjusted weight and some physics properties to correct issues experienced with some large tractors.]]>
        </en>
        <de>
        <![CDATA[Preis: 74.000€
Arbeitsgeschwindigkeit: 18 km/h
Benötigte Leistung: 145 PS
Arbeitsbreite: 19m

Version: 1.0.1.0
- Fehler behoben, bei dem manchmal kleine Streifen ausgelassen wurden.
- Fehler behoben, der beim Anhalten einen kleinen Haufen vor dem linken mittleren Rotor erscheinen ließ.
- Gewicht und einige physikalische Eigenschaften angepasst, um Probleme zu beheben, die bei einigen großen Traktoren aufgetreten sind.]]>
        </de>
        <fr>
        <![CDATA[Prix: 74.000€
Vitesse de travail : 18 km/h
Puissance requise : 145 ch
Largeur de travail: 19m

Version: 1.0.1.0
- Correction d'un bug où parfois de petites bandes manquaient.
- Correction d'un bug permettant à un petit tas d'apparaître devant le rotor central gauche lors de l'arrêt.
- Poids ajusté et certaines propriétés physiques pour corriger les problèmes rencontrés avec certains gros tracteurs.]]>
        </fr>
    </description>

    <iconFilename>icon_kroneSwadro2000.dds</iconFilename>
    <multiplayer supported="true"/>

    <storeItems>
        <storeItem xmlFilename="kroneSwadro2000.xml"/>
    </storeItems>
</modDesc>
