﻿<?xml version="1.0" encoding="utf-8" standalone="no"?>
<modDesc descVersion="63">
    <author>TF 2020 MODS</author>
    <version>1.0.0.0</version>
    <title>
        <en>Augerwagon With Lime</en>
        <de>Überladewagen Mit Kalk</de>
	</title>
    <description>
         <en>
<![CDATA[
This modification adds lime and pigfood to all augerwagons. In addition, trains can now transport everything that normal trailers can also transport.

]]>
        </en>
        <de>
<![CDATA[
Diese Modifikation fügt allen Überladewagen Kalk und Schweinefutter hinzu. Zudem können Züge jetzt alles transportieren, was normale Anhänger auch transportieren können.

]]>
        </de>
    </description>
	
    <iconFilename>iconAugerLime.dds</iconFilename>
    <multiplayer supported="true"/>
	
	<fillTypes filename="augerWagonLime.xml" />

</modDesc>
