﻿<?xml version="1.0" encoding="utf-8" standalone="no" ?>
<modDesc descVersion="63">
    <author>OmaTana</author>
    <version>1.0.0.0</version>
	<iconFilename>modIcon.dds</iconFilename>
    <title>
        <en>Large Silos Multi Fruit</en>
        <de>Große Silos Multifrucht</de>
    </title>
    <description>
<en><![CDATA[Do you need a really big silo for your farm, or even several?
Then you will definitely be happy about these large silos with a lot of storage capacity.
The silos reach underground, giving them plenty of room.
Since these are used silos, they are even inexpensive.
Not only does grain, potatoes and hay fit in here, but almost everything you want to store on a farm.
If you need even more storage capacity, you can add silo extensions.

Large silo:
Capacity: 20,000,000 liters
Price: $50,000

Medium sized silo:
Capacity: 10,000,000 liters
Price: $30,000

Extra Large silo:
Capacity: 50,000,000 liters
Price: $50,000

Large silo expansion:
Capacity: 20,000,000 liters
Price: $10,000

Small silo extension:
Capacity: 10,000,000 liters
Price: $5,000

]]>
</en>
<de><![CDATA[Brauchst Du ein richtig großes Silo für Deinen Hof, oder gar mehrere?
Dann freust Du Dich bestimmt über diese großen Silos mit viel Speicherkapazität.
Die Silos reichen bis in den Untergrund, was ihnen zu viel Platz verhilft.
Da es sich um Gebraucht-Silos handelt, sind sie sogar preiswert.
Hier passen nicht nur Getreide, Kartoffeln und Heu rein, sondern nahezu alles, was man auf einem Hof lagern will.
Wenn Du noch mehr Speicherkapazität brauchst, kannst Du noch Silo-Erweiterungen platzieren.

Großes Silo:
Kapazität: 20.000.000 Liter
Preis: 50.000 €

Mittelgroßes Silo:
Kapazität: 10.000.000 Liter
Preis: 30.000 €

Sehr großes Silo:
Kapazität: 50.000.000 Liter
Preis: 50.000 €

Große Silo-Erweiterung:
Kapazität: 20.000.000 Liter
Preis: 10.000 €

Kleine Silo-Erweiterung:
Kapazität: 10.000.000 Liter
Preis: 5.000 €


]]>
</de></description>
    <multiplayer supported="true"/>    
	
	<storeItems>
        <storeItem rootNode="placeable" xmlFilename="siloLarge.xml"/>
        <storeItem rootNode="placeable" xmlFilename="siloMedium.xml"/>
        <storeItem rootNode="placeable" xmlFilename="siloXLarge.xml"/>
        <storeItem rootNode="placeable" xmlFilename="siloExtensionLarge.xml"/>
        <storeItem rootNode="placeable" xmlFilename="siloExtensionSmall.xml"/>
    </storeItems>




</modDesc>