<?xml version="1.0" encoding="utf-8" standalone="no" ?>
<placeable type="silo" xmlns:xsi="http://www.w3.org/2001/XMLSchema-instance" xsi:noNamespaceSchemaLocation="../../../../shared/xml/schema/placeable.xsd">
    <storeData>
        <name>
            <en>Silo Extra Large</en>            <de>Silo, sehr groß</de>
		</name>
        <functions>
            <function>$l10n_function_fillableSilo</function>
        </functions>
        <image>store_siloXLarge.dds</image>
        <price>50000</price>
        <lifetime>1000</lifetime>
        <rotation>0</rotation>
        <brand>LIZARD</brand>
        <species>placeable</species>
        <category>silos</category>
        <brush>
            <type>placeable</type>
            <category>buildings</category>
            <tab>silos</tab>
        </brush>
        <vertexBufferMemoryUsage>323072</vertexBufferMemoryUsage>
        <indexBufferMemoryUsage>67840</indexBufferMemoryUsage>
        <textureMemoryUsage>2424832</textureMemoryUsage>
        <audioMemoryUsage>0</audioMemoryUsage>
        <instanceVertexBufferMemoryUsage>0</instanceVertexBufferMemoryUsage>
        <instanceIndexBufferMemoryUsage>0</instanceIndexBufferMemoryUsage>
    </storeData>

    <base>
        <filename>siloXLarge.i3d</filename>
        <canBeRenamed>true</canBeRenamed>
    </base>

    <placement useRandomYRotation="false" useManualYRotation="true" >
        <testAreas>
            <testArea startNode="testArea1Start" endNode="testArea1End" />
        </testAreas>
    </placement>

    <clearAreas>
        <clearArea startNode="clearArea1Start" widthNode="clearArea1Width" heightNode="clearArea1Height"/>
    </clearAreas>

    <leveling requireLeveling="true" maxSmoothDistance="1" maxSlope="75" maxEdgeAngle="30">
        <levelAreas>
            <levelArea startNode="levelArea1Start" widthNode="levelArea1Width" heightNode="levelArea1Height" groundType="asphalt"/>
        </levelAreas>
    </leveling>

    <indoorAreas>
        <indoorArea startNode="indoorArea1Start" widthNode="indoorArea1Width" heightNode="indoorArea1Height" />
    </indoorAreas>

    <tipOcclusionUpdateAreas>
        <tipOcclusionUpdateArea startNode="tipOcclusionUpdateArea1Start" endNode="tipOcclusionUpdateArea1End" />
    </tipOcclusionUpdateAreas>

    <ai>
        <updateAreas>
            <updateArea startNode="tipOcclusionUpdateArea1Start" endNode="tipOcclusionUpdateArea1End" />
        </updateAreas>
        <splines>
            <spline node="aiSpline" />
        </splines>
    </ai>

    <dynamicallyLoadedParts>
        <dynamicallyLoadedPart filename="$data/placeables/sellingStationGeneric/sellingStationGenericNoCover.i3d" node="0" linkNode="grainGutterLinkNode" />
    </dynamicallyLoadedParts>

    <infoTrigger triggerNode="infoTrigger"/>

    <silo>
        <loadingStation node="loadingTrigger" supportsExtension="true" storageRadius="50">
            <loadTrigger triggerNode="loadingTrigger" fillLitersPerSecond="2000" dischargeNode="dischargeNode" fillTypeCategories="BULK TRAINWAGON LIQUID SPRAYER" aiNode="aiLoadingNode">
                <effectNode effectClass="PipeEffect" effectNode="pipeEffect"      materialType="pipe"           fadeTime="0.5" maxBending="0" controlPoint="4.8 0 0 0" />
                <effectNode                          effectNode="pipeEffectSmoke" materialType="unloadingSmoke" fadeTime="0.5" />
            </loadTrigger>
        </loadingStation>

        <unloadingStation supportsExtension="true" storageRadius="50" >
            <unloadTrigger exactFillRootNode="exactFillRootNode" fillTypeCategories="BULK TRAINWAGON LIQUID SPRAYER" aiNode="aiUnloadingNode">
				<baleTrigger triggerNode="baleTrigger" deleteLitersPerSecond="10000"/>
			</unloadTrigger>        
		</unloadingStation>

        <storages>
            <storage node="storage" fillTypeCategories="BULK TRAINWAGON LIQUID SPRAYER" capacity="50000000" isExtension="true"/>
        </storages>
    </silo>

    <triggerMarkers>
        <triggerMarker node="markerLoading"   filename="$data/shared/assets/marker/markerIcons.xml" id="LOAD" />
        <triggerMarker node="markerUnloading" filename="$data/shared/assets/marker/markerIcons.xml" id="UNLOAD" />
    </triggerMarkers>


    <hotspots>
        <hotspot type="UNLOADING" linkNode="mapPosition" />
    </hotspots>

    <i3dMappings>
        <i3dMapping id="mapPosition" node="0>0|0" />
        <i3dMapping id="storage" node="0>0|1" />
        <i3dMapping id="loadingTrigger" node="0>0|2|0|0" />
        <i3dMapping id="dischargeNode" node="0>0|2|0|1" />
        <i3dMapping id="dischargeEffect" node="0>0|2|0|2" />
        <i3dMapping id="pipeEffect" node="0>0|2|0|2|0" />
        <i3dMapping id="pipeEffectSmoke" node="0>0|2|0|2|1" />
        <i3dMapping id="aiLoadingNode" node="0>0|2|0|3" />
        <i3dMapping id="markerLoading" node="0>0|2|1" />
        <i3dMapping id="exactFillRootNode" node="0>0|3|0" />
        <i3dMapping id="baleTrigger" node="0>0|3|0|0" />

        <i3dMapping id="grainGutterLinkNode" node="0>0|3|1" />
        <i3dMapping id="aiUnloadingNode" node="0>0|3|2" />
        <i3dMapping id="markerUnloading" node="0>0|3|3" />
        <i3dMapping id="infoTrigger" node="0>0|4" />
        <i3dMapping id="aiSpline" node="0>0|5" />

        <i3dMapping id="clearArea1Start" node="0>1|0" />
        <i3dMapping id="clearArea1Width" node="0>1|0|0" />
        <i3dMapping id="clearArea1Height" node="0>1|0|1" />
        <i3dMapping id="levelArea1Start" node="0>2|0" />
        <i3dMapping id="levelArea1Width" node="0>2|0|0" />
        <i3dMapping id="levelArea1Height" node="0>2|0|1" />
        <i3dMapping id="testArea1Start" node="0>3|0" />
        <i3dMapping id="testArea1End" node="0>3|0|0" />
        <i3dMapping id="indoorArea1Start" node="0>5|0" />
        <i3dMapping id="indoorArea1Width" node="0>5|0|0" />
        <i3dMapping id="indoorArea1Height" node="0>5|0|1" />
        <i3dMapping id="tipOcclusionUpdateArea1Start" node="0>4|0" />
        <i3dMapping id="tipOcclusionUpdateArea1End" node="0>4|0|0" />

    </i3dMappings>

  

</placeable>
