<?xml version="1.0" encoding="utf-8" standalone="no" ?>
<placeable type="siloExtension" xmlns:xsi="http://www.w3.org/2001/XMLSchema-instance" xsi:noNamespaceSchemaLocation="../../../../../shared/xml/schema/placeable.xsd">
    <storeData>
		<name>
				<en>Silo Extension, small</en>
				<de>Silo-Erweiterung, klein</de>
		</name>
        <functions>
            <function>$l10n_function_siloExtension</function>
        </functions>
        <image>store_siloExtensionSmall.dds</image>
        <price>10000</price>
        <lifetime>1000</lifetime>
        <rotation>0</rotation>
        <brand>NONE</brand>
        <species>placeable</species>
        <category>siloExtensions</category>
        <brush>
            <type>placeable</type>
            <category>buildings</category>
            <tab>siloExtensions</tab>
        </brush>
        <vertexBufferMemoryUsage>75008</vertexBufferMemoryUsage>
        <indexBufferMemoryUsage>11264</indexBufferMemoryUsage>
        <textureMemoryUsage>1900544</textureMemoryUsage>
        <audioMemoryUsage>0</audioMemoryUsage>
        <instanceVertexBufferMemoryUsage>0</instanceVertexBufferMemoryUsage>
        <instanceIndexBufferMemoryUsage>0</instanceIndexBufferMemoryUsage>
    </storeData>

    <base>
        <filename>siloExtensionSmall.i3d</filename>
    </base>

    <placement useRandomYRotation="false" useManualYRotation="true" >
        <testAreas>
            <testArea startNode="testArea1Start" endNode="testArea1End" />
        </testAreas>

        <sounds>
            <place template="siloImp" />
        </sounds>
    </placement>

    <clearAreas>
        <clearArea startNode="clearArea1Start" widthNode="clearArea1Width" heightNode="clearArea1Height"/>
    </clearAreas>

    <leveling requireLeveling="true" maxSmoothDistance="1" maxSlope="75" maxEdgeAngle="30">
        <levelAreas>
            <levelArea startNode="levelArea1Start" widthNode="levelArea1Width" heightNode="levelArea1Height"/>
        </levelAreas>
    </leveling>

    <indoorAreas/>

    <tipOcclusionUpdateAreas>
        <tipOcclusionUpdateArea startNode="tipOcclusionUpdateArea1Start" endNode="tipOcclusionUpdateArea1End" />
    </tipOcclusionUpdateAreas>

    <ai>
        <updateAreas>
            <updateArea startNode="tipOcclusionUpdateArea1Start" endNode="tipOcclusionUpdateArea1End" />
        </updateAreas>
    </ai>

    <siloExtension>
        <storage node="storage" fillTypeCategories="farmSilo" capacity="15000000" isExtension="true"/>
    </siloExtension>

    <i3dMappings>
        <i3dMapping id="storage" node="0>0|0" />
        <i3dMapping id="testArea1Start" node="0>0|0|0" />
        <i3dMapping id="testArea1End" node="0>0|0|0|0" />
        <i3dMapping id="clearArea1Start" node="0>0|1|0" />
        <i3dMapping id="clearArea1Width" node="0>0|1|0|0" />
        <i3dMapping id="clearArea1Height" node="0>0|1|0|1" />
        <i3dMapping id="levelArea1Start" node="0>0|2|0" />
        <i3dMapping id="levelArea1Width" node="0>0|2|0|0" />
        <i3dMapping id="levelArea1Height" node="0>0|2|0|1" />
        <i3dMapping id="indoorArea1Start" node="0>0|3|0" />
        <i3dMapping id="indoorArea1Width" node="0>0|3|0|0" />
        <i3dMapping id="indoorArea1Height" node="0>0|3|0|1" />
        <i3dMapping id="tipOcclusionUpdateArea1Start" node="0>0|4|0" />
        <i3dMapping id="tipOcclusionUpdateArea1End" node="0>0|4|0|0" />
    </i3dMappings>
</placeable>
