<?xml version="1.0" encoding="utf-8" standalone="no" ?>
<placeable type="productionPoint" xmlns:xsi="http://www.w3.org/2001/XMLSchema-instance" xsi:noNamespaceSchemaLocation="../../../../../shared/xml/schema/placeable.xsd">
    <storeData>
        <name>Harvest Productions</name>
        <functions>
            <function>$l10n_function_productionPoint</function>
        </functions>
        <image>$data/placeables/lizard/sellingPoints/bhp/store_bhp.png</image>
        <price>20000</price>
        <lifetime>1000</lifetime>
        <rotation>0</rotation>
        <brand>NONE</brand>
        <species>placeable</species>
        <category>productionPoints</category>
        <brush>
            <type>placeable</type>
            <category>production</category>
            <tab>factories</tab>
        </brush>
		<canBeSold>true</canBeSold>
        <showInStore>true</showInStore>
        <vertexBufferMemoryUsage>716288</vertexBufferMemoryUsage>
        <indexBufferMemoryUsage>102912</indexBufferMemoryUsage>
        <textureMemoryUsage>11141120</textureMemoryUsage>
        <audioMemoryUsage>0</audioMemoryUsage>
        <instanceVertexBufferMemoryUsage>0</instanceVertexBufferMemoryUsage>
        <instanceIndexBufferMemoryUsage>0</instanceIndexBufferMemoryUsage>
    </storeData>

    <deletedNodes>
        <deletedNode node="aiSpline_moved"/>
        <deletedNode node="unloadTriggerAINode_moved"/>
    </deletedNodes>

    <base>
        <filename>bhp.i3d</filename>
        <canBeRenamed>true</canBeRenamed>
    </base>

    <placement useRandomYRotation="false" useManualYRotation="true" >
        <testAreas>
            <testArea startNode="testArea1Start" endNode="testArea1End" />
            <testArea startNode="testArea2Start" endNode="testArea2End" />
        </testAreas>

        <sounds>
            <place template="smallImp" />
        </sounds>
    </placement>

    <clearAreas>
        <clearArea startNode="clearArea1Start" widthNode="clearArea1Width" heightNode="clearArea1Height"/>
        <clearArea startNode="clearArea2Start" widthNode="clearArea2Width" heightNode="clearArea2Height"/>
    </clearAreas>

    <leveling requireLeveling="true" maxSmoothDistance="10" maxSlope="75" maxEdgeAngle="30" >
        <levelAreas>
            <levelArea startNode="levelArea1Start" widthNode="levelArea1Width" heightNode="levelArea1Height" groundType="asphalt"/>
            <levelArea startNode="levelArea2Start" widthNode="levelArea2Width" heightNode="levelArea2Height" groundType="asphalt"/>
        </levelAreas>
    </leveling>

    <indoorAreas>
        <indoorArea startNode="indoorArea1Start" widthNode="indoorArea1Width" heightNode="indoorArea1Height" />
    </indoorAreas>

    <tipOcclusionUpdateAreas>
        <tipOcclusionUpdateArea startNode="tipOcclusionUpdateArea1Start" endNode="tipOcclusionUpdateArea1End" />
    </tipOcclusionUpdateAreas>

    <ai>
        <updateAreas>
            <updateArea startNode="tipOcclusionUpdateArea1Start" endNode="tipOcclusionUpdateArea1End" />
        </updateAreas>
    </ai>

    <infoTrigger triggerNode="infoTrigger"/>

    <triggerMarkers>
        <triggerMarker node="unloadTriggerMarker"       filename="$data/shared/assets/marker/markerIcons.xml" id="UNLOAD"           adjustToGround="true" />
		<triggerMarker node="playerTriggerMarker" 		filename="$data/shared/assets/marker/markerIcons.xml" id="WRENCH" 			adjustToGround="true" />
    </triggerMarkers>

    <hotspots>
        <hotspot type="UNLOADING" linkNode="unloadTriggerMarker" teleportNode="teleportNode" />
    </hotspots>
	
	<productionPoint>
        <productions>
            <production id="Harvest Tableware" name="%s (%s)" params="Tableware|Straw" cyclesPerHour="55" costsPerActiveHour="3">
                <inputs>
                    <input fillType="STRAW" amount="4" />
                    <input fillType="SUGAR" amount="2" />
                    <input fillType="WATER" amount="1" />
                </inputs>
                <outputs>
                    <output fillType="TABLEWARE" amount="10" />
                </outputs>
            </production>
			<production id="CarvingsWood" name="%s (%s)" params="Briquette|woodchips" cyclesPerHour="55" costsPerActiveHour="3">
                <inputs>
                    <input fillType="WOODCHIPS" amount="4" />
                    <input fillType="DIESEL" amount="1" />
                </inputs>
                <outputs>
                    <output fillType="FIREBRICK" amount="5" />
                </outputs>
            </production>
        </productions>

        <storage isExtension="false" fillLevelSyncThreshold="50">
            <capacity fillType="STRAW"     	capacity="20000" />
            <capacity fillType="SUGAR"    	capacity="20000" />
            <capacity fillType="WATER" 		capacity="20000" />
            <capacity fillType="WOODCHIPS" 	capacity="20000" />
            <capacity fillType="DIESEL" 	capacity="20000" />
            <capacity fillType="FIREBRICK" 	capacity="20000" />
            <capacity fillType="TABLEWARE" 	capacity="20000" />
        </storage>

        <sellingStation appearsOnStats="true" node="sellingStation" supportsExtension="false">
        <unloadTrigger exactFillRootNode="unloadTrigger" fillTypes="WOODCHIPS STRAW SUGAR WATER DIESEl" aiNode="unloadTriggerAINode" />

        <unloadTrigger fillTypes="WOODCHIPS STRAW ROUNDBALE_WOOD ROUNDBALE SQUAREBALE" aiNode="unloadTriggerAINode">
            <baleTrigger triggerNode="baleTrigger" deleteLitersPerSecond="10000" />
        </unloadTrigger>

        <fillType name="WOODCHIPS"     priceScale="1" supportsGreatDemand="true" disablePriceDrop="false" />
        <fillType name="STRAW"         priceScale="1" supportsGreatDemand="true" disablePriceDrop="false" />

        <sounds>
            <idle template="biogasPlantTemplate"/>
        </sounds>
    </sellingStation>


        <palletSpawner node="palletSpawner">
            <spawnPlaces>
                <spawnPlace startNode="spawnSpace1start" />
                <spawnPlace startNode="spawnSpace2start" />
            </spawnPlaces>
        </palletSpawner>

        <playerTrigger node="playerTrigger" />

        <sounds>
            <idle template="biogasPlantTemplate"/>
        </sounds>
    </productionPoint>

    <!-- <sellingStation appearsOnStats="true" node="sellingStation" supportsExtension="false"> -->
        <!-- <unloadTrigger exactFillRootNode="unloadTrigger" fillTypes="WOODCHIPS STRAW" aiNode="unloadTriggerAINode" /> -->

        <!-- <unloadTrigger fillTypes="WOOD WOODCHIPS STRAW ROUNDBALE_WOOD ROUNDBALE SQUAREBALE" aiNode="unloadTriggerAINode"> -->
            <!-- <baleTrigger triggerNode="baleTrigger" deleteLitersPerSecond="10000" /> -->
            <!-- <woodTrigger triggerNode="woodTrigger" activationTriggerNode="woodSellPlayerTrigger"/> -->
        <!-- </unloadTrigger> -->

        <!-- <fillType name="WOODCHIPS"     priceScale="1" supportsGreatDemand="true" disablePriceDrop="false" /> -->
        <!-- <fillType name="STRAW"         priceScale="1" supportsGreatDemand="true" disablePriceDrop="false" /> -->

        <!-- <sounds> -->
            <!-- <idle template="biogasPlantTemplate"/> -->
        <!-- </sounds> -->
    <!-- </sellingStation> -->

    <lights>
        <group weatherRequiredFlags="NIGHT" />

        <sharedLight filename="$data/shared/assets/lights/lizard/buildings/industrialWallLight.xml" linkNode="linkedLight1" groupIndex="1"/>
        <sharedLight filename="$data/shared/assets/lights/lizard/buildings/industrialWallLight.xml" linkNode="linkedLight2" groupIndex="1"/>
        <sharedLight filename="$data/shared/assets/lights/lizard/buildings/industrialWallLight.xml" linkNode="linkedLight3" groupIndex="1"/>
        <sharedLight filename="$data/shared/assets/lights/terraLed/fluorescentTube50W.xml"          linkNode="linkedLight4" groupIndex="1"/>
        <sharedLight filename="$data/shared/assets/lights/terraLed/fluorescentTube50W.xml"          linkNode="linkedLight5" groupIndex="1"/>

        <lightShape node="interiorDay" groupIndex="1"/>
        <lightShape node="interiorDayLOD" groupIndex="1"/>

        <realLights>
            <low>
                <light node="realLightsLow" groupIndex="1"/>
            </low>
            <high>
                <light node="realLightsHigh" groupIndex="1"/>
            </high>
        </realLights>
    </lights>

    <i3dMappings>
        <i3dMapping id="interiorDay" node="0>0|0|0|2|0" />
        <i3dMapping id="interiorDayLOD" node="0>0|1|0|0" />
        <i3dMapping id="clearArea1Start" node="0>1|0" />
        <i3dMapping id="clearArea1Width" node="0>1|0|0" />
        <i3dMapping id="clearArea1Height" node="0>1|0|1" />
        <i3dMapping id="clearArea2Start" node="0>1|1" />
        <i3dMapping id="clearArea2Width" node="0>1|1|0" />
        <i3dMapping id="clearArea2Height" node="0>1|1|1" />
        <i3dMapping id="levelArea1Start" node="0>2|0" />
        <i3dMapping id="levelArea1Width" node="0>2|0|0" />
        <i3dMapping id="levelArea1Height" node="0>2|0|1" />
        <i3dMapping id="levelArea2Start" node="0>2|1" />
        <i3dMapping id="levelArea2Width" node="0>2|1|0" />
        <i3dMapping id="levelArea2Height" node="0>2|1|1" />
        <i3dMapping id="indoorArea1Start" node="0>3|0" />
        <i3dMapping id="indoorArea1Width" node="0>3|0|0" />
        <i3dMapping id="indoorArea1Height" node="0>3|0|1" />
        <i3dMapping id="testArea1Start" node="0>4|0" />
        <i3dMapping id="testArea1End" node="0>4|0|0" />
        <i3dMapping id="testArea2Start" node="0>4|1" />
        <i3dMapping id="testArea2End" node="0>4|1|0" />
        <i3dMapping id="tipOcclusionUpdateArea1Start" node="0>5|0" />
        <i3dMapping id="tipOcclusionUpdateArea1End" node="0>5|0|0" />
        <i3dMapping id="infoTrigger" node="0>6" />
        <i3dMapping id="realLightsLow" node="0>8|0|0" />
        <i3dMapping id="realLightsHigh" node="0>8|0|1" />
        <i3dMapping id="linkedLight1" node="0>8|1|0" />
        <i3dMapping id="linkedLight2" node="0>8|1|1" />
        <i3dMapping id="linkedLight3" node="0>8|1|2" />
        <i3dMapping id="linkedLight4" node="0>8|1|3" />
        <i3dMapping id="linkedLight5" node="0>8|1|4" />
        <i3dMapping id="effectNode1" node="0>9|0" />
        <i3dMapping id="effectNode2" node="0>9|1" />
        <i3dMapping id="effectNode3" node="0>9|2" />
        <i3dMapping id="sellingStation" node="0>10" />
        <i3dMapping id="unloadTrigger" node="0>10|0" />
        <i3dMapping id="baleTrigger" node="0>10|1" />
        <i3dMapping id="unloadTriggerMarker" node="0>10|2" />
        <i3dMapping id="unloadTriggerAINode" node="0>10|3" />
        <i3dMapping id="teleportNode" node="0>10|4" />
        <i3dMapping id="unloadTriggerAINode_moved" node="0>10|5" />
        <i3dMapping id="aiSpline_moved" node="0>10|6" />
		<i3dMapping id="playerTrigger" node="0>11|0" />
        <i3dMapping id="playerTriggerMarker" node="0>11|0|0" />
        <i3dMapping id="palletSpawner" node="0>12" />
        <i3dMapping id="spawnSpace1start" node="0>12|0" />
        <i3dMapping id="spawnSpace2start" node="0>12|1" />
    </i3dMappings>
</placeable>
