<?xml version="1.0" encoding="utf-8" standalone="no" ?>
<map xmlns:xsi="http://www.w3.org/2001/XMLSchema-instance" xsi:noNamespaceSchemaLocation="../../shared/xml/schema/fillTypes.xsd">
<fillTypes>
		<fillType name="TABLEWARE" title="Harvest Tableware" showOnPriceTable="true">
            <physics massPerLiter="0.9" maxPhysicalSurfaceAngle="38" />
            <economy pricePerLiter="1.75">
                <factors>
                    <factor period="1"  value="1.07" />
                    <factor period="2"  value="0.99" />
                    <factor period="3"  value="0.94" />
                    <factor period="4"  value="0.85" />
                    <factor period="5"  value="0.81" />
                    <factor period="6"  value="0.86" />
                    <factor period="7"  value="0.99" />
                    <factor period="8"  value="1.08" />
                    <factor period="9"  value="1.13" />
                    <factor period="10" value="1.21" />
                    <factor period="11" value="1.08" />
                    <factor period="12" value="1.00" />
                </factors>
            </economy>
            <image      hud     ="textures/hud_strawProducts.dds" />
            <pallet     filename="Pallet/strawPallet.xml" />
        </fillType>
		<fillType name="FIREBRICK" title="Woodchip Briquettes" showOnPriceTable="true">
            <physics massPerLiter="0.9" maxPhysicalSurfaceAngle="38" />
            <economy pricePerLiter="1.68">
                <factors>
                    <factor period="1"  value="1.07" />
                    <factor period="2"  value="0.99" />
                    <factor period="3"  value="0.94" />
                    <factor period="4"  value="0.85" />
                    <factor period="5"  value="0.81" />
                    <factor period="6"  value="0.86" />
                    <factor period="7"  value="0.99" />
                    <factor period="8"  value="1.08" />
                    <factor period="9"  value="1.13" />
                    <factor period="10" value="1.21" />
                    <factor period="11" value="1.08" />
                    <factor period="12" value="1.00" />
                </factors>
            </economy>
            <image      hud     ="textures/hud_fireBrick.dds" />
            <pallet     filename="Pallet/fireBrickPallet.xml" />
        </fillType>
</fillTypes>

<fillTypeCategories>
	<fillTypeCategory name="PRODUCT">TABLEWARE FIREBRICK</fillTypeCategory>
</fillTypeCategories>
</map>
