<?xml version="1.0" encoding="utf-8" standalone="no" ?>
<modDesc descVersion="80">
    <author>Deathspledge</author>
    <version>1.0.0.0</version>
    <title>
        <en>Harvest Productions</en>
    </title>
    <description>
        <en>
<![CDATA[
Welcome to Harvest Productions. At harvest productions we aim to turn your excess agri waste into sustainable products. 

Take your excess straw and with the magic of modern chemistry, turn it into Straw Plastic, and creat your very own bio-degradable Tableware. 

For all you forestry farmers out there, Woodchip is one of those byproducts that is usually just piled up and sold off in bulk for little profit. 
Why not bring that in and we will press it into Fire Briquettes, for those cold winter nights. 

Price - $20000

Tableware

Inputs
STRAW
SUGAR
WATER 

Outputs
TABLEWARE

Fire Briquettes
Inputs
WOODCHIPS
DIESEL

Outputs
FIREBRICK
]]>
        </en>
		<de>
            <![CDATA[
Willkommen bei Harvest Productions. Wir von Harvest Productions haben es uns zum Ziel gesetzt, Ihre überschüssigen landwirtschaftlichen Abfälle in nachhaltige Produkte zu verwandeln. 

Nehmen Sie Ihr überschüssiges Stroh und verwandeln Sie es mit der Magie der modernen Chemie in Strohplastik und kreieren Sie Ihr eigenes biologisch abbaubares Tischgeschirr. 

Für alle Landwirte, die in der Forstwirtschaft tätig sind: Holzhackschnitzel gehören zu den Nebenprodukten, die in der Regel einfach aufgestapelt und in großen Mengen mit geringem Gewinn verkauft werden. 
Bringen Sie diese doch einfach zu uns und wir pressen sie zu Briketts für kalte Winternächte. 

Preis - €20000

Tafelgeschirr

Eingänge
STROH
ZUCKER
WASSER 

Outputs
TISCHWARE

Feuer Briketts
Eingaben
HOLZSCHNITTE
DIESEL

Outputs
FEUERBRICK

]]>
        </de>
    </description>
	
	
	<l10n>		
	</l10n>	
	
	<fillTypes filename="fillTypes.xml" />
	
    <iconFilename>icon_harvestProductions.dds</iconFilename> 
    <multiplayer supported="true" />

    <storeItems>
        <storeItem xmlFilename="bhp.xml" />
		<storeItem xmlFilename="Pallet/strawPallet.xml" />
		<storeItem xmlFilename="Pallet/fireBrickPallet.xml" />
		<storeItem xmlFilename="ecoMarket.xml" />
    </storeItems>
</modDesc>
