<?xml version="1.0" encoding="utf-8" standalone="no"?>
<modDesc descVersion="79">
  <author>DJ WoodZ</author>
  <version>1.0.1.0</version>
  <title>
    <en>Show Fill Level Name</en>
    <de>Name Des Füllstands Anzeigen</de>
    <fr>Afficher Le Nom Du Niveau De Remplissage</fr>
    <es>Mostrar Nombre Del Nivel De Llenado</es>
    <it>Mostra Nome Livello Di Riempimento</it>
    <pl>Pokaż Nazwę Poziomu Napełnienia</pl>
  </title>
  <description>
    <en><![CDATA[This mod shows the name of your vehicle's load next to the current fill level.

Changelog

v1.0.1.0

- FIXED: Improved display for mods with improperly defined fillUnit.]]></en>
    <de><![CDATA[Dieser Mod zeigt neben dem aktuellen Füllstand den Namen der Ladung deines Fahrzeugs an.

Änderungsprotokoll

v1.0.1.0

- BEHOBEN: Verbesserte Anzeige für Mods mit falsch definierter fillUnit.]]></de>
    <fr><![CDATA[Ce mod affiche le nom du chargement de votre véhicule à côté du niveau de remplissage actuel.

Journal des modifications

v1.0.1.0

- CORRIGÉ : Affichage amélioré pour les mods avec fillUnit mal défini.]]></fr>
    <es><![CDATA[Este mod muestra el nombre de la carga de su vehículo junto al nivel de llenado actual.

Registro de cambios

v1.0.1.0

- CORREGIDO: Visualización mejorada para mods con fillUnit mal definido.]]></es>
    <it><![CDATA[Questa mod mostra il nome del carico del tuo veicolo accanto al livello di riempimento attuale.

Registro delle modifiche

v1.0.1.0

- RISOLTO: visualizzazione migliorata per mod con fillUnit definita in modo errato.]]></it>
    <pl><![CDATA[Ten mod wyświetla nazwę ładunku pojazdu obok aktualnego poziomu napełnienia.

Dziennik zmian

wersja 1.0.1.0

-NAPRAWIONO: Poprawione wyświetlanie modów z niepoprawnie zdefiniowanym fillUnit.]]></pl>
  </description>
  <iconFilename>icon_ShowFillLevelName.dds</iconFilename>
  <multiplayer supported="true" />
  <extraSourceFiles>
    <sourceFile filename="scripts/ShowFillLevelName.lua" />
  </extraSourceFiles>
</modDesc>