<?xml version="1.0" encoding="utf-8" standalone="no" ?>
<modDesc descVersion="74">
    <author>Cypek</author>
    <version>1.0.0.0</version>
    <title>
        <en>Wooden Barn</en>
        <de>Scheune Aus Holz</de>
		<pl>Drewniana Stodoła</pl>
		<fr>Grange En Bois</fr>
    </title>
    <description>
 		<pl>
<![CDATA[Drewniana Stodoła
- Dzienny koszt utrzymania: 30 €
- Cena: 30000 €
]]>
		</pl>
		<en>
<![CDATA[Wooden Barn
- Daily upkeep: 30 $
- Price: 30000 $
]]>
		</en>
		<de>
<![CDATA[Scheune Aus Holz
- Unterhalt: 30 €/Tag
- Preis: 30000 €
]]>
		</de>
		<fr>
<![CDATA[Grange En Bois
- Entretien quotidien: 30 €
- Prix: 30000 €
]]>
		</fr>
    </description>
    <iconFilename>icon_WoodenBarn.png</iconFilename>
    <multiplayer supported="true"/>
    <storeItems>
        <storeItem xmlFilename="WoodenBarn.xml"/>
    </storeItems>
</modDesc>