<?xml version="1.0" encoding="utf-8" standalone="no" ?>
<placeable type="simplePlaceable" xmlns:xsi="http://www.w3.org/2001/XMLSchema-instance" xsi:noNamespaceSchemaLocation="../../../../../shared/xml/schema/placeable.xsd">
    <storeData>
        <name>
			<en>Wooden Barn</en>
			<de>Scheune Aus Holz</de>
			<pl>Drewniana Stodoła</pl>
			<fr>Grange En Bois</fr>
		</name>
        <functions>
            <function>$l10n_function_garage</function>
        </functions>
        <image>store_WoodenBarn.png</image>
        <price>30000</price>
        <dailyUpkeep>30</dailyUpkeep>
        <lifetime>1000</lifetime>
        <rotation>0</rotation>
		<canBeSold>true</canBeSold>
        <showInStore>true</showInStore>
        <species>placeable</species>
        <category>sheds</category>
		<brand>NONE</brand>
        <vertexBufferMemoryUsage>283648</vertexBufferMemoryUsage>
        <indexBufferMemoryUsage>28160</indexBufferMemoryUsage>
        <textureMemoryUsage>1769472</textureMemoryUsage>
        <audioMemoryUsage>0</audioMemoryUsage>
        <instanceVertexBufferMemoryUsage>0</instanceVertexBufferMemoryUsage>
        <instanceIndexBufferMemoryUsage>0</instanceIndexBufferMemoryUsage>
    </storeData>

    <base>
        <filename>WoodenBarn.i3d</filename>
        <canBeRenamed>true</canBeRenamed>
		<boughtWithFarmland>true</boughtWithFarmland>
    </base>

    <placement useRandomYRotation="false" useManualYRotation="true" >
        <testAreas>
            <testArea startNode="testArea1Start" endNode="testArea1End" />
        </testAreas>

        <sounds>
            <place template="medImp" />
        </sounds>
    </placement>

	
    <indoorAreas>
        <indoorArea startNode="indoorArea01Start" widthNode="indoorArea01Width" heightNode="indoorArea01Height"/>
    </indoorAreas>

	<clearAreas>
        <clearArea startNode="clearArea1Start" widthNode="clearArea1Width" heightNode="clearArea1Height"/>
    </clearAreas>
    
	<leveling requireLeveling="true" maxSmoothDistance="1" maxSlope="75" maxEdgeAngle="30">
        <levelAreas>
            <levelArea startNode="levelArea1Start" widthNode="levelArea1Width" heightNode="levelArea1Height" groundType="dirt"/>
        </levelAreas>
    </leveling>	
	
	<tipOcclusionUpdateAreas>
        <tipOcclusionUpdateArea startNode="tipOcclusionUpdateArea1Start" endNode="tipOcclusionUpdateArea1End" />
    </tipOcclusionUpdateAreas>

    <ai>
        <updateAreas>
            <updateArea startNode="tipOcclusionUpdateArea1Start" endNode="tipOcclusionUpdateArea1End" />
        </updateAreas>
    </ai>	
	
	<animatedObjects>
        <animatedObject saveId="drzwi_cypek" > 
            <animation duration="7.5">
						<part node="7|0|0"> 
							<Keyframe time="0.0" rotation="0 0 0"/>
							<Keyframe time="0.1" rotation="-17.839 0 0"/>
							<Keyframe time="1.0" rotation="-17.839 0 0"/>
						</part>
						<part node="7|0"> 
							<Keyframe time="0.0" rotation="0 0 0"/>
							<Keyframe time="0.1" rotation="0 0 0"/>
							<Keyframe time="1.0" rotation="0 -89 0"/>
						</part>
						<part node="7|1"> 
							<Keyframe time="0.0" rotation="0 0 0"/>
							<Keyframe time="0.1" rotation="0 0 0"/>
							<Keyframe time="1.0" rotation="0 89 0"/>
						</part>
			</animation>
            <controls triggerNode="7|2" posAction="ACTIVATE_HANDTOOL" posText="action_openGate" negText="action_closeGate" />
            <sounds>
                <moving linkNode="7|0" template="fenceLoop" />
                <posEnd linkNode="7|0" template="fenceOpen" />
                <negEnd linkNode="7|0" template="fenceClose" />
            </sounds>
        </animatedObject> 
    </animatedObjects> 

    <i3dMappings>
		<i3dMapping id="tipOcclusionUpdateArea1Start" node="0>4|0" />
        <i3dMapping id="tipOcclusionUpdateArea1End" node="0>4|0|0" />
		<i3dMapping id="indoorArea01Start" node="0>3|0" />
        <i3dMapping id="indoorArea01Width" node="0>3|0|0" />
        <i3dMapping id="indoorArea01Height" node="0>3|0|1" />
		<i3dMapping id="levelArea1Start" node="0>2|0" />
        <i3dMapping id="levelArea1Width" node="0>2|0|0" />
        <i3dMapping id="levelArea1Height" node="0>2|0|1" />
		<i3dMapping id="testArea1Start" node="0>1|0" />
        <i3dMapping id="testArea1End" node="0>1|0|0" />	
		<i3dMapping id="clearArea1Start" node="0>0|0" />
        <i3dMapping id="clearArea1Width" node="0>0|1" />
        <i3dMapping id="clearArea1Height" node="0>0|2" />
    </i3dMappings>
</placeable>
