<?xml version="1.0" encoding="utf-8" standalone="no" ?>
<wheel xmlns:xsi="http://www.w3.org/2001/XMLSchema-instance" xsi:noNamespaceSchemaLocation="../../../../../../shared/xml/schema/wheel.xsd">
    <brand>TRELLEBORG</brand>
    <name>T404</name>
    <default>
        <physics radius="0.532" width="0.56" mass="0.129" tireType="mud" frictionScale="1.60" maxLongStiffness="9" maxLatStiffness="110" maxLatStiffnessLoad="2" />
        <tire filename="$data/shared/wheels/tires/trelleborg/T404/R22_5_T404.i3d" nodeLeft="3|0" nodeRight="3|0" maxDeformation="0.049" sideDeformOffset="0.964" isCareWheel="false" tireTrackAtlasIndex="3" />
        <outerRim filename="$data/shared/wheels/rims/rim001.i3d" node="0|0" widthAndDiam="17.5 22" />
        <innerRim filename="$data/shared/wheels/hubs/hubTrucks.i3d" nodeLeft="2|0" nodeRight="2|1" widthAndDiam="17.5 22" />
    </default>
</wheel>
