﻿<?xml version="1.0" encoding="utf-8" standalone="no"?>
<vehicle type="balerWrapper" xmlns:xsi="http://www.w3.org/2001/XMLSchema-instance" xsi:noNamespaceSchemaLocation="https://validation.gdn.giants-software.com/xml/schema/vehicle.xsd">
    <annotation>Copyright (C) DD ModPassion, All Rights Reserved.</annotation>
    <storeData>
        <name>VARIO-Master V140</name>
        <image>data/pdlc_goeweilPack/vehicles/goeweil/varioMaster/texture.png</image>
        <brand>GOEWEIL</brand>
        <category>balers</category>
        <showInStore>false</showInStore>
    </storeData>
    <base>
        <filename>filename/foilWrapRoll.i3d</filename>
    </base>
    <fillUnit>
        <fillUnitConfigurations>
            <fillUnitConfiguration>
                <fillUnits>
                    <fillUnit unitTextOverride="$l10n_unit_mShort" fillTypeCategories="foilWrap" capacity="3000" canBeUnloaded="false" allowFoldingThreshold="6000"/>
                    <fillUnit unitTextOverride="$l10n_unit_mShort" fillTypeCategories="foilWrap" capacity="27000" canBeUnloaded="false" allowFoldingThreshold="54000" showOnHud="false" showOnInfoHud="false"/>
                </fillUnits>
            </fillUnitConfiguration>
        </fillUnitConfigurations>
    </fillUnit>
	<baleWrapper>
        <foilWrapAddon storage="fillUnit" configuration="0">
            <baseNode node="0>0" texture="data/pdlc_goeweilPack/vehicles/goeweil/varioMaster/texture.png"/>
            <baseNode node="0>0|3|2|8|2"/>
            <roll node="0>0|3|5|0" translation="-1.182 -0.982 -0.534" rotation="180 -90 0" scale="0.93 0.965 0.93"/>
            <roll node="0>0|3|5|0" translation="1.182 -0.982 0.534" rotation="-180 90 0" scale="0.93 0.965 0.93"/>
            <material node="0>2|4"/>
            <material node="0>2|5" editVisibility="false"/>
            <material node="0>2|6" editVisibility="false"/>
            <storage node="0>0|3|2|8|2" translation="1.182 0.4 -0.586"/>
            <storage node="0>0|3|2|8|2" translation="1.182 0.4 -0.306"/>
            <storage node="0>0|3|2|8|2" translation="1.182 0.4 -0.026"/>
            <storage node="0>0|3|2|8|2" translation="1.182 0.4 0.254"/>
            <storage node="0>0|3|2|8|2" translation="1.182 0.4 0.534"/>
            <storage node="0>0|3|2|10|3" translation="0 0.025 1.64"/>
            <storage node="0>0|3|2|10|3" translation="0 0.025 1.38"/>
            <storage node="0>0|3|2|10|3" translation="0 0.025 1.12"/>
            <storage node="0>0|3|2|10|3" translation="0 0.025 0.86"/>
            <storage node="0>0|3|2|10|3" translation="0 0.025 0.6"/>
            <storage node="0>0|3|2|10|3" translation="0 0.025 0.34"/>
            <storage node="0>0|3|2|10|3" translation="0 0.025 0.08"/>
            <storage node="0>0|3|2|10|3" translation="0 0.025 -0.18"/>
            <storage node="0>0|3|2|10|3" translation="0 0.025 -0.44"/>
            <storage node="0>0|3|2|10|3" translation="0 0.025 -0.7"/>
        </foilWrapAddon>
    </baleWrapper>
    <wearable showOnHud="false"/>
    <washable/>
</vehicle>