﻿<?xml version="1.0" encoding="utf-8" standalone="no" ?>
<vehicle type="inlineWrapper" xmlns:xsi="http://www.w3.org/2001/XMLSchema-instance" xsi:noNamespaceSchemaLocation="https://validation.gdn.giants-software.com/xml/schema/vehicle.xsd">
    <annotation>Copyright (C) DD ModPassion, All Rights Reserved.</annotation>
    <storeData>
        <name>IFX720 XTRACTOR</name>
        <image>$data/store/store_empty.png</image>
        <brand>ANDERSONGROUP</brand>
        <category>baleWrappers</category>
        <showInStore>false</showInStore>
    </storeData>
    <base>
        <filename>filename/foilWrapRoll.i3d</filename>
    </base>
    <fillUnit>
        <fillUnitConfigurations>
            <fillUnitConfiguration>
                <fillUnits>
                    <fillUnit unitTextOverride="$l10n_unit_mShort" fillTypeCategories="foilWrap" capacity="3000" canBeUnloaded="false" allowFoldingThreshold="6000"/>
                </fillUnits>
            </fillUnitConfiguration>
        </fillUnitConfigurations>
    </fillUnit>
    <inlineWrapper>
        <foilWrapAddon>
            <baseNode node="0>0|5|3|0|9"/>
            <roll node="0>0|5|3|0|9" rotation="88.8 -0.8 94" scale="1.15 0.945 1.15"/>
            <roll node="0>0|5|3|0|9" translation="-2.31 -0.907 -0.01" rotation="89.2 -0.52 -88.2" scale="1.12 0.945 1.12"/>
            <material node="0>0|5|3|0|0"/>
            <material node="0>0|5|3|0|1"/>
        </foilWrapAddon>
    </inlineWrapper>
    <wearable showOnHud="false"/>
    <washable/>
</vehicle>