<?xml version="1.0" encoding="utf-8" standalone="no" ?>
<GUIProfiles>
    <Presets>
        <Preset name="colorWhite" value="1 1 1 1"/>
        <Preset name="colorGrayHeader" value="0.4 0.4 0.4 1"/>
        <Preset name="colorListHeaderBackground" value="0 0 0 0.35" />
    </Presets>

    <Traits>
        <Trait name="debugging">
            <Value name="debugEnabled" value="true" />
        </Trait>

        <!-- Often used anchors from base, because overwritten from e.G. VCA destroys UI positions -->
        <Trait name="anchorTopLeft">
            <Value name="anchors" value="0 0 1 1" />
        </Trait>
        <Trait name="anchorBottomLeft">
            <Value name="anchors" value="0 0 0 0" />
        </Trait>
        <Trait name="anchorMiddleLeft">
            <Value name="anchors" value="0 0 0.5 0.5" />
        </Trait>
    </Traits>
    
    <Profile name="ingameMenuProductionInfoFillTypeImage" extends="baseReference">
        <Value name="size" value="31px 31px" />
        <Value name="position" value="5px 4px" />
        <Value name="imageUVs" value="0 0 1 1" />
    </Profile>
    <Profile name="ingameMenuProductionInfoRowCellText" extends="baseReference">
        <Value name="textSize" value="18px"/>
        <Value name="textBold" value="false"/>
        <Value name="textUpperCase" value="false"/>
        <Value name="textColor" value="$preset_colorWhite"/>
        <Value name="textAlignment" value="left"/>
        <Value name="textVerticalAlignment" value="middle"/>
    </Profile>
    <Profile name="ingameMenuProductionInfoRowCell" extends="baseReference">
        <Value name="textSize" value="18px"/>
        <Value name="textBold" value="false"/>
        <Value name="textUpperCase" value="false"/>
        <Value name="textColor" value="$preset_colorWhite"/>
        <Value name="textAlignment" value="right"/>
        <Value name="textVerticalAlignment" value="middle"/>
    </Profile>
    <Profile name="ingameMenuProductionInfoHeaderCell" extends="ingameMenuFrameHeaderText" with="anchorMiddleLeft">
        <Value name="textSize" value="20px"/>
        <Value name="textBold" value="false"/>
        <Value name="textUpperCase" value="false"/>
        <Value name="textColor" value="$preset_colorGrayHeader"/>
        <Value name="textAlignment" value="right"/>
        <Value name="textVerticalAlignment" value="middle"/>
    </Profile>
    <Profile name="ingameMenuProductionInfoRowBackground" extends="emptyPanel" with="anchorBottomLeft"> 
    
    </Profile>
    <Profile name="ingameMenuProductionInfoHeaderBox" extends="emptyPanel" with="anchorTopLeft">
        <Value name="size" value="1400px 50px"/>
        <Value name="alignmentX" value="left"/>
        <Value name="alignmentY" value="middle"/>
        <Value name="imageColor" value="$preset_colorListHeaderBackground"/>
        <Value name="flowDirection" value="horizontal"/>
        <Value name="wrapAround" value="true"/>
        <Value name="lateralFlowSize" value="200px"/>
        <Value name="fitToElements" value="false"/>
        <Value name="autoValidateLayout" value="true"/>
        <Value name="hasFrame" value="false"/>    
    </Profile>
    <Profile name="ingameMenuProductionInfoList" extends="ingameMenuContractsList" with="anchorBottomLeft">
        <Value name="size" value="1400px 693.09px"/>
    </Profile>
    <Profile name="ingameMenuProductionInfoListItem" extends="ingameMenuContractsListItem" with="anchorBottomLeft">
        <Value name="size" value="1400px 40.77px"/>
    </Profile> 
</GUIProfiles>