<?xml version="1.0" encoding="utf-8" standalone="no" ?>
<GUI name="ingameMenuProductionInfo">
   <GuiElement type="empty" profile="uiInGameMenuFrame">
        <GuiElement type="empty" profile="ingameMenuFrameHeaderPanel">
            <GuiElement type="bitmap" profile="ingameMenuWeatherHeaderIcon" />
            <GuiElement type="text" profile="ingameMenuFrameHeaderText" id="productionInfoTitle" text="$l10n_pih_ingameMenuProductionInfo"/>
        </GuiElement>
        <GuiElement type="empty" profile="ingameMenuSettingsBox" id="mainBox">
            <GuiElement type="bitmap" profile="ingameMenuProductionInfoHeaderBox" id="tableHeaderBox">
                <GuiElement type="text" profile="ingameMenuProductionInfoHeaderCell" position="40px 0px" size="160px 40.77px" text="$l10n_ui_goods" textAlignment="left"/>
                <GuiElement type="text" profile="ingameMenuProductionInfoHeaderCell" position="200px 0px" size="200px 40.77px" text="$l10n_pih_header_sellPerMonth"/>
                <GuiElement type="text" profile="ingameMenuProductionInfoHeaderCell" position="400px 0px" size="200px 40.77px" text="$l10n_pih_header_keepPerMonth"/>
                <GuiElement type="text" profile="ingameMenuProductionInfoHeaderCell" position="600px 0px" size="200px 40.77px" text="$l10n_pih_header_distributePerMonth"/>
                <GuiElement type="text" profile="ingameMenuProductionInfoHeaderCell" position="800px 0px" size="200px 40.77px" text="$l10n_pih_header_usagePerMonth"/>
                <GuiElement type="text" profile="ingameMenuProductionInfoHeaderCell" position="1000px 0px" size="200px 40.77px" text="$l10n_pih_header_neededFieldSize"/>
            </GuiElement>
            <GuiElement type="smoothList" profile="ingameMenuProductionInfoList" id="fillTypeTable" focusInit="onOpen" listSectionHeader="section" position="0px 0px">
                <GuiElement type="listItem" profile="ingameMenuProductionInfoListItem" name="productionInfoRowTemplate" >
                    <GuiElement type="bitmap" profile="ingameMenuProductionInfoRowBackground">
                        <GuiElement type="bitmap" profile="ingameMenuProductionInfoFillTypeImage" name="fillTypeIcon" />
                        <GuiElement type="text" profile="ingameMenuProductionInfoRowCellText" position="40px 0px" size="160px 40.77px" name="fillTypeTitle" />
                        <GuiElement type="text" profile="ingameMenuProductionInfoRowCell" position="200px 0px" size="200px 40.77px" name="sellPerMonth" />
                        <GuiElement type="text" profile="ingameMenuProductionInfoRowCell" position="400px 0px" size="200px 40.77px" name="keepPerMonth" />
                        <GuiElement type="text" profile="ingameMenuProductionInfoRowCell" position="600px 0px" size="200px 40.77px" name="distributePerMonth" />
                        <GuiElement type="text" profile="ingameMenuProductionInfoRowCell" position="800px 0px" size="200px 40.77px" name="usagePerMonth" />
                        <GuiElement type="text" profile="ingameMenuProductionInfoRowCell" position="1000px 0px" size="200px 40.77px" name="neededFieldSize" />
                    </GuiElement>
                </GuiElement>
                <GuiElement type="listItem" profile="ingameMenuContractsListCategory" name="section">
                    <GuiElement type="text" profile="ingameMenuContractsListCategoryTitle" text="Contracts Title" name="title"/>
                </GuiElement>
            </GuiElement>
            <GuiElement type="threePartBitmap" profile="verticalListSliderRightDocked" size="12px 693px" position="28px -63px">
                <GuiElement type="slider" profile="verticalListSliderBar" size="6px 685px" dataElementId="fillTypeTable" id="tableSlider" handleFocus="false" focusInit="onOpen"/>
            </GuiElement>           
        </GuiElement>
    </GuiElement>
</GUI>