﻿<?xml version="1.0" encoding="utf-8" standalone="no" ?>
<modDesc descVersion="80">
    <author>DD ModPassion</author>
    <version>1.1.0.1</version>
    <title>
        <en>Foil Wrap Addon</en>
        <de>Stretchfolie Addon</de>
        <it>Pellicola Per Balle</it>
    </title>
    <description>
        <en><![CDATA[
This package add the management of the foil wrap. The balers or bale wrappers can be filled with the foil, using the pallet with 15 rolls of foil wrap. The pallet is present in the pallets category of the store. Every roll is lenght from 1.500 to 3.000 meters and every bale is wrapped only if the balers or bale wrappers is refilled with foil wrap.

This package includes:
- Added the configuration for foil wrap for all balers or bale wrappers
- Added a new HUD that show the foil wrap fill level
- Added a new pallet with rolls of foil wrap for refilling your balers or bale wrappers
- Added pallets with rolls of foil wrap with different color design
- Added all default bale wrappers of the game edited for working with foil wrap, color and roll animation for size and rotation
- Added new store packs: "Foil Wrap" here you can find all mods that working with foil wrap
- The foil wrap used is calculated based on the size of each bale
- The bales are created with the same color as the foil wrap loaded on the balers or bale wrappers

Pallet with rolls of foil wrap:
Colors: white, black, pink, green, blue, grey, yellow, green, purple, yellow, beige, silver, grey light, grey dark, black onyx, black jet, JCB, Challenger, Schouten, Case IH, Massey Ferguson, Hardi, azul, Rabe, Lemken, New Holland, Boeckmann, Goldhofer, navy blue, Valtra, Deutz Fahr, John Deere, Fendt, Kotte, Claas, green olive, brown
        
15 rolls of foil wrap
1.500 to 3.000 meters of foil wrap for every roll
Price: 1.500 to 2.700 $

List of currently fully supported mods.

Basegame mods:
- Kverneland Wrapper 7850 C
- Kuhn SW 4014
- Anderson Group IFX720 XTRACTOR
- Anderson Group HYBRID X XTRACTOR
- Claas ROLLANT 455 RC UNIWRAP
- Massey Ferguson MF RB 4160V
- Fendt Rotana 160 V Combi
- Poettinger IMPRESS 185VC PRO

DLC mods:
- GÖWEIL Pack

ModHub mods:
- MaizePlus - modId 253528
- EMScorpio - modId 285238
- Krone EasyWrap 150 - modId 283406
- QuickBale - modId 267194
- Deutz-Fahr Fixmaster 335 / Kuhn FB 3135 - modId 260695
- AutoWrap 1300 - modId 261669
- Mower And Wrapper - Hitch - modId 256023
- KUHN Silage Pack - modId 253450
- Poettinger Impress 200VCPro Multi Baler - modId 255633
- Tekla Z274/1 - modId 251857
- Sipma Tekla Z274/1 - modId 251858
- Ultimate Mowing And Baling Pack - modId 264491

WARNINGS:
- Always check that you have foil in the balers or bale wrappers before using it
- The balers or bale wrappers doesn't work if the foil is missing
- The use of the lubricating grease is interrupted when the option for the "Helper Refill - Foil Wrap" has been activated with "Buy" and therefore the need to refill is also disabled

Changelog 1.1.0.1
Bugfixes & Changes
- Fixed problem with load the foil wrap
- Improved the script

Changelog 1.1.0.0
New additions
- added pallet of the foil wrap with selectable colors of the foil wrap
- added new configuration for activation with or without storage rolls
- added configuration for AI Worker
- added support for mod Course Play
Bugfixes & Changes
- Fixed for unsupported mod
- Added possibility to unloading the foil wrap
]]></en>
        <de><![CDATA[
Dieses Paket fügt die Verwaltung des Stretchfolie. Die Ballenpresse oder Ballenwickler kann mit dem Stretchfolie befüllt werden, indem die Palette mit 15 Stretchfolie verwendet wird. Die Palette ist in der Kategorie Paletten des Shops vorhanden. Jede Rolle ist 1.500 bis 3.000 Meter lang und jeder Ballen wird standardmäßig einmal mit sechs Stretchfolie umwickelt.

Dieses Paket beinhaltet:
- Die Konfiguration für die Netzbindung für Ballenpresse oder Ballenwickler wurde hinzugefügt
- Ein neues HUD hinzugefügt, das den Füllstand des Stretchfolie anzeigt
- Eine neue Palette mit Stretchfolie zum Nachfüllen Ihrer Ballenpresse oder Ballenwickler hinzugefügt
- Paletten mit Stretchfolie in verschiedenen Markendesigns hinzugefügt
- Alle Ballenpresse oder Ballenwickler des Spiels hinzugefügt, die für die Arbeit mit Stretchfolie bearbeitet wurden
- Neue Store Packs hinzugefügt: "Stretchfolie" hier findet ihr alle Mods die mit Stretchfolie arbeiten
- Die verwendete Netzfolie wird auf der Grundlage der Größe jedes Ballens berechnet
- Die Ballen werden in derselben Farbe gepresst wie die Netzfolie, die in die Ballenpresse oder Ballenwickler geladen wird

Palette mit Stretchfolie:
Farben: weiß, schwarz, pink, grün, blau, gray, gelb, grün, lila, gelb, beige, silber, hellgrau, dunkelgrau, onyx achwarz, jet schwarz, JCB, Challenger, Schouten, Case IH, Massey Ferguson, Hardi, azul, Rabe, Lemken, New Holland, Boeckmann, Goldhofer, navy blau, Valtra, Deutz Fahr, John Deere, Fendt, Kotte, Claas, olive grün, braun
15 Rollen Stretchfolie
1.500 bis 3.000 Meter Stretchfolie für jede Rolle
Preis: 1.500 bis 2.700 €

Liste der derzeit vollständig unterstützten Mods.

Basegame mods:
- Kverneland Wrapper 7850 C
- Kuhn SW 4014
- Anderson Group IFX720 XTRACTOR
- Anderson Group HYBRID X XTRACTOR
- Claas ROLLANT 455 RC UNIWRAP
- Massey Ferguson MF RB 4160V
- Fendt Rotana 160 V Combi
- Poettinger IMPRESS 185VC PRO

DLC mods:
- GÖWEIL Pack

ModHub mods:
- MaizePlus - modId 253528
- EMScorpio - modId 285238
- Krone EasyWrap 150 - modId 283406
- QuickBale - modId 267194
- Deutz-Fahr Fixmaster 335 / Kuhn FB 3135 - modId 260695
- AutoWrap 1300 - modId 261669
- Mower And Wrapper - Hitch - modId 256023
- KUHN Silage Pack - modId 253450
- Poettinger Impress 200VCPro Multi Baler - modId 255633
- Tekla Z274/1 - modId 251857
- Sipma Tekla Z274/1 - modId 251858
- Ultimate Mowing And Baling Pack - modId 264491

WARNUNGEN:
- Überprüfen Sie immer, ob sich Stretchfolie in der Ballenpresse oder Ballenwickler befindet, bevor Sie sie verwenden
- Ballenpresse oder Ballenwickler funktioniert nicht, wenn das Stretchfolie fehlt
- The use of the lubricating grease is interrupted when the option for the "Helper Refill - Foil Wrap" has been activated with "Buy" and therefore the need to refill is also disabled

Changelog 1.1.0.1
Bugfixes & Changes
- Problem beim Laden des Stretchfolie behoben
- Skript verbessert

Changelog 1.1.0.0
Neuzugänge
- Palette der Folienverpackung mit wählbaren Farben für die Folie hinzugefügt
- Neue Konfiguration für die Aktivierung mit oder ohne Speicherrollen hinzugefügt
- Konfiguration für AI Worker hinzugefügt
- Unterstützung für Mod Course Play hinzugefügt
Bugfixes & Changes
- Behoben für nicht unterstützten Mod
- Möglichkeit zum Entladen der Folienverpackung hinzugefügt
]]></de>
    </description>
    <iconFilename>icon_foilWrap_addon.png</iconFilename>
    <multiplayer supported="true"/>
    <l10n>
        <text name="name_foilWrap">
            <en>Foil Wrap</en>
            <de>Stretchfolie</de>
            <it>Pellicola</it>
        </text>
        <text name="function_foilWrap">
            <en>Foil wrap for refilling the tool machine.</en>
            <de>Stretchfolie zum Nachfüllen der Werkzeugmaschine.</de>
            <it>Pellicola per avvolgere le balle.</it>
        </text>
        <text name="typeDesc_pallet_foilWrap">
            <en>Pallet of foil wrap</en>
            <de>Pallet Stretchfolie</de>
            <it>Pallet di pellicola</it>
        </text>
        <text name="fillType_foilWrap">
            <en>Foil wrap</en>
            <de>Stretchfolie</de>
            <it>Pellicola</it>
        </text>
        <text name="fillType_white_foilWrap">
            <en>Foil wrap (white)</en>
            <de>Stretchfolie (weiß)</de>
            <it>Pellicola (bianca)</it>
        </text>
        <text name="fillType_black_foilWrap">
            <en>Foil wrap (black)</en>
            <de>Stretchfolie (schwarz)</de>
            <it>Pellicola (nera)</it>
        </text>
        <text name="fillType_pink_foilWrap">
            <en>Foil wrap (pink)</en>
            <de>Stretchfolie (pink)</de>
            <it>Pellicola (rosa)</it>
        </text>
        <text name="fillType_green_foilWrap">
            <en>Foil wrap (green)</en>
            <de>Stretchfolie (grün)</de>
            <it>Pellicola (verde)</it>
        </text>
        <text name="fillType_blue_foilWrap">
            <en>Foil wrap (blue)</en>
            <de>Stretchfolie (blau)</de>
            <it>Pellicola (blu)</it>
        </text>
        <text name="fillType_grey_foilWrap">
            <en>Foil wrap (grey)</en>
            <de>Stretchfolie (gray)</de>
            <it>Pellicola (grigio)</it>
        </text>
        <text name="fillType_yellow1_foilWrap">
            <en>Foil wrap (yellow)</en>
            <de>Stretchfolie (gelb)</de>
            <it>Pellicola (giallo)</it>
        </text>
        <text name="fillType_green5_foilWrap">
            <en>Foil wrap (green)</en>
            <de>Stretchfolie (grün)</de>
            <it>Pellicola (verde)</it>
        </text>
        <text name="fillType_purple_foilWrap">
            <en>Foil wrap (purple)</en>
            <de>Stretchfolie (lila)</de>
            <it>Pellicola (viola)</it>
        </text>
        <text name="fillType_yellow_foilWrap">
            <en>Foil wrap (yellow)</en>
            <de>Stretchfolie (gelb)</de>
            <it>Pellicola (giallo)</it>
        </text>
        <text name="fillType_beige_foilWrap">
            <en>Foil wrap (beige)</en>
            <de>Stretchfolie (beige)</de>
            <it>Pellicola (beige)</it>
        </text>
        <text name="fillType_silver_foilWrap">
            <en>Foil wrap (silver)</en>
            <de>Stretchfolie (silber)</de>
            <it>Pellicola (argento)</it>
        </text>
        <text name="fillType_greyLight_foilWrap">
            <en>Foil wrap (grey light)</en>
            <de>Stretchfolie (hellgrau)</de>
            <it>Pellicola (grigio chiaro)</it>
        </text>
        <text name="fillType_greyDark_foilWrap">
            <en>Foil wrap (grey dark)</en>
            <de>Stretchfolie (dunkelgrau)</de>
            <it>Pellicola (grigio scuro)</it>
        </text>
        <text name="fillType_blackOnyx_foilWrap">
            <en>Foil wrap (black onyx)</en>
            <de>Stretchfolie (onyx achwarz)</de>
            <it>Pellicola (nero onice)</it>
        </text>
        <text name="fillType_blackJet_foilWrap">
            <en>Foil wrap (black jet)</en>
            <de>Stretchfolie (jet schwarz)</de>
            <it>Pellicola (nero corvino)</it>
        </text>
        <text name="fillType_jcb_foilWrap">
            <en>Foil wrap (JCB)</en>
            <de>Stretchfolie (JCB)</de>
            <it>Pellicola (JCB)</it>
        </text>
        <text name="fillType_challenger_foilWrap">
            <en>Foil wrap (Challenger)</en>
            <de>Stretchfolie (Challenger)</de>
            <it>Pellicola (Challenger)</it>
        </text>
        <text name="fillType_schouten_foilWrap">
            <en>Foil wrap (Schouten)</en>
            <de>Stretchfolie (Schouten)</de>
            <it>Pellicola (Schouten)</it>
        </text>
        <text name="fillType_caseIH_foilWrap">
            <en>Foil wrap (Case IH)</en>
            <de>Stretchfolie (Case IH)</de>
            <it>Pellicola (Case IH)</it>
        </text>
        <text name="fillType_masseyFerguson_foilWrap">
            <en>Foil wrap (Massey Ferguson)</en>
            <de>Stretchfolie (Massey Ferguson)</de>
            <it>Pellicola (Massey Ferguson)</it>
        </text>
        <text name="fillType_hardi_foilWrap">
            <en>Foil wrap (Hardi)</en>
            <de>Stretchfolie (Hardi)</de>
            <it>Pellicola (Hardi)</it>
        </text>
        <text name="fillType_azul_foilWrap">
            <en>Foil wrap (azul)</en>
            <de>Stretchfolie (azul)</de>
            <it>Pellicola (azzurro)</it>
        </text>
        <text name="fillType_rabe_foilWrap">
            <en>Foil wrap (Rabe)</en>
            <de>Stretchfolie (Rabe)</de>
            <it>Pellicola (Rabe)</it>
        </text>
        <text name="fillType_lemken_foilWrap">
            <en>Foil wrap (Lemken)</en>
            <de>Stretchfolie (Lemken)</de>
            <it>Pellicola (Lemken)</it>
        </text>
        <text name="fillType_newHolland_foilWrap">
            <en>Foil wrap (New Holland)</en>
            <de>Stretchfolie (New Holland)</de>
            <it>Pellicola (New Holland)</it>
        </text>
        <text name="fillType_boeckmann_foilWrap">
            <en>Foil wrap (Boeckmann)</en>
            <de>Stretchfolie (Boeckmann)</de>
            <it>Pellicola (Boeckmann)</it>
        </text>
        <text name="fillType_goldhofer_foilWrap">
            <en>Foil wrap (Goldhofer)</en>
            <de>Stretchfolie (Goldhofer)</de>
            <it>Pellicola (Goldhofer)</it>
        </text>
        <text name="fillType_blueNavy_foilWrap">
            <en>Foil wrap (navy blue)</en>
            <de>Stretchfolie (navy blau)</de>
            <it>Pellicola (blu marino)</it>
        </text>
        <text name="fillType_valtra_foilWrap">
            <en>Foil wrap (Valtra)</en>
            <de>Stretchfolie (Valtra)</de>
            <it>Pellicola (Valtra)</it>
        </text>
        <text name="fillType_deutzFahr_foilWrap">
            <en>Foil wrap (Deutz Fahr)</en>
            <de>Stretchfolie (Deutz Fahr)</de>
            <it>Pellicola (Deutz Fahr)</it>
        </text>
        <text name="fillType_johnDeeree_foilWrap">
            <en>Foil wrap (John Deere)</en>
            <de>Stretchfolie (John Deere)</de>
            <it>Pellicola (John Deere)</it>
        </text>
        <text name="fillType_fendt_foilWrap">
            <en>Foil wrap (Fendt)</en>
            <de>Stretchfolie (Fendt)</de>
            <it>Pellicola (Fendt)</it>
        </text>
        <text name="fillType_kotte_foilWrap">
            <en>Foil wrap (Kotte)</en>
            <de>Stretchfolie (Kotte)</de>
            <it>Pellicola (Kotte)</it>
        </text>
        <text name="fillType_claas_foilWrap">
            <en>Foil wrap (Claas)</en>
            <de>Stretchfolie (Claas)</de>
            <it>Pellicola (Claas)</it>
        </text>
        <text name="fillType_greenOlive_foilWrap">
            <en>Foil wrap (green olive)</en>
            <de>Stretchfolie (olive grün)</de>
            <it>Pellicola (verde oliva)</it>
        </text>
        <text name="fillType_brown_foilWrap">
            <en>Foil wrap (brown)</en>
            <de>Stretchfolie (braun)</de>
            <it>Pellicola (marrone)</it>
        </text>
        <text name="fillType_kubota_foilWrap">
            <en>Foil wrap (Kubota)</en>
            <de>Stretchfolie (Kubota)</de>
            <it>Pellicola (Kubota)</it>
        </text>
        <text name="configuration_activate">
            <en>Activate without storage</en>
            <de>Aktivierung ohne Speicherung</de>
            <it>Attiva senza stoccaggio</it>
        </text>
        <text name="configuration_activateStorage">
            <en>Active with storage</en>
            <de>Aktivieren mit Speicher</de>
            <it>Attivare con stoccaggio</it>
        </text>
        <text name="configuration_deactivate">
            <en>Deactivate</en>
            <de>Deaktivieren</de>
            <it>Disattiva</it>
        </text>
        <text name="configuration_foilWrapStored">
            <en>Foil wrap storage</en>
            <de>Stretchfolienlagerung</de>
            <it>Stoccaggio di pellicola</it>
        </text>
        <text name="info_firstFillUnit">
            <en>You first need to fill the tool machine with the foil wrap!</en>
            <de>Zuerst müssen Sie die Ballenpresse mit dem Stretchfolie füllen!</de>
            <it>Devi prima ricaricare la macchina con la pellicola!</it>
        </text>
        <text name="info_allowFillUnit">
            <en>You can refill the foil only after you have consumed all the foil loaded in the tool machine.</en>
            <de>Sie können das Stretchfolie erst aufladen, wenn Sie das gesamte in der Werkzeugmaschine geladene Stretchfolie verbraucht haben.</de>
            <it>Puoi ricaricare la pellicola solo dopo aver consumato tutta la pellicola per balle presente nella macchina.</it>
        </text>
        <text name="info_allowFillPallet">
            <en>You can refill only with the same color and length as the foil wrap loaded in the tool machine.</en>
            <de>Sie können nur mit der gleichen Farbe und Länge nachfüllen wie die in die Werkzeugmaschine eingelegte Folienverpackung.</de>
            <it>Puoi ricaricare solo con lo stesso colore e lunghezza al pezzo della pellicola per balle presente nella macchina.</it>
        </text>
        <text name="shop_starterPackFoilWrap">
            <en>Foil wrap</en>
            <de>Stretchfolie</de>
            <it>Pellicola per balle</it>
        </text>
        <text name="statistic_foilWrapUsage">
            <en>Foil wrap usage</en>
            <de>Verbrauchter Stretchfolie</de>
            <it>Uso pellicola per balle</it>
        </text>
        <text name="finance_purchaseFoilWrap">
            <en>Cost foil wrap</en>
            <de>Kosten Stretchfolie</de>
            <it>Costo pellicola per balle</it>
        </text>
        <text name="setting_helperBuyFoilWrap">
          <en>AI Worker Refill - Foil wrap</en>
          <de>Helferbetankung - Stretchfolie</de>
          <it>Rifornimento aiutante - Pellicola per balle</it>
        </text>
        <text name="toolTip_helperBuyFoilWrap">
          <en>Whether or not the AI worker automatically refills all foil wrap he consumes. Will increase AI worker cost.</en>
          <de>Legt fest, ob ein Helfer automatisch Stretchfolie nachfüllt, der verbraucht wurde. Erhöht die Kosten für Helfer.</de>
          <it>Stabilisce se l&apos;aiutante ricarica automaticamente il pellicola per balle utilizzato. Incrementa il costo degli aiutanti.</it>
        </text>
    </l10n>
    <fillTypes filename="xmlFilename/mod_fillTypes.xml"/>
    <extraSourceFiles>
        <sourceFile filename="specializations/AddTypeManager.lua"/>
    </extraSourceFiles>
    <specializations>
        <specialization name="foilWrapAddon" className="FoilWrapAddon" filename="specializations/FoilWrapAddon.lua">
            <prerequisitesPresent name="baleWrapper" value="true"/>
            <prerequisitesPresent name="drivable" value="false"/>
            <specialization name="fillUnit"/>
        </specialization>
        <specialization name="baleWrapperAddon" className="BaleWrapperAddon" filename="specializations/BaleWrapperAddon.lua">
            <prerequisitesPresent name="baleWrapper" value="true"/>
            <prerequisitesPresent name="drivable" value="false"/>
            <specialization name="fillUnit"/>
        </specialization>
        <specialization name="inlineWrapperAddon" className="InlineWrapperAddon" filename="specializations/InlineWrapperAddon.lua">
            <prerequisitesPresent name="inlineWrapper" value="true"/>
            <specialization name="foilWrapAddon"/>
        </specialization>
    </specializations>
    <vehicleTypes>
        <type name="palletAttachable" parent="pallet" filename="$dataS/scripts/vehicles/Vehicle.lua">
            <specialization name="attachable"/>
            <specialization name="aiImplement"/>
            <specialization name="attacherJoints"/>
            <specialization name="attacherJointControl"/>
        </type>
    </vehicleTypes>
    <storeItems>
        <storeItem xmlFilename="xmlFilename/foilWrap.xml"/>
        <storeItem xmlFilename="xmlFilename/white_foilWrap.xml"/>
        <storeItem xmlFilename="xmlFilename/black_foilWrap.xml"/>
        <storeItem xmlFilename="xmlFilename/pink_foilWrap.xml"/>
        <storeItem xmlFilename="xmlFilename/green_foilWrap.xml"/>
        <storeItem xmlFilename="xmlFilename/blue_foilWrap.xml"/>
        <storeItem xmlFilename="xmlFilename/pallets/white_foilWrap.xml"/>
        <storeItem xmlFilename="xmlFilename/pallets/black_foilWrap.xml"/>
        <storeItem xmlFilename="xmlFilename/pallets/pink_foilWrap.xml"/>
        <storeItem xmlFilename="xmlFilename/pallets/green_foilWrap.xml"/>
        <storeItem xmlFilename="xmlFilename/pallets/blue_foilWrap.xml"/>
        <storeItem xmlFilename="xmlFilename/pallets/foilWrap.xml"/>
        <storeItem xmlFilename="xmlFilename/pallets/grey_foilWrap.xml"/>
        <storeItem xmlFilename="xmlFilename/pallets/yellow1_foilWrap.xml"/>
        <storeItem xmlFilename="xmlFilename/pallets/green5_foilWrap.xml"/>
        <storeItem xmlFilename="xmlFilename/pallets/purple_foilWrap.xml"/>
        <storeItem xmlFilename="xmlFilename/pallets/yellow_foilWrap.xml"/>
        <storeItem xmlFilename="xmlFilename/pallets/beige_foilWrap.xml"/>
        <storeItem xmlFilename="xmlFilename/pallets/silver_foilWrap.xml"/>
        <storeItem xmlFilename="xmlFilename/pallets/greyLight_foilWrap.xml"/>
        <storeItem xmlFilename="xmlFilename/pallets/greyDark_foilWrap.xml"/>
        <storeItem xmlFilename="xmlFilename/pallets/blackOnyx_foilWrap.xml"/>
        <storeItem xmlFilename="xmlFilename/pallets/blackJet_foilWrap.xml"/>
        <storeItem xmlFilename="xmlFilename/pallets/jcb_foilWrap.xml"/>
        <storeItem xmlFilename="xmlFilename/pallets/challenger_foilWrap.xml"/>
        <storeItem xmlFilename="xmlFilename/pallets/schouten_foilWrap.xml"/>
        <storeItem xmlFilename="xmlFilename/pallets/caseIH_foilWrap.xml"/>
        <storeItem xmlFilename="xmlFilename/pallets/masseyFerguson_foilWrap.xml"/>
        <storeItem xmlFilename="xmlFilename/pallets/hardi_foilWrap.xml"/>
        <storeItem xmlFilename="xmlFilename/pallets/azul_foilWrap.xml"/>
        <storeItem xmlFilename="xmlFilename/pallets/rabe_foilWrap.xml"/>
        <storeItem xmlFilename="xmlFilename/pallets/lemken_foilWrap.xml"/>
        <storeItem xmlFilename="xmlFilename/pallets/newHolland_foilWrap.xml"/>
        <storeItem xmlFilename="xmlFilename/pallets/boeckmann_foilWrap.xml"/>
        <storeItem xmlFilename="xmlFilename/pallets/goldhofer_foilWrap.xml"/>
        <storeItem xmlFilename="xmlFilename/pallets/blueNavy_foilWrap.xml"/>
        <storeItem xmlFilename="xmlFilename/pallets/valtra_foilWrap.xml"/>
        <storeItem xmlFilename="xmlFilename/pallets/deutzFahr_foilWrap.xml"/>
        <storeItem xmlFilename="xmlFilename/pallets/johnDeere_foilWrap.xml"/>
        <storeItem xmlFilename="xmlFilename/pallets/fendt_foilWrap.xml"/>
        <storeItem xmlFilename="xmlFilename/pallets/kotte_foilWrap.xml"/>
        <storeItem xmlFilename="xmlFilename/pallets/claas_foilWrap.xml"/>
        <storeItem xmlFilename="xmlFilename/pallets/greenOlive_foilWrap.xml"/>
        <storeItem xmlFilename="xmlFilename/pallets/brown_foilWrap.xml"/>
        <storeItem xmlFilename="xmlFilename/pallets/kubota_foilWrap.xml"/>
    </storeItems>
    <storePack name="STARTER_FOILWRAP" title="$l10n_shop_starterPackFoilWrap" image="image/storePack_foilWrap.png"/>
    <brandColors>
        <color name="SHARED_PURPLE" value="0.5764 0.4392 0.8588 1"/>
    </brandColors>
</modDesc>