<?xml version="1.0" encoding="utf-8" standalone="no"?>
<modDesc descVersion="63">
    <author>raulycristi1 [VSR Modding Sur]</author>

    <version>1.0.0.0</version>

    <title>
        <en>Trans-70</en>
    </title>

    <description>
        <en><![CDATA[Trans 70
It is a Trailer with 2 Unloading Options, One for Closed Silos and the Other Option is Raising the Drawer From the Back to the Front, You can also Raise and Lower the Central Bar.

-Main Color Setting
-Wheel Configuration
-Rim Color Configuration
-Price: $ 36,000
-Capacity: 70,000 L]]></en>
        <de><![CDATA[Trans 70
Es ist ein Anhänger mit 2 Entladeoptionen, eine für geschlossene Silos und die andere Option ist das Anheben der Schublade von hinten nach vorne, Sie können auch die Mittelstange anheben und absenken.

-Hauptfarbe konfigurierbar
-Radkonfiguration
-Felgenfarbe konfigurierbar
-Preis: 36.000 €
-Kapazität: 70.000 L]]></de>
        <es><![CDATA[Trans 70
Es un Remolque con 2 Opciones de Descargas, Una para Silos Cerrado y la Otra Opción es Levantando el Cajón Desde Atrás Hacia Delante, Además Puedes Levantar y Agachar la Barra Central.

-Configuración Color Principal
-Configuración de Ruedas
-Configuración Color Llantas
-Precios: 36.000 €
-Capacidad: 70.000 L]]></es>
    </description>

    <iconFilename>icon.dds</iconFilename>

    <multiplayer supported="true"/>
    <storeItems>
        <storeItem xmlFilename="trans_70.xml"/>
    </storeItems>

    <brands>
        <brand name="LIZARDLOGISTICS" title="LIZARD LOGISTICS" image="$data/store/brands/brand_lizardLogistics.dds"/>
    </brands>
	
	<l10n>
        <text name="configuration_BLACK"> 
			<en>Black</en>
			<de>Schwarz</de>
			<es>Negro</es>
		</text>
        <text name="configuration_ORANGE_NEW"> 
			<en>Orange</en>
			<de>Orange</de>
			<es>Naranja</es>
		</text>
        <text name="configuration_ORANGE_MATE" > 
			<en>Matte Orange</en>
			<de>Matt Orange</de>
			<es>Naranja Mate</es>
		</text>
        <text name="configuration_BURNT_ORANGE"> 
			<en>Burnt Orange</en>
			<de>Orange Gebrannt</de>
			<es>Naranja Quemado</es>
		</text>
        <text name="configuration_BLUE_NEW" >  
			<en>Blue</en>
			<de>Blau</de>
			<es>Azul</es>
		</text>
        <text name="configuration_CLAAS_US" >  
			<en>Class Us</en>
			<de>Class Us</de>
			<es>Class Us</es>
		</text>
        <text name="configuration_KHAKI">  
			<en>Khaki</en>
			<de>Khaki</de>
			<es>Caqui</es>
		</text>
        <text name="configuration_GREEN_NEW" > 
			<en>Green</en>
			<de>Grün</de>
			<es>Verde</es>
		</text>
        <text name="configuration_CHERRY_BLACK"> 
			<en>Cherry</en>
			<de>Kirsche</de>
			<es>Cereza</es>
		</text>
        <text name="configuration_FLIEGL_BLUE" >
			<en>Fliegl Blue</en>
			<de>Fliegl Blau</de>
			<es>Fliegl Azul</es>
		</text>
        <text name="configuration_FLIEGL_BLACK" >
			<en>Fliegl Black</en>
			<de>Fliegl Schwarz</de>
			<es>Fliegl Negro</es>
		</text>
        <text name="configuration_FLIEGL_GREEN_1">
			<en>Fliegl Green</en>
			<de>Fliegl Grün</de>
			<es>Fliegl Verde</es>
		</text>
        <text name="configuration_FLIEGL_GREEN_2"> 
			<en>Fliegl Matte Green</en>
			<de>Fliegl Mattgrün</de>
			<es>Fliegl Verde Mate</es>
		</text>
        <text name="configuration_FLIEGL_BROWN"> 
			<en>Fliegl Brown</en>
			<de>Fliegl Braun</de>
			<es>Fliegl Marron</es>
		</text>
        <text name="configuration_FLIEGL_RED_1">
			<en>Red</en>
			<de>Rot</de>
			<es>Fliegl Rojo</es>
		</text>
        <text name="configuration_FLIEGL_RED_2"> 
			<en>Fliegl Matte Red</en>
			<de>Fliegl Mattrot</de>
			<es>Fliegl Rojo Mate</es>
		</text>
        <text name="configuration_FLIEGL_ORANGE">
			<en>Fliegl Orange</en>
			<de>Fliegl Orange</de>
			<es>Fliegl Naranja</es>
		</text>
        <text name="configuration_STAINLESS_STEEL_SILVER">
			<en>Metallic Steel</en>
			<de>Metallischer Stahl</de>
			<es>Acero Metalico</es>
		</text>
        <text name="configuration_STAINLESS_STEEL_BLACK">
			<en>Black Steel</en>
			<de>Schwarzer Stahl</de>
			<es>Acero Negro</es>
		</text>
        <text name="configuration_GALVANIZED_STEEL">
			<en>Galvanized</en>
			<de>Verzinkt</de>
			<es>Galvanizado</es>
		</text>
        <text name="configuration_CHROME_STEEL" >
			<en>Chrome</en>
			<de>Chrom</de>
			<es>Cromado</es>
		</text>
        <text name="configuration_WHITE_NEW">
			<en>White</en>
			<de>Weiß</de>
			<es>Blanco</es>
		</text>
    </l10n>	
</modDesc>           