<?xml version="1.0" encoding="utf-8" standalone="no"?>
<vehicle type="trailer" xmlns:xsi="http://www.w3.org/2001/XMLSchema-instance" xsi:noNamespaceSchemaLocation="https://validation.gdn.giants-software.com/xml/fs22/vehicle.xsd">
    <annotation>Copyright (C) GIANTS Software GmbH, All Rights Reserved.</annotation>

    <storeData>
        <name>Trans-70</name>
        <functions>
            <function>$l10n_function_tipper</function>
        </functions>
        <image>store.dds</image>
        <price>36000</price>
        <lifetime>600</lifetime>
        <rotation>0</rotation>
        <brand>LIZARDLOGISTICS</brand>
        <category>trailers</category>
        <shopTranslationOffset>0 -0.075 0</shopTranslationOffset>
        <shopRotationOffset>-0.279 0 0</shopRotationOffset>
        <vertexBufferMemoryUsage>2184448</vertexBufferMemoryUsage>
        <indexBufferMemoryUsage>308480</indexBufferMemoryUsage>
        <textureMemoryUsage>2228224</textureMemoryUsage>
        <audioMemoryUsage>0</audioMemoryUsage>
        <instanceVertexBufferMemoryUsage>0</instanceVertexBufferMemoryUsage>
        <instanceIndexBufferMemoryUsage>0</instanceIndexBufferMemoryUsage>
    </storeData>

    <base>
        <typeDesc>$l10n_typeDesc_augerWagon</typeDesc>
        <filename>trans_70.i3d</filename>
        <size width="3.2" length="11.5"/>
        <sounds volumeFactor="1.8"/>
        <components maxMass="38000">
            <component centerOfMass="0 0.75 -0.7" solverIterationCount="10" mass="2000"/>
        </components>
        <schemaOverlay name="IMPLEMENT" attacherJointPosition="0 0"/>
    </base>

    <wheels>
        <wheelConfigurations>
            <wheelConfiguration name="$l10n_configuration_valueDefault" price="0" brand="TRELLEBORG">
                <wheels>
                    <wheel filename="$data/shared/wheels/tires/trelleborg/TwinRadial/600_55R26_5.xml" isLeft="true" hasParticles="true">
                        <physics restLoad="1.4" repr="wheelFrontLeft" forcePointRatio="0.5" initialCompression="16" suspTravel="0.20" spring="40" damper="80"/>
                        <steeringAxle scale="0.3" rotMax="15" rotMin="-15"/>
                    </wheel>
                    <wheel filename="$data/shared/wheels/tires/trelleborg/TwinRadial/600_55R26_5.xml" isLeft="true" hasParticles="true">
                        <physics restLoad="1.4" repr="wheelFrontRight" forcePointRatio="0.5" initialCompression="16" suspTravel="0.20" spring="40" damper="80"/>
                        <steeringAxle scale="0.3" rotMax="15" rotMin="-15"/>
                    </wheel>
                    <wheel filename="$data/shared/wheels/tires/trelleborg/TwinRadial/600_55R26_5.xml" isLeft="true">
                        <physics restLoad="1.4" repr="wheelMiddleLeft" forcePointRatio="0.5" initialCompression="16" suspTravel="0.20" spring="40" damper="80"/>
                        <wheelChock parkingNode="wheelChock01"/>
                        <wheelChock parkingNode="wheelChock02" isInverted="true"/>
                    </wheel>
                    <wheel filename="$data/shared/wheels/tires/trelleborg/TwinRadial/600_55R26_5.xml" isLeft="true">
                        <physics restLoad="1.4" repr="wheelMiddleRight" forcePointRatio="0.5" initialCompression="16" suspTravel="0.20" spring="40" damper="80"/>
                    </wheel>
                    <wheel filename="$data/shared/wheels/tires/trelleborg/TwinRadial/600_55R26_5.xml" isLeft="true" hasTireTracks="true" hasParticles="true">
                        <physics restLoad="1.5" repr="wheelBackLeft" forcePointRatio="0.5" initialCompression="17" suspTravel="0.20" spring="40" damper="80"/>
                    </wheel>
                    <wheel filename="$data/shared/wheels/tires/trelleborg/TwinRadial/600_55R26_5.xml" isLeft="true" hasTireTracks="true" hasParticles="true">
                        <physics restLoad="1.5" repr="wheelBackRight" forcePointRatio="0.5" initialCompression="17" suspTravel="0.20" spring="40" damper="80"/>
                    </wheel>
                </wheels>
            </wheelConfiguration>
            <wheelConfiguration name="$l10n_configuration_valueWheelBroad" price="2100" brand="TRELLEBORG">
                <wheels>
                    <wheel filename="$data/shared/wheels/tires/trelleborg/TwinRadial/710_50R26_5.xml" isLeft="true" hasParticles="true">
                        <physics restLoad="1.5" repr="wheelFrontLeft" forcePointRatio="0.5" initialCompression="16" suspTravel="0.20" spring="40" damper="80"/>
                        <steeringAxle scale="0.3" rotMax="15" rotMin="-15"/>
                    </wheel>
                    <wheel filename="$data/shared/wheels/tires/trelleborg/TwinRadial/710_50R26_5.xml" isLeft="true" hasParticles="true">
                        <physics restLoad="1.5" repr="wheelFrontRight" forcePointRatio="0.5" initialCompression="16" suspTravel="0.20" spring="40" damper="80"/>
                        <steeringAxle scale="0.3" rotMax="15" rotMin="-15"/>
                    </wheel>
                    <wheel filename="$data/shared/wheels/tires/trelleborg/TwinRadial/710_50R26_5.xml" isLeft="true">
                        <physics restLoad="1.5" repr="wheelMiddleLeft" forcePointRatio="0.5" initialCompression="16" suspTravel="0.20" spring="40" damper="80"/>
                        <wheelChock parkingNode="wheelChock01"/>
                        <wheelChock parkingNode="wheelChock02" isInverted="true"/>
                    </wheel>
                    <wheel filename="$data/shared/wheels/tires/trelleborg/TwinRadial/710_50R26_5.xml" isLeft="true">
                        <physics restLoad="1.5" repr="wheelMiddleRight" forcePointRatio="0.5" initialCompression="16" suspTravel="0.20" spring="40" damper="80"/>
                    </wheel>
                    <wheel filename="$data/shared/wheels/tires/trelleborg/TwinRadial/710_50R26_5.xml" isLeft="true" hasTireTracks="true" hasParticles="true">
                        <physics restLoad="1.5" repr="wheelBackLeft" forcePointRatio="0.5" initialCompression="17" suspTravel="0.20" spring="40" damper="80"/>
                    </wheel>
                    <wheel filename="$data/shared/wheels/tires/trelleborg/TwinRadial/710_50R26_5.xml" isLeft="true" hasTireTracks="true" hasParticles="true">
                        <physics restLoad="1.5" repr="wheelBackRight" forcePointRatio="0.5" initialCompression="17" suspTravel="0.20" spring="40" damper="80"/>
                    </wheel>
                </wheels>
            </wheelConfiguration>
            <wheelConfiguration name="$l10n_configuration_valueDefault" price="1800" brand="MICHELIN">
                <wheels>
                    <wheel filename="$data/shared/wheels/tires/michelin/cargoXBib/600_55R26_5.xml" isLeft="true" hasParticles="true">
                        <physics restLoad="1.4" repr="wheelFrontLeft" forcePointRatio="0.5" initialCompression="16" suspTravel="0.20" spring="40" damper="80"/>
                        <steeringAxle scale="0.3" rotMax="15" rotMin="-15"/>
                    </wheel>
                    <wheel filename="$data/shared/wheels/tires/michelin/cargoXBib/600_55R26_5.xml" isLeft="true" hasParticles="true">
                        <physics restLoad="1.4" repr="wheelFrontRight" forcePointRatio="0.5" initialCompression="16" suspTravel="0.20" spring="40" damper="80"/>
                        <steeringAxle scale="0.3" rotMax="15" rotMin="-15"/>
                    </wheel>
                    <wheel filename="$data/shared/wheels/tires/michelin/cargoXBib/600_55R26_5.xml" isLeft="true">
                        <physics restLoad="1.4" repr="wheelMiddleLeft" forcePointRatio="0.5" initialCompression="16" suspTravel="0.20" spring="40" damper="80"/>
                        <wheelChock parkingNode="wheelChock01"/>
                        <wheelChock parkingNode="wheelChock02" isInverted="true"/>
                    </wheel>
                    <wheel filename="$data/shared/wheels/tires/michelin/cargoXBib/600_55R26_5.xml" isLeft="true">
                        <physics restLoad="1.4" repr="wheelMiddleRight" forcePointRatio="0.5" initialCompression="16" suspTravel="0.20" spring="40" damper="80"/>
                    </wheel>
                    <wheel filename="$data/shared/wheels/tires/michelin/cargoXBib/600_55R26_5.xml" isLeft="true" hasTireTracks="true" hasParticles="true">
                        <physics restLoad="1.5" repr="wheelBackLeft" forcePointRatio="0.5" initialCompression="17" suspTravel="0.20" spring="40" damper="80"/>
                    </wheel>
                    <wheel filename="$data/shared/wheels/tires/michelin/cargoXBib/600_55R26_5.xml" isLeft="true" hasTireTracks="true" hasParticles="true">
                        <physics restLoad="1.5" repr="wheelBackRight" forcePointRatio="0.5" initialCompression="17" suspTravel="0.20" spring="40" damper="80"/>
                    </wheel>
                </wheels>
            </wheelConfiguration>
            <wheelConfiguration name="$l10n_configuration_valueWheelBroad" price="5300" brand="MICHELIN">
                <wheels>
                    <wheel filename="$data/shared/wheels/tires/michelin/cargoXBib/710_50R26_5.xml" isLeft="true" hasParticles="true">
                        <physics restLoad="1.5" repr="wheelFrontLeft" forcePointRatio="0.5" initialCompression="12" suspTravel="0.20" spring="40" damper="80"/>
                        <steeringAxle scale="0.3" rotMax="15" rotMin="-15"/>
                    </wheel>
                    <wheel filename="$data/shared/wheels/tires/michelin/cargoXBib/710_50R26_5.xml" isLeft="true" hasParticles="true">
                        <physics restLoad="1.5" repr="wheelFrontRight" forcePointRatio="0.5" initialCompression="12" suspTravel="0.20" spring="40" damper="80"/>
                        <steeringAxle scale="0.3" rotMax="15" rotMin="-15"/>
                    </wheel>
                    <wheel filename="$data/shared/wheels/tires/michelin/cargoXBib/710_50R26_5.xml" isLeft="true">
                        <physics restLoad="1.5" repr="wheelMiddleLeft" forcePointRatio="0.5" initialCompression="15" suspTravel="0.20" spring="40" damper="80"/>
                        <wheelChock parkingNode="wheelChock01"/>
                        <wheelChock parkingNode="wheelChock02" isInverted="true"/>
                    </wheel>
                    <wheel filename="$data/shared/wheels/tires/michelin/cargoXBib/710_50R26_5.xml" isLeft="true">
                        <physics restLoad="1.5" repr="wheelMiddleRight" forcePointRatio="0.5" initialCompression="15" suspTravel="0.20" spring="40" damper="80"/>
                    </wheel>
                    <wheel filename="$data/shared/wheels/tires/michelin/cargoXBib/710_50R26_5.xml" isLeft="true" hasTireTracks="true" hasParticles="true">
                        <physics restLoad="1.5" repr="wheelBackLeft" forcePointRatio="0.5" initialCompression="18" suspTravel="0.20" spring="40" damper="80"/>
                    </wheel>
                    <wheel filename="$data/shared/wheels/tires/michelin/cargoXBib/710_50R26_5.xml" isLeft="true" hasTireTracks="true" hasParticles="true">
                        <physics restLoad="1.5" repr="wheelBackRight" forcePointRatio="0.5" initialCompression="18" suspTravel="0.20" spring="40" damper="80"/>
                    </wheel>
                </wheels>
            </wheelConfiguration>
        </wheelConfigurations>
        <hubs>
            <color0>NEWHOLLAND_BLACK1</color0>
            <color1>NEWHOLLAND_BLACK1</color1>
            <hub linkNode="wheelFrontLeft" filename="$data/shared/wheels/hubs/hub_n10_5.xml" isLeft="true" scale="0.335 0.335 0.335"/>
            <hub linkNode="wheelFrontRight" filename="$data/shared/wheels/hubs/hub_n10_5.xml" isLeft="false" scale="0.335 0.335 0.335"/>
            <hub linkNode="wheelMiddleLeft" filename="$data/shared/wheels/hubs/hub_n10_5.xml" isLeft="true" scale="0.335 0.335 0.335"/>
            <hub linkNode="wheelMiddleRight" filename="$data/shared/wheels/hubs/hub_n10_5.xml" isLeft="false" scale="0.335 0.335 0.335"/>
            <hub linkNode="wheelBackLeft" filename="$data/shared/wheels/hubs/hub_n10_5.xml" isLeft="true" scale="0.335 0.335 0.335"/>
            <hub linkNode="wheelBackRight" filename="$data/shared/wheels/hubs/hub_n10_5.xml" isLeft="false" scale="0.335 0.335 0.335"/>
        </hubs>
    </wheels>


    <dynamicallyLoadedParts>
        <dynamicallyLoadedPart node="0" linkNode="chockSupport01" filename="$data/shared/assets/wheelChocks/wheelChockSupport01.i3d"/>
        <dynamicallyLoadedPart node="0" linkNode="chockSupport02" filename="$data/shared/assets/wheelChocks/wheelChockSupport01.i3d"/>
    </dynamicallyLoadedParts>

    <attachable>
        <airConsumer usage="0.5"/>
        <inputAttacherJoints>
            <inputAttacherJoint node="attacherJoint" jointType="trailerLow" attacherHeight="0.75"/>
        </inputAttacherJoints>
        <support animationName="moveSupport"/>
    </attachable>

    <connectionHoses>
        <hose diameter="0.02" inputAttacherJointIndices="1" length="1.4" node="hydraulicIn01" straighteningFactor="2" type="hydraulicIn">
            <objectChange node="hydraulicIn01_detached" visibilityActive="false" visibilityInactive="true"/>
        </hose>
        <hose diameter="0.02" inputAttacherJointIndices="1" length="1.4" node="hydraulicOut01" straighteningFactor="2" type="hydraulicOut">
            <objectChange node="hydraulicOut01_detached" visibilityActive="false" visibilityInactive="true"/>
        </hose>
        <hose diameter="0.02" inputAttacherJointIndices="1" length="1.4" node="hydraulicIn02" straighteningFactor="2" type="hydraulicIn">
            <objectChange node="hydraulicIn02_detached" visibilityActive="false" visibilityInactive="true"/>
        </hose>
        <hose diameter="0.02" inputAttacherJointIndices="1" length="1.4" node="hydraulicOut02" straighteningFactor="2" type="hydraulicOut">
            <objectChange node="hydraulicOut02_detached" visibilityActive="false" visibilityInactive="true"/>
        </hose>
        <localHose>
            <hose adapterType="NONE" diameter="0.013" length="0.01" node="h_iz01" straighteningFactor="0.5" type="hydraulicIn"/>
            <target attacherJointIndices="1" node="h_iz02" straighteningFactor="0.05" type="hydraulicIn"/>
        </localHose>
        <localHose>
            <hose adapterType="NONE" diameter="0.013" length="0.01" node="h_de01" straighteningFactor="0.5" type="hydraulicIn"/>
            <target attacherJointIndices="1" node="h_de02" straighteningFactor="0.05" type="hydraulicIn"/>
        </localHose>
        <localHose>
            <hose adapterType="NONE" diameter="0.025" length="1" node="f1" straighteningFactor="1" type="hydraulicIn"/>
            <target attacherJointIndices="1" node="f2" straighteningFactor="1" type="hydraulicIn"/>
        </localHose>
        <localHose>
            <hose adapterType="NONE" diameter="0.025" length="1" node="f3" straighteningFactor="1" type="hydraulicIn"/>
            <target attacherJointIndices="1" node="f4" straighteningFactor="1" type="hydraulicIn"/>
        </localHose>
        <localHose>
            <hose adapterType="NONE" diameter="0.025" length="0.5" node="f5" straighteningFactor="1" type="hydraulicIn"/>
            <target attacherJointIndices="1" node="f6" straighteningFactor="1" type="hydraulicIn"/>
        </localHose>
        <localHose>
            <hose adapterType="NONE" diameter="0.025" length="0.5" node="f7" straighteningFactor="1" type="hydraulicIn"/>
            <target attacherJointIndices="1" node="f8" straighteningFactor="1" type="hydraulicIn"/>
        </localHose>
        <localHose>
            <hose adapterType="NONE" diameter="0.025" length="0.5" node="f9" straighteningFactor="1" type="hydraulicIn"/>
            <target attacherJointIndices="1" node="f10" straighteningFactor="1" type="hydraulicIn"/>
        </localHose>
        <localHose>
            <hose adapterType="NONE" diameter="0.025" length="0.5" node="f11" straighteningFactor="1" type="hydraulicIn"/>
            <target attacherJointIndices="1" node="f12" straighteningFactor="1" type="hydraulicIn"/>
        </localHose>
    </connectionHoses>

    <lights>
        <realLights>
            <high>
                <light node="backLightsHigh1" lightTypes="0"/>
                <light node="posi1" lightTypes="0"/>
                <light node="light_matri1" lightTypes="0"/>
                <light node="light_matri2" lightTypes="0"/>
                <turnLightLeft node="turnLightLeftBack"/>
                <turnLightRight node="turnLightRightBack"/>
                <brakeLight node="backLightsHigh1"/>
                <reverseLight node="reverseLight_0"/>
            </high>
        </realLights>
        <reverseLights>
            <reverseLight intensity="5" shaderNode="reverse_iz"/>
            <reverseLight intensity="5" shaderNode="reverse_de"/>
        </reverseLights>
        <defaultLights>
            <defaultLight shaderNode="freno2_iz" lightTypes="0" intensity="5"/>
            <defaultLight shaderNode="freno2_de" lightTypes="0" intensity="5"/>
        </defaultLights>
        <turnLights>
            <turnLightLeft intensity="25" shaderNode="tremi_iz"/>
            <turnLightRight intensity="25" shaderNode="tremi_de"/>
        </turnLights>
        <brakeLights>
            <brakeLight shaderNode="freno1_iz" intensity="15"/>
            <brakeLight shaderNode="freno1_de" intensity="15"/>
        </brakeLights>
        <sharedLight linkNode="1" filename="$data/shared/assets/lights/lizard/rearLight23Orange.xml"/>
        <sharedLight linkNode="2" filename="$data/shared/assets/lights/lizard/rearLight23Orange.xml"/>
        <sharedLight linkNode="3" filename="$data/shared/assets/lights/lizard/rearLight23Orange.xml"/>
        <sharedLight linkNode="4" filename="$data/shared/assets/lights/lizard/rearLight23Orange.xml"/>
        <sharedLight linkNode="5" filename="$data/shared/assets/lights/lizard/rearLight23Orange.xml"/>
        <sharedLight linkNode="6" filename="$data/shared/assets/lights/lizard/rearLight23Orange.xml"/>
        <sharedLight linkNode="7" filename="$data/shared/assets/lights/lizard/rearLight23Orange.xml"/>
        <sharedLight linkNode="8" filename="$data/shared/assets/lights/lizard/rearLight23Orange.xml"/>
        <sharedLight linkNode="9" filename="$data/shared/assets/lights/lizard/rearLight23Orange.xml"/>
        <sharedLight linkNode="10" filename="$data/shared/assets/lights/lizard/rearLight23Orange.xml"/>
        <sharedLight linkNode="plateNumberLight01" filename="$data/shared/assets/lights/lizard/plateNumberLight01.xml"/>
        <sharedLight linkNode="plateNumberLight02" filename="$data/shared/assets/lights/lizard/plateNumberLight01.xml"/>
    </lights>
	
    <licensePlates>
        <licensePlate node="matricula" position="BACK" preferedType="ELONGATED" placementArea="0.08 0.28 0.08 0.28"/>
    </licensePlates>

    <animations>
        <!-- support -->
         <animation name="moveSupport">
            <part node="suport" startTime="0" endTime="0.15" startTrans="0 0.12424611 1.21417022" endTrans="0 -0.33700001 1.21417022"/>
        </animation>
		
		
        <animation name="liftBunkerAnimation">
            <part node="caja"         startTime="0.5" endTime="4"   startRot="0 0 0"                endRot="18.5 0 0" />
            <part node="suport"   startTime="0.0" endTime="0.5" startTrans="0 0.12424611 1.21417022" endTrans="0 -0.33700001 1.21417022" />
        </animation>
        <!-- backtipping -->
        <animation name="tipAnimationBack">
            <part node="enpujador" startTime="1" endTime="25" startTrans="0 0.41815996 -1.70919013" endTrans="0 0.41815996 -9.558"/>
            <dependentPart node="piston1" />
            <!-- -1.433 /-->
            <part node="fillVolumeDeformNode" startTime="1" endTime="16" startTrans="1.2 0.598 -0.196" endTrans="1.2 0.598 -0.2"/>
            <!-- move slightly to trigger dirty state -->
            <part node="fillVolumeDeformNode1" startTime="1" endTime="16" startTrans="-1.2 0.598 -0.196" endTrans="-1.2 0.598 -0.2"/>
            <part node="fillVolumeDeformNode2" startTime="1" endTime="16" startTrans="1.2 3.2 0.813" endTrans="1.2 3.2 -4.869"/>
            <part node="fillVolumeDeformNode3" startTime="1" endTime="16" startTrans="-1.2 3.2 0.813" endTrans="-1.2 3.2 -4.869"/>
            <part node="fillVolumeDeformNode4" startTime="1" endTime="16" startTrans="1.2 3.2 -2.629" endTrans="1.2 3.2 -4.969"/>
            <part node="fillVolumeDeformNode5" startTime="1" endTime="16" startTrans="-1.2 3.2 -2.629" endTrans="-1.2 3.2 -4.969"/>
        </animation>
        <animation name="tipAnimationBackDoor">
            <part node="puerta" startTime="0" endTime="1" startRot="0 0 0" endRot="45 0 0"/>
            <part node="fillVolumeDeformNode6" startTime="0" endTime="0.2" startTrans="1.2 3.2 -4.869" endTrans="1.2 3.2 -5.1"/>
            <part node="fillVolumeDeformNode7" startTime="0" endTime="0.2" startTrans="-1.2 3.2 -4.869" endTrans="-1.2 3.2 -5.1"/>
            <part node="fillVolumeDeformNode8" startTime="0" endTime="0.2" startTrans="1.2 3.2 -5.179" endTrans="1.2 3.2 -5.20"/>
            <part node="fillVolumeDeformNode9" startTime="0" endTime="0.2" startTrans="-1.2 3.2 -5.179" endTrans="-1.2 3.2 -5.20"/>
            <part node="fillVolumeDeformNode10" startTime="0" endTime="0.2" startTrans="1.2 3.2 -5.287" endTrans="1.2 3.2 -5.34"/>
            <part node="fillVolumeDeformNode11" startTime="0" endTime="0.2" startTrans="-1.2 3.2 -5.287" endTrans="-1.2 3.2 -5.34"/>
			
            <sound template="metalOpen"          startTime="0.01" direction="1"  volumeScale="2.0"  pitchScale="0.6"/>
            <sound template="clackVar1"          startTime="0.01" direction="1"  volumeScale="1"    pitchScale="0.7"/>
            <sound template="metalClose"         startTime="0.01" direction="-1" volumeScale="2.0"  pitchScale="0.5"/>
            <sound template="metalLowVar2"       startTime="0.01" direction="-1" volumeScale="1.0"  pitchScale="0.7"/>
            <sound template="clackVar1"          startTime="1.8"  direction="1"  volumeScale="1.2"  pitchScale="0.9"/>
            <sound template="latchSmall"         startTime="0.01" direction="-1" volumeScale="0.15" pitchScale="0.8"/>
            <sound template="hydraulicLayerTone" startTime="0.01" endTime="1.99" volumeScale="1.5"  pitchScale="0.5" direction="1"/>
            <sound template="hydraulicLayerTone" startTime="0.01" endTime="1.99" volumeScale="0.5"  pitchScale="0.8" direction="-1"/>
            <sound template="cylinderPunch"      startTime="1.99" direction="1"/>
            <sound template="cylinderPunch"      startTime="0.01" direction="0"/>
        </animation>
    </animations>
	
    <cylindered>

        <movingTools>
		
            <movingTool node="movil_delantero" playSound="true">
                <controls axis="AXIS_DRAWBAR" invertAxis="false" mouseSpeedFactor="0.6" iconName="DRAWBAR_ROTATE_X" />
                <rotation rotSpeed="15" rotAcceleration="40" rotMax="5" rotMin="-6" startRot="-2.5" rotationAxis="1"/>
                <inputAttacherJoint value="true" />
                <dependentPart node="hidra_delantero" />
            </movingTool>
		
            <movingTool node="caja" playSound="true">
                <controls axis="AXIS_FRONTLOADER_ARM" invertAxis="false" mouseSpeedFactor="0.9" iconName="TOP_DOOR_ROTATE" />
                <animation animName="liftBunkerAnimation" animSpeed="0.2" animAcceleration="0.6" />
                <dependentPart node="tijera1" />
                <dependentPart node="hidratreasero" />
            </movingTool>
            <movingTool node="puerta">
                <dependentPart node="hidra_iz_puerta_trasera"/>
                <dependentPart node="hidra_de_puerta_trasera"/>
            </movingTool>
            <movingTool node="enpujador" playSound="true">
                <dependentPart node="piston_1"/>
            </movingTool>
        </movingTools>
        <movingParts>
		
            <movingPart node="hidratreasero" referencePoint="refe_hidra_traseros" referenceFrame="refe_hidra_traseros" divideTranslatingDistance="false">
                <translatingPart node="hidratreasero1" maxZTrans="0.67"/>
                <translatingPart node="hidratreasero2" maxZTrans="0.67"/>
                <translatingPart node="hidratreasero3" maxZTrans="0.67"/>
                <translatingPart node="hidratreasero4" maxZTrans="0.67"/>
                <translatingPart node="hidratreasero5" maxZTrans="0.67"/>
            </movingPart>
			
            <movingPart node="piston_1" referencePoint="ref_hidra_central" referenceFrame="ref_hidra_central" divideTranslatingDistance="false">
                <translatingPart node="piston1" maxZTrans="1.62"/>
                <translatingPart node="piston2" maxZTrans="1.62"/>
                <translatingPart node="piston3" maxZTrans="1.62"/>
                <translatingPart node="piston4" maxZTrans="1.62"/>
                <translatingPart node="piston5" maxZTrans="1.62"/>
            </movingPart>
			
            <movingPart node="tijera1" localReferencePoint="tijera2" referencePoint="ref_central" referenceFrame="ref_tijera1">
                <dependentPart node="tijera2" />
            </movingPart>
            <movingPart node="tijera2" referencePoint="ref_central" referenceFrame="ref_central" />
        
             <movingPart node="hidra_delantero" referencePoint="ref_hidra_delantero" referenceFrame="ref_hidra_delantero">
                <translatingPart node="piston_delanteros" />
            </movingPart>
             <movingPart node="hidra_iz_puerta_trasera" referencePoint="ref_piston_iz" referenceFrame="ref_piston_iz">
                <translatingPart node="piston_iz_puerta_trasera" />
            </movingPart>
             <movingPart node="hidra_de_puerta_trasera" referencePoint="ref_piston_de" referenceFrame="ref_piston_de">
                <translatingPart node="piston_de_puerta_trasera" />
            </movingPart>

        </movingParts>
        <sounds>
            <actionSound template="defaultHydraulicSound" pitchScale="0.4" volumeScale="2.0" linkNode="hidratreasero"      actionNames="TRANSLATING_POS"                 nodes="hidratreasero" fadeIn="0.1" fadeOut="0.01" />
            <actionSound template="defaultHydraulicSound" pitchScale="0.7" volumeScale="1.0" linkNode="hidratreasero"      actionNames="TRANSLATING_NEG"                 nodes="hidratreasero" fadeIn="0.1" fadeOut="0.01" />
            <actionSound template="defaultHydraulicSound" pitchScale="0.4" volumeScale="2.0" linkNode="piston_1"      actionNames="TRANSLATING_POS"                 nodes="piston_1" fadeIn="0.1" fadeOut="0.01" />
            <actionSound template="defaultHydraulicSound" pitchScale="0.7" volumeScale="1.0" linkNode="piston_1"      actionNames="TRANSLATING_NEG"                 nodes="piston_1" fadeIn="0.1" fadeOut="0.01" />
            <actionSound template="defaultHydraulicSound" pitchScale="1.6" volumeScale="1" linkNode="piston_1" actionNames="TRANSLATING_POS TRANSLATING_NEG" nodes="piston_1"/>
            <actionSound template="defaultHydraulicSound" pitchScale="1.6" volumeScale="1" linkNode="hidra_delantero" actionNames="TRANSLATING_POS TRANSLATING_NEG" nodes="hidra_delantero"/>
            <actionSound template="defaultHydraulicSound" pitchScale="1.6" volumeScale="1" linkNode="hidra_de_puerta_trasera" actionNames="TRANSLATING_POS TRANSLATING_NEG" nodes="hidra_de_puerta_trasera"/>
            <actionSound template="cylinderPunch"         pitchScale="0.9" linkNode="hidratreasero"      actionNames="TRANSLATING_END_NEG"             nodes="hidratreasero5"/>
            <actionSound template="cylinderPunch"         pitchScale="0.9" linkNode="hidratreasero"      actionNames="TRANSLATING_END_NEG"             nodes="hidratreasero4"/>
            <actionSound template="cylinderPunch"         pitchScale="0.9" linkNode="hidratreasero"      actionNames="TRANSLATING_END_NEG"             nodes="hidratreasero3"/>
            <actionSound template="cylinderPunch"         pitchScale="0.9" linkNode="hidratreasero"      actionNames="TRANSLATING_END_NEG"             nodes="hidratreasero2"/>
            <actionSound template="cylinderPunch"         pitchScale="0.9" linkNode="hidratreasero"      actionNames="TRANSLATING_END_NEG"             nodes="hidratreasero5"/>
            <actionSound template="metalClose"            pitchScale="0.9" linkNode="hidratreasero"      actionNames="TRANSLATING_END_NEG"             nodes="hidratreasero1"/>
            <actionSound template="metalClose"            pitchScale="0.9" linkNode="hidratreasero"      actionNames="TRANSLATING_END_POS"             nodes="hidratreasero5"/>
            <actionSound template="cylinderPunch"         pitchScale="0.9" linkNode="hidratreasero"      actionNames="TRANSLATING_END_POS"             nodes="hidratreasero5"/>
            <actionSound template="cylinderPunch"         pitchScale="0.9" linkNode="piston_1"           actionNames="TRANSLATING_END_NEG"             nodes="piston1"/>
            <actionSound template="cylinderPunch"         pitchScale="0.9" linkNode="piston_1"           actionNames="TRANSLATING_END_NEG"             nodes="piston2"/>
            <actionSound template="cylinderPunch"         pitchScale="0.9" linkNode="piston_1"           actionNames="TRANSLATING_END_NEG"             nodes="piston3"/>
            <actionSound template="cylinderPunch"         pitchScale="0.9" linkNode="piston_1"           actionNames="TRANSLATING_END_NEG"             nodes="piston4"/>
            <actionSound template="cylinderPunch"         pitchScale="0.9" linkNode="piston_1"           actionNames="TRANSLATING_END_NEG"             nodes="piston1"/>
            <actionSound template="metalClose"            pitchScale="0.9" linkNode="piston_1"           actionNames="TRANSLATING_END_NEG"             nodes="piston5"/>
            <actionSound template="metalClose"            pitchScale="0.9" linkNode="piston_1"           actionNames="TRANSLATING_END_POS"             nodes="piston1"/>
            <actionSound template="cylinderPunch"         pitchScale="0.9" linkNode="piston_1"           actionNames="TRANSLATING_END_POS"             nodes="piston1"/>
        </sounds>

    </cylindered>

    <fillUnit>
        <fillUnitConfigurations>
            <fillUnitConfiguration>
                <fillUnits>
                    <fillUnit unitTextOverride="$l10n_unit_literShort" fillTypeCategories="bulk" capacity="70000">
                        <exactFillRootNode node="exactFillRootNode"/>
                        <fillRootNode node="trans70"/>
                        <autoAimTargetNode node="autoAimTarget" startZ="3.7" endZ="-3.5" invert="false" startPercentage="25"/>
                    </fillUnit>
                </fillUnits>
            </fillUnitConfiguration>
        </fillUnitConfigurations>
    </fillUnit>

    <fillVolume>
        <fillVolumeConfigurations>
            <fillVolumeConfiguration>
                <volumes>
                    <volume node="fillVolume" fillUnitIndex="1" maxDelta="0.23">
                        <deformNode node="fillVolumeDeformNode"/>
                        <deformNode node="fillVolumeDeformNode1"/>
                        <deformNode node="fillVolumeDeformNode2"/>
                        <deformNode node="fillVolumeDeformNode3"/>
                        <deformNode node="fillVolumeDeformNode4"/>
                        <deformNode node="fillVolumeDeformNode5"/>
                        <deformNode node="fillVolumeDeformNode6"/>
                        <deformNode node="fillVolumeDeformNode7"/>
                        <deformNode node="fillVolumeDeformNode8"/>
                        <deformNode node="fillVolumeDeformNode9"/>
                        <deformNode node="fillVolumeDeformNode10"/>
                        <deformNode node="fillVolumeDeformNode11"/>
                    </volume>
                </volumes>
            </fillVolumeConfiguration>
        </fillVolumeConfigurations>
        <unloadInfos>
            <unloadInfo>
                <node node="fillVolumeDischargeNode" width="1.0" length="1.4"/>
            </unloadInfo>
        </unloadInfos>
        <heightNodes>
            <heightNode fillVolumeIndex="1">
                <refNode node="fillVolumeHeightNode1"/>
                <refNode node="fillVolumeHeightNode2"/>
                <node node="particleNode" baseScale="1 0.1 1" scaleAxis="0 1 0" transAxis="0 0 0"/>
            </heightNode>
        </heightNodes>
    </fillVolume>

    <dischargeable>
        <dischargeNode emptySpeed="6215" node="dischargeNode" fillUnitIndex="1" allowAIDischarge="true">
            <info width="2.5" length="0.5" zOffset="1"/>
            <effects>
                <effectNode effectClass="TipEffect">
                    <effectNode effectNode="effectParticleTipping" effectClass="ParticleEffect" materialType="unloadingParticle"/>
                    <effectNode effectNode="grainNorm" materialType="unloading"  fadeTime="0.3" extraDistanceNode="dischargeNode" extraDistance="0.4"/>
                </effectNode>
                <effectNode effectNode="smokeNorm" materialType="unloadingSmoke" fadeTime="0.3"/>
            </effects>
        </dischargeNode>
    </dischargeable>

    <trailer>
        <trailerConfigurations>
            <trailerConfiguration>
                <trailer>
                    <tipSide name="$l10n_info_tipSideBack" dischargeNodeIndex="1">
                        <animation name="tipAnimationBack" speedScale="1.2"/>
                        <doorAnimation name="tipAnimationBackDoor" speedScale="1.0" startTipTime="0.3"/>
                    </tipSide>
                </trailer>
            </trailerConfiguration>
        </trailerConfigurations>
    </trailer>

    <foliageBending>
        <bendingNode minX="-1.5" maxX="1.5" minZ="-4.6" maxZ="3.7" yOffset="0.6"/>
        <bendingNode minX="-1.3" maxX="1.3" minZ="-1.2" maxZ="-0.2" yOffset="-2.1" node="puerta"/>
    </foliageBending>

    <baseMaterial>
        <material name="cuba_mat_ryc1" baseNode="caja">
            <shaderParameter name="colorMat0" value="0.06 0.06 0.06 40"/>
        </material>
        <material name="chasis_mat_ryc1" baseNode="chasi">
            <shaderParameter name="colorMat2" value="0.06 0.06 0.06 40"/>
        </material>
    </baseMaterial>
	
	
	<baseMaterialConfigurations useDefaultColors="true" price="100">
		<baseMaterialConfiguration  name="$l10n_configuration_BLACK"                    color="0.06 0.06 0.06 "      material="40"  price="600"/>
		<baseMaterialConfiguration  name="$l10n_configuration_ORANGE_NEW"               color="0.8 0.3 0.02"         material="27" price="600"/>
		<baseMaterialConfiguration  name="$l10n_configuration_ORANGE_MATE"              color="0.7 0.1 0.019"        material="27" price="600"/>
		<baseMaterialConfiguration  name="$l10n_configuration_BURNT_ORANGE"             color="0.5 0.08 0.0046"      material="1"  price="600"/>
		<baseMaterialConfiguration  name="$l10n_configuration_BLUE_NEW"                 color="0 0.117 0.41"         material="27" price="600"/>
		<baseMaterialConfiguration  name="$l10n_configuration_CLAAS_US"                 color="0.800 0.443 0.008"    material="0"  price="600"/>
		<baseMaterialConfiguration  name="$l10n_configuration_KHAKI"                    color="0.128 0.107 0.042"    material="27" price="600"/>
		<baseMaterialConfiguration  name="$l10n_configuration_GREEN_NEW"                color="0.12 0.13 0.02"       material="11" price="600"/>
		<baseMaterialConfiguration  name="$l10n_configuration_CHERRY_BLACK"             color="0.010 0 0"            material="1"  price="600"/>
		<baseMaterialConfiguration  name="$l10n_configuration_FLIEGL_BLUE"              color="FLIEGL_BLUE1"                       price="600"/>
		<baseMaterialConfiguration  name="$l10n_configuration_FLIEGL_BLACK"             color="0.03 0.029 0.029"     material="11" price="600"/>
		<baseMaterialConfiguration  name="$l10n_configuration_FLIEGL_GREEN_1"           color="FLIEGL_GREEN1"        material="27" price="600"/>
		<baseMaterialConfiguration  name="$l10n_configuration_FLIEGL_GREEN_2"           color="FLIEGL_GREEN2"                      price="600"/>
		<baseMaterialConfiguration  name="$l10n_configuration_FLIEGL_BROWN"             color="FLIEGL_BROWN1"                      price="600"/>
		<baseMaterialConfiguration  name="$l10n_configuration_FLIEGL_RED_1"             color="FLIEGL_RED1"                        price="600"/>
		<baseMaterialConfiguration  name="$l10n_configuration_FLIEGL_RED_2"             color="FLIEGL_RED2"                        price="600"/>
		<baseMaterialConfiguration  name="$l10n_configuration_FLIEGL_ORANGE"            color="FLIEGL_ORANGE1"                     price="600"/>
		<baseMaterialConfiguration  name="$l10n_configuration_STAINLESS_STEEL_SILVER"   color="1 1 1"                material="3"  price="600"/>
		<baseMaterialConfiguration  name="$l10n_configuration_STAINLESS_STEEL_BLACK"    color="0.018 0.018 0.018"    material="8"  price="600"/>
		<baseMaterialConfiguration  name="$l10n_configuration_GALVANIZED_STEEL"         color="1 1 1"                material="4"  price="600"/>
		<baseMaterialConfiguration  name="$l10n_configuration_CHROME_STEEL"             color="1 1 1"                material="2"  price="600"/>
		<baseMaterialConfiguration  name="$l10n_configuration_WHITE_NEW"                color="0.8 0.8 0.8"          material="6"  price="600"/>
        <material name="cuba_mat_ryc1" shaderParameter="colorMat0" />
        <material name="chasis_mat_ryc1" shaderParameter="colorMat2" />
    </baseMaterialConfigurations>
	
	<rimColorConfigurations useDefaultColors="true" price="50">
        <rimColorConfiguration name="$l10n_configuration_BLACK"                    color="0.06 0.06 0.06 "      material="40"  price="50"/>
        <rimColorConfiguration name="$l10n_configuration_ORANGE_NEW"               color="0.8 0.3 0.02"         material="27" price="50"/>
		<rimColorConfiguration name="$l10n_configuration_ORANGE_MATE"              color="0.7 0.1 0.019"        material="27" price="50"/>
		<rimColorConfiguration name="$l10n_configuration_BURNT_ORANGE"             color="0.5 0.08 0.0046"      material="1"  price="50"/>
		<rimColorConfiguration name="$l10n_configuration_BLUE_NEW"                 color="0 0.117 0.41"         material="27" price="50"/>
		<rimColorConfiguration name="$l10n_configuration_CLAAS_US"                 color="0.800 0.443 0.008"    material="0"  price="50"/>
		<rimColorConfiguration name="$l10n_configuration_KHAKI"                    color="0.128 0.107 0.042"    material="27" price="50"/>
		<rimColorConfiguration name="$l10n_configuration_GREEN_NEW"                color="0.12 0.13 0.02"       material="11" price="50"/>
		<rimColorConfiguration name="$l10n_configuration_CHERRY_BLACK"             color="0.010 0 0"            material="1"  price="50"/>
		<rimColorConfiguration name="$l10n_configuration_FLIEGL_BLUE"              color="FLIEGL_BLUE1"                       price="50"/>
        <rimColorConfiguration name="$l10n_configuration_FLIEGL_BLACK"             color="0.03 0.029 0.029"     material="11" price="50"/>
		<rimColorConfiguration name="$l10n_configuration_FLIEGL_GREEN_1"           color="FLIEGL_GREEN1"        material="27" price="50"/>
		<rimColorConfiguration name="$l10n_configuration_FLIEGL_GREEN_2"           color="FLIEGL_GREEN2"                      price="50"/>
		<rimColorConfiguration name="$l10n_configuration_FLIEGL_BROWN"             color="FLIEGL_BROWN1"                      price="50"/>
		<rimColorConfiguration name="$l10n_configuration_FLIEGL_RED_1"             color="FLIEGL_RED1"                        price="50"/>
		<rimColorConfiguration name="$l10n_configuration_FLIEGL_RED_2"             color="FLIEGL_RED2"                        price="50"/>
		<rimColorConfiguration name="$l10n_configuration_FLIEGL_ORANGE"            color="FLIEGL_ORANGE1"                     price="50"/>
		<rimColorConfiguration name="$l10n_configuration_STAINLESS_STEEL_SILVER"   color="1 1 1"                material="3"  price="50"/>
		<rimColorConfiguration name="$l10n_configuration_STAINLESS_STEEL_BLACK"    color="0.018 0.018 0.018"    material="8"  price="50"/>
		<rimColorConfiguration name="$l10n_configuration_GALVANIZED_STEEL"         color="1 1 1"                material="4"  price="50"/>
		<rimColorConfiguration name="$l10n_configuration_CHROME_STEEL"             color="1 1 1"                material="2"  price="50"/>
		<rimColorConfiguration name="$l10n_configuration_WHITE_NEW"                color="0.8 0.8 0.8"          material="6"  price="50"/>
	</rimColorConfigurations>
	
    <wearable wearDuration="480" workMultiplier="5" fieldMultiplier="2"/>
    <washable dirtDuration="90" washDuration="1" workMultiplier="3" fieldMultiplier="2"/>
	
    <ai>
        <allowTurnBackward value="false"/>
        <turningRadiusLimitation radius="9"/>
    </ai>

<i3dMappings>
  <i3dMapping id="trans70" node="0>" />
  <i3dMapping id="chasi" node="0>0" />
  <i3dMapping id="attachable" node="0>0|0" />
  <i3dMapping id="supportArms" node="0>0|0|0" />
  <i3dMapping id="suport" node="0>0|0|0|0" />
  <i3dMapping id="supportComp" node="0>0|0|0|0|0" />
  <i3dMapping id="wheelChocks" node="0>0|0|1" />
  <i3dMapping id="chockSupport01" node="0>0|0|1|0" />
  <i3dMapping id="wheelChock01" node="0>0|0|1|1" />
  <i3dMapping id="chockSupport02" node="0>0|0|1|2" />
  <i3dMapping id="wheelChock02" node="0>0|0|1|3" />
  <i3dMapping id="movil_delantero" node="0>0|0|2" />
  <i3dMapping id="ref_hidra_delantero" node="0>0|0|2|0" />
  <i3dMapping id="attacherJoint" node="0>0|0|2|1" />
  <i3dMapping id="coll1" node="0>0|0|2|2" />
  <i3dMapping id="hydraulics" node="0>0|1" />
  <i3dMapping id="hidra_delanteros" node="0>0|1|0" />
  <i3dMapping id="ref_delantera_de" node="0>0|1|0|0" />
  <i3dMapping id="ref_delantera_iz" node="0>0|1|0|1" />
  <i3dMapping id="ref_trasera_de" node="0>0|1|0|2" />
  <i3dMapping id="ref_trasera_iz" node="0>0|1|0|3" />
  <i3dMapping id="hidra_delantero" node="0>0|1|0|4" />
  <i3dMapping id="piston_delanteros" node="0>0|1|0|4|0" />
  <i3dMapping id="hidras_traseros" node="0>0|1|1" />
  <i3dMapping id="hidratreasero" node="0>0|1|2" />
  <i3dMapping id="hidratreasero5" node="0>0|1|2|0" />
  <i3dMapping id="hidratreasero4" node="0>0|1|2|0|0" />
  <i3dMapping id="hidratreasero3" node="0>0|1|2|0|0|0" />
  <i3dMapping id="hidratreasero2" node="0>0|1|2|0|0|0|0" />
  <i3dMapping id="hidratreasero1" node="0>0|1|2|0|0|0|0|0" />
  <i3dMapping id="caja" node="0>0|2" />
  <i3dMapping id="ref_central" node="0>0|2|0" />
  <i3dMapping id="refe_hidra_traseros" node="0>0|2|1" />
  <i3dMapping id="movingParts" node="0>0|2|2" />
  <i3dMapping id="puerta" node="0>0|2|2|0" />
  <i3dMapping id="ref_piston_de" node="0>0|2|2|0|0" />
  <i3dMapping id="ref_piston_iz" node="0>0|2|2|0|1" />
  <i3dMapping id="led_de" node="0>0|2|2|0|2" />
  <i3dMapping id="freno1_de" node="0>0|2|2|0|2|0" />
  <i3dMapping id="freno2_de" node="0>0|2|2|0|2|1" />
  <i3dMapping id="glas_de" node="0>0|2|2|0|2|2" />
  <i3dMapping id="reverse_de" node="0>0|2|2|0|2|3" />
  <i3dMapping id="soporte_de" node="0>0|2|2|0|2|4" />
  <i3dMapping id="tremi_de" node="0>0|2|2|0|2|5" />
  <i3dMapping id="led_iz" node="0>0|2|2|0|3" />
  <i3dMapping id="freno1_iz" node="0>0|2|2|0|3|0" />
  <i3dMapping id="freno2_iz" node="0>0|2|2|0|3|1" />
  <i3dMapping id="glas_iz" node="0>0|2|2|0|3|2" />
  <i3dMapping id="reverse_iz" node="0>0|2|2|0|3|3" />
  <i3dMapping id="soporte_iz" node="0>0|2|2|0|3|4" />
  <i3dMapping id="tremi_iz" node="0>0|2|2|0|3|5" />
  <i3dMapping id="backLightsHigh1" node="0>0|2|2|0|4" />
  <i3dMapping id="backLightsHigh2" node="0>0|2|2|0|4|0" />
  <i3dMapping id="turnLightLeftBack" node="0>0|2|2|0|5" />
  <i3dMapping id="turnLightRightBack" node="0>0|2|2|0|6" />
  <i3dMapping id="reverseLight_0" node="0>0|2|2|0|7" />
  <i3dMapping id="reverseLight_1" node="0>0|2|2|0|7|0" />
  <i3dMapping id="coll4" node="0>0|2|2|0|8" />
  <i3dMapping id="Cilindro" node="0>0|2|2|0|9" />
  <i3dMapping id="decal" node="0>0|2|2|0|10" />
  <i3dMapping id="matricula" node="0>0|2|2|0|11" />
  <i3dMapping id="plateNumberLight01" node="0>0|2|2|0|12" />
  <i3dMapping id="plateNumberLight02" node="0>0|2|2|0|13" />
  <i3dMapping id="light_matri1" node="0>0|2|2|0|14" />
  <i3dMapping id="light_matri2" node="0>0|2|2|0|15" />
  <i3dMapping id="enpujador" node="0>0|2|3" />
  <i3dMapping id="ref_hidra_central" node="0>0|2|3|0" />
  <i3dMapping id="fillVolumeDeformNode" node="0>0|2|3|1" />
  <i3dMapping id="fillVolumeDeformNode1" node="0>0|2|3|2" />
  <i3dMapping id="cristal" node="0>0|2|3|3" />
  <i3dMapping id="fillUnit" node="0>0|2|4" />
  <i3dMapping id="fillVolume" node="0>0|2|4|0" />
  <i3dMapping id="fillVolumeDischargeNode" node="0>0|2|4|1" />
  <i3dMapping id="fillVolumeDeformNodes" node="0>0|2|4|2" />
  <i3dMapping id="fillVolumeDeformNode2" node="0>0|2|4|2|0" />
  <i3dMapping id="fillVolumeDeformNode3" node="0>0|2|4|2|1" />
  <i3dMapping id="fillVolumeDeformNode4" node="0>0|2|4|2|2" />
  <i3dMapping id="fillVolumeDeformNode5" node="0>0|2|4|2|3" />
  <i3dMapping id="fillVolumeDeformNode6" node="0>0|2|4|2|4" />
  <i3dMapping id="fillVolumeDeformNode7" node="0>0|2|4|2|5" />
  <i3dMapping id="fillVolumeDeformNode8" node="0>0|2|4|2|6" />
  <i3dMapping id="fillVolumeDeformNode9" node="0>0|2|4|2|7" />
  <i3dMapping id="fillVolumeDeformNode10" node="0>0|2|4|2|8" />
  <i3dMapping id="fillVolumeDeformNode11" node="0>0|2|4|2|9" />
  <i3dMapping id="fillVolumeHeightNodes" node="0>0|2|4|3" />
  <i3dMapping id="fillVolumeHeightNode1" node="0>0|2|4|3|0" />
  <i3dMapping id="fillVolumeHeightNode2" node="0>0|2|4|3|1" />
  <i3dMapping id="dischargeNode" node="0>0|2|4|4" />
  <i3dMapping id="exactFillRootNode" node="0>0|2|4|5" />
  <i3dMapping id="autoAimTarget" node="0>0|2|4|5|0" />
  <i3dMapping id="particleNode" node="0>0|2|5" />
  <i3dMapping id="particleEmitter" node="0>0|2|5|0" />
  <i3dMapping id="tipOcclusionArea" node="0>0|2|6" />
  <i3dMapping id="TOstart" node="0>0|2|6|0" />
  <i3dMapping id="TOwidth" node="0>0|2|6|1" />
  <i3dMapping id="TOheight" node="0>0|2|6|2" />
  <i3dMapping id="hidra_puerta" node="0>0|2|7" />
  <i3dMapping id="hidra_iz_puerta" node="0>0|2|7|0" />
  <i3dMapping id="hidra_iz_puerta_trasera" node="0>0|2|7|0|0" />
  <i3dMapping id="piston_iz_puerta_trasera" node="0>0|2|7|0|0|0" />
  <i3dMapping id="iz" node="0>0|2|7|0|0|1" />
  <i3dMapping id="h_iz01" node="0>0|2|7|0|0|1|0" />
  <i3dMapping id="hidra_de_puerta" node="0>0|2|7|1" />
  <i3dMapping id="hidra_de_puerta_trasera" node="0>0|2|7|1|0" />
  <i3dMapping id="piston_de_puerta_trasera" node="0>0|2|7|1|0|0" />
  <i3dMapping id="de" node="0>0|2|7|1|0|1" />
  <i3dMapping id="h_de01" node="0>0|2|7|1|0|1|0" />
  <i3dMapping id="effects" node="0>0|2|8" />
  <i3dMapping id="grainNormRot" node="0>0|2|8|0" />
  <i3dMapping id="grainNorm" node="0>0|2|8|0|0" />
  <i3dMapping id="smokeNorm" node="0>0|2|8|1" />
  <i3dMapping id="effectParticleTipping" node="0>0|2|8|2" />
  <i3dMapping id="transform" node="0>0|2|9" />
  <i3dMapping id="piston_1" node="0>0|2|9|0" />
  <i3dMapping id="piston1" node="0>0|2|9|0|0" />
  <i3dMapping id="piston2" node="0>0|2|9|0|0|0" />
  <i3dMapping id="piston3" node="0>0|2|9|0|0|0|0" />
  <i3dMapping id="piston4" node="0>0|2|9|0|0|0|0|0" />
  <i3dMapping id="piston5" node="0>0|2|9|0|0|0|0|0|0" />
  <i3dMapping id="tube" node="0>0|2|10" />
  <i3dMapping id="h_iz02" node="0>0|2|11" />
  <i3dMapping id="h_de02" node="0>0|2|12" />
  <i3dMapping id="lights" node="0>0|2|13" />
  <i3dMapping id="sharedLights" node="0>0|2|13|0" />
  <i3dMapping id="10" node="0>0|2|13|0|0" />
  <i3dMapping id="9" node="0>0|2|13|0|1" />
  <i3dMapping id="8" node="0>0|2|13|0|2" />
  <i3dMapping id="7" node="0>0|2|13|0|3" />
  <i3dMapping id="6" node="0>0|2|13|0|4" />
  <i3dMapping id="5" node="0>0|2|13|0|5" />
  <i3dMapping id="4" node="0>0|2|13|0|6" />
  <i3dMapping id="3" node="0>0|2|13|0|7" />
  <i3dMapping id="2" node="0>0|2|13|0|8" />
  <i3dMapping id="1" node="0>0|2|13|0|9" />
  <i3dMapping id="posi" node="0>0|2|13|1" />
  <i3dMapping id="posi1" node="0>0|2|13|1|0" />
  <i3dMapping id="posi2" node="0>0|2|13|1|0|0" />
  <i3dMapping id="posi3" node="0>0|2|13|1|0|1" />
  <i3dMapping id="posi4" node="0>0|2|13|1|0|2" />
  <i3dMapping id="posi5" node="0>0|2|13|1|0|3" />
  <i3dMapping id="posi6" node="0>0|2|13|1|0|4" />
  <i3dMapping id="posi7" node="0>0|2|13|1|0|5" />
  <i3dMapping id="posi8" node="0>0|2|13|1|0|6" />
  <i3dMapping id="posi9" node="0>0|2|13|1|0|7" />
  <i3dMapping id="posi10" node="0>0|2|13|1|0|8" />
  <i3dMapping id="f1" node="0>0|2|14" />
  <i3dMapping id="f3" node="0>0|2|15" />
  <i3dMapping id="tubo" node="0>0|2|16" />
  <i3dMapping id="coll2" node="0>0|2|17" />
  <i3dMapping id="coll3" node="0>0|2|18" />
  <i3dMapping id="coll5" node="0>0|2|19" />
  <i3dMapping id="coll6" node="0>0|2|20" />
  <i3dMapping id="decal2" node="0>0|2|21" />
  <i3dMapping id="Collection 5" node="0>0|3" />
  <i3dMapping id="brakeBarBackLeft" node="0>0|3|0" />
  <i3dMapping id="brakeBarBackRight" node="0>0|3|1" />
  <i3dMapping id="brakeBarFrontRight" node="0>0|3|2" />
  <i3dMapping id="brakeBarFrontLeft" node="0>0|3|3" />
  <i3dMapping id="steeringBarBackLeft" node="0>0|3|4" />
  <i3dMapping id="steeringBarBackRight" node="0>0|3|5" />
  <i3dMapping id="steeringBarFrontLeft" node="0>0|3|6" />
  <i3dMapping id="steeringBarFrontRight" node="0>0|3|7" />
  <i3dMapping id="heje_delantero" node="0>0|4" />
  <i3dMapping id="ejedelantero" node="0>0|4|0" />
  <i3dMapping id="eje_delantero_piston_de" node="0>0|4|1" />
  <i3dMapping id="eje_delantero_pisto_iz" node="0>0|4|2" />
  <i3dMapping id="eje_delantero_hidra_iz" node="0>0|4|3" />
  <i3dMapping id="eje_delantero_hidra_de" node="0>0|4|4" />
  <i3dMapping id="eje_delantero_iz" node="0>0|4|5" />
  <i3dMapping id="eje_delantero_de" node="0>0|4|6" />
  <i3dMapping id="heje_central" node="0>0|5" />
  <i3dMapping id="ejecentral" node="0>0|5|0" />
  <i3dMapping id="eje_central_piston_iz" node="0>0|5|1" />
  <i3dMapping id="eje_central_piston_de" node="0>0|5|2" />
  <i3dMapping id="eje_central_hidra_de" node="0>0|5|3" />
  <i3dMapping id="eje_central_hidra_iz" node="0>0|5|4" />
  <i3dMapping id="heje_trasero" node="0>0|6" />
  <i3dMapping id="ejetrasero" node="0>0|6|0" />
  <i3dMapping id="eje_trasero_piston_de" node="0>0|6|1" />
  <i3dMapping id="eje_trasero_pisto_iz" node="0>0|6|2" />
  <i3dMapping id="eje_trasero_hidra_iz" node="0>0|6|3" />
  <i3dMapping id="eje_trasero_hidra_de" node="0>0|6|4" />
  <i3dMapping id="eje_trasero_de" node="0>0|6|5" />
  <i3dMapping id="eje_trasero_iz" node="0>0|6|6" />
  <i3dMapping id="tijera1" node="0>0|7" />
  <i3dMapping id="tijera2" node="0>0|7|0" />
  <i3dMapping id="connectionHoses" node="0>0|8" />
  <i3dMapping id="hydraulicIn01" node="0>0|8|0" />
  <i3dMapping id="hydraulicIn01_detached" node="0>0|8|0|0" />
  <i3dMapping id="hydraulicOut01" node="0>0|8|1" />
  <i3dMapping id="hydraulicOut01_detached" node="0>0|8|1|0" />
  <i3dMapping id="hydraulicIn02" node="0>0|8|2" />
  <i3dMapping id="hydraulicIn02_detached" node="0>0|8|2|0" />
  <i3dMapping id="hydraulicOut02" node="0>0|8|3" />
  <i3dMapping id="hydraulicOut02_detached" node="0>0|8|3|0" />
  <i3dMapping id="whels" node="0>0|9" />
  <i3dMapping id="wheelFrontLeft" node="0>0|9|0" />
  <i3dMapping id="wheelFrontRight" node="0>0|9|1" />
  <i3dMapping id="wheelMiddleLeft" node="0>0|9|2" />
  <i3dMapping id="wheelMiddleRight" node="0>0|9|3" />
  <i3dMapping id="wheelBackLeft" node="0>0|9|4" />
  <i3dMapping id="wheelBackRight" node="0>0|9|5" />
  <i3dMapping id="referencias" node="0>0|10" />
  <i3dMapping id="f2" node="0>0|10|0" />
  <i3dMapping id="f4" node="0>0|10|1" />
  <i3dMapping id="ref_tijera1" node="0>0|10|2" />
  <i3dMapping id="f5" node="0>0|10|3" />
  <i3dMapping id="f6" node="0>0|10|4" />
  <i3dMapping id="f7" node="0>0|10|5" />
  <i3dMapping id="f8" node="0>0|10|6" />
  <i3dMapping id="f9" node="0>0|10|7" />
  <i3dMapping id="f10" node="0>0|10|8" />
  <i3dMapping id="f11" node="0>0|10|9" />
  <i3dMapping id="f12" node="0>0|10|10" />
  <i3dMapping id="tubo2" node="0>0|10|11" />
  <i3dMapping id="collisions" node="0>1" />
  <i3dMapping id="colPart1" node="0>1|0" />
</i3dMappings>
</vehicle>
