<?xml version="1.0" encoding="utf-8" standalone="no" ?>
<placeable type="productionPoint" xmlns:xsi="http://www.w3.org/2001/XMLSchema-instance" xsi:noNamespaceSchemaLocation="../../../../shared/xml/schema/placeable.xsd">
    <storeData>
        <name>$l10n_storeItem_AB_waterpump</name>
        <functions>
            <function>$l10n_function_waterpump</function>
			<function>$l10n_function2_waterpump</function>
        </functions>
        <image>storeImage/store_waterPump.png</image>
        <price>20000</price>
        <dailyUpkeep>80</dailyUpkeep>
        <lifetime>0</lifetime>
        <rotation>0</rotation>
        <brand>NONE</brand>
        <species>placeable</species>
        <category>fillableTanks</category>
        <brush>
            <type>placeable</type>
            <category>production</category>
            <tab>factories</tab>
        </brush>
		<canBeSold>true</canBeSold>
        <showInStore>true</showInStore>
        <vertexBufferMemoryUsage>223488</vertexBufferMemoryUsage>
        <indexBufferMemoryUsage>42240</indexBufferMemoryUsage>
        <textureMemoryUsage>2818048</textureMemoryUsage>
        <audioMemoryUsage>0</audioMemoryUsage>
        <instanceVertexBufferMemoryUsage>0</instanceVertexBufferMemoryUsage>
        <instanceIndexBufferMemoryUsage>0</instanceIndexBufferMemoryUsage>
    </storeData>

    <base>
        <filename>i3d/AB_Waterpump.i3d</filename>
        <canBeRenamed>true</canBeRenamed>
        <boughtWithFarmland>true</boughtWithFarmland>
    </base>

    <placement useRandomYRotation="false" useManualYRotation="true" >
        <testAreas>
            <testArea startNode="testArea1Start" endNode="testArea1End" />
        </testAreas>
        <sounds>
            <place template="siloImp" pitchScale="1.2"/>
        </sounds>
    </placement>

    <clearAreas>
        <clearArea startNode="clearArea1Start" widthNode="clearArea1Width" heightNode="clearArea1Height" groundType="asphalt"/>
		<clearArea startNode="clearArea2Start" widthNode="clearArea2Width" heightNode="clearArea2Height" groundType="asphalt"/>
    </clearAreas>

    <leveling requireLeveling="true" maxSmoothDistance="2" maxSlope="75" maxEdgeAngle="30">
        <levelAreas>
            <levelArea startNode="levelArea1Start" widthNode="levelArea1Width" heightNode="levelArea1Height" />
        </levelAreas>
    </leveling>

    <indoorAreas />

    <tipOcclusionUpdateAreas>
        <tipOcclusionUpdateArea startNode="tipOcclusionUpdateArea1Start" endNode="tipOcclusionUpdateArea1End" />
    </tipOcclusionUpdateAreas>

    <ai>
        <updateAreas>
            <updateArea startNode="tipOcclusionUpdateArea1Start" endNode="tipOcclusionUpdateArea1End" />
        </updateAreas>
    </ai>

    <infoTrigger triggerNode="infoTrigger"/>

    <hotspots>
        <hotspot type="LOADING" linkNode="mapPosition" />
    </hotspots>

    <triggerMarkers>
        <triggerMarker node="markerLoading"       filename="$data/shared/assets/marker/markerIcons.xml" id="LOAD" />
        <triggerMarker node="refillTriggerMarker" filename="$data/shared/assets/marker/markerIcons.xml" id="WRENCH" />
    </triggerMarkers>

	<productionPoint>
        <productions sharedThroughputCapacity="false">
            <production id="waterPump_D" name="$l10n_fillType_water" cyclesPerHour="10" costsPerActiveHour="3">
                <inputs>
                    <input fillType="DIESEL" amount="5" />
                </inputs>
                <outputs>
                    <output fillType="WATER"      amount="500" />
                </outputs>
            </production>

            <production id="waterPump_E" name="$l10n_fillType_water" cyclesPerHour="10" costsPerActiveHour="5">
                <inputs>
                    <input fillType="ELECTRICCHARGE" amount="20" />
                </inputs>
                <outputs>
                    <output fillType="WATER"      amount="500" />
                </outputs>
            </production>

            <production id="waterPump_D2" name="$l10n_fillType_water" cyclesPerHour="10" costsPerActiveHour="3">
                <inputs>
                    <input fillType="DIESEL" amount="5" />
                </inputs>
                <outputs>
                    <output fillType="WATERDISTRIBUTE"      amount="500" />
                </outputs>
            </production>

            <production id="waterPump_E2" name="$l10n_fillType_water" cyclesPerHour="10" costsPerActiveHour="5">
                <inputs>
                    <input fillType="ELECTRICCHARGE" amount="30" />
                </inputs>
                <outputs>
                    <output fillType="WATERDISTRIBUTE"      amount="500" />
                </outputs>
            </production>
        </productions>

        <sellingStation node="sellingStation" appearsOnStats="true" supportsExtension="true">
            <unloadTrigger exactFillRootNode="exactFillRootNode"        fillTypes="DIESEL ELECTRICCHARGE" />
        </sellingStation>

        <loadingStation>
            <loadTrigger triggerNode="loadingTrigger" fillTypes="WATER WATERDISTRIBUTE" aiNode="loadingStationAINode"/>
        </loadingStation>

        <storage isExtension="false" fillLevelSyncThreshold="100">
            <capacity fillType="DIESEL"                capacity="500" />
            <capacity fillType="ELECTRICCHARGE"        capacity="1000" />
			<capacity fillType="WATER"                 capacity="100000" />
			<capacity fillType="WATERDISTRIBUTE"                 capacity="100000" />
        </storage>

        <playerTrigger node="refillPlayerTrigger" />

        <sounds>
            <idle template="dairyIdle" linkNode="0>" outerRadius="2"/>
            <active template="dairyWork" linkNode="0>" outerRadius="5"/>
        </sounds>
    </productionPoint>

    <i3dMappings>
        <i3dMapping id="storage" node="0>0|0" />
        <i3dMapping id="mapPosition" node="0>0|1" />
        <i3dMapping id="exactFillRootNode" node="0>0|2|0" />
        <i3dMapping id="unloadingStationAINode" node="0>0|2|1" />
        <i3dMapping id="loadingTrigger" node="0>0|3|0" />
        <i3dMapping id="loadingStationAINode" node="0>0|3|1" />
        <i3dMapping id="infoTrigger" node="0>0|4" />
        <i3dMapping id="refillPlayerTrigger" node="0>0|5" />
        <i3dMapping id="refillTriggerMarker" node="0>0|5|0" />
        <i3dMapping id="clearArea1Start" node="0>1|0" />
        <i3dMapping id="clearArea1Width" node="0>1|0|0" />
        <i3dMapping id="clearArea1Height" node="0>1|0|1" />
		<i3dMapping id="clearArea2Start" node="0>1|1" />
        <i3dMapping id="clearArea2Width" node="0>1|1|0" />
        <i3dMapping id="clearArea2Height" node="0>1|1|1" />
        <i3dMapping id="levelArea1Start" node="0>2|0" />
        <i3dMapping id="levelArea1Width" node="0>2|0|0" />
        <i3dMapping id="levelArea1Height" node="0>2|0|1" />
        <i3dMapping id="testArea1Start" node="0>3|0" />
        <i3dMapping id="testArea1End" node="0>3|0|0" />
        <i3dMapping id="tipOcclusionUpdateArea1Start" node="0>4|0" />
        <i3dMapping id="tipOcclusionUpdateArea1End" node="0>4|0|0" />
        <i3dMapping id="markerLoading" node="0>5" />
    </i3dMappings>
</placeable>
