<?xml version="1.0" encoding="utf-8" standalone="no" ?>
<placeable type="garageSolarPanels" xmlns:xsi="http://www.w3.org/2001/XMLSchema-instance" xsi:noNamespaceSchemaLocation="../../../../shared/xml/schema/placeable.xsd">
    <storeData>
        <name>$l10n_storeItem_AB_HallDoorLeft</name>
        <functions>
            <function>$l10n_function_garageSolarPanels</function>
        </functions>
        <image>storeImage/store_AB_HallDoorLeft.dds</image>
        <price>45000</price>
        <dailyUpkeep>15</dailyUpkeep>
        <lifetime>0</lifetime>
        <rotation>0</rotation>
        <brand>NONE</brand>
        <species>placeable</species>
        <category>sheds</category>
        <canBeSold>true</canBeSold>
        <showInStore>true</showInStore>
        <audioMemoryUsage>0</audioMemoryUsage>
        <vertexBufferMemoryUsage>453120</vertexBufferMemoryUsage>
        <indexBufferMemoryUsage>48896</indexBufferMemoryUsage>
        <textureMemoryUsage>4194304</textureMemoryUsage>
        <instanceVertexBufferMemoryUsage>0</instanceVertexBufferMemoryUsage>
        <instanceIndexBufferMemoryUsage>0</instanceIndexBufferMemoryUsage>
    </storeData>

    <base>
        <filename>i3d/AB_HallDoorLeft.i3d</filename>
        <boughtWithFarmland>true</boughtWithFarmland>
    </base>

    <placement useRandomYRotation="false" useManualYRotation="true" placementPositionSnapSize="0.5" placementRotationSnapAngle="90">
        <testAreas>
            <testArea startNode="testArea1Start" endNode="testArea1End" />
        </testAreas>

        <sounds>
            <place template="largeImp" />
        </sounds>
    </placement>

    <clearAreas>
        <clearArea startNode="clearArea01Start" widthNode="clearArea01Width" heightNode="clearArea01Height"/>
    </clearAreas>

    <leveling requireLeveling="true" maxSmoothDistance="5" maxSlope="75" maxEdgeAngle="30">
        <levelAreas>
            <levelArea startNode="levelingArea01Start" widthNode="levelingArea01Width" heightNode="levelingArea01Height" groundType="asphalt"/>
            
        </levelAreas>
    </leveling>

    <indoorAreas>
        <indoorArea startNode="indoorArea01Start" widthNode="indoorArea01Width" heightNode="indoorArea01Height"/>
    </indoorAreas>

    <tipOcclusionUpdateAreas>
        <tipOcclusionUpdateArea startNode="tipOcclusionUpdateArea1Start" endNode="tipOcclusionUpdateArea1End" />
    </tipOcclusionUpdateAreas>

    <ai>
        <updateAreas>
            <updateArea startNode="tipOcclusionUpdateArea1Start" endNode="tipOcclusionUpdateArea1End" />
        </updateAreas>
    </ai>

    <dynamicallyLoadedParts>
        <dynamicallyLoadedPart node="0" linkNode="powerSwitch01"   filename="$data/shared/assets/lights/rudolfHormann/powerSwitch.i3d" />
    </dynamicallyLoadedParts>

    <lights>
        <sharedLight filename="$data/shared/assets/lights/rudolfHormann/light150.xml" linkNode="lightNode01" groupIndex="1">
            <rotationNode name="rotationNode01" rotation="0 0 -15" />
        </sharedLight>

        <realLights>
            <low>
                <light node="realLightsLow" groupIndex="1"/>
            </low>
            <high>
                <light node="realLightsHigh" groupIndex="1"/>
            </high>
        </realLights>

        <group name="$l10n_action_placeableLightShed" triggerNode="lightTrigger">
            <sounds>
                <toggle template="lizardFloodLight" innerRadius="50" outerRadius="100" volumeScale="0.2"/>
            </sounds>
        </group>
    </lights>


    <animatedObjects>
        <animatedObject saveId="rollingDoor1" >
            <animation duration="5">
                <part node="rollingDoor1">
                    <keyFrame time="0.0" translation="0 0 0"/>
                    <keyFrame time="1.0" translation="0 4 0"/>
                </part>
                <part node="rollingDoor1ColPartBottom">
                    <keyFrame time="0.0" translation="0 0 0"/>
                    <keyFrame time="1.0" translation="0 4 0"/>
                </part>
                <part node="rollingDoor1ColPartTop">
                    <keyFrame time="0.0" translation="0 0 0"/>
                    <keyFrame time="0.5" translation="0 0 0"/>
                    <keyFrame time="1.0" translation="0 4 0"/>
                </part>
                <shader node="rollingDoor1" parameterName="visibilityCutThreshold">
                    <keyFrame time="0.0" values="0 - - - " />
                    <keyFrame time="1.0" values="0.97 - - -" />
                </shader>
            </animation>
            <controls triggerNode="rollingDoor1Trigger" posAction="ACTIVATE_HANDTOOL" posText="action_openGate" negText="action_closeGate" />
            <sounds>
                <moving linkNode="rollingDoor1Base" template="rollingGarageDoor" />
                <posEnd linkNode="rollingDoor1Base" template="slidingGateMetalOpen" />
                <negEnd linkNode="rollingDoor1Base" template="slidingGateMetalClose" />
            </sounds>
        </animatedObject>        
    </animatedObjects>

    <incomePerHour>20</incomePerHour>

    <colorable>
        <nodes>
            <node node="garage01_vis" />
        </nodes>

        <colors>
            <color value="RUDOLFHOERMANN_BEIGE" />
			<color value="RUDOLFHOERMANN_GREEN" />
            <color value="RUDOLFHOERMANN_RED" />
            <color value="RUDOLFHOERMANN_BLUE" />
            <color value="RUDOLFHOERMANN_DARKGREY" />
            <color value="RUDOLFHOERMANN_LIGHTGREY" />
            <color value="RUDOLFHOERMANN_WHITEALU" />
            <color value="RUDOLFHOERMANN_GREYALU" />
            <color value="RUDOLFHOERMANN_OXIDRED" />
            <color value="RUDOLFHOERMANN_WOODDARK" />
            <color value="RUDOLFHOERMANN_WOODBRIGHT" />
            <color value="RUDOLFHOERMANN_LIGHTGREEN" />
            <color value="RUDOLFHOERMANN_BROWN" />
            <color value="RUDOLFHOERMANN_DARKBEIGE" />
        </colors>
    </colorable>

    <i3dMappings>
        <i3dMapping id="rollingDoor1Base" node="0>0|0" />
        <i3dMapping id="rollingDoor1" node="0>0|0|0" />
        <i3dMapping id="rollingDoor1ColPartBottom" node="0>0|0|1" />
        <i3dMapping id="rollingDoor1ColPartTop" node="0>0|0|2" />
        <i3dMapping id="rollingDoor1Trigger" node="0>0|0|3" />
        <i3dMapping id="clearArea01Start" node="0>1|0" />
        <i3dMapping id="clearArea01Width" node="0>1|0|0" />
        <i3dMapping id="clearArea01Height" node="0>1|0|1" />
        <i3dMapping id="levelingArea01Start" node="0>2|0" />
        <i3dMapping id="levelingArea01Width" node="0>2|0|0" />
        <i3dMapping id="levelingArea01Height" node="0>2|0|1" />
        <i3dMapping id="indoorArea01Start" node="0>3|0" />
        <i3dMapping id="indoorArea01Width" node="0>3|0|0" />
        <i3dMapping id="indoorArea01Height" node="0>3|0|1" />
        <i3dMapping id="lightTrigger" node="0>4|0" />
        <i3dMapping id="realLightsLow" node="0>4|1|0" />
        <i3dMapping id="realLightsHigh" node="0>4|1|1" />
        <i3dMapping id="powerSwitch01" node="0>4|2" />
        <i3dMapping id="lightNode01" node="0>4|3" />
        <i3dMapping id="testArea1Start" node="0>6|0" />
        <i3dMapping id="testArea1End" node="0>6|0|0" />
        <i3dMapping id="tipOcclusionUpdateArea1Start" node="0>7|0" />
        <i3dMapping id="tipOcclusionUpdateArea1End" node="0>7|0|0" />
        <i3dMapping id="garage01_vis" node="0>8|0" />
    </i3dMappings>
</placeable>
