<?xml version="1.0" encoding="utf-8" standalone="no" ?>
<placeable type="objectStorage" xmlns:xsi="http://www.w3.org/2001/XMLSchema-instance" xsi:noNamespaceSchemaLocation="../../../../shared/xml/schema/placeable.xsd">
    <storeData>
        <name>$l10n_storeItem_AB_objectStorage</name>
        <functions>
            <function>$l10n_function_objectStorage</function>
        </functions>
        <image>storeImage/store_AB_objectStorage.png</image>
        <price>35000</price>
        <dailyUpkeep>40</dailyUpkeep>
        <lifetime>0</lifetime>
        <rotation>0</rotation>
        <brand>NONE</brand>
        <species>placeable</species>
        <category>storages</category>
        <brush>
            <type>placeable</type>
            <category>buildings</category>
            <tab>silos</tab>
        </brush>
        <audioMemoryUsage>0</audioMemoryUsage>
        <vertexBufferMemoryUsage>331264</vertexBufferMemoryUsage>
        <indexBufferMemoryUsage>37120</indexBufferMemoryUsage>
        <textureMemoryUsage>5242880</textureMemoryUsage>
        <instanceVertexBufferMemoryUsage>0</instanceVertexBufferMemoryUsage>
        <instanceIndexBufferMemoryUsage>0</instanceIndexBufferMemoryUsage>
    </storeData>

    <base>
        <filename>i3d/AB_objectStorage.i3d</filename>
        <boughtWithFarmland>true</boughtWithFarmland>
    </base>

    

    <placement useRandomYRotation="false" useManualYRotation="true" placementPositionSnapSize="0.5" placementRotationSnapAngle="90">
        <testAreas>
            <testArea startNode="testArea1Start" endNode="testArea1End" />
        </testAreas>

        <sounds>
            <place template="medImp" />
        </sounds>
    </placement>

    <clearAreas>
        <clearArea startNode="clearArea1Start" widthNode="clearArea1Width" heightNode="clearArea1Height"/>
    </clearAreas>

    <leveling requireLeveling="true" maxSmoothDistance="10" maxSlope="75" maxEdgeAngle="30">
        <levelAreas>
            <levelArea startNode="levelArea1Start" widthNode="levelArea1Width" heightNode="levelArea1Height" groundType="asphalt"/>
        </levelAreas>
    </leveling>

    <indoorAreas>
        <indoorArea startNode="indoorArea1Start" widthNode="indoorArea1Width" heightNode="indoorArea1Height" />
    </indoorAreas>

    <triggerMarkers>
        <triggerMarker node="warningStripes" />
        <triggerMarker node="playerTriggerMarker" filename="$data/shared/assets/marker/markerIcons.xml" id="LOAD"   adjustToGround="true" />
        <triggerMarker node="objectTriggerMarker" filename="$data/shared/assets/marker/markerIcons.xml" id="UNLOAD" adjustToGround="true" />
    </triggerMarkers>

    <hotspots>
        <hotspot type="LOADING" />
    </hotspots>

    <infoTrigger triggerNode="infoTrigger"/>

    <objectStorage capacity="200" supportsBales="false" supportsPallets="true" maxLength="8.5" maxWidth="6" maxHeight="3.5">
        <playerTrigger node="playerTrigger" />
        <objectTrigger node="objectTrigger" />
        <spawnAreas>
            <spawnArea startNode="spawnArea1Start" endNode="spawnArea1End"/>
        </spawnAreas>
        <storageAreas>
            <storageArea startNode="storageArea1Start" endNode="storageArea1End"/>
        </storageAreas>
    </objectStorage>

    <pointOfInterest>
        <point triggerNode="objectTrigger" text="$l10n_poi_objectStorageUnload" showOwner="true"  showEveryone="false"/>
        <point triggerNode="playerTrigger" text="$l10n_poi_objectStorageLoad"   showOwner="true"  showEveryone="false" />
    </pointOfInterest>

    <tipOcclusionUpdateAreas>
        <tipOcclusionUpdateArea startNode="tipOcclusionUpdateArea1Start" endNode="tipOcclusionUpdateArea1End" />
    </tipOcclusionUpdateAreas>

    <ai>
        <updateAreas>
            <updateArea startNode="tipOcclusionUpdateArea1Start" endNode="tipOcclusionUpdateArea1End" />
        </updateAreas>
    </ai>

    <dynamicallyLoadedParts>
        <dynamicallyLoadedPart node="0" linkNode="powerSwitch01"   filename="$data/shared/assets/lights/rudolfHormann/powerSwitch.i3d" />
    </dynamicallyLoadedParts>

    <lights>
        <sharedLight filename="$data/shared/assets/lights/rudolfHormann/light150.xml" linkNode="lightNode01" groupIndex="1">
            <rotationNode name="rotationNode01" rotation="0 0 -15" />
        </sharedLight>

        <realLights>
            <low>
                <light node="realLightsLow" groupIndex="1"/>
            </low>
            <high>
                <light node="realLightsHigh" groupIndex="1"/>
            </high>
        </realLights>

        <group name="$l10n_action_placeableLightShed" triggerNode="lightTrigger">
            <sounds>
                <toggle template="lizardFloodLight" innerRadius="50" outerRadius="100" volumeScale="0.2"/>
            </sounds>
        </group>
    </lights>

   <colorable>
        <nodes>
            <node node="garage01_vis" />
        </nodes>

        <colors>
            <color value="RUDOLFHOERMANN_BEIGE" />
			<color value="RUDOLFHOERMANN_GREEN" />
            <color value="RUDOLFHOERMANN_RED" />
            <color value="RUDOLFHOERMANN_BLUE" />
            <color value="RUDOLFHOERMANN_DARKGREY" />
            <color value="RUDOLFHOERMANN_LIGHTGREY" />
            <color value="RUDOLFHOERMANN_WHITEALU" />
            <color value="RUDOLFHOERMANN_GREYALU" />
            <color value="RUDOLFHOERMANN_OXIDRED" />
            <color value="RUDOLFHOERMANN_WOODDARK" />
            <color value="RUDOLFHOERMANN_WOODBRIGHT" />
            <color value="RUDOLFHOERMANN_LIGHTGREEN" />
            <color value="RUDOLFHOERMANN_BROWN" />
            <color value="RUDOLFHOERMANN_DARKBEIGE" />
        </colors>
    </colorable>

    <i3dMappings>
        <i3dMapping id="testArea1Start" node="0>0|0" />
        <i3dMapping id="testArea1End" node="0>0|0|0" />
        <i3dMapping id="clearArea1Start" node="0>0|1" />
        <i3dMapping id="clearArea1Width" node="0>0|1|0" />
        <i3dMapping id="clearArea1Height" node="0>0|1|1" />
        <i3dMapping id="levelArea1Start" node="0>0|2" />
        <i3dMapping id="levelArea1Width" node="0>0|2|0" />
        <i3dMapping id="levelArea1Height" node="0>0|2|1" />
        <i3dMapping id="indoorArea1Start" node="0>0|3" />
        <i3dMapping id="indoorArea1Width" node="0>0|3|0" />
        <i3dMapping id="indoorArea1Height" node="0>0|3|1" />
        <i3dMapping id="tipOcclusionUpdateArea1Start" node="0>0|4" />
        <i3dMapping id="tipOcclusionUpdateArea1End" node="0>0|4|0" />
        <i3dMapping id="spawnArea1Start" node="0>0|5|0|0" />
        <i3dMapping id="spawnArea1End" node="0>0|5|0|0|0" />
        <i3dMapping id="storageArea1Start" node="0>0|5|0|1" />
        <i3dMapping id="storageArea1End" node="0>0|5|0|1|0" />
        <i3dMapping id="objectTrigger" node="0>0|5|1" />
        <i3dMapping id="objectTriggerMarker" node="0>0|5|1|0" />
        <i3dMapping id="warningStripes" node="0>0|5|1|1" />
        <i3dMapping id="playerTrigger" node="0>0|5|2" />
        <i3dMapping id="playerTriggerMarker" node="0>0|5|2|0" />
        <i3dMapping id="infoTrigger" node="0>0|5|3" />
		<i3dMapping id="garage01_vis" node="0>0|8|0" />
        <i3dMapping id="lightTrigger" node="0>1|0" />
        <i3dMapping id="realLightsLow" node="0>1|1|0" />
        <i3dMapping id="realLightsHigh" node="0>1|1|1" />
        <i3dMapping id="powerSwitch01" node="0>1|2" />
        <i3dMapping id="lightNode01" node="0>1|3" />
    </i3dMappings>
</placeable>
