<?xml version="1.0" encoding="utf-8" standalone="no" ?>
<placeable type="productionPoint" xmlns:xsi="http://www.w3.org/2001/XMLSchema-instance" xsi:noNamespaceSchemaLocation="../../../../shared/xml/schema/placeable.xsd">
    <storeData>
        <name>$l10n_storeItem_AB_Substrat</name>
        <functions>
            <function>$l10n_function_SUBSTRAT</function>
        </functions>
        <image>storeImage/store_AB_Substrat.png</image>
        <price>30000</price>
        <dailyUpkeep>20</dailyUpkeep>
        <lifetime>0</lifetime>
        <rotation>0</rotation>
        <brand>NONE</brand>
        <species>placeable</species>
        <category>fillableTanks</category>
        <brush>
            <type>placeable</type>
            <category>production</category>
            <tab>factories</tab>
        </brush>
		<canBeSold>true</canBeSold>
        <showInStore>true</showInStore>
        <vertexBufferMemoryUsage>488704</vertexBufferMemoryUsage>
        <indexBufferMemoryUsage>61184</indexBufferMemoryUsage>
        <textureMemoryUsage>6488064</textureMemoryUsage>
        <audioMemoryUsage>0</audioMemoryUsage>
        <instanceVertexBufferMemoryUsage>0</instanceVertexBufferMemoryUsage>
        <instanceIndexBufferMemoryUsage>0</instanceIndexBufferMemoryUsage>
    </storeData>

    <base>
        <filename>i3d/AB_Substrat.i3d</filename>
        <canBeRenamed>true</canBeRenamed>
        <boughtWithFarmland>true</boughtWithFarmland>
    </base>

    <placement useRandomYRotation="false" useManualYRotation="true" placementPositionSnapSize="0.5" placementRotationSnapAngle="90">
        <testAreas>
            <testArea startNode="testArea1Start" endNode="testArea1End" />
        </testAreas>
        <sounds>
            <place template="siloImp" pitchScale="1.2"/>
        </sounds>
    </placement>

    <clearAreas>
        <clearArea startNode="clearArea1Start" widthNode="clearArea1Width" heightNode="clearArea1Height" groundType="asphalt"/>
    </clearAreas>

    <leveling requireLeveling="true" maxSmoothDistance="2" maxSlope="75" maxEdgeAngle="30">
        <levelAreas>
            <levelArea startNode="clearArea1Start" widthNode="clearArea1Width" heightNode="clearArea1Height" />
        </levelAreas>
    </leveling>

   <indoorAreas>
        <indoorArea startNode="indoorArea01Start" widthNode="indoorArea01Width" heightNode="indoorArea01Height"/>
    </indoorAreas>

    <tipOcclusionUpdateAreas>
        <tipOcclusionUpdateArea startNode="tipOcclusionUpdateArea1Start" endNode="tipOcclusionUpdateArea1End" />
    </tipOcclusionUpdateAreas>

    <ai>
        <updateAreas>
            <updateArea startNode="tipOcclusionUpdateArea1Start" endNode="tipOcclusionUpdateArea1End" />
        </updateAreas>
    </ai>

    <dynamicallyLoadedParts>
        <dynamicallyLoadedPart node="0" linkNode="powerSwitch01"   filename="$data/shared/assets/lights/rudolfHormann/powerSwitch.i3d" />
    </dynamicallyLoadedParts>

    <lights>
        <sharedLight filename="$data/shared/assets/lights/rudolfHormann/light150.xml" linkNode="lightNode01" groupIndex="1">
            <rotationNode name="rotationNode01" rotation="0 0 -15" />
        </sharedLight>

        <realLights>
            <low>
                <light node="realLightsLow" groupIndex="1"/>
            </low>
            <high>
                <light node="realLightsHigh" groupIndex="1"/>
            </high>
        </realLights>

        <group name="$l10n_action_placeableLightShed" triggerNode="lightTrigger">
            <sounds>
                <toggle template="lizardFloodLight" innerRadius="50" outerRadius="100" volumeScale="0.2"/>
            </sounds>
        </group>
    </lights>

    <infoTrigger triggerNode="infoTrigger"/>

    <hotspots>
        <hotspot type="PRODUCTION_POINT" linkNode="mapPosition" />
    </hotspots>

    <triggerMarkers>
	    <triggerMarker node="warningStripes" />
        <triggerMarker node="markerLoading"       filename="$data/shared/assets/marker/markerIcons.xml" id="LOAD" />
        <triggerMarker node="refillTriggerMarker" filename="$data/shared/assets/marker/markerIcons.xml" id="WRENCH" />
    </triggerMarkers>
	
	<productionPoint>
        <productions sharedThroughputCapacity="false">
            <production id="SUBSTRAT" name="$l10n_fillType_substrat" cyclesPerHour="4" costsPerActiveHour="3">
                <inputs>
                    <input fillType="SUBSTRAT"                  amount="1000" />
                </inputs>
                <outputs>
                    <output fillType="SUBSTRATDISTRIBUTE"                amount="1000" />
                </outputs>
            </production>
        </productions>

        <sellingStation node="sellingStation" appearsOnStats="true" supportsExtension="true">
            <unloadTrigger exactFillRootNode="exactFillRootNode"        fillTypes="SUBSTRAT" />
        </sellingStation>

        <loadingStation>
            <loadTrigger triggerNode="loadingTrigger" fillTypes="SUBSTRATDISTRIBUTE" aiNode="loadingStationAINode"/>
        </loadingStation> ´

        <storage node="storage" isExtension="false" fillTypes="SUBSTRAT" fillLevelSyncThreshold="100" >
            <capacity fillType="SUBSTRAT"                  capacity="20000" />
            <capacity fillType="SUBSTRATDISTRIBUTE"        capacity="10000" />
        </storage>

        <playerTrigger node="refillPlayerTrigger" />

        <sounds>
            <idle template="dairyIdle" linkNode="0>" outerRadius="0"/>
            <active template="dairyWork" linkNode="0>" outerRadius="0"/>
        </sounds>
    </productionPoint>

   <colorable>
        <nodes>
            <node node="garage01_vis" />
        </nodes>

        <colors>
            <color value="RUDOLFHOERMANN_BEIGE" />
			<color value="RUDOLFHOERMANN_GREEN" />
            <color value="RUDOLFHOERMANN_RED" />
            <color value="RUDOLFHOERMANN_BLUE" />
            <color value="RUDOLFHOERMANN_DARKGREY" />
            <color value="RUDOLFHOERMANN_LIGHTGREY" />
            <color value="RUDOLFHOERMANN_WHITEALU" />
            <color value="RUDOLFHOERMANN_GREYALU" />
            <color value="RUDOLFHOERMANN_OXIDRED" />
            <color value="RUDOLFHOERMANN_WOODDARK" />
            <color value="RUDOLFHOERMANN_WOODBRIGHT" />
            <color value="RUDOLFHOERMANN_LIGHTGREEN" />
            <color value="RUDOLFHOERMANN_BROWN" />
            <color value="RUDOLFHOERMANN_DARKBEIGE" />
        </colors>
    </colorable>

    <i3dMappings>
        <i3dMapping id="storage" node="0>0|0" />
        <i3dMapping id="mapPosition" node="0>0|1" />
        <i3dMapping id="exactFillRootNode" node="0>0|2|0" />
        <i3dMapping id="unloadingStationAINode" node="0>0|2|1" />
        <i3dMapping id="loadingTrigger" node="0>0|3|0" />
        <i3dMapping id="loadingStationAINode" node="0>0|3|1" />
        <i3dMapping id="infoTrigger" node="0>0|4" />
        <i3dMapping id="refillPlayerTrigger" node="0>0|5" />
        <i3dMapping id="refillTriggerMarker" node="0>0|5|0" />
        <i3dMapping id="clearArea1Start" node="0>1|0" />
        <i3dMapping id="clearArea1Width" node="0>1|0|0" />
        <i3dMapping id="clearArea1Height" node="0>1|0|1" />
        <i3dMapping id="levelArea1Start" node="0>2|0" />
        <i3dMapping id="levelArea1Width" node="0>2|0|0" />
        <i3dMapping id="levelArea1Height" node="0>2|0|1" />
        <i3dMapping id="testArea1Start" node="0>3|0" />
        <i3dMapping id="testArea1End" node="0>3|0|0" />
        <i3dMapping id="tipOcclusionUpdateArea1Start" node="0>4|0" />
        <i3dMapping id="tipOcclusionUpdateArea1End" node="0>4|0|0" />
        <i3dMapping id="indoorArea01Start" node="0>5|0" />
        <i3dMapping id="indoorArea01Width" node="0>5|0|0" />
        <i3dMapping id="indoorArea01Height" node="0>5|0|1" />
        <i3dMapping id="markerLoading" node="0>6" />
		<i3dMapping id="garage01_vis" node="0>8|0" />
		<i3dMapping id="warningStripes" node="0>10" />
        <i3dMapping id="lightTrigger" node="0>11|0" />
        <i3dMapping id="realLightsLow" node="0>11|1|0" />
        <i3dMapping id="realLightsHigh" node="0>11|1|1" />
        <i3dMapping id="powerSwitch01" node="0>11|2" />
        <i3dMapping id="lightNode01" node="0>11|3" />
    </i3dMappings>
</placeable>
