<?xml version="1.0" encoding="utf-8" standalone="no" ?>
<placeable type="productionPoint" xmlns:xsi="http://www.w3.org/2001/XMLSchema-instance" xsi:noNamespaceSchemaLocation="../../../../shared/xml/schema/placeable.xsd">
    <storeData>
        <name>$l10n_storeItem_GH_BHKW</name>
        <functions>
            <function>$l10n_function_generator</function>
        </functions>
        <image>storeImage/store_GH_BHKW.png</image>
        <price>120000</price>
        <dailyUpkeep>90</dailyUpkeep>
        <lifetime>0</lifetime>
        <rotation>0</rotation>
        <brand>NONE</brand>
        <species>placeable</species>
        <category>productionPoints</category>
        <brush>
            <type>placeable</type>
            <category>production</category>
            <tab>factories</tab>
        </brush>
        <audioMemoryUsage>0</audioMemoryUsage>
        <vertexBufferMemoryUsage>163840</vertexBufferMemoryUsage>
        <indexBufferMemoryUsage>24576</indexBufferMemoryUsage>
        <textureMemoryUsage>2752512</textureMemoryUsage>
        <instanceVertexBufferMemoryUsage>0</instanceVertexBufferMemoryUsage>
        <instanceIndexBufferMemoryUsage>0</instanceIndexBufferMemoryUsage>
    </storeData>

    <base>
        <filename>i3d/GH_BHKW.i3d</filename>
        <canBeRenamed>true</canBeRenamed>
        <boughtWithFarmland>true</boughtWithFarmland>
    </base>

    <placement useRandomYRotation="false" useManualYRotation="true" >
        <testAreas>
            <testArea startNode="testArea1Start" endNode="testArea1End" />
        </testAreas>
		
		<sounds>
            <place template="smallImp" pitchScale="1.4"/>
        </sounds>
    </placement>

    <clearAreas>
        <clearArea startNode="clearArea1Start" widthNode="clearArea1Width" heightNode="clearArea1Height"/>
    </clearAreas>

    <leveling requireLeveling="true" maxSmoothDistance="10" maxSlope="75" maxEdgeAngle="30" >
        <levelAreas>
            <levelArea startNode="clearArea1Start" widthNode="clearArea1Width" heightNode="clearArea1Height" groundType="asphalt"/>
        </levelAreas>
    </leveling>

    <indoorAreas>
        <indoorArea startNode="indoorArea1Start" widthNode="indoorArea1Width" heightNode="indoorArea1Height"/>
    </indoorAreas>

    <tipOcclusionUpdateAreas>
        <tipOcclusionUpdateArea startNode="tipOcclusionUpdateArea1Start" endNode="tipOcclusionUpdateArea1End" />
    </tipOcclusionUpdateAreas>

    <ai>
        <updateAreas>
            <updateArea startNode="tipOcclusionUpdateArea1Start" endNode="tipOcclusionUpdateArea1End" />
        </updateAreas>
    </ai>

    <infoTrigger triggerNode="infoTrigger"/>

    <triggerMarkers>
        <triggerMarker node="playerTriggerMarker" filename="$data/shared/assets/marker/markerIcons.xml" id="WRENCH" adjustToGround="true" />
    </triggerMarkers>

    <hotspots>
        <hotspot type="PRODUCTION_POINT" linkNode="hotspotMarker" teleportNode="teleportNode"/>
    </hotspots>

    <productionPoint>
        <productions sharedThroughputCapacity="false">
            <production id="biogaselectricChargeGen1" name="$l10n_fillType_methane" cyclesPerHour="5" costsPerActiveHour="5">
                <inputs>
                    <input fillType="METHANE" amount="100" />
                </inputs>
                <outputs>
                    <output fillType="HOTAIR"  amount="1000" />
                </outputs>
            </production>
        </productions>

        <sellingStation node="sellingStation" appearsOnStats="true" supportsExtension="true" allowMissions="false" hideFromPricesMenu="true">
            <unloadTrigger exactFillRootNode="unloadTriggerMixer" fillTypes="METHANE" />
        </sellingStation>

        <loadingStation>
            <loadTrigger triggerNode="loadTrigger2" fillTypes="HOTAIR" aiNode="loadTriggerAiNode"/>
        </loadingStation>

        <storage isExtension="false" fillLevelSyncThreshold="100">
            <capacity fillType="METHANE"        capacity="20000" />
            <capacity fillType="HOTAIR"        capacity="20000" />
        </storage>

        <playerTrigger node="playerTrigger" />

        <sounds>
            <idle template="dairyIdle" linkNode="0>" outerRadius="10"/>
            <active template="dairyWork" linkNode="0>" outerRadius="10"/>
        </sounds>
    </productionPoint>

    <i3dMappings>
        <i3dMapping id="clearArea1Start" node="0>0|0" />
        <i3dMapping id="clearArea1Width" node="0>0|0|0" />
        <i3dMapping id="clearArea1Height" node="0>0|0|1" />
        <i3dMapping id="indoorArea1Start" node="0>1|0" />
        <i3dMapping id="indoorArea1Width" node="0>1|0|0" />
        <i3dMapping id="indoorArea1Height" node="0>1|0|1" />
        <i3dMapping id="testArea1Start" node="0>2|0" />
        <i3dMapping id="testArea1End" node="0>2|0|0" />
        <i3dMapping id="tipOcclusionUpdateArea1Start" node="0>3|0" />
        <i3dMapping id="tipOcclusionUpdateArea1End" node="0>3|0|0" />
        <i3dMapping id="infoTrigger" node="0>4" />
        <i3dMapping id="hotspotMarker" node="0>9" />
        <i3dMapping id="teleportNode" node="0>10" />
        <i3dMapping id="loadTrigger" node="0>11|0|0" />
        <i3dMapping id="loadTriggerMarker" node="0>11|0|1" />
        <i3dMapping id="loadTriggerAiNode" node="0>11|0|2" />
        <i3dMapping id="loadTrigger2" node="0>11|0|4" />
        <i3dMapping id="unloadTriggerLiquidManure" node="0>11|1|0" />
        <i3dMapping id="unloadTriggerLiquidManureMarker" node="0>11|1|1" />
        <i3dMapping id="unloadTriggerLiquidManureAiNode" node="0>11|1|2" />
        <i3dMapping id="bunkerFillVolume" node="0>11|2|0" />
        <i3dMapping id="baleTrigger" node="0>11|2|1" />
        <i3dMapping id="unloadTriggerMixer" node="0>11|2|2" />
        <i3dMapping id="unloadTriggerMixerMarker" node="0>11|2|3" />
        <i3dMapping id="unloadTriggerInFront" node="0>11|3|0" />
        <i3dMapping id="baleTriggerInFront" node="0>11|3|1" />
        <i3dMapping id="unloadTriggerInFrontAINode" node="0>11|3|2" />
        <i3dMapping id="playerTrigger" node="0>11|4" />
        <i3dMapping id="playerTriggerMarker" node="0>11|4|0" />
    </i3dMappings>
</placeable>
