<?xml version="1.0" encoding="utf-8" standalone="no" ?>
<placeable type="productionPoint" xmlns:xsi="http://www.w3.org/2001/XMLSchema-instance" xsi:noNamespaceSchemaLocation="../../../../shared/xml/schema/placeable.xsd">
    <storeData>
        <name>$l10n_storeItem_GH_HKW</name>
        <functions>
            <function>$l10n_function_HKW</function>
        </functions>
        <image>storeImage/store_GH_HKW.png</image>
        <price>580000</price>
        <dailyUpkeep>145</dailyUpkeep>
        <lifetime>0</lifetime>
        <rotation>0</rotation>
        <brand>NONE</brand>
        <species>placeable</species>
        <category>productionPoints</category>
        <brush>
            <type>placeable</type>
            <category>production</category>
            <tab>factories</tab>
        </brush>
        <audioMemoryUsage>0</audioMemoryUsage>
        <vertexBufferMemoryUsage>385280</vertexBufferMemoryUsage>
        <indexBufferMemoryUsage>50432</indexBufferMemoryUsage>
        <textureMemoryUsage>7667712</textureMemoryUsage>
        <instanceVertexBufferMemoryUsage>0</instanceVertexBufferMemoryUsage>
        <instanceIndexBufferMemoryUsage>0</instanceIndexBufferMemoryUsage>
    </storeData>

    <base>
        <filename>i3d/GH_HKW.i3d</filename>
        <canBeRenamed>true</canBeRenamed>
        <boughtWithFarmland>true</boughtWithFarmland>
    </base>

    <placement useRandomYRotation="false" useManualYRotation="true" >
        <testAreas>
            <testArea startNode="testArea1Start" endNode="testArea1End" />
        </testAreas>
    </placement>

    <clearAreas>
        <clearArea startNode="clearArea1Start" widthNode="clearArea1Width" heightNode="clearArea1Height"/>
    </clearAreas>

    <leveling requireLeveling="true" maxSmoothDistance="10" maxSlope="75" maxEdgeAngle="30" >
        <levelAreas>
            <levelArea startNode="clearArea1Start" widthNode="clearArea1Width" heightNode="clearArea1Height" groundType="asphalt"/>
        </levelAreas>
    </leveling>

    <indoorAreas>
        <indoorArea startNode="indoorArea1Start" widthNode="indoorArea1Width" heightNode="indoorArea1Height"/>
    </indoorAreas>

    <tipOcclusionUpdateAreas>
        <tipOcclusionUpdateArea startNode="tipOcclusionUpdateArea1Start" endNode="tipOcclusionUpdateArea1End" />
    </tipOcclusionUpdateAreas>

    <ai>
        <updateAreas>
            <updateArea startNode="tipOcclusionUpdateArea1Start" endNode="tipOcclusionUpdateArea1End" />
        </updateAreas>
    </ai>

    <infoTrigger triggerNode="infoTrigger"/>

    <triggerMarkers>
        <triggerMarker node="unloadTriggerMixerMarker"        filename="$data/shared/assets/marker/markerIcons.xml" id="UNLOAD" adjustToGround="false" />
        <triggerMarker node="playerTriggerMarker"             filename="$data/shared/assets/marker/markerIcons.xml" id="WRENCH" adjustToGround="true" />
    </triggerMarkers>

    <hotspots>
        <hotspot type="PRODUCTION_POINT" linkNode="hotspotMarker" teleportNode="teleportNode"/>
    </hotspots>

    <productionPoint>
        <productions sharedThroughputCapacity="false">
            <production id="hkw_woodchips" name="$l10n_fillType_woodChips" cyclesPerHour="10" costsPerActiveHour="2.5">
                <inputs>
                    <input fillType="WOODCHIPS" amount="250" />
                </inputs>
                <outputs>
                    <output fillType="ELECTRICCHARGE"      amount="20" />
                    <output fillType="HOTAIR"      amount="180" />
                </outputs>
            </production>
            <production id="hkw_straw" name="$l10n_fillType_straw" cyclesPerHour="10" costsPerActiveHour="2.5">
                <inputs>
                    <input fillType="STRAW" amount="350" />
                </inputs>
                <outputs>
                    <output fillType="ELECTRICCHARGE"      amount="10" />
                    <output fillType="HOTAIR"      amount="150" />
                </outputs>
            </production>
        </productions>

        <sellingStation node="sellingStation" appearsOnStats="false" supportsExtension="false">
            <unloadTrigger exactFillRootNode="unloadTriggerMixer"        fillTypes="STRAW WOODCHIPS" />
            <unloadTrigger fillTypes="WOODCHIPS STRAW">
                <baleTrigger triggerNode="baleTrigger" />
            </unloadTrigger>

            <animationNodes>
                <animationNode node="mixingDrum" rotAxis="2" rotSpeed="-80" />
                <animationNode node="mixingDrum1" rotAxis="2" rotSpeed="-80" />
            </animationNodes>
        </sellingStation>

        <loadingStation>
            <loadTrigger triggerNode="loadTrigger" fillTypes="ELECTRICCHARGE HOTAIR" aiNode="loadTriggerAiNode"/>
        </loadingStation>

        <storage node="storage" fillTypes="STRAW WOODCHIPS" capacity="150000" isExtension="false" fillLevelSyncThreshold="50" >
            <capacity fillType="ELECTRICCHARGE"      capacity="20000" />
            <capacity fillType="HOTAIR"              capacity="15000" />

            <dynamicFillPlane node="bunkerFillVolume" allSidePlanes="false" maxAllowedHeapAngle="10" maxDelta="0.2" defaultFillType="WOODCHIPS"/>
        </storage>

        <playerTrigger node="playerTrigger" />

        <sounds>
            <idle template="dairyIdle" linkNode="0>" outerRadius="5"/>
            <active template="dairyWork" linkNode="0>" outerRadius="10"/>
        </sounds>

        <effectNodes>
            <effectNode effectNode="effectSmoke01" materialType="unloadingSmoke" />
            <effectNode effectNode="effectSmoke02" materialType="unloadingSmoke" />
        </effectNodes>
    </productionPoint>

    <i3dMappings>
        <i3dMapping id="clearArea1Start" node="0>0|0" />
        <i3dMapping id="clearArea1Width" node="0>0|0|0" />
        <i3dMapping id="clearArea1Height" node="0>0|0|1" />
        <i3dMapping id="indoorArea1Start" node="0>1|0" />
        <i3dMapping id="indoorArea1Width" node="0>1|0|0" />
        <i3dMapping id="indoorArea1Height" node="0>1|0|1" />
        <i3dMapping id="testArea1Start" node="0>2|0" />
        <i3dMapping id="testArea1End" node="0>2|0|0" />
        <i3dMapping id="tipOcclusionUpdateArea1Start" node="0>3|0" />
        <i3dMapping id="tipOcclusionUpdateArea1End" node="0>3|0|0" />
        <i3dMapping id="infoTrigger" node="0>4" />
        <i3dMapping id="mixingDrum" node="0>5|2|0" />
        <i3dMapping id="mixingDrum1" node="0>5|2|1" />
        <i3dMapping id="hotspotMarker" node="0>9" />
        <i3dMapping id="teleportNode" node="0>10" />
        <i3dMapping id="storage" node="0>11" />
        <i3dMapping id="loadTrigger" node="0>11|0|0" />
        <i3dMapping id="loadTriggerMarker" node="0>11|0|1" />
        <i3dMapping id="loadTriggerAiNode" node="0>11|0|2" />
        <i3dMapping id="bunkerFillVolume" node="0>11|2|0" />
        <i3dMapping id="baleTrigger" node="0>11|2|1" />
        <i3dMapping id="unloadTriggerMixer" node="0>11|2|2" />
        <i3dMapping id="unloadTriggerMixerMarker" node="0>11|2|3" />
        <i3dMapping id="unloadTriggerInFront" node="0>11|3|0" />
        <i3dMapping id="baleTriggerInFront" node="0>11|3|1" />
        <i3dMapping id="unloadTriggerInFrontAINode" node="0>11|3|2" />
        <i3dMapping id="playerTrigger" node="0>11|4" />
        <i3dMapping id="playerTriggerMarker" node="0>11|4|0" />
        <i3dMapping id="effectSmoke01"            node="0>11|5|0" />
        <i3dMapping id="effectSmoke02"           node="0>11|5|1" />
    </i3dMappings>
</placeable>
