<?xml version="1.0" encoding="utf-8" standalone="no" ?>
<placeable type="garageSolarPanels" xmlns:xsi="http://www.w3.org/2001/XMLSchema-instance" xsi:noNamespaceSchemaLocation="../../../../shared/xml/schema/placeable.xsd">
    <storeData>
        <name>$l10n_storeItem_hoermannGarageContractor</name>
        <functions>
            <function>$l10n_function_garageSolarPanels</function>
        </functions>
        <image>$data/placeables/rudolfHormann/garageContractor/store_garageContractor.dds</image>
        <price>455000</price>
        <dailyUpkeep>150</dailyUpkeep>
        <lifetime>1000</lifetime>
        <rotation>0</rotation>
        <brand>RUDOLFHOERMANN</brand>
        <species>placeable</species>
        <category>sheds</category>
        <canBeSold>true</canBeSold>
        <showInStore>true</showInStore>
        <vertexBufferMemoryUsage>7103232</vertexBufferMemoryUsage>
        <indexBufferMemoryUsage>1254656</indexBufferMemoryUsage>
        <textureMemoryUsage>6684672</textureMemoryUsage>
        <instanceVertexBufferMemoryUsage>0</instanceVertexBufferMemoryUsage>
        <instanceIndexBufferMemoryUsage>0</instanceIndexBufferMemoryUsage>
        <audioMemoryUsage>0</audioMemoryUsage>
    </storeData>

    <base>
        <filename>$data/placeables/rudolfHormann/garageContractor/garageContractor.i3d</filename>
    </base>

    <placement useRandomYRotation="false" useManualYRotation="true">
        <testAreas>
            <testArea startNode="testArea1Start" endNode="testArea1End" />
        </testAreas>

        <sounds>
            <place template="largeImp" />
        </sounds>
    </placement>

    <clearAreas>
        <clearArea startNode="clearArea01Start" widthNode="clearArea01Width" heightNode="clearArea01Height"/>
    </clearAreas>

    <leveling requireLeveling="true" maxSmoothDistance="5" maxSlope="75" maxEdgeAngle="30">
        <levelAreas>
            <levelArea startNode="levelingArea01Start" widthNode="levelingArea01Width" heightNode="levelingArea01Height" groundType="asphalt"/>
            
        </levelAreas>
    </leveling>

    <indoorAreas>
        <indoorArea startNode="indoorArea01Start" widthNode="indoorArea01Width" heightNode="indoorArea01Height"/>
    </indoorAreas>

    <tipOcclusionUpdateAreas>
        <tipOcclusionUpdateArea startNode="tipOcclusionUpdateArea1Start" endNode="tipOcclusionUpdateArea1End" />
    </tipOcclusionUpdateAreas>

    <ai>
        <updateAreas>
            <updateArea startNode="tipOcclusionUpdateArea1Start" endNode="tipOcclusionUpdateArea1End" />
        </updateAreas>
    </ai>

    <dynamicallyLoadedParts>
        <dynamicallyLoadedPart node="0" linkNode="powerSwitch01"   filename="$data/shared/assets/lights/rudolfHormann/powerSwitch.i3d" />
    </dynamicallyLoadedParts>

    <lights>
        <sharedLight filename="$data/shared/assets/lights/rudolfHormann/light150.xml" linkNode="lightNode01" groupIndex="1">
            <rotationNode name="rotationNode01" rotation="0 0 -15" />
        </sharedLight>
        <sharedLight filename="$data/shared/assets/lights/rudolfHormann/light150.xml" linkNode="lightNode02" groupIndex="1"/>
        <sharedLight filename="$data/shared/assets/lights/rudolfHormann/light150.xml" linkNode="lightNode03" groupIndex="1">
            <rotationNode name="rotationNode01" rotation="0 0 15" />
        </sharedLight>
        <sharedLight filename="$data/shared/assets/lights/rudolfHormann/light150.xml" linkNode="lightNode04" groupIndex="1">
            <rotationNode name="rotationNode01" rotation="0 0 -15" />
        </sharedLight>
        <sharedLight filename="$data/shared/assets/lights/rudolfHormann/light150.xml" linkNode="lightNode05" groupIndex="1"/>
        <sharedLight filename="$data/shared/assets/lights/rudolfHormann/light150.xml" linkNode="lightNode06" groupIndex="1">
            <rotationNode name="rotationNode01" rotation="0 0 15" />
        </sharedLight>
        <sharedLight filename="$data/shared/assets/lights/rudolfHormann/light150.xml" linkNode="lightNode07" groupIndex="1">
            <rotationNode name="rotationNode01" rotation="0 0 -15" />
        </sharedLight>
        <sharedLight filename="$data/shared/assets/lights/rudolfHormann/light150.xml" linkNode="lightNode08" groupIndex="1"/>
        <sharedLight filename="$data/shared/assets/lights/rudolfHormann/light150.xml" linkNode="lightNode09" groupIndex="1">
            <rotationNode name="rotationNode01" rotation="0 0 15" />
        </sharedLight>
        <sharedLight filename="$data/shared/assets/lights/rudolfHormann/light150.xml" linkNode="lightNode10" groupIndex="1">
            <rotationNode name="rotationNode01" rotation="0 0 -15" />
        </sharedLight>
        <sharedLight filename="$data/shared/assets/lights/rudolfHormann/light150.xml" linkNode="lightNode11" groupIndex="1"/>
        <sharedLight filename="$data/shared/assets/lights/rudolfHormann/light150.xml" linkNode="lightNode12" groupIndex="1">
            <rotationNode name="rotationNode01" rotation="0 0 15" />
        </sharedLight>
        <sharedLight filename="$data/shared/assets/lights/rudolfHormann/light150.xml" linkNode="lightNode13" groupIndex="1">
            <rotationNode name="rotationNode01" rotation="0 0 -15" />
        </sharedLight>
        <sharedLight filename="$data/shared/assets/lights/rudolfHormann/light150.xml" linkNode="lightNode14" groupIndex="1"/>
        <sharedLight filename="$data/shared/assets/lights/rudolfHormann/light150.xml" linkNode="lightNode15" groupIndex="1">
            <rotationNode name="rotationNode01" rotation="0 0 15" />
        </sharedLight>
        <sharedLight filename="$data/shared/assets/lights/rudolfHormann/light150.xml" linkNode="lightNode16" groupIndex="1">
            <rotationNode name="rotationNode01" rotation="0 0 -15" />
        </sharedLight>
        <sharedLight filename="$data/shared/assets/lights/rudolfHormann/light150.xml" linkNode="lightNode17" groupIndex="1"/>
        <sharedLight filename="$data/shared/assets/lights/rudolfHormann/light150.xml" linkNode="lightNode18" groupIndex="1">
            <rotationNode name="rotationNode01" rotation="0 0 15" />
        </sharedLight>
        <sharedLight filename="$data/shared/assets/lights/rudolfHormann/light150.xml" linkNode="lightNode19" groupIndex="1">
            <rotationNode name="rotationNode01" rotation="0 0 -15" />
        </sharedLight>
        <sharedLight filename="$data/shared/assets/lights/rudolfHormann/light150.xml" linkNode="lightNode20" groupIndex="1"/>
        <sharedLight filename="$data/shared/assets/lights/rudolfHormann/light150.xml" linkNode="lightNode21" groupIndex="1">
            <rotationNode name="rotationNode01" rotation="0 0 15" />
        </sharedLight>

        <realLights>
            <low>
                <light node="realLightsLow" groupIndex="1"/>
            </low>
            <high>
                <light node="realLightsHigh" groupIndex="1"/>
            </high>
        </realLights>

        <group name="$l10n_action_placeableLightShed" triggerNode="lightTrigger">
            <sounds>
                <toggle template="lizardFloodLight" innerRadius="50" outerRadius="100" volumeScale="0.2"/>
            </sounds>
        </group>
    </lights>


    <animatedObjects>
        
    </animatedObjects>

    <incomePerHour>60</incomePerHour>

    <colorable>
        <nodes>
            <node node="garage01_vis" />
        </nodes>

        <colors>
            <color value="RUDOLFHOERMANN_BEIGE" />
			<color value="RUDOLFHOERMANN_GREEN" />
            <color value="RUDOLFHOERMANN_RED" />
            <color value="RUDOLFHOERMANN_BLUE" />
            <color value="RUDOLFHOERMANN_DARKGREY" />
            <color value="RUDOLFHOERMANN_LIGHTGREY" />
            <color value="RUDOLFHOERMANN_WHITEALU" />
            <color value="RUDOLFHOERMANN_GREYALU" />
            <color value="RUDOLFHOERMANN_OXIDRED" />
            <color value="RUDOLFHOERMANN_WOODDARK" />
            <color value="RUDOLFHOERMANN_WOODBRIGHT" />
            <color value="RUDOLFHOERMANN_LIGHTGREEN" />
            <color value="RUDOLFHOERMANN_BROWN" />
            <color value="RUDOLFHOERMANN_DARKBEIGE" />
        </colors>
    </colorable>

    <i3dMappings>
        <i3dMapping id="clearArea01Start" node="0>1|0" />
        <i3dMapping id="clearArea01Width" node="0>1|0|0" />
        <i3dMapping id="clearArea01Height" node="0>1|0|1" />
        <i3dMapping id="levelingArea01Start" node="0>2|0" />
        <i3dMapping id="levelingArea01Width" node="0>2|0|0" />
        <i3dMapping id="levelingArea01Height" node="0>2|0|1" />
        <i3dMapping id="indoorArea01Start" node="0>3|0" />
        <i3dMapping id="indoorArea01Width" node="0>3|0|0" />
        <i3dMapping id="indoorArea01Height" node="0>3|0|1" />
        <i3dMapping id="lightTrigger" node="0>4|0" />
        <i3dMapping id="realLightsLow" node="0>4|1|0" />
        <i3dMapping id="realLightsHigh" node="0>4|1|1" />
        <i3dMapping id="powerSwitch01" node="0>4|2" />
        <i3dMapping id="powerSwitch02" node="0>4|3" />
        <i3dMapping id="powerSwitch03" node="0>4|4" />
        <i3dMapping id="lightNode01" node="0>4|5" />
        <i3dMapping id="lightNode02" node="0>4|6" />
        <i3dMapping id="lightNode03" node="0>4|7" />
        <i3dMapping id="lightNode04" node="0>4|8" />
        <i3dMapping id="lightNode05" node="0>4|9" />
        <i3dMapping id="lightNode06" node="0>4|10" />
        <i3dMapping id="lightNode07" node="0>4|11" />
        <i3dMapping id="lightNode08" node="0>4|12" />
        <i3dMapping id="lightNode09" node="0>4|13" />
        <i3dMapping id="lightNode10" node="0>4|14" />
        <i3dMapping id="lightNode11" node="0>4|15" />
        <i3dMapping id="lightNode12" node="0>4|16" />
        <i3dMapping id="lightNode13" node="0>4|17" />
        <i3dMapping id="lightNode14" node="0>4|18" />
        <i3dMapping id="lightNode15" node="0>4|19" />
        <i3dMapping id="lightNode16" node="0>4|20" />
        <i3dMapping id="lightNode17" node="0>4|21" />
        <i3dMapping id="lightNode18" node="0>4|22" />
        <i3dMapping id="lightNode19" node="0>4|23" />
        <i3dMapping id="lightNode20" node="0>4|24" />
        <i3dMapping id="lightNode21" node="0>4|25" />
        <i3dMapping id="powerSwitch04" node="0>4|26" />
        <i3dMapping id="powerSwitch05" node="0>4|27" />
        <i3dMapping id="testArea1Start" node="0>6|0" />
        <i3dMapping id="testArea1End" node="0>6|0|0" />
        <i3dMapping id="tipOcclusionUpdateArea1Start" node="0>7|0" />
        <i3dMapping id="tipOcclusionUpdateArea1End" node="0>7|0|0" />
        <i3dMapping id="garage01_vis" node="0>8|0|0" />
    </i3dMappings>
</placeable>
