<?xml version="1.0" encoding="utf-8" standalone="no" ?>
<placeable type="greenhouse" xmlns:xsi="http://www.w3.org/2001/XMLSchema-instance" xsi:noNamespaceSchemaLocation="../../../../../shared/xml/schema/placeable.xsd">
    <storeData>
        <name>$l10n_storeItem_GH_Middle</name>
        <functions>
            <function>$l10n_function_productionPoint</function>
        </functions>
        <image>storeImage/store_GH_Middle.png</image>
        <price>85000</price>
        <dailyUpkeep>145</dailyUpkeep>
        <lifetime>0</lifetime>
        <rotation>0</rotation>
        <brand>NONE</brand>
        <species>placeable</species>
        <category>placeableMisc</category>
        <brush>
            <type>placeable</type>
            <category>production</category>
            <tab>greenhouses</tab>
        </brush>
        <canBeSold>true</canBeSold>
        <showInStore>true</showInStore>
        <storeIconRendering>
            <settings cameraXRot="-20" cameraYRot="30" advancedBoundingBox="true"/>
        </storeIconRendering>
        <audioMemoryUsage>0</audioMemoryUsage>
        <vertexBufferMemoryUsage>623360</vertexBufferMemoryUsage>
        <indexBufferMemoryUsage>110848</indexBufferMemoryUsage>
        <textureMemoryUsage>6881280</textureMemoryUsage>
        <instanceVertexBufferMemoryUsage>0</instanceVertexBufferMemoryUsage>
        <instanceIndexBufferMemoryUsage>0</instanceIndexBufferMemoryUsage>
    </storeData>

    <base>
        <filename>i3d/GH_Middle.i3d</filename>
        <canBeRenamed>true</canBeRenamed>
        <boughtWithFarmland>true</boughtWithFarmland>
    </base>

    <placement useRandomYRotation="false" useManualYRotation="true" placementPositionSnapSize="0.5" placementRotationSnapAngle="90">
        <testAreas>
            <testArea startNode="testArea1Start" endNode="testArea1End" />
        </testAreas>

        <sounds>
            <place template="smallImp" />
        </sounds>
    </placement>

    <clearAreas>
        <clearArea startNode="clearArea1Start" widthNode="clearArea1Width" heightNode="clearArea1Height"/>
    </clearAreas>

    <leveling requireLeveling="true" maxSmoothDistance="1" maxSlope="75" maxEdgeAngle="30">
        <levelAreas>
            <levelArea startNode="levelArea1Start" widthNode="levelArea1Width" heightNode="levelArea1Height"/>
        </levelAreas>
    </leveling>

    <indoorAreas>
        <indoorArea startNode="indoorArea1Start" widthNode="indoorArea1Width" heightNode="indoorArea1Height"/>
    </indoorAreas>

    <tipOcclusionUpdateAreas>
        <tipOcclusionUpdateArea startNode="tipOcclusionUpdateArea1Start" endNode="tipOcclusionUpdateArea1End" />
    </tipOcclusionUpdateAreas>

    <ai>
        <updateAreas>
            <updateArea startNode="tipOcclusionUpdateArea1Start" endNode="tipOcclusionUpdateArea1End" />
        </updateAreas>
    </ai>

    <infoTrigger triggerNode="infoTrigger" />

    <hotspots>
        <hotspot type="PRODUCTION_POINT" linkNode="unloadTriggerMarker" teleportNode="teleportNode" />
    </hotspots>

    <triggerMarkers>
        <triggerMarker node="warningStripes" />
        <triggerMarker node="playerTriggerMarker" filename="$data/shared/assets/marker/markerIcons.xml" id="WRENCH" adjustToGround="true" />
        <triggerMarker node="unloadTriggerMarker" filename="$data/shared/assets/marker/markerIcons.xml" id="LOAD"  adjustToGround="false" />
    </triggerMarkers>

    <greenhouse>
        <plants>
            <plant fillType="LETTUCE"    xmlFilename="i3d/lettuce/lettuceBig.xml" />
            <plant fillType="STRAWBERRY" xmlFilename="i3d/strawberry/strawberryBig.xml" />
            <plant fillType="TOMATO"     xmlFilename="i3d/tomatoes/tomatoesBig.xml" />
        </plants>

        <plantSpaces>
            <spacesParent node="plantNodes" useRandomYRot="false" />
        </plantSpaces>

        <sounds>
            <watering template="DEFAULT_SPRAYER" linkNode="0>" loops="0" />
        </sounds>

        <!--<effectNodes>-->
            <!--<effectNode effectNode="0>4|1" materialType="smoke" materialTypeId="1" fadeTime="0.5" />-->
        <!--</effectNodes>-->
    </greenhouse>

    <productionPoint>
        <productions>
        <!--<Manual>-->
            <production id="tomato_extended" name="$l10n_fillType_tomato" cyclesPerHour="6" costsPerActiveHour="0.1">
                <inputs>
                    <input fillType="WATER" amount="35" />
                    <input fillType="SUBSTRAT" amount="20" />
                    <input fillType="SEEDS" amount="10" />
                    <input fillType="FERTILIZER" amount="10" />
                </inputs>
                <outputs>
                    <output fillType="TOMATO" amount="400" />
                </outputs>
            </production>
            <production id="lettuce_extended" name="$l10n_fillType_lettuce" cyclesPerHour="5" costsPerActiveHour="0.1">
                <inputs>
                    <input fillType="WATER" amount="45" />
                    <input fillType="SUBSTRAT" amount="35" />
                    <input fillType="SEEDS" amount="25" />
                    <input fillType="FERTILIZER" amount="10" />
                </inputs>
                <outputs>
                    <output fillType="LETTUCE" amount="400" />
                </outputs>
            </production>
            <production id="strawberry_extended" name="$l10n_fillType_strawberry" cyclesPerHour="7" costsPerActiveHour="0.1">
                <inputs>
                    <input fillType="WATER" amount="50" />
                    <input fillType="SUBSTRAT" amount="15" />
                    <input fillType="SEEDS" amount="25" />
                    <input fillType="FERTILIZER" amount="10" />
                </inputs>
                <outputs>
                    <output fillType="STRAWBERRY" amount="500" />
                </outputs>
            </production>
        <!--<Automatically >-->
            <production id="tomato_maximum" name="$l10n_fillType_tomato" cyclesPerHour="7" costsPerActiveHour="0.1">
                <inputs>
                    <input fillType="SUBSTRATDISTRIBUTE" amount="20" />
                    <input fillType="FERTIGATION" amount="40" />
                    <input fillType="HOTAIR" amount="30" />
                    <input fillType="SEEDS" amount="10" />
                </inputs>
                <outputs>
                    <output fillType="TOMATO" amount="500" />
                </outputs>
            </production>
            <production id="lettuce_maximum" name="$l10n_fillType_lettuce" cyclesPerHour="6" costsPerActiveHour="0.1">
                <inputs>
                    <input fillType="SUBSTRATDISTRIBUTE" amount="40" />
                    <input fillType="FERTIGATION" amount="40" />
                    <input fillType="HOTAIR" amount="25" />
                    <input fillType="SEEDS" amount="20" />
                </inputs>
                <outputs>
                    <output fillType="LETTUCE" amount="500" />
                </outputs>
            </production>
            <production id="strawberry_maximum" name="$l10n_fillType_strawberry" cyclesPerHour="8" costsPerActiveHour="0.1">
                <inputs>
                    <input fillType="SUBSTRATDISTRIBUTE" amount="25" />
                    <input fillType="FERTIGATION" amount="35" />
                    <input fillType="HOTAIR" amount="40" />
                    <input fillType="SEEDS" amount="20" />
                </inputs>
                <outputs>
                    <output fillType="STRAWBERRY" amount="600" />
                </outputs>
            </production>
        </productions>

        <sellingStation node="sellingStation" appearsOnStats="true" supportsExtension="true">
            <unloadTrigger exactFillRootNode="unloadTrigger" fillTypes="WATER SUBSTRAT SEEDS FERTILIZER SUBSTRATDISTRIBUTE FERTIGATION HOTAIR" aiNode="unloadTriggerAINode"/>
        </sellingStation>

        <palletSpawner node="palletSpawner">
            <spawnPlaces>
                <spawnPlace startNode="spawnPlace1Start" />
            </spawnPlaces>
        </palletSpawner>

        <storage node="storage" isExtension="false" fillTypes="WATER SUBSTRAT SEEDS FERTILIZER SUBSTRATDISTRIBUTE FERTIGATION HOTAIR" fillLevelSyncThreshold="10" >
            <capacity fillType="WATER"                 capacity="5000" />
            <capacity fillType="SUBSTRAT"              capacity="5000" />
            <capacity fillType="SEEDS"                 capacity="5000" />
            <capacity fillType="FERTILIZER"            capacity="5000" />
            <capacity fillType="SUBSTRATDISTRIBUTE"    capacity="5000" />
            <capacity fillType="FERTIGATION"           capacity="5000" />
            <capacity fillType="HOTAIR"                capacity="5000" />
            <capacity fillType="LETTUCE"               capacity="10000" />
            <capacity fillType="TOMATO"                capacity="10000" />
            <capacity fillType="STRAWBERRY"            capacity="10000" />
        </storage>

        <playerTrigger node="playerTrigger" />
    </productionPoint>

    <i3dMappings>
        <i3dMapping id="plantNodes" node="0>0|1" />
        <i3dMapping id="palletSpawner" node="0>0|3" />
        <i3dMapping id="spawnPlace1Start" node="0>0|3|0" />
        <i3dMapping id="spawnPlace1End" node="0>0|3|0|0" />
        <i3dMapping id="sellingStation" node="0>0|4" />
        <i3dMapping id="unloadTrigger" node="0>0|4|0" />
        <i3dMapping id="unloadTriggerMarker" node="0>0|4|1" />
        <i3dMapping id="unloadTriggerAINode" node="0>0|4|2" />
        <i3dMapping id="storage" node="0>0|5" />
        <i3dMapping id="playerTrigger" node="0>0|6" />
        <i3dMapping id="playerTriggerMarker" node="0>0|7" />
		
        <i3dMapping id="clearArea1Start" node="0>2|0" />
        <i3dMapping id="clearArea1Width" node="0>2|0|0" />
        <i3dMapping id="clearArea1Height" node="0>2|0|1" />
        <i3dMapping id="levelArea1Start" node="0>3|0" />
        <i3dMapping id="levelArea1Width" node="0>3|0|0" />
        <i3dMapping id="levelArea1Height" node="0>3|0|1" />
        <i3dMapping id="indoorArea1Start" node="0>4|0" />
        <i3dMapping id="indoorArea1Width" node="0>4|0|0" />
        <i3dMapping id="indoorArea1Height" node="0>4|0|1" />
        <i3dMapping id="testArea1Start" node="0>5|0" />
        <i3dMapping id="testArea1End" node="0>5|0|0" />
        <i3dMapping id="tipOcclusionUpdateArea1Start" node="0>6|0" />
        <i3dMapping id="tipOcclusionUpdateArea1End" node="0>6|0|0" />
        <i3dMapping id="infoTrigger" node="0>7" />
        <i3dMapping id="warningStripes" node="0>8" />
        <i3dMapping id="teleportNode" node="0>11" />
    </i3dMappings>
</placeable>
