<?xml version="1.0" encoding="utf-8" standalone="no" ?>
<map xmlns:xsi="http://www.w3.org/2001/XMLSchema-instance" xsi:noNamespaceSchemaLocation="../../shared/xml/schema/fillTypes.xsd">

    <fillTypes>
    <!--INTERNAL FLOW-->
        <fillType    name="fertigation" title="$l10n_fillType_fertigation" showOnPriceTable="false" unitShort="$l10n_unit_literShort">
            <physics massPerLiter="0.00" maxPhysicalSurfaceAngle="0" />
            <economy pricePerLiter="1.20" />
            <image   hud="huds/hud_fill_fertigation.png" />
        </fillType>
        <fillType    name="hotAir" title="$l10n_fillType_hotAir" showOnPriceTable="false" unitShort="$l10n_unit_literShort">
            <physics massPerLiter="0.00" maxPhysicalSurfaceAngle="0" />
            <economy pricePerLiter="0.00" />
            <image   hud="huds/hud_fill_hotAir.png" />
        </fillType>
        <fillType    name="substrat" title="$l10n_fillType_substrat" showOnPriceTable="false" unitShort="$l10n_unit_kg">
            <physics massPerLiter="0.50" maxPhysicalSurfaceAngle="0" />
            <economy pricePerLiter="1.00" />
            <image   hud="huds/hud_fill_substrat.png" />
            <pallet  filename="i3d/pallets/substratPalletGH.xml" />
        </fillType>
        <fillType    name="substratDistribute" title="$l10n_fillType_substratDistribute" showOnPriceTable="false" unitShort="$l10n_unit_kg">
            <physics massPerLiter="0.00" maxPhysicalSurfaceAngle="0" />
            <economy pricePerLiter="0.00" />
            <image   hud="huds/hud_fill_substratDistribute.png" />
        </fillType>
        <fillType    name="waterDistribute" title="$l10n_fillType_waterDistribute" showOnPriceTable="false" unitShort="$l10n_unit_literShort">
            <physics massPerLiter="0.00" maxPhysicalSurfaceAngle="0" />
            <economy pricePerLiter="0.00" />
            <image   hud="huds/hud_fill_waterDistribute.png" />
        </fillType>
    </fillTypes>

    <fillTypeCategories>
        <fillTypeCategory name="MGH_ADDITIONAL">FERTIGATION HOTAIR SUBSTRAT SUBSTRATDISTRIBUTE WATERDISTRIBUTE</fillTypeCategory>
    </fillTypeCategories>
</map>