﻿<?xml version="1.0" encoding="utf-8" standalone="no"?>
<modDesc descVersion="80">
    <author>Dogface, BDBSSB</author>
    <version>1.1.0.0</version>
    <title>
        <en>Wide Span Vehicle System</en>
		<de>Weitspannfahrzeugsystem</de>
		<fr>Système De Véhicule À Grande Largeur</fr>
    </title>
    <description>
        <en><![CDATA[This package includes the Tractor, Harvester and Trailer of the Lizard Wide-Span Vehicle System (WSVS). This tractor operates like a standard tractor when attached to WSVS implements. The harvester operates like a standard harvester when attached to the WSVS tractor. Hooklift Trailer that can lift and transport WSVS modules. The trailer uses two arms to attach to, and pick up, WSVS modules for transport. 

Wide span vehicle systems, like the Nexat project or gantry tractors, are a specialized type of farming vehicle that significantly exceeds the width of typical vehicles. The primary purpose behind using wide span vehicles in agriculture is to minimize soil damage caused by farm vehicles. Efficient soil management and reduced compaction lead to better crop yields and financial gains. Other key advantages of employing wide span vehicles in farming: help maintain soil structure and health; minimize land lost to wheel tracks, preserving more usable land for cultivation; reduced fuel consumption due to optimized routes; more accurate chemical application; minimizing soil disturbance creates additional opportunities for organic farming practices. These benefits contribute to sustainable and efficient agricultural practices, enhancing both productivity and environmental stewardship.

Future WSVS implement packages are planned. 


WSVS TR13 (Tractor)
Price: 395,000 $
Power: 1100 hp
Top speed: 41 kph

WSVS HV23 (Harvester)
Recommmended headers are the John Deere HD45X and the John Deere C16F or any 13 meter header or corn header. 
Price: 75,000 $
Capacity: 23,000 liters

WSVS Hooklift Trailer
Price: 39,000 $


Changelog 1.1.0.0
- allow folding while attached on tractor
- add hitch to trailer
- add laser pointer to trailer
- add outrigger support to trailer]]>
		</en>
        <de>
		<![CDATA[Dieses Paket umfasst den Traktor, die Erntemaschine und den Anhänger des Lizard Weitspannfahrzeugsystem (WSVS). Dieser Traktor funktioniert wie ein Standardtraktor, wenn er an WSVS-Anbaugeräte angebaut wird. Der Harvester funktioniert wie ein Standard-Harvester, wenn er an den WSVS-Traktor angebaut wird. Hakenliftanhänger, der WSVS-Module heben und transportieren kann. Der Anhänger verwendet zwei Arme, um WSVS-Module für den Transport zu befestigen und aufzunehmen.

Weitspannfahrzeugsysteme wie das Nexat-Projekt oder Portaltraktoren sind ein spezieller Typ landwirtschaftlicher Fahrzeuge, der die Breite typischer Fahrzeuge deutlich übertrifft. Der Hauptzweck des Einsatzes von Breitspannfahrzeugen in der Landwirtschaft besteht darin, durch landwirtschaftliche Fahrzeuge verursachte Bodenschäden zu minimieren. Eine effiziente Bodenbewirtschaftung und eine geringere Verdichtung führen zu besseren Ernteerträgen und finanziellen Gewinnen. Weitere wichtige Vorteile des Einsatzes von Großraumfahrzeugen in der Landwirtschaft: Sie tragen zur Erhaltung der Bodenstruktur und -gesundheit bei; Minimierung des Landverlusts durch Radspuren, wodurch mehr nutzbares Land für den Anbau erhalten bleibt; reduzierter Kraftstoffverbrauch durch optimierte Routen; genauere chemische Anwendung; Die Minimierung von Bodenstörungen schafft zusätzliche Möglichkeiten für den ökologischen Landbau. Diese Vorteile tragen zu nachhaltigen und effizienten landwirtschaftlichen Praktiken bei und steigern sowohl die Produktivität als auch den Umweltschutz.

Zukünftige WSVS-Implementierungspakete sind geplant.


WSVS TR13 (Traktor)
Preis: 395.000 €
Leistung: 1100 PS
Höchstgeschwindigkeit: 41 km/h

WSVS HV23 (Erntemaschine)
Empfohlene Erntevorsätze sind der John Deere HD45X und der John Deere C16F oder ein beliebiger 13-Meter-Vorsatz oder Maisvorsatz.
Preis: 75.000 €
Fassungsvermögen: 23.000 Liter

WSVS Hakenliftanhänger
Preis: 39.000 €


Changelog 1.1.0.0
- Ermöglichen Sie das Zusammenklappen, während es am Traktor befestigt ist
- Anhängerkupplung hinzufügen
- Laserpointer zum Anhänger hinzufügen
- Stützen Sie den Anhänger mit einer Stütze ab]]>
		</de>     
		<fr>
			<![CDATA[Ce forfait comprend le tracteur, la moissonneuse et la remorque du système de véhicule à grande portée Lizard (WSVS). Ce tracteur fonctionne comme un tracteur standard lorsqu'il est attaché aux outils WSVS. La moissonneuse fonctionne comme une moissonneuse standard lorsqu'elle est attachée au tracteur WSVS. Remorque Hooklift pouvant soulever et transporter des modules WSVS. La remorque utilise deux bras pour attacher et ramasser les modules WSVS pour le transport.

Les systèmes de véhicules à grande portée, comme le projet Nexat ou les tracteurs à portique, sont un type spécialisé de véhicule agricole qui dépasse considérablement la largeur des véhicules typiques. L’objectif principal de l’utilisation de véhicules à grande portée en agriculture est de minimiser les dommages au sol causés par les véhicules agricoles. Une gestion efficace des sols et un compactage réduit conduisent à de meilleurs rendements agricoles et à des gains financiers. Autres avantages clés de l’utilisation de véhicules à grande envergure dans l’agriculture : aider à maintenir la structure et la santé du sol ; minimiser les terres perdues à cause des traces de roues, en préservant davantage de terres utilisables pour la culture ; consommation de carburant réduite grâce à des itinéraires optimisés ; application chimique plus précise ; minimiser la perturbation des sols crée des opportunités supplémentaires pour les pratiques d’agriculture biologique. Ces avantages contribuent à des pratiques agricoles durables et efficaces, améliorant à la fois la productivité et la gestion de l'environnement.

De futurs packages de mise en œuvre WSVS sont prévus.


WSVS TR13 (Tracteur)
Prix : 395 000 €
Puissance : 1100 ch
Vitesse maximale : 41 km/h

WSVS HV23 (abatteuse)
Les cueilleurs recommandés sont le John Deere HD45X et le John Deere C16F ou tout autre cueilleur de 13 mètres ou cueilleur à maïs.
Prix : 75 000 €
Capacité : 23 000 litres

Remorque élévatrice à crochet WSVS
Prix : 39 000 €


Changelog 1.1.0.0
- permettre le pliage lorsqu'il est attaché au tracteur
- ajouter un attelage à la remorque
- ajouter un pointeur laser à la remorque
- ajouter un support de stabilisateur à la remorque]]>
		</fr>
    </description>
	
    <iconFilename>icon_wsvsTractor.png</iconFilename>
    <multiplayer supported="true"/>

    <storeItems>
        <storeItem xmlFilename="wsvsTractor.xml"/>
        <storeItem xmlFilename="wsvsTrailer.xml"/>
        <storeItem xmlFilename="wsvsCombine.xml"/>
    </storeItems>
	
	<vehicleTypes>
		<type name="wsvsTractor" className="Vehicle" parent="tractor" filename="$dataS/scripts/vehicles/Vehicle.lua">
			<specialization name="foldable" />
		</type>
	</vehicleTypes>	

    <l10n>
        <text name="function_wsvsHookLift">
            <en>Hooklift trailer can lift and transport WSVS modules.</en>			
            <de>Der Hakenliftanhänger kann WSVS-Module heben und transportieren.</de>
            <fr>La remorque Hooklift peut soulever et transporter des modules WSVS.</fr>			
        </text>
        <text name="load_container">
            <en>Load WSVS module</en>
            <de>WSVS-Modul aufladen</de>
            <fr>Charger le module WSVS</fr>
            <pl>Załaduj kontener</pl>
            <cz>Naložit kontejner</cz>
            <br>Carregar contêiner</br>
            <cs>装载集装箱</cs>
            <ct>裝載集裝箱</ct>
            <es>Cargar contenedor</es>
            <hu>Konténer felrakása</hu>
            <it>Carica container</it>
            <jp>コンテナを積む</jp>
            <kr>컨테이너 싣기</kr>
            <nl>Container laden</nl>
            <pt>Carregar contentor</pt>
            <ro>Încarcă containerul</ro>
            <ru>Загрузить контейнер</ru>
            <tr>Konteyner yükle</tr>
        </text>
        <text name="unload_container">
            <en>Drop off WSVS module</en>
            <de>WSVS-Modul entladen</de>
            <fr>Décharger le module WSVS</fr>
            <pl>Wyładuj kontener</pl>
            <cz>Složit kontejner</cz>
            <br>Descarregar contêiner</br>
            <cs>卸下集装箱</cs>
            <ct>卸下集裝箱</ct>
            <es>Soltar contenedor</es>
            <hu>Konténer lerakása</hu>
            <it>Scarica container</it>
            <jp>コンテナを降ろす</jp>
            <kr>컨테이너 내리기</kr>
            <nl>Container lossen</nl>
            <pt>Depositar contentor</pt>
            <ro>Descarcă containerul</ro>
            <ru>Выгрузить контейнер</ru>
            <tr>Konteyneri bırak</tr>
        </text>
        <text name="load_arm">
            <en>Retract arm</en>
            <de>Arm anheben</de>
            <fr>Plier le bras de levage</fr>
            <pl>Wsunąć ramię</pl>
            <cz>Zatáhnout rameno</cz>
            <br>Retrair braço</br>
            <cs>撤回吊臂</cs>
            <ct>收回吊臂</ct>
            <es>Retirar brazo</es>
            <hu>Kar behúzása</hu>
            <it>Ritrai braccio</it>
            <jp>アームをしまう</jp>
            <kr>암 접기</kr>
            <nl>Arm intrekken</nl>
            <pt>Retrair braço</pt>
            <ro>Retrage brațul</ro>
            <ru>Убрать стрелу</ru>
            <tr>Kolu geriye çek</tr>
        </text>
        <text name="unload_arm">
            <en>Extend arm</en>
            <de>Arm senken</de>
            <fr>Déployer le bras de levage</fr>
            <pl>Wysunąć ramię</pl>
            <cz>Vytáhnout rameno</cz>
            <br>Estender braço</br>
            <cs>伸展吊臂</cs>
            <ct>伸長吊臂</ct>
            <es>Extender brazo</es>
            <hu>Kar kinyújtása</hu>
            <it>Estendi braccio</it>
            <jp>アームを伸ばす</jp>
            <kr>암 펼치기</kr>
            <nl>Arm verlengen</nl>
            <pt>Estender braço</pt>
            <ro>Întinde brațul</ro>
            <ru>Выдвинуть стрелу</ru>
            <tr>Kolu uzat</tr>
        </text>
    </l10n>
</modDesc>
