﻿<?xml version="1.0" encoding="utf-8" standalone="no" ?>
<vehicle type="wsvsTractor"  xmlns:xsi="http://www.w3.org/2001/XMLSchema-instance" xsi:noNamespaceSchemaLocation="../../../../shared/xml/schema/vehicle.xsd">
    <annotation>Copyright (C) GIANTS Software GmbH, All Rights Reserved.</annotation>

    <storeData>
        <name>WSVS TR13</name>
        <specs>
            <power>1156</power>
            <maxSpeed>41</maxSpeed>
			<combination xmlFilename="wsvsCombine.xml"/>
			<combination xmlFilename="wsvsTrailer.xml"/>
        </specs>
        <functions>
            <function>$l10n_function_tractor</function>
        </functions>
        <image>store_wsvsTractor.png</image>
        <price>395000</price>
        <lifetime>600</lifetime>
        <rotation>0</rotation>
        <brand>LIZARD</brand>
        <category>tractorsL</category>
		
        <vertexBufferMemoryUsage>5989376</vertexBufferMemoryUsage>
        <indexBufferMemoryUsage>1339904</indexBufferMemoryUsage>
        <textureMemoryUsage>8519680</textureMemoryUsage>
        <audioMemoryUsage>433743</audioMemoryUsage>
        <instanceVertexBufferMemoryUsage>0</instanceVertexBufferMemoryUsage>
        <instanceIndexBufferMemoryUsage>0</instanceIndexBufferMemoryUsage>
    </storeData>

    <base>
        <typeDesc>$l10n_typeDesc_car</typeDesc>
        <filename>wsvsTractor.i3d</filename>
        <size width="15" length="6"/>
        <sounds filename="$data/vehicles/krone/bigX1180/sounds/bigX1180.xml" volumeFactor="1.8"/>
        <components >
            <component centerOfMass="-0.8775 0.2 00" solverIterationCount="10" mass="15000" />
        </components>
        <schemaOverlay attacherJointPosition="0 0" name="VEHICLE" />
        <mapHotspot type="TRACTOR" />
    </base>

    <wheels>
        <wheelConfigurations>
             <wheelConfiguration name="$l10n_configuration_valueDefault" price="0" brand="TRELLEBORG" saveId="TRELLEBORG_DEFAULT">
                <wheels autoRotateBackSpeed="2.3">				
                    <wheel filename="$data/shared/wheels/tires/trelleborg/TM900/710_70R42.xml" isLeft="true"  hasTireTracks="true" hasParticles="true" >
                        <physics rotSpeed="1" restLoad="2.2" repr="axisFrontLeft"  driveNode="wheelFrontLeft"  useReprDirection="true" radius="1.015" width="0.71" forcePointRatio="0.4" initialCompression="7" suspTravel="0.09" spring="70" damper="50" brakeFactor="1" mass="0.7" frictionScale="2" />
                        <steering node="axisFrontLeft" nodeMinRotY="-15" nodeMaxRotY="15"/>
                    </wheel>					
                    <wheel filename="$data/shared/wheels/tires/trelleborg/TM900/710_70R42.xml" isLeft="false"  hasTireTracks="true" hasParticles="true" >
                        <physics rotSpeed="1" restLoad="2.2" repr="axleFrontRight" driveNode="wheelFrontRight" useReprDirection="true" radius="1.015" width="0.71" forcePointRatio="0.4" initialCompression="7" suspTravel="0.09" spring="70" damper="50" brakeFactor="1" mass="0.7" frictionScale="2" />
                        <steering node="axleFrontRight" nodeMinRotY="-15" nodeMaxRotY="15"/>
                    </wheel>					
                    <wheel  filename="$data/shared/wheels/tires/trelleborg/TM900/710_70R42.xml" isLeft="false"  hasTireTracks="true" hasParticles="true" >
                        <physics rotSpeed="1" restLoad="2.2" repr="axleBackLeft" driveNode="wheelBackLeft"  useReprDirection="true" radius="1.015" width="0.71" forcePointRatio="0.4" initialCompression="7" suspTravel="0.09" spring="70" damper="50" brakeFactor="1" mass="0.7" frictionScale="2" />
                        <steering node="axleBackLeft" nodeMinRotY="-15" nodeMaxRotY="15"/>
                    </wheel>
                    <wheel  filename="$data/shared/wheels/tires/trelleborg/TM900/710_70R42.xml" isLeft="true"  hasTireTracks="true" hasParticles="true" >
                        <physics rotSpeed="1" restLoad="2.2" repr="axleBackRight" driveNode="wheelBackRight"  useReprDirection="true" radius="1.015" width="0.71" forcePointRatio="0.4" initialCompression="7" suspTravel="0.09" spring="70" damper="50" brakeFactor="1" mass="0.7" frictionScale="2" />
                        <steering node="axleBackRight" nodeMinRotY="-15" nodeMaxRotY="15"/>
                    </wheel>					
                </wheels>
            </wheelConfiguration>
        </wheelConfigurations>
        <rimColor>CLAAS_RED1</rimColor>

        <hubs>
            <color0 useBaseColor="true"> </color0>
            <color1> SHARED_WHITE2 </color1>
            <hub linkNode="wheelFrontLeft"  filename="$data/shared/wheels/hubs/hub_n10_17.xml" isLeft="false"  scale="0.50 0.58 0.58"/>
            <hub linkNode="wheelFrontRight" filename="$data/shared/wheels/hubs/hub_n10_17.xml" isLeft="true" scale="0.50 0.58 0.58"/>
            <hub linkNode="wheelBackLeft"   filename="$data/shared/wheels/hubs/hub_n10_17.xml" isLeft="false"  scale="0.50 0.58 0.58"/>
            <hub linkNode="wheelBackRight"  filename="$data/shared/wheels/hubs/hub_n10_17.xml" isLeft="true" scale="0.50 0.58 0.58"/>
        </hubs>

        <ackermannSteeringConfigurations>
            <ackermannSteering rotSpeed="25" rotMax="35" rotCenterNode="rotCenterNode" />
        </ackermannSteeringConfigurations>			
    </wheels>
	
<!-- crabSteering  -->
    <crabSteering>
        <steeringMode name="$l10n_action_steeringModeAllWheel" >
            <wheel index="1" offset="0" />
            <wheel index="2" offset="0" />
            <wheel index="3" offset="0" />
            <wheel index="4" offset="0" />
        </steeringMode>
        <steeringMode name="$l10n_action_steeringModeFrontWheel" >
            <wheel index="1" offset="0" locked="false" />
            <wheel index="2" offset="0" locked="false" />
            <wheel index="3" offset="0" locked="true" />
            <wheel index="4" offset="0" locked="true" />
        </steeringMode>
    </crabSteering>
	
    <designConfigurations>
        <designConfiguration name="EU" price="0">
            <objectChange node="config_eu_lights" visibilityActive="true"/>
            <objectChange node="config_us_lights" visibilityActive="false"/>
            <objectChange node="stalkWarningTriangle_BR" visibilityActive="false"/>
            <objectChange node="stalkWarningBracket_BR" visibilityActive="false"/>
        </designConfiguration>
        <designConfiguration name="US" price="0">
            <objectChange node="config_eu_lights" visibilityActive="false"/>
            <objectChange node="config_us_lights" visibilityActive="true"/>
            <objectChange node="stalkWarningEU_FL" visibilityActive="false"/>
            <objectChange node="stalkWarningEU_BR" visibilityActive="false"/>
            <objectChange node="stalkWarningEU_FR" visibilityActive="false"/>
            <objectChange node="stalkWarningEU_BL" visibilityActive="false"/>
            <objectChange node="decalEU25" visibilityActive="false"/>
        </designConfiguration>
    </designConfigurations>

    <lights>
		<sharedLight linkNode="stalkLightFLTL"    		filename="$data/shared/assets/lights/lizard/rearLight23Orange_left.xml" />
		<sharedLight linkNode="stalkLightFLTLSwitch"    filename="$data/shared/assets/lights/lizard/rearLight23Orange_right.xml" />
		<sharedLight linkNode="stalkLightFLLowBeam"    		filename="$data/shared/assets/lights/lizard/rearLight26White.xml" lightTypes="0" />
		<sharedLight linkNode="stalkLightFLMarker"    		filename="$data/shared/assets/lights/lizard/sideMarker21Orange.xml" lightTypes="0" />
		<sharedLight linkNode="stalkLightFLHighBeam"    		filename="$data/shared/assets/lights/lizard/workingLight27.xml" lightTypes="1" />
		<sharedLight linkNode="stalkLightFLSideMarker"    		filename="$data/shared/assets/lights/lizard/sideMarker10Orange.xml" />	
		<sharedLight linkNode="stalkLightFLWork"    		filename="$data/shared/assets/lights/lizard/workingLight14.xml" lightTypes="2" />
		<sharedLight linkNode="stalkLightFRTL"    		filename="$data/shared/assets/lights/lizard/rearLight23Orange_right.xml" />
		<sharedLight linkNode="stalkLightFRTLSwitch"    filename="$data/shared/assets/lights/lizard/rearLight23Orange_left.xml" />
		<sharedLight linkNode="stalkLightFRLowBeam"    		filename="$data/shared/assets/lights/lizard/rearLight26White.xml" lightTypes="0" />
		<sharedLight linkNode="stalkLightFRMarker"    		filename="$data/shared/assets/lights/lizard/sideMarker21Orange.xml" lightTypes="0" />
		<sharedLight linkNode="stalkLightFRHighBeam"    		filename="$data/shared/assets/lights/lizard/workingLight27.xml" lightTypes="1" />
		<sharedLight linkNode="stalkLightFRSideMarker"    		filename="$data/shared/assets/lights/lizard/sideMarker10Orange.xml" />
		<sharedLight linkNode="stalkLightFRWork"    		filename="$data/shared/assets/lights/lizard/workingLight14.xml" lightTypes="2" />
		<sharedLight linkNode="stalkLightFRSideWork"    		filename="$data/shared/assets/lights/lizard/workingLight14.xml" lightTypes="2" />
		<sharedLight linkNode="stalkLightBLTL"    		filename="$data/shared/assets/lights/lizard/rearLight23Orange_left.xml" />
		<sharedLight linkNode="stalkLightBLTLSwitch"    filename="$data/shared/assets/lights/lizard/rearLight23Orange_right.xml" />
		<sharedLight linkNode="stalkLightBLBL"    		filename="$data/shared/assets/lights/lizard/rearLight26Red.xml" />
		<sharedLight linkNode="stalkLightBLReverse"    		filename="assets/workingLightReverse02.xml" />
		<sharedLight linkNode="stalkLightBLWheelWork"    		filename="$data/shared/assets/lights/lizard/workingLight27.xml" lightTypes="1" />
		<sharedLight linkNode="stalkLightBLSideMarker"    		filename="$data/shared/assets/lights/lizard/sideMarker10Orange.xml" />
		<sharedLight linkNode="stalkLightBLWork"    		filename="$data/shared/assets/lights/lizard/workingLight14.xml" lightTypes="2" />
		<sharedLight linkNode="stalkLightBRTL"    		filename="$data/shared/assets/lights/lizard/rearLight23Orange_right.xml" />
		<sharedLight linkNode="stalkLightBRTLSwitch"    filename="$data/shared/assets/lights/lizard/rearLight23Orange_left.xml" />
		<sharedLight linkNode="stalkLightBRBL"    		filename="$data/shared/assets/lights/lizard/rearLight26Red.xml" />
		<sharedLight linkNode="stalkLightBRReverse"    		filename="assets/workingLightReverse02.xml" />
		<sharedLight linkNode="stalkLightBRWheelWork"    		filename="$data/shared/assets/lights/lizard/workingLight27.xml" lightTypes="1" />
		<sharedLight linkNode="stalkLightBRSideMarker"    		filename="$data/shared/assets/lights/lizard/sideMarker10Orange.xml" />
		<sharedLight linkNode="stalkLightBRWork"    		filename="$data/shared/assets/lights/lizard/workingLight14.xml" lightTypes="2" />
		<sharedLight linkNode="stalkLightBRSideWork"    		filename="$data/shared/assets/lights/lizard/workingLight14.xml" lightTypes="2" />
        <sharedLight linkNode="stalkWarningTriangle_BR"        filename="$data/shared/assets/reflectors/lizard/bigTriangle.xml" />
		<sharedLight linkNode="groundLight"    		filename="assets/rearLight22WhiteNR.xml" lightTypes="0" />

        <states>
            <state lightTypes="0" />
            <state lightTypes="0 1" />
            <state lightTypes="0 1 2" />
        </states>

        <realLights>
            <low>
                <light node="groundLightReal" lightTypes="0"/>
                <light node="workLightBackLow"  lightTypes="1"/>
                <light node="workLightFrontLow" lightTypes="2"/>
                <light node="stalkLightFLWorkLow" lightTypes="2"/>
                <light node="stalkLightFRWorkLow" lightTypes="2"/>
                <light node="stalkLightBLWorkLow" lightTypes="2"/>
                <light node="stalkLightBRWorkLow" lightTypes="2"/>
                <light node="stalkLightFRSideWorkLow" lightTypes="2"/>
                <light node="stalkLightBRSideWorkLow" lightTypes="2"/>
                <light node="stalkLightFLLowBeamLow"  lightTypes="0" excludedLightTypes="2"/>
                <light node="stalkLightFRLowBeamLow"  lightTypes="0" excludedLightTypes="2"/>
                <light node="stalkLightFLHighBeamLow"  lightTypes="1" excludedLightTypes="2"/>
                <light node="stalkLightFRHighBeamLow"  lightTypes="1" excludedLightTypes="2"/>
                <light node="stalkLightBLWheelWorkLow"  lightTypes="1" excludedLightTypes="2"/>
                <light node="stalkLightBRWheelWorkLow"  lightTypes="1" excludedLightTypes="2"/>
                <brakeLight node="stalkLightBRBLReal" />
                <brakeLight node="stalkLightBLBLReal" />
                <turnLightLeft node="stalkLightFLTLReal" />
                <turnLightLeft node="stalkLightFRTLSwitchReal" />
                <turnLightLeft node="stalkLightBLTLReal" />
                <turnLightLeft node="stalkLightBRTLSwitchReal" />
                <turnLightRight node="stalkLightFLTLSwitchReal" />
                <turnLightRight node="stalkLightFRTLReal" />
                <turnLightRight node="stalkLightBLTLSwitchReal" />
                <turnLightRight node="stalkLightBRTLReal" />
            </low>
			
            <high>
                <light node="groundLightReal" lightTypes="0"/>
				<light node="licensePlateLightHigh" lightTypes="0"/>
                <light node="workLightBackHigh1"    lightTypes="1"/>
                <light node="workLightFrontHigh1"   lightTypes="2"/>
                <light node="stalkLightFLWorkHigh"   lightTypes="2"/>
                <light node="stalkLightFRWorkHigh"   lightTypes="2"/>
                <light node="stalkLightBLWorkHigh" lightTypes="2"/>
                <light node="stalkLightBRWorkHigh" lightTypes="2"/>
                <light node="stalkLightFRSideWorkHigh" lightTypes="2"/>
                <light node="stalkLightBRSideWorkHigh" lightTypes="2"/>
                <light node="stalkLightFLLowBeamHigh"   lightTypes="0" excludedLightTypes="2"/>
                <light node="stalkLightFRLowBeamHigh"   lightTypes="0" excludedLightTypes="2"/>
                <light node="stalkLightFLHighBeamHigh"  lightTypes="1" />
                <light node="stalkLightFRHighBeamHigh"  lightTypes="1" />
                <light node="stalkLightBLWheelWorkHigh"  lightTypes="1" />
                <light node="stalkLightBRWheelWorkHigh"  lightTypes="1" />
                <reverseLight node="stalkLightBRReverseReal" />
                <reverseLight node="stalkLightBLReverseReal" />
                <brakeLight node="stalkLightBRBLReal" />
                <brakeLight node="stalkLightBLBLReal" />
                <turnLightLeft node="stalkLightFLTLReal" />
                <turnLightLeft node="stalkLightFRTLSwitchReal" />
                <turnLightLeft node="stalkLightBLTLReal" />
                <turnLightLeft node="stalkLightBRTLSwitchReal" />
                <turnLightRight node="stalkLightFLTLSwitchReal" />
                <turnLightRight node="stalkLightFRTLReal" />
                <turnLightRight node="stalkLightBLTLSwitchReal" />
                <turnLightRight node="stalkLightBRTLReal" />
            </high>
        </realLights>

        <defaultLights>
            <defaultLight shaderNode="lightsPlateGlass_static"   lightTypes="0" />
            <defaultLight shaderNode="worklightBackStatic01_us"  lightTypes="1" />
            <defaultLight shaderNode="worklightBackStatic02"     lightTypes="1" />
            <defaultLight shaderNode="worklightFrontStatic01"    lightTypes="2" />
            <defaultLight shaderNode="worklightFrontStatic01_us" lightTypes="2" />
            <defaultLight shaderNode="worklightFrontStatic02"    lightTypes="2" />
        </defaultLights>

        <turnLights>
            <turnLightLeft shaderNode="turnLightLeftUS_static" />
            <turnLightRight shaderNode="turnLightRightUS_static" />
        </turnLights>

        <beaconLights>
            <beaconLight node="beaconLightLeft"  filename="$data/shared/assets/beaconLights/lizard/beaconLight07.xml" />
            <beaconLight node="beaconLightRight" filename="$data/shared/assets/beaconLights/lizard/beaconLight07.xml" />
            <beaconLight node="beaconNode" filename="$data/shared/assets/beaconLights/lizard/beaconLight07.xml" />
        </beaconLights>

        <dashboards>
            <dashboard displayType="EMITTER" valueType="lightState" node="anySticker02_decal"         baseColor="GREY"  emitColor="GREY"  intensity="0.1" lightTypes="0"       groups="MOTOR_ACTIVE"/>
            <dashboard displayType="EMITTER" valueType="lightState" node="anySticker03_decal"         baseColor="GREY"  emitColor="GREY"  intensity="0.1" lightTypes="0"       groups="MOTOR_ACTIVE"/>
            <dashboard displayType="EMITTER" valueType="lightState" node="highBeamIconDecal"          baseColor="BLACK" emitColor="BLUE"  intensity="0.5" lightTypes="3"       groups="MOTOR_ACTIVE"/>
            <dashboard displayType="EMITTER" valueType="lightState" node="anySticker01_decal"         baseColor="GREY"  emitColor="GREY"  intensity="0.5" lightTypes="0 1 2 3" groups="MOTOR_ACTIVE"/>
            <dashboard displayType="EMITTER" valueType="lightState" node="worklightBack_decal"        baseColor="GREY"  emitColor="GREY"  intensity="1"   lightTypes="1"       groups="MOTOR_ACTIVE"/>
            <dashboard displayType="EMITTER" valueType="lightState" node="worklightBackLamp_decal"    baseColor="GREY"  emitColor="GREEN" intensity="1"   lightTypes="1"       groups="MOTOR_ACTIVE"/>
            <dashboard displayType="EMITTER" valueType="lightState" node="worklightFront_decal"       baseColor="GREY"  emitColor="GREY"  intensity="1"   lightTypes="2"       groups="MOTOR_ACTIVE"/>
            <dashboard displayType="EMITTER" valueType="lightState" node="worklightFrontLamp_decal"   baseColor="GREY"  emitColor="GREEN" intensity="1"   lightTypes="2"       groups="MOTOR_ACTIVE"/>
            <dashboard displayType="EMITTER" valueType="turnLightHazard" node="hazardlight_decal"     baseColor="GREY"  emitColor="RED"   intensity="4"                        groups="MOTOR_ACTIVE"/>
            <dashboard displayType="EMITTER" valueType="turnLightHazard" node="hazardlightLamp_decal" baseColor="GREY"  emitColor="GREEN" intensity="2"                        groups="MOTOR_ACTIVE"/>
            <dashboard displayType="EMITTER" valueType="turnLightLeft"  node="turnlightLeft01_decal"  baseColor="BLACK" emitColor="GREEN"                                      groups="MOTOR_ACTIVE"/>
            <dashboard displayType="EMITTER" valueType="turnLightRight" node="turnlightRight01_decal" baseColor="BLACK" emitColor="GREEN"                                      groups="MOTOR_ACTIVE"/>
            <dashboard displayType="EMITTER" valueType="beaconLight" node="beaconlight_decal"         baseColor="GREY"  emitColor="ORANGE"                                     groups="MOTOR_ACTIVE"/>
            <dashboard displayType="EMITTER" valueType="beaconLight" node="beaconlightLamp_decal"     baseColor="GREY"  emitColor="GREEN"                                      groups="MOTOR_ACTIVE"/>
            <dashboard displayType="ROT"     valueType="turnLight" node="leverTurnlight" minRot="0 15 0" maxRot="0 -15 0" doInterpolation="true" groups="MOTOR_ACTIVE"/>
        </dashboards>
    </lights>

    <licensePlates >
        <licensePlate node="licensePlateBack"  position="BACK" preferedType="ELONGATED" placementArea="0.2 0.3 0.2 0.3" />
    </licensePlates>

    <enterable isTabbable="true" >
        <enterReferenceNode node="enterExit"/>
        <exitPoint node="enterExit"/>
        <enterAnimation name="enterAnimation"/>
	
        <cameras>
            <camera node="outdoorCamera1" rotatable="true" rotateNode="outdoorCameraTarget" limit="true" useWorldXZRotation="true" rotMinX="-1.4" rotMaxX="1" transMin="5.5" transMax="45" translation="0 0 9.4" rotation="-17 180 0" >
                <raycastNode node="cameraRaycastNode1"/>
                <raycastNode node="cameraRaycastNode2"/>
                <raycastNode node="cameraRaycastNode3"/>
            </camera>
            <camera node="indoorCamera1" rotatable="true" limit="true" rotMinX="-1.1" rotMaxX="0.4" transMin="0" transMax="0" useMirror="true" isInside="true" shadowFocusBox="shadowFocusBox" suspensionNodeIndex="2"/>
        </cameras>

        <mirrors>
            <mirror node="mirror1Decal" prio="1" />
            <mirror node="mirror2Decal" prio="1" />
            <mirror node="mirror3Decal" prio="2" />
        </mirrors>

        <characterNode node="playerSkin" cameraMinDistance="0.5" spineRotation="-90 0 90" >
            <target ikChain="rightFoot" targetNode="playerRightFootTarget" />
            <target ikChain="leftFoot"  targetNode="playerLeftFootTarget" />
            <target ikChain="rightArm"  targetNode="playerRightHandTarget" />
            <target ikChain="leftArm"   targetNode="playerLeftHandTarget" />
        </characterNode>

        <characterTargetNodeModifier node="playerRightFootTarget" transitionTime="0.1" >
            <state node="playerRightFootTargetBrake" referenceNode="pedalBrake" />
        </characterTargetNodeModifier>

        <dashboards>
            <dashboard displayType="TEXT" valueType="time" node="numbersTime" textColor="1 1 1 1" textSize="0.004" textMask="00:00" font="GENERIC" textAlignment="CENTER" emissiveScale="0.4" groups="MOTOR_ACTIVE"/>
            <dashboard displayType="TEXT" valueType="operatingTime" node="numbersOperatingTime" textColor="0 0 0 1" textSize="0.005" textMask="00000.0" font="GENERIC" groups="MOTOR_ACTIVE"/>
        </dashboards>
    </enterable>

	<attacherJoints comboDuration="2">
        <attacherJoint node="attacherJointFront" jointType="implement" fixedRotation="true" lowerRotLimit="0 0 0" upperRotationOffset="0" allowsJointLimitMovement="false" allowsLowering="false">
            <schema position="0.75 0.25" rotation="0" invertX="false"/>
            <attachSound template="ATTACH_01" linkNode="attacherJointFront"/>
        </attacherJoint>
    </attacherJoints>

    <dynamicallyLoadedParts>		
        <dynamicallyLoadedPart node="0" linkNode="cameraNode01" filename="$data/shared/assets/camera_02.i3d"  />
        <dynamicallyLoadedPart node="0" linkNode="cameraNode02" filename="$data/shared/assets/camera_04.i3d"  />		
        <dynamicallyLoadedPart node="0|0" linkNode="dummyConnection01" filename="$data/shared/connectionHoses/connectors.i3d"/>
        <dynamicallyLoadedPart node="0|0" linkNode="dummyConnection02" filename="$data/shared/connectionHoses/connectors.i3d"/>
        <dynamicallyLoadedPart node="1|0" linkNode="dummyConnection03" filename="$data/shared/connectionHoses/connectors.i3d"/>
        <dynamicallyLoadedPart node="1|0" linkNode="dummyConnection04" filename="$data/shared/connectionHoses/connectors.i3d"/>
        <dynamicallyLoadedPart node="2|0" linkNode="dummyConnection05" filename="$data/shared/connectionHoses/connectors.i3d"/>
        <dynamicallyLoadedPart node="2|1" linkNode="dummyConnection06" filename="$data/shared/connectionHoses/connectors.i3d"/>
        <dynamicallyLoadedPart node="2|0" linkNode="dummyConnection07" filename="$data/shared/connectionHoses/connectors.i3d"/>
        <dynamicallyLoadedPart node="2|1" linkNode="dummyConnection08" filename="$data/shared/connectionHoses/connectors.i3d"/>
        <dynamicallyLoadedPart node="2|8" linkNode="dummyConnection09" filename="$data/shared/connectionHoses/connectors.i3d"/>
        <dynamicallyLoadedPart node="1|5" linkNode="dummyConnection10" filename="$data/shared/connectionHoses/connectors.i3d"/>		
        <dynamicallyLoadedPart node="0"   linkNode="powerswitchNode"   filename="$data/shared/assets/lights/rudolfHormann/powerSwitch.i3d"/>
        <dynamicallyLoadedPart node="0"   linkNode="redRound_01"   		filename="$data/shared/assets/reflectors/lizard/redRound_01.i3d"/>
        <dynamicallyLoadedPart node="0"   linkNode="whiteRound_01"		filename="$data/shared/assets/reflectors/lizard/whiteRound_01.i3d"/>
        <dynamicallyLoadedPart node="0"   linkNode="yellowRound_01"		filename="$data/shared/assets/reflectors/lizard/yellowRound_01.i3d"/>
        <dynamicallyLoadedPart node="0"   linkNode="powerswitchNode02"   filename="$data/shared/assets/lights/rudolfHormann/powerSwitch.i3d"/>
		
        <dynamicallyLoadedPart node="2" linkNode="stalkWarningBracket_BR"   filename="assets/props.i3d"  />				
        <dynamicallyLoadedPart node="1" linkNode="stalkWarningEU_FL" filename="assets/props.i3d" rotation="0 180 0" />
        <dynamicallyLoadedPart node="0" linkNode="stalkWarningEU_FR" filename="assets/props.i3d" rotation="0 180 0" />
        <dynamicallyLoadedPart node="0" linkNode="stalkWarningEU_BL" filename="assets/props.i3d" rotation="0 180 0" />
        <dynamicallyLoadedPart node="1" linkNode="stalkWarningEU_BR" filename="assets/props.i3d" rotation="0 180 0" />
    </dynamicallyLoadedParts>

    <drivable>
        <steeringWheel node="steeringWheel" indoorRotation="540" outdoorRotation="30" />
        <dashboards>
            <dashboard displayType="ROT" valueType="decelerationAxis" node="pedalBrake" minRot="0 0 0" maxRot="-15 0 0" doInterpolation="true" groups="MOTOR_ACTIVE"/>
            <dashboard displayType="TEXT" valueType="cruiseControl" node="numbersCruiseControl" textColor="0 0 0 1" textSize="0.005" textMask="00.0" font="GENERIC" groups="MOTOR_ACTIVE"/>
            <dashboard displayType="EMITTER" valueType="cruiseControlActive" node="stickerCruiseControlLamp_decal"   baseColor="GREY"       emitColor="GREEN" groups="MOTOR_ACTIVE"/>
        </dashboards>
    </drivable>
	
    <fillUnit>
        <fillUnitConfigurations>
            <fillUnitConfiguration>
                <fillUnits>
                    <fillUnit unitTextOverride="$l10n_unit_literShort" showOnHud="false" showInShop="false" fillTypes="diesel" capacity="625" >
                        <dashboard displayType="ANIMATION" valueType="fillLevel" animName="loadingBarFuel" groups="MOTOR_ACTIVE"/>
                    </fillUnit>
                    <fillUnit unitTextOverride="$l10n_unit_literShort" showOnHud="false" showInShop="false" showOnInfoHud="false" fillTypes="def" capacity="70" >
                        <dashboard displayType="ANIMATION" valueType="fillLevel" animName="loadingBarDef" groups="MOTOR_ACTIVE"/>
                    </fillUnit>
                    <fillUnit unitTextOverride="$l10n_unit_literShort" showOnHud="false" showInShop="false" showOnInfoHud="false" fillTypes="air" capacity="4000" >
                    </fillUnit>
                </fillUnits>
            </fillUnitConfiguration>
        </fillUnitConfigurations>
    </fillUnit>

    <motorized >
        <consumerConfigurations>
            <consumerConfiguration>
                <consumer fillUnitIndex="1" usage="88"  fillType="diesel" />  <!-- usage is per hour at max load and max rpm -->
                <consumer fillUnitIndex="2" usage="9"   fillType="def" />     <!-- usage is per hour at max load and max rpm -->
                <consumer fillUnitIndex="3" usage="250" fillType="air" permanentConsumption="false" refillLitersPerSecond="350" refillCapacityPercentage="0.5" /> <!-- usage per second at full brake power -->
            </consumerConfiguration>
        </consumerConfigurations>

        <differentialConfigurations>
            <differentialConfiguration>
                <differentials>
                    <differential torqueRatio="0.5" maxSpeedRatio="1.5" wheelIndex1="1" wheelIndex2="2"/>
                    <differential torqueRatio="0.5" maxSpeedRatio="1.6" wheelIndex1="3" wheelIndex2="4"/>
                    <differential torqueRatio="0.5" maxSpeedRatio="1.3" differentialIndex1="1" differentialIndex2="2"/>
                </differentials>
            </differentialConfiguration>
        </differentialConfigurations>

        <motorConfigurations>
            <motorConfiguration name="WTVS 1180" hp="1156" price="0">
                <motor torqueScale="5.16" minRpm="850" maxRpm="2200" maxForwardSpeed="41" maxBackwardSpeed="15" brakeForce="15" lowBrakeForceScale="0.22" accelerationLimit="1.8">
                    <torque normRpm="0.45" torque="0.9"/>
                    <torque normRpm="0.5" torque="0.97"/>
                    <torque normRpm="0.59" torque="1"/>
                    <torque normRpm="0.72" torque="1"/>
                    <torque normRpm="0.86" torque="0.88"/>
                    <torque normRpm="1" torque="0.72"/>
                </motor>
                <transmission minForwardGearRatio="14.5" maxForwardGearRatio="300" minBackwardGearRatio="40" maxBackwardGearRatio="300" name="$l10n_info_transmission_cvt"/>
            </motorConfiguration>
        </motorConfigurations>

        <animationNodes>
            <animationNode node="fanEngineLeft" rotSpeed="-2500" rotAxis="3" turnOnFadeTime="1" turnOffFadeTime="1.5" />
            <animationNode node="fanEngineRight" rotSpeed="-2500" rotAxis="3" turnOnFadeTime="1" turnOffFadeTime="1.5" />
        </animationNodes>

        <exhaustEffects>
            <exhaustEffect node="exhaustParticleLeft" filename="$data/effects/exhaust/exhaust.i3d" minRpmColor="0.2 0.2 0.35 0.1" maxRpmColor="0.2 0.2 0.35 1" minRpmScale="0.05" maxRpmScale="0.5" />
            <exhaustEffect node="exhaustParticleRight" filename="$data/effects/exhaust/exhaust.i3d" minRpmColor="0.9 0.9 0.9 0.1" maxRpmColor="0.9 0.9 0.9 0.4" minRpmScale="0.05" maxRpmScale="0.5" />
        </exhaustEffects>

        <dashboards>
            <dashboard displayType="TEXT" valueType="rpm" node="numbersRpm" textColor="0.4508 0.6307 0.7157 1" textSize="0.014" textMask="0000" font="DIGIT" groups="MOTOR_ACTIVE"/>
            <dashboard displayType="TEXT" valueType="speed" node="numbersSpeed1" textColor="0.4508 0.6307 0.7157 1" textSize="0.014" textMask="00.0" font="DIGIT" groups="MOTOR_ACTIVE"/>
            <dashboard displayType="TEXT" valueType="speed" node="numbersSpeed2" textColor="0.4508 0.6307 0.7157 1" textSize="0.014" textMask="00.0" font="DIGIT" groups="MOTOR_ACTIVE"/>
            <dashboard displayType="ANIMATION" valueType="motorTemperature" animName="loadingBarTemperature" minValueAnim="20" maxValueAnim="120" groups="MOTOR_ACTIVE"/>
            <dashboard displayType="ANIMATION" valueType="movingDirection" animName="gearLeverAnim" groups="MOTOR_ACTIVE" interpolationSpeed="0.005" doInterpolation="true"/>
            <dashboard displayType="MULTI_STATE" valueType="ignitionState" node="ignitionKey" doInterpolation="true" groups="MOTOR_ACTIVE">
                <state value="0" rotation="0 0 0"/>
                <state value="1" rotation="0 0 -90"/>
                <state value="2" rotation="0 0 -30"/>
            </dashboard>
        </dashboards>
		
        <motorStartDuration>3400</motorStartDuration>
    </motorized>	

    <animations>
		<animation name="loadingBarTemperature">
			<part node="tempLoadingBar" startTime="0.0" endTime="1.0" startScale="1 0 1" endScale="1 1 1"/>
		</animation>
		<animation name="loadingBarFuel">
			<part node="fuelLoadingBar" startTime="0.0" endTime="1.0" startScale="1 0 1" endScale="1 1 1"/>
		</animation>
		<animation name="loadingBarDef">
			<part node="defLoadingBar" startTime="0.0" endTime="1.0" startScale="1 0 1" endScale="1 1 1"/>
		</animation>
        <animation name="wiperFrontAnimation">
            <part node="wiperFront"     startTime="0.0" endTime="0.5"  startRot="0 0 0" endRot="-3.979 -4.453 -58" />
            <part node="wiperFront"     startTime="0.5" endTime="1.0"  startRot="-3.979 -4.453 -58" endRot="0 0 -116" />

            <sound template="wiper1" startTime="0" endTime="1.0" direction="1"  volumeScale="1.0" pitchScale="1.0" fadeOut="0.1" linkNode="wiperFront"/>
            <sound template="wiper2" startTime="0" endTime="1.0" direction="-1" volumeScale="1.0" pitchScale="1.0" fadeOut="0.1" linkNode="wiperFront"/>
        </animation>
        <animation name="wiperBackAnimation">
            <part node="wiperBack"     startTime="0.0" endTime="0.5"  startRot="0 0 0" endRot="3.979 -4.453 58" />
            <part node="wiperBack"     startTime="0.5" endTime="1.0"  startRot="3.979 -4.453 58" endRot="0 0 116" />

            <sound template="wiper1" startTime="0" endTime="1.0" direction="1"  volumeScale="0.6" pitchScale="0.9" fadeOut="0.1" linkNode="wiperBack"/>
            <sound template="wiper2" startTime="0" endTime="1.0" direction="-1" volumeScale="0.6" pitchScale="0.9" fadeOut="0.1" linkNode="wiperBack"/>
        </animation>
        <animation name="gearLeverAnim">
            <part node="gearLever"     startTime="0.0" endTime="0.25" startTrans="0.01 0 -0.038" endTrans="-0.008 0 -0.038" />
            <part node="gearLever"     startTime="0.25" endTime="0.5" startTrans="-0.008 0 -0.038" endTrans="0 0 -0.076" />
            <part node="gearLever"     startTime="0.5" endTime="0.75" startTrans="0 0 -0.076" endTrans="-0.019 0 -0.006" />
            <part node="gearLever"     startTime="0.75" endTime="1.0" startTrans="-0.019 0 -0.006" endTrans="0 0 0" />
        </animation>
        <animation name="folding">		
            <part node="cabinGroup"	startTime="5.0" endTime="7.5" startRot="0 0 0" endRot="0 50 0" startTrans="8.14 0.625 2.067" endTrans="8.14 0.625 0.884"/>
            <part node="cabinGroup"	startTime="13.5" endTime="14.5" startRot="0 50 0" endRot="0 90 0" />			
			<!-- front EU signs -->
            <part node="stalkWarningEU_FL"  		startTime="12.5" endTime="13.5" startRot="0 0 0" endRot="90 0 0" />
            <part node="stalkWarningEU_FR"  		startTime="12.5" endTime="13.5" startRot="0 0 0" endRot="90 0 0" />			
<!-- one  -->
            <part node="frameGroup"  		startTime="1" endTime="8" startRot="0 0 0" endRot="0 -90 0" />			
            <part node="transFrontLeft"		startTime="1" endTime="8" startRot="0 0 0" endRot="0 90 0" />
            <part node="transBackRight"		startTime="1" endTime="8" startRot="0 0 0" endRot="0 90 0" />
			
            <part node="transFrontRight"  	startTime="1" endTime="8" startRot="0 0 0" endRot="0 25 0" />
            <part node="transBackLeft"  	startTime="1" endTime="8" startRot="0 0 0" endRot="0 25 0" />
			
            <part node="wheelFrontRight"	startTime="1" endTime="8" startRot="0 0 0" endRot="-720 0 0" />
            <part node="wheelBackLeft"		startTime="1" endTime="8" startRot="0 0 0" endRot="720 0 0" />
            <part node="wheelFrontRight"	startTime="8.001" endTime="8.002" startRot="-720 0 0" endRot="0 0 0" />
            <part node="wheelBackLeft"		startTime="8.001" endTime="8.002" startRot="720 0 0" endRot="0 0 0" />			
<!-- two -->
            <part node="supportArmLeft"  	startTime="8.001" endTime="9.0" startRot="0 0 0" endRot="0 0 -179" />
            <part node="supportArmRight"  	startTime="8.001" endTime="9.0" startRot="0 0 0" endRot="0 0 179" />
            <part node="supportFootLeft"  	startTime="9.0" endTime="10" startTrans="0.119 0.041 -0.002" endTrans="0.119 0.499 -0.002" />
            <part node="supportFootRight"  	startTime="9.0" endTime="10" startTrans="-0.119 0.041 0.002" endTrans="-0.119 0.499 0.002" />
			
            <part node="transFrontRight"  	startTime="10.10" endTime="12" startRot="0 25 0" endRot="0 -90 0" />
            <part node="transBackLeft"  	startTime="10.10" endTime="12" startRot="0 25 0" endRot="0 -90 0" />          
		  
            <part node="transFrontRight"  	startTime="12.001" endTime="12.002" startTrans="-6.45 1.299 1.995" endTrans="6.45 1.299 -0.24" />
            <part node="transBackLeft"  	startTime="12.001" endTime="12.002" startTrans="6.45 1.299 -0.24" endTrans="-6.45 1.299 1.995" />			
            <part node="transFrontRight"  	startTime="12.003" endTime="12.004" startRot="0 -90 0" endRot="0 90 0" />
            <part node="transBackLeft"  	startTime="12.003" endTime="12.004" startRot="0 -90 0" endRot="0 90 0" />			
<!-- three -->
            <part node="supportArmLeft"  	startTime="13.005" endTime="14" startRot="0 0 -179" endRot="0 0 0" />
            <part node="supportArmRight"  	startTime="13.005" endTime="14" startRot="0 0 179" endRot="0 0 0" />			
            <part node="supportFootLeft"  	startTime="12.005" endTime="13" startTrans="0.119 0.499 -0.002" endTrans="0.119 0.041 -0.002" />
            <part node="supportFootRight"  	startTime="12.005" endTime="13" startTrans="-0.119 0.499 0.002" endTrans="-0.119 0.041 0.002" />			
			<!-- AI Node -->
            <part node="aiCollisionNode"  	startTime="0" endTime="0.01" startRot="0 0 0" endRot="0 90 0" startTrans="0 1.269 2.776" endTrans="10.271 1.269 0.861" />			
			<!-- turn lights -->
			<part node="stalkLightFLTLSwitch"   startTime="12.999" endTime="13" startScale="0 0 0" endScale="1 1 1" />
			<part node="stalkLightFLTL"    		startTime="12.999" endTime="13" startScale="1 1 1" endScale="0 0 0" />
			<part node="stalkLightFRTLSwitch"   startTime="12.999" endTime="13" startScale="0 0 0" endScale="1 1 1" />
			<part node="stalkLightFRTL"    		startTime="12.999" endTime="13" startScale="1 1 1" endScale="0 0 0" />
			<part node="stalkLightBLTLSwitch"   startTime="12.999" endTime="13" startScale="0 0 0" endScale="1 1 1" />
			<part node="stalkLightBLTL"    		startTime="12.999" endTime="13" startScale="1 1 1" endScale="0 0 0" />
			<part node="stalkLightBRTLSwitch"   startTime="12.999" endTime="13" startScale="0 0 0" endScale="1 1 1" />
			<part node="stalkLightBRTL"    		startTime="12.999" endTime="13" startScale="1 1 1" endScale="0 0 0" />		
			
<!-- reverse_beep_01 -->
            <sound file="$data/sounds/vehicles/reverse_beep/reverse_beep_01.wav" startTime="0" endTime="14" innerRadius="1.0" outerRadius="70.0" fadeOut="0.05" linkNode="frameGroup"/>
            <sound template="metalOpen"          startTime="0.01" direction="1"  volumeScale="1.1" pitchScale="2"/>
        </animation>			
        <animation name="enterAnimation" soundVolumeFactor="1.8">
            <part node="ladderLockArm01" 	startTime="2.4" endTime="2.5" startRot="0 0 -52.992" endRot="0 -10.095 -52.992" />
            <part node="ladderLockArm01" 	startTime="1.9" endTime="2.1" startRot="0 -10.095 -52.992" endRot="0 0 -52.992" />
            <part node="ladderPart01" 		startTime="1.5" endTime="2.4" startRot="0 0 0" endRot="0 0 115" />
            <part node="ladderPart02" 		startTime="1.5" endTime="2.4" startRot="0 0 0" endRot="0 0 -115" />
            <part node="ladderPart03" 		startTime="1.5" endTime="2.4" startRot="0 0 0" endRot="0 0 115" />
            <part node="ladderUnlockArm" 	startTime="1.3" endTime="1.4" startRot="0 0 0" endRot="-10 0 0" />
            <part node="ladderRot" 			startTime="0.0" endTime="1.3" startRot="0 0 0" endRot="0 -90 0" />
            <part node="ladderRailing" 		startTime="0.0" endTime="1.3" startRot="0 0 0" endRot="0 -90 0" />
            <part node="ladderRalingFront" 	startTime="0.0" endTime="0.5" startRot="0 0 0" endRot="0 -90 0" />
            <part node="ladderUnlockArm" 	startTime="1.0" endTime="1.1" startRot="-10 0 0" endRot="0 0 0" />

            <sound template="slideOpen"  startTime="1.5"  direction="1"  volumeScale="1.7" pitchScale="1.0" linkNodeOffset="1.6 2 2.6"/>
            <sound template="slideClose" startTime="2.49" direction="-1" volumeScale="1.7" pitchScale="1.4" linkNodeOffset="1.6 2 2.6"/>
            <sound template="slideClose" startTime="0.01" direction="1"  volumeScale="1.7" pitchScale="1.0" linkNodeOffset="1.6 2 2.6"/>
            <sound template="slideOpen"  startTime="1.3"  direction="-1" volumeScale="1.7" pitchScale="0.7" linkNodeOffset="1.6 2 2.6"/>
            <sound template="metalClose" startTime="0.01" direction="-1" volumeScale="0.9" pitchScale="2.5" linkNodeOffset="1.6 2 2.6"/>
            <sound template="metalOpen"  startTime="0.01" direction="1"  volumeScale="1.2" pitchScale="2.5" linkNodeOffset="1.6 2 2.6"/>
        </animation>
    </animations>

    <foldable>
	    <foldingConfigurations>
		    <foldingConfiguration>
                <foldingParts startMoveDirection="0" allowUnfoldingByAI="false" negDirectionText="$l10n_input_CHANGE_DRIVING_DIRECTION" posDirectionText="$l10n_input_CHANGE_DRIVING_DIRECTION" >
                    <foldingPart animationName="folding" speedScale="1" />
                </foldingParts>
				<objectChange centerOfMassInactive="0 0.2 5.1" node="rootNode" />	<!-- frameGroup centerOfMassActive="0 0.2 1.063" -->
		    </foldingConfiguration>
        </foldingConfigurations>
    </foldable>

    <wipers>
        <wiper animName="wiperFrontAnimation" >
            <state animSpeed="1.0" animPause="2.0" />
            <state animSpeed="1.0" animPause="0.0" />
            <state animSpeed="1.10" animPause="0.0" />
        </wiper>
        <wiper animName="wiperBackAnimation" >
            <state animSpeed="1.0" animPause="2.0" />
        </wiper>
    </wipers>

    <suspensions>
        <suspension node="cabinRot"          weight="400" minRotation="-5 0 -5" maxRotation="5 0 5" suspensionParametersX="200 17" suspensionParametersZ="200 17" />
        <suspension node="seat"              weight="150" minTranslation="-0.05 -0.15 0.0" maxTranslation="0.05 0.15 0.0" suspensionParametersX="20 4" suspensionParametersY="5 1" suspensionParametersZ="20 4" />
        <suspension useCharacterTorso="true" weight="90"  minRotation="0 -5 -5" maxRotation="0 5 5" suspensionParametersY="7 1" suspensionParametersZ="7 1" />
    </suspensions>

    <cylindered>
        <movingTools>
            <movingTool node="transFrontLeft" wheelIndices="1" />
            <movingTool node="transFrontRight" wheelIndices="2" />
            <movingTool node="transBackLeft" wheelIndices="3" />
            <movingTool node="transBackRight" wheelIndices="4" />
            <movingTool node="frameGroup"  >
				<attacherJoint jointIndices="1"/>
			</movingTool>
            <movingTool node="attacherJointFront"  />
            <movingTool node="supportArmLeft"  />
            <movingTool node="supportArmRight"  />

            <movingTool node="ladderPart01">
                <dependentPart node="ladderPart01Hydraulic" />
                <dependentPart node="ladderPullArm" />
            </movingTool>

            <movingTool node="ladderLockArm01">
                <dependentPart node="ladderLockArm02" />
                <dependentPart node="ladderLockArm03" />
            </movingTool>

            <movingTool node="ladderRot">
                <dependentPart node="ladderHydraulic" />
                <dependentPart node="ladderRailingOrientation" />
            </movingTool>
        </movingTools>
        <movingParts>
            <!-- ladder -->
            <movingPart node="ladderPullArm" referencePoint="ladderPullArmRef" referenceFrame="ladderPullArmRef"/>
            <movingPart node="ladderLockArm02" referencePoint="ladderLockArm02Ref" referenceFrame="ladderLockArm02Ref"/>
            <movingPart node="ladderLockArm03" referencePoint="ladderLockArm03Ref" referenceFrame="ladderLockArm03Ref"/>
            <movingPart node="ladderHydraulic" referencePoint="ladderHydraulicRef" referenceFrame="ladderHydraulicRef">
                <translatingPart node="ladderHydraulicPunch" />
            </movingPart>
            <movingPart node="ladderRailingOrientation" referencePoint="ladderRailingOrientationRef" referenceFrame="ladderRailingOrientationRef"/>
			<!-- cab support -->
            <movingPart node="cabArmCylinder" referencePoint="cabArmCylinderRef" referenceFrame="cabArmCylinderRefFrame" isActiveDirty="true" maxUpdateDistance="150">
                <translatingPart node="cabArmPunch" />
            </movingPart>
            <movingPart node="cabArm" referencePoint="cabArmRef" referenceFrame="cabArmRefFrame" isActiveDirty="true" maxUpdateDistance="150">
            </movingPart>
            <movingPart node="cabCylinder" referencePoint="cabCylinderRef" referenceFrame="cabCylinderRefFrame" isActiveDirty="true" maxUpdateDistance="150" >
                <translatingPart node="cabCylinderPunch" />
            </movingPart>
            <movingPart node="turretMount" referencePoint="cabCylinderRefFrame" referenceFrame="turretMountRefFrame" isActiveDirty="true" maxUpdateDistance="150">
            </movingPart>
            <movingPart node="seatRubber" referencePoint="seatRefNode" referenceFrame="seatRefNode" scaleZ="true" isActiveDirty="true" maxUpdateDistance="150"/>			
        </movingParts>
    </cylindered>

    <dashboard>
        <groups>
            <group name="MOTOR_STARTING" isMotorStarting="true"/>
            <group name="MOTOR_ACTIVE"   isMotorStarting="true" isMotorRunning="true"/>
        </groups>

        <default>
            <dashboard displayType="VISIBILITY" node="warningSigns_decal_start" groups="MOTOR_STARTING" />
            <dashboard displayType="VISIBILITY" node="numbers"  groups="MOTOR_ACTIVE" />
            <dashboard displayType="VISIBILITY" node="dashboards"  groups="MOTOR_ACTIVE" />
            <dashboard displayType="VISIBILITY" node="stickerCruiseControlLamp_decal"  groups="MOTOR_ACTIVE" />
            <dashboard displayType="EMITTER" node="dashboardMonitorDecal" idleValue="-1" intensity="0.3" groups="MOTOR_ACTIVE" />
            <dashboard displayType="EMITTER" node="dashboardFrameDecal" idleValue="-1" intensity="0.3" groups="MOTOR_ACTIVE" />
        </default>
    </dashboard>

    <ai>
        <collisionNode node="aiCollisionNode" />
    </ai>

    <foliageBending>
        <bendingNode minX="-0.87" maxX="0.87" minZ="-1.2" maxZ="1.2" yOffset="1.8" node="cabinGroup" />
        <bendingNode minX="-6.2" maxX="6.3" minZ="-1.1" maxZ="0.28" yOffset="1.2" node="frameGroup" />
        <bendingNode minX="-0.4" maxX="0.4" minZ="-1.4" maxZ="1.4" yOffset="-0.8" node="leftSideFoliageBending" />
        <bendingNode minX="-0.3" maxX="0.7" minZ="-0.2" maxZ="2" yOffset="-0.6" node="axisFrontLeft" />
        <bendingNode minX="0.3" maxX="-0.7" minZ="-0.2" maxZ="2" yOffset="-0.6" node="axleFrontRight" />
        <bendingNode minX="-0.3" maxX="0.7" minZ="-2" maxZ="0.2" yOffset="-0.6" node="axleBackLeft" />
        <bendingNode minX="-0.7" maxX="0.3" minZ="-2" maxZ="0.2" yOffset="-0.6" node="axleBackRight" />
    </foliageBending>

    <baseMaterial>
        <material name="wsvsTractor_mat" baseNode="axleFrontRight">
            <shaderParameter name="colorMat0" value="ROPA_DARKGRAY"/>
            <shaderParameter name="colorMat1" value="ROPA_DARKGRAY"/>
            <shaderParameter name="colorMat2" value="ROPA_DARKGRAY"/>
        </material>
        <material name="bredalGrid_mat" baseNode="grid_Bredal_0">
            <shaderParameter name="colorMat0" value="ROPA_DARKGRAY"/>
        </material>		
        <material name="series9RX_mat" baseNode="cab_vis">
            <shaderParameter name="colorMat1" value="ROPA_DARKGRAY"/>
        </material>
    </baseMaterial>

    <baseMaterialConfigurations price="50" useDefaultColors="true" defaultColorIndex="5" title="$l10n_configuration_designColor">
        <material name="wsvsTractor_mat" 			shaderParameter="colorMat2" />
        <material name="wsvsTractor_mat" 			shaderParameter="colorMat1" />

        <baseMaterialConfiguration	name="Lizard %s" params="$l10n_ui_colorBlue"		color="LIZARD_BLUE1"/>
        <baseMaterialConfiguration	name="Lizard %s" params="$l10n_ui_colorBlueLight"	color="LIZARD_BLUE2"/>
        <baseMaterialConfiguration	name="Lizard %s" params="$l10n_ui_colorGrey"		color="LIZARD_BLUE3"/>
        <baseMaterialConfiguration	name="Lizard %s" params="$l10n_ui_colorBeige"		color="LIZARD_ECRU1"/>
        <baseMaterialConfiguration	name="Lizard Olive"									color="LIZARD_OLIVE1"/>
        <baseMaterialConfiguration	name="Lizard %s" params="$l10n_ui_colorRed"			color="LIZARD_RED1"/>
    </baseMaterialConfigurations>

	<designMaterialConfigurations  useDefaultColors="true" defaultColorIndex="6" title="$l10n_configuration_baseColor">
        <material name="wsvsTractor_mat" 			shaderParameter="colorMat0" />
        <material name="bredalGrid_mat" 			shaderParameter="colorMat0" />		
        <material name="series9RX_mat" 				shaderParameter="colorMat1" />

        <designMaterialConfiguration 	name="Lizard %s" params="$l10n_ui_colorBlue"		color="LIZARD_BLUE1"/>
        <designMaterialConfiguration 	name="Lizard %s" params="$l10n_ui_colorBlueLight"	color="LIZARD_BLUE2"/>
        <designMaterialConfiguration 	name="Lizard %s" params="$l10n_ui_colorGrey"		color="LIZARD_BLUE3"/>
        <designMaterialConfiguration 	name="Lizard %s" params="$l10n_ui_colorBeige"		color="LIZARD_ECRU1"/>
        <designMaterialConfiguration 	name="Lizard Olive"									color="LIZARD_OLIVE1"/>
        <designMaterialConfiguration 	name="Lizard %s" params="$l10n_ui_colorRed"			color="LIZARD_RED1"/>
    </designMaterialConfigurations>

    <rimColorConfigurations useDefaultColors="true">
        <rimColorConfiguration name="$l10n_ui_colorChrome" color="SHARED_WHITE2" material="3" price="0"/>
        <rimColorConfiguration name="$l10n_configuration_materialSteel" color="SHARED_WHITE1" material="8" price="0"/>
    </rimColorConfigurations>

    <wearable wearDuration="480" workMultiplier="5" fieldMultiplier="2"/>
    <washable dirtDuration="90" washDuration="1" workMultiplier="3" fieldMultiplier="2"/>

	<i3dMappings>
		<i3dMapping id="rootNode" node="0>" />
		<i3dMapping id="frameGroup" node="0>0" />
		<i3dMapping id="exhaustParticleLeft" node="0>0|0|0" />
		<i3dMapping id="exhaustParticleRight" node="0>0|0|1" />
		<i3dMapping id="attacherJointFront" node="0>0|1|0" />
		<i3dMapping id="cabinGroup" node="0>0|2" />
		<i3dMapping id="cabinRot" node="0>0|2|0" />
		<i3dMapping id="numbers" node="0>0|2|0|0|0" />
		<i3dMapping id="numbersSpeed1" node="0>0|2|0|0|0|0" />
		<i3dMapping id="numbersSpeed2" node="0>0|2|0|0|0|1" />
		<i3dMapping id="numbersRpm" node="0>0|2|0|0|0|2" />
		<i3dMapping id="defLoadingBar" node="0>0|2|0|0|0|3|0" />
		<i3dMapping id="fuelLoadingBar" node="0>0|2|0|0|0|3|1" />
		<i3dMapping id="tempLoadingBar" node="0>0|2|0|0|0|3|2" />
		<i3dMapping id="turnlightLeft01_decal" node="0>0|2|0|0|0|4" />
		<i3dMapping id="turnlightRight01_decal" node="0>0|2|0|0|0|5" />
		<i3dMapping id="highBeamIconDecal" node="0>0|2|0|0|0|6" />
		<i3dMapping id="warningSigns_decal_start" node="0>0|2|0|0|0|8" />
		<i3dMapping id="seat" node="0>0|2|0|1" />
		<i3dMapping id="playerSkin" node="0>0|2|0|1|0" />
		<i3dMapping id="dashboardMonitorDecal" node="0>0|2|0|1|1|1" />
		<i3dMapping id="anySticker02_decal" node="0>0|2|0|1|1|3" />
		<i3dMapping id="anySticker01_decal" node="0>0|2|0|1|2" />
		<i3dMapping id="stickerCruiseControlLamp_decal" node="0>0|2|0|1|3" />
		<i3dMapping id="hazardlight_decal" node="0>0|2|0|1|4|0" />
		<i3dMapping id="hazardlightLamp_decal" node="0>0|2|0|1|4|1" />
		<i3dMapping id="worklightFront_decal" node="0>0|2|0|1|4|2" />
		<i3dMapping id="worklightFrontLamp_decal" node="0>0|2|0|1|4|3" />
		<i3dMapping id="worklightBack_decal" node="0>0|2|0|1|4|4" />
		<i3dMapping id="worklightBackLamp_decal" node="0>0|2|0|1|4|5" />
		<i3dMapping id="beaconlight_decal" node="0>0|2|0|1|4|6" />
		<i3dMapping id="beaconlightLamp_decal" node="0>0|2|0|1|4|7" />
		<i3dMapping id="dashboards" node="0>0|2|0|1|5" />
		<i3dMapping id="numbersTime" node="0>0|2|0|1|5|0" />
		<i3dMapping id="numbersCruiseControl" node="0>0|2|0|1|5|1" />
		<i3dMapping id="numbersOperatingTime" node="0>0|2|0|1|5|2" />
		<i3dMapping id="gearLever" node="0>0|2|0|1|8|0" />
		<i3dMapping id="playerRightHandTarget" node="0>0|2|0|1|8|0|0" />
		<i3dMapping id="seatRefNode" node="0>0|2|0|1|9" />
		<i3dMapping id="playerRightFootTarget" node="0>0|2|0|2|0" />
		<i3dMapping id="playerLeftFootTarget" node="0>0|2|0|2|1" />
		<i3dMapping id="steeringWheel" node="0>0|2|0|3|0|0" />
		<i3dMapping id="playerLeftHandTarget" node="0>0|2|0|3|0|0|2" />
		<i3dMapping id="ignitionKey" node="0>0|2|0|3|2|0" />
		<i3dMapping id="leverTurnlight" node="0>0|2|0|3|3|0" />
		<i3dMapping id="worklightFrontStatic02" node="0>0|2|0|4|0" />
		<i3dMapping id="lightsPlateGlass_static" node="0>0|2|0|4|1|0" />
		<i3dMapping id="config_eu_lights" node="0>0|2|0|4|2" />
		<i3dMapping id="worklightFrontStatic01" node="0>0|2|0|4|2|0" />
		<i3dMapping id="worklightBackStatic02" node="0>0|2|0|4|2|1" />
		<i3dMapping id="config_us_lights" node="0>0|2|0|4|3" />
		<i3dMapping id="worklightFrontStatic01_us" node="0>0|2|0|4|3|0" />
		<i3dMapping id="worklightBackStatic01_us" node="0>0|2|0|4|3|1" />
		<i3dMapping id="turnLightLeftUS_static" node="0>0|2|0|4|3|2" />
		<i3dMapping id="turnLightRightUS_static" node="0>0|2|0|4|3|3" />
		<i3dMapping id="mirror1Decal" node="0>0|2|0|5|0" />
		<i3dMapping id="mirror2Decal" node="0>0|2|0|5|1" />
		<i3dMapping id="mirror3Decal" node="0>0|2|0|5|2" />
		<i3dMapping id="wiperFront" node="0>0|2|0|6|0" />
		<i3dMapping id="wiperBack" node="0>0|2|0|6|1" />
		<i3dMapping id="pedalBrake" node="0>0|2|0|7|0" />
		<i3dMapping id="playerRightFootTargetBrake" node="0>0|2|0|7|0|0" />
		<i3dMapping id="dashboardFrameDecal" node="0>0|2|0|8|4" />
		<i3dMapping id="anySticker03_decal" node="0>0|2|0|8|7" />
		<i3dMapping id="cab_vis" node="0>0|2|0|8|8" />
		<i3dMapping id="beaconLightLeft" node="0>0|2|0|11" />
		<i3dMapping id="beaconLightRight" node="0>0|2|0|12" />
		<i3dMapping id="licensePlateBack" node="0>0|2|0|13" />
		<i3dMapping id="outdoorCameraTarget" node="0>0|2|0|14|0" />
		<i3dMapping id="outdoorCamera1" node="0>0|2|0|14|0|0" />
		<i3dMapping id="indoorCamera1" node="0>0|2|0|14|1" />
		<i3dMapping id="cameraRaycastNode1" node="0>0|2|0|14|2" />
		<i3dMapping id="cameraRaycastNode2" node="0>0|2|0|14|3" />
		<i3dMapping id="cameraRaycastNode3" node="0>0|2|0|14|4" />
		<i3dMapping id="shadowFocusBox" node="0>0|2|0|14|5" />  
		<i3dMapping id="workLightFrontLow" node="0>0|2|0|15|0|0" />
		<i3dMapping id="workLightBackLow" node="0>0|2|0|15|0|1" />
		<i3dMapping id="workLightFrontHigh1" node="0>0|2|0|15|0|2" />
		<i3dMapping id="workLightBackHigh1" node="0>0|2|0|15|0|3" />
		<i3dMapping id="licensePlateLightHigh" node="0>0|2|0|15|1" />
		<i3dMapping id="groundLight" node="0>0|2|0|15|2" />
		<i3dMapping id="groundLightReal" node="0>0|2|0|15|2|0" />
		<i3dMapping id="seatRubber" node="0>0|2|0|17" />
		<i3dMapping id="ladderRailing" node="0>0|2|1|0|0" />
		<i3dMapping id="ladderRailingOrientation" node="0>0|2|1|0|0|0" />
		<i3dMapping id="ladderRalingFront" node="0>0|2|1|0|1|0" />
		<i3dMapping id="ladderRot" node="0>0|2|1|1|0" />
		<i3dMapping id="ladderHydraulic" node="0>0|2|1|1|0|0" />
		<i3dMapping id="ladderHydraulicPunch" node="0>0|2|1|1|0|0|0" />
		<i3dMapping id="ladderPart01" node="0>0|2|1|1|0|1|3|0" />
		<i3dMapping id="ladderPart02" node="0>0|2|1|1|0|1|3|0|0" />
		<i3dMapping id="ladderPart01Hydraulic" node="0>0|2|1|1|0|1|3|0|1" />
		<i3dMapping id="ladderPullArm" node="0>0|2|1|1|0|1|3|0|2" />
		<i3dMapping id="ladderPart03" node="0>0|2|1|1|0|1|3|1" />
		<i3dMapping id="ladderLockArm01" node="0>0|2|1|1|0|1|3|2" />
		<i3dMapping id="ladderLockArm02" node="0>0|2|1|1|0|1|3|2|0" />
		<i3dMapping id="ladderLockArm03" node="0>0|2|1|1|0|1|3|2|1" />
		<i3dMapping id="ladderLockArm02Ref" node="0>0|2|1|1|0|1|3|3" />
		<i3dMapping id="ladderLockArm03Ref" node="0>0|2|1|1|0|1|3|4" />
		<i3dMapping id="ladderPullArmRef" node="0>0|2|1|1|0|1|3|5" />
		<i3dMapping id="ladderRailingOrientationRef" node="0>0|2|1|1|0|1|3|7" />
		<i3dMapping id="ladderUnlockArm" node="0>0|2|1|2" />
		<i3dMapping id="ladderHydraulicRef" node="0>0|2|1|3" />
		<i3dMapping id="enterExit" node="0>0|2|1|4" />
		<i3dMapping id="cabArmRef" node="0>0|2|2|4|0" />
		<i3dMapping id="turretMount" node="0>0|2|2|4|1" />
		<i3dMapping id="cabCylinderRef" node="0>0|2|2|4|1|0" />
		<i3dMapping id="turretMountRefFrame" node="0>0|2|2|4|2" />
		<i3dMapping id="gpsNode" node="0>0|3|0|0" />
		<i3dMapping id="antennaNode" node="0>0|3|0|1" />
		<i3dMapping id="beaconNode" node="0>0|3|0|0|0" />  
		<i3dMapping id="stalkLightFLWork" node="0>0|4|0" />
		<i3dMapping id="stalkLightFLWorkLow" node="0>0|4|0|0" />
		<i3dMapping id="stalkLightFLWorkHigh" node="0>0|4|0|1" />
		<i3dMapping id="cameraNode01" node="0>0|4|0|2" />  
		<i3dMapping id="stalkLightFRWork" node="0>0|4|1" />
		<i3dMapping id="stalkLightFRWorkLow" node="0>0|4|1|0" />
		<i3dMapping id="stalkLightFRWorkHigh" node="0>0|4|1|1" />
		<i3dMapping id="stalkLightFRSideWork" node="0>0|4|2" />
		<i3dMapping id="stalkLightFRSideWorkLow" node="0>0|4|2|0" />
		<i3dMapping id="stalkLightFRSideWorkHigh" node="0>0|4|2|1" />
		<i3dMapping id="stalkLightBLWork" node="0>0|4|3" />
		<i3dMapping id="stalkLightBLWorkLow" node="0>0|4|3|0" />
		<i3dMapping id="stalkLightBLWorkHigh" node="0>0|4|3|1" />
		<i3dMapping id="cameraNode02" node="0>0|4|3|2" />  
		<i3dMapping id="stalkLightBRWork" node="0>0|4|4" />
		<i3dMapping id="stalkLightBRWorkLow" node="0>0|4|4|0" />
		<i3dMapping id="stalkLightBRWorkHigh" node="0>0|4|4|1" />
		<i3dMapping id="stalkLightBRSideWork" node="0>0|4|5" />
		<i3dMapping id="stalkLightBRSideWorkLow" node="0>0|4|5|0" />
		<i3dMapping id="stalkLightBRSideWorkHigh" node="0>0|4|5|1" />
		<i3dMapping id="transFrontLeft" node="0>0|5|0" />
		<i3dMapping id="axisFrontLeft" node="0>0|5|0|0" />
		<i3dMapping id="wheelFrontLeft" node="0>0|5|0|0|0" />
		<i3dMapping id="stalkLightFLTL" node="0>0|5|0|0|1|0" />
		<i3dMapping id="stalkLightFLTLReal" node="0>0|5|0|0|1|0|0" />
		<i3dMapping id="stalkLightFLTLSwitch" node="0>0|5|0|0|1|1" />
		<i3dMapping id="stalkLightFLTLSwitchReal" node="0>0|5|0|0|1|1|0" />
		<i3dMapping id="stalkLightFLLowBeam" node="0>0|5|0|0|1|2" />
		<i3dMapping id="stalkLightFLLowBeamLow" node="0>0|5|0|0|1|2|0" />
		<i3dMapping id="stalkLightFLLowBeamHigh" node="0>0|5|0|0|1|2|1" />
		<i3dMapping id="stalkLightFLMarker" node="0>0|5|0|0|1|3" />
		<i3dMapping id="stalkLightFLHighBeam" node="0>0|5|0|0|1|4" />
		<i3dMapping id="stalkLightFLHighBeamLow" node="0>0|5|0|0|1|4|0" />
		<i3dMapping id="stalkLightFLHighBeamHigh" node="0>0|5|0|0|1|4|1" />
		<i3dMapping id="stalkLightFLSideMarker" node="0>0|5|0|0|1|5" />
		<i3dMapping id="stalkWarningEU_FL" node="0>0|5|0|0|1|6" />
		<i3dMapping id="transFrontRight" node="0>0|5|1" />
		<i3dMapping id="axleFrontRight" node="0>0|5|1|0" />
		<i3dMapping id="wheelFrontRight" node="0>0|5|1|0|0" />
		<i3dMapping id="stalkLightFRTL" node="0>0|5|1|0|1|0" />
		<i3dMapping id="stalkLightFRTLReal" node="0>0|5|1|0|1|0|0" />
		<i3dMapping id="stalkLightFRTLSwitch" node="0>0|5|1|0|1|1" />
		<i3dMapping id="stalkLightFRTLSwitchReal" node="0>0|5|1|0|1|1|0" />
		<i3dMapping id="stalkLightFRLowBeam" node="0>0|5|1|0|1|2" />
		<i3dMapping id="stalkLightFRLowBeamLow" node="0>0|5|1|0|1|2|0" />
		<i3dMapping id="stalkLightFRLowBeamHigh" node="0>0|5|1|0|1|2|1" />
		<i3dMapping id="stalkLightFRMarker" node="0>0|5|1|0|1|3" />
		<i3dMapping id="stalkLightFRHighBeam" node="0>0|5|1|0|1|4" />
		<i3dMapping id="stalkLightFRHighBeamLow" node="0>0|5|1|0|1|4|0" />
		<i3dMapping id="stalkLightFRHighBeamHigh" node="0>0|5|1|0|1|4|1" />
		<i3dMapping id="stalkLightFRSideMarker" node="0>0|5|1|0|1|5" />
		<i3dMapping id="stalkWarningEU_FR" node="0>0|5|1|0|1|6" />
		<i3dMapping id="transBackLeft" node="0>0|5|2" />
		<i3dMapping id="axleBackLeft" node="0>0|5|2|0" />
		<i3dMapping id="wheelBackLeft" node="0>0|5|2|0|0" />
		<i3dMapping id="stalkLightBLTL" node="0>0|5|2|0|1|0" />
		<i3dMapping id="stalkLightBLTLReal" node="0>0|5|2|0|1|0|0" />
		<i3dMapping id="stalkLightBLTLSwitch" node="0>0|5|2|0|1|1" />
		<i3dMapping id="stalkLightBLTLSwitchReal" node="0>0|5|2|0|1|1|0" />
		<i3dMapping id="stalkLightBLBL" node="0>0|5|2|0|1|2" />
		<i3dMapping id="stalkLightBLBLReal" node="0>0|5|2|0|1|2|0" />
		<i3dMapping id="stalkLightBLReverse" node="0>0|5|2|0|1|3" />
		<i3dMapping id="stalkLightBLReverseReal" node="0>0|5|2|0|1|3|0" />
		<i3dMapping id="stalkLightBLWheelWork" node="0>0|5|2|0|1|4" />
		<i3dMapping id="stalkLightBLWheelWorkLow" node="0>0|5|2|0|1|4|0" />
		<i3dMapping id="stalkLightBLWheelWorkHigh" node="0>0|5|2|0|1|4|1" />
		<i3dMapping id="stalkLightBLSideMarker" node="0>0|5|2|0|1|5" />
		<i3dMapping id="stalkWarningEU_BL" node="0>0|5|2|0|1|6" />
		<i3dMapping id="transBackRight" node="0>0|5|3" />
		<i3dMapping id="axleBackRight" node="0>0|5|3|0" />
		<i3dMapping id="wheelBackRight" node="0>0|5|3|0|0" />
		<i3dMapping id="stalkLightBRTL" node="0>0|5|3|0|1|0" />
		<i3dMapping id="stalkLightBRTLReal" node="0>0|5|3|0|1|0|0" />
		<i3dMapping id="stalkLightBRTLSwitch" node="0>0|5|3|0|1|1" />
		<i3dMapping id="stalkLightBRTLSwitchReal" node="0>0|5|3|0|1|1|0" />
		<i3dMapping id="stalkLightBRBL" node="0>0|5|3|0|1|2" />
		<i3dMapping id="stalkLightBRBLReal" node="0>0|5|3|0|1|2|0" />
		<i3dMapping id="stalkLightBRReverse" node="0>0|5|3|0|1|3" />
		<i3dMapping id="stalkLightBRReverseReal" node="0>0|5|3|0|1|3|0" />
		<i3dMapping id="stalkLightBRWheelWork" node="0>0|5|3|0|1|4" />
		<i3dMapping id="stalkLightBRWheelWorkLow" node="0>0|5|3|0|1|4|0" />
		<i3dMapping id="stalkLightBRWheelWorkHigh" node="0>0|5|3|0|1|4|1" />
		<i3dMapping id="stalkLightBRSideMarker" node="0>0|5|3|0|1|5" />
		<i3dMapping id="stalkWarningEU_BR" node="0>0|5|3|0|1|6" />
		<i3dMapping id="stalkWarningTriangle_BR" node="0>0|5|3|0|1|7" />
		<i3dMapping id="stalkWarningBracket_BR" node="0>0|5|3|0|1|7|0" />
		<i3dMapping id="rotCenterNode" node="0>0|5|4" />
		<i3dMapping id="supportArmLeft" node="0>0|6|0|0" />
		<i3dMapping id="supportFootLeft" node="0>0|6|0|0|0" />
		<i3dMapping id="supportArmRight" node="0>0|6|0|1" />
		<i3dMapping id="supportFootRight" node="0>0|6|0|1|0" />
		<i3dMapping id="decalEU25" node="0>0|6|0|1|1" />
		<i3dMapping id="fanEngineLeft" node="0>0|6|1|0|0" />
		<i3dMapping id="grid_Bredal_0" node="0>0|6|1|2" />
		<i3dMapping id="fanEngineRight" node="0>0|6|2|0|0" />
		<i3dMapping id="cabArm" node="0>0|7|0" />
		<i3dMapping id="cabCylinder" node="0>0|7|0|0" />
		<i3dMapping id="cabCylinderPunch" node="0>0|7|0|0|0" />
		<i3dMapping id="cabCylinderRefFrame" node="0>0|7|0|1" />
		<i3dMapping id="cabArmCylinderRef" node="0>0|7|0|2" />
		<i3dMapping id="cabArmCylinder" node="0>0|7|1" />
		<i3dMapping id="cabArmPunch" node="0>0|7|1|0" />
		<i3dMapping id="cabArmCylinderRefFrame" node="0>0|7|2" />
		<i3dMapping id="cabArmRefFrame" node="0>0|7|3" />
		<i3dMapping id="aiCollisionNode" node="0>0|8|0" />
		<i3dMapping id="leftSideFoliageBending" node="0>0|9|0" />  
		<i3dMapping id="dummyConnection01" node="0>0|10|0" />
		<i3dMapping id="dummyConnection02" node="0>0|10|1" />
		<i3dMapping id="dummyConnection03" node="0>0|10|2" />
		<i3dMapping id="dummyConnection04" node="0>0|10|3" />
		<i3dMapping id="dummyConnection05" node="0>0|10|4" />
		<i3dMapping id="dummyConnection06" node="0>0|10|5" />
		<i3dMapping id="dummyConnection07" node="0>0|10|6" />
		<i3dMapping id="dummyConnection08" node="0>0|10|7" />
		<i3dMapping id="dummyConnection09" node="0>0|10|8" />
		<i3dMapping id="dummyConnection10" node="0>0|10|9" />  
		<i3dMapping id="powerswitchNode" node="0>0|10|10|0" />
		<i3dMapping id="redRound_01" node="0>0|10|10|1" />
		<i3dMapping id="whiteRound_01" node="0>0|10|10|2" />
		<i3dMapping id="yellowRound_01" node="0>0|10|10|3" />
		<i3dMapping id="powerswitchNode02" node="0>0|10|10|4" />  
	</i3dMappings>
</vehicle>
