﻿<?xml version="1.0" encoding="utf-8" standalone="no"?>
<vehicle type="hookLiftTrailer">
    <annotation>Copyright (C) GIANTS Software GmbH, All Rights Reserved.</annotation>

    <storeData>
        <name>
			<en>WSVS Hooklift Trailer</en>
			<de>WSVS Hakenliftanhänger</de>
			<fr>Remorque élévatrice à crochet WSVS</fr>
		</name>
        <specs>
			<combination xmlFilename="wsvsCombine.xml"/>
            <combination filterCategory="trucks" />
        </specs>
        <functions>
            <function>$l10n_function_wsvsHookLift</function>
        </functions>
        <image>store_wsvsTrailer.png</image>
        <price>39000</price>
        <lifetime>600</lifetime>
        <rotation>0</rotation>
        <brand>KRONETRAILER</brand>
        <category>trailers</category>
		
        <vertexBufferMemoryUsage>2512896</vertexBufferMemoryUsage>
        <indexBufferMemoryUsage>360448</indexBufferMemoryUsage>
        <textureMemoryUsage>4784128</textureMemoryUsage>
        <audioMemoryUsage>0</audioMemoryUsage>
        <instanceVertexBufferMemoryUsage>0</instanceVertexBufferMemoryUsage>
        <instanceIndexBufferMemoryUsage>0</instanceIndexBufferMemoryUsage>
    </storeData>

    <base>
        <typeDesc>$l10n_typeDesc_hookLiftTrailer</typeDesc>
        <filename>wsvsTrailer.i3d</filename>
        <size width="3.5" length="9.5" lengthOffset="-0.3"/>
        <components>
            <component centerOfMass="0 0.58 -1.5" solverIterationCount="30" mass="4374"/>
        </components>
        <schemaOverlay attacherJointPosition="0 0" name="IMPLEMENT" />
        <mapHotspot type="TRAILER" />
    </base>

    <wheels>
        <wheelConfigurations>
            <wheelConfiguration name="$l10n_configuration_valueDefault" price="0" brand="CONTINENTAL" saveId="CONTINENTAL_DEFAULT">
                <wheels>
                    <wheel filename="$data/shared/wheels/tires/continental/contiCrossTracHS3/385_65R22_5.xml" isLeft="true" hasTireTracks="true" configId="truckTrailerKrone" >
                        <physics tipOcclusionAreaGroupId="1" restLoad="1.1" repr="wheelFrontLeft"   forcePointRatio="0.5" initialCompression="25" suspTravel="0.075" spring="50" damper="35" yOffset="-0.059" />
                    </wheel>
                    <wheel filename="$data/shared/wheels/tires/continental/contiCrossTracHS3/385_65R22_5.xml" isLeft="false" hasTireTracks="true" configId="truckTrailerKrone" >
                        <physics tipOcclusionAreaGroupId="1" restLoad="1.1" repr="wheelFrontRight"  forcePointRatio="0.5" initialCompression="25" suspTravel="0.075" spring="50" damper="35" yOffset="-0.059" />
                    </wheel>
                    <wheel filename="$data/shared/wheels/tires/continental/contiCrossTracHS3/385_65R22_5.xml" isLeft="true" hasTireTracks="true" hasParticles="true" configId="truckTrailerKrone" >
                        <physics tipOcclusionAreaGroupId="1" restLoad="1.1" repr="wheelMiddleLeft"  forcePointRatio="0.5" initialCompression="25" suspTravel="0.075" spring="50" damper="35" yOffset="-0.027" />
                    </wheel>
                    <wheel filename="$data/shared/wheels/tires/continental/contiCrossTracHS3/385_65R22_5.xml" isLeft="false" hasTireTracks="true" hasParticles="true" configId="truckTrailerKrone" >
                        <physics tipOcclusionAreaGroupId="1" restLoad="1.1" repr="wheelMiddleRight" forcePointRatio="0.5" initialCompression="25" suspTravel="0.075" spring="50" damper="35" yOffset="-0.027" />
                    </wheel>
                    <wheel filename="$data/shared/wheels/tires/continental/contiCrossTracHS3/385_65R22_5.xml" isLeft="true" hasTireTracks="true" hasParticles="true" configId="truckTrailerKrone" >
                        <physics tipOcclusionAreaGroupId="1" restLoad="1.1" repr="wheelBackLeft"    forcePointRatio="0.5" initialCompression="25" suspTravel="0.075" spring="50" damper="35" yOffset="0.006" />
                        <wheelChock parkingNode="wheelChock01_01"/>
                        <wheelChock parkingNode="wheelChock01_02" isInverted="true" />
                    </wheel>
                    <wheel filename="$data/shared/wheels/tires/continental/contiCrossTracHS3/385_65R22_5.xml" isLeft="false" hasTireTracks="true" hasParticles="true" configId="truckTrailerKrone" >
                        <physics tipOcclusionAreaGroupId="1" restLoad="1.1" repr="wheelBackRight"   forcePointRatio="0.5" initialCompression="25" suspTravel="0.075" spring="50" damper="35" yOffset="0.006" />
                    </wheel>
                </wheels>
            </wheelConfiguration>
        </wheelConfigurations>

        <dynamicallyLoadedWheels>
            <dynamicallyLoadedWheel linkNode="extraWheel" filename="$data/shared/wheels/tires/continental/contiCrossTracHS3/385_65R22_5.xml" configId="truckTrailerKrone"/>
        </dynamicallyLoadedWheels>
    </wheels>

    <rimColorConfigurations price="50" useDefaultColors="true" >
        <rimColorConfiguration name="$l10n_ui_colorGrey"   color="SHARED_WHITE1" material="18"/>
		<rimColorConfiguration name="$l10n_ui_colorChrome" color="SHARED_WHITE2" material="3"/>
        <rimColorConfiguration name="$l10n_ui_colorWhite"  color="SHARED_WHITE2" material="0"/>
        <rimColorConfiguration name="$l10n_ui_colorBlack"  color="SHARED_BLACK0" material="0"/>
    </rimColorConfigurations>

    <licensePlates>
        <licensePlate node="0>0|5" position="BACK" preferedType="ELONGATED" placementArea="0.06 0.28 0.09 0.28"/>
    </licensePlates>

    <connectionHoses>
        <hose inputAttacherJointIndices="1" type="airDoubleRed"    node="airRed"    length="1.3" diameter="0.015" minCenterPointOffset="0 0 0.4" maxCenterPointOffset="0 0 2" straighteningFactor="2" isTwoPointHose="false" outgoingAdapter="DEFAULT" socket="air_red"/>
        <hose inputAttacherJointIndices="1" type="airDoubleYellow" node="airYellow" length="1.3" diameter="0.015" minCenterPointOffset="0 0 0.4" maxCenterPointOffset="0 0 2" straighteningFactor="2" isTwoPointHose="false" outgoingAdapter="DEFAULT" socket="air_yellow"/>
        <hose inputAttacherJointIndices="1" type="electric"        node="electric"  length="1.0" diameter="0.008" minCenterPointOffset="0 0 0.4" maxCenterPointOffset="0 0 2" straighteningFactor="2" isTwoPointHose="false" outgoingAdapter="DEFAULT">
            <objectChange node="electricCover" rotationActive="-70 0 0" rotationInactive="0 0 0"/>
        </hose>	
        <target attacherJointIndices="2" type="airDoubleRed" 	node="airDoubleStorage"/>
        <target attacherJointIndices="2" type="airDoubleYellow" node="airDoubleControl"/>
        <target attacherJointIndices="2" type="electric" 		node="backElectric" socket="electric"/>
    </connectionHoses>

    <attachable>
        <inputAttacherJoints>
            <inputAttacherJoint node="attacherJoint" jointType="semitrailer" attacherHeight="1.33" >
                <objectChange node="laserLights" visibilityActive="true" visibilityInactive="false"/>
            </inputAttacherJoint>
        </inputAttacherJoints>
        <support animationName="moveSupport" />
        <brakeForce force="0.8"/>
    </attachable>

    <attacherJoints>
        <attacherJoint node="containerAttacherJoint" jointType="frontloader" >
            <schema invertX="false" position="2.5 0.75" rotation="0"/>
            <attachSound template="TRUCK_ATTACH_01" linkNode="0>" />			
        </attacherJoint>
		<attacherJoint node="trailerAttacherJointBack" jointType="trailer" lowerRotLimit="25 65 50" allowsJointLimitMovement="false" comboTime="1">
			<schema position="1 0" rotation="0" invertX="false" />
		</attacherJoint>
    </attacherJoints>

    <dynamicallyLoadedParts>
        <dynamicallyLoadedPart node="0" linkNode="laserNode01" rotation="22 0 0" rotationNode="0|0" filename="$data/shared/assets/camera_01.i3d"/>
        <dynamicallyLoadedPart node="0" linkNode="laserNode02" rotation="22 0 0" rotationNode="0|0" filename="$data/shared/assets/camera_01.i3d"/>
    </dynamicallyLoadedParts>

    <lights>
        <sharedLight linkNode="yellowRound_02_01"     filename="$data/shared/assets/reflectors/lizard/yellowRound_02.xml" />
        <sharedLight linkNode="yellowRound_02_02"     filename="$data/shared/assets/reflectors/lizard/yellowRound_02.xml" />
        <sharedLight linkNode="sideMarker03_left"     filename="$data/shared/assets/lights/lizard/sideMarker03_left.xml" />
        <sharedLight linkNode="sideMarker03_right"    filename="$data/shared/assets/lights/lizard/sideMarker03_right.xml" />
        <sharedLight linkNode="sideMarker08Orange_01" filename="$data/shared/assets/lights/lizard/sideMarker08Orange.xml" />
        <sharedLight linkNode="sideMarker08Orange_02" filename="$data/shared/assets/lights/lizard/sideMarker08Orange.xml" />
        <sharedLight linkNode="sideMarker08Orange_03" filename="$data/shared/assets/lights/lizard/sideMarker08Orange.xml" />
        <sharedLight linkNode="sideMarker08Orange_04" filename="$data/shared/assets/lights/lizard/sideMarker08Orange.xml" />
        <sharedLight linkNode="sideMarker08Orange_05" filename="$data/shared/assets/lights/lizard/sideMarker08Orange.xml" />
        <sharedLight linkNode="sideMarker08Orange_06" filename="$data/shared/assets/lights/lizard/sideMarker08Orange.xml" />
        <sharedLight linkNode="sideMarker08Orange_07" filename="$data/shared/assets/lights/lizard/sideMarker08Orange.xml" />
        <sharedLight linkNode="sideMarker08Orange_08" filename="$data/shared/assets/lights/lizard/sideMarker08Orange.xml" />
        <sharedLight linkNode="sideMarker08White_01"  filename="$data/shared/assets/lights/lizard/sideMarker08White.xml" />
        <sharedLight linkNode="sideMarker08White_02"  filename="$data/shared/assets/lights/lizard/sideMarker08White.xml" />
        <sharedLight linkNode="hellaWorkingLightSquare_02_01"  filename="$data/shared/assets/lights/hella/hellaWorkingLightSquare_01_reverse.xml" >
            <rotationNode name="rotationNode1" rotation="-70 0 0"/>
        </sharedLight>
        <sharedLight linkNode="hellaWorkingLightSquare_02_02"  filename="$data/shared/assets/lights/hella/hellaWorkingLightSquare_01_reverse.xml" >
            <rotationNode name="rotationNode1" rotation="-70 0 0"/>
        </sharedLight>

        <realLights>
            <high>
                <light node="backLightsHigh1"   lightTypes="0" />
                <light node="licensePlateLightHigh"   lightTypes="0" />
                <brakeLight node="backLightsHigh1" />
                <turnLightLeft node="turnLightLeftBack" />
                <turnLightRight node="turnLightRightBack" />
                <reverseLight node="reverseLightHigh1" />
            </high>
        </realLights>

        <defaultLights>
            <defaultLight shaderNode="defaultLight_static" lightTypes="0" intensity="50"/>
            <defaultLight shaderNode="numberPlateLightsGlass_static" lightTypes="0" />
        </defaultLights>

        <brakeLights>
            <brakeLight shaderNode="brakelight_static" />
        </brakeLights>
		
        <beaconLights>
            <beaconLight node="beacon01"  filename="$data/shared/assets/beaconLights/lizard/beaconLight01.xml" />
            <beaconLight node="beacon02" filename="$data/shared/assets/beaconLights/lizard/beaconLight01.xml" />
        </beaconLights>

        <turnLights>
            <turnLightLeft  shaderNode="turnLightLeft_static" />
            <turnLightRight shaderNode="turnLightRight_static" />
        </turnLights>

        <reverseLights>
            <reverseLight  shaderNode="reverseLight_static" />
        </reverseLights>
    </lights>

   <foldable>
        <foldingConfigurations>
            <foldingConfiguration>
                <foldingParts startMoveDirection="-1" dynamicMountMaxLimit="0" turnOnFoldDirection="-1">
                    <foldingPart animationName="unfoldHand" speedScale="1.0" />
                </foldingParts>
            </foldingConfiguration>
        </foldingConfigurations>
    </foldable>

    <animations>
        <animation name="unfoldHand">
            <part node="handMovePart" 	startTime="0.2" endTime="4.51" startTrans="0 0 -0.863" endTrans="0 0 0"/>
            <part node="handRotPart" 	startTime="0.2" endTime="10" startRot="0 0 0" endRot="-133 0 0"/>
            <part node="jointRot" 		startTime="0.2" endTime="4.51" startRot="0 0 0" endRot="20 0 0"/>
            <part node="jointRot" 		startTime="4.51" endTime="10" startRot="20 0 0" endRot="133 0 0"/>
					
            <part node="supportArm01" 	startTime="0" endTime="1" startTrans="0.10024649 1.278 6.33094978" endTrans="1.96679997 1.278 6.33094978" />
            <part node="supportFoot01" 	startTime="1.1" endTime="2" startTrans="1.26726007 -0.146 0.00122023" endTrans="1.26726007 -1.35 0.00122023" />
            <part node="supportArm02" 	startTime="0" endTime="1" startTrans="0.10024649 1.278 -6.45603991" endTrans="1.96679997 1.278 -6.45603991" />
            <part node="supportFoot02" 	startTime="1.1" endTime="2" startTrans="1.26726019 -0.107 0.00121927" endTrans="1.26726019 -1.05 0.00121927" />
        		
		    <sound template="defaultHydraulicSound" startTime="0.01" endTime="2" volumeScale="1.0" pitchScale="0.7"/>
			<sound template="defaultHydraulicSound" startTime="2.4" endTime="9.99" volumeScale="1.0" pitchScale="0.7"/>			
			<sound file="$data/sounds/animations/impacts/cylinderImpact03.ogg" startTime="2"  direction="1"  volumeScale="1.0" pitchScale="0.9"/>
			<sound file="$data/sounds/animations/impacts/cylinderImpact03.ogg" startTime="2.4"  direction="-1"  volumeScale="1.0" pitchScale="0.9"/>
		    <sound file="$data/sounds/animations/impacts/cylinderImpact03.ogg" startTime="9.99"  direction="1"  volumeScale="1.0" pitchScale="0.9"/>		
		    <sound file="$data/sounds/animations/foldStart/foldStartMedVar02.ogg" startTime="0.05"  direction="1"  volumeScale="1.0" pitchScale="0.9"/>
		    <sound file="$data/sounds/animations/foldStop/foldStopMedVar02.ogg" startTime="2"  direction="1"  volumeScale="1.0" pitchScale="0.9"/>		   
			<sound file="$data/sounds/animations/foldStart/foldStartMedVar01.ogg" startTime="2.4"  direction="1"  volumeScale="1.0" pitchScale="0.9"/>
			<sound file="$data/sounds/animations/foldStop/foldStopMedVar01.ogg" startTime="9.99"  direction="1"  volumeScale="1.0" pitchScale="0.9"/>			
			<sound file="$data/sounds/animations/foldStart/foldStartMedVar02.ogg" startTime="2"  direction="-1"  volumeScale="1.0" pitchScale="0.9"/>
		    <sound file="$data/sounds/animations/foldStop/foldStopMedVar02.ogg" startTime="0.05"  direction="-1"  volumeScale="1.0" pitchScale="0.9"/>		   
			<sound file="$data/sounds/animations/foldStart/foldStartMedVar01.ogg" startTime="9.99"  direction="-1"  volumeScale="1.0" pitchScale="0.9"/>
			<sound file="$data/sounds/animations/foldStop/foldStopMedVar01.ogg" startTime="2.4"  direction="-1"  volumeScale="1.0" pitchScale="0.9"/>
		</animation>
        <animation name="moveSupport">
            <part node="supportArm"       startTime="0.5" endTime="1.0" startTrans="0 0 0" endTrans="0 -0.46 0"/>
            <part node="supportHandleArm" startTime="0" endTime="0.5" startRot="0 0 0" endRot="0 90 0" tangentType="spline"/>
            <part node="supportHandle"    startTime="0.5" endTime="1.0" startRot="0 0 0" endRot="-720 0 0" tangentType="spline"/>
            <part node="supportHandleArm" startTime="1.0" endTime="1.5" startRot="0 90 0" endRot="0 0 0" tangentType="spline"/>

            <sound template="slideOpen" startTime="0.4"  direction="1"  volumeScale="4" pitchScale="1.5" linkNode="attacherJoint"/>
            <sound template="slideOpen" startTime="1"    direction="-1" volumeScale="4" pitchScale="1.5" linkNode="attacherJoint"/>
            <sound template="clackVar6" startTime="0.99" direction="1"  volumeScale="2" pitchScale="0.7" linkNode="attacherJoint"/>
            <sound template="clackVar6" startTime="0.5"  direction="-1" volumeScale="2" pitchScale="0.7" linkNode="attacherJoint"/>
        </animation>
    </animations>

    <cylindered>
        <movingTools>
            <movingTool node="supportArm"/>
            <movingTool node="containerHand" playSound="true">
                <attacherJoint jointIndices="1"/>
                <dependentPart node="containerArmHydraulic"/>
            </movingTool>
            <movingTool node="handRotPart" playSound="true">
                <attacherJoint jointIndices="1"/>
                <dependentPart node="containerArmHydraulic"/>
            </movingTool>
            <movingTool node="handMovePart" playSound="true">
                <attacherJoint jointIndices="1"/>
                <dependentPart node="soundNode"/>
            </movingTool>
            <movingTool node="handLockArm">
                <attacherJoint jointIndices="1"/>
            </movingTool>
        </movingTools>

        <movingParts>
            <movingPart node="containerArmHydraulic" referencePoint="refPoint" referenceFrame="itRunner_main_component1" isActiveDirty="true" maxUpdateDistance="50">
                <translatingPart node="containerArmHydraulicPunch"/>
            </movingPart>
            <movingPart node="soundNode" referencePoint="handMovePart" referenceFrame="itRunner_main_component1" isActiveDirty="true" scaleZ="true" maxUpdateDistance="-"/>
        </movingParts>
    </cylindered>

    <foliageBending>
        <bendingNode minX="-1.35" maxX="1.35" minZ="-4.9" maxZ="2.55" yOffset="0.6" node="0>"/>
    </foliageBending>

    <baseMaterial>
        <material name="profiLiner_mat" baseNode="profiLiner_vis">
            <shaderParameter name="colorMat0" value="KRONE_BLUE5"/>
        </material>
        <material name="profiLinerAlpha_mat" baseNode="alpha">
            <shaderParameter name="colorMat0" value="KRONE_BLUE5"/>
        </material>
    </baseMaterial>

    <baseMaterialConfigurations useDefaultColors="true" price="50" >
		<material name="profiLiner_mat" shaderParameter="colorMat0" />
		<material name="profiLinerAlpha_mat" shaderParameter="colorMat0" />
		
        <baseMaterialConfiguration name="$l10n_ui_colorBlack"  	color="SHARED_BLACK0" 	material="0"/>
        <baseMaterialConfiguration name="$l10n_ui_colorChrome" 	color="SHARED_WHITE2" 	material="3"/>
        <baseMaterialConfiguration name="$l10n_ui_colorGrey"   	color="SHARED_WHITE1" 	material="18"/>
        <baseMaterialConfiguration name="$l10n_ui_colorWhite"  	color="SHARED_WHITE2" 	material="0"/>
        <baseMaterialConfiguration name="Krone"  				color="KRONE_BLUE5" 	material="0"/>
    </baseMaterialConfigurations>

    <ai>
        <allowTurnBackward value="false"/>
		<agentAttachment jointNode="itRunner_main_component1" width="2" height="2" length="6" lengthOffset="2"/>
    </ai>

    <wearable wearDuration="480" workMultiplier="5" fieldMultiplier="2"/>
    <washable dirtDuration="90" washDuration="1" workMultiplier="3" fieldMultiplier="2"/>

    <i3dMappings>
        <i3dMapping id="itRunner_main_component1" node="0>" />
        <i3dMapping id="itrunner_vis" node="0>0" />		
        <i3dMapping id="wheelFrontLeft" node="0>0|0|0" />
        <i3dMapping id="wheelFrontRight" node="0>0|0|1" />
        <i3dMapping id="wheelMiddleLeft" node="0>0|0|2" />
        <i3dMapping id="wheelMiddleRight" node="0>0|0|3" />
        <i3dMapping id="wheelBackLeft" node="0>0|0|4" />
        <i3dMapping id="wheelBackRight" node="0>0|0|5" />
        <i3dMapping id="extraWheel" node="0>0|0|6|0" />
        <i3dMapping id="wheelChock01_01" node="0>0|0|7" />
        <i3dMapping id="wheelChock01_02" node="0>0|0|8" />		
        <i3dMapping id="attacherJoint" node="0>0|1|0" />	
        <i3dMapping id="supportArm" node="0>0|1|1" />
        <i3dMapping id="supportCol" node="0>0|1|1|0" />
        <i3dMapping id="electricCover" node="0>0|1|2|0" />
        <i3dMapping id="electric" node="0>0|1|2|1" />
        <i3dMapping id="airYellow" node="0>0|1|2|2" />
        <i3dMapping id="airRed" node="0>0|1|2|3" />
        <i3dMapping id="supportHandle" node="0>0|1|3" />
        <i3dMapping id="supportHandleArm" node="0>0|1|3|0" />
        <i3dMapping id="containerHand" node="0>0|2|0" />
        <i3dMapping id="handRotPart" node="0>0|2|0|0" />
        <i3dMapping id="handMovePart" node="0>0|2|0|0|0" />
        <i3dMapping id="handLockArm" node="0>0|2|0|0|0|0" />
        <i3dMapping id="jointRot" node="0>0|2|0|0|0|0|0" />
        <i3dMapping id="containerAttacherJoint" node="0>0|2|0|0|0|0|0|0" />
        <i3dMapping id="refPoint" node="0>0|2|0|0|1" />
        <i3dMapping id="soundNode" node="0>0|2|0|1" />
        <i3dMapping id="containerArmHydraulic" node="0>0|2|1" />
        <i3dMapping id="containerArmHydraulicPunch" node="0>0|2|1|0" />		
        <i3dMapping id="sideMarker08White_02" node="0>0|3|0|0" />
        <i3dMapping id="sideMarker08White_01" node="0>0|3|0|1" />
        <i3dMapping id="sideMarker08Orange_08" node="0>0|3|0|2" />
        <i3dMapping id="sideMarker08Orange_07" node="0>0|3|0|3" />
        <i3dMapping id="sideMarker08Orange_06" node="0>0|3|0|4" />
        <i3dMapping id="sideMarker08Orange_05" node="0>0|3|0|5" />
        <i3dMapping id="sideMarker08Orange_04" node="0>0|3|0|6" />
        <i3dMapping id="sideMarker08Orange_03" node="0>0|3|0|7" />
        <i3dMapping id="sideMarker08Orange_02" node="0>0|3|0|8" />
        <i3dMapping id="sideMarker08Orange_01" node="0>0|3|0|9" />
        <i3dMapping id="hellaWorkingLightSquare_02_02" node="0>0|3|0|10" />
        <i3dMapping id="hellaWorkingLightSquare_02_01" node="0>0|3|0|11" />
        <i3dMapping id="yellowRound_02_02" node="0>0|3|0|12" />
        <i3dMapping id="yellowRound_02_01" node="0>0|3|0|13" />
        <i3dMapping id="sideMarker03_left" node="0>0|3|0|14" />
        <i3dMapping id="sideMarker03_right" node="0>0|3|0|15" />
        <i3dMapping id="defaultLight_static" node="0>0|3|1|0" />
        <i3dMapping id="brakelight_static" node="0>0|3|1|1" />
        <i3dMapping id="turnLightLeft_static" node="0>0|3|1|2" />
        <i3dMapping id="turnLightRight_static" node="0>0|3|1|3" />
        <i3dMapping id="reverseLight_static" node="0>0|3|1|4" />
        <i3dMapping id="numberPlateLightsGlass_static" node="0>0|3|1|5" />
        <i3dMapping id="backLightsHigh1" node="0>0|3|2|0" />
        <i3dMapping id="turnLightLeftBack" node="0>0|3|3|0" />
        <i3dMapping id="turnLightRightBack" node="0>0|3|3|1" />
        <i3dMapping id="reverseLightHigh1" node="0>0|3|4|0" />
        <i3dMapping id="licensePlateLightHigh" node="0>0|3|5" />
        <i3dMapping id="beacon01" node="0>0|3|6|0" />
        <i3dMapping id="beacon02" node="0>0|3|6|1" />		
        <i3dMapping id="profiLiner_vis" node="0>0|4|0|0" />
        <i3dMapping id="alpha" node="0>0|4|0|1" />
        <i3dMapping id="trailerAttacherJointBack" node="0>0|4|10|0|0" />
        <i3dMapping id="supportArm01" node="0>0|2|3|0|0|0" />
        <i3dMapping id="supportFoot01" node="0>0|2|3|0|0|0|0" />
        <i3dMapping id="supportArm02" node="0>0|2|3|1|0|0" />
        <i3dMapping id="supportFoot02" node="0>0|2|3|1|0|0|0" />
        <i3dMapping id="laserNode01" node="0>0|3|7|1|0|0" />
        <i3dMapping id="laserNode02" node="0>0|3|7|1|1|0" />
        <i3dMapping id="laserLights" node="0>0|3|7|0" />
        <i3dMapping id="airDoubleStorage" node="0>0|6|0" />
        <i3dMapping id="airDoubleControl" node="0>0|6|1" />
        <i3dMapping id="backElectric" node="0>0|6|2" />
    </i3dMappings>
</vehicle>
