﻿<?xml version="1.0" encoding="utf-8" standalone="no" ?>
<vehicle type="attachableCombineExtended" xmlns:xsi="http://www.w3.org/2001/XMLSchema-instance" xsi:noNamespaceSchemaLocation="../../../../shared/xml/schema/vehicle.xsd">
    <annotation>Copyright (C) GIANTS Software GmbH, All Rights Reserved.</annotation>

    <storeData>
        <name>WSVS HV23</name>
        <specs>
			<combination xmlFilename="wsvsTractor.xml"/>
            <combination xmlFilename="$data/vehicles/johnDeere/headerHD45X/headerHD45X.xml"/>			
            <combination xmlFilename="$data/vehicles/johnDeere/headerC16F/headerC16F.xml"/>
			<combination xmlFilename="wsvsTrailer.xml"/>
        </specs>
        <functions>
            <function>$l10n_function_combine</function>
        </functions>
        <rotation>0</rotation>
        <image>store_wsvsCombine.png</image>
        <price>75000</price>
        <lifetime>600</lifetime>
        <brand>LIZARD</brand>
        <category>misc</category>
        <shopTranslationOffset>0 0 0</shopTranslationOffset>
	
        <vertexBufferMemoryUsage>2492416</vertexBufferMemoryUsage>
        <indexBufferMemoryUsage>371200</indexBufferMemoryUsage>
        <textureMemoryUsage>6553600</textureMemoryUsage>
        <audioMemoryUsage>0</audioMemoryUsage>
        <instanceVertexBufferMemoryUsage>0</instanceVertexBufferMemoryUsage>
        <instanceIndexBufferMemoryUsage>0</instanceIndexBufferMemoryUsage>
    </storeData>

    <base>
        <typeDesc>$l10n_typeDesc_combine</typeDesc>
        <filename>wsvsCombine.i3d</filename>
        <size width="13" length="5.5" />
        <components>
            <component centerOfMass="0 1 1.2" solverIterationCount="10" mass="6762" />
        </components>
        <schemaOverlay attacherJointPosition="-2.5 0" name="IMPLEMENT" />
        <mapHotspot type="IMPLEMENT" />
    </base>

    <attachable>
        <inputAttacherJoints>
            <inputAttacherJoint node="attacherJoint" jointType="implement" lowerRotLimitScale="0 0 0" upperRotLimitScale="0 0 0" upperRotationOffset="0" lowerTransLimitScale="0 0 0" upperTransLimitScale="0 0 0">
                <distanceToGround lower="0.3" upper="0.9" />
            </inputAttacherJoint>
            <inputAttacherJoint node="attacherJoint02" jointType="frontloader" fixedRotation="true" allowFolding="false" allowTurnOn="false" canBeTurnedOn="false" />
        </inputAttacherJoints>
        <support animationName="moveSupport" delayedOnAttach="false" detachAfterAnimation="false"/>
    </attachable>
	
    <attacherJoints>
        <attacherJoint jointType="cutter" node="attacherJointCutter" jointPositionOffset="0 0 -1.8339" lowerTransLimit="0 0 0" lowerRotLimit="0 0 15" lockDownRotLimit="true" moveTime="2.5" comboTime="0">
            <distanceToGround lower="0.96" upper="2.06" />
            <rotationNode node="attacherJointCutterRot" lowerRotation="20 0 0" upperRotation="-15 0 0" startRotation="10 0 0"/>
            <bottomArm rotationNode="feederHouse" referenceNode="feederReferencePoint" startRotation="-11 0 0"/>
            <schema position="1 0" rotation="0" invertX="true" />
            <attachSound template="HEADER_ATTACH_01" linkNode="attacherJointCutter"/>
        </attacherJoint>
    </attacherJoints>
	
    <dynamicallyLoadedParts>
        <dynamicallyLoadedPart node="0" linkNode="camera_01_camera_01" filename="$data/shared/assets/camera_01.i3d"/>
        <dynamicallyLoadedPart node="1|0" linkNode="dummyConnection01" filename="$data/shared/connectionHoses/connectors.i3d"/>
        <dynamicallyLoadedPart node="1|0" linkNode="dummyConnection02" filename="$data/shared/connectionHoses/connectors.i3d"/>
        <dynamicallyLoadedPart node="0|0" linkNode="dummyConnection03" filename="$data/shared/connectionHoses/connectors.i3d"/>
        <dynamicallyLoadedPart node="0|0" linkNode="dummyConnection04" filename="$data/shared/connectionHoses/connectors.i3d"/>
        <dynamicallyLoadedPart node="1|4" linkNode="dummyConnection05" filename="$data/shared/connectionHoses/connectors.i3d"/>
        <dynamicallyLoadedPart node="1|4" linkNode="dummyConnection06" filename="$data/shared/connectionHoses/connectors.i3d"/>
        <dynamicallyLoadedPart node="1|4" linkNode="dummyConnection07" filename="$data/shared/connectionHoses/connectors.i3d"/>
        <dynamicallyLoadedPart node="1|4" linkNode="dummyConnection08" filename="$data/shared/connectionHoses/connectors.i3d"/>
        <dynamicallyLoadedPart node="1|5" linkNode="dummyConnection09" filename="$data/shared/connectionHoses/connectors.i3d"/>
        <dynamicallyLoadedPart node="2|8" linkNode="dummyConnection10" filename="$data/shared/connectionHoses/connectors.i3d"/>
        <dynamicallyLoadedPart node="0"   linkNode="powerswitchNode"   filename="$data/shared/assets/lights/rudolfHormann/powerSwitch.i3d"/>
        <dynamicallyLoadedPart node="0"   linkNode="redRound_01"   		filename="$data/shared/assets/reflectors/lizard/redRound_01.i3d"/>
        <dynamicallyLoadedPart node="0"   linkNode="whiteRound_01"		filename="$data/shared/assets/reflectors/lizard/whiteRound_01.i3d"/>
        <dynamicallyLoadedPart node="0"   linkNode="yellowRound_01"		filename="$data/shared/assets/reflectors/lizard/yellowRound_01.i3d"/>
    </dynamicallyLoadedParts>
	
    <lights>
        <sharedLight linkNode="workingLightOval_03_workingLightOval_0309"     lightTypes="1" filename="$data/shared/assets/lights/lizard/workingLight04.xml" />
        <sharedLight linkNode="workingLightOval_03_workingLightOval_0304" lightTypes="1" filename="$data/shared/assets/lights/lizard/workingLight04.xml" />
        <sharedLight linkNode="yellowRound_02_yellowRound_0209"   filename="$data/shared/assets/reflectors/lizard/yellowRound_01.xml" />
        <sharedLight linkNode="yellowRound_02_yellowRound_0210"   filename="$data/shared/assets/reflectors/lizard/yellowRound_01.xml" />

        <states>
            <state lightTypes="0" />
            <state lightTypes="0 1" />
        </states>

        <realLights>
            <low>
                <light node="workLightBackLowPipe"  lightTypes="1" />
            </low>
            <high>
                <light node="graintankLight"        lightTypes="1"/>
                <light node="workLightBackHighPipe" lightTypes="1"/>
            </high>
        </realLights>

        <defaultLights>
        </defaultLights>

        <turnLights>
        </turnLights>

        <brakeLights>
        </brakeLights>

       <beaconLights>
           <beaconLight node="beacon" filename="$data/shared/assets/beaconLights/lizard/beaconLight09.xml" />
       </beaconLights>

        <dashboards>
        </dashboards>
    </lights>
	
    <fillUnit>
        <fillUnitConfigurations>
            <fillUnitConfiguration>
                <fillUnits>
                    <fillUnit unitTextOverride="$l10n_unit_literShort" fillTypeCategories="combine" capacity="23000" foldMinLimit="0" foldMaxLimit="0">
                        <exactFillRootNode node="exactFillRootNode"/>
                        <alarmTriggers>
                            <alarmTrigger minFillLevel="1" maxFillLevel="1" turnOffInTrigger="true"/>
                        </alarmTriggers>
                    </fillUnit>
                </fillUnits>
            </fillUnitConfiguration>
        </fillUnitConfigurations>
    </fillUnit>

    <fillVolume>
        <fillVolumeConfigurations>
            <fillVolumeConfiguration>
                <volumes>
                    <volume node="fillVolume" maxDelta="0.12" maxAllowedHeapAngle="15" fillUnitIndex="1" />
                </volumes>
            </fillVolumeConfiguration>
        </fillVolumeConfigurations>

        <unloadInfos>
            <unloadInfo>
                <node node="unloadInfo" width="0.4" length="0.4" />
            </unloadInfo>
        </unloadInfos>

        <loadInfos>
            <loadInfo>
                <node node="loadInfo" width="0.4" length="0.4" />
            </loadInfo>
        </loadInfos>
    </fillVolume>
	
    <foldable>
        <foldingConfigurations>
            <foldingConfiguration>
                <foldingParts startMoveDirection="1" turnOnFoldMinLimit="0" turnOnFoldMaxLimit="0.02" turnOnFoldDirection="-1">
                    <foldingPart animationName="folding" speedScale="1" />
                </foldingParts>
		<reverseDriving isAllowed="false"/>
            </foldingConfiguration>
        </foldingConfigurations>
    </foldable>
	
    <animations>
        <animation name="moveSupport" soundVolumeFactor="2.4">			
            <part node="supportFoot01"		startTime="0" endTime="1" startTrans="0 0.9 0" endTrans="0 0 0" />
            <part node="supportFoot02"		startTime="0" endTime="1" startTrans="0 0.9 0" endTrans="0 0 0" />
            <part node="supportFoot03"		startTime="0" endTime="1" startTrans="0 0.9 0" endTrans="0 0 0" />
            <part node="supportFoot04"		startTime="0" endTime="1" startTrans="0 0.9 0" endTrans="0 0 0" />
			
            <part node="supportCol01"		startTime="0" endTime="0.2" startTrans="0 1.403 0.332" endTrans="0 0 0" />
            <part node="supportCol02"		startTime="0" endTime="0.2" startTrans="0 1.403 0.332" endTrans="0 0 0" />
            <part node="supportCol03"		startTime="0" endTime="0.2" startTrans="0 1.403 -0.332" endTrans="0 0 0" />
            <part node="supportCol04"		startTime="0" endTime="0.2" startTrans="0 1.403 -0.332" endTrans="0 0 0" />			
						
            <part node="leftFrontSupports"		startTime="0" endTime="0.02" visibility="false" />
            <part node="rightFrontSupports"		startTime="0" endTime="0.02" visibility="false" />
            <part node="leftRearSupports"		startTime="0" endTime="0.02" visibility="false" />
            <part node="rightRearSupports"		startTime="0" endTime="0.02" visibility="false" />			
            <part node="leftFrontSupports"		startTime="0.02" endTime="1.5" visibility="true" />
            <part node="rightFrontSupports"		startTime="0.02" endTime="1.5" visibility="true" />
            <part node="leftRearSupports"		startTime="0.02" endTime="1.5" visibility="true" />
            <part node="rightRearSupports"		startTime="0.02" endTime="1.5" visibility="true" />			
			
            <sound template="cylinderPunch"  startTime="0.8" direction="-1" volumeScale="0.6" pitchScale="1"/>
            <sound template="clackVar6"      startTime="0.8" direction="-1" volumeScale="1.2" pitchScale="0.6"/>
            <sound template="foldStartMed02" startTime="0.8" direction="-1" volumeScale="1.9" pitchScale="0.6"/>
            <sound template="latchSmall"     startTime="0.8" direction="-1" volumeScale="0.2" pitchScale="1.6"/>
        </animation>
		
        <animation name="foldPipe" soundVolumeFactor="1.3">
            <part node="pipe"   startTime="0" endTime="5" startRot="0 0 0" endRot="0 0 133" />

            <sound template="hydraulicLayerTone" startTime="0.01"  endTime="4.99"  volumeScale="1.6" pitchScale="0.8" linkNode="pipe"/>
            <sound template="cylinderPunch"           startTime="0.1"   direction="-1"   volumeScale="0.8" pitchScale="1.4" linkNode="pipe"/>
        </animation>
		
        <animation name="folding" soundVolumeFactor="3.0">
            <part node="graintankLightToggle"  startTime="0.05" endTime="0" visibility="true" />
            <part node="graintankLightToggle"  startTime="0.1" endTime="0.15" visibility="false" />
            <part node="graintankFlapFront"  startTime="0" endTime="5" startRot="0 0 0" endRot="-119 0 0" />
            <part node="graintankFlapBack"  startTime="0" endTime="5.2" startRot="0 0 0" endRot="118 0 0" />
            <part node="graintankFlapLeft"  startTime="0" endTime="5" startRot="0 0 0" endRot="0 0 90" />
            <part node="graintankFlapRight"  startTime="0" endTime="5" startRot="0 0 0" endRot="0 0 -90" />
            <part node="graintankMiddlePart"  startTime="0" endTime="5.2" startRot="0 0 0" endRot="33 0 0" />

            <sound template="defaultHydraulicSound"  startTime="0.01"  endTime="5.19"  volumeScale="1.1" pitchScale="0.5" linkNode="graintankFlapBack"/>
            <sound template="metalClose" startTime="0.01" direction="-1" volumeScale="0.9" pitchScale="0.9" linkNode="graintankFlapBack"/>
            <sound template="metalOpen"  startTime="0.01" direction="1"  volumeScale="1.2" pitchScale="0.9" linkNode="graintankFlapBack"/>
            <sound template="metalOpen"  startTime="5.19" direction="-1"  volumeScale="1.5" pitchScale="0.7" linkNode="graintankFlapBack"/>
            <sound template="metalClose" startTime="5.19" direction="1"  volumeScale="1.4" pitchScale="0.5" linkNode="graintankFlapBack"/>
        </animation>
    </animations>
	
    <cylindered>
        <movingTools>
            <movingTool node="pipe" playSound="true"/>
            <movingTool node="feederHouse">
                <dependentPart node="feederHouseHydraulic" />
            </movingTool>
            <movingTool node="graintankMiddlePart" playSound="true">
                <dependentPart node="graintankHydraulic" />
                <dependentPart node="graintankMiddlePartHydraulic" />
                <dependentPart node="graintankFlapFrontArm" />
                <dependentPart node="graintankFlapBackArm" />
                <dependentPart node="graintankFlapLeftArm" />
                <dependentPart node="graintankFlapRightArm" />
            </movingTool>
        </movingTools>

        <movingParts>
            <movingPart node="feederHouseHydraulic" referencePoint="feederHouseHydraulicRef" referenceFrame="feederHouseHydraulicRef" isActiveDirty="true" maxUpdateDistance="150">
                <translatingPart node="feederHouseHydraulicPunch" />
            </movingPart>
            <movingPart node="graintankFlapFrontArm" referencePoint="graintankFlapFrontArmRef" referenceFrame="graintankFlapFrontArmRef" scaleZ="true"/>
            <movingPart node="graintankFlapBackArm" referencePoint="graintankFlapBackArmRef" referenceFrame="graintankFlapBackArmRef" scaleZ="true"/>
            <movingPart node="graintankFlapLeftArm" referencePoint="graintankFlapLeftArmRef" referenceFrame="graintankFlapLeftArmRef" scaleZ="true"/>
            <movingPart node="graintankFlapRightArm" referencePoint="graintankFlapRightArmRef" referenceFrame="graintankFlapRightArmRef" scaleZ="true"/>
            <movingPart node="graintankHydraulic" referencePoint="graintankHydraulicRef" referenceFrame="graintankHydraulicRef">
                <translatingPart node="graintankHydraulicPunch" />
            </movingPart>
            <movingPart node="graintankMiddlePartHydraulic" referencePoint="graintankMiddlePartHydraulicRef" referenceFrame="graintankMiddlePartHydraulicRef">
                <translatingPart node="graintankMiddlePartHydraulicPunch" />
            </movingPart>
        </movingParts>
    </cylindered>
	
    <turnOnVehicle turnOffIfNotAllowed="true" />
	
    <workAreas>
        <workArea type="combineSwath" functionName="processCombineSwathArea" requiresGroundContact="false" disableBackwards="false">
            <area startNode="workArea01Start" widthNode="workArea01Width" heightNode="workArea01Height" />
        </workArea>
        <workArea type="combineChopper" functionName="processCombineChopperArea" requiresGroundContact="false" disableBackwards="false">
            <area startNode="workArea02Start" widthNode="workArea02Width" heightNode="workArea02Height" />
        </workArea>
    </workAreas>
	
    <combine fillUnitIndex="1" allowThreshingDuringRain="false">
        <swath available="true" workAreaIndex="1" />
        <chopper available="true" workAreaIndex="2" animName="toggleChopper" animSpeedScale="1"/>
        <processing toggleTime="4.0" />

        <chopperEffect>
            <effectNode effectClass="TypedMotionPathEffect" effectType="STRAW_CHOPPER" materialType="CHOPPER" linkNode="chopperCenterEffectNode">
                <motionPathEffect textureFilename="$data/vehicles/johnDeere/t560/chopperCenterEffectArray.dds" numRows="29" rowLength="31" minFade="0.04"/>
            </effectNode>
            <effectNode effectClass="TypedMotionPathEffect" effectType="STRAW_CHOPPER" materialType="CHAFFER" linkNode="chopperSideEffectNode">
                <motionPathEffect textureFilename="$data/vehicles/johnDeere/t560/chopperSideEffectArray.dds" numRows="16" rowLength="22" minFade="0.04"/>
            </effectNode>

            <effectNode effectClass="ParticleEffect" effectNode="chopperSmokeEmitter" particleType="smoke" materialType="smokeParticle" useFruitColor="true"/>
            <effectNode effectClass="ParticleEffect" effectNode="chafferSmokeEmitter" particleType="smoke" materialType="smokeParticle" useFruitColor="true"/>
        </chopperEffect>

        <strawEffect>
            <effectNode effectClass="TypedMotionPathEffect" effectType="STRAW_CHOPPER" materialType="DROP" linkNode="strawUnloadEffectNode">
                <motionPathEffect textureFilename="$data/vehicles/johnDeere/t560/strawUnloadArray.dds" numRows="16" rowLength="12" minFade="0.04"/>
            </effectNode>
            <effectNode effectClass="TypedMotionPathEffect" effectType="STRAW_CHOPPER" materialType="CHAFFER" linkNode="chopperSideEffectNode">
                <motionPathEffect textureFilename="$data/vehicles/johnDeere/t560/chopperSideEffectArray.dds" numRows="16" rowLength="22" minFade="0.04"/>
            </effectNode>

            <effectNode effectClass="ParticleEffect" effectNode="strawEffectSmokeEmitter" particleType="smoke" materialType="smokeParticle" useFruitColor="true"/>
            <effectNode effectClass="ParticleEffect" effectNode="chafferSmokeEmitter"     particleType="smoke" materialType="smokeParticle" useFruitColor="true"/>
        </strawEffect>

        <fillEffect>
            <effectNode effectNode="grainTankEffect" materialType="unloading" delay="0" />
            <effectNode effectNode="grainTankSmoke"  materialType="unloadingSmoke" delay="0.1" />
        </fillEffect>

        <animationNodes>
            <animationNode node="strawChopperPlate01" rotSpeed="-800"   rotAxis="2" turnOnFadeTime="3" turnOffFadeTime="4" />
            <animationNode node="strawChopperPlate02" rotSpeed="800"   rotAxis="2" turnOnFadeTime="3" turnOffFadeTime="4" />

            <animationNode node="grainTankAuger"      rotSpeed="-600"   rotAxis="3" turnOnFadeTime="2" turnOffFadeTime="2" />
            <animationNode node="strawChopper"        rotSpeed="1200" rotAxis="1" turnOnFadeTime="3" turnOffFadeTime="5" />
            <animationNode node="belt3"               rotSpeed="-50"  rotAxis="1" turnOnFadeTime="2" turnOffFadeTime="2" shaderComponentScale="0 1 0 0" shaderParameterName="offsetUV" />
            <animationNode node="grainTankAugerBottom" rotSpeed="500"  rotAxis="1" turnOnFadeTime="2" turnOffFadeTime="2" />
        </animationNodes>

        <automaticTilt>
            <automaticTiltNode node="headerTilt" minAngle="-4.75" maxAngle="4.75" maxSpeed="3" dependentAnimation="headerTilt"/>
            <automaticTiltNode node="headerTiltJoint" minAngle="-4.75" maxAngle="4.75" maxSpeed="3" updateAttacherJoint="true"/>
        </automaticTilt>
    </combine>
	
	<cutter fruitTypeCategories="GRAINHEADER MAIZEHEADER">
    </cutter>
	
    <pipe foldMinState="1" foldMaxState="1" dischargeNodeIndex="1">
        <states num="2" unloading="2" />
        <animation name="foldPipe" speedScale="1" />
        <unloadingTriggers>
            <unloadingTrigger node="trailerTrigger" />
        </unloadingTriggers>
        <animationNodes>
            <animationNode node="grainTankAugerBottom" rotSpeed="-500"  rotAxis="1" turnOnFadeTime="2" turnOffFadeTime="2" />
        </animationNodes>

    </pipe>
	
    <dischargeable>
        <dischargeNode node="dischargeNode" emptySpeed="800" fillUnitIndex="1" maxDistance="8">
            <info width="0.4" length="0.4" useRaycastHitPosition="true"/>

            <effects>
                <effectNode effectClass="PipeEffect" effectNode="pipeEffect" materialType="pipe" delay="0" maxBending="0.8" positionUpdateNodes="pipeEffectSmoke" extraDistance="0.5"/>
                <effectNode effectNode="pipeEffectSmoke" materialType="unloadingSmoke" delay="0.1" alignToWorldY="true"/>
            </effects>
        </dischargeNode>
    </dischargeable>

    <ai>
        <needsLowering value="true" lowerIfAnyIsLowered="true"/>
        <agentAttachment width="12.25" height="1.8" length="5.5" lengthOffset="-.75"/>
    </ai>

    <foliageBending>		
        <bendingNode minX="-1.7" maxX="1.7" minZ="0.2" maxZ="1.2" yOffset="-0.6" node="feederHouse" />
        <bendingNode minX="-6.2" maxX="6.3" minZ="-1.1" maxZ="2.28" yOffset="1.2" node="harnessBody" />		
    </foliageBending>

    <baseMaterial>
        <material name="t560_mat" baseNode="strawChopper">
            <shaderParameter name="colorMat0" value="SHARED_DA_METAL_BLACk" material="1"/>
        </material>
        <material name="t560Alpha_mat" baseNode="grilleColor">
            <shaderParameter name="colorMat0" value="SHARED_DA_METAL_BLACk" material="1"/>
        </material>
        <material name="t560Parts_mat" baseNode="feederHouse">
            <shaderParameter name="colorMat0" value="SHARED_DA_METAL_BLACk" material="1"/>
        </material>
        <material name="topLiner4090Exterior_B_mat" baseNode="ladderSide">
            <shaderParameter name="colorMat0" value="SHARED_DA_METAL_BLACk" material="1"/>
        </material>
        <material name="ulw4000_mat" baseNode="grainTankAugerBottom">
            <shaderParameter name="colorMat0" value="SHARED_DA_METAL_BLACk" material="1"/>
        </material>
        <material name="chSeriesA_mat" baseNode="pipe">
            <shaderParameter name="colorMat0" value="SHARED_DA_METAL_BLACk" material="1"/>
        </material>
        <material name="wsvsCombine_mat" baseNode="pipeHousing">
            <shaderParameter name="colorMat0" value="SHARED_DA_METAL_BLACk" material="1"/>
            <shaderParameter name="colorMat1" value="LIZARD_BLUE3" material="1"/>
        </material>
    </baseMaterial>

    <baseMaterialConfigurations useDefaultColors="true" price="50" >
        <material name="t560_mat"      				shaderParameter="colorMat0"/>
        <material name="t560Alpha_mat"      		shaderParameter="colorMat0"/>
        <material name="t560Parts_mat" 				shaderParameter="colorMat0"/>
		<material name="topLiner4090Exterior_B_mat" shaderParameter="colorMat0"/>
        <material name="ulw4000_mat" 				shaderParameter="colorMat0"/>
        <material name="chSeriesA_mat" 				shaderParameter="colorMat0"/>
        <material name="wsvsCombine_mat" 			shaderParameter="colorMat0"/>
		
        <baseMaterialConfiguration	name="John Deere %s"  params="$l10n_ui_colorGreen"  color="JOHNDEERE_GREEN1" />
        <baseMaterialConfiguration	name="Lizard %s" params="$l10n_ui_colorGreenOlive"	color="LIZARD_OLIVE1"/>
        <baseMaterialConfiguration	name="Lizard %s" params="$l10n_ui_colorBlue"		color="LIZARD_BLUE1"/>
        <baseMaterialConfiguration	name="Lizard %s" params="$l10n_ui_colorBlueLight"	color="LIZARD_BLUE2"/>
        <baseMaterialConfiguration	name="Lizard %s" params="$l10n_ui_colorGrey"		color="LIZARD_BLUE3"/>
        <baseMaterialConfiguration	name="Lizard %s" params="$l10n_ui_colorBeige"		color="LIZARD_ECRU1"/>
        <baseMaterialConfiguration	name="Lizard %s" params="$l10n_ui_colorRed"			color="LIZARD_RED1"/>		
    </baseMaterialConfigurations>	

	<designMaterialConfigurations useDefaultColors="true" price="20" >
        <material name="wsvsCombine_mat" shaderParameter="colorMat1" />
		
        <designMaterialConfiguration	name="Lizard %s" params="$l10n_ui_colorGrey"		color="LIZARD_BLUE3"/>
        <designMaterialConfiguration	name="Lizard %s" params="$l10n_ui_colorBlueLight"	color="LIZARD_BLUE2"/>
        <designMaterialConfiguration	name="Lizard %s" params="$l10n_ui_colorBlue"		color="LIZARD_BLUE1"/>
        <designMaterialConfiguration	name="Lizard %s" params="$l10n_ui_colorBeige"		color="LIZARD_ECRU1"/>
        <designMaterialConfiguration	name="Lizard %s" params="$l10n_ui_colorGreenOlive"	color="LIZARD_OLIVE1"/>
        <designMaterialConfiguration	name="Lizard %s" params="$l10n_ui_colorRed"			color="LIZARD_RED1"/>		
    </designMaterialConfigurations>

    <wearable wearDuration="480" workMultiplier="5" fieldMultiplier="2" showOnHud="false"/>
    <washable dirtDuration="90" washDuration="1" workMultiplier="2" fieldMultiplier="2"/>

	<i3dMappings>
  		<i3dMapping id="wsvsCombine_main_component1" node="0>" />
  		<i3dMapping id="wsvsCombine_Group" node="0>0" />
  		<i3dMapping id="attachable" node="0>0|0" />
  		<i3dMapping id="attacherJoint" node="0>0|0|0" />
  		<i3dMapping id="attacherJoint02" node="0>0|0|0|0" />
  		<i3dMapping id="topReferenceNode" node="0>0|0|1" />
  		<i3dMapping id="supportCols" node="0>0|0|2" />
  		<i3dMapping id="leftRearSupports" node="0>0|0|2|0" />
  		<i3dMapping id="leftFrontSupportTrans_0" node="0>0|0|2|0|0" />
  		<i3dMapping id="supportFoot01" node="0>0|0|2|0|0|0" />
  		<i3dMapping id="supportCol01" node="0>0|0|2|0|0|1" />
  		<i3dMapping id="supportBase01" node="0>0|0|2|0|1" />
  		<i3dMapping id="rightRearSupports" node="0>0|0|2|1" />
  		<i3dMapping id="rightRearSupportTrans" node="0>0|0|2|1|0" />
  		<i3dMapping id="supportFoot02" node="0>0|0|2|1|0|0" />
  		<i3dMapping id="supportCol02" node="0>0|0|2|1|0|1" />
  		<i3dMapping id="supportBase02" node="0>0|0|2|1|1" />
  		<i3dMapping id="leftFrontSupports" node="0>0|0|2|2" />
  		<i3dMapping id="leftFrontSupportTrans_1" node="0>0|0|2|2|0" />
  		<i3dMapping id="supportFoot03" node="0>0|0|2|2|0|0" />
  		<i3dMapping id="supportCol03" node="0>0|0|2|2|0|1" />
  		<i3dMapping id="supportBase03" node="0>0|0|2|2|1" />
  		<i3dMapping id="rightFrontSupports" node="0>0|0|2|3" />
  		<i3dMapping id="rightFrontSupportTrans" node="0>0|0|2|3|0" />
  		<i3dMapping id="supportFoot04" node="0>0|0|2|3|0|0" />
  		<i3dMapping id="supportCol04" node="0>0|0|2|3|0|1" />
  		<i3dMapping id="supportBase04" node="0>0|0|2|3|1" />
  		<i3dMapping id="attacherJoints" node="0>0|1" />
  		<i3dMapping id="tools" node="0>0|1|0" />
  		<i3dMapping id="attacherJointCutterRot" node="0>0|1|0|0" />
  		<i3dMapping id="headerTiltJointRot" node="0>0|1|0|0|0" />
  		<i3dMapping id="headerTiltJoint" node="0>0|1|0|0|0|0" />
  		<i3dMapping id="attacherJointCutterRotRef" node="0>0|1|0|0|0|0|0" />
  		<i3dMapping id="attacherJointCutter" node="0>0|1|0|0|0|0|0|0" />
  		<i3dMapping id="trailers" node="0>0|1|1" />
  		<i3dMapping id="trailerAttacherJointBack" node="0>0|1|1|0" />
  		<i3dMapping id="feederHouse" node="0>0|1|2" />
  		<i3dMapping id="headerTiltRot" node="0>0|1|2|0" />
  		<i3dMapping id="headerTilt" node="0>0|1|2|0|0" />
  		<i3dMapping id="screw_decals_0" node="0>0|1|2|0|0|0" />
  		<i3dMapping id="sticker_decals" node="0>0|1|2|0|0|1" />
  		<i3dMapping id="decals_0" node="0>0|1|2|0|0|2" />
  		<i3dMapping id="headerTiltTopPlate" node="0>0|1|2|0|1" />
  		<i3dMapping id="yellowRound_02_yellowRound_0209" node="0>0|1|2|1" />
  		<i3dMapping id="yellowRound_02_yellowRound_0210" node="0>0|1|2|2" />
  		<i3dMapping id="feederReferencePoint" node="0>0|1|2|3" />
  		<i3dMapping id="feederHouseHydraulicRef" node="0>0|1|2|4" />
  		<i3dMapping id="ptos" node="0>0|1|2|5" />
  		<i3dMapping id="ptoOutputLeft" node="0>0|1|2|5|0" />
  		<i3dMapping id="ptoOutputRight" node="0>0|1|2|5|1" />
  		<i3dMapping id="sticker_decal2" node="0>0|1|2|6" />
  		<i3dMapping id="animatablePartsScrewsDecal6" node="0>0|1|2|7" />
  		<i3dMapping id="decal3" node="0>0|1|2|8" />
  		<i3dMapping id="belt2" node="0>0|1|2|9" />
  		<i3dMapping id="belt3" node="0>0|1|2|10" />
  		<i3dMapping id="screws_decal2" node="0>0|1|2|11" />
  		<i3dMapping id="colPart01" node="0>0|1|2|12" />
  		<i3dMapping id="connectionHoses" node="0>0|1|2|13" />
  		<i3dMapping id="hydraulic06_in" node="0>0|1|2|13|0" />
  		<i3dMapping id="hydraulic06_out" node="0>0|1|2|13|1" />
  		<i3dMapping id="hydraulic07_in" node="0>0|1|2|13|2" />
  		<i3dMapping id="hydraulic07_out" node="0>0|1|2|13|3" />
  		<i3dMapping id="fillVolumeParent" node="0>0|2" />
  		<i3dMapping id="fillVolume" node="0>0|2|0" />
  		<i3dMapping id="unloadInfo" node="0>0|2|1" />
  		<i3dMapping id="loadInfo" node="0>0|2|2" />
  		<i3dMapping id="exactFillRootNode" node="0>0|2|3" />
  		<i3dMapping id="trailerTrigger" node="0>0|2|4" />
  		<i3dMapping id="hydraulics" node="0>0|3" />
  		<i3dMapping id="feederHouseHydraulicParent" node="0>0|3|0" />
  		<i3dMapping id="feederHouseHydraulic" node="0>0|3|0|0" />
  		<i3dMapping id="feederHouseHydraulicPunch" node="0>0|3|0|0|0" />
  		<i3dMapping id="graintankHydraulicRef" node="0>0|3|1" />
  		<i3dMapping id="graintankMiddlePartHydraulicRef" node="0>0|3|2" />
  		<i3dMapping id="movingParts" node="0>0|4" />
  		<i3dMapping id="unloadingPipeRot" node="0>0|4|0" />
  		<i3dMapping id="pipe" node="0>0|4|0|0" />
  		<i3dMapping id="dischargeNode" node="0>0|4|0|0|0" />
  		<i3dMapping id="effect" node="0>0|4|0|0|1" />
  		<i3dMapping id="pipeEffect" node="0>0|4|0|0|1|0" />
  		<i3dMapping id="pipeEffectSmoke" node="0>0|4|0|0|1|1" />
  		<i3dMapping id="lights" node="0>0|4|0|0|2" />
  		<i3dMapping id="workLightBackHighPipe" node="0>0|4|0|0|2|0" />
  		<i3dMapping id="workLightBackLowPipe" node="0>0|4|0|0|2|1" />
  		<i3dMapping id="sharedLights" node="0>0|4|0|0|2|2" />
  		<i3dMapping id="workingLightOval_03_workingLightOval_0304" node="0>0|4|0|0|2|2|0" />
  		<i3dMapping id="colPart" node="0>0|4|0|0|3" />
  		<i3dMapping id="visuals_0" node="0>0|4|0|0|4" />
  		<i3dMapping id="screwPipeDecals" node="0>0|4|0|0|4|0" />
  		<i3dMapping id="beacon" node="0>0|4|0|0|4|1" />
  		<i3dMapping id="strawChopperParts" node="0>0|4|1" />
  		<i3dMapping id="strawChopper" node="0>0|4|1|0" />
  		<i3dMapping id="strawChopperPart01" node="0>0|4|1|1" />
  		<i3dMapping id="animatablePartsScrewsDecal2" node="0>0|4|1|1|0" />
  		<i3dMapping id="colPart06" node="0>0|4|1|1|1" />
  		<i3dMapping id="strawChopperPart02" node="0>0|4|1|2" />
  		<i3dMapping id="strawChopperPlate01Rot" node="0>0|4|1|2|0" />
  		<i3dMapping id="strawChopperPlate01" node="0>0|4|1|2|0|0" />
  		<i3dMapping id="screw_decals_1" node="0>0|4|1|2|0|0|0" />
  		<i3dMapping id="strawChopperPlate02Rot" node="0>0|4|1|2|1" />
  		<i3dMapping id="strawChopperPlate02" node="0>0|4|1|2|1|0" />
  		<i3dMapping id="strawChopperPart04" node="0>0|4|1|3" />
  		<i3dMapping id="strawChopperPart05" node="0>0|4|1|4" />
  		<i3dMapping id="strawChopperPart08" node="0>0|4|1|5" />
  		<i3dMapping id="strawChopperPart03" node="0>0|4|1|5|0" />
  		<i3dMapping id="threshing" node="0>0|4|2" />
  		<i3dMapping id="graintankParts" node="0>0|4|3" />
  		<i3dMapping id="graintankFlapFront" node="0>0|4|3|0" />
  		<i3dMapping id="graintankFlapFrontArm" node="0>0|4|3|0|0" />
  		<i3dMapping id="screw_decal_0" node="0>0|4|3|0|1" />
  		<i3dMapping id="graintankFlapFront02" node="0>0|4|3|0|2" />
  		<i3dMapping id="screw_decal_1" node="0>0|4|3|0|2|0" />
  		<i3dMapping id="graintankFlapFront03" node="0>0|4|3|0|3" />
  		<i3dMapping id="screw_decal_2" node="0>0|4|3|0|3|0" />
  		<i3dMapping id="graintankFlapFront04" node="0>0|4|3|0|4" />
  		<i3dMapping id="screw_decal_3" node="0>0|4|3|0|4|0" />
  		<i3dMapping id="graintankFlapFrontBone" node="0>0|4|3|0|5" />
  		<i3dMapping id="graintankFlapBack" node="0>0|4|3|1" />
  		<i3dMapping id="graintankFlapBackArm" node="0>0|4|3|1|0" />
  		<i3dMapping id="screw_decal3_0" node="0>0|4|3|1|1" />
  		<i3dMapping id="grilleColor" node="0>0|4|3|1|2" />
  		<i3dMapping id="sticker_decal3_0" node="0>0|4|3|1|3" />
  		<i3dMapping id="decal4_0" node="0>0|4|3|1|4" />
  		<i3dMapping id="graintankFlapBack02" node="0>0|4|3|1|5" />
  		<i3dMapping id="screw_decal3_1" node="0>0|4|3|1|5|0" />
  		<i3dMapping id="grille4_0" node="0>0|4|3|1|5|1" />
  		<i3dMapping id="graintankFlapBack03" node="0>0|4|3|1|6" />
  		<i3dMapping id="screw_decal3_2" node="0>0|4|3|1|6|0" />
  		<i3dMapping id="grille4_1" node="0>0|4|3|1|6|1" />
  		<i3dMapping id="graintankFlapBack04" node="0>0|4|3|1|7" />
  		<i3dMapping id="screw_decal3_3" node="0>0|4|3|1|7|0" />
  		<i3dMapping id="grille4_2" node="0>0|4|3|1|7|1" />
  		<i3dMapping id="sticker_decal3_1" node="0>0|4|3|1|7|2" />
  		<i3dMapping id="decal4_1" node="0>0|4|3|1|7|3" />
  		<i3dMapping id="graintankFlapBackBone" node="0>0|4|3|1|8" />
  		<i3dMapping id="graintankFlapLeft" node="0>0|4|3|2" />
  		<i3dMapping id="graintankFlapLeftArm" node="0>0|4|3|2|0" />
  		<i3dMapping id="workingLightOval_03_workingLightOval_0309" node="0>0|4|3|2|1" />
  		<i3dMapping id="camera_01_camera_01" node="0>0|4|3|2|2" />
  		<i3dMapping id="graintankLightToggle" node="0>0|4|3|2|3" />
  		<i3dMapping id="graintankLight" node="0>0|4|3|2|3|0" />
  		<i3dMapping id="screw_decal2" node="0>0|4|3|2|4" />
  		<i3dMapping id="graintankFlapLeftBone" node="0>0|4|3|2|5" />
  		<i3dMapping id="graintankFlapRight" node="0>0|4|3|3" />
  		<i3dMapping id="graintankFlapRightArm" node="0>0|4|3|3|0" />
  		<i3dMapping id="screw_decal1" node="0>0|4|3|3|1" />
  		<i3dMapping id="graintankFlapRightBone" node="0>0|4|3|3|2" />
  		<i3dMapping id="graintankMiddlePartRot" node="0>0|4|3|4" />
  		<i3dMapping id="graintankMiddlePart" node="0>0|4|3|4|0" />
  		<i3dMapping id="grainTankAugerRot" node="0>0|4|3|4|0|0" />
  		<i3dMapping id="grainTankAuger" node="0>0|4|3|4|0|0|0" />
  		<i3dMapping id="graintankHydraulic" node="0>0|4|3|4|0|1" />
  		<i3dMapping id="graintankHydraulicPunch" node="0>0|4|3|4|0|1|0" />
  		<i3dMapping id="graintankMiddlePartHydraulic" node="0>0|4|3|4|0|2" />
  		<i3dMapping id="graintankMiddlePartHydraulicPunch" node="0>0|4|3|4|0|2|0" />
  		<i3dMapping id="animatablePartsScrewsDecal7" node="0>0|4|3|4|0|3" />
  		<i3dMapping id="effects" node="0>0|4|3|4|0|4" />
  		<i3dMapping id="grainTankEffect" node="0>0|4|3|4|0|4|0" />
  		<i3dMapping id="grainTankSmoke" node="0>0|4|3|4|0|4|1" />
  		<i3dMapping id="graintankFlapFrontArmRef" node="0>0|4|3|4|0|5" />
  		<i3dMapping id="graintankFlapBackArmRef" node="0>0|4|3|4|0|6" />
  		<i3dMapping id="graintankFlapLeftArmRef" node="0>0|4|3|4|0|7" />
  		<i3dMapping id="graintankFlapRightArmRef" node="0>0|4|3|4|0|8" />
  		<i3dMapping id="grainTankAugerBottomRot" node="0>0|4|3|5" />
  		<i3dMapping id="grainTankAugerBottom" node="0>0|4|3|5|0" />
  		<i3dMapping id="particles" node="0>0|5" />
  		<i3dMapping id="smokeEmitters" node="0>0|5|0" />
  		<i3dMapping id="chafferSmokeEmitter" node="0>0|5|0|0" />
  		<i3dMapping id="chopperSmokeEmitter" node="0>0|5|0|1" />
  		<i3dMapping id="strawEffectSmokeEmitter" node="0>0|5|0|2" />
  		<i3dMapping id="strawUnloadEffectNode" node="0>0|5|1" />
  		<i3dMapping id="chopperCenterEffectNode" node="0>0|5|2" />
  		<i3dMapping id="chopperSideEffectNode" node="0>0|5|3" />
  		<i3dMapping id="workAreas" node="0>0|6" />
  		<i3dMapping id="workArea01Start" node="0>0|6|0" />
  		<i3dMapping id="workArea01Width" node="0>0|6|1" />
  		<i3dMapping id="workArea01Height" node="0>0|6|2" />
  		<i3dMapping id="workArea02Start" node="0>0|6|3" />
  		<i3dMapping id="workArea02Width" node="0>0|6|4" />
  		<i3dMapping id="workArea02Height" node="0>0|6|5" />
  		<i3dMapping id="ai" node="0>0|7" />
  		<i3dMapping id="aiCollisionNode" node="0>0|7|0" />
  		<i3dMapping id="connectors" node="0>0|8" />
  		<i3dMapping id="dummyConnection01" node="0>0|8|0" />
  		<i3dMapping id="dummyConnection02" node="0>0|8|1" />
  		<i3dMapping id="dummyConnection03" node="0>0|8|2" />
  		<i3dMapping id="dummyConnection04" node="0>0|8|3" />
  		<i3dMapping id="dummyConnection05" node="0>0|8|4" />
  		<i3dMapping id="dummyConnection06" node="0>0|8|5" />
  		<i3dMapping id="dummyConnection07" node="0>0|8|6" />
  		<i3dMapping id="dummyConnection08" node="0>0|8|7" />
  		<i3dMapping id="dummyConnection09" node="0>0|8|8" />
  		<i3dMapping id="dummyConnection10" node="0>0|8|9" />
  		<i3dMapping id="visuals_1" node="0>0|9" />
  		<i3dMapping id="additions" node="0>0|9|0" />
  		<i3dMapping id="swathA" node="0>0|9|0|0" />
  		<i3dMapping id="swathB" node="0>0|9|0|1" />
  		<i3dMapping id="swathSpinner" node="0>0|9|0|2" />
  		<i3dMapping id="ladderSide" node="0>0|9|0|3" />
  		<i3dMapping id="pistonBracketSide" node="0>0|9|0|4" />
  		<i3dMapping id="pistonBracketBrace" node="0>0|9|0|4|0" />
  		<i3dMapping id="pistonBracket" node="0>0|9|0|4|1" />
  		<i3dMapping id="feedHouseExtension02" node="0>0|9|0|5" />
  		<i3dMapping id="screws_decal" node="0>0|9|0|5|0" />
  		<i3dMapping id="feedHouseExtension01" node="0>0|9|0|6" />
  		<i3dMapping id="chSeries_vis2.001" node="0>0|9|0|6|0" />
  		<i3dMapping id="chSeries_vis2.002" node="0>0|9|0|6|1" />
  		<i3dMapping id="dynamicNodes" node="0>0|9|0|7" />
  		<i3dMapping id="powerswitchNode" node="0>0|9|0|7|0" />
  		<i3dMapping id="redRound_01" node="0>0|9|0|7|1" />
  		<i3dMapping id="whiteRound_01" node="0>0|9|0|7|2" />
  		<i3dMapping id="yellowRound_01" node="0>0|9|0|7|3" />
  		<i3dMapping id="body" node="0>0|9|1" />
  		<i3dMapping id="harnessBody" node="0>0|9|1|0" />
  		<i3dMapping id="pipeHousing" node="0>0|9|1|1" />
  		<i3dMapping id="sidewalls" node="0>0|9|1|2" />
  		<i3dMapping id="trough" node="0>0|9|1|3" />
  		<i3dMapping id="screws_decal03" node="0>0|9|1|4" />
  		<i3dMapping id="screws_decal04" node="0>0|9|1|5" />
  		<i3dMapping id="grainBin" node="0>0|9|2" />
  		<i3dMapping id="grainbin.003" node="0>0|9|2|0" />
  		<i3dMapping id="grainbin.004" node="0>0|9|2|1" />
  		<i3dMapping id="grainbin.006" node="0>0|9|2|2" />
  		<i3dMapping id="grainbin.007" node="0>0|9|2|3" />
  		<i3dMapping id="grainbin.008" node="0>0|9|2|4" />
  		<i3dMapping id="t560i_drive" node="0>0|9|2|5" />
  		<i3dMapping id="augerHub" node="0>0|9|2|6" />
  		<i3dMapping id="decals_1" node="0>0|9|3" />
  		<i3dMapping id="decalLizard_0" node="0>0|9|3|0" />
  		<i3dMapping id="decalBrand02" node="0>0|9|3|1" />
  		<i3dMapping id="decalElectric" node="0>0|9|3|2" />
  		<i3dMapping id="decalElectric.004" node="0>0|9|3|3" />
  		<i3dMapping id="decalExcalmation" node="0>0|9|3|4" />
  		<i3dMapping id="decalExcalmation.001" node="0>0|9|3|5" />
  		<i3dMapping id="decalExcalmation.002" node="0>0|9|3|6" />
  		<i3dMapping id="decalFall" node="0>0|9|3|7" />
  		<i3dMapping id="decalList" node="0>0|9|3|8" />
  		<i3dMapping id="decalList.002" node="0>0|9|3|9" />
  		<i3dMapping id="decalList.003" node="0>0|9|3|10" />
  		<i3dMapping id="decalList.004" node="0>0|9|3|11" />
  		<i3dMapping id="decalList.005" node="0>0|9|3|12" />
  		<i3dMapping id="decalList.006" node="0>0|9|3|13" />
  		<i3dMapping id="decalManual" node="0>0|9|3|14" />
  		<i3dMapping id="decalManual.001" node="0>0|9|3|15" />
  		<i3dMapping id="decalManual.002" node="0>0|9|3|16" />
  		<i3dMapping id="decalManual.003" node="0>0|9|3|17" />
  		<i3dMapping id="decalPinch" node="0>0|9|3|18" />
  		<i3dMapping id="decalPinch.001" node="0>0|9|3|19" />
  		<i3dMapping id="decalPinch.002" node="0>0|9|3|20" />
  		<i3dMapping id="decalPinch.003" node="0>0|9|3|21" />
  		<i3dMapping id="decalPinch.004" node="0>0|9|3|22" />
  		<i3dMapping id="decalPinch.005" node="0>0|9|3|23" />
  		<i3dMapping id="decalLizard02" node="0>0|9|3|24" />
  		<i3dMapping id="decalBrand03" node="0>0|9|3|25" />
  		<i3dMapping id="decalBrand04" node="0>0|9|3|26" />
  		<i3dMapping id="decalBrand05" node="0>0|9|3|27" />
  		<i3dMapping id="decalLizard_1" node="0>0|9|3|28" />
  		<i3dMapping id="decalLizard_2" node="0>0|9|3|29" />
  		<i3dMapping id="skinning" node="0>0|10" />
  		<i3dMapping id="Armature.001" node="0>0|10|0" />
  		<i3dMapping id="Armature.002" node="0>0|10|1" />
  		<i3dMapping id="Armature.003" node="0>0|10|2" />
  		<i3dMapping id="rubberSkinning.001" node="0>0|10|2|0" />
  		<i3dMapping id="Armature.004" node="0>0|10|3" />
  		<i3dMapping id="worldBone" node="0>0|11" />
  		<i3dMapping id="collisions" node="0>0|12" />
	</i3dMappings>
</vehicle>
