﻿<?xml version="1.0" encoding="utf-8" standalone="no" ?>
<modDesc descVersion="62">
    <author>Fernand24-- FS22 Conversion FarmerMike5390 modded by GIGAAj1 --</author>
    <version>1.0_9</version>
    <title>
            <en>Selling Station modded</en>
            <de>Verkaufsstation modded</de>
			<fr>Station De Vente modifié</fr>
			
    </title>
    <description>
        <en><![CDATA[ Welcome
This placeable point of sale allows with the use of progressive maps a placement on a flat ground at the place of your choice.
It sells all products.
Price = 15.000$ 
Good game]]></en>
        <de><![CDATA[ Willkommen
Diese Verkaufsstelle ermöglicht ein platzieren auf ebenem Gelände zum Verkauf von allen Produkten.
Preis = 15.000€
Gutes Spiel]]></de>   
		<fr><![CDATA[ Bienvenue
Ce point de vente permet une place de plain-pied pour la vente de tous les produits.
le prix = 15.000€
Bon jeu]]></fr>
    </description>
    <iconFilename>icon_sellingStation.dds</iconFilename>
    <multiplayer supported="true"/>
    
    <storeItems>
        <storeItem rootNode="placeable" xmlFilename="sellingStation.xml"/>
    </storeItems>
</modDesc>
