<?xml version="1.0" encoding="utf-8" standalone="no" ?>
<placeable type="sellingStation" xmlns:xsi="http://www.w3.org/2001/XMLSchema-instance" xsi:noNamespaceSchemaLocation="../../../shared/xml/schema/placeable.xsd">
    <storeData>
        <name>
		    <en>Selling Station modded</en>
            <de>Verkaufsstation modded</de>
			<fr>Station De Vente modifié</fr>
		</name>
			
			
		<image>store_sellingStation.dds</image>
        <price>15000</price>
        <dailyUpkeep>0</dailyUpkeep>
        <canBeSold>true</canBeSold>
        <showInStore>true</showInStore>
        <lifetime>1000</lifetime>
        <rotation>0</rotation>
        <brand>LIZARD</brand>
        <species>placeable</species>
        <category>sellingPoints</category>
		
		 <brush>
            <type>placeable</type>
            <category>production</category>
            <tab>sellingPoints</tab>
        </brush>
        
        <vertexBufferMemoryUsage>78164</vertexBufferMemoryUsage>
        <indexBufferMemoryUsage>18648</indexBufferMemoryUsage>
        <textureMemoryUsage>1485904</textureMemoryUsage>
        <instanceVertexBufferMemoryUsage>0</instanceVertexBufferMemoryUsage>
        <instanceIndexBufferMemoryUsage>0</instanceIndexBufferMemoryUsage>
    </storeData>
	
    <base>
    <filename>sellingStation.i3d</filename>
	</base>
	
    <placement useRandomYRotation="false" useManualYRotation="true"/>
    
	
	<sellingStation supportsExtension="false" litersForFullPriceDrop="200000" fullPriceRecoverHours="48">
	
        <unloadTrigger exactFillRootNode="0|0|0|0|0" baleTriggerNode="0|0|0|0|1" fillTypes="OLIVE GRAPE WHEAT BARLEY CANOLA SUNFLOWER SOYBEAN MAIZE POTATO SUGARBEET SUGARCANE COTTON OAT OILSEEDRADISH SEEDS LIME LIQUIDFERTILIZER FERTILIZER HERBICIDE MANURE SILAGE FORAGE PIGFOOD WOODCHIPS LIQUIDMANURE STRAW GRASS DRYGRASS_WINDROW MILK GRASS_WINDROW DIGESTATE CHAFF SUGAR WOOL WATER ROADSALT SORGHUM EGG BREAD HONEY BUTTER FLOUR CHEESE SUNFLOWER_OIL CANOLA_OIL OLIVE_OIL TOMATO LETTUCE STRAWBERRY RAISINS GRAPEJUICE CAKE CHOCOLATE BOARDS DIESEL FABRIC CLOTHES CEREAL FURNITURE WEED STONE SNOW SILAGE_ADDITIVE MINERAL_FEED FORAGE_MIXING METHANE SUGARBEET_CUT WOOD TREESAPLINGS APPLE APRICOT PEAR CHERRY COCO ORANGE PEACH PLUM BANANA HEMP BEAN CAULIFLOWER CINNAMON COCOA CRANBERRY CUCUMBER GARLIC HOPS KIWIFRUIT MUSHROOMS ONION PAPRIKA PARSLEY PEANUT PEPPERONI PUMPKIN RASPBERRY WATERMELON SOY_OIL BEES POCHIPS KAPUF POMES KROKET KATOSA FRENCHFRIES HERBS HERBDRY PANIER WHEATBEER BARLEYBEER HONEYBEER STRAWBERRYBEER FISH CHIPS PALLET Kartoffelbrot Kartoffelmehl Brownies FRENCHFRIES SORTEDPOTATOES NOODLES TOMATOSAUCE CORNDRYER YOGURT YEAST VODKA WHISKEY SCHNAPPS BOURBON WINE ETHANOL PORT MET RHUM CIGARETTE PEPSICOLA KETCHUP WHEATBREAD OATBREAD RYEBREAD GLUTENBREAD ORGANICBREAD CORNBREAD BARLEYFLOUR barrier concrete block CORNMEAL CORN_OIL FLOUR goldbar gold MILLETFLOUR molasses NAILS OATFLOUR PAVER RICEFLOUR RYEFLOUR SORGHUMFLOUR steel trash WHEATFLOUR carrot millet rice rye TOMATOJUICE LPG Moonshine coal sand gravel silt salt ore bauxite copper galena limestone gypsum ccarbonate cleanfill"  fillLitersPerSecond="20000" infiniteCapacity="true" >
		 <woodTrigger triggerNode="woodTrigger" activationTriggerNode="playerInteractionTrigger" />
		 <baleTrigger triggerNode="0|0|0|0|1" deleteLitersPerSecond="20000"/>
		</unloadTrigger>	
		<!-- Vanilla -->
		<fillType name="grass" 				priceScale="1" supportsGreatDemand="true" disablePriceDrop="false" />
		<fillType name="oilseedRadish" 		priceScale="1" supportsGreatDemand="true" disablePriceDrop="false" />	
		<fillType name="water" 				priceScale="0" supportsGreatDemand="true" disablePriceDrop="false" />
		<fillType name="WHEAT"          	priceScale="1" supportsGreatDemand="true" disablePriceDrop="false" />
        <fillType name="BARLEY"         	priceScale="1" supportsGreatDemand="true" disablePriceDrop="false" />
        <fillType name="CANOLA"         	priceScale="1" supportsGreatDemand="true" disablePriceDrop="false" />
        <fillType name="SUNFLOWER"      	priceScale="1" supportsGreatDemand="true" disablePriceDrop="false" />
        <fillType name="SOYBEAN"        	priceScale="1" supportsGreatDemand="true" disablePriceDrop="false" />
        <fillType name="MAIZE"          	priceScale="1" supportsGreatDemand="true" disablePriceDrop="false" />
        <fillType name="OAT"            	priceScale="1" supportsGreatDemand="true" disablePriceDrop="false" />
        <fillType name="SORGHUM"        	priceScale="1" supportsGreatDemand="true" disablePriceDrop="false" />
        <fillType name="POTATO"         	priceScale="1" supportsGreatDemand="true" disablePriceDrop="false" />
        <fillType name="SUGARBEET"      	priceScale="1" supportsGreatDemand="true" disablePriceDrop="false" />
        <fillType name="SUGARCANE"      	priceScale="1" supportsGreatDemand="true" disablePriceDrop="false" />
        <fillType name="EGG"            	priceScale="1" supportsGreatDemand="true" disablePriceDrop="false" />
        <fillType name="WOOL"           	priceScale="1" supportsGreatDemand="true" disablePriceDrop="false" />
        <fillType name="MILK"           	priceScale="1" supportsGreatDemand="true" disablePriceDrop="false" />
        <fillType name="BREAD"          	priceScale="1" supportsGreatDemand="true" disablePriceDrop="false" />
        <fillType name="HONEY"          	priceScale="1" supportsGreatDemand="true" disablePriceDrop="false" />
        <fillType name="BUTTER"         	priceScale="1" supportsGreatDemand="true" disablePriceDrop="false" />
        <fillType name="CHEESE"         	priceScale="1" supportsGreatDemand="true" disablePriceDrop="false" />
        <fillType name="SUNFLOWER_OIL"  	priceScale="1" supportsGreatDemand="true" disablePriceDrop="false" />
        <fillType name="CANOLA_OIL"     	priceScale="1" supportsGreatDemand="true" disablePriceDrop="false" />
        <fillType name="OLIVE_OIL"      	priceScale="1" supportsGreatDemand="true" disablePriceDrop="false" />
        <fillType name="TOMATO"         	priceScale="1" supportsGreatDemand="true" disablePriceDrop="false" />
        <fillType name="LETTUCE"        	priceScale="1" supportsGreatDemand="true" disablePriceDrop="false" />
        <fillType name="STRAWBERRY"     	priceScale="1" supportsGreatDemand="true" disablePriceDrop="false" />
        <fillType name="RAISINS"        	priceScale="1" supportsGreatDemand="true" disablePriceDrop="false" />
        <fillType name="GRAPEJUICE"     	priceScale="1" supportsGreatDemand="true" disablePriceDrop="false" />
        <fillType name="COTTON"         	priceScale="1" supportsGreatDemand="true" disablePriceDrop="false" />
        <fillType name="FLOUR"   			priceScale="1" supportsGreatDemand="true" disablePriceDrop="false" />
        <fillType name="CAKE"   			priceScale="1" supportsGreatDemand="true" disablePriceDrop="false" />
        <fillType name="CHOCOLATE"   		priceScale="1" supportsGreatDemand="true" disablePriceDrop="false" />
        <fillType name="BOARDS"   			priceScale="1" supportsGreatDemand="true" disablePriceDrop="false" />
        <fillType name="WOODCHIPS"   		priceScale="1" supportsGreatDemand="true" disablePriceDrop="false" />
        <fillType name="DIESEL"   			priceScale="0.01" supportsGreatDemand="true" disablePriceDrop="false" />
        <fillType name="FABRIC"   			priceScale="1" supportsGreatDemand="true" disablePriceDrop="false" />
        <fillType name="SUGAR"   			priceScale="1" supportsGreatDemand="true" disablePriceDrop="false" />
        <fillType name="CLOTHES"   			priceScale="1" supportsGreatDemand="true" disablePriceDrop="false" />
        <fillType name="CEREAL"   			priceScale="1" supportsGreatDemand="true" disablePriceDrop="false" />
        <fillType name="GRAPE"   			priceScale="1" supportsGreatDemand="true" disablePriceDrop="false" />
        <fillType name="OLIVE"   			priceScale="1" supportsGreatDemand="true" disablePriceDrop="false" />
        <fillType name="FURNITURE"   		priceScale="1" supportsGreatDemand="true" disablePriceDrop="false" />
        <fillType name="SEEDS"              priceScale="0.1" supportsGreatDemand="true" disablePriceDrop="false" />
        <fillType name="LIME"               priceScale="0.05" supportsGreatDemand="true" disablePriceDrop="false" />
        <fillType name="DIGESTATE"          priceScale="1" supportsGreatDemand="true" disablePriceDrop="false" />
        <fillType name="MANURE"             priceScale="0.2" supportsGreatDemand="true" disablePriceDrop="false" />
        <fillType name="LIQUIDMANURE"       priceScale="0.2" supportsGreatDemand="true" disablePriceDrop="false" />
        <fillType name="WEED"               priceScale="1" supportsGreatDemand="true" disablePriceDrop="false" />
        <fillType name="STONE"              priceScale="1" supportsGreatDemand="true" disablePriceDrop="false" />
        <fillType name="SNOW"               priceScale="1" supportsGreatDemand="true" disablePriceDrop="false" />
        <fillType name="FERTILIZER"         priceScale="0.1" supportsGreatDemand="true" disablePriceDrop="false" />
        <fillType name="LIQUIDFERTILIZER"   priceScale="0.1" supportsGreatDemand="true" disablePriceDrop="false" />
        <fillType name="HERBICIDE"          priceScale="0.1" supportsGreatDemand="true" disablePriceDrop="false" />
        <fillType name="PIGFOOD"          	priceScale="1" supportsGreatDemand="true" disablePriceDrop="false" />
        <fillType name="SILAGE_ADDITIVE"    priceScale="1" supportsGreatDemand="true" disablePriceDrop="false" />
        <fillType name="MINERAL_FEED"    	priceScale="1" supportsGreatDemand="true" disablePriceDrop="false" />
        <fillType name="CHAFF"    			priceScale="1" supportsGreatDemand="true" disablePriceDrop="false" />
        <fillType name="FORAGE"    			priceScale="1" supportsGreatDemand="true" disablePriceDrop="false" />
        <fillType name="FORAGE_MIXING"    	priceScale="1" supportsGreatDemand="true" disablePriceDrop="false" />
        <fillType name="METHANE"    		priceScale="1" supportsGreatDemand="true" disablePriceDrop="false" />
        <fillType name="ROADSALT"    		priceScale="1" supportsGreatDemand="true" disablePriceDrop="false" />
		<fillType name="STRAW"   			priceScale="1" supportsGreatDemand="true" disablePriceDrop="false" />
        <fillType name="DRYGRASS_WINDROW"   priceScale="1" supportsGreatDemand="true" disablePriceDrop="false" />
        <fillType name="GRASS_WINDROW"   	priceScale="1" supportsGreatDemand="true" disablePriceDrop="false" />
        <fillType name="SILAGE"   			priceScale="1" supportsGreatDemand="true" disablePriceDrop="false" />
        <fillType name="SUGARBEET_CUT"   	priceScale="1" supportsGreatDemand="true" disablePriceDrop="false" />
		<fillType name="TREESAPLINGS"  		priceScale="1" supportsGreatDemand="true" disablePriceDrop="false" />
		<!-- Produktionen Pack_Switty -->
		<fillType name="APPLE"   			priceScale="1" supportsGreatDemand="true" disablePriceDrop="false" />
		<fillType name="APRICOT"  		 	priceScale="1" supportsGreatDemand="true" disablePriceDrop="false" />
		<fillType name="PEAR"   			priceScale="1" supportsGreatDemand="true" disablePriceDrop="false" />
		<fillType name="CHERRY"   			priceScale="1" supportsGreatDemand="true" disablePriceDrop="false" />
		<fillType name="COCO"  			 	priceScale="1" supportsGreatDemand="true" disablePriceDrop="false" />
		<fillType name="ORANGE" 		  	priceScale="1" supportsGreatDemand="true" disablePriceDrop="false" />
		<fillType name="PEACH"   			priceScale="1" supportsGreatDemand="true" disablePriceDrop="false" />
		<fillType name="PLUM"  			 	priceScale="1" supportsGreatDemand="true" disablePriceDrop="false" />
		<fillType name="BANANA"   			priceScale="1" supportsGreatDemand="true" disablePriceDrop="false" />
		<fillType name="HEMP"   			priceScale="1" supportsGreatDemand="true" disablePriceDrop="false" />
		<fillType name="BEAN"   			priceScale="1" supportsGreatDemand="true" disablePriceDrop="false" />
		<fillType name="CAULIFLOWER"  	 	priceScale="1" supportsGreatDemand="true" disablePriceDrop="false" />
		<fillType name="CINNAMON"   		priceScale="1" supportsGreatDemand="true" disablePriceDrop="false" />
		<fillType name="COCOA"   			priceScale="1" supportsGreatDemand="true" disablePriceDrop="false" />
		<fillType name="CRANBERRY"   		priceScale="1" supportsGreatDemand="true" disablePriceDrop="false" />
		<fillType name="CUCUMBER"  			priceScale="1" supportsGreatDemand="true" disablePriceDrop="false" />
		<fillType name="GARLIC"  		 	priceScale="1" supportsGreatDemand="true" disablePriceDrop="false" />
		<fillType name="HOPS"   			priceScale="1" supportsGreatDemand="true" disablePriceDrop="false" />
		<fillType name="KIWIFRUIT"   		priceScale="1" supportsGreatDemand="true" disablePriceDrop="false" />
		<fillType name="MUSHROOMS"  	 	priceScale="1" supportsGreatDemand="true" disablePriceDrop="false" />
		<fillType name="ONION" 		  		priceScale="1" supportsGreatDemand="true" disablePriceDrop="false" />
		<fillType name="PAPRIKA"   			priceScale="1" supportsGreatDemand="true" disablePriceDrop="false" />
		<fillType name="PARSLEY"  		 	priceScale="1" supportsGreatDemand="true" disablePriceDrop="false" />
		<fillType name="PEANUT"   			priceScale="1" supportsGreatDemand="true" disablePriceDrop="false" />
		<fillType name="PEPPERONI"   		priceScale="1" supportsGreatDemand="true" disablePriceDrop="false" />
		<fillType name="PUMPKIN"   			priceScale="1" supportsGreatDemand="true" disablePriceDrop="false" />
		<fillType name="RASPBERRY"  	 	priceScale="1" supportsGreatDemand="true" disablePriceDrop="false" />
		<fillType name="WATERMELON"   		priceScale="1" supportsGreatDemand="true" disablePriceDrop="false" />
		<fillType name="SOY_OIL"   			priceScale="1" supportsGreatDemand="true" disablePriceDrop="false" />
		<fillType name="BEES"   			priceScale="1" supportsGreatDemand="true" disablePriceDrop="false" />
		<!-- Kartoffelfabrik_DonnyBresko -->
		<fillType name="POCHIPS"   			priceScale="1" supportsGreatDemand="true" disablePriceDrop="false" />
		<fillType name="KAPUF"   			priceScale="1" supportsGreatDemand="true" disablePriceDrop="false" />
		<fillType name="FRENCHFRIES"   		priceScale="1" supportsGreatDemand="true" disablePriceDrop="false" />
		<fillType name="HERBS"   			priceScale="1" supportsGreatDemand="true" disablePriceDrop="false" />
		<fillType name="POMES"   			priceScale="1" supportsGreatDemand="true" disablePriceDrop="false" />
		<fillType name="KROKET"   			priceScale="1" supportsGreatDemand="true" disablePriceDrop="false" />
		<fillType name="KATOSA"   			priceScale="1" supportsGreatDemand="true" disablePriceDrop="false" />
		<fillType name="HERBDRY"   			priceScale="1" supportsGreatDemand="true" disablePriceDrop="false" />
		<fillType name="PANIER"   			priceScale="1" supportsGreatDemand="true" disablePriceDrop="false" />
		<!-- Production_Brewery_WilkDev -->
		<fillType name="WHEATBEER"   		priceScale="1" supportsGreatDemand="true" disablePriceDrop="false" />
		<fillType name="BARLEYBEER"  		priceScale="1" supportsGreatDemand="true" disablePriceDrop="false" />
		<fillType name="HONEYBEER"   		priceScale="1" supportsGreatDemand="true" disablePriceDrop="false" />
		<fillType name="STRAWBERRYBEER"   	priceScale="1" supportsGreatDemand="true" disablePriceDrop="false" />
		<!-- Fisch Produktion -->
		<fillType name="FISH"   			priceScale="1" supportsGreatDemand="true" disablePriceDrop="false" />
		<!-- MCAIN PRODUCTION  -->
		<fillType name="CHIPS"   			priceScale="1" supportsGreatDemand="true" disablePriceDrop="false" />
		<!-- PALLET PRODUCTION  -->
		<fillType name="PALLET"   			priceScale="1" supportsGreatDemand="true" disablePriceDrop="false" />
		<!-- KARTOFFELVERARBEITUNGS PACK_Hahner -->
		<fillType name="Kartoffelbrot"   	priceScale="1" supportsGreatDemand="true" disablePriceDrop="false" />
		<fillType name="Kartoffelmehl" 		priceScale="1" supportsGreatDemand="true" disablePriceDrop="false" />
		<fillType name="Brownies"   		priceScale="1" supportsGreatDemand="true" disablePriceDrop="false" />
		<!-- HOF PRODUKTIONEN PACK -->
		<fillType name="FRENCHFRIES"   		priceScale="1" supportsGreatDemand="true" disablePriceDrop="false" />
		<fillType name="SORTEDPOTATOES" 	priceScale="1" supportsGreatDemand="true" disablePriceDrop="false" />
		<fillType name="NOODLES"   			priceScale="1" supportsGreatDemand="true" disablePriceDrop="false" />
		<fillType name="TOMATOSAUCE"   		priceScale="1" supportsGreatDemand="true" disablePriceDrop="false" />
		<!-- Corn Dryer -->
		<fillType name="CORNDRYER"   		priceScale="1" supportsGreatDemand="true" disablePriceDrop="false" />
		<!-- Yogurt Production -->
		<fillType name="YOGURT"   			priceScale="1" supportsGreatDemand="true" disablePriceDrop="false" />
		<!-- Alcohol_Factory -->
		<fillType name="YEAST"   			priceScale="1" supportsGreatDemand="true" disablePriceDrop="false" />
		<fillType name="VODKA"  			priceScale="1" supportsGreatDemand="true" disablePriceDrop="false" />
		<fillType name="WHISKEY"   			priceScale="1" supportsGreatDemand="true" disablePriceDrop="false" />
		<fillType name="SCHNAPPS"   		priceScale="1" supportsGreatDemand="true" disablePriceDrop="false" />
		<fillType name="BOURBON"   			priceScale="1" supportsGreatDemand="true" disablePriceDrop="false" />
		<fillType name="WINE"  				priceScale="1" supportsGreatDemand="true" disablePriceDrop="false" />
		<fillType name="PORT"   			priceScale="1" supportsGreatDemand="true" disablePriceDrop="false" />
		<fillType name="ETHANOL" 	  		priceScale="1" supportsGreatDemand="true" disablePriceDrop="false" />
		<!-- Weinherstellung_Bigdaddy -->
		<fillType name="MET"   				priceScale="1" supportsGreatDemand="true" disablePriceDrop="false" />
		<!-- Distillery Production -->
		<fillType name="RHUM"   			priceScale="1" supportsGreatDemand="true" disablePriceDrop="false" />
		<!-- Zigaretten Produktion -->
		<fillType name="CIGARETTE"   		priceScale="1" supportsGreatDemand="true" disablePriceDrop="false" />
		<!-- Pepsicola Production -->
		<fillType name="PEPSICOLA"   		priceScale="1" supportsGreatDemand="true" disablePriceDrop="false" />
		<!-- Ketchup Production -->
		<fillType name="KETCHUP"   			priceScale="1" supportsGreatDemand="true" disablePriceDrop="false" />
		<!-- Wild West Map Production -->
		<fillType name="WHEATBREAD"   		priceScale="1" supportsGreatDemand="true" disablePriceDrop="false" />
		<fillType name="OATBREAD"   		priceScale="1" supportsGreatDemand="true" disablePriceDrop="false" />
		<fillType name="RYEBREAD"  			priceScale="1" supportsGreatDemand="true" disablePriceDrop="false" />
		<fillType name="GLUTENBREAD"   		priceScale="1" supportsGreatDemand="true" disablePriceDrop="false" />
		<fillType name="ORGANICBREAD"   	priceScale="1" supportsGreatDemand="true" disablePriceDrop="false" />
		<fillType name="CORNBREAD"   		priceScale="1" supportsGreatDemand="true" disablePriceDrop="false" />
		<fillType name="BARLEYFLOUR"  		priceScale="1" supportsGreatDemand="true" disablePriceDrop="false" />
		<fillType name="barrier"   			priceScale="1" supportsGreatDemand="true" disablePriceDrop="false" />
		<fillType name="concrete" 	  		priceScale="1" supportsGreatDemand="true" disablePriceDrop="false" />
		<fillType name="block"   			priceScale="1" supportsGreatDemand="true" disablePriceDrop="false" />
		<fillType name="CORNMEAL"   		priceScale="1" supportsGreatDemand="true" disablePriceDrop="false" />
		<fillType name="CORN_OIL"  			priceScale="1" supportsGreatDemand="true" disablePriceDrop="false" />
		<fillType name="FLOUR"   			priceScale="1" supportsGreatDemand="true" disablePriceDrop="false" />
		<fillType name="goldbar"  		 	priceScale="1" supportsGreatDemand="true" disablePriceDrop="false" />
		<fillType name="gold"   			priceScale="1" supportsGreatDemand="true" disablePriceDrop="false" />
		<fillType name="MILLETFLOUR"  		priceScale="1" supportsGreatDemand="true" disablePriceDrop="false" />
		<fillType name="molasses"   		priceScale="1" supportsGreatDemand="true" disablePriceDrop="false" />
		<fillType name="NAILS" 	  			priceScale="1" supportsGreatDemand="true" disablePriceDrop="false" />
		<fillType name="OATFLOUR"   		priceScale="1" supportsGreatDemand="true" disablePriceDrop="false" />
		<fillType name="PAVER"   			priceScale="1" supportsGreatDemand="true" disablePriceDrop="false" />
		<fillType name="RICEFLOUR"  		priceScale="1" supportsGreatDemand="true" disablePriceDrop="false" />
		<fillType name="RYEFLOUR"   		priceScale="1" supportsGreatDemand="true" disablePriceDrop="false" />
		<fillType name="SORGHUMFLOUR"   	priceScale="1" supportsGreatDemand="true" disablePriceDrop="false" />
		<fillType name="steel"   			priceScale="1" supportsGreatDemand="true" disablePriceDrop="false" />
		<fillType name="trash"  			priceScale="1" supportsGreatDemand="true" disablePriceDrop="false" />
		<fillType name="WHEATFLOUR"   		priceScale="1" supportsGreatDemand="true" disablePriceDrop="false" />
		<fillType name="carrot" 	  		priceScale="1" supportsGreatDemand="true" disablePriceDrop="false" />
		<fillType name="millet"   			priceScale="1" supportsGreatDemand="true" disablePriceDrop="false" />
		<fillType name="rice"   			priceScale="1" supportsGreatDemand="true" disablePriceDrop="false" />
		<fillType name="rye"  				priceScale="1" supportsGreatDemand="true" disablePriceDrop="false" />
		<fillType name="TOMATOJUICE"   		priceScale="1" supportsGreatDemand="true" disablePriceDrop="false" />
		<fillType name="LPG"	  		 	priceScale="1" supportsGreatDemand="true" disablePriceDrop="false" />
		<fillType name="Moonshine"   		priceScale="1" supportsGreatDemand="true" disablePriceDrop="false" />
		<fillType name="coal"  				priceScale="1" supportsGreatDemand="true" disablePriceDrop="false" />
		<fillType name="sand"   			priceScale="1" supportsGreatDemand="true" disablePriceDrop="false" />
		<fillType name="gravel" 	  		priceScale="1" supportsGreatDemand="true" disablePriceDrop="false" />
		<fillType name="silt"  				priceScale="1" supportsGreatDemand="true" disablePriceDrop="false" />
		<fillType name="salt"   			priceScale="1" supportsGreatDemand="true" disablePriceDrop="false" />
		<fillType name="ore"	  		 	priceScale="1" supportsGreatDemand="true" disablePriceDrop="false" />
		<fillType name="bauxite"   			priceScale="1" supportsGreatDemand="true" disablePriceDrop="false" />
		<fillType name="copper"  			priceScale="1" supportsGreatDemand="true" disablePriceDrop="false" />
		<fillType name="galena"   			priceScale="1" supportsGreatDemand="true" disablePriceDrop="false" />
		<fillType name="limestone" 	  		priceScale="1" supportsGreatDemand="true" disablePriceDrop="false" />
		<fillType name="gypsum"	  		 	priceScale="1" supportsGreatDemand="true" disablePriceDrop="false" />
		<fillType name="ccarbonate"   		priceScale="1" supportsGreatDemand="true" disablePriceDrop="false" />
		<fillType name="cleanfill"  		priceScale="1" supportsGreatDemand="true" disablePriceDrop="false" />
    </sellingStation>
    
	<hotspots>
        <hotspot name="selling Station" fullName="Selling Point" imageName="SELLING_POINT" hidable="true" linkNode="0|1" category="CATEGORY_TRIGGERS"/>
    </hotspots>
	
		<indoorAreas></indoorAreas>
		
	<clearAreas>
        <clearArea startNode="1|0" widthNode="1|0|1" heightNode="1|0|0"/>
    </clearAreas>

    <leveling maxEdgeAngle="30" maxSlope="75" maxSmoothDistance="10" requireLeveling="true">
        <levelAreas>
        <levelArea startNode="1|0" heightNode="1|0|0" widthNode="1|0|1" groundType="asphalt"/>
        </levelAreas>
    </leveling>
	
	 <ai>
        <updateAreas>
            <updateArea startNode="0>2" endNode="0>2" />
        </updateAreas>
    </ai>

	
    <tipOcclusionUpdateAreas>
        <tipOcclusionUpdateArea startNode="0>2" endNode="0>2" />
    </tipOcclusionUpdateAreas>

   <i3dMappings>
       <i3dMapping id="woodTrigger" node="0>5" />       
       <i3dMapping id="playerInteractionTrigger" node="0>6" /> 
	   <i3dMapping id="exactFillRootNode" node="0>0|0|0|0|0" />
        <i3dMapping id="baleTrigger" node="0|0|0|0|1" />
    </i3dMappings>
	
</placeable>
