<?xml version="1.0" encoding="utf-8" standalone="no" ?>
<placeable type="greenhouse" xmlns:xsi="http://www.w3.org/2001/XMLSchema-instance" xsi:noNamespaceSchemaLocation="../../../../../shared/xml/schema/placeable.xsd">
    <storeData>
        <name>
			<en>AP Manager v.07</en>
		</name>
        <functions>
            <function>$l10n_function_APM</function>
        </functions>
        <image>textures/store_apm.dds</image>
        <price>1500</price>
        <dailyUpkeep>100</dailyUpkeep>
        <lifetime>1000</lifetime>
        <rotation>0</rotation>
        <brand>Lizard</brand>
        <species>placeable</species>
        <category>placeableMisc</category>
        <brush>
            <type>placeable</type>
            <category>buildings</category>
            <tab>silos</tab>
        </brush>
        <canBeSold>true</canBeSold>
        <storeIconRendering>
            <settings cameraXRot="-20" cameraYRot="30" advancedBoundingBox="true"/>
        </storeIconRendering>
        <audioMemoryUsage>0</audioMemoryUsage>
        <vertexBufferMemoryUsage>71680</vertexBufferMemoryUsage>
        <indexBufferMemoryUsage>9216</indexBufferMemoryUsage>
        <textureMemoryUsage>2031616</textureMemoryUsage>
        <instanceVertexBufferMemoryUsage>0</instanceVertexBufferMemoryUsage>
        <instanceIndexBufferMemoryUsage>0</instanceIndexBufferMemoryUsage>
    </storeData>

    <base>
        <filename>APM.i3d</filename>
        <canBeRenamed>true</canBeRenamed>
    </base>

    <placement useRandomYRotation="false" useManualYRotation="true" >
        <testAreas>
            <testArea startNode="testArea1Start" endNode="testArea1End" />
        </testAreas>
    </placement>

    <clearAreas>
        <clearArea startNode="clearArea1Start" widthNode="clearArea1Width" heightNode="clearArea1Height"/>
    </clearAreas>

    <leveling requireLeveling="true" maxSmoothDistance="1" maxSlope="75" maxEdgeAngle="30">
        <levelAreas>
            <levelArea startNode="levelArea1Start" widthNode="levelArea1Width" heightNode="levelArea1Height" groundType="asphalt"/>
        </levelAreas>
    </leveling>

    <indoorAreas>
        <indoorArea startNode="indoorArea1Start" widthNode="indoorArea1Width" heightNode="indoorArea1Height" />
    </indoorAreas>

    <tipOcclusionUpdateAreas>
        <tipOcclusionUpdateArea startNode="tipOcclusionUpdateArea1Start" endNode="tipOcclusionUpdateArea1End" />
    </tipOcclusionUpdateAreas>

    <ai>
        <updateAreas>
            <updateArea startNode="tipOcclusionUpdateArea1Start" endNode="tipOcclusionUpdateArea1End" />
        </updateAreas>
    </ai>

    <infoTrigger triggerNode="infoTrigger" />

    <hotspots>
        <hotspot type="PRODUCTION_POINT" linkNode="unloadTriggerMarker" teleportNode="teleportNode" />
    </hotspots>

    <triggerMarkers>
        <triggerMarker node="warningStripes" />
        <triggerMarker node="playerTriggerMarker" filename="$data/shared/assets/marker/markerIcons.xml" id="WRENCH" adjustToGround="true" />
    </triggerMarkers>

    <productionPoint>
        <productions>
			<production id="LETTUCE" name="$l10n_category_pallets" cyclesPerHour="100" costsPerActiveHour="0">
                <inputs>
                    <input fillType="LETTUCE" amount="1" />
                    <input fillType="STRAWBERRY" amount="1" />
                    <input fillType="TOMATO" amount="1" />
                </inputs>
                <outputs>
                    <output fillType="LETTUCE" amount="1.1" />
                    <output fillType="STRAWBERRY" amount="1.1" />
                    <output fillType="TOMATO" amount="1.1" />
                </outputs>
            </production>
        </productions>

        <sellingStation node="sellingStation" appearsOnStats="true" supportsExtension="false">
            <unloadTrigger exactFillRootNode="unloadTrigger" aiNode="unloadTriggerAINode" fillTypes="LETTUCE STRAWBERRY TOMATO" />
        </sellingStation>

        <palletSpawner node="palletSpawner">
            <spawnPlaces>
                <spawnPlace startNode="spawnPlace1Start" />
				<spawnPlace startNode="spawnPlace2Start" />
				<spawnPlace startNode="spawnPlace3Start" />
				<spawnPlace startNode="spawnPlace4Start" />
				<spawnPlace startNode="spawnPlace5Start" />
				<spawnPlace startNode="spawnPlace6Start" />
				<spawnPlace startNode="spawnPlace7Start" />
				<spawnPlace startNode="spawnPlace8Start" />
				<spawnPlace startNode="spawnPlace9Start" />
                <spawnPlace startNode="spawnPlace1Start_01" />
				<spawnPlace startNode="spawnPlace2Start_01" />
				<spawnPlace startNode="spawnPlace3Start_01" />
				<spawnPlace startNode="spawnPlace4Start_01" />
				<spawnPlace startNode="spawnPlace5Start_01" />
				<spawnPlace startNode="spawnPlace6Start_01" />
				<spawnPlace startNode="spawnPlace7Start_01" />
				<spawnPlace startNode="spawnPlace8Start_01" />
				<spawnPlace startNode="spawnPlace9Start_01" />
            </spawnPlaces>
        </palletSpawner>

		<storage node="storage" isExtension="false" fillTypes="LETTUCE STRAWBERRY TOMATO" >
			<capacity fillType="LETTUCE"		capacity="9000" />
			<capacity fillType="STRAWBERRY"		capacity="9000" />
			<capacity fillType="TOMATO"			capacity="9000" />
        </storage>
		
        <playerTrigger node="playerTrigger" />
    </productionPoint>

    <animatedObjects>

    </animatedObjects>
	
    <colorable>
        <nodes>
            <!-- <node node="Barras" /> -->
            <node node="main_storagePallet" />
        </nodes>

        <colors>
            <color value="RUDOLFHOERMANN_GREEN" />
            <color value="RUDOLFHOERMANN_BEIGE" />
            <color value="RUDOLFHOERMANN_RED" />
            <color value="RUDOLFHOERMANN_BLUE" />
            <color value="RUDOLFHOERMANN_DARKGREY" />
            <color value="RUDOLFHOERMANN_LIGHTGREY" />
            <color value="RUDOLFHOERMANN_WHITEALU" />
            <color value="RUDOLFHOERMANN_GREYALU" />
            <color value="RUDOLFHOERMANN_OXIDRED" />
            <color value="RUDOLFHOERMANN_WOODDARK" />
            <color value="RUDOLFHOERMANN_WOODBRIGHT" />
            <color value="RUDOLFHOERMANN_LIGHTGREEN" />
            <color value="RUDOLFHOERMANN_BROWN" />
            <color value="RUDOLFHOERMANN_DARKBEIGE" />
            <color value="CLAAS_GREEN1" />
        </colors>
    </colorable>

    <i3dMappings>
		<i3dMapping id="storage" node="0>0|0"/>
		<i3dMapping id="playerTrigger" node="0>0|1"/>
		<i3dMapping id="playerTriggerMarker" node="0>0|2"/>
		<i3dMapping id="palletSpawner" node="0>0|3"/>
		<i3dMapping id="spawnPlace1Start" node="0|3|0"/>
		<i3dMapping id="spawnPlace1End" node="0|3|0|0"/>
		<i3dMapping id="spawnPlace2Start" node="0|3|1"/>
		<i3dMapping id="spawnPlace2End" node="0|3|1|0"/>
		<i3dMapping id="spawnPlace3Start" node="0|3|2"/>
		<i3dMapping id="spawnPlace3End" node="0|3|2|0"/>
		<i3dMapping id="spawnPlace4Start" node="0|3|3"/>
		<i3dMapping id="spawnPlace4End" node="0|3|3|0"/>
		<i3dMapping id="spawnPlace5Start" node="0|3|4"/>
		<i3dMapping id="spawnPlace5End" node="0|3|4|0"/>
		<i3dMapping id="spawnPlace6Start" node="0|3|5"/>
		<i3dMapping id="spawnPlace6End" node="0|3|5|0"/>
		<i3dMapping id="spawnPlace7Start" node="0|3|6"/>
		<i3dMapping id="spawnPlace7End" node="0|3|6|0"/>
		<i3dMapping id="spawnPlace8Start" node="0|3|7"/>
		<i3dMapping id="spawnPlace8End" node="0|3|7|0"/>
		<i3dMapping id="spawnPlace9Start" node="0|3|8"/>
		<i3dMapping id="spawnPlace9End" node="0|3|8|0"/>
		<i3dMapping id="spawnPlace1Start_01" node="0|3|9"/>
		<i3dMapping id="spawnPlace1End_01" node="0|3|9|0"/>
		<i3dMapping id="spawnPlace2Start_01" node="0|3|10"/>
		<i3dMapping id="spawnPlace2End_01" node="0|3|10|0"/>
		<i3dMapping id="spawnPlace3Start_01" node="0|3|11"/>
		<i3dMapping id="spawnPlace3End_01" node="0|3|11|0"/>
		<i3dMapping id="spawnPlace4Start_01" node="0|3|12"/>
		<i3dMapping id="spawnPlace4End_01" node="0|3|12|0"/>
		<i3dMapping id="spawnPlace5Start_01" node="0|3|13"/>
		<i3dMapping id="spawnPlace5End_01" node="0|3|13|0"/>
		<i3dMapping id="spawnPlace6Start_01" node="0|3|14"/>
		<i3dMapping id="spawnPlace6End_01" node="0|3|14|0"/>
		<i3dMapping id="spawnPlace7Start_01" node="0|3|15"/>
		<i3dMapping id="spawnPlace7End_01" node="0|3|15|0"/>
		<i3dMapping id="spawnPlace8Start_01" node="0|3|16"/>
		<i3dMapping id="spawnPlace8End_01" node="0|3|16|0"/>
		<i3dMapping id="spawnPlace9Start_01" node="0|3|17"/>
		<i3dMapping id="spawnPlace9End_01" node="0|3|17|0"/>
		<i3dMapping id="clearAreas" node="0>2"/>
		<i3dMapping id="clearArea1Start" node="0>2|0"/>
		<i3dMapping id="clearArea1Width" node="0>2|0|0"/>
		<i3dMapping id="clearArea1Height" node="0>2|0|1"/>
		<i3dMapping id="levelAreas" node="0>3"/>
		<i3dMapping id="levelArea1Start" node="0>3|0"/>
		<i3dMapping id="levelArea1Width" node="0>3|0|0"/>
		<i3dMapping id="levelArea1Height" node="0>3|0|1"/>
		<i3dMapping id="indoorAreas" node="0>4"/>
		<i3dMapping id="indoorArea1Start" node="0>4|0"/>
		<i3dMapping id="indoorArea1Width" node="0>4|0|0"/>
		<i3dMapping id="indoorArea1Height" node="0>4|0|1"/>
		<i3dMapping id="testAreas" node="0>5"/>
		<i3dMapping id="testArea1Start" node="0>5|0"/>
		<i3dMapping id="testArea1End" node="0>5|0|0"/>
		<i3dMapping id="tipOcclusionUpdateAreas" node="0>6"/>
		<i3dMapping id="tipOcclusionUpdateArea1Start" node="0>6|0"/>
		<i3dMapping id="tipOcclusionUpdateArea1End" node="0>6|0|0"/>
		<i3dMapping id="infoTrigger" node="0>7"/>
		<i3dMapping id="warningStripes" node="0>8"/>
		<i3dMapping id="teleportNode" node="0>10"/>
		<i3dMapping id="unloadTrigger" node="0>11|0"/>
		<i3dMapping id="unloadTriggerMarker" node="0>11|0|0"/>
		<i3dMapping id="unloadTriggerAINode" node="0>11|1"/>
		<i3dMapping id="palletTrigger" node="0>12"/>
		<i3dMapping id="Barras" node="0>13|0"/>		
		<i3dMapping id="main_storagePallet" node="0>13|1"/>		
    </i3dMappings>
</placeable>
