﻿<?xml version="1.0" encoding="utf-8" standalone="no" ?>
<modDesc descVersion="71">
     <author>Vanquish081</author>
    <version>1.0.0.2</version>

    <title>
		<en>Auto Pallets Manager</en>
    </title>

    <description>
<en><![CDATA[Auto Pallets Manager is an automated system that allows you to have all the products stored on EU pallets in order.

- Price: 1.500 €
- Daily Up keep: 100 €

Changelog v1.0.0.2:
- Now can be renamed.
- Adjusted calculation to place everything.

Changelog v1.0.0.1:
- Adjusted pallet position.
- Fixed issue in APM v.04]]></en>
<de><![CDATA[Auto Pallets Manager ist ein automatisiertes System, mit dem Sie alle Produkte geordnet auf Paletten lagern können.

- Preis: 1.500 €
- Täglicher Unterhalt: 100 €

Changelog v1.0.0.2:
- Kann jetzt umbenannt werden.
- Angepasste Berechnung, um alles zu platzieren.

Changelog v1.0.0.1:
- Angepasste Palettenposition.
– Behobenes Problem in APM v.04]]></de>
<es><![CDATA[Auto Pallets Manager es un sistema automatizado que le permite tener ordenados todos los productos que se almacenan en palets EU.

- Precio: 1.500 €
- Mantenimiento: 100 €

Cambios v1.0.0.2:
- Ahora pueden sen renombrados.
- Ajustado cálculo para colocar todo.

Cambios v1.0.0.1:
- Ajustada posición palets.
- Arreglado error en APM v-04]]></es>
    </description>

    <iconFilename>textures/icon.dds</iconFilename>

    <multiplayer supported="true"/>

<l10n>
<text name="function_APM">
<en>Auto Pallets Manager is an automated system that allows you to have all the products stored on pallets in order.</en>
<de>Auto Pallets Manager ist ein automatisiertes System, mit dem Sie alle Produkte geordnet auf Paletten lagern können.</de>
<es>Auto Pallets Manager es un sistema automatizado que le permite tener ordenados todos los productos que se almacenan en palets EU.</es>
</text>

</l10n>

    <storeItems>
        <storeItem xmlFilename="APM00.xml"/>
        <storeItem xmlFilename="APM01.xml"/>
        <storeItem xmlFilename="APM02.xml"/>
        <storeItem xmlFilename="APM03.xml"/>
        <storeItem xmlFilename="APM04.xml"/>
        <storeItem xmlFilename="APM05.xml"/>
        <storeItem xmlFilename="APM06.xml"/>
        <!-- <storeItem xmlFilename="APM07.xml"/> -->
    </storeItems>

</modDesc>
