<?xml version="1.0" encoding="utf-8" standalone="no" ?>
<wheel xmlns:xsi="http://www.w3.org/2001/XMLSchema-instance" xsi:noNamespaceSchemaLocation="../../../../../../shared/xml/schema/wheel.xsd">
    <brand>TRELLEBORG</brand>
    <name>TM900</name>
    <default>
        <physics radius="0.804" width="0.6" mass="0.216" tireType="mud" frictionScale="1.60" maxLongStiffness="10" maxLatStiffness="120" maxLatStiffnessLoad="2" />
        <tire filename="$data/shared/wheels/tires/trelleborg/TM900/R30_TM900.i3d" nodeLeft="0|0" nodeRight="0|0" maxDeformation="0.085" sideDeformOffset="0.949" isCareWheel="false" tireTrackAtlasIndex="0" />
        <innerRim filename="wheels/wheels400.i3d" nodeLeft="0|2" nodeRight="0|3"/>
    </default>
    <configurations>
        <configuration id="dual" >
            <innerRim filename="-" />
        </configuration>
    </configurations>
</wheel>
