<?xml version="1.0" encoding="utf-8" standalone="no" ?>
<wheel xmlns:xsi="http://www.w3.org/2001/XMLSchema-instance" xsi:noNamespaceSchemaLocation="../../../../../../shared/xml/schema/wheel.xsd">
    <brand>TRELLEBORG</brand>
    <name>TM900</name>
    <default>
        <physics radius="1.032" width="0.8" mass="0.364" tireType="mud" frictionScale="1.60" maxLongStiffness="12" maxLatStiffness="140" maxLatStiffnessLoad="2" />
        <tire filename="$data/shared/wheels/tires/trelleborg/TM900/R38_TM900.i3d" nodeLeft="2|0" nodeRight="2|0" maxDeformation="0.11" sideDeformOffset="0.946" isCareWheel="false" tireTrackAtlasIndex="0" />
        <innerRim filename="wheels/wheels400.i3d" nodeLeft="1|2" nodeRight="1|3"/>
    </default>
    <configurations>
        <configuration id="dual" >
            <innerRim filename="-" />
        </configuration>
    </configurations>
</wheel>