﻿<?xml version="1.0" encoding="utf-8" standalone="no"?>
<vehicle type="balerWrapper" xmlns:xsi="http://www.w3.org/2001/XMLSchema-instance" xsi:noNamespaceSchemaLocation="https://validation.gdn.giants-software.com/xml/schema/vehicle.xsd">
    <annotation>Copyright (C) DD ModPassion, All Rights Reserved.</annotation>
    <storeData>
        <name>
            <en>Quick-QuickBale</en>
            <de>SchnellBallen</de>
		</name>
        <image>$data/store/store_empty.png</image>
        <brand>LIZARD</brand>
        <category>balers</category>
        <showInStore>false</showInStore>
    </storeData>
    <base>
        <filename>filename/foilWrapRoll.i3d</filename>
    </base>
    <fillUnit>
        <fillUnitConfigurations>
            <fillUnitConfiguration>
                <fillUnits>
                    <fillUnit unitTextOverride="$l10n_unit_mShort" fillTypeCategories="foilWrap" capacity="3000" canBeUnloaded="false" allowFoldingThreshold="6000"/>
                </fillUnits>
            </fillUnitConfiguration>
        </fillUnitConfigurations>
    </fillUnit>
	<baleWrapper>
        <foilWrapAddon>
            <baseNode node="0>0|5|9|0|0|0|0|0|0|0"/>
            <roll node="0>0|5|9|0|0|0|0|0|0|0" translation="1.08 -2.252 -0.976" rotation="90 0 165.5" scale="0.89 0.984 0.89"/>
            <roll node="0>0|5|9|0|0|0|0|0|0|1" translation="-1.088 -1.872 -0.919" rotation="90 0 -13" scale="0.9 0.984 0.9"/>
            <material node="0>1|3"/>
            <material node="0>1|4"/>
            <material node="0>1|5" editVisibility="false"/>
            <material node="0>1|6" editVisibility="false"/>
        </foilWrapAddon>
    </baleWrapper>
    <wearable showOnHud="false"/>
    <washable/>
</vehicle>