﻿<?xml version="1.0" encoding="utf-8" standalone="no" ?>
<vehicle type="dynamicMountAttacherTrailer" xmlns:xsi="http://www.w3.org/2001/XMLSchema-instance" xsi:noNamespaceSchemaLocation="https://validation.gdn.giants-software.com/xml/fs22/vehicle.xsd">
    <annotation>Copyright (C) GIANTS Software GmbH, All Rights Reserved.</annotation>

    <storeData>
        <name params="$l10n_storeItem_headerTrailer">HR 12 %s</name>
        <specs>
		    
			<combination xmlFilename="HR12/5.4m/hr12_AllInOne.xml"/>
			<combination xmlFilename="HR12/5.4m/hr12_AllInOne_F.xml"/>
			<combination xmlFilename="HR12/5.4m/hr12_AllInOne_U.xml"/>
			<combination xmlFilename="forageHeaders/hr12Forage.xml"/>
			<combination xmlFilename="terraDosT4_40/terraDosT4_40.xml"/>
			<combination xmlFilename="terraDosT4_40/terraDosT4_40_Forage.xml"/>
			
        </specs>
        <functions>
            <function>$l10n_function_cutterTrailer</function>
        </functions>
        <image>store/store_hr12Trailer.png</image>
        <price>8000</price>
        <lifetime>1200</lifetime>
        <rotation>0</rotation>
        <brand>HOLMER</brand>
        <category>cutterTrailers</category>
        <shopTranslationOffset>0 -0.006 0</shopTranslationOffset>
        <shopRotationOffset>0.012 0 0</shopRotationOffset>
        
        <vertexBufferMemoryUsage>864768</vertexBufferMemoryUsage>
        <indexBufferMemoryUsage>132352</indexBufferMemoryUsage>
        <textureMemoryUsage>1179648</textureMemoryUsage>
        <audioMemoryUsage>0</audioMemoryUsage>
        <instanceVertexBufferMemoryUsage>0</instanceVertexBufferMemoryUsage>
        <instanceIndexBufferMemoryUsage>0</instanceIndexBufferMemoryUsage>
    </storeData>

    <base>
        <typeDesc>$l10n_typeDesc_cutterTrailer</typeDesc>
        <filename>hr12Trailer/hr12Trailer.i3d</filename>
        <size width="3.8" length="12.5" height="4.5" lengthOffset="1" />
        <components>
            <component centerOfMass="0 0.5 -2" solverIterationCount="20" mass="950" />
            <component centerOfMass="0 -0.385 0" solverIterationCount="20" mass="900" />
            <component solverIterationCount="20" mass="300" />
            <joint component1="1" component2="2" node="componentJoint01" rotLimit="0 120 0" transLimit="0 0 0" />
            <joint component1="2" component2="3" node="componentJoint02" rotLimit="0 0 0" transLimit="0 0 0" />
        </components>
        <schemaOverlay attacherJointPosition="0 0" name="TOOL"/>
        <mapHotspot type="TOOL_TRAILED" />
    </base>

    <attachable>
        <inputAttacherJoints>
            <inputAttacherJoint node="attacherJoint" jointType="trailer" rootNode="hr12Trailer_drawbar_component3" attacherHeight="0.9" />
        </inputAttacherJoints>
        <support animationName="moveSupport" />
        <brakeForce force="0.3"/>
    </attachable>
	<attacherJoints>
        <attacherJoint node="trailerAttacherJoint" rootNode="0>" jointType="trailer" allowsJointLimitMovement="false" allowsLowering="false" lowerRotLimit="25 50 50" lowerTransLimit="0 0 0" canTurnOnImplement="false" comboTime="1" >
            <schema position="1 0" rotation="0" invertX="false" />
        </attacherJoint>
    </attacherJoints>
	

    <connectionHoses>
        <hose inputAttacherJointIndices="1" type="electric" node="electric" length="1.5" diameter="0.01" straighteningFactor="0.6" adapterNode="electric_ConnectorLinkNode">
            <objectChange node="electric_detached" visibilityActive="false" visibilityInactive="true"/>
        </hose>
		
		<target attacherJointIndices="1" type="electric" node="electricBack"  socket="electric"/>
    </connectionHoses>

    <licensePlates>
        <licensePlate node="licensePlateBack" position="BACK" preferedType="ELONGATED" placementArea="0.06 0.3 0.06 0.3" frame="false"/>
	</licensePlates>

    <wheels>
        <wheelConfigurations>
            <wheelConfiguration name="$l10n_configuration_valueDefault" price="0" brand="TRELLEBORG" saveId="TRELLBORG_DEFAULT">
                <wheels>
                    <wheel filename="$data/shared/wheels/tires/trelleborg/T404/400_55R22_5.xml" isLeft="true" hasTireTracks="true" hasParticles="true" >
                        <physics restLoad="0.8" repr="wheelFrontLeft"  forcePointRatio="0.25" initialCompression="10" suspTravel="0.12" spring="55" damper="30" yOffset="0.02" />
						<tire isCareWheel="true" />
                    </wheel>
                    <wheel filename="$data/shared/wheels/tires/trelleborg/T404/400_55R22_5.xml" isLeft="false" hasTireTracks="true" hasParticles="true" >
                        <physics restLoad="0.8" repr="wheelFrontRight" forcePointRatio="0.25" initialCompression="10" suspTravel="0.12" spring="55" damper="30" yOffset="0.02" />
						<tire isCareWheel="true" />
                    </wheel>
                    <wheel filename="$data/shared/wheels/tires/trelleborg/T404/400_55R22_5.xml" isLeft="true" hasTireTracks="true" hasParticles="true" >
                        <physics restLoad="0.5" repr="wheelBackLeft"   forcePointRatio="0.25" initialCompression="10" suspTravel="0.12" spring="30" damper="30" yOffset="0.02" />
						<tire isCareWheel="true" />
                        <wheelChock parkingNode="wheelChock01" filename="$data/shared/assets/wheelChocks/wheelChock02.i3d"/>
                        <wheelChock parkingNode="wheelChock02" isInverted="true" filename="$data/shared/assets/wheelChocks/wheelChock02.i3d" />
                    </wheel>
                    <wheel filename="$data/shared/wheels/tires/trelleborg/T404/400_55R22_5.xml" isLeft="false" hasTireTracks="true" hasParticles="true" >
                        <physics restLoad="0.5" repr="wheelBackRight"  forcePointRatio="0.25" initialCompression="10" suspTravel="0.12" spring="30" damper="30" yOffset="0.02" />
						<tire isCareWheel="true" />
                    </wheel>
                </wheels>
            </wheelConfiguration>
        </wheelConfigurations>
		
		

        <rimColor material="18">SHARED_WHITE1</rimColor>

        <hubs>
		    <color0 useBaseColor="true" />
            <color1>SHARED_GREY3</color1>
            <hub linkNode="wheelFrontLeft"  filename="$data/shared/wheels/hubs/hub_n8_6.xml" isLeft="true"  scale="0.285 0.285 0.285" offset="0.005"/>
            <hub linkNode="wheelFrontRight" filename="$data/shared/wheels/hubs/hub_n8_6.xml" isLeft="false" scale="0.285 0.285 0.285" offset="0.005"/>
            <hub linkNode="wheelBackLeft"   filename="$data/shared/wheels/hubs/hub_n8_6.xml" isLeft="true"  scale="0.285 0.285 0.285" offset="0.005"/>
            <hub linkNode="wheelBackRight"  filename="$data/shared/wheels/hubs/hub_n8_6.xml" isLeft="false" scale="0.285 0.285 0.285" offset="0.005"/>
        </hubs>
    </wheels>
	
	
	<!--<wheels>
        <wheelConfigurations>
            <wheelConfiguration name="$l10n_configuration_valueDefault" price="0" brand="CONTINENTAL" saveId="CONTINENTAL_DEFAULT">
                <wheels>
                    <wheel filename="$data/shared/wheels/tires/continental/contiCrossTracHS3/385_65R22_5.xml" isLeft="true" hasTireTracks="true" hasParticles="true" >
                        <physics tipOcclusionAreaGroupId="1" restLoad="1.0" repr="wheelFrontLeft"   forcePointRatio="0.3" initialCompression="8" suspTravel="0.1" spring="65" mass="0.5" damper="60" />
                    </wheel>
                    <wheel filename="$data/shared/wheels/tires/continental/contiCrossTracHS3/385_65R22_5.xml" isLeft="false" hasTireTracks="true" hasParticles="true" >
                        <physics tipOcclusionAreaGroupId="1" restLoad="1.0" repr="wheelFrontRight"  forcePointRatio="0.3" initialCompression="8" suspTravel="0.1" spring="65" mass="0.5" damper="60" />
                    </wheel>
                    <wheel filename="$data/shared/wheels/tires/continental/contiCrossTracHS3/385_65R22_5.xml" isLeft="true" hasTireTracks="true" hasParticles="true" >
                        <physics tipOcclusionAreaGroupId="1" restLoad="0.7" repr="wheelMiddleLeft"  forcePointRatio="0.3" initialCompression="8" suspTravel="0.1" spring="65" mass="0.5" damper="60" brakeFactor="0.5" />
                        <wheelChock parkingNode="wheelChock_01"/>
                        <wheelChock parkingNode="wheelChock_02" isInverted="true" />
                    </wheel>
                    <wheel filename="$data/shared/wheels/tires/continental/contiCrossTracHS3/385_65R22_5.xml" isLeft="false" hasTireTracks="true" hasParticles="true" >
                        <physics tipOcclusionAreaGroupId="1" restLoad="0.7" repr="wheelMiddleRight" forcePointRatio="0.3" initialCompression="8" suspTravel="0.1" spring="65" mass="0.5" damper="60" brakeFactor="0.5" />
                    </wheel>
                    <wheel filename="$data/shared/wheels/tires/continental/contiCrossTracHS3/385_65R22_5.xml" isLeft="true" hasTireTracks="true" hasParticles="true" >
                        <physics tipOcclusionAreaGroupId="1" restLoad="0.7" repr="wheelBackLeft"    forcePointRatio="0.3" initialCompression="8" suspTravel="0.1" spring="65" mass="0.5" damper="60" brakeFactor="0.5" />
                    </wheel>
                    <wheel filename="$data/shared/wheels/tires/continental/contiCrossTracHS3/385_65R22_5.xml" isLeft="false" hasTireTracks="true" hasParticles="true" >
                        <physics tipOcclusionAreaGroupId="1" restLoad="0.7" repr="wheelBackRight"   forcePointRatio="0.3" initialCompression="8" suspTravel="0.1" spring="65" mass="0.5" damper="60" brakeFactor="0.5" />
                    </wheel>
                </wheels>
            </wheelConfiguration>

            <wheelConfiguration name="$l10n_configuration_valueWheelBroad" price="1800" brand="TRELLEBORG" saveId="TRELLEBORG_BROAD">
                <wheels baseConfig="CONTINENTAL_DEFAULT">
                    <wheel filename="$data/shared/wheels/tires/trelleborg/T404/560_45R22_5.xml">
                        <physics restLoad="1.0" yOffset="0.002"/>
                    </wheel>
                    <wheel filename="$data/shared/wheels/tires/trelleborg/T404/560_45R22_5.xml">
                        <physics restLoad="1.0" yOffset="0.002"/>
                    </wheel>
                    <wheel filename="$data/shared/wheels/tires/trelleborg/T404/560_45R22_5.xml">
                        <physics restLoad="1.0" yOffset="0.002"/>
                        <wheelChock/>
                        <wheelChock/>
                    </wheel>
                    <wheel filename="$data/shared/wheels/tires/trelleborg/T404/560_45R22_5.xml">
                        <physics restLoad="1.0" yOffset="0.002"/>
                    </wheel>
                    <wheel filename="$data/shared/wheels/tires/trelleborg/T404/560_45R22_5.xml">
                        <physics restLoad="1.0" yOffset="0.002"/>
                    </wheel>
                    <wheel filename="$data/shared/wheels/tires/trelleborg/T404/560_45R22_5.xml">
                        <physics restLoad="1.0" yOffset="0.002"/>
                    </wheel>
                </wheels>
            </wheelConfiguration>

            <wheelConfiguration name="$l10n_configuration_valueWheelBroad" price="1800" brand="MICHELIN" saveId="MICHELIN_BROAD">
                <wheels baseConfig="CONTINENTAL_DEFAULT">
                    <wheel filename="$data/shared/wheels/tires/michelin/cargoXBibHD/560_45R22_5.xml">
                        <physics restLoad="1.0" yOffset="0.008"/>
                    </wheel>
                    <wheel filename="$data/shared/wheels/tires/michelin/cargoXBibHD/560_45R22_5.xml">
                        <physics restLoad="1.0" yOffset="0.008"/>
                    </wheel>
                    <wheel filename="$data/shared/wheels/tires/michelin/cargoXBibHD/560_45R22_5.xml">
                        <physics restLoad="1.0" yOffset="0.008"/>
                        <wheelChock/>
                        <wheelChock/>
                    </wheel>
                    <wheel filename="$data/shared/wheels/tires/michelin/cargoXBibHD/560_45R22_5.xml">
                        <physics restLoad="1.0" yOffset="0.008"/>
                    </wheel>
                    <wheel filename="$data/shared/wheels/tires/michelin/cargoXBibHD/560_45R22_5.xml">
                        <physics restLoad="1.0" yOffset="0.008"/>
                    </wheel>
                    <wheel filename="$data/shared/wheels/tires/michelin/cargoXBibHD/560_45R22_5.xml">
                        <physics restLoad="1.0" yOffset="0.008"/>
                    </wheel>
                </wheels>
            </wheelConfiguration>

            <wheelConfiguration name="$l10n_configuration_valueWheelBroad" price="1800" brand="BKT" saveId="BKT_BROAD">
                <wheels baseConfig="TRELLEBORG_BROAD">
                    <wheel filename="$data/shared/wheels/tires/bkt/ridemaxFL693M/560_45R22_5.xml"/>
                    <wheel filename="$data/shared/wheels/tires/bkt/ridemaxFL693M/560_45R22_5.xml"/>
                    <wheel filename="$data/shared/wheels/tires/bkt/ridemaxFL693M/560_45R22_5.xml">
                        <wheelChock/>
                        <wheelChock/>
                    </wheel>
                    <wheel filename="$data/shared/wheels/tires/bkt/ridemaxFL693M/560_45R22_5.xml"/>
                    <wheel filename="$data/shared/wheels/tires/bkt/ridemaxFL693M/560_45R22_5.xml"/>
                    <wheel filename="$data/shared/wheels/tires/bkt/ridemaxFL693M/560_45R22_5.xml"/>
                </wheels>
            </wheelConfiguration>

            <wheelConfiguration name="$l10n_configuration_valueWheelBroad" price="1800" brand="VREDESTEIN" saveId="VREDESTEIN_BROAD">
                <wheels baseConfig="MICHELIN_BROAD">
                    <wheel filename="$data/shared/wheels/tires/vredestein/flotationTrac/560_45R22_5.xml"/>
                    <wheel filename="$data/shared/wheels/tires/vredestein/flotationTrac/560_45R22_5.xml"/>
                    <wheel filename="$data/shared/wheels/tires/vredestein/flotationTrac/560_45R22_5.xml">
                        <wheelChock/>
                        <wheelChock/>
                    </wheel>
                    <wheel filename="$data/shared/wheels/tires/vredestein/flotationTrac/560_45R22_5.xml"/>
                    <wheel filename="$data/shared/wheels/tires/vredestein/flotationTrac/560_45R22_5.xml"/>
                    <wheel filename="$data/shared/wheels/tires/vredestein/flotationTrac/560_45R22_5.xml"/>
                </wheels>
            </wheelConfiguration>
        </wheelConfigurations>

        <hubs>
            <color0 useBaseColor="true"/>
            <color1>SHARED_GREY3</color1>
            <hub linkNode="wheelFrontLeft"   filename="$data/shared/wheels/hubs/hub_n10_5.xml" isLeft="true"  scale="0.28 0.33 0.33" offset="0.01"/>
            <hub linkNode="wheelFrontRight"  filename="$data/shared/wheels/hubs/hub_n10_5.xml" isLeft="false" scale="0.28 0.33 0.33" offset="0.01"/>
            <hub linkNode="wheelMiddleLeft"  filename="$data/shared/wheels/hubs/hub_n10_5.xml" isLeft="true"  scale="0.28 0.33 0.33" offset="0.01"/>
            <hub linkNode="wheelMiddleRight" filename="$data/shared/wheels/hubs/hub_n10_5.xml" isLeft="false" scale="0.28 0.33 0.33" offset="0.01"/>
            <hub linkNode="wheelBackLeft"    filename="$data/shared/wheels/hubs/hub_n10_5.xml" isLeft="true"  scale="0.28 0.33 0.33" offset="0.01"/>
            <hub linkNode="wheelBackRight"   filename="$data/shared/wheels/hubs/hub_n10_5.xml" isLeft="false" scale="0.28 0.33 0.33" offset="0.01"/>
        </hubs>
    </wheels>-->

    <dynamicallyLoadedParts>
        <dynamicallyLoadedPart node="0" linkNode="chockSupport01" filename="$data/shared/assets/wheelChocks/wheelChockSupport01.i3d"/>
        <dynamicallyLoadedPart node="0" linkNode="chockSupport02" filename="$data/shared/assets/wheelChocks/wheelChockSupport01.i3d"/>
    </dynamicallyLoadedParts>

    <lights>
        <sharedLight linkNode="sideMarker01"       filename="$data/shared/assets/reflectors/lizard/yellowRound_01.xml" />
        <sharedLight linkNode="sideMarker02"       filename="$data/shared/assets/reflectors/lizard/yellowRound_01.xml" />
        <sharedLight linkNode="sideMarker03"       filename="$data/shared/assets/lights/lizard/sideMarker03_left.xml" />
        <sharedLight linkNode="sideMarker04"       filename="$data/shared/assets/lights/lizard/sideMarker03_right.xml" />
        <sharedLight linkNode="backlightLeft"      filename="$data/shared/assets/lights/lizard/rearLight08_left.xml" />
        <sharedLight linkNode="backlightRight"     filename="$data/shared/assets/lights/lizard/rearLight08_right.xml" />
        <sharedLight linkNode="plateNumberLight02" filename="$data/shared/assets/lights/lizard/plateNumberLight02.xml" />
        <realLights>
            <high>
                <light node="backLightsHigh1" lightTypes="0"/>
                <light node="licensePlateLightHigh" lightTypes="0"/>
                <turnLightLeft node="turnLightLeftBack" />
                <turnLightRight node="turnLightRightBack" />
                <brakeLight node="backLightsHigh1" />
            </high>
        </realLights>

        <beaconLights>
           <beaconLight node="beaconLight" speed="0.015" filename="$data/shared/assets/beaconLights/lizard/beaconLight01.xml" />
       </beaconLights>
    </lights>


    <animations>
        <animation name="moveSupport">
            <part componentJointIndex="2" startTime="0.0" endTime="0.15" startRotLimit="20 0 0" endRotLimit="0 0 0" />

            <sound template="smallImp"     startTime="0.14" direction="1"  volumeScale="1.0" pitchScale="0.9"  outerRadius="25" linkNodeOffset="1 0.5 -4"/>
            <sound template="fenceWoodImp" startTime="0.14" direction="1"  volumeScale="1.0" pitchScale="0.9"  outerRadius="25" linkNodeOffset="1 0.5 -4"/>
            <sound template="clackVar6"    startTime="0.01" direction="1"  volumeScale="2"   pitchScale="1.2"  outerRadius="45" linkNodeOffset="0 0.5 -3.5"/>
            <sound template="clackVar1"    startTime="0.14" direction="-1" volumeScale="2"   pitchScale="0.85" outerRadius="45" linkNodeOffset="0 0.5 -3.5"/>
            <sound template="clackVar1"    startTime="0.14" direction="-1" volumeScale="2.5" pitchScale="0.65" outerRadius="45" linkNodeOffset="0 0.5 3.5"/>
        </animation>
    </animations>

    <cylindered>
        <movingParts>
            <movingPart node="drawBarSpring" referencePoint="drawBarSpringRef" referenceFrame="drawBarSpringRef" scaleZ="true" isActiveDirty="true" maxUpdateDistance="40" />
        </movingParts>
    </cylindered>

    <dynamicMountAttacher triggerNode="dynamicMountTrigger" rootNode="hr12Trailer_main_component1" jointNode="hr12Trailer_main_component1" forceAcceleration="500" mountType="TYPE_AUTO_ATTACH_XZ" transferMass="true">
        <lockPosition xmlFilename="HR12/holmerHR12.xml, hr12/hr12" jointNode="cutterLockNode"/>
    </dynamicMountAttacher>

    <foliageBending>
        <bendingNode minX="-1.2" maxX="1.2" minZ="-4.7" maxZ="5.3" yOffset="0.35" />
    </foliageBending>

    <ai>
        <agentAttachment jointNode="attacherJoint" rotCenterWheelIndices="3 4" width="2.8" height="1.9" length="11.2" lengthOffset="4.9" hasCollision="false"/>
    </ai>

    <baseMaterial>
        <material name="hr12Trailer_mat" baseNode="hr12_vis">
            <shaderParameter name="colorMat0" value="HOLMER_RED1"/>
			<shaderParameter name="colorMat1" value="HOLMER_RED1"/>
        </material>
		<material name="hitch" baseNode="0>0|6">
            <shaderParameter name="colorMat0" value="HOLMER_RED1"/>
		</material>
		
    </baseMaterial>
	
	<baseMaterialConfigurations useDefaultColors="true">
		<baseMaterialConfiguration name="$l10n_color_Holmer_Red"  color="HOLMER_RED1" />
		<baseMaterialConfiguration name="$l10n_color_GRIMME_YELLOW" 		color="GRIMME_YELLOW1" 			material="0" price="0"/>
		<baseMaterialConfiguration name="$l10n_color_LIGHT_SILVER"  	color="SHARED_WHITE2" 		material="27" price="0"/>
		<baseMaterialConfiguration name="$l10n_color_BLUSH" 		color="KOTTE_RED1" 			    material="0" price="0"/>
		<baseMaterialConfiguration name="$l10n_color_TURQUOISE" 		color="BERTHOUD_TURQUOISE1" 	material="0" price="0"/>
		<baseMaterialConfiguration name="$l10n_color_EINBOECK_GREEN" 		color="EINBOECK_GREEN1" 			material="0" price="0"/>
		<baseMaterialConfiguration name="$l10n_color_BREDAL_YELLOW" color="BREDAL_YELLOW1" 		material="0" price="0"/>
		<baseMaterialConfiguration name="$l10n_color_FENDT_ORANGE"      color="FENDT_ORANGE1"           material="0" price="0"/>
		<baseMaterialConfiguration name="$l10n_color_PLUM" 		    color="0.040 0.010 0.220"		    material="0" price="0"/>
		
		<baseMaterialConfiguration name="$l10n_color_KRONE_YELLOW" 		color="KRONE_YELLOW1" 			material="0" price="0"/>
		<baseMaterialConfiguration name="$l10n_color_SILVER" 		    color="SHARED_GREY2" 		material="27" price="0"/>
		<baseMaterialConfiguration name="$l10n_color_PEACH" 		    color="KAERCHER_RED" 			    material="0" price="0"/>
		<baseMaterialConfiguration name="$l10n_color_FARMET_BLUE" 		color="FARMET_BLUE1" 	material="0" price="0" isDefault="true"/>
		<baseMaterialConfiguration name="$l10n_color_KRONE_GREEN" 		color="KRONE_GREEN1" 			material="0" price="0"/>
		<baseMaterialConfiguration name="$l10n_color_DEUTZ_YELLOW" color="DEUTZ_YELLOW1" 		material="0" price="0"/>
		<baseMaterialConfiguration name="$l10n_color_ROTTNE_ORANGE"      color="ROTTNE_ORANGE2"           material="0" price="0"/>
		<baseMaterialConfiguration name="$l10n_color_PURPLE" 		    color="FENDT_VIOLET1"		    material="0" price="0"/>
		
		<baseMaterialConfiguration name="$l10n_color_GOLD_CHROME" 	color="KRONE_YELLOW1" 		material="2" price="0"/>
		<baseMaterialConfiguration name="$l10n_color_BLACK_CHROME" 	color="SHARED_BLACK2" 		material="2" price="0"/>
		<baseMaterialConfiguration name="$l10n_color_RED_CHROME" 	color="CASEIH_RED1" 		material="2" price="0"/>
		<baseMaterialConfiguration name="$l10n_color_BLUE_CHROME" 	color="NEWHOLLAND_BLUE1" 	material="2" price="0"/>
		<baseMaterialConfiguration name="$l10n_color_GREEN_CHROME" 	color="KRONE_GREEN1" 		material="2" price="0"/>
		<baseMaterialConfiguration name="$l10n_color_YELLOW_CHROME" color="JOHNDEERE_YELLOW1"	material="2" price="0"/>
		<baseMaterialConfiguration name="$l10n_color_ORANGE_CHROME" color="VALTRA_ORANGE1" 	    material="2" price="0"/>
		<baseMaterialConfiguration name="$l10n_color_PURPLE_CHROME" color="FENDT_VIOLET1" 		material="2" price="0"/>
		
		<baseMaterialConfiguration name="$l10n_color_GOLD_GLOSS" 	color="KRONE_YELLOW1"		material="3" price="0"/>
		<baseMaterialConfiguration name="$l10n_color_BLACK_GLOSS"  	color="SHARED_BLACK2" 		material="3" price="0"/>
		<baseMaterialConfiguration name="$l10n_color_RED_GLOSS" 	color="CASEIH_RED1" 		material="3" price="0"/>
		<baseMaterialConfiguration name="$l10n_color_BLUE_GLOSS" 	color="NEWHOLLAND_BLUE1" 	material="3" price="0"/>
		<baseMaterialConfiguration name="$l10n_color_GREEN_GLOSS"  	color="KRONE_GREEN1" 		material="3" price="0"/>
		<baseMaterialConfiguration name="$l10n_color_YELLOW_GLOSS" 	color="JOHNDEERE_YELLOW1"	material="3" price="0"/>
		<baseMaterialConfiguration name="$l10n_color_ORANGE_GLOSS" 	color="VALTRA_ORANGE1" 	    material="3" price="0"/>
		<baseMaterialConfiguration name="$l10n_color_PURPLE_GLOSS" 	color="FENDT_VIOLET1" 	    material="3" price="0"/>
		
		<baseMaterialConfiguration name="$l10n_color_GOLD_METALFLAKE" 	color="KRONE_YELLOW1"		material="9" price="0"/>
		<baseMaterialConfiguration name="$l10n_color_BLACK_METALFLAKE" 	color="SHARED_BLACK2" 		material="9" price="0"/>
		<baseMaterialConfiguration name="$l10n_color_RED_METALFLAKE" 	color="CASEIH_RED1" 		material="9" price="0"/>
		<baseMaterialConfiguration name="$l10n_color_BLUE_METALFLAKE" 	color="NEWHOLLAND_BLUE1" 	material="9" price="0"/>
		<baseMaterialConfiguration name="$l10n_color_GREEN_METALFLAKE" 	color="KRONE_GREEN1" 		material="9" price="0"/>
		<baseMaterialConfiguration name="$l10n_color_YELLOW_METALFLAKE" color="JOHNDEERE_YELLOW1"	material="9" price="0"/>
		<baseMaterialConfiguration name="$l10n_color_ORANGE_METALFLAKE" color="VALTRA_ORANGE1" 	    material="9" price="0"/>
		<baseMaterialConfiguration name="$l10n_color_PURPLE_METALFLAKE" color="FENDT_VIOLET1" 	    material="9" price="0"/>
		
		<baseMaterialConfiguration name="$l10n_color_GOLD_SATIN" 	    color="KRONE_YELLOW1"		material="27" price="0"/>
		<baseMaterialConfiguration name="$l10n_color_BLACK_SATIN" 	    color="SHARED_BLACK2" 		material="27" price="0"/>
		<baseMaterialConfiguration name="$l10n_color_RED_SATIN" 		color="CASEIH_RED1" 		material="27" price="0"/>
		<baseMaterialConfiguration name="$l10n_color_BLUE_SATIN" 	    color="NEWHOLLAND_BLUE1" 	material="27" price="0"/>
		<baseMaterialConfiguration name="$l10n_color_GREEN_SATIN" 	    color="KRONE_GREEN1" 		material="27" price="0"/>
		<baseMaterialConfiguration name="$l10n_color_YELLOW_SATIN"   	color="JOHNDEERE_YELLOW1"	material="27" price="0"/>
		<baseMaterialConfiguration name="$l10n_color_ORANGE_SATIN" 	    color="VALTRA_ORANGE1" 	    material="27" price="0"/>
		<baseMaterialConfiguration name="$l10n_color_PURPLE_SATIN" 	    color="FENDT_VIOLET1" 		material="27" price="0"/>
		
		<baseMaterialConfiguration name="$l10n_color_OLD_KRONE_YELLOW" 	color="KRONE_YELLOW1"	    material="6" price="0"/>
		<baseMaterialConfiguration name="$l10n_color_OLD_BLACK" 	    color="SHARED_BLACK2" 		material="6" price="0"/>
		<baseMaterialConfiguration name="$l10n_color_OLD_CASE_RED" 		color="CASEIH_RED1" 		material="6" price="0"/>
		<baseMaterialConfiguration name="$l10n_color_OLD_NH_BLUE" 	    color="NEWHOLLAND_BLUE1" 	material="6" price="0"/>
		<baseMaterialConfiguration name="$l10n_color_OLD_KRONE_GREEN" 	color="KRONE_GREEN1"        material="6" price="0"/>
		<baseMaterialConfiguration name="$l10n_color_OLD_JD_YELLOW"   	color="JOHNDEERE_YELLOW1"	material="6" price="0"/>
		<baseMaterialConfiguration name="$l10n_color_OLD_ORANGE" 	    color="VALTRA_ORANGE1" 	    material="6" price="0"/>
		<baseMaterialConfiguration name="$l10n_color_OLD_PURPLE" 	    color="FENDT_VIOLET1" 		material="6" price="0"/>
		
		<baseMaterialConfiguration name="$l10n_color_GOLD_CHECK" 	color="KRONE_YELLOW1"	    material="39" price="0"/>
		<baseMaterialConfiguration name="$l10n_color_BLACK_CHECK" 	    color="SHARED_BLACK2" 		material="39" price="0"/>
		<baseMaterialConfiguration name="$l10n_color_RED_CHECK" 		color="CASEIH_RED1" 		material="39" price="0"/>
		<baseMaterialConfiguration name="$l10n_color_BLUE_CHECK" 	    color="NEWHOLLAND_BLUE1" 	material="39" price="0"/>
		<baseMaterialConfiguration name="$l10n_color_JD_GREEN_CHECK" 	color="KRONE_GREEN1"        material="39" price="0"/>
		<baseMaterialConfiguration name="$l10n_color_JD_YELLOW_CHECK"   	color="JOHNDEERE_YELLOW1"	material="39" price="0"/>
		<baseMaterialConfiguration name="$l10n_color_ORANGE_CHECK" 	    color="VALTRA_ORANGE1" 	    material="39" price="0"/>
		<baseMaterialConfiguration name="$l10n_color_PURPLE_CHECK" 	    color="FENDT_VIOLET1" 		material="39" price="0"/>
		<baseMaterialConfiguration name="$l10n_color_STAINLESS_CHECK"  	color="SHARED_WHITE2" 		material="39" price="0"/>
		
		<baseMaterialConfiguration name="$l10n_color_CHROME" 		color="SHARED_WHITE2"		material="2" price="0"/>
		<baseMaterialConfiguration name="$l10n_color_STAINLESS"  	color="SHARED_WHITE2" 		material="3" price="0"  />
		<baseMaterialConfiguration name="$l10n_color_Tooth_Paste" color="HUERLIMANN_GREEN1_1" price="0"  />

        <material name="hr12Trailer_mat" 	shaderParameter="colorMat0"/>
        <material name="hr12Trailer_mat" 	shaderParameter="colorMat1"/>
        <material name="hitch" 	shaderParameter="colorMat0"/>		
    </baseMaterialConfigurations>
	
	<rimColorConfigurations price="0" useDefaultColors="true" >
	    <rimColorConfiguration name="$l10n_color_GRIMME_YELLOW" color="GRIMME_YELLOW1" 		material="0" price="0"/>
		<rimColorConfiguration name="$l10n_color_LIGHT_SILVER"  	color="SHARED_WHITE2" 		material="27" price="0"/>
		<rimColorConfiguration name="$l10n_color_BLUSH" 		color="KOTTE_RED1" 			    material="0" price="0"/>
		<rimColorConfiguration name="$l10n_color_TURQUOISE" 		color="BERTHOUD_TURQUOISE1" 	material="0" price="0"/>
		<rimColorConfiguration name="$l10n_color_EINBOECK_GREEN" 		color="EINBOECK_GREEN1" 			material="0" price="0"/>
		<rimColorConfiguration name="$l10n_color_BREDAL_YELLOW" color="BREDAL_YELLOW1" 		material="0" price="0"/>
		<rimColorConfiguration name="$l10n_color_FENDT_ORANGE"      color="FENDT_ORANGE1"           material="0" price="0"/>
		<rimColorConfiguration name="$l10n_color_PLUM" 		    color="0.040 0.010 0.220"		    material="0" price="0"/>
		
		<rimColorConfiguration name="$l10n_color_KRONE_YELLOW" 		color="KRONE_YELLOW1" 			material="0" price="0"/>
		<rimColorConfiguration name="$l10n_color_SILVER" 		    color="SHARED_GREY2" 		material="27" price="0"/>
		<rimColorConfiguration name="$l10n_color_PEACH" 		    color="KAERCHER_RED" 			    material="0" price="0"/>
		<rimColorConfiguration name="$l10n_color_FARMET_BLUE" 		color="FARMET_BLUE1" 	material="0" price="0"/>
		<rimColorConfiguration name="$l10n_color_KRONE_GREEN" 		color="KRONE_GREEN1" 			material="0" price="0"/>
		<rimColorConfiguration name="$l10n_color_DEUTZ_YELLOW" color="DEUTZ_YELLOW1" 		material="0" price="0"/>
		<rimColorConfiguration name="$l10n_color_ROTTNE_ORANGE"      color="ROTTNE_ORANGE2"           material="0" price="0"/>
		<rimColorConfiguration name="$l10n_color_PURPLE" 		    color="FENDT_VIOLET1"		    material="0" price="0"/>
		
		<rimColorConfiguration name="$l10n_color_GOLD_CHROME" 	color="KRONE_YELLOW1" 		material="2" price="0"/>
		<rimColorConfiguration name="$l10n_color_BLACK_CHROME" 	color="SHARED_BLACK2" 		material="2" price="0"/>
		<rimColorConfiguration name="$l10n_color_RED_CHROME" 	color="CASEIH_RED1" 		material="2" price="0"/>
		<rimColorConfiguration name="$l10n_color_BLUE_CHROME" 	color="NEWHOLLAND_BLUE1" 	material="2" price="0"/>
		<rimColorConfiguration name="$l10n_color_GREEN_CHROME" 	color="KRONE_GREEN1" 		material="2" price="0"/>
		<rimColorConfiguration name="$l10n_color_YELLOW_CHROME" color="JOHNDEERE_YELLOW1"	material="2" price="0"/>
		<rimColorConfiguration name="$l10n_color_ORANGE_CHROME" color="VALTRA_ORANGE1" 	    material="2" price="0"/>
		<rimColorConfiguration name="$l10n_color_PURPLE_CHROME" color="FENDT_VIOLET1" 		material="2" price="0"/>
		
		<rimColorConfiguration name="$l10n_color_GOLD_GLOSS" 	color="KRONE_YELLOW1"		material="3" price="0"/>
		<rimColorConfiguration name="$l10n_color_BLACK_GLOSS"  	color="SHARED_BLACK2" 		material="3" price="0"/>
		<rimColorConfiguration name="$l10n_color_RED_GLOSS" 	color="CASEIH_RED1" 		material="3" price="0" />
		<rimColorConfiguration name="$l10n_color_BLUE_GLOSS" 	color="NEWHOLLAND_BLUE1" 	material="3" price="0"/>
		<rimColorConfiguration name="$l10n_color_GREEN_GLOSS"  	color="KRONE_GREEN1" 		material="3" price="0"/>
		<rimColorConfiguration name="$l10n_color_YELLOW_GLOSS" 	color="JOHNDEERE_YELLOW1"	material="3" price="0"/>
		<rimColorConfiguration name="$l10n_color_ORANGE_GLOSS" 	color="VALTRA_ORANGE1" 	    material="3" price="0"/>
		<rimColorConfiguration name="$l10n_color_PURPLE_GLOSS" 	color="FENDT_VIOLET1" 	    material="3" price="0"/>
		
		<rimColorConfiguration name="$l10n_color_GOLD_METALFLAKE" 	color="KRONE_YELLOW1"		material="9" price="0"/>
		<rimColorConfiguration name="$l10n_color_BLACK_METALFLAKE" 	color="SHARED_BLACK2" 		material="9" price="0"/>
		<rimColorConfiguration name="$l10n_color_RED_METALFLAKE" 	color="CASEIH_RED1" 		material="9" price="0"/>
		<rimColorConfiguration name="$l10n_color_BLUE_METALFLAKE" 	color="NEWHOLLAND_BLUE1" 	material="9" price="0"/>
		<rimColorConfiguration name="$l10n_color_GREEN_METALFLAKE" 	color="KRONE_GREEN1" 		material="9" price="0"/>
		<rimColorConfiguration name="$l10n_color_YELLOW_METALFLAKE" color="JOHNDEERE_YELLOW1"	material="9" price="0"/>
		<rimColorConfiguration name="$l10n_color_ORANGE_METALFLAKE" color="VALTRA_ORANGE1" 	    material="9" price="0"/>
		<rimColorConfiguration name="$l10n_color_PURPLE_METALFLAKE" color="FENDT_VIOLET1" 	    material="9" price="0"/>
		
		<rimColorConfiguration name="$l10n_color_GOLD_SATIN" 	    color="KRONE_YELLOW1"		material="27" price="0"/>
		<rimColorConfiguration name="$l10n_color_BLACK_SATIN" 	    color="SHARED_BLACK2" 		material="27" price="0" isDefault="true"/>
		<rimColorConfiguration name="$l10n_color_RED_SATIN" 		color="CASEIH_RED1" 		material="27" price="0"/>
		<rimColorConfiguration name="$l10n_color_BLUE_SATIN" 	    color="NEWHOLLAND_BLUE1" 	material="27" price="0"/>
		<rimColorConfiguration name="$l10n_color_GREEN_SATIN" 	    color="KRONE_GREEN1" 		material="27" price="0"/>
		<rimColorConfiguration name="$l10n_color_YELLOW_SATIN"   	color="JOHNDEERE_YELLOW1"	material="27" price="0"/>
		<rimColorConfiguration name="$l10n_color_ORANGE_SATIN" 	    color="VALTRA_ORANGE1" 	    material="27" price="0"/>
		<rimColorConfiguration name="$l10n_color_PURPLE_SATIN" 	    color="FENDT_VIOLET1" 		material="27" price="0"/>
		
		<rimColorConfiguration name="$l10n_color_OLD_KRONE_YELLOW" 	color="KRONE_YELLOW1"	    material="6" price="0"/>
		<rimColorConfiguration name="$l10n_color_OLD_BLACK" 	    color="SHARED_BLACK2" 		material="6" price="0"/>
		<rimColorConfiguration name="$l10n_color_OLD_CASE_RED" 		color="CASEIH_RED1" 		material="6" price="0"/>
		<rimColorConfiguration name="$l10n_color_OLD_NH_BLUE" 	    color="NEWHOLLAND_BLUE1" 	material="6" price="0"/>
		<rimColorConfiguration name="$l10n_color_OLD_KRONE_GREEN" 	color="KRONE_GREEN1"        material="6" price="0"/>
		<rimColorConfiguration name="$l10n_color_OLD_JD_YELLOW"   	color="JOHNDEERE_YELLOW1"	material="6" price="0"/>
		<rimColorConfiguration name="$l10n_color_OLD_ORANGE" 	    color="VALTRA_ORANGE1" 	    material="6" price="0"/>
		<rimColorConfiguration name="$l10n_color_OLD_PURPLE" 	    color="FENDT_VIOLET1" 		material="6" price="0"/>
		
		<rimColorConfiguration name="$l10n_color_GOLD_CHECK" 	color="KRONE_YELLOW1"	    material="39" price="0"/>
		<rimColorConfiguration name="$l10n_color_BLACK_CHECK" 	    color="SHARED_BLACK2" 		material="39" price="0"/>
		<rimColorConfiguration name="$l10n_color_RED_CHECK" 		color="CASEIH_RED1" 		material="39" price="0"/>
		<rimColorConfiguration name="$l10n_color_BLUE_CHECK" 	    color="NEWHOLLAND_BLUE1" 	material="39" price="0"/>
		<rimColorConfiguration name="$l10n_color_JD_GREEN_CHECK" 	color="KRONE_GREEN1"        material="39" price="0"/>
		<rimColorConfiguration name="$l10n_color_JD_YELLOW_CHECK"   	color="JOHNDEERE_YELLOW1"	material="39" price="0"/>
		<rimColorConfiguration name="$l10n_color_ORANGE_CHECK" 	    color="VALTRA_ORANGE1" 	    material="39" price="0"/>
		<rimColorConfiguration name="$l10n_color_PURPLE_CHECK" 	    color="FENDT_VIOLET1" 		material="39" price="0"/>
		<rimColorConfiguration name="$l10n_color_STAINLESS_CHECK"  	color="SHARED_WHITE2" 		material="39" price="0"/>
		
		<rimColorConfiguration name="$l10n_color_CHROME" 		color="SHARED_WHITE2"		material="2" price="0"/>
		<rimColorConfiguration name="$l10n_color_STAINLESS"  	color="SHARED_WHITE2" 		material="3" price="0"  />
		<rimColorConfiguration name="$l10n_color_Tooth_Paste" color="HUERLIMANN_GREEN1_1" price="0" />
		<rimColorConfiguration name="$l10n_color_Default" color="SHARED_WHITE1" material="18" price="0" isDefault="true"/>
		
		</rimColorConfigurations>
		
		<baseColorConfigurations price="0" useDefaultColors="true" title="$l10n_configuration_hubColor" >
	    <baseColorConfiguration name="$l10n_color_GRIMME_YELLOW" color="GRIMME_YELLOW1" 		material="0" price="0"/>
		<baseColorConfiguration name="$l10n_color_LIGHT_SILVER"  	color="SHARED_WHITE2" 		material="27" price="0"/>
		<baseColorConfiguration name="$l10n_color_BLUSH" 		color="KOTTE_RED1" 			    material="0" price="0"/>
		<baseColorConfiguration name="$l10n_color_TURQUOISE" 		color="BERTHOUD_TURQUOISE1" 	material="0" price="0"/>
		<baseColorConfiguration name="$l10n_color_EINBOECK_GREEN" 		color="EINBOECK_GREEN1" 			material="0" price="0"/>
		<baseColorConfiguration name="$l10n_color_BREDAL_YELLOW" color="BREDAL_YELLOW1" 		material="0" price="0"/>
		<baseColorConfiguration name="$l10n_color_FENDT_ORANGE"      color="FENDT_ORANGE1"           material="0" price="0"/>
		<baseColorConfiguration name="$l10n_color_PLUM" 		    color="0.040 0.010 0.220"		    material="0" price="0"/>
		
		<baseColorConfiguration name="$l10n_color_KRONE_YELLOW" 		color="KRONE_YELLOW1" 			material="0" price="0"/>
		<baseColorConfiguration name="$l10n_color_SILVER" 		    color="SHARED_GREY2" 		material="27" price="0"/>
		<baseColorConfiguration name="$l10n_color_PEACH" 		    color="KAERCHER_RED" 			    material="0" price="0"/>
		<baseColorConfiguration name="$l10n_color_FARMET_BLUE" 		color="FARMET_BLUE1" 	material="0" price="0"/>
		<baseColorConfiguration name="$l10n_color_KRONE_GREEN" 		color="KRONE_GREEN1" 			material="0" price="0"/>
		<baseColorConfiguration name="$l10n_color_DEUTZ_YELLOW" color="DEUTZ_YELLOW1" 		material="0" price="0"/>
		<baseColorConfiguration name="$l10n_color_ROTTNE_ORANGE"      color="ROTTNE_ORANGE2"           material="0" price="0"/>
		<baseColorConfiguration name="$l10n_color_PURPLE" 		    color="FENDT_VIOLET1"		    material="0" price="0"/>
		
		<baseColorConfiguration name="$l10n_color_GOLD_CHROME" 	color="KRONE_YELLOW1" 		material="2" price="0"/>
		<baseColorConfiguration name="$l10n_color_BLACK_CHROME" 	color="SHARED_BLACK2" 		material="2" price="0"/>
		<baseColorConfiguration name="$l10n_color_RED_CHROME" 	color="CASEIH_RED1" 		material="2" price="0"/>
		<baseColorConfiguration name="$l10n_color_BLUE_CHROME" 	color="NEWHOLLAND_BLUE1" 	material="2" price="0"/>
		<baseColorConfiguration name="$l10n_color_GREEN_CHROME" 	color="KRONE_GREEN1" 		material="2" price="0"/>
		<baseColorConfiguration name="$l10n_color_YELLOW_CHROME" color="JOHNDEERE_YELLOW1"	material="2" price="0"/>
		<baseColorConfiguration name="$l10n_color_ORANGE_CHROME" color="VALTRA_ORANGE1" 	    material="2" price="0"/>
		<baseColorConfiguration name="$l10n_color_PURPLE_CHROME" color="FENDT_VIOLET1" 		material="2" price="0"/>
		
		<baseColorConfiguration name="$l10n_color_GOLD_GLOSS" 	color="KRONE_YELLOW1"		material="3" price="0"/>
		<baseColorConfiguration name="$l10n_color_BLACK_GLOSS"  	color="SHARED_BLACK2" 		material="3" price="0"/>
		<baseColorConfiguration name="$l10n_color_RED_GLOSS" 	color="CASEIH_RED1" 		material="3" price="0" />
		<baseColorConfiguration name="$l10n_color_BLUE_GLOSS" 	color="NEWHOLLAND_BLUE1" 	material="3" price="0"/>
		<baseColorConfiguration name="$l10n_color_GREEN_GLOSS"  	color="KRONE_GREEN1" 		material="3" price="0"/>
		<baseColorConfiguration name="$l10n_color_YELLOW_GLOSS" 	color="JOHNDEERE_YELLOW1"	material="3" price="0"/>
		<baseColorConfiguration name="$l10n_color_ORANGE_GLOSS" 	color="VALTRA_ORANGE1" 	    material="3" price="0"/>
		<baseColorConfiguration name="$l10n_color_PURPLE_GLOSS" 	color="FENDT_VIOLET1" 	    material="3" price="0"/>
		
		<baseColorConfiguration name="$l10n_color_GOLD_METALFLAKE" 	color="KRONE_YELLOW1"		material="9" price="0"/>
		<baseColorConfiguration name="$l10n_color_BLACK_METALFLAKE" 	color="SHARED_BLACK2" 		material="9" price="0"/>
		<baseColorConfiguration name="$l10n_color_RED_METALFLAKE" 	color="CASEIH_RED1" 		material="9" price="0"/>
		<baseColorConfiguration name="$l10n_color_BLUE_METALFLAKE" 	color="NEWHOLLAND_BLUE1" 	material="9" price="0"/>
		<baseColorConfiguration name="$l10n_color_GREEN_METALFLAKE" 	color="KRONE_GREEN1" 		material="9" price="0"/>
		<baseColorConfiguration name="$l10n_color_YELLOW_METALFLAKE" color="JOHNDEERE_YELLOW1"	material="9" price="0"/>
		<baseColorConfiguration name="$l10n_color_ORANGE_METALFLAKE" color="VALTRA_ORANGE1" 	    material="9" price="0"/>
		<baseColorConfiguration name="$l10n_color_PURPLE_METALFLAKE" color="FENDT_VIOLET1" 	    material="9" price="0"/>
		
		<baseColorConfiguration name="$l10n_color_GOLD_SATIN" 	    color="KRONE_YELLOW1"		material="27" price="0"/>
		<baseColorConfiguration name="$l10n_color_BLACK_SATIN" 	    color="SHARED_BLACK2" 		material="27" price="0"/>
		<baseColorConfiguration name="$l10n_color_RED_SATIN" 		color="CASEIH_RED1" 		material="27" price="0"/>
		<baseColorConfiguration name="$l10n_color_BLUE_SATIN" 	    color="NEWHOLLAND_BLUE1" 	material="27" price="0"/>
		<baseColorConfiguration name="$l10n_color_GREEN_SATIN" 	    color="KRONE_GREEN1" 		material="27" price="0"/>
		<baseColorConfiguration name="$l10n_color_YELLOW_SATIN"   	color="JOHNDEERE_YELLOW1"	material="27" price="0"/>
		<baseColorConfiguration name="$l10n_color_ORANGE_SATIN" 	    color="VALTRA_ORANGE1" 	    material="27" price="0"/>
		<baseColorConfiguration name="$l10n_color_PURPLE_SATIN" 	    color="FENDT_VIOLET1" 		material="27" price="0"/>
		
		<baseColorConfiguration name="$l10n_color_OLD_KRONE_YELLOW" 	color="KRONE_YELLOW1"	    material="6" price="0"/>
		<baseColorConfiguration name="$l10n_color_OLD_BLACK" 	    color="SHARED_BLACK2" 		material="6" price="0"/>
		<baseColorConfiguration name="$l10n_color_OLD_CASE_RED" 		color="CASEIH_RED1" 		material="6" price="0"/>
		<baseColorConfiguration name="$l10n_color_OLD_NH_BLUE" 	    color="NEWHOLLAND_BLUE1" 	material="6" price="0"/>
		<baseColorConfiguration name="$l10n_color_OLD_KRONE_GREEN" 	color="KRONE_GREEN1"        material="6" price="0"/>
		<baseColorConfiguration name="$l10n_color_OLD_JD_YELLOW"   	color="JOHNDEERE_YELLOW1"	material="6" price="0"/>
		<baseColorConfiguration name="$l10n_color_OLD_ORANGE" 	    color="VALTRA_ORANGE1" 	    material="6" price="0"/>
		<baseColorConfiguration name="$l10n_color_OLD_PURPLE" 	    color="FENDT_VIOLET1" 		material="6" price="0"/>
		
		<baseColorConfiguration name="$l10n_color_GOLD_CHECK" 	color="KRONE_YELLOW1"	    material="39" price="0"/>
		<baseColorConfiguration name="$l10n_color_BLACK_CHECK" 	    color="SHARED_BLACK2" 		material="39" price="0"/>
		<baseColorConfiguration name="$l10n_color_RED_CHECK" 		color="CASEIH_RED1" 		material="39" price="0"/>
		<baseColorConfiguration name="$l10n_color_BLUE_CHECK" 	    color="NEWHOLLAND_BLUE1" 	material="39" price="0"/>
		<baseColorConfiguration name="$l10n_color_JD_GREEN_CHECK" 	color="KRONE_GREEN1"        material="39" price="0"/>
		<baseColorConfiguration name="$l10n_color_JD_YELLOW_CHECK"   	color="JOHNDEERE_YELLOW1"	material="39" price="0"/>
		<baseColorConfiguration name="$l10n_color_ORANGE_CHECK" 	    color="VALTRA_ORANGE1" 	    material="39" price="0"/>
		<baseColorConfiguration name="$l10n_color_PURPLE_CHECK" 	    color="FENDT_VIOLET1" 		material="39" price="0"/>
		<baseColorConfiguration name="$l10n_color_STAINLESS_CHECK"  	color="SHARED_WHITE2" 		material="39" price="0"/>
		
		<baseColorConfiguration name="$l10n_color_CHROME" 		color="SHARED_WHITE2"		material="2" price="0"/>
		<baseColorConfiguration name="$l10n_color_STAINLESS"  	color="SHARED_WHITE2" 		material="3" price="0"  />
		<baseColorConfiguration name="$l10n_color_Tooth_Paste" color="HUERLIMANN_GREEN1_1" price="0" />
		<baseColorConfiguration name="$l10n_color_Default" color="AGCO_GREY3" price="0" isDefault="true"/>
		
		</baseColorConfigurations>

    <wearable wearDuration="1000" workMultiplier="5" fieldMultiplier="2"/>
    <washable dirtDuration="90" washDuration="1" workMultiplier="3" fieldMultiplier="2"/>

    <i3dMappings>
        <i3dMapping id="hr12Trailer_main_component1" node="0>" />
        <i3dMapping id="hr12_vis" node="0>0" />
        <i3dMapping id="componentJoint01" node="0>0|0" />
        <i3dMapping id="chockSupport01" node="0>0|1|0" />
        <i3dMapping id="chockSupport02" node="0>0|1|1" />
        <i3dMapping id="wheelChock01" node="0>0|1|2" />
        <i3dMapping id="wheelChock02" node="0>0|1|3" />
        <i3dMapping id="wheelBackLeft" node="0>0|2|0" />
        <i3dMapping id="wheelBackRight" node="0>0|2|1" />
        <i3dMapping id="wheelChock_detached_scaled" node="0>0|2|2" />
        <i3dMapping id="sideMarker01" node="0>0|3|0|0" />
        <i3dMapping id="sideMarker02" node="0>0|3|0|1" />
        <i3dMapping id="sideMarker03" node="0>0|3|0|2" />
        <i3dMapping id="sideMarker04" node="0>0|3|0|3" />
        <i3dMapping id="backlightLeft" node="0>0|3|0|4" />
        <i3dMapping id="backlightRight" node="0>0|3|0|5" />
        <i3dMapping id="plateNumberLight02" node="0>0|3|0|6" />
        <i3dMapping id="beaconLight" node="0>0|3|1" />
        <i3dMapping id="backLightsHigh1" node="0>0|3|2" />
        <i3dMapping id="turnLightLeftBack" node="0>0|3|3" />
        <i3dMapping id="turnLightRightBack" node="0>0|3|4" />
        <i3dMapping id="licensePlateLightHigh" node="0>0|3|5|0" />
        <i3dMapping id="cutterLockNode" node="0>0|4|0" />
        <i3dMapping id="dynamicMountTrigger" node="0>0|4|1" />
        <i3dMapping id="licensePlateBack" node="0>0|5|1" />
        <i3dMapping id="hr12Trailer_dolly_component2" node="1>" />
        <i3dMapping id="componentJoint02" node="1>0" />
        <i3dMapping id="wheelFrontLeft" node="1>1|0" />
        <i3dMapping id="wheelFrontRight" node="1>1|1" />
        <i3dMapping id="drawBarSpring" node="1>2" />
        <i3dMapping id="hr12Trailer_drawbar_component3" node="2>" />
        <i3dMapping id="attacherJoint" node="2>0" />
        <i3dMapping id="electric" node="2>1|0" />
        <i3dMapping id="electric_detached" node="2>1|0|0" />
        <i3dMapping id="electric_ConnectorLinkNode" node="2>1|0|0|0" />
        <i3dMapping id="drawBarSpringRef" node="2>2" />
		<i3dMapping id="trailerAttacherJoint" node="0>0|6|0" />
		<i3dMapping id="electricBack" node="0>0|6|1" />
    </i3dMappings>
</vehicle>
