<?xml version="1.0" encoding="utf-8" standalone="no" ?>
<modDesc descVersion="72">
    <author>Dogface</author>
    <version>1.0.1.0</version>
    <title>
        <en>Mower And Wrapper With Hitch</en>
		<de>Mäher Und Wickler Mit Anhängerkupplung</de>
        <fr>Tondeuse Et Enrubanneuse Avec Attelage</fr>
    </title>
    <description>
        <en>
            <![CDATA[This mod adds a hitch and PTO to the Krone BigM450, allowing it to be used with a baler. The package also includes the KUHN SW4014 bale wrapper with an added trailer hitch, allowing it to be used a bale loader. The trailer hitch is on a moveable arm, allowing alignment with bale loader arm.

Recommended mods: Anderson Group TSR 3450, Anderson Group StackPro 7200

Krone bigM450
choice of colors
choice of twin tires
choice of engines
Price: 380,000 $
hp: 549/603

KUHN SW 4014
choice of tire brands
choice of colors
choice of worklights
Price: 54,000 $


Changelog 1.0.1.0 :
- remove mod dependency
- fix pto guard orientation
- added low trailer attachment]]>
</en>
        <de>
            <![CDATA[Dieser Mod fügt der Krone BigM450 eine Anhängevorrichtung und eine Zapfwelle hinzu, sodass sie mit einer Ballenpresse verwendet werden kann. Das Paket enthält auch den Ballenwickler SW4014 von KUHN mit einer zusätzlichen Anhängerkupplung, sodass er als Ballenlader verwendet werden kann. Die Anhängerkupplung befindet sich auf einem beweglichen Arm, der eine Ausrichtung mit dem Arm des Ballenladers ermöglicht.

Empfohlene Mods: Anderson Group TSR 3450, Anderson Group StackPro 7200

Krone groß M450
Wahl der Farben
Wahl der Zwillingsbereifung
Wahl der Motoren
Preis: 380.000 €
PS: 549/603

KUHN SW 4014
Auswahl an Reifenmarken
Wahl der Farben
Auswahl an Arbeitsscheinwerfern
Preis: 54.000 €


Änderungsprotokoll 1.0.1.0 :
- Mod-Abhängigkeit entfernen
- Ausrichtung des Zapfwellenschutzes korrigiert
- Niedriger Anhängeraufsatz hinzugefügt]]>
</de>
        <fr>
            <![CDATA[Ce mod ajoute un attelage et une prise de force au Krone BigM450, lui permettant d'être utilisé avec une presse à balles. Le forfait comprend également l'enrubanneuse de balles KUHN SW4014 avec un attelage de remorque supplémentaire, lui permettant d'être utilisé comme chargeur de balles. L'attelage de remorque est sur un bras mobile, permettant l'alignement avec le bras du chargeur de balles.

Mods recommandés : groupe Anderson TSR 3450, groupe Anderson StackPro 7200

Krone bigM450
choix de couleurs
choix de pneus jumelés
choix de moteurs
Prix : 380.000 €
ch : 549/603

KUHN SW 4014
choix de marques de pneus
choix de couleurs
choix de projecteurs de travail
Prix : 54.000 €


Journal des modifications 1.0.1.0 :
- supprimer la dépendance mod
- correction de l'orientation de la protection de la prise de force
- ajout d'un accessoire de remorque bas]]>
</fr>
    </description>
	
    <iconFilename>modIcon.dds</iconFilename>
    <multiplayer supported="true" />

    <storeItems>
        <storeItem xmlFilename="bigM450.xml" />
        <storeItem xmlFilename="sw4014.xml" />
    </storeItems>
    
<l10n>
<!-- mower -->
<text name="title_dfmh_paint01"> <en>Design Paint 2</en> <de>Designfarbe 2</de> <fr>Peinture de conception 2</fr> </text>
<text name="title_dfmh_paint02"> <en>Design Paint 3</en> <de>Designfarbe 3</de> <fr>Peinture de conception 3</fr> </text>

<!-- wrapper -->
<text name="configuration_dfmh_worklights00"> <en>Worklights and Beacon</en> <de>Arbeitsscheinwerfer und Rundumleuchte</de> <fr>Phares de travail et balise</fr> </text>
<text name="configuration_dfmh_worklights01"> <en>Worklights and Beacon</en> <de>Arbeitsscheinwerfer und Rundumleuchte</de> <fr>Phares de travail et balise</fr> </text>

<text name="color_dfmh_White"> <en>White</en> <de>Weiß</de> <fr>Blanc</fr> </text>
<text name="color_dfmh_Black"> <en>Black</en> <de>Schwarz</de> <fr>Noir</fr> </text>

<text name="color_dfmh_Red"> <en>Red</en> <de>Rot</de> <fr>Rouge</fr> </text>
<text name="color_dfmh_Yellow"> <en>Yellow</en> <de>Gelb</de> <fr>Jaune</fr> </text>
<text name="color_dfmh_Blue"> <en>Blue</en> <de>Blau</de> <fr>Bleu</fr> </text>
<text name="color_dfmh_Purple"> <en>Purple</en> <de>Violett</de> <fr>Violet</fr> </text>
<text name="color_dfmh_Green"> <en>Green</en> <de>Grün</de> <fr>Vert</fr> </text>
<text name="color_dfmh_Orange"> <en>Orange</en> <de>Orange</de> <fr>Orange</fr> </text>
<text name="color_dfmh_Pink"> <en>Pink</en> <de>Rosa</de> <fr>Rose</fr> </text>

<text name="color_dfmh_MetallicRed"> <en>Metallic Red</en> <de>Metalik Rot</de> <fr>Rouge métallique</fr> </text>
<text name="color_dfmh_MetallicYellow"> <en>Metallic Yellow</en> <de>Metalik Gelb</de> <fr>Jaune métallique</fr> </text>
<text name="color_dfmh_MetallicBlue"> <en>Metallic Blue</en> <de>Metalik Blau</de> <fr>Bleu Métallisé</fr> </text>
<text name="color_dfmh_MetallicPurple"> <en>Metallic Purple</en> <de>Metalik Lila</de> <fr>Violet métallique</fr> </text>
<text name="color_dfmh_MetallicGreen"> <en>Metallic Green</en> <de>Metalik Grün</de> <fr>Vert métallisé</fr> </text>
<text name="color_dfmh_MetallicOrange"> <en>Metallic Orange</en> <de>Metalik Orange</de> <fr>Orange métallique</fr> </text>

<text name="color_dfmh_LightRed"> <en>Light Red</en> <de>Hellrot</de> <fr>Rouge clair</fr> </text>
<text name="color_dfmh_LightYellow"> <en>Light Yellow</en> <de>Hellgelb</de> <fr>Jaune clair</fr> </text>
<text name="color_dfmh_LightBlue"> <en>Light Blue</en> <de>Hellblau</de> <fr>Bleu clair</fr> </text>
<text name="color_dfmh_LightPurple"> <en>Light Purple</en> <de>Helles Lila</de> <fr>Violet clair</fr> </text>
<text name="color_dfmh_LightGreen"> <en>Light Green</en> <de>Hellgrün</de> <fr>Vert clair</fr> </text>
<text name="color_dfmh_LightOrange"> <en>Light Orange</en> <de>Hell orange</de> <fr>Orange clair</fr> </text>

<text name="color_dfmh_Steel"> <en>Steel</en> <de>Stahl</de> <fr>Acier</fr> </text>
</l10n>
</modDesc>
