<?xml version="1.0" encoding="utf-8" standalone="no"?>
<l10n>
	<texts>
		<text name="configuration_tecido" text="Fabric" />
		<text name="configuration_couro" text="Leather" />
		<text name="configuration_frontWeights" text="Front Weights" />
		<text name="configuration_wheelWeights" text="Wheel Weights" />
		<text name="configuration_cortina" text="Cabin Curtains" />
		<text name="configuration_cortinaNo" text="No Curtain" />
		<text name="configuration_cortinaFront" text="Front Curtain" />
		<text name="configuration_cortinaRight" text="Curtain Right" />
		<text name="configuration_cortinaRear" text="Curtains Rear" />
		<text name="configuration_cortinaFrontRear" text="Front and Rear Curtain" />
		<text name="configuration_cortinaAll" text="All Curtains" />
		<text name="configuration_rearCabPlate" text="Cab Rear Plate" />
		<text name="configuration_plateAndBase" text="With Support and Plate" />
		<text name="configuration_noPlate" text="No Plate Support" />
		<text name="configuration_windowsColors" text="Glass Color" />
		<text name="configuration_lightWindows" text="Light Windows" />
		<text name="configuration_darkWindows" text="Dark Windows" />
		<text name="configuration_sinalizerLateral" text="Side Indicators" />
		<text name="configuration_seatColor" text="Seat Material" />
		<text name="configuration_no3Point" text="No 3 Point Hydraulic" />
		<text name="engineMagnum260" text="Magnum AFS 260 Connect Sugarcane" />
		<text name="configuration_cortinaFrontRight" text="curtain Front right" />		
	</texts>
</l10n>