<?xml version="1.0" encoding="utf-8" standalone="no"?>
<l10n>
    <texts>
		<text name="configuration_tecido" text="Stoff" />
		<text name="configuration_couro" text="Leder" />
		<text name="configuration_frontWeights" text="Vordere Gewichte" />
		<text name="configuration_wheelWeights" text="Radgewichte" />
		<text name="configuration_cortina" text="Vorhang" />
		<text name="configuration_cortinaNo" text="Kein Vorhang" />
		<text name="configuration_cortinaFront" text="Vorderer Vorhang" />
		<text name="configuration_cortinaRight" text="Vorhang rechts" />
		<text name="configuration_cortinaRear" text="Vorhang hinten" />
		<text name="configuration_cortinaFrontRear" text="Vorhang vorne hinten" />
		<text name="configuration_cortinaAll" text="Alle Vorhänge" />
		<text name="configuration_rearCabPlate" text="Rückwand der Kabine" />
		<text name="configuration_plateAndBase" text="Mit Unterstützung und Platte" />
		<text name="configuration_noPlate" text="Keine Plattenunterstützung" />
		<text name="configuration_windowsColors" text="Glasfarbe" />
		<text name="configuration_lightWindows" text="Leichte Fenster" />
		<text name="configuration_darkWindows" text="Dunkle Fenster" />
		<text name="configuration_sinalizerLateral" text="Seitenblinker" />
		<text name="configuration_seatColor" text="Sitzmaterial" />
		<text name="configuration_no3Point" text="Keine 3-Punkt-Hydraulik" />
		<text name="engineMagnum260" text="Magnum AFS 260 Connect Zuckerrohr" />
		<text name="configuration_cortinaFrontRight" text="Vorhang Vorderseite rechts" />		
    </texts>
</l10n>