<?xml version="1.0" encoding="utf-8" standalone="no"?>
<l10n>
	<texts>
		<text name="configuration_tecido" text="Tecido" />
		<text name="configuration_couro" text="Couro" />
		<text name="configuration_frontWeights" text="Pesos Frontais" />
		<text name="configuration_wheelWeights" text="Pesos De Roda" />
		<text name="configuration_cortina" text="Cortinas Da Cabine" />
		<text name="configuration_cortinaNo" text="Sem Cortina" />
		<text name="configuration_cortinaFront" text="Cortina Frontal" />
		<text name="configuration_cortinaRight" text="Cortina Direita" />
		<text name="configuration_cortinaRear" text="Cortina Rear" />
		<text name="configuration_cortinaFrontRear" text="Cortina Frontal e Traseira" />
		<text name="configuration_cortinaAll" text="Todas Cortinas" />
		<text name="configuration_rearCabPlate" text="Placa Traseira da Cabine" />
		<text name="configuration_plateAndBase" text="Com Suporte e Placa" />
		<text name="configuration_noPlate" text="Sem Suporte de Placa" />
		<text name="configuration_windowsColors" text="Cor Dos Vidros" />
		<text name="configuration_lightWindows" text="Vidros Claros" />
		<text name="configuration_darkWindows" text="Vidros Escuros" />
		<text name="configuration_sinalizerLateral" text="Sinalizadores" />
		<text name="configuration_seatColor" text="Material Do Banco" />
		<text name="configuration_no3Point" text="Sem Hidraulico de 3 Pontos" />
		<text name="engineMagnum260" text="Magnum AFS 260 Connect Canavieiro" />
		<text name="configuration_cortinaFrontRight" text="cortina Dianteira direita" />
	</texts>
</l10n>