﻿<?xml version="1.0" encoding="utf-8" standalone="no" ?>
<vehicle type="tractor" xmlns:xsi="http://www.w3.org/2001/XMLSchema-instance" xsi:noNamespaceSchemaLocation="../../../../shared/xml/schema/vehicle.xsd">
    <annotation>Copyright (C) GIANTS Software GmbH, Connect Modding, All Rights Reserved.</annotation>

    <storeData>
        <name>Magnum Black Limited Edition</name>
        <specs>
            <power>435</power>
            <maxSpeed>50</maxSpeed>
        </specs>
        <functions>
            <function>$l10n_function_tractor</function>
        </functions>
        <image>store/store_magnum400BlackLimitedEdition.dds</image>
        <price>352000</price>
        <lifetime>600</lifetime>
        <rotation>0</rotation>
        <brand>CASEIH</brand>
        <category>tractorsL</category>
        <shopTranslationOffset>0 -0.017 0</shopTranslationOffset>
        <shopRotationOffset>-1.524 0 0</shopRotationOffset>
        <vertexBufferMemoryUsage>8350464</vertexBufferMemoryUsage>
        <indexBufferMemoryUsage>1589248</indexBufferMemoryUsage>
        <textureMemoryUsage>9306112</textureMemoryUsage>
        <audioMemoryUsage>632781</audioMemoryUsage>
        <instanceVertexBufferMemoryUsage>0</instanceVertexBufferMemoryUsage>
        <instanceIndexBufferMemoryUsage>0</instanceIndexBufferMemoryUsage>
    </storeData>

    <base>
        <typeDesc>$l10n_typeDesc_tractor</typeDesc>
        <filename>i3d/magnum400_blackEditionSeries.i3d</filename>
        <sounds filename="$data/vehicles/caseIH/magnumT4B/sounds/magnumT4B.xml"/>
        <size width="3.8" length="6.8" height="3.8"/>
        <components>
            <component centerOfMass="0 1 -1.3" solverIterationCount="20" mass="5850" />
            <component centerOfMass="0 0 0"  solverIterationCount="25" mass="4900" />
            <joint component1="1" component2="2" node="axisJoint" rotLimit="0 0 7" rotLimitSpring="0 0 4000" rotLimitDamping="0 0 50" maxRotDriveForce="0 0 45" rotDriveRotation="0 0 0" rotDriveSpring="0 0 50" rotDriveDamping="0 0 50" breakable="false"/>
        </components>
        <schemaOverlay attacherJointPosition="0 0" name="VEHICLE" />
        <mapHotspot type="TRACTOR" />
    </base>

    <wheels>
        <wheelConfigurations>
            <wheelConfiguration name="$l10n_configuration_valueDefault" price="0" brand="TRELLEBORG" saveId="TRELLEBORG_DEFAULT">
                <wheels autoRotateBackSpeed="2.1">
                    <wheel filename="wheels/duplagem/600_70R30_trelleborg_D.xml" isLeft="true" hasTireTracks="true" hasParticles="true">
                        <physics rotSpeed="1" restLoad="3.3" repr="axisFrontLeft"  driveNode="wheelFrontLeft"  forcePointRatio="0.45" initialCompression="30" suspTravel="0.19" spring="52" damper="50"/>
                        <additionalWheel filename="wheels/duplagem/600_70R30_trelleborg_F.xml" configId="dual" hasParticles="true" hasTireTracks="true" offset="0.13">
                            <innerRim filename="wheels/wheels400.i3d" nodeLeft="0|2" nodeRight="0|3"/>
                            <connector filename="wheels/wheels400.i3d" node="0|4" offset="0.22"/>
                        </additionalWheel>
                    </wheel>
                    <wheel filename="wheels/duplagem/600_70R30_trelleborg_D.xml" isLeft="false" hasTireTracks="true" hasParticles="true">
                        <physics rotSpeed="1" restLoad="3.3" repr="axisFrontRight" driveNode="wheelFrontRight" forcePointRatio="0.45" initialCompression="30" suspTravel="0.19" spring="52" damper="50"/>
                        <additionalWheel filename="wheels/duplagem/600_70R30_trelleborg_F.xml" configId="dual" hasParticles="true" hasTireTracks="true" offset="0.13">
                            <innerRim filename="wheels/wheels400.i3d" nodeLeft="0|2" nodeRight="0|3"/>
                            <connector filename="wheels/wheels400.i3d" node="0|5" offset="0.22"/>
                        </additionalWheel>
                    </wheel>
                    <wheel filename="wheels/duplagem/800_70R38_trelleborg_D.xml" isLeft="true" hasTireTracks="true" hasParticles="true">
                        <physics rotSpeed="0" restLoad="3.1" repr="backWheelLeft"  forcePointRatio="0.5" initialCompression="25" suspTravel="0.22" spring="48" damper="50"/>
                        <additionalWheel filename="wheels/duplagem/800_70R38_trelleborg_F.xml" configId="dual" hasParticles="true" hasTireTracks="true" offset="0.22">
                            <innerRim filename="wheels/wheels400.i3d" nodeLeft="1|2" nodeRight="1|3"/>
                            <connector filename="wheels/wheels400.i3d" node="1|4" usePosAndScale="true" startPos="5" endPos="20.5" uniformScale="0.3"/>
                        </additionalWheel>
                    </wheel>
                    <wheel filename="wheels/duplagem/800_70R38_trelleborg_D.xml" isLeft="false" hasTireTracks="true" hasParticles="true">
                        <physics rotSpeed="0" restLoad="3.1" repr="backWheelRight" forcePointRatio="0.5" initialCompression="25" suspTravel="0.22" spring="48" damper="50"/>
                        <additionalWheel filename="wheels/duplagem/800_70R38_trelleborg_F.xml" configId="dual" hasParticles="true" hasTireTracks="true" offset="0.22">
                            <innerRim filename="wheels/wheels400.i3d" nodeLeft="1|2" nodeRight="1|3"/>
                            <connector filename="wheels/wheels400.i3d" node="1|5" offset="0.22"/>
                        </additionalWheel>
                    </wheel>
                </wheels>
                <foliageBendingModifier index="1" minX="-2" maxX="2"/>
                <foliageBendingModifier index="2" minX="-2.25" maxX="2.25"/>
                <aiAgent width="4.4"/>
                <size width="5.3"/>
            </wheelConfiguration>
        </wheelConfigurations>

        <rimColor material="32">0.01 0.01 0.01 0</rimColor>

        <ackermannSteeringConfigurations>
            <ackermannSteering rotSpeed="40" rotMax="28" rotCenterWheel1="3" rotCenterWheel2="4" />
        </ackermannSteeringConfigurations>
    </wheels>

    <lights>
        <sharedLight linkNode="bigTriangle"           filename="$data/shared/assets/reflectors/lizard/bigTriangle.xml"/>
        <sharedLight linkNode="plateNumberLight02_01" filename="$data/shared/assets/lights/lizard/plateNumberLight02.xml"/>
        <sharedLight linkNode="plateNumberLight02_02" filename="$data/shared/assets/lights/lizard/plateNumberLight02.xml"/>

        <states>
            <state lightTypes="0" />
            <state lightTypes="0 1" />
            <state lightTypes="0 1 2" />
        </states>

        <realLights>
            <low>
                <light node="frontLightLow"     lightTypes="0" excludedLightTypes="2 3" />
                <light node="workLightBackLow"  lightTypes="1"/>
                <light node="workLightFrontLow" lightTypes="2"/>
                <light node="highBeamLow"       lightTypes="3" />
                <light node="interiorLightRadio"       lightTypes="0" />
                <light node="interiorLightDoor"       lightTypes="0" />
            </low>
            <high>
                <light node="frontLightHigh"        lightTypes="0" excludedLightTypes="2 3" />
                <light node="licensePlateLightHigh" lightTypes="0"/>
                <light node="backLightsHigh1"       lightTypes="0"/>
                <light node="workLightBackHigh1"    lightTypes="1"/>
                <light node="workLightFrontHigh1"   lightTypes="2"/>
                <light node="highBeamHigh"          lightTypes="3"/>
                <light node="interiorLightRadio"       lightTypes="0" />
                <light node="interiorLightDoor"       lightTypes="0" />
                <brakeLight node="backLightsHigh1" />
                <turnLightLeft node="turnLightLeftFront" />
                <turnLightRight node="turnLightRightFront" />
                <interiorLight node="interiorScreenLight"/>
            </high>
        </realLights>

        <defaultLights>
            <defaultLight shaderNode="frontlightStatic01"      lightTypes="0 3" intensity="50"/>
            <defaultLight shaderNode="frontlightStatic01Glass" lightTypes="0 3" intensity="0.05"/>
            <defaultLight shaderNode="frontlightStatic02"      lightTypes="0"/>
            <defaultLight shaderNode="frontlightStatic03"      lightTypes="0"/>
            <defaultLight shaderNode="backLightsStatic"        lightTypes="0" />
            <defaultLight shaderNode="sideLightLeftStatic"     lightTypes="0" />
            <defaultLight shaderNode="sideLightRightStatic"    lightTypes="0" />
            <defaultLight shaderNode="workLightBackStatic01"   lightTypes="1" />
            <defaultLight shaderNode="workLightFrontStatic01"  lightTypes="2" />
            <defaultLight shaderNode="workLightFrontStatic02"  lightTypes="2" />
            <defaultLight shaderNode="workLightFrontStatic03"  lightTypes="2" />
            <defaultLight shaderNode="interiorLightGlass_static"  lightTypes="0" />
        </defaultLights>

        <turnLights>
            <turnLightLeft shaderNode="turnLightLeftFrontStatic"/>
            <turnLightLeft shaderNode="turnLightLeftBackstatic"/>
            <turnLightLeft shaderNode="turnLightLeftBackstaticExtension"/>
            <turnLightRight shaderNode="turnLightRightFrontStatic"/>
            <turnLightRight shaderNode="turnLightRightBackstatic"/>
            <turnLightRight shaderNode="turnLightRightBackstaticExtension"/>
        </turnLights>

        <brakeLights>
            <brakeLight shaderNode="backLightsStatic" />
        </brakeLights>

        <dashboards>
            <dashboard displayType="EMITTER" valueType="lightState"      node="seatDecalsLight" intensity="0.3" lightTypes="0" groups="MOTOR_ACTIVE"/>
            <dashboard displayType="EMITTER" valueType="lightState"      node="cabinDecalsLight" intensity="0.5" lightTypes="0" groups="MOTOR_ACTIVE"/>
            <dashboard displayType="EMITTER" valueType="lightState"      node="workLightBack_decals" intensity="0.5" lightTypes="1" groups="MOTOR_ACTIVE"/>
            <dashboard displayType="EMITTER" valueType="lightState"      node="workLightFront_decals" intensity="0.5" lightTypes="2" groups="MOTOR_ACTIVE"/>
            <dashboard displayType="ROT"     valueType="turnLight"       node="leverTurnlight" minRot="10 0 0" maxRot="-10 0 0" doInterpolation="true" groups="MOTOR_ACTIVE"/>
            <dashboard displayType="EMITTER" valueType="turnLightHazard" node="turnlightHazard_decals" intensity="0.3" lightTypes="2" groups="MOTOR_ACTIVE"/>
            <dashboard displayType="EMITTER" valueType="beaconLight"     node="beaconlight_decals" intensity="0.5" lightTypes="2" groups="MOTOR_ACTIVE"/>
        </dashboards>
    </lights>

    <attacherJoints comboDuration="2">
        <attacherJointConfigurations>
            <attacherJointConfiguration name="$l10n_configuration_inputAttacher3Point">
                <attacherJoint node="trailerAttacherJointBackLow" jointType="trailerLow" lowerRotLimit="25 60 50" lowerTransLimit="0 0 0" allowsJointLimitMovement="false" comboTime="1">
                    <distanceToGround lower="0.55" upper="1.18" />
                    <transNode node="trailerLowNode" minY="0.636" maxY="1.278">
                        <dependentBottomArm node="attacherJointBackArmBottom" rotation="40 0 0"/>
                    </transNode>
                    <schema position="1 0" rotation="0" invertX="false" />
                </attacherJoint>  
                <attacherJoint node="trailerAttacherJointBackLow" jointType="trailer" lowerRotLimit="25 60 50" lowerTransLimit="0 0 0" allowsJointLimitMovement="false" comboTime="1">
                    <distanceToGround lower="0.55" upper="1.18" />
                    <transNode node="trailerLowNode" minY="0.636" maxY="1.278">
                        <dependentBottomArm node="attacherJointBackArmBottom" rotation="40 0 0"/>
                    </transNode>
                    <schema position="1 0" rotation="0" invertX="false" />
                </attacherJoint>  
                <attacherJoint node="attacherJointBack" upperRotationOffset="-1.07" lowerRotationOffset="-1.07" moveTime="2.5" comboTime="1">
                    <distanceToGround lower="0.32" upper="1.26" />
                    <rotationNode node="attacherJointBackRot" lowerRotation="-14.5 0 0" upperRotation="35 0 0" />
                    <rotationNode2 node="attacherJointBackRot2" />
                    <bottomArm rotationNode="attacherJointBackArmBottom" translationNode="bottomLink" referenceNode="referencePointBackBottom" zScale="-1" startRotation="25 0 0" />
                    <schema position="1 0" rotation="0" invertX="false" />
                </attacherJoint>
                <objectChange node="mainArm" visibilityActive="true" />
                <objectChange node="mainArmHydraulic" visibilityActive="true" />
                <objectChange node="topArm_us" visibilityActive="true" />
                <objectChange node="attacherJointBackArmBottom" visibilityActive="true" />
            </attacherJointConfiguration>
        </attacherJointConfigurations>
    </attacherJoints>

    <connectionHoses>
        <target attacherJointIndices="1 2 3" type="airDoubleRed" node="airDoubleStorage" socket="air_red"/>
        <target attacherJointIndices="1 2 3" type="airDoubleYellow" node="airDoubleControl"  socket="air_yellow"/>
        <target attacherJointIndices="1 2 3" type="electric" node="electricBack"  socket="electric"/>
        <target attacherJointIndices="1 2 3" type="hydraulicIn" node="hydraulic01_in">
            <objectChange node="hydraulic01_in_cover" rotationActive="0 0 -80" rotationInactive="0 0 0"/>
        </target>
        <target attacherJointIndices="1 2 3" type="hydraulicOut" node="hydraulic01_out">
            <objectChange node="hydraulic01_out_cover" rotationActive="0 0 80" rotationInactive="0 0 0"/>
        </target>
        <target attacherJointIndices="1 2 3" type="hydraulicIn" node="hydraulic02_in">
            <objectChange node="hydraulic02_in_cover" rotationActive="0 0 -80" rotationInactive="0 0 0"/>
        </target>
        <target attacherJointIndices="1 2 3" type="hydraulicOut" node="hydraulic02_out">
            <objectChange node="hydraulic02_out_cover" rotationActive="0 0 80" rotationInactive="0 0 0"/>
        </target>
        <target attacherJointIndices="1 2 3" type="hydraulicIn" node="hydraulic03_in">
            <objectChange node="hydraulic03_in_cover" rotationActive="0 0 -80" rotationInactive="0 0 0"/>
        </target>
        <target attacherJointIndices="1 2 3" type="hydraulicOut" node="hydraulic03_out">
            <objectChange node="hydraulic03_out_cover" rotationActive="0 0 80" rotationInactive="0 0 0"/>
        </target>
        <target attacherJointIndices="1 2 3" type="hydraulicIn" node="hydraulic04_in">
            <objectChange node="hydraulic04_in_cover" rotationActive="0 0 -80" rotationInactive="0 0 0"/>
        </target>
        <target attacherJointIndices="1 2 3" type="hydraulicOut" node="hydraulic04_out">
            <objectChange node="hydraulic04_out_cover" rotationActive="0 0 80" rotationInactive="0 0 0"/>
        </target>
        <target attacherJointIndices="1 2 3" type="hydraulicIn" node="hydraulic05_in">
            <objectChange node="hydraulic05_in_cover" rotationActive="0 0 -80" rotationInactive="0 0 0"/>
        </target>
        <target attacherJointIndices="1 2 3" type="hydraulicOut" node="hydraulic05_out">
            <objectChange node="hydraulic05_out_cover" rotationActive="0 0 80" rotationInactive="0 0 0"/>
        </target>
        <target attacherJointIndices="1 2 3" type="hydraulicIn" node="hydraulic06_in">
            <objectChange node="hydraulic06_in_cover" rotationActive="0 0 -80" rotationInactive="0 0 0"/>
        </target>
        <target attacherJointIndices="1 2 3" type="hydraulicOut" node="hydraulic06_out">
            <objectChange node="hydraulic06_out_cover" rotationActive="0 0 80" rotationInactive="0 0 0"/>
        </target>
    </connectionHoses>

    <powerTakeOffs>
        <output attacherJointIndices="1 2 3" outputNode="ptoBack"/>
    </powerTakeOffs>

    <enterable isTabbable="true" >
        <enterReferenceNode node="magnumT4B_main_component1" />
        <exitPoint node="exitPoint" />

        <cameras>
            <camera node="outdoorCamera1" rotatable="true" rotateNode="outdoorCameraTarget" limit="true" useWorldXZRotation="true" rotMinX="-1.4" rotMaxX="1" transMin="4.2" transMax="40" translation="0 0 7.9" rotation="-20 180 0">
                <raycastNode node="cameraRaycastNode1"/>
                <raycastNode node="cameraRaycastNode2"/>
                <raycastNode node="cameraRaycastNode3"/>
            </camera>
            <camera node="indoorCamera1" rotatable="true" limit="true" rotMinX="-1.1" rotMaxX="0.4" transMin="0" transMax="0" useMirror="true" isInside="true" shadowFocusBox="shadowFocusBox" suspensionNodeIndex="2" />
        </cameras>

        <characterNode node="playerSkin" cameraMinDistance="0.5" spineRotation="-90 0 90" >
            <target ikChain="rightFoot" targetNode="playerRightFootTarget" />
            <target ikChain="leftFoot"  targetNode="playerLeftFootTarget" />
            <target ikChain="rightArm"  targetNode="playerRightHandTarget" poseId="wideFingers"/>
            <target ikChain="leftArm"   targetNode="playerLeftHandTarget" />
        </characterNode>

        <characterTargetNodeModifier node="playerRightFootTarget" transitionTime="0.1" >
            <state node="playerRightFootTargetGas"   referenceNode="gasPedal" directionReferenceNode="playerRightFootTargetGasRef" />
            <state node="playerRightFootTargetBrake" referenceNode="brakePedal" />
        </characterTargetNodeModifier>

        <mirrors>
            <mirror node="mirrorDecal01" prio="1" />
            <mirror node="mirrorDecal02" prio="1" />
            <mirror node="mirrorDecal03" prio="2" />
        </mirrors>

        <dashboards>
            <dashboard displayType="NUMBER" valueType="time" numbers="numbersTime" numberColor="1 1 1 1" precision="2" font="GENERIC" groups="MOTOR_ACTIVE"/>
        </dashboards>
    </enterable>

    <licensePlates>
        <licensePlate node="licensePlateFront" position="FRONT" preferedType="SQUARISH"  placementArea="0.2 0.2 0.12 0.2"/>
        <licensePlate node="licensePlateBack"  position="BACK"  preferedType="ELONGATED" placementArea="0.15 0.27 0.1 0.27"/>
    </licensePlates>

    <motorized>
        <consumerConfigurations>
            <consumerConfiguration>
                <consumer fillUnitIndex="1" usage="125" fillType="diesel" /> <!-- usage is per hour at max load and max rpm -->
                <consumer fillUnitIndex="2" usage="18"  fillType="def" />    <!-- usage is per hour at max load and max rpm -->
                <consumer fillUnitIndex="3" usage="250" fillType="air" permanentConsumption="false" refillLitersPerSecond="350" refillCapacityPercentage="0.5" /> <!-- usage per second at full brake power -->
            </consumerConfiguration>
        </consumerConfigurations>

        <differentialConfigurations>
            <differentialConfiguration>
                <differentials>
                    <differential torqueRatio="0.5" maxSpeedRatio="1.5" wheelIndex1="1" wheelIndex2="2" /> <!-- front left-right -->
                    <differential torqueRatio="0.5" maxSpeedRatio="1.7" wheelIndex1="3" wheelIndex2="4" /> <!-- back left-right -->
                    <differential torqueRatio="0.5" maxSpeedRatio="1.3" differentialIndex1="1" differentialIndex2="2" /> <!-- front-back -->
                </differentials>
            </differentialConfiguration>
            <differentialConfiguration>
                <differentials>
                    <differential torqueRatio="0.5" maxSpeedRatio="1.5" wheelIndex1="1" wheelIndex2="2" /> <!-- front left-right -->
                    <differential torqueRatio="0.5" maxSpeedRatio="1.6" wheelIndex1="3" wheelIndex2="5" /> <!-- back left-right -->
                    <differential torqueRatio="0.5" maxSpeedRatio="1.5" wheelIndex1="4" wheelIndex2="6" /> <!-- middle left-right -->
                    <differential torqueRatio="0.5" maxSpeedRatio="1.3" differentialIndex1="2" differentialIndex2="3" /> <!-- back-middle -->
                    <differential torqueRatio="0.5" maxSpeedRatio="1.2" differentialIndex1="1" differentialIndex2="4" /> <!-- front-back -->
                </differentials>
            </differentialConfiguration>
        </differentialConfigurations>

        <motorConfigurations>
            <motorConfiguration name="Magnum Black Limited Edition" price="0" hp="435">
                <motor torqueScale="1.837" minRpm="850" maxRpm="2200" maxForwardSpeed="53" maxBackwardSpeed="22" brakeForce="12" lowBrakeForceScale="0.22" dampingRateScale="2.6">
                    <torque normRpm="0.45" torque="0.9"/>
                    <torque normRpm="0.5" torque="0.97"/>
                    <torque normRpm="0.59" torque="1"/>
                    <torque normRpm="0.72" torque="1"/>
                    <torque normRpm="0.86" torque="0.88"/>
                    <torque normRpm="1" torque="0.72"/>
                </motor>
                <!-- PowerDrive full-powershift 21x5 -->
                <transmission autoGearChangeTime="0" gearChangeTime="0" axleRatio="0.95" name="$l10n_info_transmission_powerShift">
                    <directionChange useGear="true" reverseGearIndex="1" changeTime="0.5"/>
                    <forwardGear maxSpeed="2.2" actionName="SHIFT_GEAR_SELECT_1"/>
                    <forwardGear maxSpeed="3.1" actionName="-"/>
                    <forwardGear maxSpeed="3.9" actionName="-"/>
                    <forwardGear maxSpeed="4.6" actionName="SHIFT_GEAR_SELECT_2"/>
                    <forwardGear maxSpeed="5.5" actionName="-"/>
                    <forwardGear maxSpeed="6.3" actionName="-"/>
                    <forwardGear maxSpeed="7.3" actionName="SHIFT_GEAR_SELECT_3"/>
                    <forwardGear maxSpeed="8.4" actionName="-"/>
                    <forwardGear maxSpeed="9.7" actionName="-"/>
                    <forwardGear maxSpeed="11.1" actionName="SHIFT_GEAR_SELECT_4"/>
                    <forwardGear maxSpeed="12.7" actionName="-"/>
                    <forwardGear maxSpeed="14.6" actionName="SHIFT_GEAR_SELECT_5"/>
                    <forwardGear maxSpeed="18.2" actionName="-"/>
                    <forwardGear maxSpeed="20.9" actionName="-"/>
                    <forwardGear maxSpeed="24.1" actionName="SHIFT_GEAR_SELECT_6"/>
                    <forwardGear maxSpeed="27.7" actionName="-"/>
                    <forwardGear maxSpeed="31.7" actionName="-"/>
                    <forwardGear maxSpeed="36.4" actionName="SHIFT_GEAR_SELECT_7"/>
                    <forwardGear maxSpeed="41.1" actionName="-"/>
                    <forwardGear maxSpeed="47.8" actionName="-"/>
                    <forwardGear maxSpeed="53.5" actionName="SHIFT_GEAR_SELECT_8"/>
                    <backwardGear maxSpeed="4.5" />
                    <backwardGear maxSpeed="8.2" />
                    <backwardGear maxSpeed="11.1" />
                    <backwardGear maxSpeed="16.5" />
                </transmission>
            </motorConfiguration>
        </motorConfigurations>

        <exhaustEffects>
            <exhaustEffect node="exhaustParticle" filename="$data/effects/exhaust/exhaust.i3d" minRpmColor="0.9 0.9 0.9 0.1" maxRpmColor="0.9 0.9 0.9 0.4" minRpmScale="0.05" maxRpmScale="0.5" />
        </exhaustEffects>

        <motorStartDuration>3300</motorStartDuration>

        <dashboards>
            <dashboard displayType="NUMBER" valueType="speed" numbers="numbersSpeedCC" numberColor="0.1 0.3 0.7 1" precision="1" font="GENERIC" groups="MOTOR_ACTIVE"/>
            <dashboard displayType="TEXT" valueType="speed" node="numbersSpeed2" textColor="1 1 1 1" emissiveScale="0.5" textMask="00.0" textSize="0.009" font="GENERIC" groups="MOTOR_ACTIVE"/>
            <dashboard displayType="TEXT" valueType="rpm" node="numbersRpm2" textColor="1 1 1 1" emissiveScale="0.5" textMask="0000" textSize="0.009" font="GENERIC" groups="MOTOR_ACTIVE"/>
            <dashboard displayType="NUMBER" valueType="rpm" numbers="numbersRpm1" numberColor="0.1 0.3 0.7 1" precision="0" font="GENERIC" groups="MOTOR_ACTIVE"/>
            <dashboard displayType="MULTI_STATE" valueType="ignitionState" node="ignitionKey" doInterpolation="true" groups="MOTOR_ACTIVE">
                <state value="0" rotation="0 0 0"/>
                <state value="1" rotation="0 0 -90"/>
                <state value="2" rotation="0 0 -30"/>
            </dashboard>
            <dashboard displayType="SLIDER"      valueType="motorTemperature" node="loadBarTemperature" minValueSlider="20" maxValueSlider="120" groups="MOTOR_ACTIVE"/>
            <dashboard displayType="ANIMATION" valueType="motorTemperature" animName="loadingBarTemperatureAnim" groups="MOTOR_ACTIVE"/>
            <dashboard displayType="ROT" valueType="movingDirection" node="directionStick" minRot="0 0 -15" maxRot="0 0 15" doInterpolation="true" interpolationSpeed="0.01" groups="MOTOR_ACTIVE"/>
        </dashboards>
    </motorized>

    <drivable>
        <steeringWheel node="steeringWheel" indoorRotation="540" outdoorRotation="30" />

        <dashboards>
            <dashboard displayType="ROT" valueType="accelerationAxis" node="gasPedal"   minRot="0 0 0" maxRot="-20 0 0" doInterpolation="true" groups="MOTOR_ACTIVE"/>
            <dashboard displayType="ROT" valueType="decelerationAxis" node="brakePedal" minRot="0 0 0" maxRot="-15 0 0" doInterpolation="true" groups="MOTOR_ACTIVE"/>
        </dashboards>
    </drivable>

    <animations>
        <animation name="capoOpen">
            <part node="capo" startTime="0.2" endTime="3" startRot="0 0 0" endRot="-23 0 0" />
            <sound template="metalOpen" startTime="0.2"  direction="1"  volumeScale="2" pitchScale="0.9" fadeOut="0.1" linkNode="staticLightsBonnet"/>
            <sound template="metalClose" startTime="0.2"  direction="-1"  volumeScale="1" pitchScale="0.9" fadeOut="0.1" linkNode="staticLightsBonnet"/>
            <sound file="$data/sounds/animations/latches/latchSmall01.ogg" startTime="0.01" direction="1" volumeScale="0.2" pitchScale="0.9" fadeOut="0.1" linkNode="staticLightsBonnet"/>
        </animation>
        <animation name="leftDoorA">
            <part node="doorLeft" startTime="0" endTime="3" startRot="0 0 0" endRot="0 35 0" />
			<part node="interiorLightDoor_fix" startTime="0.2" endTime="0.21" visibility="false"/>
			<part node="interiorLightDoor_fix" startTime="0.22" endTime="0.23" visibility="true"/>
            <sound template="metalClose" startTime="0.1"  direction="1"  volumeScale="1.8" pitchScale="1.8" fadeOut="0.1" linkNode="doorLeft"/>
            <sound template="woodDoorOpen" startTime="0.01" direction="-1" volumeScale="0.3" pitchScale="0.9" fadeOut="0.1" linkNode="doorLeft"/>
        </animation>
        <animation name="rearDoorA">
            <part node="rearWindows" startTime="0" endTime="3" startRot="0 0 0" endRot="60 0 0" />
            <sound file="$data/sounds/animations/clicks/clicksLong1.ogg" startTime="2.89" endTime="2.99"  direction="1"  volumeScale="1" pitchScale="1.9" fadeOut="0.1" linkNode="rearWindows"/>
            <sound template="woodDoorOpen" startTime="0.01" direction="-1" volumeScale="0.3" pitchScale="0.9" fadeOut="0.1" linkNode="rearWindows"/>
            <sound template="metalClose" startTime="0.01" direction="1" volumeScale="0.9" pitchScale="0.9" fadeOut="0.1" linkNode="rearWindows"/>
        </animation>
        <animation name="cortinaA">
            <part node="cortina_front" startTime="0" endTime="1" startScale="1 0.215 1" endScale="1 1 1"/>
            <part node="baseCortina_front" startTime="0" endTime="1" startTrans="0 0.239 0" endTrans="0 0 0" />
            <part node="baseCortina_frontAxis2Down" startTime="0" endTime="1" startRot="0 0 38" endRot="0 0 0" />
            <part node="baseCortina_frontAxis1Down" startTime="0" endTime="1" startRot="0 0 -38" endRot="0 0 0" />
            <part node="baseCortina_frontAxis2Top" startTime="0" endTime="1" startRot="0 0 -38" endRot="0 0 0" />
            <part node="baseCortina_frontAxis1Top" startTime="0" endTime="1" startRot="0 0 38" endRot="0 0 0" />
            <part node="cortina_right" startTime="0" endTime="1" startScale="1 0.215 1" endScale="1 1 1"/>
            <part node="baseCortina_right" startTime="0" endTime="1" startTrans="0 0.239 0" endTrans="0 0 0" />
            <part node="baseCortina_rightAxis2Down" startTime="0" endTime="1" startRot="0 0 38" endRot="0 0 0" />
            <part node="baseCortina_rightAxis1Down" startTime="0" endTime="1" startRot="0 0 -38" endRot="0 0 0" />
            <part node="baseCortina_rightAxis2Top" startTime="0" endTime="1" startRot="0 0 -38" endRot="0 0 0" />
            <part node="baseCortina_rightAxis1Top" startTime="0" endTime="1" startRot="0 0 38" endRot="0 0 0" />
            <part node="cortina_rear" startTime="0" endTime="1" startScale="1 0.215 1" endScale="1 1 1"/>
            <part node="baseCortina_rear" startTime="0" endTime="1" startTrans="0 0.239 0" endTrans="0 0 0" />
            <part node="baseCortina_rearAxis2Down" startTime="0" endTime="1" startRot="0 0 38" endRot="0 0 0" />
            <part node="baseCortina_rearAxis1Down" startTime="0" endTime="1" startRot="0 0 -38" endRot="0 0 0" />
            <part node="baseCortina_rearAxis2Top" startTime="0" endTime="1" startRot="0 0 -38" endRot="0 0 0" />
            <part node="baseCortina_rearAxis1Top" startTime="0" endTime="1" startRot="0 0 38" endRot="0 0 0" />
            <sound file="$data/sounds/animations/clicks/clicksLong1.ogg" startTime="0.01" endTime="0.99" direction="1"  volumeScale="0.2" pitchScale="0.9" fadeOut="0.5" linkNode="cortina"/>
            <sound file="$data/sounds/animations/clicks/clicksLong2.ogg" startTime="0.01" endTime="0.99" direction="-1" volumeScale="0.2" pitchScale="0.9" fadeOut="0.5" linkNode="cortina"/>
        </animation>
        <animation name="steeringBaseA">
            <part node="steeringBase" startTime="0" endTime="1" startRot="-19.532 0 0" endRot="33 0 0" />
            <sound file="$data/sounds/animations/slides/metalSlideClose01.ogg" startTime="0.01" endTime="0.99" direction="1"  volumeScale="1.8" pitchScale="0.5" fadeOut="0.5" linkNode="steeringBase"/>
            <sound file="$data/sounds/animations/slides/metalSlideClose01.ogg" startTime="0.01" endTime="0.99" direction="-1" volumeScale="1.8" pitchScale="0.5" fadeOut="0.5" linkNode="steeringBase"/>
        </animation>
        <animation name="wiperFrontAnimation">
            <part node="wiperFront" startTime="0" endTime="0.5" startRot="4.5 0 50" endRot="0 0 0" />
            <part node="wiperFront" startTime="0.5" endTime="1" startRot="0 0 0" endRot="4.5 0 -50" />
            <sound template="wiper1" startTime="0" endTime="1" direction="1"   volumeScale="1.0" pitchScale="0.8" fadeOut="0.1" linkNode="wiperFront"/>
            <sound template="wiper2" startTime="0" endTime="1" direction="-1"  volumeScale="1.0" pitchScale="0.8" fadeOut="0.1" linkNode="wiperFront"/>
        </animation>
        <animation name="wiperSideAnimation">
            <part node="wiperSide" startTime="0.0" endTime="0.5" startRot="0 0 0" endRot="0 6.2 -73" />
            <part node="wiperSide" startTime="0.5" endTime="1.0" startRot="0 6.2 -73" endRot="0 4.695 -150" />
            <sound template="wiper1" startTime="0" endTime="1" direction="1"   volumeScale="0.7" pitchScale="0.9" fadeOut="0.1" linkNode="wiperSide"/>
            <sound template="wiper2" startTime="0" endTime="1" direction="-1"  volumeScale="0.7" pitchScale="0.9" fadeOut="0.1" linkNode="wiperSide"/>
        </animation>
        <animation name="wiperBackAnimation">
          <part node="wiperBack" startTime="0" endTime="0.5" startRot="-5.859 0 50" endRot="1 0 0" />
          <part node="wiperBack" startTime="0.5" endTime="1" startRot="1 0 0" endRot="-5.859 0 -50" />
          <sound template="wiper1" startTime="0" endTime="1" direction="1"   volumeScale="0.6" pitchScale="0.8" fadeOut="0.1" linkNode="wiperBack"/>
          <sound template="wiper2" startTime="0" endTime="1" direction="-1"  volumeScale="0.6" pitchScale="0.8" fadeOut="0.1" linkNode="wiperBack"/>
        </animation>
        <animation name="loadingBarTemperatureAnim" >
            <part node="loadBarTemperatureTriangle" startTime="0.0" endTime="1.0" startTrans="0 0 0" endTrans="0 0.025 0"/>
        </animation>
        <animation name="loadingBarFuelAnim" >
            <part node="loadBarFuelTriangle" startTime="0.0" endTime="1.0" startTrans="0 0 0" endTrans="0 0.025 0"/>
        </animation>
        <animation name="loadingBarDefAnim" >
            <part node="loadBarDefTriangle" startTime="0.0" endTime="1.0" startTrans="0 0 0" endTrans="0 0.025 0"/>
        </animation>
    </animations>

    <cylindered>
        <movingTools>
            <movingTool node="doorLeft">
                <controls axis="AXIS_FRONTLOADER_TOOL" invertAxis="false" mouseSpeedFactor="0.5" iconName="TOP_DOOR_ROTATE"/>
                <animation animSpeed="1" animAcceleration="200" animName="leftDoorA"/>
            </movingTool>
            <movingTool node="rearWindows">
                <controls axis="AXIS_FRONTLOADER_ARM" invertAxis="true" mouseSpeedFactor="0.8" iconName="TOP_DOOR_ROTATE"/>
                <animation animSpeed="1" animAcceleration="200" animName="rearDoorA"/>
            </movingTool>
            <movingTool node="capo" playSound="false">
                <controls axis="AXIS_CRANE_ARM4" invertAxis="false" mouseSpeedFactor="0.25" iconName="TOOL_OPEN_CLOSE" />
                <animation animSpeed="1" animAcceleration="200" animName="capoOpen"/>
            </movingTool>
            <movingTool node="cortina" playSound="false">
                <controls axis="AXIS_CRANE_TOOL" invertAxis="true" mouseSpeedFactor="0.25" iconName="TOOL_OPEN_CLOSE" />
                <animation animSpeed="1" animAcceleration="200" animName="cortinaA"/>
            </movingTool>
            <movingTool node="steeringBase" playSound="false">
                <controls axis="AXIS_CRANE_TOOL2" invertAxis="false" mouseSpeedFactor="0.25" iconName="TOOL_OPEN_CLOSE" />
                <animation animSpeed="1" animAcceleration="200" animName="steeringBaseA"/>
            </movingTool>
            <movingTool node="attacherJointBackArmBottom">
                <dependentPart node="mainArm" />
                <dependentPart node="topArm_us" />
            </movingTool>
        </movingTools>

        <movingParts>
            <movingPart node="mainArm" localReferencePoint="mainArmPart" referencePoint="mainArmRef" referenceFrame="mainArmRefFrame" >
                <dependentPart node="mainArmPart" />
                <dependentPart node="mainArmHydraulic" />
            </movingPart>
            <movingPart node="mainArmPart" referencePoint="mainArmRef" referenceFrame="mainArmRef" />
            <movingPart node="mainArmHydraulic" referencePoint="mainArmHydraulicRef" referenceFrame="mainArmHydraulicRef" >
                <translatingPart node="mainArmHydraulicPunch" />
            </movingPart>
            <movingPart node="axisFrontLeftHydraulic" referencePoint="axisFrontLeftHydraulicRef" referenceFrame="axisFrontLeftHydraulicRef" isActiveDirty="true" maxUpdateDistance="20">
                <translatingPart node="axisFrontLeftHydraulicPunch" />
            </movingPart>
            <movingPart node="axisFrontRightHydraulic" referencePoint="axisFrontRightHydraulicRef" referenceFrame="axisFrontRightHydraulicRef" isActiveDirty="true" maxUpdateDistance="20">
                <translatingPart node="axisFrontRightHydraulicPunch" />
            </movingPart>
            <movingPart node="steeringBar" referencePoint="steeringBarRef" referenceFrame="steeringBarRef" isActiveDirty="true" maxUpdateDistance="20"/>
            <movingPart node="cabDamperLeft" referencePoint="cabDamperLeftRef" referenceFrame="cabDamperLeftRef" isActiveDirty="true" maxUpdateDistance="20">
                <translatingPart node="cabDamperLeftPunch" />
            </movingPart>
            <movingPart node="cabDamperRight" referencePoint="cabDamperRightRef" referenceFrame="cabDamperRightRef" isActiveDirty="true" maxUpdateDistance="20">
                <translatingPart node="cabDamperRightPunch" />
            </movingPart>
            <movingPart node="cabSpringLeft" referencePoint="cabDamperLeftRef" referenceFrame="cabDamperLeftRef" isActiveDirty="true" maxUpdateDistance="20" scaleZ="true"/>
            <movingPart node="cabSpringRight" referencePoint="cabDamperRightRef" referenceFrame="cabDamperRightRef" isActiveDirty="true" maxUpdateDistance="20" scaleZ="true"/>
            <movingPart node="topArm_us" localReferencePoint="topArmPart_us" referencePoint="topArmPartRef_us" referenceFrame="topArmRefFrame_us" >
                <dependentPart node="topArmPart_us" />
            </movingPart>
            <movingPart node="topArmPart_us" referencePoint="topArmPartRef_us" referenceFrame="topArmPartRef_us" />
            <movingPart node="doorLeftPiston" referencePoint="doorLeftPistonRef" referenceFrame="doorLeftPistonRef" maxUpdateDistance="20"  isActiveDirty="true">
                <translatingPart node="doorLeftCilinder" />
            </movingPart>
            <movingPart node="rearDoorPiston_left" referencePoint="rearDoorPiston_leftRef" referenceFrame="rearDoorPiston_leftRef" maxUpdateDistance="80"  isActiveDirty="true">
                <translatingPart node="rearDoorCilinder_left" />
            </movingPart>
            <movingPart node="rearDoorPiston_right" referencePoint="rearDoorPiston_rightRef" referenceFrame="rearDoorPiston_rightRef" maxUpdateDistance="80"  isActiveDirty="true">
                <translatingPart node="rearDoorCilinder_right" />
            </movingPart>
            <movingPart node="rearDoorCilinder_leftScale" referencePoint="rearDoorPiston_leftRef" referenceFrame="rearDoorPiston_leftRef" isActiveDirty="true" maxUpdateDistance="20" scaleZ="true"/>
            <movingPart node="rearDoorCilinder_rightScale" referencePoint="rearDoorPiston_rightRef" referenceFrame="rearDoorPiston_rightRef" isActiveDirty="true" maxUpdateDistance="20" scaleZ="true"/>
            <movingPart node="doorLeftCilinder_scale" referencePoint="doorLeftPistonRef" referenceFrame="doorLeftPistonRef" isActiveDirty="true" maxUpdateDistance="20" scaleZ="true"/>
        </movingParts>
    </cylindered>

    <wipers>
        <wiper animName="wiperFrontAnimation" >
          <state animSpeed="1.0" animPause="2.0" />
          <state animSpeed="1.0" animPause="0.0" />
          <state animSpeed="1.7" animPause="0.0" />
        </wiper>
        <wiper animName="wiperBackAnimation" >
            <state animSpeed="1.0" animPause="5.0" />
        </wiper>
        <wiper animName="wiperSideAnimation" >
          <state animSpeed="1.0" animPause="5.0" />
        </wiper>
    </wipers>

    <suspensions>
        <suspension node="cabin"             weight="400" minRotation="-5 0 -5" maxRotation="5 0 5" suspensionParametersX="200 17" suspensionParametersZ="200 17" />
        <suspension node="seat"              weight="150" minTranslation="-0.05 -0.15 0.0" maxTranslation="0.05 0.15 0.0" suspensionParametersX="20 4" suspensionParametersY="5 1" suspensionParametersZ="20 4" />
        <suspension useCharacterTorso="true" weight="90" minRotation="0 -5 -5" maxRotation="0 5 5" suspensionParametersY="7 1" suspensionParametersZ="7 1" />
    </suspensions>

    <fillUnit>
        <fillUnitConfigurations>
            <fillUnitConfiguration>
                <fillUnits>
                    <fillUnit unitTextOverride="$l10n_unit_literShort" showOnHud="false" showInShop="false" fillTypes="diesel" capacity="647">
                      <dashboard displayType="SLIDER"   valueType="fillLevel" node="loadingBarFuel" groups="MOTOR_ACTIVE"/>
                      <dashboard displayType="ANIMATION" valueType="fillLevel" animName="loadingBarFuelAnim" groups="MOTOR_ACTIVE"/>
                  </fillUnit>
                  <fillUnit unitTextOverride="$l10n_unit_literShort" showOnHud="false" showInShop="false" showOnInfoHud="false" fillTypes="def" capacity="99">
                      <dashboard displayType="SLIDER"   valueType="fillLevel" node="loadingBarDef" groups="MOTOR_ACTIVE"/>
                      <dashboard displayType="ANIMATION" valueType="fillLevel" animName="loadingBarDefAnim" groups="MOTOR_ACTIVE"/>
                  </fillUnit>
                    <fillUnit unitTextOverride="$l10n_unit_literShort" showOnHud="false" showInShop="false" showOnInfoHud="false" fillTypes="air" capacity="3000"/>
                </fillUnits>
            </fillUnitConfiguration>
        </fillUnitConfigurations>
    </fillUnit>

    <dashboard>
        <groups>
            <group name="MOTOR_STARTING" isMotorStarting="true"/>
            <group name="MOTOR_ACTIVE"   isMotorStarting="true" isMotorRunning="true"/>
        </groups>

        <default>
            <dashboard displayType="EMITTER" node="engineStarting_decals" idleValue="-1" intensity="0.2" groups="MOTOR_STARTING" />
            <dashboard displayType="EMITTER" node="loadBarTemperatureTriangle" idleValue="-1" intensity="0.2" groups="MOTOR_ACTIVE" />
            <dashboard displayType="EMITTER" node="loadBarDefTriangle" idleValue="-1" intensity="0.2" groups="MOTOR_ACTIVE" />
            <dashboard displayType="EMITTER" node="loadBarFuelTriangle" idleValue="-1" intensity="0.2" groups="MOTOR_ACTIVE" />
            <dashboard displayType="EMITTER" node="dashsboardSliderBlue1" idleValue="-1" intensity="0.2" groups="MOTOR_ACTIVE" />
            <dashboard displayType="EMITTER" node="dashsboardDot" idleValue="-1" intensity="0.2" groups="MOTOR_ACTIVE" />
            <dashboard displayType="EMITTER" node="awd_decals" idleValue="-1" intensity="0.2" groups="MOTOR_ACTIVE" />
            <dashboard displayType="EMITTER" node="dashsboardDisplay" idleValue="-1" intensity="0.5" groups="MOTOR_ACTIVE" />
            <dashboard displayType="EMITTER" node="dashsboardDisplay2" idleValue="-1" intensity="0.5" groups="MOTOR_ACTIVE" />
            <dashboard displayType="VISIBILITY" node="numbers" groups="MOTOR_ACTIVE" />
            <dashboard displayType="EMITTER" node="daylightStatic" idleValue="0" intensity="50" groups="MOTOR_ACTIVE" />
        </default>
    </dashboard>

    <ai>
        <agent width="2.95" length="6.6" height="3.75" lengthOffset="1.7" frontOffset="3.13" />
        <collisionTrigger node="aiCollisionNode" width="3.2" height="3.2"/>
    </ai>

    <foliageBending>
        <bendingNode minX="-1.35" maxX="1.35" minZ="-0.45" maxZ="2.15" yOffset="0.5" />
        <bendingNode minX="-1.45" maxX="1.45" minZ="-2.85" maxZ="-0.45" yOffset="0.5" />
        <bendingNode minX="-0.45" maxX="0.45" minZ="2.15" maxZ="3.25" yOffset="0.5" />
    </foliageBending>

    <wearable wearDuration="480" workMultiplier="5" fieldMultiplier="2"/>
    <washable dirtDuration="90" washDuration="1" workMultiplier="3" fieldMultiplier="2"/>

    <!-- Opcionais -->

	<designConfigurations title="$l10n_configuration_frontWeights">
        <designConfiguration name="$l10n_configuration_valueDefault" price="0" params="435">
            <objectChange node="weightExtension01" visibilityActive="true" />
            <objectChange node="weightExtension02" visibilityActive="false" />
            <objectChange node="weightExtension03" visibilityActive="false" />
            <objectChange node="magnumT4B_axis_component2" massActive="4900" />
		</designConfiguration>
        <designConfiguration name="$l10n_configuration_frontWeightX" price="250" params="650">
            <objectChange node="weightExtension01" visibilityActive="false" />
            <objectChange node="weightExtension02" visibilityActive="true" />
            <objectChange node="weightExtension03" visibilityActive="false" />
            <objectChange node="magnumT4B_axis_component2" massActive="5550" />
		</designConfiguration>
        <designConfiguration name="$l10n_configuration_frontWeightX" price="500" params="980">
            <objectChange node="weightExtension01" visibilityActive="false" />
            <objectChange node="weightExtension02" visibilityActive="false" />
            <objectChange node="weightExtension03" visibilityActive="true" />
            <objectChange node="magnumT4B_axis_component2" massActive="5880" />
		</designConfiguration>
    </designConfigurations> 

	<design2Configurations title="$l10n_configuration_wheelWeights">
        <design2Configuration name="0kg" price="0">
			<objectChange node="weightWheel_left1" visibilityActive="false" />
			<objectChange node="weightWheel_left2" visibilityActive="false" />
			<objectChange node="weightWheel_right1" visibilityActive="false" />
			<objectChange node="weightWheel_right2" visibilityActive="false" />
            <objectChange node="magnumT4B_main_component1" massActive="5850" />
            <objectChange node="magnumT4B_main_component1" centerOfMassActive="0 1 -1.03" />
		</design2Configuration>
        <design2Configuration name="450kg" price="100">
			<objectChange node="weightWheel_left1" visibilityActive="true" />
			<objectChange node="weightWheel_left2" visibilityActive="false" />
			<objectChange node="weightWheel_right1" visibilityActive="true" />
			<objectChange node="weightWheel_right2" visibilityActive="false" />
            <objectChange node="magnumT4B_main_component1" massActive="6300" />
            <objectChange node="magnumT4B_main_component1" centerOfMassActive="0 1 -1.23" />
		</design2Configuration>
        <design2Configuration name="1350kg" price="200">
			<objectChange node="weightWheel_left1" visibilityActive="true" />
			<objectChange node="weightWheel_left2" visibilityActive="true" />
			<objectChange node="weightWheel_right1" visibilityActive="true" />
			<objectChange node="weightWheel_right2" visibilityActive="true" />
            <objectChange node="magnumT4B_main_component1" massActive="7200" />
            <objectChange node="magnumT4B_main_component1" centerOfMassActive="0 1 -1.37" />
		</design2Configuration>
        <design2Configuration name="2350kg" price="400">
			<objectChange node="weightWheel_left1" visibilityActive="true" />
			<objectChange node="weightWheel_left2" visibilityActive="true" />
			<objectChange node="weightWheel_right1" visibilityActive="true" />
			<objectChange node="weightWheel_right2" visibilityActive="true" />
			<objectChange node="0>0|0|0|3" visibilityActive="true" />
			<objectChange node="0>0|0|1|3" visibilityActive="true" />
            <objectChange node="magnumT4B_main_component1" massActive="8200" />
            <objectChange node="magnumT4B_main_component1" centerOfMassActive="0 1 -1.37" />
		</design2Configuration>
    </design2Configurations>

	<design3Configurations title="$l10n_configuration_cortina">
        <design3Configuration name="$l10n_configuration_cortinaNo" price="0">
			<objectChange node="front" visibilityActive="false" />
			<objectChange node="right" visibilityActive="false" />
			<objectChange node="rear" visibilityActive="false" />
		</design3Configuration>
        <design3Configuration name="$l10n_configuration_cortinaFront" price="10">
			<objectChange node="front" visibilityActive="true" />
			<objectChange node="right" visibilityActive="false" />
			<objectChange node="rear" visibilityActive="false" />
		</design3Configuration>
        <design3Configuration name="$l10n_configuration_cortinaRight" price="10">
			<objectChange node="front" visibilityActive="false" />
			<objectChange node="right" visibilityActive="true" />
			<objectChange node="rear" visibilityActive="false" />
		</design3Configuration>
        <design3Configuration name="$l10n_configuration_cortinaRear" price="10">
			<objectChange node="front" visibilityActive="false" />
			<objectChange node="right" visibilityActive="false" />
			<objectChange node="rear" visibilityActive="true" />
		</design3Configuration>
        <design3Configuration name="$l10n_configuration_cortinaFrontRear" price="20">
			<objectChange node="front" visibilityActive="true" />
			<objectChange node="right" visibilityActive="false" />
			<objectChange node="rear" visibilityActive="true" />
		</design3Configuration>
        <design3Configuration name="$l10n_configuration_cortinaFrontRight" price="20">
			<objectChange node="front" visibilityActive="true" />
			<objectChange node="right" visibilityActive="true" />
			<objectChange node="rear" visibilityActive="false" />
		</design3Configuration>
        <design3Configuration name="$l10n_configuration_cortinaAll" price="30">
			<objectChange node="front" visibilityActive="true" />
			<objectChange node="right" visibilityActive="true" />
			<objectChange node="rear" visibilityActive="true" />
		</design3Configuration>
    </design3Configurations>

	<design5Configurations title="$l10n_configuration_rearCabPlate">
        <design5Configuration name="$l10n_configuration_plateAndBase" price="0">
			<objectChange node="holder_vis" visibilityActive="true" />
			<objectChange node="licensePlateBack" visibilityActive="true" />
		</design5Configuration>
        <design5Configuration name="$l10n_configuration_noPlate" price="0">
			<objectChange node="holder_vis" visibilityActive="false" />
			<objectChange node="licensePlateBack" visibilityActive="false" />
		</design5Configuration>
    </design5Configurations> 

	<design6Configurations title="$l10n_configuration_windowsColors">
        <design6Configuration name="$l10n_configuration_lightWindows" price="0">
			<objectChange node="originalWindows_rearDoor" visibilityActive="true" />
			<objectChange node="originalWindows_Door" visibilityActive="true" />
			<objectChange node="originalWindows" visibilityActive="true" />
			<objectChange node="darkWindows_rearDoor" visibilityActive="false" />
			<objectChange node="darkWindows_Door" visibilityActive="false" />
			<objectChange node="darkWindows" visibilityActive="false" />
		</design6Configuration>
        <design6Configuration name="$l10n_configuration_darkWindows" price="30">
			<objectChange node="originalWindows_rearDoor" visibilityActive="false" />
			<objectChange node="originalWindows_Door" visibilityActive="false" />
			<objectChange node="originalWindows" visibilityActive="false" />
			<objectChange node="darkWindows_rearDoor" visibilityActive="true" />
			<objectChange node="darkWindows_Door" visibilityActive="true" />
			<objectChange node="darkWindows" visibilityActive="true" />
		</design6Configuration>
    </design6Configurations> 

	<design7Configurations title="$l10n_configuration_sinalizerLateral">
        <design7Configuration name="$l10n_ui_no" price="0">
			<objectChange node="warningSignHolderUS" visibilityActive="false" />
		</design7Configuration>
        <design7Configuration name="$l10n_ui_yes" price="30">
			<objectChange node="warningSignHolderUS" visibilityActive="true" />
		</design7Configuration>
    </design7Configurations> 

    <i3dMappings>
        <i3dMapping id="magnumT4B_main_component1" node="0>" />
        <i3dMapping id="magnumT4B_axis_component2" node="1>" />
        <i3dMapping id="backWheelLeft" node="0>0|0|0" />
        <i3dMapping id="backWheelLeftHub" node="0>0|0|0|0" />
        <i3dMapping id="backWheelRight" node="0>0|0|1" />
        <i3dMapping id="backWheelRightHub" node="0>0|0|1|0" />
        <i3dMapping id="workLightFrontStatic01" node="0>0|1|0|2" />
        <i3dMapping id="sideLightRightStatic" node="0>0|1|0|3" />
        <i3dMapping id="turnLightRightFrontStatic" node="0>0|1|0|5|1" />
        <i3dMapping id="frontlightStatic03" node="0>0|1|0|5|3" />
        <i3dMapping id="workLightFrontLow" node="0>0|1|3|0" />
        <i3dMapping id="workLightBackLow" node="0>0|1|3|1" />
        <i3dMapping id="workLightFrontHigh1" node="0>0|1|3|2" />
        <i3dMapping id="workLightBackHigh1" node="0>0|1|3|3" />
        <i3dMapping id="backLightsHigh1" node="0>0|1|4|0" />
        <i3dMapping id="turnLightLeftFront" node="0>0|1|5|0" />
        <i3dMapping id="turnLightRightFront" node="0>0|1|5|1" />
        <i3dMapping id="axisJoint" node="0>0|2" />
        <i3dMapping id="exitPoint" node="0>0|3" />
        <i3dMapping id="licensePlateFront" node="0>0|4" />
        <i3dMapping id="exhaustParticle" node="0>0|5" />
        <i3dMapping id="outdoorCameraTarget" node="0>0|6|0" />
        <i3dMapping id="outdoorCamera1" node="0>0|6|0|0" />
        <i3dMapping id="indoorCamera1" node="0>0|6|1" />
        <i3dMapping id="cameraRaycastNode1" node="0>0|6|2" />
        <i3dMapping id="cameraRaycastNode2" node="0>0|6|3" />
        <i3dMapping id="cameraRaycastNode3" node="0>0|6|4" />
        <i3dMapping id="shadowFocusBox" node="0>0|6|5" />
        <i3dMapping id="cabin" node="0>0|7" />
        <i3dMapping id="bigTriangle" node="0>0|7|0|0|0" />
        <i3dMapping id="plateNumberLight02_01" node="0>0|7|0|0|1" />
        <i3dMapping id="plateNumberLight02_02" node="0>0|7|0|0|2" />
        <i3dMapping id="turnLightRightBackstatic" node="0>0|7|0|1|0" />
        <i3dMapping id="backLightsStatic" node="0>0|7|0|1|1" />
        <i3dMapping id="turnLightLeftBackstatic" node="0>0|7|0|1|2" />
        <i3dMapping id="turnLightLeftFrontStatic" node="0>0|7|0|1|3" />
        <i3dMapping id="workLightFrontStatic02" node="0>0|7|0|1|4" />
        <i3dMapping id="sideLightLeftStatic" node="0>0|7|0|1|5" />
        <i3dMapping id="workLightBackStatic01" node="0>0|7|0|1|6|4" />
        <i3dMapping id="workLightFrontStatic03" node="0>0|7|0|1|6|9" />
        <i3dMapping id="frontlightStatic02" node="0>0|7|0|1|7" />
        <i3dMapping id="licensePlateLightHigh" node="0>0|7|0|4" />
        <i3dMapping id="steeringWheel" node="0>0|7|1|0|0" />
        <i3dMapping id="playerLeftHandTarget" node="0>0|7|1|0|0|1" />
        <i3dMapping id="directionStick" node="0>0|7|1|2|0" />
        <i3dMapping id="wiperFront" node="0>0|7|2|0" />
        <i3dMapping id="wiperSide" node="0>0|7|2|1|0" />
        <i3dMapping id="wiperBack" node="0>0|7|8|1|4" />
        <i3dMapping id="seat" node="0>0|7|3" />
        <i3dMapping id="numbers" node="0>0|7|3|0|0" />
        <i3dMapping id="numbersRpm1" node="0>0|7|3|0|0|0" />
        <i3dMapping id="numbersSpeedCC" node="0>0|7|3|0|0|1" />
        <i3dMapping id="numbersTime" node="0>0|7|3|0|0|2" />
        <i3dMapping id="interiorScreenLight" node="0>0|7|3|0|1" />
        <i3dMapping id="dashsboardDisplay" node="0>0|7|3|0|2" />
        <i3dMapping id="seatDecalsLight" node="0>0|7|3|0|3" />
        <i3dMapping id="playerSkin" node="0>0|7|3|2" />
        <i3dMapping id="playerRightHandTarget" node="0>0|7|3|3" />
        <i3dMapping id="ignitionKey" node="0>0|7|4|0|0" />
        <i3dMapping id="cabinDecalsLight" node="0>0|7|4|1" />
        <i3dMapping id="dashsboardDisplay2" node="0>0|7|4|2" />
        <i3dMapping id="numbersSpeed2" node="0>0|7|4|3" />
        <i3dMapping id="numbersRpm2" node="0>0|7|4|4" />
        <i3dMapping id="loadingBarDef" node="0>0|7|4|5" />
        <i3dMapping id="loadBarTemperature" node="0>0|7|4|6" />
        <i3dMapping id="loadingBarFuel" node="0>0|7|4|7" />
        <i3dMapping id="loadBarTemperatureTriangle" node="0>0|7|4|8|0" />
        <i3dMapping id="loadBarDefTriangle" node="0>0|7|4|9|0" />
        <i3dMapping id="loadBarFuelTriangle" node="0>0|7|4|10|0" />
        <i3dMapping id="leverTurnlight" node="0>0|7|1|3|0" />
        <i3dMapping id="beaconlight_decals" node="0>0|7|4|12" />
        <i3dMapping id="turnlightHazard_decals" node="0>0|7|4|13" />
        <i3dMapping id="workLightBack_decals" node="0>0|7|4|14" />
        <i3dMapping id="workLightFront_decals" node="0>0|7|4|15" />
        <i3dMapping id="engineStarting_decals" node="0>0|7|4|16" />
        <i3dMapping id="awd_decals" node="0>0|7|4|17" />
        <i3dMapping id="dashsboardSliderBlue1" node="0>0|7|4|18" />
        <i3dMapping id="dashsboardDot" node="0>0|7|4|19" />
        <i3dMapping id="gasPedal" node="0>0|7|5|0" />
        <i3dMapping id="playerRightFootTargetGasRef" node="0>0|7|5|0|0" />
        <i3dMapping id="brakePedal" node="0>0|7|5|1" />
        <i3dMapping id="playerRightFootTargetBrake" node="0>0|7|5|1|0" />
        <i3dMapping id="playerRightFootTarget" node="0>0|7|6|0" />
        <i3dMapping id="playerLeftFootTarget" node="0>0|7|6|1" />
        <i3dMapping id="playerRightFootTargetGas" node="0>0|7|6|2" />
        <i3dMapping id="mirrorDecal01" node="0>0|7|7|0" />
        <i3dMapping id="mirrorDecal02" node="0>0|7|7|1" />
        <i3dMapping id="mirrorDecal03" node="0>0|7|7|2" />
        <i3dMapping id="config_wheel01" node="0>0|7|8|0" />
        <i3dMapping id="config_track01" node="0>0|7|8|1" />
        <i3dMapping id="logoLicensePlateHide_decals" node="0>0|7|9|0|6" />
        <i3dMapping id="cabDamperLeft" node="0>0|7|10" />
        <i3dMapping id="cabDamperLeftPunch" node="0>0|7|10|0" />
        <i3dMapping id="cabDamperRight" node="0>0|7|11" />
        <i3dMapping id="cabDamperRightPunch" node="0>0|7|11|0" />
        <i3dMapping id="turnLightLeftBackstaticExtension" node="0>0|7|13|1|0" />
        <i3dMapping id="turnLightRightBackstaticExtension" node="0>0|7|13|1|1" />
        <i3dMapping id="licensePlateBack" node="0>0|7|15" />
        <i3dMapping id="attacherJointBackRot" node="0>0|8|0|0" />
        <i3dMapping id="attacherJointBackRot2" node="0>0|8|0|0|0" />
        <i3dMapping id="attacherJointBack" node="0>0|8|0|0|0|0" />
        <i3dMapping id="attacherJointBackArmBottom" node="0>0|8|0|1" />
        <i3dMapping id="bottomLink" node="0>0|8|0|1|0" />
        <i3dMapping id="referencePointBackBottom" node="0>0|8|0|1|0|0" />
        <i3dMapping id="mainArmRef" node="0>0|8|0|1|0|1" />
        <i3dMapping id="attacherJointBackArmTop" node="0>0|8|0|2" />
        <i3dMapping id="ptoBack" node="0>0|8|1|0" />
        <i3dMapping id="hydraulic01_in_cover" node="0>0|8|2|0" />
        <i3dMapping id="hydraulic01_out_cover" node="0>0|8|2|1" />
        <i3dMapping id="hydraulic02_in_cover" node="0>0|8|2|2" />
        <i3dMapping id="hydraulic02_out_cover" node="0>0|8|2|3" />
        <i3dMapping id="hydraulic03_in_cover" node="0>0|8|2|4" />
        <i3dMapping id="hydraulic03_out_cover" node="0>0|8|2|5" />
        <i3dMapping id="hydraulic04_in_cover" node="0>0|8|2|6" />
        <i3dMapping id="hydraulic04_out_cover" node="0>0|8|2|7" />
        <i3dMapping id="hydraulic05_in_cover" node="0>0|8|2|8" />
        <i3dMapping id="hydraulic05_out_cover" node="0>0|8|2|9" />
        <i3dMapping id="hydraulic06_in_cover" node="0>0|8|2|10" />
        <i3dMapping id="hydraulic06_out_cover" node="0>0|8|2|11" />
        <i3dMapping id="electricBack" node="0>0|8|2|12" />
        <i3dMapping id="airDoubleControl" node="0>0|8|2|13" />
        <i3dMapping id="airDoubleStorage" node="0>0|8|2|14" />
        <i3dMapping id="hydraulic01_in" node="0>0|8|2|15" />
        <i3dMapping id="hydraulic05_in" node="0>0|8|2|16" />
        <i3dMapping id="hydraulic06_out" node="0>0|8|2|17" />
        <i3dMapping id="hydraulic04_in" node="0>0|8|2|18" />
        <i3dMapping id="hydraulic06_in" node="0>0|8|2|19" />
        <i3dMapping id="hydraulic02_out" node="0>0|8|2|20" />
        <i3dMapping id="hydraulic03_in" node="0>0|8|2|21" />
        <i3dMapping id="hydraulic02_in" node="0>0|8|2|22" />
        <i3dMapping id="hydraulic01_out" node="0>0|8|2|23" />
        <i3dMapping id="hydraulic05_out" node="0>0|8|2|24" />
        <i3dMapping id="hydraulic04_out" node="0>0|8|2|25" />
        <i3dMapping id="hydraulic03_out" node="0>0|8|2|26" />
        <i3dMapping id="trailerAttacherNode" node="0>0|8|3|0" />
        <i3dMapping id="trailerAttacherJointBack" node="0>0|8|3|0|0" />
        <i3dMapping id="trailerLowNode" node="0>0|8|3|1" />
        <i3dMapping id="trailerAttacherJointBackLow" node="0>0|8|3|0|0" />
        <i3dMapping id="trailerAttacherJointFront" node="0>0|8|3|1" />
        <i3dMapping id="aiCollisionNode" node="0>0|9|0" />
        <i3dMapping id="mainArmRefFrame" node="0>0|10|2" />
        <i3dMapping id="mainArm" node="0>0|10|3" />
        <i3dMapping id="mainArmPart" node="0>0|10|3|0" />
        <i3dMapping id="mainArmHydraulicRef" node="0>0|10|3|1" />
        <i3dMapping id="mainArmHydraulic" node="0>0|10|4" />
        <i3dMapping id="mainArmHydraulicPunch" node="0>0|10|4|0" />
        <i3dMapping id="cabDamperLeftRef" node="0>0|10|5" />
        <i3dMapping id="cabDamperRightRef" node="0>0|10|6" />
        <i3dMapping id="config_wheel02" node="0>0|11|0" />
        <i3dMapping id="config_track02" node="0>0|11|1" />
        <i3dMapping id="weightExtension01" node="0>0|11|1|0"/>
        <i3dMapping id="weightExtension02" node="0>0|11|1|1"/>
        <i3dMapping id="weightExtension03" node="0>0|11|1|2"/>
        <i3dMapping id="magnumT4B_vis" node="0>0" />
        <i3dMapping id="magnumT4B_axis_component2" node="1>" />
        <i3dMapping id="axis" node="1>0" />
        <i3dMapping id="axisFrontLeft" node="1>0|0|0" />
        <i3dMapping id="axisFrontLeftHydraulicRef" node="1>0|0|0|0" />
        <i3dMapping id="fenderLeft" node="1>0|0|0|1|0" />
        <i3dMapping id="wheelFrontLeft" node="1>0|0|0|2|0" />
        <i3dMapping id="wheelFrontLeftHub" node="1>0|0|0|2|0|0" />
        <i3dMapping id="axisFrontLeftInnerHub" node="1>0|0|0|2|0|1" />
        <i3dMapping id="steeringBar" node="1>0|0|0|3" />
        <i3dMapping id="axisFrontLeftHydraulic" node="1>0|1" />
        <i3dMapping id="axisFrontLeftHydraulicPunch" node="1>0|1|0" />
        <i3dMapping id="axisFrontRight" node="1>0|2|0" />
        <i3dMapping id="axisFrontRightHydraulicRef" node="1>0|2|0|0" />
        <i3dMapping id="fenderRight" node="1>0|2|0|1|0" />
        <i3dMapping id="wheelFrontRight" node="1>0|2|0|2|0" />
        <i3dMapping id="wheelFrontRightHub" node="1>0|2|0|2|0|0" />
        <i3dMapping id="axisFrontRightInnerHub" node="1>0|2|0|2|0|1" />
        <i3dMapping id="steeringBarRef" node="1>0|2|0|3" />
        <i3dMapping id="axisFrontRightHydraulic" node="1>0|3" />
        <i3dMapping id="axisFrontRightHydraulicPunch" node="1>0|3|0" />
        <i3dMapping id="axisLeftHydraulicRef" node="1>0|4" />
        <i3dMapping id="axisRightHydraulicRef" node="1>0|5" />
        <i3dMapping id="topArmPartRef_us" node="0|8|0|1|0|2"/>
        <i3dMapping id="topArmRefFrame_us" node="0|10|7"/>
        <i3dMapping id="topArm_us" node="0|10|7|0"/>
        <i3dMapping id="topArmPart_us" node="0|10|7|0|0"/>
        <i3dMapping id="frontLightLow" node="0|11|0|0|0|0"/>
        <i3dMapping id="highBeamLow" node="0|11|0|0|0|1"/>
        <i3dMapping id="frontLightHigh" node="0|11|0|0|0|2"/>
        <i3dMapping id="highBeamHigh" node="0|11|0|0|0|3"/>
        <i3dMapping id="frontlightStatic01" node="0|11|0|0|1|0"/>
        <i3dMapping id="daylightStatic" node="0|11|0|0|1|1"/>
        <i3dMapping id="frontlightStatic01Glass" node="0|11|0|0|1|2"/>
        <i3dMapping id="interiorLightRadio" node="0|7|3|0|4"/>
        <i3dMapping id="interiorLightDoor_fix" node="0|7|3|0|5"/>
        <i3dMapping id="interiorLightDoor" node="0|7|3|0|5|0"/>
        <i3dMapping id="interiorLightGlass_static" node="0|7|3|0|5|1"/>
        <i3dMapping id="engineConfigDecal_340" node="0|11|0|1|0"/>
        <i3dMapping id="engineConfigDecal_380" node="0|11|0|1|1"/>
        <i3dMapping id="engineConfigDecal_400" node="0|11|0|1|2"/>
        <i3dMapping id="capo" node="0|11|0"/>
        <i3dMapping id="doorLeft" node="0|7|8|0|0"/>
        <i3dMapping id="rearWindows" node="0|7|8|1"/>
        <i3dMapping id="rearDoorPiston_leftRef" node="0|7|8|1|2"/>
        <i3dMapping id="rearDoorPiston_rightRef" node="0|7|8|1|3"/>
        <i3dMapping id="doorLeftPistonRef" node="0|7|8|0|0|2"/>
        <i3dMapping id="steeringBase" node="0|7|1"/>
        <i3dMapping id="cortina" node="0|7|8|2"/>
        <i3dMapping id="front" node="0|7|8|2|0"/>
        <i3dMapping id="baseCortina_front" node="0|7|8|2|0|0"/>
        <i3dMapping id="cortina_front" node="0|7|8|2|0|1"/>
        <i3dMapping id="baseCortina_frontAxis2Down" node="0|7|8|2|0|0|0|0"/>
        <i3dMapping id="baseCortina_frontAxis1Down" node="0|7|8|2|0|0|1|0"/>
        <i3dMapping id="baseCortina_frontAxis2Top" node="0|7|8|2|0|2|0"/>
        <i3dMapping id="baseCortina_frontAxis1Top" node="0|7|8|2|0|3|0"/>
        <i3dMapping id="right" node="0|7|8|2|1"/>
        <i3dMapping id="baseCortina_right" node="0|7|8|2|1|0"/>
        <i3dMapping id="baseCortina_rightAxis2Down" node="0|7|8|2|1|0|0|0"/>
        <i3dMapping id="baseCortina_rightAxis1Down" node="0|7|8|2|1|0|1|0"/>
        <i3dMapping id="cortina_right" node="0|7|8|2|1|1"/>
        <i3dMapping id="baseCortina_rightAxis2Top" node="0|7|8|2|1|2|0"/>
        <i3dMapping id="baseCortina_rightAxis1Top" node="0|7|8|2|1|3|0"/>
        <i3dMapping id="rear" node="0|7|8|2|2"/>
        <i3dMapping id="baseCortina_rear" node="0|7|8|2|2|0"/>
        <i3dMapping id="baseCortina_rearAxis2Down" node="0|7|8|2|2|0|0|0"/>
        <i3dMapping id="baseCortina_rearAxis1Down" node="0|7|8|2|2|0|1|0"/>
        <i3dMapping id="cortina_rear" node="0|7|8|2|2|1"/>
        <i3dMapping id="baseCortina_rearAxis2Top" node="0|7|8|2|2|2|0"/>
        <i3dMapping id="baseCortina_rearAxis1Top" node="0|7|8|2|2|3|0"/>
        <i3dMapping id="cabSpringLeft" node="0|7|14|0"/>
        <i3dMapping id="cabSpringRight" node="0|7|14|1"/>
        <i3dMapping id="doorLeftPiston" node="0|7|8|5"/>
        <i3dMapping id="doorLeftCilinder" node="0|7|8|5|0"/>
        <i3dMapping id="rearDoorCilinder_leftScale" node="0|7|8|3|1"/>
        <i3dMapping id="rearDoorCilinder_rightScale" node="0|7|8|4|1"/>
        <i3dMapping id="doorLeftCilinder_scale" node="0|7|8|5|1"/>
        <i3dMapping id="rearDoorPiston_left" node="0|7|8|3"/>
        <i3dMapping id="rearDoorPiston_right" node="0|7|8|4"/>
        <i3dMapping id="rearDoorCilinder_left" node="0|7|8|3|0"/>
        <i3dMapping id="rearDoorCilinder_right" node="0|7|8|4|0"/>
        <i3dMapping id="atacherFix" node="0|8|3|2"/>
        <i3dMapping id="weightWheel_left1" node="0|0|0|1|0"/>
        <i3dMapping id="weightWheel_left2" node="0|0|0|1|1"/>
        <i3dMapping id="weightWheel_right1" node="0|0|1|1|0"/>
        <i3dMapping id="weightWheel_right2" node="0|0|1|1|1"/>
        <i3dMapping id="holder_vis" node="0|7|9|3"/>
        <i3dMapping id="originalWindows_Door" node="0|7|8|0|0|0"/>
        <i3dMapping id="darkWindows_Door" node="0|7|8|0|0|1"/>
        <i3dMapping id="originalWindows_rearDoor" node="0|7|8|1|0"/>
        <i3dMapping id="darkWindows_rearDoor" node="0|7|8|1|1"/>
        <i3dMapping id="originalWindows" node="0|7|9|1|0"/>
        <i3dMapping id="darkWindows" node="0|7|9|1|1"/>
        <i3dMapping id="staticLightsBonnet" node="0|11|0|0|1"/>
        <i3dMapping id="warningSignHolderUS" node="0|7|13"/>
    </i3dMappings>
</vehicle>