﻿<?xml version="1.0" encoding="utf-8" standalone="no"?>
<modDesc descVersion="79">
    <author>Ackerdesigner</author>
    <version>1.0.0.0</version>
	
    <title>
		<en>Beet Pulp Plant</en>
		<de>Rübenschnitzelanlage</de>
    </title>

    <description>
	<en>
<![CDATA[Sugar Beet Pulp Production
Category: Production - Factories
Price: 25.000 $
Incoming materials: Sugarbeet
Outgoing Materials: sugar beet pulp
Capacity: 600.000 liters
20 liters of sugar beets produce 20 liters of sugar beet pulp
Daily Upkeep: 50 $
Monthly Cycles: 1920
Production Cost / Month: 120 $
]]>
</en>
<de>
<![CDATA[Zuckerrübenschnitzel Herstellung
Kategorie: Produktion - Fabriken
Preis: 25.000 €
Ankommende Materialien: Zuckerrüben
Ausgehende Materialien: Zuckerrübenschnitzel
Fassungsvermögen: 600.000 Liter
20 Liter Zuckerrüben ergeben 20 Liter Zuckerrübenschnitzel
Tägliche Kosten:: 50 €/Tag
Monatliche Zyklen: 1920
Produktionskosten / Monat: 120 €
]]>
</de>
    </description>
	
    <multiplayer supported="true" />
	
    <iconFilename>icon_Ruebenschnitzel.png</iconFilename> 
	
    <storeItems>
		<storeItem xmlFilename="Ruebenschnitzel.xml"/>
	</storeItems>
	
</modDesc>
