<?xml version="1.0" encoding="utf-8" standalone="no" ?>
<modDesc descVersion="77">
    <author>Dithmarscher Modding</author>
    <version>1.0.0.0</version>
	
    <title>
        <en>Bunkersilo Classic Pack</en>
        <de>Klassisches Fahrsilo Packet</de>
    </title>
	
<description>
<en><![CDATA[
This mod includes a total of six single and double silos in three different sizes.
Small Simple: Price: 15,000$ Maintenance: 5$/day
Small Double: Price: 30,000$ Maintenance: 10$/day
Medium Simple: Price: 20,000$ Maintenance: 10$/day
Medium Double: Price: 40,000$ Maintenance: 15$/day
Large Simple: Price: 25,000$ Maintenance: 15$/day
Large Double: Price: 50,000$ Maintenance: 20$/day
]]></en>
<de><![CDATA[
Dieser Mod beinhaltet insgesamt sechs Fahrsilos in einfacher und doppelter ausführung in drei unterschiedlichen größen.
Klein Einfach: Preis: 15.000 €   Unterhalt: 5 €/Tag
Klein Doppelt: Preis: 30.000 €   Unterhalt: 10 €/Tag
Mittel Einfach: Preis: 20.000 €   Unterhalt: 10 €/Tag
Mittel Doppelt: Preis: 40.000 €   Unterhalt: 15 €/Tag
Groß Einfach: Preis: 25.000 €   Unterhalt: 15 €/Tag
Groß Doppelt: Preis: 50.000 €   Unterhalt: 20 €/Tag
]]></de>
<fr><![CDATA[
Ce mod comprend un total de six silos simples et doubles de trois tailles différentes.
Petit Simple : Tarif : 15 000 € Maintenance : 5 €/jour
Petite Double : Tarif : 30 000 € Maintenance : 10 €/jour
Moyen Simple : Tarif : 20 000 € Maintenance : 10 €/jour
Medium Double : Tarif : 40 000 € Maintenance : 15 €/jour
Grand Simple : Tarif : 25 000 € Maintenance : 15 €/jour
Grand Double : Tarif : 50 000 € Entretien : 20 €/jour
]]></fr>
</description>
	
    <iconFilename>icon_BunkerSiloPack.dds</iconFilename>
    <multiplayer supported="true"/>

    <storeItems>
        <storeItem xmlFilename="xml/bunkerSilo_Mittel_Einfach.xml"/>
		<storeItem xmlFilename="xml/bunkerSilo_Mittel_Doppelt.xml"/>
		<storeItem xmlFilename="xml/bunkerSilo_Gross_Einfach.xml"/>
		<storeItem xmlFilename="xml/bunkerSilo_Gross_Doppelt.xml"/>
		<storeItem xmlFilename="xml/bunkerSilo_Klein_Einfach.xml"/>
		<storeItem xmlFilename="xml/bunkerSilo_Klein_Doppelt.xml"/>
    </storeItems>

	<l10n>
		<text name="bunkerSilo_klein_einfach">
            <en>Simple Bunkersilo (small)</en>
            <de>Einfacher Fahrsilo (Klein)</de>
        </text>
		<text name="bunkerSilo_klein_doppelt">
            <en>Double Bunkersilo (small)</en>
            <de>Doppelter Fahrsilo (Klein)</de>
        </text>
		<text name="bunkerSilo_mittel_einfach">
            <en>Simple Bunkersilo (middle)</en>
            <de>Einfacher Fahrsilo (mittel)</de>
        </text>
		<text name="bunkerSilo_mittel_doppelt">
            <en>Double Bunkersilo (middle)</en>
            <de>Doppelter Fahrsilo (mittel)</de>
        </text>
		<text name="bunkerSilo_gross_einfach">
            <en>Simple Bunkersilo (big)</en>
            <de>Einfacher Fahrsilo (gross)</de>
        </text>
		<text name="bunkerSilo_gross_doppelt">
            <en>Double Bunkersilo (big)</en>
            <de>Doppelter Fahrsilo (gross)</de>
        </text>
    </l10n>
</modDesc>