<?xml version="1.0" encoding="utf-8" standalone="no" ?>
<sounds xmlns:xsi="http://www.w3.org/2001/XMLSchema-instance" xsi:noNamespaceSchemaLocation="../../../../../shared/xml/schema/vehicle_sounds.xsd">
    <motorized>
        <sounds>
			<!-- Start-Sound -->
			<motorStart template="MEDIUM_TRACTOR_MOTOR_START" file="sounds/Fiatagri180_start.wav" linkNode="0>" innerRadius="23.5" outerRadius="110.0" >
				<volume indoor="0.40" outdoor="0.75" />
				<pitch indoor="1.0" outdoor="1.0" />
			</motorStart>	

			<!-- Stop-Sound -->
			<motorStop template="MEDIUM_TRACTOR_MOTOR_STOP" file="sounds/Fiatagri180_stop.wav" linkNode="0>" innerRadius="23.5" outerRadius="110.0" >
				<volume indoor="0.40" outdoor="0.85" />
				<pitch indoor="1.6" outdoor="1.6" />
			</motorStop>


			<!-- Idle-Sound -->
			<motor template="MEDIUM_TRACTOR_MOTOR_IDLE" file="sounds/Fiatagri180_idle.wav" linkNode="0>" innerRadius="23.5" outerRadius="110.0" >
				<volume indoor="0.40" outdoor="0.75" >
					<modifier type="MOTOR_RPM" value="0.00" modifiedValue="1.00" />
					<modifier type="MOTOR_RPM" value="0.54" modifiedValue="0.00" />
					<modifier type="ACCELERATE" value="0.0" modifiedValue="1.0" />
					<modifier type="ACCELERATE" value="0.6" modifiedValue="1.5" />
					<modifier type="CRUISECONTROL" value="0" modifiedValue="1.0" />
					<modifier type="CRUISECONTROL" value="0.6" modifiedValue="1.5" />
				</volume>
				<pitch indoor="1.0" outdoor="1.0" >
					<modifier type="MOTOR_RPM" value="0.00" modifiedValue="1.00" />
					<modifier type="MOTOR_RPM" value="0.54" modifiedValue="1.50" />
				</pitch>
			</motor>

			<!-- Run-Sound -->
			<motor template="MEDIUM_TRACTOR_MOTOR_OFFLOAD_RUN" file="sounds/Fiatagri180_run.wav" linkNode="0>" innerRadius="23.5" outerRadius="110.0" >
				<pitch indoor="1.0" outdoor="1.0" >
					<modifier type="MOTOR_RPM" value="0.25" modifiedValue="0.75" />
					<modifier type="MOTOR_RPM" value="1.00" modifiedValue="1.00" />
					<modifier type="SPEED" value="18" modifiedValue="0.95" />
					<modifier type="SPEED" value="43" modifiedValue="1.15" />
				</pitch>
				<volume indoor="0.38" outdoor="0.6" >
					<modifier type="MOTOR_RPM" value="0.00" modifiedValue="0.00" />
					<modifier type="MOTOR_RPM" value="0.54" modifiedValue="1.00" />
					<modifier type="SPEED" value="0.0" modifiedValue="1.0" />
					<modifier type="SPEED" value="43.0" modifiedValue="1.0" />
					<modifier type="MOTOR_LOAD" value="0.5" modifiedValue="0.80" />
					<modifier type="MOTOR_LOAD" value="1.0" modifiedValue="0.00" />
				</volume>
			</motor>

			<!-- Charge the sound from a standstill when it starts and with the maximum accelerator downhill -->
			<motor template="MEDIUM_TRACTOR_MOTOR_ONLOAD_RUN" file="sounds/Fiatagri180_load_loop2.wav" linkNode="0>" innerRadius="23.5" outerRadius="110.0" >
				<pitch indoor="1.0" outdoor="1.0" >
					<modifier type="MOTOR_RPM" value="0.25" modifiedValue="0.75" />
					<modifier type="MOTOR_RPM" value="1.00" modifiedValue="1.00" />
					<modifier type="SPEED" value="0" modifiedValue="0.95" />
					<modifier type="SPEED" value="43" modifiedValue="1.05" />
				</pitch>
				<volume indoor="0.5" outdoor="1.2" >
					<modifier type="SPEED" value="0.0"  modifiedValue="0.0" />
					<modifier type="SPEED" value="2.0"  modifiedValue="1.0" />
					<modifier type="SPEED" value="20.0" modifiedValue="1.0" />
					<modifier type="SPEED" value="22.5" modifiedValue="0.0" />
					<modifier type="SPEED" value="33.0" modifiedValue="0.0" />
					<modifier type="SPEED" value="43.5" modifiedValue="1.0" />
					<modifier type="ACCELERATE" value="0" modifiedValue="0.00" />
					<modifier type="ACCELERATE" value="0.3" modifiedValue="0.40" />
					<modifier type="MOTOR_LOAD" value="0.2" modifiedValue="1.00" />
					<modifier type="MOTOR_LOAD" value="1.0" modifiedValue="0.00" />
				</volume>
			</motor>

			<!-- Transmission sound -->
			<gearbox file="$data/sounds/vehicles/transmission/transmission_omega_loop.wav" linkNode="0>" innerRadius="23.5" outerRadius="110.0" >
				<volume indoor="0.4" outdoor="0.6" >
					<modifier type="SPEED" value="4.0" modifiedValue="0.0" />
					<modifier type="SPEED" value="43.0" modifiedValue="1.0" />
				</volume>
				<pitch indoor="1.0" outdoor="1.0" >
					<modifier type="SPEED" value="0.0" modifiedValue="0.75" />
					<modifier type="SPEED" value="43.0" modifiedValue="1.2" />
				</pitch>
			</gearbox>

			<!-- Take off transmission sound when using gas (retarder sound) -->
			<retarder file="$data/sounds/vehicles/retarder/retarder_loop_02.wav" linkNode="0>" innerRadius="23.5" outerRadius="110.0" >
				<volume indoor="0.4" outdoor="0.5" >
					<modifier type="SPEED" value="8.0" modifiedValue="0.0" />
					<modifier type="SPEED" value="54.0" modifiedValue="1.0" />
					<modifier type="ACCELERATE" value="0" modifiedValue="1.0" />
					<modifier type="ACCELERATE" value="0.01" modifiedValue="0.0" />
					<modifier type="CRUISECONTROL" value="0" modifiedValue="1.0" />
					<modifier type="CRUISECONTROL" value="0.01" modifiedValue="0.0" />
				</volume>
				<pitch indoor="0.5" outdoor="0.5" >    
				<modifier type="SPEED" value="0.0" modifiedValue="0.8" />
					<modifier type="SPEED" value="43.0" modifiedValue="3.0" />
				</pitch>
			</retarder>
	
            <gearLeverStart template="gearDisengaged"/>
            <gearLeverEnd template="gearEngaged"/>
            <gearbox file="$data/sounds/vehicles/transmission/transmissionLoop.wav" pitchScale="0.7" volumeScale="0.3" innerRadius="7.0" outerRadius="60.0" > 
                <volume indoor="1.2" outdoor="1.9" >
                    <modifier type="SPEED" value="4.0" modifiedValue="0.0" />
                    <modifier type="SPEED" value="30.0" modifiedValue="1.0" />
                    <modifier type="SPEED" value="60.0" modifiedValue="1.0" />
                    <modifier type="SPEED" value="120.0" modifiedValue="1.4" />

                    <modifier type="MOTOR_LOAD" value="-1.00" modifiedValue="1.0" />
                    <modifier type="MOTOR_LOAD" value="0.00" modifiedValue="1.0" />
                    <modifier type="MOTOR_LOAD" value="0.20" modifiedValue="1.0" />
                    <modifier type="MOTOR_LOAD" value="0.45" modifiedValue="2.0" />
                    <modifier type="MOTOR_LOAD" value="0.80" modifiedValue="1.0" />
                    <modifier type="MOTOR_LOAD" value="1.00" modifiedValue="0.7" />
            
                    <modifier type="DRIVING_DIRECTION" value="-1.0" modifiedValue="1.5" />
                    <modifier type="DRIVING_DIRECTION" value="0.00" modifiedValue="0.0" />
                    <modifier type="DRIVING_DIRECTION" value="1.00" modifiedValue="1.0" />
                </volume>
                <pitch indoor="1.80" outdoor="1.77">
                    <modifier type="SPEED" value="0.0" modifiedValue="0.3"/>
                    <modifier type="SPEED" value="60.0" modifiedValue="0.8"/>
                    <modifier type="SPEED" value="120.0" modifiedValue="1.3"/>

                    <modifier type="SUSPENSION" value="-1.0" modifiedValue="0.9" />
                    <modifier type="SUSPENSION" value="-0.5" modifiedValue="0.95" />
                    <modifier type="SUSPENSION" value="0.0" modifiedValue="1.0" />
                    <modifier type="SUSPENSION" value="0.5" modifiedValue="1.05" />
                    <modifier type="SUSPENSION" value="1.0" modifiedValue="1.1" />

                    <modifier type="DRIVING_DIRECTION" value="-1.0" modifiedValue="1.8" />
                    <modifier type="DRIVING_DIRECTION" value="0.00" modifiedValue="1.0" />
                    <modifier type="DRIVING_DIRECTION" value="1.00" modifiedValue="1.0" />
                </pitch>
                
                <lowpassGain indoor="1.0" outdoor="2.5" />
                <lowpassCutoffFrequency indoor="700" outdoor="20000.0" />
                <lowpassResonance indoor="1.0" outdoor="1.5"/> 
            </gearbox>
			
			
			<airCompressorStart file="$data/sounds/vehicles/compressor/compressor_controller.wav" linkNode="0>" innerRadius="23.5" outerRadius="110.0" >
				<volume indoor="0.3" outdoor="0.4" />
				<pitch indoor="1.0" outdoor="1.0" />
				<lowpassGain indoor="0.75" outdoor="0.9" />
			</airCompressorStart>

			<airCompressorStop file="$data/sounds/vehicles/compressor/pressure_regulator.wav" linkNode="0>" innerRadius="23.5" outerRadius="110.0" >
				<volume indoor="0.3" outdoor="0.4" />
				<pitch indoor="1.0" outdoor="1.0" />
				<lowpassGain indoor="0.75" outdoor="0.9" />
			</airCompressorStop>

			<airCompressorRun file="$data/sounds/vehicles/compressor/compressor_idle_loop.wav" linkNode="0>" innerRadius="23.5" outerRadius="110.0" fadeOut="0.1" >
				<volume indoor="0.2" outdoor="0.20" />
				<pitch indoor="1.0" outdoor="1.0" />
				<lowpassGain indoor="0.75" outdoor="0.9" />
			</airCompressorRun>

			<compressedAir file="sounds/Fiatagri180_brakeOld.wav" linkNode="0>" innerRadius="23.5" outerRadius="110.0" >
				<volume indoor="1.60" outdoor="2.00">
					<modifier type="BRAKE_TIME" value="0.0" modifiedValue="0.0" />
					<modifier type="BRAKE_TIME" value="1.0" modifiedValue="1.0" />
				</volume>
				<pitch indoor="1.0" outdoor="1.0" />
				<lowpassGain indoor="0.75" outdoor="1.0" />
			</compressedAir>

			<airRelease file="$data/sounds/vehicles/compressor/regulator_valve_01.wav" linkNode="0>" innerRadius="23.5" outerRadius="110.0" >
				<volume indoor="0.80" outdoor="1.20" />
				<pitch indoor="1.0" outdoor="1.0" />
				<lowpassGain indoor="0.75" outdoor="0.9" />
			</airRelease>
        </sounds>
    </motorized>

		<lights>
			<sounds>
				<toggleLights template="SWITCH_01"  />
				<turnLight template="SWITCH_TURNLIGHT"  />
			</sounds>
		</lights>

		<attacherJoints>
			<sounds>
				<attach template="ATTACH_01" />
				<hydraulic template="defaultHydraulicSound" />
			</sounds>
		</attacherJoints>

		<drivable>
			<sounds>
				<waterSplash template="WATER_SPLASH_01" />
			</sounds>
		</drivable>

		<honk>
			<sound template="hornDefault" />
		</honk>
</sounds>
