<?xml version="1.0" encoding="utf-8" standalone="no" ?>
<vehicle type="balerWrapper" xmlns:xsi="http://www.w3.org/2001/XMLSchema-instance" xsi:noNamespaceSchemaLocation="https://validation.gdn.giants-software.com/xml/fs22/vehicle.xsd">
    <annotation>Copyright (C) DD ModPassion, All Rights Reserved.</annotation>
    <storeData>
        <name>MF RB 4180V Protec</name>
        <image>$data/store/store_empty.png</image>
        <brand>masseyFerguson</brand>
        <category>balers</category>
        <showInStore>false</showInStore>
    </storeData>
    <base>
        <filename>filename/foilWrapRoll.i3d</filename>
    </base>
    <fillUnit>
        <fillUnitConfigurations>
            <fillUnitConfiguration>
                <fillUnits>
                    <fillUnit unitTextOverride="$l10n_unit_mShort" fillTypeCategories="foilWrap" capacity="3000" canBeUnloaded="false" allowFoldingThreshold="6000"/>
                    <fillUnit unitTextOverride="$l10n_unit_mShort" fillTypeCategories="foilWrap" capacity="18000" canBeUnloaded="false" allowFoldingThreshold="36000" showOnHud="false" showOnInfoHud="false"/>
                </fillUnits>
            </fillUnitConfiguration>
        </fillUnitConfigurations>
    </fillUnit>
    <baleWrapper>
        <foilWrapAddon storage="fillUnit" configuration="0">
            <baseNode node="0>0|3|3|1|0|0|1"/>
            <baseNode node="0>0|5|0|1"/>
            <roll node="0>0|3|3|1|0|0|1" rotation="-180 -81.5 -180" scale="1.008 0.9957 1.008"/>
            <roll node="0>0|3|3|1|0|0|1" translation="2.386 0.007 -0.483" rotation="0 81.5 0" scale="1.008 0.9957 1.008"/>
            <material node="wrapFoil"/>
            <material node="leftOverFoilLeft" editVisibility="false"/>
            <material node="leftOverFoilRight" editVisibility="false"/>
            <storage node="0>0|5|1|2" translation="0.985325 1.99702 0.0842764"/>
            <storage node="0>0|5|1|2" translation="0.985325 1.75604 0.36843"/>
            <storage node="0>0|5|1|2" translation="1.00157 1.75604 1.51602"/>
            <storage node="0>0|5|1|2" translation="1.03766 1.75604 0.656832"/>
            <storage node="0>0|5|1|2" translation="1.04166 1.75604 1.22831"/>
            <storage node="0>0|5|1|2" translation="0.983984 1.75155 0.942646"/>
            <storage node="0>0|5|1|2" translation="-0.949643 2.02588 -0.199585"/>
            <storage node="0>0|5|1|2" translation="-0.974894 1.99702 0.0842764"/>
            <storage node="0>0|5|1|2" translation="-0.976378 1.75604 0.36843"/>
            <storage node="0>0|5|1|2" translation="-1.03463 1.75604 0.656831"/>
            <storage node="0>0|5|1|2" translation="-1.03406 1.75604 1.22831"/>
            <storage node="0>0|5|1|2" translation="-0.972207 1.75155 0.942646"/>
        </foilWrapAddon>
    </baleWrapper>
    <wearable showOnHud="false"/>
    <washable/>
</vehicle>