<?xml version="1.0" encoding="utf-8" standalone="no" ?>
<vehicle type="baseAttachable" xmlns:xsi="http://www.w3.org/2001/XMLSchema-instance" xsi:noNamespaceSchemaLocation="https://validation.gdn.giants-software.com/xml/schema/vehicle.xsd">
    <annotation>Copyright (C) DD ModPassion, All Rights Reserved.</annotation>
    <parentFile xmlFilename="xmlFilename/skidSteer/bennaMultiuso.xml">
        <attributes>
            <set path="vehicle.storeData.name" value="$l10n_name_bennaMultiusoMonoblocco"/>
            <set path="vehicle.storeData.specs.combination(0)#filterCategory" value="wheelLoaderVehicles"/>
            <set path="vehicle.storeData.image" value="image/store_bennaMultiusoTrattenitoreMonoblocco_wheelLoaders.png"/>
            <set path="vehicle.storeData.price" value="3200"/>
            <set path="vehicle.storeData.category" value="wheelLoaderTools"/>
            <remove path="vehicle.configurationSets.configurationSet(19)"/>
            <remove path="vehicle.configurationSets.configurationSet(18)"/>
            <remove path="vehicle.configurationSets.configurationSet(17)"/>
            <remove path="vehicle.configurationSets.configurationSet(16)"/>
            <remove path="vehicle.configurationSets.configurationSet(15)"/>
            <remove path="vehicle.configurationSets.configurationSet(14)"/>
            <remove path="vehicle.configurationSets.configurationSet(7)"/>
            <remove path="vehicle.configurationSets.configurationSet(6)"/>
            <remove path="vehicle.configurationSets.configurationSet(5)"/>
            <remove path="vehicle.configurationSets.configurationSet(4)"/>
            <remove path="vehicle.configurationSets.configurationSet(3)"/>
            <remove path="vehicle.configurationSets.configurationSet(2)"/>
            <remove path="vehicle.configurationSets.configurationSet(1)"/>
            <remove path="vehicle.configurationSets.configurationSet(0)"/>
            <set path="vehicle.configurationSets.configurationSet(3)#isDefault" value="true"/>
       </attributes>
    </parentFile>
    <storeData>
        <name>$l10n_name_bennaMultiusoMonoblocco</name>
        <image>image/store_bennaMultiusoTrattenitoreMonoblocco_wheelLoaders.png</image>
        <brand>CSZ</brand>
        <category>wheelLoaderTools</category>
        <vertexBufferMemoryUsage>0</vertexBufferMemoryUsage>
        <indexBufferMemoryUsage>0</indexBufferMemoryUsage>
        <textureMemoryUsage>0</textureMemoryUsage>
        <audioMemoryUsage>0</audioMemoryUsage>
        <instanceVertexBufferMemoryUsage>0</instanceVertexBufferMemoryUsage>
        <instanceIndexBufferMemoryUsage>0</instanceIndexBufferMemoryUsage>
    </storeData>
    <wearable wearDuration="480" workMultiplier="5" fieldMultiplier="2"/>
    <washable dirtDuration="90" washDuration="1" workMultiplier="6" fieldMultiplier="2"/>
</vehicle>
