﻿<?xml version="1.0" encoding="utf-8" standalone="no" ?>
<vehicle type="dynamicMountAttacherShovel" xmlns:xsi="http://www.w3.org/2001/XMLSchema-instance" xsi:noNamespaceSchemaLocation="https://validation.gdn.giants-software.com/xml/schema/vehicle.xsd">
    <annotation>Copyright (C) DD ModPassion, All Rights Reserved.</annotation>
    <storeData>
        <name>$l10n_name_bigForca</name>
        <specs>
            <combination filterCategory="wheelLoaderVehicles"/>
        </specs>
        <functions>
            <function>$l10n_function_frontloaderShovel</function>
        </functions>
        <storePacks>
            <storePack>STARTER_CHAFF</storePack>
        </storePacks>
        <image>image/store_bigForca_wheelLoaders.png</image>
        <price>5000</price>
        <lifetime>600</lifetime>
        <rotation>0</rotation>
        <brand>CSZ</brand>
        <category>wheelLoaderTools</category>
        <shopDynamicTitle>true</shopDynamicTitle>
        <shopTranslationOffset>0 0.1 0</shopTranslationOffset>
        <shopLoadingDelay initial="0.4"/>
        <vertexBufferMemoryUsage>668928</vertexBufferMemoryUsage>
        <indexBufferMemoryUsage>118016</indexBufferMemoryUsage>
        <textureMemoryUsage>458752</textureMemoryUsage>
        <audioMemoryUsage>0</audioMemoryUsage>
        <instanceVertexBufferMemoryUsage>0</instanceVertexBufferMemoryUsage>
        <instanceIndexBufferMemoryUsage>0</instanceIndexBufferMemoryUsage>
    </storeData>
    <base>
        <typeDesc>$l10n_typeDesc_bigForca</typeDesc>
        <filename>filename/bigForca.i3d</filename>
        <size width="5" length="2"/>
        <components>
            <component centerOfMass="0 0 0.5" solverIterationCount="10" mass="1520"/>
        </components>
        <schemaOverlay attacherJointPosition="0 0" name="IMPLEMENT"/>
        <mapHotspot type="TOOL"/>
    </base>
    <attachable>
        <inputAttacherJointConfigurations>
            <inputAttacherJointConfiguration name="$l10n_configuration_inputAttacherWheelLoader" vehicleBrand="CSZ_wheelLoaders" vehicleIcon="image/store_bigForca4_wheelLoaders.png">
                <inputAttacherJoint node="0>4|0" jointType="wheelLoader"/>
                <objectChange node="0>1" scaleActive="0 0 0" visibilityActive="false"/>
                <objectChange node="0>2" scaleActive="0 0 0" visibilityActive="false"/>
                <objectChange node="0>3" scaleActive="0 0 0" visibilityActive="false"/>
                <objectChange node="0>4" scaleActive="1 1 1" visibilityActive="true"/>
            </inputAttacherJointConfiguration>
            <inputAttacherJointConfiguration name="$l10n_configuration_inputAttacherWheelLoader" vehicleBrand="CSZ_wheelLoaders" vehicleIcon="image/store_bigForca5_wheelLoaders.png">
                <inputAttacherJoint node="0>4|0" jointType="wheelLoader"/>
                <objectChange node="0>1" scaleActive="0 0 0" visibilityActive="false"/>
                <objectChange node="0>2" scaleActive="0 0 0" visibilityActive="false"/>
                <objectChange node="0>3" scaleActive="0 0 0" visibilityActive="false"/>
                <objectChange node="0>4" scaleActive="1 1 1" visibilityActive="true"/>
            </inputAttacherJointConfiguration>
        </inputAttacherJointConfigurations>
        <inputAttacherJoints>
            <inputAttacherJoint node="0>0" jointType="loaderFork"/>
            <inputAttacherJoint node="0>0|0" jointType="hookLift"/>
            <inputAttacherJoint node="0>0|1" jointType="hookLift"/>
        </inputAttacherJoints>
        <toolCameras>
            <toolCamera node="0>0|2|1|0" rotatable="true" rotateNode="0>0|2|1" limit="true" useWorldXZRotation="true" rotMinX="-1.4" rotMaxX="1" transMin="1.5" transMax="18" translation="0 0 5.5" rotation="-17.5 180 0">
                <raycastNode node="0>0|2|1"/>
                <raycastNode node="0>0|2|2"/>
                <raycastNode node="0>0|2|3"/>
            </toolCamera>
        </toolCameras>
    </attachable>
    <configurationSets title="$l10n_shop_workingWidth">
        <configurationSet name="4.0 m">
            <configuration name="inputAttacherJoint" index="1"/>
            <configuration name="fillUnit"           index="1"/>
            <configuration name="folding"            index="1"/>
        </configurationSet>
        <configurationSet name="5.0 m">
            <configuration name="inputAttacherJoint" index="2"/>
            <configuration name="fillUnit"           index="2"/>
            <configuration name="folding"            index="2"/>
        </configurationSet>
    </configurationSets>
    <vehicleTypeConfigurations title="$l10n_category_leveler">
        <vehicleTypeConfiguration name="$l10n_button_activate" vehicleType="dynamicMountAttacherShovelLeveler"/>
        <vehicleTypeConfiguration name="$l10n_button_deactivate" vehicleType="dynamicMountAttacherShovel"/>
    </vehicleTypeConfigurations>
    <connectionHoses>
        <hose inputAttacherJointIndices="4" type="hydraulicIn" node="0>5|6|0" adapterNode="0>5|6|2|2|0" length="1" diameter="0.02">
            <objectChange node="0>5|6|2" visibilityActive="false" visibilityInactive="true"/>
        </hose>
        <hose inputAttacherJointIndices="4" type="hydraulicOut" node="0>5|6|1" adapterNode="0>5|6|2|2|1" length="1" diameter="0.02"/>
        <localHose>
            <hose type="hydraulicIn" node="0>5|6|2|0" length="0.4" diameter="0.02"/>
            <target type="none" node="0>5|6|2|2|0"/>
        </localHose>
        <localHose>
            <hose type="hydraulicOut" node="0>5|6|2|1" length="0.4" diameter="0.02"/>
            <target type="none" node="0>5|6|2|2|1"/>
        </localHose>
        <localHose>
            <hose type="hydraulicIn" node="0>5|6|3|0" length="0.4" diameter="0.02"/>
            <target type="none" node="0>5|6|3|2|0"/>
        </localHose>
        <localHose>
            <hose type="hydraulicOut" node="0>5|6|3|1" length="0.4" diameter="0.02"/>
            <target type="none" node="0>5|6|3|2|1"/>
        </localHose>
        <localHose>
            <hose type="hydraulicIn" node="0>5|6|3|2|0" length="0.4" diameter="0.02"/>
            <target type="none" node="0>5|0|0|0|1"/>
        </localHose>
        <localHose>
            <hose type="hydraulicOut" node="0>5|6|3|2|1" length="0.4" diameter="0.02"/>
            <target type="none" node="0>5|0|0|0|2"/>
        </localHose>
        <localHose>
            <hose type="hydraulicIn" node="0>5|6|4|0" length="0.4" diameter="0.02"/>
            <target type="none" node="0>5|6|4|2|0"/>
        </localHose>
        <localHose>
            <hose type="hydraulicOut" node="0>5|6|4|1" length="0.4" diameter="0.02"/>
            <target type="none" node="0>5|6|4|2|1"/>
        </localHose>
        <localHose>
            <hose type="hydraulicIn" node="0>5|6|4|2|0" length="0.4" diameter="0.02"/>
            <target type="none" node="0>5|0|1|0|1"/>
        </localHose>
        <localHose>
            <hose type="hydraulicOut" node="0>5|6|4|2|1" length="0.4" diameter="0.02"/>
            <target type="none" node="0>5|0|1|0|2"/>
        </localHose>
    </connectionHoses>
    <dynamicMountAttacher node="0>">
        <mountCollisionMask node="0>5|1|0|4" collisionMask="134225920"/>
        <mountCollisionMask node="0>5|1|1|4" collisionMask="134225920"/>
        <mountCollisionMask node="0>7" collisionMask="134225920"/>
    </dynamicMountAttacher>
    <foldable>
        <foldingConfigurations title="$l10n_shop_workingWidth">
            <foldingConfiguration workingWidth="4.0" vehicleIcon="image/store_bigForca4_wheelLoaders.png">
                <foldingParts startMoveDirection="0" posDirectionText="action_baleloaderTransportPosition" negDirectionText="action_baleloaderOperatingPosition">
                    <foldingPart animationName="folding" speedScale="1"/>
                </foldingParts>
                <objectChange node="0>" massActive="1520"/>
                <objectChange node="0>5|1|0|1" visibilityActive="true"/>
                <objectChange node="0>5|1|0|2" visibilityActive="false"/>
                <objectChange node="0>5|1|0|3" scaleActive="1 1 1"/>
                <objectChange node="0>5|1|0|4" scaleActive="1 1 1"/>
                <objectChange node="0>5|1|0|5" scaleActive="1 1 1"/>
                <objectChange node="0>5|1|1|1" visibilityActive="true"/>
                <objectChange node="0>5|1|1|2" visibilityActive="false"/>
                <objectChange node="0>5|1|1|3" scaleActive="1 1 1"/>
                <objectChange node="0>5|1|1|4" scaleActive="1 1 1"/>
                <objectChange node="0>5|1|1|5" scaleActive="1 1 1"/>
                <objectChange node="0>5|2|0" visibilityActive="true"/>
                <objectChange node="0>5|2|1" visibilityActive="false"/>
                <objectChange node="0>5|3" scaleActive="1 1 1"/>
                <objectChange node="0>5|4" scaleActive="1 1 1"/>
                <objectChange node="0>5|5" scaleActive="1 1 1"/>
                <objectChange node="0>6" scaleActive="1 1 1"/>
                <foliageBendingModifier index="2" minX="0" maxX="1"/>
                <foliageBendingModifier index="3" minX="-1" maxX="0"/>
            </foldingConfiguration>
            <foldingConfiguration workingWidth="5.0" vehicleIcon="image/store_bigForca5_wheelLoaders.png" price="2500">
                <foldingParts startMoveDirection="0" posDirectionText="action_baleloaderTransportPosition" negDirectionText="action_baleloaderOperatingPosition">
                    <foldingPart animationName="folding" speedScale="1"/>
                </foldingParts>
                <objectChange node="0>" massActive="1720"/>
                <objectChange node="0>5|1|0|1" visibilityActive="false"/>
                <objectChange node="0>5|1|0|2" visibilityActive="true"/>
                <objectChange node="0>5|1|0|3" scaleActive="1 1.2 1"/>
                <objectChange node="0>5|1|0|4" scaleActive="1 1.2 1"/>
                <objectChange node="0>5|1|0|5" scaleActive="1 1.2 1"/>
                <objectChange node="0>5|1|1|1" visibilityActive="false"/>
                <objectChange node="0>5|1|1|2" visibilityActive="true"/>
                <objectChange node="0>5|1|1|3" scaleActive="1 1.2 1"/>
                <objectChange node="0>5|1|1|4" scaleActive="1 1.2 1"/>
                <objectChange node="0>5|1|1|5" scaleActive="1 1.2 1"/>
                <objectChange node="0>5|2|0" visibilityActive="false"/>
                <objectChange node="0>5|2|1" visibilityActive="true"/>
                <objectChange node="0>5|3" scaleActive="1.25 1 1"/>
                <objectChange node="0>5|4" scaleActive="1.25 1 1"/>
                <objectChange node="0>5|5" scaleActive="1.25 1 1"/>
                <objectChange node="0>6" scaleActive="1.25 1 1"/>
                <foliageBendingModifier index="2" minX="0" maxX="1.5"/>
                <foliageBendingModifier index="3" minX="-1.5" maxX="0"/>
            </foldingConfiguration>
        </foldingConfigurations>
    </foldable>
    <animations>
        <animation name="folding">
            <part node="0>5|1|0" startTime="0.0" endTime="2.0" startRot="0 0 -90" endRot="0 0 0"/>
            <part node="0>5|1|1" startTime="0.0" endTime="2.0" startRot="0 0 90" endRot="0 0 0"/>
            <part node="0>5|2" startTime="1.90" endTime="1.95" visibility="false"/>
            <part node="0>5|2" startTime="1.95" endTime="2.0" visibility="true"/>
        </animation>
    </animations>
    <cylindered>
        <movingTools>
            <movingTool node="0>5|1|0">
                <dependentPart node="0>5|0|0|0"/>
            </movingTool>
            <movingTool node="0>5|1|1">
                <dependentPart node="0>5|0|1|0"/>
            </movingTool>
        </movingTools>
        <movingParts>
            <movingPart node="0>5|0|0|0" referencePoint="0>5|1|0|0" referenceFrame="0>" playSound="true">
                <translatingPart node="0>5|0|0|0|0"/>
            </movingPart>
            <movingPart node="0>5|0|1|0" referencePoint="0>5|1|1|0" referenceFrame="0>" playSound="true">
                <translatingPart node="0>5|0|1|0|0"/>
            </movingPart>
        </movingParts>
        <sounds>
            <actionSound template="defaultHydraulicSound" pitchScale="0.6" volumeScale="2"   linkNode="0>5|1|0" actionNames="TOOL_MOVE_POS TOOL_MOVE_NEG" nodes="0>5|1|0"/>
            <actionSound template="clackVar6"             pitchScale="0.9" volumeScale="1.4" linkNode="0>5|1|0" actionNames="TOOL_MOVE_END_POS_LIMIT"     nodes="0>5|1|0"/>
            <actionSound template="cylinderPunch"         pitchScale="2"   volumeScale="0.5" linkNode="0>5|1|0" actionNames="TOOL_MOVE_END_POS_LIMIT"     nodes="0>5|1|0"/>
            <actionSound template="clackVar6"             pitchScale="0.6" volumeScale="1.7" linkNode="0>5|1|0" actionNames="TOOL_MOVE_END_NEG_LIMIT"     nodes="0>5|1|0"/>
            <actionSound template="sheetImp02"            pitchScale="0.8" volumeScale="2"   linkNode="0>5|1|0" actionNames="TOOL_MOVE_END_NEG_LIMIT"     nodes="0>5|1|0"/>
        </sounds>
    </cylindered>
    <fillUnit>
        <fillUnitConfigurations>
            <fillUnitConfiguration>
                <fillUnits allowFoldingWhileFilled="false">
                    <fillUnit shopDisplayUnit="CUBICMETER" fillTypeCategories="FORK" capacity="10000">
                        <exactFillRootNode node="0>5|3|4"/>
                    </fillUnit>
                </fillUnits>
            </fillUnitConfiguration>
            <fillUnitConfiguration>
                <fillUnits allowFoldingWhileFilled="false">
                    <fillUnit shopDisplayUnit="CUBICMETER" fillTypeCategories="FORK" capacity="12000">
                        <exactFillRootNode node="0>5|3|4"/>
                    </fillUnit>
                </fillUnits>
            </fillUnitConfiguration>
        </fillUnitConfigurations>
    </fillUnit>
    <fillVolume>
        <fillVolumeConfigurations>
            <fillVolumeConfiguration>
                <volumes>
                    <volume node="0>5|3|0" maxAllowedHeapAngle="10" fillUnitIndex="1"/>
                </volumes>
            </fillVolumeConfiguration>
        </fillVolumeConfigurations>
        <unloadInfos>
            <unloadInfo>
                <node node="0>5|3|3" width="4" length="0.2"/>
            </unloadInfo>
        </unloadInfos>
        <loadInfos>
            <loadInfo>
                <node node="0>5|3|2" width="4" length="0.2"/>
            </loadInfo>
        </loadInfos>
    </fillVolume>
    <shovel>
        <shovelNode node="0>5|4|0" fillUnitIndex="1" loadInfoIndex="1" width="4.5" length="0.4" needsMovement="true" maxPickupAngle="105"/>
        <dischargeInfo node="0>5|3|1" minSpeedAngle="105" maxSpeedAngle="130"/>
    </shovel>
    <dischargeable requiresTipOcclusionArea="false">
        <dischargeNode node="0>5|3|1" fillUnitIndex="1" emptySpeed="2500">
            <raycast node="0>5|3|1" maxDistance="30" useWorldNegYDirection="true" yOffset="2"/>
            <info width="4" length="1" zOffset="0.5"/>
            <effects>
                <effectNode effectClass="TipEffect">
                    <effectNode effectNode="0>5|5|0" materialType="unloadingParticle" effectClass="ParticleEffect" lifespan="0.2"/>
                    <effectNode effectNode="0>5|5|1|0" materialType="unloading" fadeTime="0.5" alignXAxisToWorldY="true"/>
                </effectNode>
                <effectNode effectNode="0>5|5|1|1" materialType="unloadingSmoke" fadeTime="0.5"/>
            </effects>
        </dischargeNode>
    </dischargeable>
    <ai>
        <agentAttachment width="5" height="2.0" length="2" lengthOffset="0.1"/>
    </ai>
    <tensionBeltObject>
        <meshNodes>
            <meshNode node="0>5"/>
            <meshNode node="0>5|0|0|0"/>
            <meshNode node="0>5|0|0|0|0"/>
            <meshNode node="0>5|0|1|0"/>
            <meshNode node="0>5|0|1|0|0"/>
            <meshNode node="0>5|1|0|1"/>
            <meshNode node="0>5|1|0|2"/>
            <meshNode node="0>5|1|1|1"/>
            <meshNode node="0>5|1|1|2"/>
            <meshNode node="0>5|2|0"/>
            <meshNode node="0>5|2|1"/>
        </meshNodes>
    </tensionBeltObject>
    <foliageBending>
        <bendingNode minX="1" maxX="-1" minZ="0" maxZ="0.5" yOffset="0.02"/>
        <bendingNode minX="0" maxX="1" minZ="0" maxZ="0.5" yOffset="0.2" node="0>5|1|0"/>
        <bendingNode minX="-1" maxX="0" minZ="0" maxZ="0.5" yOffset="0.2" node="0>5|1|1"/>
    </foliageBending>
    <baseMaterial>
        <material name="CSZ_pack_mat" baseNode="0>5">
            <shaderParameter name="colorMat0" material="16" value="1 0 0"/>
        </material>
    </baseMaterial>
    <wearable wearDuration="480" workMultiplier="5" fieldMultiplier="2"/>
    <washable dirtDuration="90" washDuration="1" workMultiplier="6" fieldMultiplier="2"/>
</vehicle>