<?xml version="1.0" encoding="utf-8" standalone="no" ?>
<vehicle type="baseAttachable" xmlns:xsi="http://www.w3.org/2001/XMLSchema-instance" xsi:noNamespaceSchemaLocation="https://validation.gdn.giants-software.com/xml/schema/vehicle.xsd">
    <annotation>Copyright (C) DD ModPassion, All Rights Reserved.</annotation>
    <parentFile xmlFilename="xmlFilename/frontloader/piastraPortaforcheSmartStack.xml">
        <attributes>
            <set path="vehicle.storeData.specs.combination(1)#filterCategory" value="wheelLoaderVehicles"/>
            <set path="vehicle.storeData.image" value="image/store_piastraPortaforcheSmartStack_wheelLoaders.png"/>
            <set path="vehicle.storeData.category" value="wheelLoaderTools"/>
            <set path="vehicle.configurationSets.configurationSet(2)#isDefault" value="true"/>
         </attributes>
    </parentFile>
    <storeData>
        <name>$l10n_name_piastraPortaforcheSmartStack</name>
        <image>image/store_piastraPortaforcheSmartStack_wheelLoaders.png</image>
        <brand>CSZ</brand>
        <category>wheelLoaderTools</category>
        <vertexBufferMemoryUsage>0</vertexBufferMemoryUsage>
        <indexBufferMemoryUsage>0</indexBufferMemoryUsage>
        <textureMemoryUsage>0</textureMemoryUsage>
        <audioMemoryUsage>0</audioMemoryUsage>
        <instanceVertexBufferMemoryUsage>0</instanceVertexBufferMemoryUsage>
        <instanceIndexBufferMemoryUsage>0</instanceIndexBufferMemoryUsage>
    </storeData>
    <wearable wearDuration="480" workMultiplier="5" fieldMultiplier="2"/>
    <washable dirtDuration="90" washDuration="1" workMultiplier="6" fieldMultiplier="2"/>
</vehicle>
