<?xml version="1.0" encoding="utf-8" standalone="no" ?>
<placeable type="buyingStation" xmlns:xsi="http://www.w3.org/2001/XMLSchema-instance" xsi:noNamespaceSchemaLocation="../../../../../shared/xml/schema/placeable.xsd">
    <storeData>
        <name><en>Fertilizer Shed</en>
		<de>Düngerschuppen</de></name>
        <image>store_fertshed.png</image>
        <functions>
            <function>$l10n_function_fertshed</function>
        </functions>
        <price>20000</price>
        <dailyUpkeep>50</dailyUpkeep>
        <canBeSold>true</canBeSold>
        <showInStore>true</showInStore>
        <lifetime>1000</lifetime>
        <rotation>0</rotation>
        <brand>NONE</brand>
        <species>placeable</species>
        <category>placeableMisc</category>
        <brush>
            <type>placeable</type>
            <category>buildings</category>
            <tab>tools</tab>
        </brush>
        <vertexBufferMemoryUsage>1634304</vertexBufferMemoryUsage>
        <indexBufferMemoryUsage>161280</indexBufferMemoryUsage>
        <textureMemoryUsage>8781824</textureMemoryUsage>
        <audioMemoryUsage>0</audioMemoryUsage>
        <instanceVertexBufferMemoryUsage>0</instanceVertexBufferMemoryUsage>
        <instanceIndexBufferMemoryUsage>0</instanceIndexBufferMemoryUsage>
    </storeData>

    <base>
        <filename>fertShed.i3d</filename>
    </base>

    <placement useRandomYRotation="false" useManualYRotation="true" placementRotationSnapAngle="45">
        <testAreas>
            <testArea startNode="testArea1Start" endNode="testArea1End" />
        </testAreas>

        <sounds>
            <place template="smallImp"/>
        </sounds>
    </placement>

    <clearAreas>
        <clearArea startNode="clearArea1Start" widthNode="clearArea1Width" heightNode="clearArea1Height"/>
    </clearAreas>

    <leveling requireLeveling="true" maxSmoothDistance="3" maxSlope="75" maxEdgeAngle="30">
        <levelAreas>
            <levelArea startNode="levelArea1Start" widthNode="levelArea1Width" heightNode="levelArea1Height" groundType="gravel"/>
        </levelAreas>
    </leveling>

    <indoorAreas>
        <indoorArea startNode="indoorArea1Start" widthNode="indoorArea1Width" heightNode="indoorArea1Height"/>
    </indoorAreas>

    <tipOcclusionUpdateAreas>
        <tipOcclusionUpdateArea startNode="tipOcclusionUpdateArea1Start" endNode="tipOcclusionUpdateArea1End" />
    </tipOcclusionUpdateAreas>

    <ai>
        <updateAreas>
            <updateArea startNode="tipOcclusionUpdateArea1Start" endNode="tipOcclusionUpdateArea1End" />
        </updateAreas>
    </ai>

    <triggerMarkers>
        <triggerMarker node="loadingMarker"       filename="$data/shared/assets/marker/markerIcons.xml" id="LOAD" />
    </triggerMarkers>

    <hotspots>
        <hotspot type="LOADING" linkNode="mapPosition" teleportNode="teleportNode" />
    </hotspots>
	
	<buyingStation node="buyingStation" supportsExtension="false">
        <loadTrigger triggerNode="loadingTrigger" fillTypes="FERTILIZER LIME" fillLitersPerSecond="1500" infiniteCapacity="true" aiNode="aiNodeLoading">
            <effectNode effectClass="PipeEffect" effectNode="pipeEffect"      materialType="pipe"           fadeTime="0.5" maxBending="0" shapeScaleSpread="0.8 0.8 1 0" controlPoint="3 0 0 0"/>
            <effectNode                          effectNode="pipeEffectSmoke" materialType="unloadingSmoke" fadeTime="0.5" />
        </loadTrigger>
        <fillType name="fertilizer" priceScale="0.8" />
		<fillType name="lime" priceScale="0.8" />
    </buyingStation>
	
	<lights>
        <group weatherRequiredFlags="NIGHT" />

        <lightShape node="emissiveShape1" />
		<lightShape node="emissiveShape2" />
		<lightShape node="emissiveShape3" />
		<lightShape node="emissiveShape4" />

        <realLights>
            <high>
                <light node="lightLow1" />
				<light node="lightLow2" />
				<light node="lightLow3" />
				<light node="lightLow4" />
            </high>
        </realLights>
    </lights>
	
	<colorable>
        <nodes>
            <node node="shed" />
			<node node="shedlod" />
        </nodes>

        <colors>
			<color value="0.73 0.491 0.262 1" />
            <color value="RUDOLFHOERMANN_LIGHTGREY" />
            <color value="RUDOLFHOERMANN_GREEN" />
            <color value="RUDOLFHOERMANN_BEIGE" />
            <color value="RUDOLFHOERMANN_RED" />
            <color value="RUDOLFHOERMANN_BLUE" />
            <color value="RUDOLFHOERMANN_DARKGREY" />
            <color value="RUDOLFHOERMANN_WHITEALU" />
            <color value="RUDOLFHOERMANN_GREYALU" />
            <color value="RUDOLFHOERMANN_OXIDRED" />
            <color value="RUDOLFHOERMANN_WOODDARK" />
            <color value="RUDOLFHOERMANN_WOODBRIGHT" />
            <color value="RUDOLFHOERMANN_LIGHTGREEN" />
            <color value="RUDOLFHOERMANN_BROWN" />
            <color value="RUDOLFHOERMANN_DARKBEIGE" />
        </colors>
    </colorable>

    <i3dMappings>
		<i3dMapping id="shed" node="0>9|0|1" />
		<i3dMapping id="shedlod" node="0>9|1|0" />
		<i3dMapping id="emissiveShape1" node="0>9|0|0|0|0" />
		<i3dMapping id="emissiveShape2" node="0>9|0|0|1|0" />
		<i3dMapping id="emissiveShape3" node="0>9|0|0|2|0" />
		<i3dMapping id="emissiveShape4" node="0>9|0|0|3|0" />
		<i3dMapping id="lightLow1" node="0>9|0|0|0|2" />
		<i3dMapping id="lightLow2" node="0>9|0|0|1|2" />
		<i3dMapping id="lightLow3" node="0>9|0|0|2|2" />
		<i3dMapping id="lightLow4" node="0>9|0|0|3|2" />
        <i3dMapping id="buyingStation" node="0>0" />
        <i3dMapping id="mapPosition" node="0>0|0" />
        <i3dMapping id="loadingTrigger" node="0>0|1|0" />
        <i3dMapping id="dischargeNode" node="0>0|1|1" />
        <i3dMapping id="aiNodeLoading" node="0>0|1|2" />
		<i3dMapping id="pipeEffect" node="0>0|1|3|0" />
        <i3dMapping id="pipeEffectSmoke" node="0>0|1|3|1" />
		<i3dMapping id="loadingMarker" node="0>2" />
        <i3dMapping id="clearArea1Start" node="0>3|0" />
        <i3dMapping id="clearArea1Width" node="0>3|0|0" />
        <i3dMapping id="clearArea1Height" node="0>3|0|1" />
        <i3dMapping id="levelArea1Start" node="0>4|0" />
        <i3dMapping id="levelArea1Width" node="0>4|0|0" />
        <i3dMapping id="levelArea1Height" node="0>4|0|1" />
        <i3dMapping id="indoorArea1Start" node="0>5|0" />
        <i3dMapping id="indoorArea1Width" node="0>5|0|0" />
        <i3dMapping id="indoorArea1Height" node="0>5|0|1" />
        <i3dMapping id="testArea1Start" node="0>6|0" />
        <i3dMapping id="testArea1End" node="0>6|0|0" />
        <i3dMapping id="tipOcclusionUpdateArea1Start" node="0>7|0" />
        <i3dMapping id="tipOcclusionUpdateArea1End" node="0>7|0|0" />
        <i3dMapping id="waterTankLevel02" node="0>9|0" />
        <i3dMapping id="teleportNode" node="0>11" />
    </i3dMappings>
</placeable>
