<?xml version="1.0" encoding="utf-8" standalone="no" ?>
<modDesc descVersion="72">
    <author>Bcbuhler</author>
    <version>1.0.0.1</version>

    <title>
		<en>Crop Inputs Co-operative</en>
		<de>Betriebsmittel Genossenschaft</de>
		<fr>Coopérative D'intrants Agricoles</fr>
    </title>

    <description>
        <en><![CDATA[Welcome to the Prairie Farmers Co-op. Inspired by various North American farm input sales locations mainly in the Canadian Prairies. There's a lot of different functionality for you to add to your game whether it's for roleplay or just you want a good realistic place to buy your crop inputs.

What's all included:

- Chemical Shed:
Price: $10 000
Upkeep: $50
Functions: Buy point for liquid fertilizer and herbicide as well as a production for buying tanks of liquid fertilizer and herbicide.

- Fertilizer Shed:
Price: $20 000
Upkeep: $50
Functions: Buy point for fertilizer and lime.

- Seed Shed:
Price: $20 000
Upkeep: $50
Functions: Buy point for seeds as well as a production for buying proboxes of seeds. Thanks to Legacy Ag for letting me use his Probox.

The production pallet buy points function like a normal production but instead of requiring an input they have a high operating cost to simulate buying pallets. So simply enable the production until it spawns the number of pallets you want. The money will come out of your account at the end of the hour depending on how much product you have purchased. Keep in mind only full pallets will spawn. Also they can be used to turn bulk product into pallet form. For the seed shed the tipping point is the bins (you will need an auger) and for the chemical shed it is in front of the big door.

Changelog 1.0.0.1:
- Fixed fertilizer and herbicide pallets spawning with multiple decals
- Fixed refill pallet message appearing when using seed boxes]]></en>
<de><![CDATA[Willkommen bei der Prairie Farmers Co-op. Inspiriert von verschiedenen nordamerikanischen landwirtschaftlichen Betriebsmittel Verkaufsstellen vor allem in der kanadischen Prärie. Es gibt eine Menge von verschiedenen Funktionen für Sie, Ihr Spiel zu erweitern, ob es für Rollenspiel oder einfach nur Sie wollen einen guten realistischen Ort, um Ihre landwirtschaftlichen Betriebsmittel zu kaufen.

Was ist alles enthalten:

- Chemikalienlager:
Preis: 10000 €
Unterhalt: 50 €/Tag
Funktionen: Kaufstelle für Flüssigdünger und Herbizide sowie eine Produktion für den Kauf von Tanks mit Flüssigdünger und Herbiziden.

- Düngerschuppen:
Preis: 20000 €
Unterhalt: 50 €/Tag
Funktionen: Kaufpunkt für Dünger und Kalk.

- Saatgutschuppen:
Preis: 20000 €
Unterhalt: 50 €/Tag
Funktionen: Kaufstelle für Saatgut sowie eine Produktion zum Kauf von Proboxen von Saatgut. Danke an Legacy Ag, dass ich seine Probox benutzen durfte.

Die Produktionspaletten-Kaufpunkte funktionieren wie eine normale Produktion, aber anstatt einen Input zu benötigen, haben sie hohe Betriebskosten, um den Kauf von Paletten zu simulieren. Aktivieren Sie also einfach die Produktion, bis sie die gewünschte Anzahl von Paletten erzeugt. Das Geld wird am Ende der Stunde von Ihrem Konto abgebucht, je nachdem, wie viele Produkte Sie gekauft haben. Beachte, dass nur volle Paletten spawnen werden. Sie können auch verwendet werden, um Schüttgut in Palettenform umzuwandeln. Für den Saatgutschuppen ist der Kipppunkt bei den Behältern (du brauchst einen Schneckenförderer) und für den Chemikalienschuppen ist er vor der großen Tür.

Changelog 1.0.0.1:
- Behebung des Problems, dass Dünger- und Herbizidpaletten mit mehreren Aufklebern spawnen
- Meldung zum Nachfüllen von Paletten bei der Verwendung von Saatgutkisten behoben]]></de>
<fr><![CDATA[Bienvenue à la Prairie Farmers Co-op. Inspiré de divers points de vente d'intrants agricoles nord-américains principalement dans les Prairies canadiennes. Il y a beaucoup de fonctionnalités différentes que vous pouvez ajouter à votre jeu, que ce soit pour le jeu de rôle ou simplement si vous voulez un bon endroit réaliste pour acheter vos intrants de culture.

Ce qui est tout inclus :

- Hangar à produits chimiques:
Prix : 10 000 €
Entretien : 50 €
Fonctions : Point d'achat d'engrais liquide et d'herbicide ainsi qu'une production pour l'achat de réservoirs d'engrais liquide et d'herbicide.

Hangar à engrais:
Prix : 20 000 €
Entretien : 50 €
Fonctions : Point d'achat d'engrais et de chaux.

- Hangar à graines:
Prix : 20 000 €
Entretien : 50 €
Fonctions : Point d'achat de graines ainsi qu'une production pour l'achat de proboxes de graines. Merci à Legacy Ag de m'avoir laissé utiliser sa probox.

Les points d'achat de palettes de production fonctionnent comme une production normale mais au lieu de nécessiter un intrant, ils ont un coût d'exploitation élevé pour simuler l'achat de palettes. Activez donc simplement la production jusqu'à ce qu'elle génère le nombre de palettes que vous souhaitez. L'argent sortira de votre compte à la fin de l'heure en fonction de la quantité de produit que vous avez achetée. Gardez à l'esprit que seules les palettes complètes apparaîtront. Ils peuvent également être utilisés pour transformer des produits en vrac en palettes. Pour le hangar à graines, le point de basculement est les bacs (vous aurez besoin d'une tarière) et pour le hangar à produits chimiques, il se trouve devant la grande porte.

Journal des modifications 1.0.0.1:
- Palettes d'engrais et d'herbicides fixes apparaissant avec plusieurs décalcomanies
- Correction du message de palette de recharge apparaissant lors de l'utilisation de boîtes de semences]]></fr>
    </description>

    <iconFilename>icon_coop.png</iconFilename>
    <multiplayer supported="true"/>
	<fillTypes filename="fillTypes.xml" />
	
	<placeableTypes>
		<type name="productionPoint2" parent="simplePlaceable" className="Placeable" filename="$dataS/scripts/placeables/Placeable.lua">
        <specialization name="productionPoint" />
		<specialization name="buyingStation" />
        <specialization name="infoTrigger" />
		</type>
    </placeableTypes>
	
	<storeItems>
		<storeItem xmlFilename="chemshed.xml" />
		<storeItem xmlFilename="fertshed.xml" />
		<storeItem xmlFilename="seedshed.xml" />
		<storeItem xmlFilename="pallets/herbicideTank.xml" />
		<storeItem xmlFilename="pallets/fertilizerTank.xml" />
		<storeItem xmlFilename="pallets/probox.xml" />
    </storeItems>
	
	
	<l10n>
		<text name="function_chemshed">
			<en>This building can be used for buying liquid fertilizer and herbicide. It also has a production to simulate buying tanks of liquid fertilizer and herbicide.</en><de>Dieses Gebäude kann zum Kauf von Flüssigdünger und Herbiziden genutzt werden. Es hat auch eine Produktion, um den Kauf von Tanks mit Flüssigdünger und Herbiziden zu simulieren.</de>
		</text>
		<text name="function_fertshed">
			<en>This building can be used for buying fertilizer and lime.</en><de>Dieses Gebäude kann zum Kauf von Dünger und Kalk genutzt werden.</de>
		</text>
		<text name="function_seedshed">
			<en>This building can be used for buying seeds. It also has a production to simulate buying proboxes of seeds.</en><de>Dieses Gebäude kann zum Kauf von Saatgut verwendet werden. Es hat auch eine Produktion, um den Kauf von Saatgutboxen zu simulieren.</de>
		</text>
	</l10n>
</modDesc>