<?xml version="1.0" encoding="utf-8" standalone="no" ?>
<placeable type="productionPoint2" xmlns:xsi="http://www.w3.org/2001/XMLSchema-instance" xsi:noNamespaceSchemaLocation="../../../../../shared/xml/schema/placeable.xsd">
    <storeData>
        <name><en>Seed Shed</en>
		<de>Saatgutschuppen</de></name>
        <image>store_seedshed.png</image>
        <functions>
            <function>$l10n_function_seedshed</function>
        </functions>
        <price>20000</price>
        <dailyUpkeep>50</dailyUpkeep>
        <canBeSold>true</canBeSold>
        <showInStore>true</showInStore>
        <lifetime>1000</lifetime>
        <rotation>0</rotation>
        <brand>NONE</brand>
        <species>placeable</species>
        <category>placeableMisc</category>
        <brush>
            <type>placeable</type>
            <category>buildings</category>
            <tab>tools</tab>
        </brush>
        <vertexBufferMemoryUsage>1067520</vertexBufferMemoryUsage>
        <indexBufferMemoryUsage>147968</indexBufferMemoryUsage>
        <textureMemoryUsage>9568256</textureMemoryUsage>
        <audioMemoryUsage>0</audioMemoryUsage>
        <instanceVertexBufferMemoryUsage>0</instanceVertexBufferMemoryUsage>
        <instanceIndexBufferMemoryUsage>0</instanceIndexBufferMemoryUsage>
    </storeData>

    <base>
        <filename>seedShed.i3d</filename>
    </base>

    <placement useRandomYRotation="false" useManualYRotation="true" placementRotationSnapAngle="45">
        <testAreas>
            <testArea startNode="testArea1Start" endNode="testArea1End" />
        </testAreas>

        <sounds>
            <place template="smallImp"/>
        </sounds>
    </placement>

    <clearAreas>
        <clearArea startNode="clearArea1Start" widthNode="clearArea1Width" heightNode="clearArea1Height"/>
    </clearAreas>

    <leveling requireLeveling="true" maxSmoothDistance="3" maxSlope="75" maxEdgeAngle="30">
        <levelAreas>
            <levelArea startNode="levelArea1Start" widthNode="levelArea1Width" heightNode="levelArea1Height" groundType="gravel"/>
        </levelAreas>
    </leveling>

    <indoorAreas>
        <indoorArea startNode="indoorArea1Start" widthNode="indoorArea1Width" heightNode="indoorArea1Height"/>
    </indoorAreas>

    <tipOcclusionUpdateAreas>
        <tipOcclusionUpdateArea startNode="tipOcclusionUpdateArea1Start" endNode="tipOcclusionUpdateArea1End" />
    </tipOcclusionUpdateAreas>

    <ai>
        <updateAreas>
            <updateArea startNode="tipOcclusionUpdateArea1Start" endNode="tipOcclusionUpdateArea1End" />
        </updateAreas>
    </ai>

    <triggerMarkers>
        <triggerMarker node="loadingMarker"       filename="$data/shared/assets/marker/markerIcons.xml" id="LOAD" />
		<triggerMarker node="playerTriggerMarker" filename="$data/shared/assets/marker/markerIcons.xml" id="WRENCH" adjustToGround="true" />
    </triggerMarkers>

    <hotspots>
        <hotspot type="LOADING" linkNode="mapPosition" teleportNode="teleportNode" />
    </hotspots>
	
	<buyingStation node="buyingStation" supportsExtension="false">
        <loadTrigger triggerNode="loadingTrigger" fillTypes="SEEDS" fillLitersPerSecond="500" infiniteCapacity="true" aiNode="aiNodeLoading">
            <effectNode effectClass="PipeEffect" effectNode="pipeEffect"      materialType="pipe"           fadeTime="0.5" maxBending="0" shapeScaleSpread="0.8 0.8 1 0" controlPoint="3 0 0 0"/>
            <effectNode                          effectNode="pipeEffectSmoke" materialType="unloadingSmoke" fadeTime="0.5" />
        </loadTrigger>
        <fillType name="seeds" priceScale="0.8" />
    </buyingStation>
	
	<productionPoint>
        <productions sharedThroughputCapacity="false">
            <production id="seeds" name="$l10n_fillType_seeds" cyclesPerHour="1" costsPerActiveHour="14000">
                <inputs>
                    <input fillType="SEEDS" amount="0" />
                </inputs>
                <outputs>
                    <output fillType="SEEDS" amount="20000" />
                </outputs>
            </production>
        </productions>
		
		<sellingStation node="sellingStation" appearsOnStats="true" supportsExtension="false">
            <unloadTrigger exactFillRootNode="unloadTrigger" aiNode="unloadTriggerAINode" fillTypes="SEEDS"/>
        </sellingStation>
		
		<palletSpawner node="palletSpawner">
            <spawnPlaces>
                <spawnPlace startNode="palletSpawnerArea1Start" />
                <spawnPlace startNode="palletSpawnerArea2Start" />
            </spawnPlaces>
        </palletSpawner>

        <storage isExtension="false" fillLevelSyncThreshold="100">
            <capacity fillType="SEEDS" capacity="18000" />
        </storage>

        <playerTrigger node="playerTrigger" />

        <sounds>
            <idle template="dairyIdle" linkNode="0>" outerRadius="0"/>
            <active template="dairyWork" linkNode="0>" outerRadius="0"/>
        </sounds>
    </productionPoint>
	
	<lights>
        <group weatherRequiredFlags="NIGHT" />

        <lightShape node="emissiveShape1" />
		<lightShape node="emissiveShape2" />
		<lightShape node="emissiveShape3" />
		<lightShape node="emissiveShape4" />
		<lightShape node="emissiveShape5" />
		<lightShape node="emissiveShape6" />
		<lightShape node="emissiveShape7" />
		<lightShape node="emissiveShape8" />

        <realLights>
            <high>
                <light node="lightLow1" />
				<light node="lightLow2" />
				<light node="lightLow3" />
				<light node="lightLow4" />
				<light node="lightLow5" />
				<light node="lightLow6" />
				<light node="lightLow7" />
				<light node="lightLow8" />
            </high>
        </realLights>
    </lights>

    <colorable>
        <nodes>
            <node node="shed" />
			<node node="shedlod" />
        </nodes>

        <colors>
			<color value="0.73 0.491 0.262 1" />
            <color value="RUDOLFHOERMANN_LIGHTGREY" />
            <color value="RUDOLFHOERMANN_GREEN" />
            <color value="RUDOLFHOERMANN_BEIGE" />
            <color value="RUDOLFHOERMANN_RED" />
            <color value="RUDOLFHOERMANN_BLUE" />
            <color value="RUDOLFHOERMANN_DARKGREY" />
            <color value="RUDOLFHOERMANN_WHITEALU" />
            <color value="RUDOLFHOERMANN_GREYALU" />
            <color value="RUDOLFHOERMANN_OXIDRED" />
            <color value="RUDOLFHOERMANN_WOODDARK" />
            <color value="RUDOLFHOERMANN_WOODBRIGHT" />
            <color value="RUDOLFHOERMANN_LIGHTGREEN" />
            <color value="RUDOLFHOERMANN_BROWN" />
            <color value="RUDOLFHOERMANN_DARKBEIGE" />
        </colors>
    </colorable>

    <i3dMappings>
		<i3dMapping id="shed" node="0>9|0|1" />
		<i3dMapping id="shedlod" node="0>9|1|0" />
		<i3dMapping id="emissiveShape1" node="0>9|0|0|9|0" />
		<i3dMapping id="emissiveShape2" node="0>9|0|0|10|0" />
		<i3dMapping id="emissiveShape3" node="0>9|0|0|11|0" />
		<i3dMapping id="emissiveShape4" node="0>9|0|0|12|0" />
		<i3dMapping id="emissiveShape5" node="0>9|0|0|13|0" />
		<i3dMapping id="emissiveShape6" node="0>9|0|0|14|0" />
		<i3dMapping id="emissiveShape7" node="0>9|0|0|15|0" />
		<i3dMapping id="emissiveShape8" node="0>9|0|0|16|0" />
		<i3dMapping id="lightLow1" node="0>9|0|0|9|2" />
		<i3dMapping id="lightLow2" node="0>9|0|0|10|2" />
		<i3dMapping id="lightLow3" node="0>9|0|0|11|2" />
		<i3dMapping id="lightLow4" node="0>9|0|0|12|2" />
		<i3dMapping id="lightLow5" node="0>9|0|0|13|2" />
		<i3dMapping id="lightLow6" node="0>9|0|0|14|2" />
		<i3dMapping id="lightLow7" node="0>9|0|0|15|2" />
		<i3dMapping id="lightLow8" node="0>9|0|0|16|2" />
        <i3dMapping id="buyingStation" node="0>0" />
        <i3dMapping id="mapPosition" node="0>0|0" />
        <i3dMapping id="loadingTrigger" node="0>0|1|0" />
        <i3dMapping id="dischargeNode" node="0>0|1|1" />
        <i3dMapping id="aiNodeLoading" node="0>0|1|2" />
		<i3dMapping id="pipeEffect" node="0>0|1|3|0" />
        <i3dMapping id="pipeEffectSmoke" node="0>0|1|3|1" />
		<i3dMapping id="loadingMarker" node="0>2" />
        <i3dMapping id="clearArea1Start" node="0>3|0" />
        <i3dMapping id="clearArea1Width" node="0>3|0|0" />
        <i3dMapping id="clearArea1Height" node="0>3|0|1" />
        <i3dMapping id="levelArea1Start" node="0>4|0" />
        <i3dMapping id="levelArea1Width" node="0>4|0|0" />
        <i3dMapping id="levelArea1Height" node="0>4|0|1" />
        <i3dMapping id="indoorArea1Start" node="0>5|0" />
        <i3dMapping id="indoorArea1Width" node="0>5|0|0" />
        <i3dMapping id="indoorArea1Height" node="0>5|0|1" />
        <i3dMapping id="testArea1Start" node="0>6|0" />
        <i3dMapping id="testArea1End" node="0>6|0|0" />
        <i3dMapping id="tipOcclusionUpdateArea1Start" node="0>7|0" />
        <i3dMapping id="tipOcclusionUpdateArea1End" node="0>7|0|0" />
        <i3dMapping id="waterTankLevel02" node="0>9|0" />
        <i3dMapping id="teleportNode" node="0>11" />
		<i3dMapping id="playerTrigger" node="0>12|0" />
        <i3dMapping id="playerTriggerMarker" node="0>12|1" />
		<i3dMapping id="palletSpawner" node="0>13" />
        <i3dMapping id="palletSpawnerArea2Start" node="0>13|0" />
        <i3dMapping id="palletSpawnerArea2End" node="0>13|0|0" />
        <i3dMapping id="palletSpawnerArea1Start" node="0>13|1" />
        <i3dMapping id="palletSpawnerArea1End" node="0>13|1|0" />
		<i3dMapping id="unloadTrigger" node="0>14|0" />
        <i3dMapping id="unloadTriggerMarker" node="0>14|1" />
        <i3dMapping id="unloadTriggerAINode" node="0>14|2" />
    </i3dMappings>
</placeable>
