<?xml version="1.0" encoding="utf-8" standalone="no"?>
<bale xmlns:xsi="http://www.w3.org/2001/XMLSchema-instance" xsi:noNamespaceSchemaLocation="../../../shared/xml/schema/bale.xsd">
	<filename>$data/objects/squarebales/squarebale120/packedSquareBale120.i3d</filename>
	<size isRoundbale="false" width="1.2" height="0.9" length="2.4"/>
	<mountableObject triggerNode="0" forceAcceleration="5" forceLimitScale="1" axisFreeY="false" axisFreeX="false"/>

	<uvId>DEFAULT</uvId>

	<baleMeshes>
		<baleMesh node="1" supportsWrapping="true" isTensionBeltMesh="true"/>
        <baleMesh node="1|0" supportsWrapping="true" isTensionBeltMesh="false"/>
	</baleMeshes>

	<fillTypes>
		<fillType name="grass_windrow" capacity="7000" mass="1134" forceAcceleration="5" supportsWrapping="true">
			<diffuse filename="$data/objects/squarebales/squarebale120/squarebaleGrass120_diffuse.dds"/>
			<normal filename="$data/objects/squarebales/squarebale120/squarebale120_normal.dds"/>
			<specular filename="$data/objects/squarebales/squarebale120/squarebale120_specular.dds"/>
			<alpha filename="$data/objects/squarebales/squarebale120/squarebale120_alpha.dds"/>
			<fermenting outputFillType="silage" requiresWrapping="true" time="1"/>
		</fillType>
		<fillType name="dryGrass_windrow" capacity="8400" mass="490" forceAcceleration="10" supportsWrapping="false">
			<diffuse filename="$data/objects/squarebales/squarebale120/squarebaleHay120_diffuse.dds"/>
			<normal filename="$data/objects/squarebales/squarebale120/squarebale120_normal.dds"/>
			<specular filename="$data/objects/squarebales/squarebale120/squarebale120_specular.dds"/>
			<alpha filename="$data/objects/squarebales/squarebale120/squarebale120_alpha.dds"/>
		</fillType>
		<fillType name="silage" capacity="7000" mass="1134" forceAcceleration="7" supportsWrapping="false">
			<diffuse filename="$data/objects/squarebales/squarebale120/squarebaleSilage120_diffuse.dds"/>
			<normal filename="$data/objects/squarebales/squarebale120/squarebale120_normal.dds"/>
			<specular filename="$data/objects/squarebales/squarebale120/squarebale120_specular.dds"/>
			<alpha filename="$data/objects/squarebales/squarebale120/squarebale120_alpha.dds"/>
		</fillType>
		<fillType name="straw" capacity="9800" mass="448" forceAcceleration="10" supportsWrapping="false">
			<diffuse filename="$data/objects/squarebales/squarebale120/squarebaleStraw120_diffuse.dds"/>
			<normal filename="$data/objects/squarebales/squarebale120/squarebale120_normal.dds"/>
			<specular filename="$data/objects/squarebales/squarebale120/squarebale120_specular.dds"/>
			<alpha filename="$data/objects/squarebales/squarebale120/squarebale120_alpha.dds"/>
		</fillType>
	</fillTypes>

	<packedBale singleBale="$data/objects/squarebales/squarebale120.xml">
		<singleBale node="2|0"/>
		<singleBale node="2|1"/>
		<singleBale node="2|2"/>
		<singleBale node="2|3"/>
		<singleBale node="2|4"/>
		<singleBale node="2|5"/>
		<singleBale node="2|6"/>
		<singleBale node="2|7"/>
		<singleBale node="2|8"/>
		<singleBale node="2|9"/>
		<singleBale node="2|10"/>
		<singleBale node="2|11"/>
		<singleBale node="2|12"/>
		<singleBale node="2|13"/>
	</packedBale>
</bale>
