<?xml version="1.0" encoding="utf-8" standalone="no" ?>
<placeable type="sellingStation" xmlns:xsi="http://www.w3.org/2001/XMLSchema-instance" xsi:noNamespaceSchemaLocation="../../../../../shared/xml/schema/placeable.xsd">
    <storeData>
        <name>$l10n_shopItem_AgriculturalFair</name>
        <functions>
            <function>$l10n_function_sellingPoint</function>
        </functions>
        <image>iconStore/store_AgriculturalFair.png</image>
        <price>25000</price>
        <lifetime>1000</lifetime>
        <rotation>0</rotation>
        <brand>NONE</brand>
        <species>placeable</species>
        <category>sellingPoints</category>
        <brush>
            <type>placeable</type>
            <category>production</category>
            <tab>sellingPoints</tab>
        </brush>
        <vertexBufferMemoryUsage>1534720</vertexBufferMemoryUsage>
        <indexBufferMemoryUsage>263168</indexBufferMemoryUsage>
        <textureMemoryUsage>33161216</textureMemoryUsage>
        <audioMemoryUsage>0</audioMemoryUsage>
        <instanceVertexBufferMemoryUsage>0</instanceVertexBufferMemoryUsage>
        <instanceIndexBufferMemoryUsage>0</instanceIndexBufferMemoryUsage>
    </storeData>

    <base>
        <filename>i3d/AgriculturalFair.i3d</filename>
        <canBeRenamed>true</canBeRenamed>
    </base>

    <placement useRandomYRotation="false" useManualYRotation="true" >
        <testAreas>
            <testArea startNode="testArea1Start" endNode="testArea1End" />
        </testAreas>

        <sounds>
            <place template="smallImp" />
        </sounds>
    </placement>

    <clearAreas>
        <clearArea startNode="clearArea1Start" widthNode="clearArea1Width" heightNode="clearArea1Height"/>
    </clearAreas>

    <leveling requireLeveling="true" maxSmoothDistance="10" maxSlope="75" maxEdgeAngle="30" > 
        <levelAreas>
            <levelArea startNode="levelArea1Start" widthNode="levelArea1Width" heightNode="levelArea1Height" groundType="asphalt"/>
        </levelAreas>
    </leveling>

    <indoorAreas>
        <indoorArea startNode="indoorArea1Start" widthNode="indoorArea1Width" heightNode="indoorArea1Height" />
    </indoorAreas>

    <tipOcclusionUpdateAreas>
        <tipOcclusionUpdateArea startNode="tipOcclusionUpdateArea1Start" endNode="tipOcclusionUpdateArea1End" />
    </tipOcclusionUpdateAreas>

    <ai>
        <updateAreas>
            <updateArea startNode="tipOcclusionUpdateArea1Start" endNode="tipOcclusionUpdateArea1End" />
        </updateAreas>
    </ai>

    <infoTrigger triggerNode="infoTrigger"/>
	
    <hotspots>
        <hotspot type="UNLOADING" linkNode="0>9" teleportNode="0>9" />
    </hotspots>

    <lights>
        <group weatherRequiredFlags="NIGHT" />

        <realLights>
            <low>
                <light node="realLightsLow" groupIndex="1"/>
            </low>
            <high>
                <light node="realLightsHigh" groupIndex="1"/>
            </high>
        </realLights>
    </lights>

    <sellingStation appearsOnStats="true" supportsExtension="false" litersForFullPriceDrop="350000" fullPriceRecoverHours="48">
        <unloadTrigger exactFillRootNode="unloadTrigger" aiNode="unloadTriggerAINode"  fillTypeCategories="PRODUCT PIECE BULK LIQUID SPRAYER SLURRYTANK">
			<baleTrigger triggerNode="baleTrigger" aiNode="aiNode" deleteLitersPerSecond="5000"/>
		</unloadTrigger>
		
		<unloadTrigger exactFillRootNode="unloadTrigger2" aiNode="unloadTriggerAINode"  fillTypes="HONEY GRAPE">
			<baleTrigger triggerNode="baleTrigger2" aiNode="aiNode2" deleteLitersPerSecond="5000"/>
		</unloadTrigger>
		
	    <unloadTrigger exactFillRootNode="woodTrigger" aiNode="unloadTriggerwoodAINode" fillTypes="WOOD SILAGE_ADDITIVE COTTON">	
			<woodTrigger triggerNode="woodTrigger" aiNode="sellingStationAINode" activationTriggerNode="woodSellPlayerTrigger" />
		</unloadTrigger>
		
		<unloadTrigger fillTypes="WOOD">
			<woodTrigger class="PalletUnloadTrigger" triggerNode="ContainerTrigger" priceScale="1.3"/>
        </unloadTrigger>
		
        <fillTypeCategory name="PRODUCT"          priceScale="1" supportsGreatDemand="true" disablePriceDrop="false" />
        <fillTypeCategory name="PIECE"            priceScale="1" supportsGreatDemand="true" disablePriceDrop="false" />
		<fillTypeCategory name="BULK"			  priceScale="1" supportsGreatDemand="true" disablePriceDrop="false" />
        <fillTypeCategory name="LIQUID"           priceScale="1" supportsGreatDemand="true" disablePriceDrop="false" />
		<fillTypeCategory name="SPRAYER"		  priceScale="1" supportsGreatDemand="true" disablePriceDrop="false" />
        <fillTypeCategory name="SLURRYTANK"       priceScale="1" supportsGreatDemand="true" disablePriceDrop="false" />
		<fillType name="WOOD"          			  priceScale="1" supportsGreatDemand="true" disablePriceDrop="false" />
        <fillType name="SILAGE_ADDITIVE"          priceScale="1" supportsGreatDemand="true" disablePriceDrop="false" />
        <fillType name="COTTON"          		  priceScale="1" supportsGreatDemand="true" disablePriceDrop="false" />	
		<fillType name="HONEY"         			  priceScale="1" supportsGreatDemand="true" disablePriceDrop="false" />
        <fillType name="GRAPE"          		  priceScale="1" supportsGreatDemand="true" disablePriceDrop="false" />	
    </sellingStation>

    <triggerMarkers>
        <triggerMarker node="unloadTriggerMarker" filename="$data/shared/assets/marker/markerIcons.xml" id="UNLOAD" adjustToGround="true" />
		<triggerMarker node="woodSellPlayerTriggerMarker" filename="$data/shared/assets/marker/markerIcons.xml" id="EXCLAMATION_MARK" adjustToGround="true" />
    </triggerMarkers>

    <i3dMappings>
        <i3dMapping id="FoireAgricole" node="0>" />
        <i3dMapping id="clearArea1Start" node="0>1|0" />
        <i3dMapping id="clearArea1Width" node="0>1|0|0" />
        <i3dMapping id="clearArea1Height" node="0>1|0|1" />
        <i3dMapping id="levelArea1Start" node="0>2|0" />
        <i3dMapping id="levelArea1Width" node="0>2|0|0" />
        <i3dMapping id="levelArea1Height" node="0>2|0|1" />
        <i3dMapping id="indoorArea1Start" node="0>3|0" />
        <i3dMapping id="indoorArea1Width" node="0>3|0|0" />
        <i3dMapping id="indoorArea1Height" node="0>3|0|1" />		
        <i3dMapping id="testArea1Start" node="0>4|0" />
        <i3dMapping id="testArea1End" node="0>4|0|0" />
        <i3dMapping id="tipOcclusionUpdateArea1Start" node="0>5|0" />
        <i3dMapping id="tipOcclusionUpdateArea1End" node="0>5|0|0" />	
        <i3dMapping id="infoTrigger" node="0>6" />
        <i3dMapping id="realLightsLow" node="0>7|0|0" />
        <i3dMapping id="realLightsHigh" node="0>7|0|1" />
        <i3dMapping id="unloadTrigger" node="0>8|0" />
        <i3dMapping id="unloadTriggerMarker" node="0>8|0|0" />
		<i3dMapping id="unloadTriggerAINode" node="0>8|0|1" /> 
		<i3dMapping id="baleTrigger" node="0>8|1" />
        <i3dMapping id="unloadTriggerMarker" node="0>8|1|0" />     
		<i3dMapping id="aiNode" node="0>8|1|1" />
		<i3dMapping id="woodTrigger" node="0>8|2" /> 
  		<i3dMapping id="unloadTriggerwoodAINode" node="0>8|2|0" /> 
		<i3dMapping id="woodSellPlayerTrigger" node="0>8|3" /> 		
		<i3dMapping id="woodSellPlayerTriggerMarker" node="0>8|3|0" />  
		<i3dMapping id="ContainerTrigger" node="0>8|4" />
        <i3dMapping id="unloadTrigger2" node="0>8|5" />
		<i3dMapping id="baleTrigger2" node="0>8|5|0" />
        <i3dMapping id="aiNode2" node="0>8|5|0|0" />
    </i3dMappings>
</placeable>
