<?xml version="1.0" encoding="utf-8" standalone="no" ?>
<vehicle type="flieglFlatbed" xmlns:xsi="http://www.w3.org/2001/XMLSchema-instance" xsi:noNamespaceSchemaLocation="../../../../shared/xml/schema/vehicle.xsd">
    <annotation>Copyright (C) GIANTS Software GmbH, All Rights Reserved.</annotation>

    <storeData>
        <name>
            <en>Trailer Cotton Front</en>
            <de>Baumwollanhänger vorne</de>
        </name>
        <specs>
            <combination filterCategory="trucks" />
            <capacity unitTextOverride="$l10n_unit_bale">9</capacity>
        </specs>
        <functions>
            <function>$l10n_function_semiTrailer</function>
            <function>$l10n_function_baleTrailer</function>
            <function>$l10n_function_baleStacker</function>
        </functions>
        <storePacks>
            <storePack>STARTER_COTTON</storePack>
        </storePacks>
        <image>store/storeFront.dds</image>
        <price>15000</price>
        <lifetime>600</lifetime>
        <rotation>0</rotation>
        <brand>LIZARD</brand>
        <category>cottonHarvesting</category>
        <shopTranslationOffset>0 0.3 0</shopTranslationOffset>
        <vertexBufferMemoryUsage>1440768</vertexBufferMemoryUsage>
        <indexBufferMemoryUsage>256256</indexBufferMemoryUsage>
        <textureMemoryUsage>2293760</textureMemoryUsage>
        <audioMemoryUsage>0</audioMemoryUsage>
        <instanceVertexBufferMemoryUsage>0</instanceVertexBufferMemoryUsage>
        <instanceIndexBufferMemoryUsage>0</instanceIndexBufferMemoryUsage>
    </storeData>

    <base>
        <typeDesc>$l10n_typeDesc_trailer</typeDesc>
        <filename>i3d/trailerCottonFront.i3d</filename>
        <size width="2" length="15.3" />
        <components>
            <component centerOfMass="0 0.5 1.6" solverIterationCount="10" mass="8800"/>
			<component   solverIterationCount="10" mass="1500" />	
            <joint component1="1" component2="2" node="0>0|1|0"  rotLimit="8 0 0" transLimit="0 0 0"/>
        </components>
        <schemaOverlay attacherJointPosition="0 0" name="IMPLEMENT" />
        <sounds volumeFactor="1.1"/>
    </base>
	
    <wheels>
        <wheelConfigurations>
            <wheelConfiguration name="$l10n_configuration_valueDefault" price="0" brand="LIZARD" saveId="LIZARD_DEFAULT5">
                <wheels baseConfig="CONTINENTAL_DEFAULT">
                    <wheel filename="$data/shared/wheels/tires/lizard/truck/_11R22_5.xml" configId="dual">
                        <physics yOffset="0.019"/>
                        <additionalWheel filename="$data/shared/wheels/tires/lizard/truck/_11R22_5.xml" configId="dualRim"/>
                    </wheel>
                    <wheel filename="$data/shared/wheels/tires/lizard/truck/_11R22_5.xml" configId="dual">
                        <physics yOffset="0.019"/>
                        <additionalWheel filename="$data/shared/wheels/tires/lizard/truck/_11R22_5.xml" configId="dualRim"/>
                    </wheel>
                    <wheel filename="$data/shared/wheels/tires/lizard/truck/_11R22_5.xml" configId="dual">
                        <physics yOffset="0.019"/>
                        <additionalWheel filename="$data/shared/wheels/tires/lizard/truck/_11R22_5.xml" configId="dualRim"/>
                    </wheel>
                    <wheel filename="$data/shared/wheels/tires/lizard/truck/_11R22_5.xml" configId="dual">
                        <physics yOffset="0.019"/>
                        <additionalWheel filename="$data/shared/wheels/tires/lizard/truck/_11R22_5.xml" configId="dualRim"/>
                    </wheel>
                </wheels>
            </wheelConfiguration>

            <wheelConfiguration name="$l10n_configuration_valueWheelBroad" price="1500" brand="LIZARD" saveId="LIZARD_DEFAULT55">
                <wheels baseConfig="CONTINENTAL_DEFAULT">
                    <wheel filename="$data/shared/wheels/tires/lizard/truck/_11R24_5.xml" configId="dual">
                        <physics yOffset="0.019"/>
                        <additionalWheel filename="$data/shared/wheels/tires/lizard/truck/_11R24_5.xml" configId="dualRim"/>
                    </wheel>
                    <wheel filename="$data/shared/wheels/tires/lizard/truck/_11R24_5.xml" configId="dual">
                        <physics yOffset="0.019"/>
                        <additionalWheel filename="$data/shared/wheels/tires/lizard/truck/_11R24_5.xml" configId="dualRim"/>
                    </wheel>
                    <wheel filename="$data/shared/wheels/tires/lizard/truck/_11R24_5.xml" configId="dual">
                        <physics yOffset="0.019"/>
                        <additionalWheel filename="$data/shared/wheels/tires/lizard/truck/_11R24_5.xml" configId="dualRim"/>
                    </wheel>
                    <wheel filename="$data/shared/wheels/tires/lizard/truck/_11R24_5.xml" configId="dual">
                        <physics yOffset="0.019"/>
                        <additionalWheel filename="$data/shared/wheels/tires/lizard/truck/_11R24_5.xml" configId="dualRim"/>
                    </wheel>
                </wheels>
            </wheelConfiguration>


            <wheelConfiguration name="$l10n_configuration_valueDefault" price="0" brand="CONTINENTAL" saveId="CONTINENTAL_DEFAULT">
                <wheels autoRotateBackSpeed="2.1">
                    <wheel filename="$data/shared/wheels/tires/continental/contiUrbanHA3/305_70R22_5.xml" configId="dual" isLeft="true" hasTireTracks="true" hasParticles="true" >
                        <physics rotSpeed="0"  restLoad="1.2" repr="1>0|4"  forcePointRatio="0.5" initialCompression="50" suspTravel="0.1" spring="40" damper="60" yOffset="-0.0256"/>
                        <additionalWheel filename="$data/shared/wheels/tires/continental/contiUrbanHA3/305_70R22_5.xml" configId="dualConnector" isLeft="true" offset="0.09" />
                    </wheel>
                    <wheel filename="$data/shared/wheels/tires/continental/contiUrbanHA3/305_70R22_5.xml" configId="dual" isLeft="false" hasTireTracks="true" hasParticles="true" >
                        <physics rotSpeed="0"  restLoad="1.2" repr="1>0|5" forcePointRatio="0.5" initialCompression="50" suspTravel="0.1" spring="40" damper="60" yOffset="-0.0256"/>
                        <additionalWheel filename="$data/shared/wheels/tires/continental/contiUrbanHA3/305_70R22_5.xml" configId="dualConnector" isLeft="false" offset="0.09" />
                    </wheel>
                    <wheel filename="$data/shared/wheels/tires/continental/contiUrbanHA3/305_70R22_5.xml" configId="dual" isLeft="true" hasParticles="true" >
                        <physics rotSpeed="0"  restLoad="1.2" repr="1>1|4"    forcePointRatio="0.5" initialCompression="50" suspTravel="0.1" spring="40" damper="60" yOffset="-0.032"/>
                        <additionalWheel filename="$data/shared/wheels/tires/continental/contiUrbanHA3/305_70R22_5.xml" configId="dualConnector" isLeft="true" offset="0.09" />
                    </wheel>
                    <wheel filename="$data/shared/wheels/tires/continental/contiUrbanHA3/305_70R22_5.xml" configId="dual" isLeft="false" hasParticles="true" >
                        <physics rotSpeed="0"  restLoad="1.2" repr="1>1|5"   forcePointRatio="0.5" initialCompression="50" suspTravel="0.1" spring="40" damper="60" yOffset="-0.032"/>
                        <additionalWheel filename="$data/shared/wheels/tires/continental/contiUrbanHA3/305_70R22_5.xml" configId="dualConnector" isLeft="false" offset="0.09" />
                    </wheel>
                </wheels>
            </wheelConfiguration>


            <wheelConfiguration name="$l10n_configuration_valueWheelBroad" price="1000" brand="CONTINENTAL" saveId="CONTINENTAL_DEFAULT2">
                <wheels baseConfig="CONTINENTAL_DEFAULT">
                    <wheel filename="$data/shared/wheels/tires/continental/contiCrossTracHD3/315_80R22_5.xml" configId="dual">
                        <physics yOffset="0.019"/>
                        <additionalWheel filename="$data/shared/wheels/tires/continental/contiCrossTracHD3/315_80R22_5.xml" configId="dualConnector"/>
                    </wheel>
                    <wheel filename="$data/shared/wheels/tires/continental/contiCrossTracHD3/315_80R22_5.xml" configId="dual">
                        <physics yOffset="0.019"/>
                        <additionalWheel filename="$data/shared/wheels/tires/continental/contiCrossTracHD3/315_80R22_5.xml" configId="dualConnector"/>
                    </wheel>
                    <wheel filename="$data/shared/wheels/tires/continental/contiCrossTracHD3/315_80R22_5.xml" configId="dual">
                        <physics yOffset="0.019"/>
                        <additionalWheel filename="$data/shared/wheels/tires/continental/contiCrossTracHD3/315_80R22_5.xml" configId="dualConnector"/>
                    </wheel>
                    <wheel filename="$data/shared/wheels/tires/continental/contiCrossTracHD3/315_80R22_5.xml" configId="dual">
                        <physics yOffset="0.019"/>
                        <additionalWheel filename="$data/shared/wheels/tires/continental/contiCrossTracHD3/315_80R22_5.xml" configId="dualConnector"/>
                    </wheel>
                </wheels>
            </wheelConfiguration>

        
            <wheelConfiguration name="$l10n_configuration_valueDefault" price="1000" brand="CONTINENTAL" saveId="CONTINENTAL_DEFAULT3">
                <wheels baseConfig="CONTINENTAL_DEFAULT">
                    <wheel filename="$data/shared/wheels/tires/continental/contiCrossTracHS3/315_80R22_5.xml" configId="dual">
                        <physics yOffset="0.019"/>
                        <additionalWheel filename="$data/shared/wheels/tires/continental/contiCrossTracHS3/315_80R22_5.xml" configId="dualConnector"/>
                    </wheel>
                    <wheel filename="$data/shared/wheels/tires/continental/contiCrossTracHS3/315_80R22_5.xml" configId="dual">
                        <physics yOffset="0.019"/>
                        <additionalWheel filename="$data/shared/wheels/tires/continental/contiCrossTracHS3/315_80R22_5.xml" configId="dualConnector"/>
                    </wheel>
                    <wheel filename="$data/shared/wheels/tires/continental/contiCrossTracHS3/315_80R22_5.xml" configId="dual">
                        <physics yOffset="0.019"/>
                        <additionalWheel filename="$data/shared/wheels/tires/continental/contiCrossTracHS3/315_80R22_5.xml" configId="dualConnector"/>
                    </wheel>
                    <wheel filename="$data/shared/wheels/tires/continental/contiCrossTracHS3/315_80R22_5.xml" configId="dual">
                        <physics yOffset="0.019"/>
                        <additionalWheel filename="$data/shared/wheels/tires/continental/contiCrossTracHS3/315_80R22_5.xml" configId="dualConnector"/>
                    </wheel>
                </wheels>
            </wheelConfiguration>


            <wheelConfiguration name="$l10n_configuration_valueWheelBroad" price="1000" brand="CONTINENTAL" saveId="CONTINENTAL_DEFAULT4">
                <wheels baseConfig="CONTINENTAL_DEFAULT">
                    <wheel filename="$data/shared/wheels/tires/continental/contiHybridHD3/315_80R22_5.xml" configId="dual">
                        <physics yOffset="0.019"/>
                        <additionalWheel filename="$data/shared/wheels/tires/continental/contiHybridHD3/315_80R22_5.xml" configId="dualConnector"/>
                    </wheel>
                    <wheel filename="$data/shared/wheels/tires/continental/contiHybridHD3/315_80R22_5.xml" configId="dual">
                        <physics yOffset="0.019"/>
                        <additionalWheel filename="$data/shared/wheels/tires/continental/contiHybridHD3/315_80R22_5.xml" configId="dualConnector"/>
                    </wheel>
                    <wheel filename="$data/shared/wheels/tires/continental/contiHybridHD3/315_80R22_5.xml" configId="dual">
                        <physics yOffset="0.019"/>
                        <additionalWheel filename="$data/shared/wheels/tires/continental/contiHybridHD3/315_80R22_5.xml" configId="dualConnector"/>
                    </wheel>
                    <wheel filename="$data/shared/wheels/tires/continental/contiHybridHD3/315_80R22_5.xml" configId="dual">
                        <physics yOffset="0.019"/>
                        <additionalWheel filename="$data/shared/wheels/tires/continental/contiHybridHD3/315_80R22_5.xml" configId="dualConnector"/>
                    </wheel>
                </wheels>
            </wheelConfiguration>

            <wheelConfiguration name="$l10n_configuration_wheelOld" price="0" brand="CONTINENTAL">
                <wheels autoRotateBackSpeed="2.2">
                    <wheel filename="wheels/315_80R22_5.xml" isLeft="true"  hasTireTracks="true" hasParticles="true" >
                        <physics rotSpeed="0"  restLoad="1.4" repr="1>0|4"  forcePointRatio="0.5" initialCompression="50" suspTravel="0.1" spring="40" damper="60" />
			            <additionalWheel filename="wheels/315_80R22_5.xml" isLeft="true" offset="0.06" />
                    </wheel>
                    <wheel filename="wheels/315_80R22_5.xml" isLeft="false" hasTireTracks="true" hasParticles="true" >
                        <physics rotSpeed="0"  restLoad="1.4" repr="1>0|5" forcePointRatio="0.5" initialCompression="50" suspTravel="0.1" spring="40" damper="60" />
			            <additionalWheel filename="wheels/315_80R22_5.xml" isLeft="false" offset="0.06" />
                    </wheel>
                    <wheel filename="wheels/315_80R22_5.xml" isLeft="true"  hasTireTracks="true" hasParticles="true" >
                        <physics rotSpeed="0"  restLoad="1.4" repr="1>1|4"  forcePointRatio="0.5" initialCompression="50" suspTravel="0.1" spring="40" damper="60" />
			            <additionalWheel filename="wheels/315_80R22_5.xml" isLeft="true" offset="0.06" />
                    </wheel>
                    <wheel filename="wheels/315_80R22_5.xml" isLeft="false" hasTireTracks="true" hasParticles="true" >
                        <physics rotSpeed="0"  restLoad="1.4" repr="1>1|5" forcePointRatio="0.5" initialCompression="50" suspTravel="0.1" spring="40" damper="60" />
			            <additionalWheel filename="wheels/315_80R22_5.xml" isLeft="false" offset="0.06" />
                    </wheel>
                </wheels>
                <objectChange node="1>0|4|0" visibilityActive="true" />
                <objectChange node="1>0|5|0" visibilityActive="true" />
                <objectChange node="1>1|4|0" visibilityActive="true" />
                <objectChange node="1>1|5|0" visibilityActive="true" />
            </wheelConfiguration>
        </wheelConfigurations>
    </wheels>

	<rimColorConfigurations useDefaultColors="true" price="100" >
	    <rimColorConfiguration name="$l10n_configuration_PRATAMETALICO" color="ITRUNNER_WHITE1" material="27"/>
	    <rimColorConfiguration name="$l10n_configuration_PRATAMETALICO" color="ITRUNNER_WHITE1" material="3"/>
        <rimColorConfiguration name="$l10n_configuration_PRETOMETALICO" color="FIAT_BLACKPAINT" material="27"/>
	    <rimColorConfiguration name="$l10n_configuration_AMARELO" color="0.9386 0.4678 0.0123 1" material="32"/>
        <rimColorConfiguration name="$l10n_configuration_VERMELHO" color="VICON_RED1"/>	
        <rimColorConfiguration name="$l10n_configuration_VERMELHOMETALICO" color="0.49 0 0" material="8" />
        <rimColorConfiguration name="$l10n_configuration_VERMELHOCROMADO" color="1 0 0" material="3" />
		<rimColorConfiguration name="$l10n_configuration_VERMELHOFOSCO" color="0.494 0.001 0.003" material="27" />
		<rimColorConfiguration name="$l10n_configuration_LARANJA" color="1 0.13 0.043 0"/>
		<rimColorConfiguration name="$l10n_configuration_TANGERINA" color="1 0.2 0"/> 
        <rimColorConfiguration name="$l10n_configuration_LARANJAFRUTA" color="1 0.4 0.112"/>
        <rimColorConfiguration name="$l10n_configuration_AMARELO" color="1 0.44 0 0"/>	
        <rimColorConfiguration name="$l10n_configuration_AMARELOACAFRAO" color="1 0.545 0"/>
		<rimColorConfiguration name="$l10n_configuration_AMARELOMARACUJA" color="0.95 0.706 0"/>
		<rimColorConfiguration name="$l10n_configuration_VERDE" color="0 0.13 0.05 0"/>	
		<rimColorConfiguration name="$l10n_configuration_VERDEBANDEIRA" color="0.096 0.198 0.061"/>
        <rimColorConfiguration name="$l10n_configuration_VERDELIMONADA" color="0.51 0.686 0.322"/>
        <rimColorConfiguration name="$l10n_configuration_VERDEMENTA" color="0.51 0.686 0.322"/>
        <rimColorConfiguration name="$l10n_configuration_VERDEFOLHA" color="STARA_GREEN"/>
        <rimColorConfiguration name="$l10n_configuration_VERDEFLORESTA" color="BERGMANN_GREEN1"/>
	    <rimColorConfiguration name="$l10n_configuration_VERDEAGUA" color="0.041 0.245 0.223 1.0"/>	
		<rimColorConfiguration name="$l10n_configuration_AZUL" color="0 0.49 1 0"/>      
		<rimColorConfiguration name="$l10n_configuration_AZULMETALICO" color="0 0.117 0.41" material="8"/>
		<rimColorConfiguration name="$l10n_configuration_AZULFOSCO" color="0 0.117 0.42" material="27"/>
        <rimColorConfiguration name="$l10n_configuration_AZULMAR" color="0.1 0.05 0.325"/>
        <rimColorConfiguration name="$l10n_configuration_AZULCIANO" color="0.298 0.573 0.604"/>
		<rimColorConfiguration name="$l10n_configuration_AZULPETROLEO" color="0.051 0.145 0.247"/>
		<rimColorConfiguration name="$l10n_configuration_AZULPERSA" color="0.4 0.443 0.451"/>
	    <rimColorConfiguration name="$l10n_configuration_AZULMETALICO" color="FLIEGL_BLUE1" material="27" />
	    <rimColorConfiguration name="$l10n_configuration_AZULMEIANOITE" color="0.001 0 0.015 1"/>
 		<rimColorConfiguration name="$l10n_configuration_ROXOCEBOLA" color="0.1 0 0.122"/>
		<rimColorConfiguration name="$l10n_configuration_ROXOMISTICO" color="0.2 0 0.1"/>
		<rimColorConfiguration name="$l10n_configuration_MARROMBARRO" color="0.318 0.071 0.102"/>
        <rimColorConfiguration name="$l10n_configuration_MARROMMETALICO" color="FLIEGL_BROWN1" material="27" />
    </rimColorConfigurations>

    <licensePlates>
        <licensePlate node="0>0|5|2|6" position="BACK" preferedType="ELONGATED" placementArea="0.1 0.3 0.08 0.3"/>
    </licensePlates>
	
    <attachable>
        <inputAttacherJoints>
            <inputAttacherJoint node="0>0|0|0" jointType="semitrailer" upperRotationOffset="0"/>
        </inputAttacherJoints>
        <support animationName="moveSupport" />
    </attachable>
	
    <attacherJoints>
        <attacherJointConfigurations>
            <attacherJointConfiguration>
                <attacherJoint node="0>0|0|1" jointType="semitrailer" allowsJointLimitMovement="false" allowsLowering="false" lowerRotLimit="5 80 12">
                    <schema position="1 0" rotation="0" invertX="false" />
                </attacherJoint>
            </attacherJointConfiguration>
        </attacherJointConfigurations>
    </attacherJoints>
	
	<connectionHoses>
        <hose inputAttacherJointIndices="1 2" type="airDoubleYellow"  node="0>0|8|2|1|0"  length="1.8" diameter="0.015" minCenterPointOffset="0 -0.2 0" maxCenterPointOffset="0 0 0" straighteningFactor="1" outgoingAdapter="DEFAULT" color="SHARED_YELLOW1" >
            <objectChange node="0>0|8|2|1|1" rotationActive="0 0 0" rotationInactive="-95 0 0" />
        </hose>
        <hose inputAttacherJointIndices="1 2" type="electric"  node="0>0|8|2|0|0" length="1.8" diameter="0.015" minCenterPointOffset="0 -0.2 0" maxCenterPointOffset="0 0 0" straighteningFactor="1" outgoingAdapter="DEFAULT" >
            <objectChange node="0>0|8|2|0|1" rotationActive="0 0 0" rotationInactive="-90 0 0" />
        </hose>

		<target attacherJointIndices="1 2" type="airDoubleYellow" node="0>0|8|1|0"/>
        <target attacherJointIndices="1 2" type="electric" node="0>0|8|0|0"/>
    </connectionHoses>
	
    <lights>
        <realLights>
            <state lightTypes="0" />
			
			<low>
				<light node="0>0|5|0|0|0" lightTypes="0" />
				<light node="0>0|5|0|2|1" lightTypes="0" />
				<brakeLight node="0>0|5|0|3|0" />
                <turnLightLeft node="0>0|5|0|1|0" />
                <turnLightRight node="0>0|5|0|1|1" />
                <reverseLight node="0>0|5|0|2|0" />
            </low>
            <high>
				<light node="0>0|5|0|0|0" lightTypes="0" />
				<light node="0>0|5|0|2|1" lightTypes="0" />
				<brakeLight node="0>0|5|0|3|0" />
                <turnLightLeft node="0>0|5|0|1|0" />
                <turnLightRight node="0>0|5|0|1|1" />
                <reverseLight node="0>0|5|0|2|0" />
            </high>
        </realLights>

        <defaultLights>
			<defaultLight shaderNode="0>0|5|2|0|0|8" lightTypes="0"/>
			<defaultLight shaderNode="0>0|5|2|0|0|4" lightTypes="0"/>
			<defaultLight shaderNode="0>0|5|2|0|1|8" lightTypes="0"/>
			<defaultLight shaderNode="0>0|5|2|0|1|4" lightTypes="0"/>

			<defaultLight shaderNode="0>0|5|2|1|0|5" lightTypes="0"/>
			<defaultLight shaderNode="0>0|5|2|1|1|5" lightTypes="0"/>

			<defaultLight shaderNode="0>0|5|2|2|0|0" lightTypes="0"/>
			<defaultLight shaderNode="0>0|5|2|2|1|0" lightTypes="0"/>

			<defaultLight shaderNode="0>0|5|2|3|0|4" lightTypes="0"/>
			<defaultLight shaderNode="0>0|5|2|3|1|4" lightTypes="0"/>
        </defaultLights>

        <turnLights>
            <turnLightLeft shaderNode="0>0|5|2|0|0|2" />
            <turnLightRight shaderNode="0>0|5|2|0|1|2" />

            <turnLightLeft shaderNode="0>0|5|2|1|0|6" />
            <turnLightRight shaderNode="0>0|5|2|1|1|6" />

            <turnLightLeft shaderNode="0>0|5|2|2|0|2" />
            <turnLightRight shaderNode="0>0|5|2|2|1|2" />

            <turnLightLeft shaderNode="0>0|5|2|3|0|2" />
            <turnLightRight shaderNode="0>0|5|2|3|1|2" />
        </turnLights>

        <brakeLights>
            <brakeLight shaderNode="0>0|5|2|0|0|5" />
			<brakeLight shaderNode="0>0|5|2|0|1|5" />

            <brakeLight shaderNode="0>0|5|2|1|0|4" />
			<brakeLight shaderNode="0>0|5|2|1|1|4" />


            <brakeLight shaderNode="0>0|5|2|2|0|1" />
			<brakeLight shaderNode="0>0|5|2|2|1|1" />

            <brakeLight shaderNode="0>0|5|2|3|0|5" />
			<brakeLight shaderNode="0>0|5|2|3|1|5" />
        </brakeLights>

        <reverseLights>
            <reverseLight shaderNode="0>0|5|2|0|0|3" />
			<reverseLight shaderNode="0>0|5|2|0|1|3" />

            <reverseLight shaderNode="0>0|5|2|1|0|3" />
			<reverseLight shaderNode="0>0|5|2|1|1|3" />


            <reverseLight shaderNode="0>0|5|2|2|0|0" />
			<reverseLight shaderNode="0>0|5|2|2|1|0" />

            <reverseLight shaderNode="0>0|5|2|3|0|3" />
			<reverseLight shaderNode="0>0|5|2|3|1|3" />
        </reverseLights>
    </lights>


    <animations>
        <animation name="moveSupport">
            <part node="0>0|2|0" startTime="0.2" endTime="1.2" startTrans="0.002 0.42 3.383" endTrans="0.002 -0.138 3.383" />
            <part node="0>0|2|1|0" startTime="0" endTime="0.2" startRot="0 0 0" endRot="0 0 -105" />
            <part node="0>0|2|1|0" startTime="1.2" endTime="1.4" startRot="0 0 -105" endRot="0 0 0" />
            <part node="0>0|2|1" startTime="0.2" endTime="1.2" startRot="0 0 0" endRot="1080 0 0" />

            <sound template="dischargeLoop" direction="1" startTime="0.2" endTime="3.2" volumeScale="1.3" pitchScale="1.0" linkNode="0>0|2|1" />
            <sound template="clackVar2" direction="1"  startTime="0.01"  volumeScale="4.4" pitchScale="0.7" linkNode="0>0|2|1|0"/>
            <sound template="clackVar2" direction="1"  startTime="1.2"  volumeScale="4.4" pitchScale="0.7" linkNode="0>0|2|1|0"/>
            <sound template="metalOpen" direction="1" startTime="1.2" volumeScale="7" pitchScale="0.6" linkNode="0>0|2|0" />

            <sound template="dischargeLoop" direction="-1" startTime="0.2" endTime="1.2" volumeScale="1.3" pitchScale="1.0" linkNode="0>0|2|1" />
            <sound template="clackVar2" direction="-1"  startTime="0.01"  volumeScale="4.4" pitchScale="0.7" linkNode="0>0|2|1|0"/>
            <sound template="clackVar2" direction="-1"  startTime="1.2"  volumeScale="4.4" pitchScale="0.7" linkNode="0>0|2|1|0"/>
            <sound template="clackVar6" direction="-1" startTime="0.1" volumeScale="6" pitchScale="0.6" linkNode="0>0|2|0" />
        </animation>
        <animation name="unloadL" resetOnStart="true">
            <part node="0>0|6" startTime="0" endTime="1" startTrans="4 -1 0" endTrans="4 0 0" />
            <part node="0>0|6" startTime="1.5" endTime="2.5" startTrans="4 0 0" endTrans="0 0 0" />
            <part startTime="0.0" endTime="2.0" baleLoaderAnimationNodes="true"/>
        </animation>
        <animation name="unloadR" resetOnStart="true">
            <part node="0>0|6" startTime="0" endTime="1" startTrans="0 0 0" endTrans="4 0 0" />
            <part node="0>0|6" startTime="1.5" endTime="2.5" startTrans="4 0 0" endTrans="4 -1 0" />
            <part startTime="0.0" endTime="2.0" baleLoaderAnimationNodes="true"/>
        </animation>
        <animation name="unloadX" resetOnStart="true">
            <part node="0>0|6" startTime="0" endTime="1" startTrans="0 0 0" endTrans="0 0 0" />
        </animation>
    </animations>
	
    <cylindered>
        <movingParts>
            <movingPart node="0>0|2|3" referencePoint="1>2" referenceFrame="1>2" isActiveDirty="true" maxUpdateDistance="30">
            </movingPart>
            <movingPart node="0>0|2|2" referencePoint="1>3" referenceFrame="1>3" isActiveDirty="true" maxUpdateDistance="30"> 
            </movingPart>
        </movingParts>
    </cylindered>

	<tensionBelts>
        <tensionBeltsConfigurations title="$l10n_configuration_correias">
           <tensionBeltsConfiguration name="$l10n_configuration_valueNo" price="0">
           </tensionBeltsConfiguration>
		   <tensionBeltsConfiguration name="$l10n_configuration_valueYes" price="100" >
                <tensionBelts linkNode="0>0|4" jointNode="0>" maxEdgeLength="0.1" geometryBias="0.01" ratchetPosition="0.2" defaultOffset="0.1" defaultOffsetSide="0.1" defaultHeight="4" activationTrigger="0>0|4|10">
                    <tensionBelt startNode="0>0|4|0" endNode="0>0|4|0|0" />
                    <tensionBelt startNode="0>0|4|1" endNode="0>0|4|1|0" />
					<tensionBelt startNode="0>0|4|2" endNode="0>0|4|2|0" />
					<tensionBelt startNode="0>0|4|3" endNode="0>0|4|3|0" />
					<tensionBelt startNode="0>0|4|4" endNode="0>0|4|4|0" />
					<tensionBelt startNode="0>0|4|5" endNode="0>0|4|5|0" />
					<tensionBelt startNode="0>0|4|6" endNode="0>0|4|6|0" />
					<tensionBelt startNode="0>0|4|7" endNode="0>0|4|7|0" />
					<tensionBelt startNode="0>0|4|8" endNode="0>0|4|8|0" />
					<tensionBelt startNode="0>0|4|9" endNode="0>0|4|9|0" />
                    <sounds>
                        <addBelt template="beltOpen" />
                        <removeBelt template="beltClose" />
                    </sounds>
                </tensionBelts>
           </tensionBeltsConfiguration>
        </tensionBeltsConfigurations>
    </tensionBelts>

    <vehicleTypeConfigurations title="$l10n_configuration_autoload"> 
        <vehicleTypeConfiguration name="$l10n_configuration_valueYesAutoload" price="0" vehicleType="flieglFlatbed" />
        <vehicleTypeConfiguration name="$l10n_configuration_valueNo" price="0" vehicleType="trailer" />
    </vehicleTypeConfigurations>  

    <fillUnit>
        <fillUnitConfigurations>
            <fillUnitConfiguration>
                <fillUnits>
                    <fillUnit unit="$l10n_unit_bale" capacity="9" fillTypes="ROUNDBALE_COTTON"/>
                </fillUnits>
            </fillUnitConfiguration>
        </fillUnitConfigurations>
    </fillUnit>

    <baleLoader>
        <grabber grabNode="0>0|6|0" triggerNode="0>0|6|1" pickupRange="10" transportPositionAfterUnloading="true"/>
        <balePlaces startBalePlace="0>0|6|2">
            <balePlace node="0>0|6|2|0"/>
            <balePlace node="0>0|6|2|1" /> 
            <balePlace node="0>0|6|2|2" />
            <balePlace node="0>0|6|2|3" />
            <balePlace node="0>0|6|2|4" />
            <balePlace node="0>0|6|2|5" />
            <balePlace node="0>0|6|2|6" />
            <balePlace node="0>0|6|2|7" />
            <balePlace node="0>0|6|2|8" />
        </balePlaces>
        <baleTypes>
            <baleType diameter="2.38" width="2.38" />
        </baleTypes>
        <animations>
            <baleGrabber dropToWork="unloadX"/>
            <platform rotateBack="unloadX" rotateEmpty="unloadR"/>
            <moveBalePlaces moveAfterRotatePlatform="true" emptySpeed="1.5" emptyReverseSpeed="-999999"/>
        </animations>
    </baleLoader>    

    <designConfigurations title="$l10n_configuration_posicaoLanternas">
        <designConfiguration name="$l10n_configuration_valueDesign01" price="0">
			<objectChange node="0>0|5|2|4" visibilityActive="true"/>
     		<objectChange node="0>0|5|2|6" translationActive="-0.932 -0.029 0.134"/> 
		</designConfiguration>
        <designConfiguration name="$l10n_configuration_valueDesign02" price="-100">
			<objectChange node="0>0|5|2|4" visibilityActive="false"/>
     		<objectChange node="0>0|5|2|5" visibilityActive="true"/>
     		<objectChange node="0>0|5|2|6" translationActive="-0.932 0.07 0.15"/> 
            <objectChange node="0>0|5" translationActive="0 0.066 0.125" />     
		</designConfiguration>
	</designConfigurations>
 
    <design2Configurations title="$l10n_configuration_lanternas">
        <design2Configuration name="$l10n_configuration_valueDesign01" price="0">
			<objectChange node="0>0|5|2|0" visibilityActive="true"/>
		</design2Configuration>
		<design2Configuration name="$l10n_configuration_valueDesign02" price="100">
			<objectChange node="0>0|5|2|0" visibilityActive="false"/>
			<objectChange node="0>0|5|2|1" visibilityActive="true"/>
		</design2Configuration>
		<design2Configuration name="$l10n_configuration_valueDesign03" price="30">
			<objectChange node="0>0|5|2|0" visibilityActive="false"/>
			<objectChange node="0>0|5|2|2" visibilityActive="true"/>
		</design2Configuration>
		<design2Configuration name="$l10n_configuration_valueDesign04" price="50">
			<objectChange node="0>0|5|2|0" visibilityActive="false"/>
			<objectChange node="0>0|5|2|3" visibilityActive="true"/>
		</design2Configuration>
	</design2Configurations>

    <design3Configurations title="$l10n_configuration_separadorAlgodao">
        <design3Configuration name="$l10n_configuration_valueDesign01" price="0">
			<objectChange node="0>0|3|9" visibilityActive="true"/>
		</design3Configuration>
		<design3Configuration name="$l10n_configuration_valueDesign02" price="-800">
			<objectChange node="0>0|3|9" visibilityActive="false"/>
            <objectChange node="0>0|9|3|0" compoundChildActive="false" compoundChildInactive="true" />
            <objectChange node="0>0|9|4|0" compoundChildActive="false" compoundChildInactive="true" />
            <objectChange node="0>0|9|5|0" compoundChildActive="false" compoundChildInactive="true" />
            <objectChange node="0>0|9|9|0" compoundChildActive="false" compoundChildInactive="true" />
		</design3Configuration>
	</design3Configurations>


	<baseMaterial>
        <material name="trailer_mat" baseNode="0>0">
            <shaderParameter name="colorMat0" value="MAN_RED1"/>
        </material>
		<material name="suports_mat" baseNode="0>0|2|0">
            <shaderParameter name="colorMat0" value="MAN_RED1"/>
        </material>
        <material name="leveler_mat" baseNode="0>0|2|1">
            <shaderParameter name="colorMat0" value="MAN_RED1"/>
        </material>
		<material name="axis_mat" baseNode="0>0|2|1|0">
            <shaderParameter name="colorMat0" value="MAN_RED1"/>
        </material>

        <material name="balesCalcos_mat" baseNode="0>0|3|6">
            <shaderParameter name="colorMat1" value="MAN_RED1"/>
        </material>
        <material name="chassis_mat" baseNode="0>0">
            <shaderParameter name="colorMat4" value="MAN_RED1"/>
        </material>
		<material name="lateralBalesProtection_mat" baseNode="0>0|3|8">
            <shaderParameter name="colorMat5" value="MAN_RED1"/>
        </material>
		<material name="lights_mat" baseNode="0>0|5|2|4|1">
            <shaderParameter name="colorMat4" value="MAN_RED1"/>
        </material>
    </baseMaterial>

    <baseMaterialConfigurations price="1000" useDefaultColors="true" defaultColorIndex="0">
	    <baseMaterialConfiguration name="$l10n_configuration_AMARELO" color="0.9386 0.4678 0.0123 1" material="32"/>
	    <baseMaterialConfiguration name="$l10n_configuration_PRATAMETALICO" color="ITRUNNER_WHITE1" material="27"/>
        <baseMaterialConfiguration name="$l10n_configuration_PRETOMETALICO" color="FIAT_BLACKPAINT" material="27"/>
        <baseMaterialConfiguration name="$l10n_configuration_VERMELHO" color="VICON_RED1"/>	
        <baseMaterialConfiguration name="$l10n_configuration_VERMELHOMETALICO" color="0.49 0 0" material="8" />
        <baseMaterialConfiguration name="$l10n_configuration_VERMELHOCROMADO" color="1 0 0" material="3" />
		<baseMaterialConfiguration name="$l10n_configuration_VERMELHOFOSCO" color="0.494 0.001 0.003" material="27" />
		<baseMaterialConfiguration name="$l10n_configuration_LARANJA" color="1 0.13 0.043 0"/>
		<baseMaterialConfiguration name="$l10n_configuration_TANGERINA" color="1 0.2 0"/> 
        <baseMaterialConfiguration name="$l10n_configuration_LARANJAFRUTA" color="1 0.4 0.112"/>
        <baseMaterialConfiguration name="$l10n_configuration_AMARELO" color="1 0.44 0 0"/>	
        <baseMaterialConfiguration name="$l10n_configuration_AMARELOACAFRAO" color="1 0.545 0"/>
		<baseMaterialConfiguration name="$l10n_configuration_AMARELOMARACUJA" color="0.95 0.706 0"/>
		<baseMaterialConfiguration name="$l10n_configuration_VERDE" color="0 0.13 0.05 0"/>	
		<baseMaterialConfiguration name="$l10n_configuration_VERDEBANDEIRA" color="0.096 0.198 0.061"/>
        <baseMaterialConfiguration name="$l10n_configuration_VERDELIMONADA" color="0.51 0.686 0.322"/>
        <baseMaterialConfiguration name="$l10n_configuration_VERDEMENTA" color="0.51 0.686 0.322"/>
        <baseMaterialConfiguration name="$l10n_configuration_VERDEFOLHA" color="STARA_GREEN"/>
        <baseMaterialConfiguration name="$l10n_configuration_VERDEFLORESTA" color="BERGMANN_GREEN1"/>
	    <baseMaterialConfiguration name="$l10n_configuration_VERDEAGUA" color="0.041 0.245 0.223 1.0"/>	
		<baseMaterialConfiguration name="$l10n_configuration_AZUL" color="0 0.49 1 0"/>      
		<baseMaterialConfiguration name="$l10n_configuration_AZULMETALICO" color="0 0.117 0.41" material="8"/>
		<baseMaterialConfiguration name="$l10n_configuration_AZULFOSCO" color="0 0.117 0.42" material="27"/>
        <baseMaterialConfiguration name="$l10n_configuration_AZULMAR" color="0.1 0.05 0.325"/>
        <baseMaterialConfiguration name="$l10n_configuration_AZULCIANO" color="0.298 0.573 0.604"/>
		<baseMaterialConfiguration name="$l10n_configuration_AZULPETROLEO" color="0.051 0.145 0.247"/>
		<baseMaterialConfiguration name="$l10n_configuration_AZULPERSA" color="0.4 0.443 0.451"/>
	    <baseMaterialConfiguration name="$l10n_configuration_AZULMETALICO" color="FLIEGL_BLUE1" material="27" />
	    <baseMaterialConfiguration name="$l10n_configuration_AZULMEIANOITE" color="0.001 0 0.015 1"/>
 		<baseMaterialConfiguration name="$l10n_configuration_ROXOCEBOLA" color="0.1 0 0.122"/>
		<baseMaterialConfiguration name="$l10n_configuration_ROXOMISTICO" color="0.2 0 0.1"/>
		<baseMaterialConfiguration name="$l10n_configuration_MARROMBARRO" color="0.318 0.071 0.102"/>
        <baseMaterialConfiguration name="$l10n_configuration_MARROMMETALICO" color="FLIEGL_BROWN1" material="27" />
        <material name="trailer_mat" shaderParameter="colorMat0" />
		<material name="suports_mat" shaderParameter="colorMat0" />
        <material name="leveler_mat" shaderParameter="colorMat0" />
		<material name="axis_mat" shaderParameter="colorMat0" />
    </baseMaterialConfigurations>

    <designMaterialConfigurations price="100" useDefaultColors="true" title="$l10n_configuration_chassisColor">
	    <designMaterialConfiguration name="$l10n_configuration_AMARELO" color="0.9386 0.4678 0.0123 1" material="32"/>
	    <designMaterialConfiguration name="$l10n_configuration_PRATAMETALICO" color="ITRUNNER_WHITE1" material="27"/>
        <designMaterialConfiguration name="$l10n_configuration_PRETOMETALICO" color="FIAT_BLACKPAINT" material="27"/>
        <designMaterialConfiguration name="$l10n_configuration_VERMELHO" color="VICON_RED1"/>	
        <designMaterialConfiguration name="$l10n_configuration_VERMELHOMETALICO" color="0.49 0 0" material="8" />
        <designMaterialConfiguration name="$l10n_configuration_VERMELHOCROMADO" color="1 0 0" material="3" />
		<designMaterialConfiguration name="$l10n_configuration_VERMELHOFOSCO" color="0.494 0.001 0.003" material="27" />
		<designMaterialConfiguration name="$l10n_configuration_LARANJA" color="1 0.13 0.043 0"/>
		<designMaterialConfiguration name="$l10n_configuration_TANGERINA" color="1 0.2 0"/> 
        <designMaterialConfiguration name="$l10n_configuration_LARANJAFRUTA" color="1 0.4 0.112"/>
        <designMaterialConfiguration name="$l10n_configuration_AMARELO" color="1 0.44 0 0"/>	
        <designMaterialConfiguration name="$l10n_configuration_AMARELOACAFRAO" color="1 0.545 0"/>
		<designMaterialConfiguration name="$l10n_configuration_AMARELOMARACUJA" color="0.95 0.706 0"/>
		<designMaterialConfiguration name="$l10n_configuration_VERDE" color="0 0.13 0.05 0"/>	
		<designMaterialConfiguration name="$l10n_configuration_VERDEBANDEIRA" color="0.096 0.198 0.061"/>
        <designMaterialConfiguration name="$l10n_configuration_VERDELIMONADA" color="0.51 0.686 0.322"/>
        <designMaterialConfiguration name="$l10n_configuration_VERDEMENTA" color="0.51 0.686 0.322"/>
        <designMaterialConfiguration name="$l10n_configuration_VERDEFOLHA" color="STARA_GREEN"/>
        <designMaterialConfiguration name="$l10n_configuration_VERDEFLORESTA" color="BERGMANN_GREEN1"/>
	    <designMaterialConfiguration name="$l10n_configuration_VERDEAGUA" color="0.041 0.245 0.223 1.0"/>	
		<designMaterialConfiguration name="$l10n_configuration_AZUL" color="0 0.49 1 0"/>      
		<designMaterialConfiguration name="$l10n_configuration_AZULMETALICO" color="0 0.117 0.41" material="8"/>
		<designMaterialConfiguration name="$l10n_configuration_AZULFOSCO" color="0 0.117 0.42" material="27"/>
        <designMaterialConfiguration name="$l10n_configuration_AZULMAR" color="0.1 0.05 0.325"/>
        <designMaterialConfiguration name="$l10n_configuration_AZULCIANO" color="0.298 0.573 0.604"/>
		<designMaterialConfiguration name="$l10n_configuration_AZULPETROLEO" color="0.051 0.145 0.247"/>
		<designMaterialConfiguration name="$l10n_configuration_AZULPERSA" color="0.4 0.443 0.451"/>
	    <designMaterialConfiguration name="$l10n_configuration_AZULMETALICO" color="FLIEGL_BLUE1" material="27" />
	    <designMaterialConfiguration name="$l10n_configuration_AZULMEIANOITE" color="0.001 0 0.015 1"/>
 		<designMaterialConfiguration name="$l10n_configuration_ROXOCEBOLA" color="0.1 0 0.122"/>
		<designMaterialConfiguration name="$l10n_configuration_ROXOMISTICO" color="0.2 0 0.1"/>
		<designMaterialConfiguration name="$l10n_configuration_MARROMBARRO" color="0.318 0.071 0.102"/>
        <designMaterialConfiguration name="$l10n_configuration_MARROMMETALICO" color="FLIEGL_BROWN1" material="27" />
        <material name="chassis_mat" shaderParameter="colorMat4"/>
        <material name="lights_mat" shaderParameter="colorMat4"/>
    </designMaterialConfigurations>

    <designMaterial2Configurations price="100" useDefaultColors="true" title="$l10n_configuration_balesColor">
	    <designMaterial2Configuration name="$l10n_configuration_AMARELO" color="0.9386 0.4678 0.0123 1" material="32"/>
	    <designMaterial2Configuration name="$l10n_configuration_PRATAMETALICO" color="ITRUNNER_WHITE1" material="27"/>
        <designMaterial2Configuration name="$l10n_configuration_PRETOMETALICO" color="FIAT_BLACKPAINT" material="27"/>
        <designMaterial2Configuration name="$l10n_configuration_VERMELHO" color="VICON_RED1"/>	
        <designMaterial2Configuration name="$l10n_configuration_VERMELHOMETALICO" color="0.49 0 0" material="8" />
        <designMaterial2Configuration name="$l10n_configuration_VERMELHOCROMADO" color="1 0 0" material="3" />
		<designMaterial2Configuration name="$l10n_configuration_VERMELHOFOSCO" color="0.494 0.001 0.003" material="27" />
		<designMaterial2Configuration name="$l10n_configuration_LARANJA" color="1 0.13 0.043 0"/>
		<designMaterial2Configuration name="$l10n_configuration_TANGERINA" color="1 0.2 0"/> 
        <designMaterial2Configuration name="$l10n_configuration_LARANJAFRUTA" color="1 0.4 0.112"/>
        <designMaterial2Configuration name="$l10n_configuration_AMARELO" color="1 0.44 0 0"/>	
        <designMaterial2Configuration name="$l10n_configuration_AMARELOACAFRAO" color="1 0.545 0"/>
		<designMaterial2Configuration name="$l10n_configuration_AMARELOMARACUJA" color="0.95 0.706 0"/>
		<designMaterial2Configuration name="$l10n_configuration_VERDE" color="0 0.13 0.05 0"/>	
		<designMaterial2Configuration name="$l10n_configuration_VERDEBANDEIRA" color="0.096 0.198 0.061"/>
        <designMaterial2Configuration name="$l10n_configuration_VERDELIMONADA" color="0.51 0.686 0.322"/>
        <designMaterial2Configuration name="$l10n_configuration_VERDEMENTA" color="0.51 0.686 0.322"/>
        <designMaterial2Configuration name="$l10n_configuration_VERDEFOLHA" color="STARA_GREEN"/>
        <designMaterial2Configuration name="$l10n_configuration_VERDEFLORESTA" color="BERGMANN_GREEN1"/>
	    <designMaterial2Configuration name="$l10n_configuration_VERDEAGUA" color="0.041 0.245 0.223 1.0"/>	
		<designMaterial2Configuration name="$l10n_configuration_AZUL" color="0 0.49 1 0"/>      
		<designMaterial2Configuration name="$l10n_configuration_AZULMETALICO" color="0 0.117 0.41" material="8"/>
		<designMaterial2Configuration name="$l10n_configuration_AZULFOSCO" color="0 0.117 0.42" material="27"/>
        <designMaterial2Configuration name="$l10n_configuration_AZULMAR" color="0.1 0.05 0.325"/>
        <designMaterial2Configuration name="$l10n_configuration_AZULCIANO" color="0.298 0.573 0.604"/>
		<designMaterial2Configuration name="$l10n_configuration_AZULPETROLEO" color="0.051 0.145 0.247"/>
		<designMaterial2Configuration name="$l10n_configuration_AZULPERSA" color="0.4 0.443 0.451"/>
	    <designMaterial2Configuration name="$l10n_configuration_AZULMETALICO" color="FLIEGL_BLUE1" material="27" />
	    <designMaterial2Configuration name="$l10n_configuration_AZULMEIANOITE" color="0.001 0 0.015 1"/>
 		<designMaterial2Configuration name="$l10n_configuration_ROXOCEBOLA" color="0.1 0 0.122"/>
		<designMaterial2Configuration name="$l10n_configuration_ROXOMISTICO" color="0.2 0 0.1"/>
		<designMaterial2Configuration name="$l10n_configuration_MARROMBARRO" color="0.318 0.071 0.102"/>
        <designMaterial2Configuration name="$l10n_configuration_MARROMMETALICO" color="FLIEGL_BROWN1" material="27" />
        <material name="balesCalcos_mat" shaderParameter="colorMat1"/>
    </designMaterial2Configurations>

    <designMaterial3Configurations price="100" useDefaultColors="true" title="$l10n_configuration_lateralColor">
	    <designMaterial3Configuration name="$l10n_configuration_AMARELO" color="0.9386 0.4678 0.0123 1" material="32"/>
	    <designMaterial3Configuration name="$l10n_configuration_PRATAMETALICO" color="ITRUNNER_WHITE1" material="27"/>
        <designMaterial3Configuration name="$l10n_configuration_PRETOMETALICO" color="FIAT_BLACKPAINT" material="27"/>
        <designMaterial3Configuration name="$l10n_configuration_VERMELHO" color="VICON_RED1"/>	
        <designMaterial3Configuration name="$l10n_configuration_VERMELHOMETALICO" color="0.49 0 0" material="8" />
        <designMaterial3Configuration name="$l10n_configuration_VERMELHOCROMADO" color="1 0 0" material="3" />
		<designMaterial3Configuration name="$l10n_configuration_VERMELHOFOSCO" color="0.494 0.001 0.003" material="27" />
		<designMaterial3Configuration name="$l10n_configuration_LARANJA" color="1 0.13 0.043 0"/>
		<designMaterial3Configuration name="$l10n_configuration_TANGERINA" color="1 0.2 0"/> 
        <designMaterial3Configuration name="$l10n_configuration_LARANJAFRUTA" color="1 0.4 0.112"/>
        <designMaterial3Configuration name="$l10n_configuration_AMARELO" color="1 0.44 0 0"/>	
        <designMaterial3Configuration name="$l10n_configuration_AMARELOACAFRAO" color="1 0.545 0"/>
		<designMaterial3Configuration name="$l10n_configuration_AMARELOMARACUJA" color="0.95 0.706 0"/>
		<designMaterial3Configuration name="$l10n_configuration_VERDE" color="0 0.13 0.05 0"/>	
		<designMaterial3Configuration name="$l10n_configuration_VERDEBANDEIRA" color="0.096 0.198 0.061"/>
        <designMaterial3Configuration name="$l10n_configuration_VERDELIMONADA" color="0.51 0.686 0.322"/>
        <designMaterial3Configuration name="$l10n_configuration_VERDEMENTA" color="0.51 0.686 0.322"/>
        <designMaterial3Configuration name="$l10n_configuration_VERDEFOLHA" color="STARA_GREEN"/>
        <designMaterial3Configuration name="$l10n_configuration_VERDEFLORESTA" color="BERGMANN_GREEN1"/>
	    <designMaterial3Configuration name="$l10n_configuration_VERDEAGUA" color="0.041 0.245 0.223 1.0"/>	
		<designMaterial3Configuration name="$l10n_configuration_AZUL" color="0 0.49 1 0"/>      
		<designMaterial3Configuration name="$l10n_configuration_AZULMETALICO" color="0 0.117 0.41" material="8"/>
		<designMaterial3Configuration name="$l10n_configuration_AZULFOSCO" color="0 0.117 0.42" material="27"/>
        <designMaterial3Configuration name="$l10n_configuration_AZULMAR" color="0.1 0.05 0.325"/>
        <designMaterial3Configuration name="$l10n_configuration_AZULCIANO" color="0.298 0.573 0.604"/>
		<designMaterial3Configuration name="$l10n_configuration_AZULPETROLEO" color="0.051 0.145 0.247"/>
		<designMaterial3Configuration name="$l10n_configuration_AZULPERSA" color="0.4 0.443 0.451"/>
	    <designMaterial3Configuration name="$l10n_configuration_AZULMETALICO" color="FLIEGL_BLUE1" material="27" />
	    <designMaterial3Configuration name="$l10n_configuration_AZULMEIANOITE" color="0.001 0 0.015 1"/>
 		<designMaterial3Configuration name="$l10n_configuration_ROXOCEBOLA" color="0.1 0 0.122"/>
		<designMaterial3Configuration name="$l10n_configuration_ROXOMISTICO" color="0.2 0 0.1"/>
		<designMaterial3Configuration name="$l10n_configuration_MARROMBARRO" color="0.318 0.071 0.102"/>
        <designMaterial3Configuration name="$l10n_configuration_MARROMMETALICO" color="FLIEGL_BROWN1" material="27" />
        <material name="lateralBalesProtection_mat" shaderParameter="colorMat5"/>
    </designMaterial3Configurations>


    <foliageBending>
        <bendingNode minX="-1.3" maxX="1.3" minZ="-5.8" maxZ="6.3" yOffset="0.6" />
    </foliageBending>

    <ai>
        <agentAttachment jointNode="0>0|0|0" rotCenterWheelIndices="1 2 3 4" width="2.7" height="4" length="13.9" lengthOffset="1.8"/>
    </ai>

    <wearable wearDuration="480" workMultiplier="5" fieldMultiplier="2"/>
    <washable dirtDuration="90" washDuration="1" workMultiplier="3" fieldMultiplier="2"/>
</vehicle>

