<?xml version="1.0" encoding="utf-8" standalone="no" ?>
<wheel xmlns:xsi="http://www.w3.org/2001/XMLSchema-instance" xsi:noNamespaceSchemaLocation="../../../../../../shared/xml/schema/wheel.xsd">
    <brand>NOKIAN</brand>
    <name>TRI 2</name>
    <default>
        <physics radius="0.593" width="0.36" mass="0.104" tireType="street" frictionScale="1.60" maxLongStiffness="8" maxLatStiffness="100" maxLatStiffnessLoad="2" />
        <tire filename="$data/shared/wheels/tires/nokian/TRI2/R24_TRI2.i3d" nodeLeft="2|0" nodeRight="2|0" maxDeformation="0.058" isCareWheel="false" tireTrackAtlasIndex="8" />
        <outerRim filename="$data/shared/wheels/rims/rim001.i3d" node="1|0" widthAndDiam="11 24" />
        <innerRim filename="$data/shared/wheels/hubs/hubTrucks.i3d" nodeLeft="0|0" nodeRight="0|1" offset="0.07" widthAndDiam="11 24" />
    </default>
    <configurations>
        <configuration id="man" >
            <innerRim nodeLeft="4|0" nodeRight="4|1" offset="0.1" widthAndDiam="17 22" />
        </configuration>
        <configuration id="dual" >
            <innerRim filename="-" nodeLeft="-" nodeRight="-" offset="-" widthAndDiam="-" />
        </configuration>
        <configuration id="dualConnector" >
            <innerRim nodeLeft="5|0" nodeRight="5|1" offset="-0.18" widthAndDiam="21.1 21.1" />
        </configuration>
        <configuration id="trailer" >
            <innerRim filename="$data/shared/wheels/rims/rim001.i3d" nodeLeft="2|0" nodeRight="2|1" offset="0" />
        </configuration>
    </configurations>
</wheel>
