<?xml version="1.0" encoding="utf-8" standalone="no" ?>
<wheel xmlns:xsi="http://www.w3.org/2001/XMLSchema-instance" xsi:noNamespaceSchemaLocation="../../../../../../shared/xml/schema/wheel.xsd">
    <brand>TRELLEBORG</brand>
    <name>TM700</name>
    <default>
        <physics radius="0.626" width="0.42" mass="0.122" tireType="mud" frictionScale="1.60" maxLongStiffness="8" maxLatStiffness="100" maxLatStiffnessLoad="2" />
        <tire filename="$data/shared/wheels/tires/trelleborg/TM700/R24_TM700.i3d" nodeLeft="3|0" nodeRight="3|0" maxDeformation="0.064" isCareWheel="false" tireTrackAtlasIndex="0" />
        <outerRim filename="$data/shared/wheels/rims/rim001.i3d" node="1|0" widthAndDiam="13 24" />
        <innerRim filename="$data/shared/wheels/hubs/hubTrucks.i3d" nodeLeft="0|0" nodeRight="0|1" offset="0.07" widthAndDiam="13 24" />
    </default>
    <configurations>
        <configuration id="man" >
            <innerRim nodeLeft="4|0" nodeRight="4|1" offset="0.1" widthAndDiam="20 24" />
        </configuration>
        <configuration id="dual" >
            <innerRim filename="-" nodeLeft="-" nodeRight="-" offset="-" widthAndDiam="-" />
        </configuration>
        <configuration id="dualConnector" >
            <innerRim nodeLeft="5|0" nodeRight="5|1" offset="-0.18" widthAndDiam="23.1 23.1" />
        </configuration>
        <configuration id="trailer" >
            <innerRim filename="$data/shared/wheels/rims/rim001.i3d" nodeLeft="2|0" nodeRight="2|1" offset="0" />
        </configuration>
    </configurations>	
</wheel>
