<?xml version="1.0" encoding="utf-8" standalone="no" ?>
<wheel xmlns:xsi="http://www.w3.org/2001/XMLSchema-instance" xsi:noNamespaceSchemaLocation="../../../../../../shared/xml/schema/wheel.xsd">
    <brand>MICHELIN</brand>
    <name>CARGOXBIB</name>
    <default>
        <physics radius="0.59" width="0.5" mass="0.129" tireType="offRoad" frictionScale="1.60" maxLongStiffness="8" maxLatStiffness="100" maxLatStiffnessLoad="2" />
        <tire filename="$data/shared/wheels/tires/michelin/cargoXBib/R22_5_cargoXBib.i3d" nodeLeft="0|0" nodeRight="0|0" maxDeformation="0.061" sideDeformOffset="0.947" isCareWheel="false" tireTrackAtlasIndex="12" />
        <outerRim filename="$data/shared/wheels/rims/rim001.i3d" node="0|0" widthAndDiam="16 22.5" />
        <innerRim filename="$data/shared/wheels/hubs/hubTrucks.i3d" nodeLeft="0|0" nodeRight="0|1" offset="0.07" widthAndDiam="11 24" />
    </default>
    <configurations>
        <configuration id="man" >
            <innerRim nodeLeft="4|0" nodeRight="4|1" offset="0.1" widthAndDiam="17 22" />
        </configuration>
        <configuration id="trailer" >
            <innerRim filename="$data/shared/wheels/rims/rim001.i3d" nodeLeft="2|0" nodeRight="2|1" offset="0" />
        </configuration>
    </configurations>	
</wheel>
