<?xml version="1.0" encoding="utf-8" standalone="no"?>
<modDesc descVersion="64">
    <author>Vanquish081 [VSR Modding Sur]</author>

    <version>1.0.0.0</version>

    <title>
        <en>Lizard Pop6x</en>
    </title>

<description>
<en><![CDATA[Poplar chopping head with customizable design and cutting enhancement.

- Price: 42.500 $
- Working width: 6 m
- Working speed: 10 kph

- Color settings
- Design Configuration
- Color wheels

Select the correct brand for a correct attachment.]]></en>
<de><![CDATA[Pappel-Schneidwerk mit anpassbarem Design und Schnittverbesserung.

- Preis: 42.500 €
- Arbeitsbreite: 6 m
- Arbeitsgeschwindigkeit: 10 km/h

- Farbeinstellungen
- Designkonfiguration
- Räder mit Farbwahl

Wählt die richtige Marke für eine korrekte Befestigung.]]></de>
<es><![CDATA[Cabezal de picado para álamo con diseño personalizable y mejora de corte.

- Precio: 42.500 €
- Amplitud de trabajo: 6 mts.
- Velc. Trabajo: 10 Km/h.

- Configuración Color.
- Configuración Diseño.
- Color llantas.

Seleccione la marca correcta para un accesorio correcto.]]></es>
    </description>

    <iconFilename>icon.dds</iconFilename>
    <multiplayer supported="true"/>

	<l10n>
		<text name="Krone_Yellow">
			<en>Krone Yellow</en>
			<de>Krone Gelb</de>
			<es>Amarillo Krone</es>		
		</text>
		<text name="Krone_Green">
			<en>Krone Green</en>
			<de>Krone Grün</de>
			<es>Verde Krone</es>		
		</text>
		<text name="Rostselmash_White">
			<en>Rostselmash Yellow</en>
			<de>Rostselmash Weiß</de>
			<es>Blanco Rostselmash</es>		
		</text>
		<text name="Rostselmash_Red">
			<en>Rostselmash Red</en>
			<de>Rostselmash Rot</de>
			<es>Rojo Rostselmash</es>		
		</text>
		<text name="NewHolland_Yellow">
			<en>New Holland Yellow</en>
			<de>New Holland Gelb</de>
			<es>Amarillo New Holland</es>		
		</text>
		<text name="NewHolland_Black">
			<en>New Holland Black</en>
			<de>New Holland Schwarz</de>
			<es>Negro New Holland</es>		
		</text>
	</l10n>

    <storeItems>
        <storeItem xmlFilename="Pop6X.xml"/>
    </storeItems>
</modDesc>
