<?xml version="1.0" encoding="utf-8" standalone="no"?>
<vehicle type="cutter" xmlns:xsi="http://www.w3.org/2001/XMLSchema-instance" xsi:noNamespaceSchemaLocation="https://validation.gdn.giants-software.com/xml/fs22/vehicle.xsd">
    <annotation>Copyright (C) GIANTS Software GmbH - Vanquish081, All Rights Reserved.</annotation>

    <storeData>
        <name>Pop6x</name>
        <specs>
            <workingWidth>6.0</workingWidth>
            <fillTypes>poplar</fillTypes>
            <combination xmlFilename="$data/vehicles/newHolland/fr780/fr780.xml"/>
        </specs>
        <functions>
            <function>$l10n_function_cutterForage</function>
        </functions>
        <storePacks>
            <storePack>STARTER_POPLAR</storePack>
        </storePacks>
        <image>store_Pop6X.png</image>
        <price>42500</price>
        <lifetime>1200</lifetime>
        <rotation>0</rotation>
        <brand>LIZARD</brand>
        <category>forageHarvesterCutters</category>
        <vertexBufferMemoryUsage>701440</vertexBufferMemoryUsage>
        <indexBufferMemoryUsage>94464</indexBufferMemoryUsage>
        <textureMemoryUsage>2097152</textureMemoryUsage>
        <audioMemoryUsage>0</audioMemoryUsage>
        <instanceVertexBufferMemoryUsage>0</instanceVertexBufferMemoryUsage>
        <instanceIndexBufferMemoryUsage>0</instanceIndexBufferMemoryUsage>
    </storeData>

    <base>
        <typeDesc>$l10n_typeDesc_cutter</typeDesc>
        <filename>Pop6X.i3d</filename>
        <size width="6.2" length="4.2"/>
        <components>
            <component centerOfMass="0 1 -0.5" solverIterationCount="20" mass="2350"/>
        </components>
        <schemaOverlay name="IMPLEMENT" attacherJointPosition="0 0"/>
        <speedLimit value="10"/>
    </base>

    <wheels>
        <wheelConfigurations>
            <wheelConfiguration name="$l10n_configuration_valueDefault" price="0">
                <wheels hasSurfaceSounds="false">
                    <wheel filename="$data/shared/wheels/tires/trelleborg/T510/215_65R15.xml" isLeft="true">
                        <physics restLoad="1.0" repr="wheelLeftAxis" driveNode="wheelLeft" forcePointRatio="0.23" rotMin="-45" rotMax="45" initialCompression="75" suspTravel="0.02" spring="30" damper="10" rotationDamping="0.0005" versatileYRot="true"/>
                    </wheel>
                    <wheel filename="$data/shared/wheels/tires/trelleborg/T510/215_65R15.xml" isLeft="false">
                        <physics restLoad="1.0" repr="wheelRightAxis" driveNode="wheelRight" forcePointRatio="0.23" rotMin="-45" rotMax="45" initialCompression="75" suspTravel="0.02" spring="30" damper="10" rotationDamping="0.0005" versatileYRot="true"/>
                    </wheel>
                </wheels>
            </wheelConfiguration>
        </wheelConfigurations>
        <hubs>
            <color0>CAPELLO_BLACK1</color0>
            <hub linkNode="wheelLeft" filename="$data/shared/wheels/hubs/hubSmall_n0_1.xml" isLeft="true" scale="0.2 0.2 0.2"/>
            <hub linkNode="wheelRight" filename="$data/shared/wheels/hubs/hubSmall_n0_1.xml" isLeft="false" scale="0.2 0.2 0.2"/>
        </hubs>
    </wheels>

    <rimColorConfigurations useDefaultColors="true" price="30">
        <rimColorConfiguration color="0.784 0.784 0.784 0" name="$l10n_configuration_valueDefault"/>
        <rimColorConfiguration color="KRONE_YELLOW1" material="0" name="Krone Yellow"/>
        <rimColorConfiguration color="KRONE_GREEN1" material="0" name="Krone Green"/>
        <rimColorConfiguration color="0.523 0.523 0.523" material="0" name="Rostselmash White"/>
        <rimColorConfiguration color="ROSTSELMASH_RED1" material="0" name="Rostselmash Red"/>
    </rimColorConfigurations>

    <attachable>
        <inputAttacherJoints>
            <inputAttacherJoint node="attacherJoint" jointType="cutterHarvester" >
                <heightNode node="depthNode"/>
                <distanceToGround lower="0.7" upper="1.6"/>
                <objectChange node="Base" visibilityActive="true" visibilityInactive="false"/>
            </inputAttacherJoint>
        </inputAttacherJoints>
        <support animationName="moveSupport"/>
        <brakeForce force="0.2"/>
    </attachable>

    <powerTakeOffs>
        <input inputNode="pto" inputAttacherJointIndices="1" aboveAttacher="true" ptoName="LEFT_PTO"/>
    </powerTakeOffs>

    <powerConsumer ptoRpm="540" neededMaxPtoPower="50"/>
	
    <lights>
        <sharedLight linkNode="yellowRound_01" filename="$data/shared/assets/reflectors/lizard/yellowRound_01.xml"/>
        <sharedLight linkNode="yellowRound_02" filename="$data/shared/assets/reflectors/lizard/yellowRound_01.xml"/>
    </lights>

    <groundReferenceNodes>
        <groundReferenceNode node="groundReferenceNode" threshold="0.7"/>
    </groundReferenceNodes>

    <workAreas>
        <workArea disableBackwards="true" functionName="processCutterArea" type="cutter">
            <area heightNode="workAreaHeight" startNode="workAreaStart" widthNode="workAreaWidth"/>
            <groundReferenceNode index="1"/>
            <testAreas autoGenerate="true" zOffset="0.5" xOffset="0" length="0.6" numAreas="4" areaWidthScale="0.25"/>
        </workArea>
    </workAreas>

    <animations>
        <animation name="moveSupport">
            <part node="supportArm" startTime="0" endTime="0.3" startTrans="0 0.45 0" endTrans="0 0 0" />
            <part node="colSupport00" startTime="0" endTime="0.1" startTrans="0 0.38 0" endTrans="0 0 0" />
            <part node="colSupport01" startTime="0" endTime="0.1" startTrans="0 0.38 0" endTrans="2.064 0 0" />
        </animation>
    </animations>

    <cylindered>
        <movingParts>
            <movingPart isActiveDirty="true" node="wheelLeftAxisPart" referenceFrame="wheelLeftAxisPartRef" referencePoint="wheelLeftAxisPartRef" scaleZ="true" maxUpdateDistance="75"/>
            <movingPart isActiveDirty="true" node="wheelRightAxisPart" referenceFrame="wheelRightAxisPartRef" referencePoint="wheelRightAxisPartRef" scaleZ="true" maxUpdateDistance="75"/>
        </movingParts>
        <sounds>
            <hydraulic template="defaultHydraulicSound" linkNode="ArtMPop_main_component1"/>
        </sounds>
    </cylindered>

    <cutter fruitTypes="poplar" fruitTypeConverter="forageHarvester">
        <effect>
            <effectNode effectClass="CutterMotionPathEffect" effectType="CUTTER" linkNode="cutterEffectNode01">
                <motionPathEffect textureFilename="$data/vehicles/newHolland/fb130/cutterArray4x16.dds" numRows="4" rowLength="16" minFade="0.06" />
            </effectNode>
            <effectNode effectClass="CutterMotionPathEffect" effectType="CUTTER" linkNode="cutterEffectNode02">
                <motionPathEffect textureFilename="$data/vehicles/newHolland/fb130/cutterArray4x16.dds" numRows="4" rowLength="16" minFade="0.06" />
            </effectNode>
            <effectNode effectClass="ParticleEffect" effectNode="smokeEmitter01" particleType="SMOKE" materialType="smokeParticle" emitCountScale="0.1" worldSpace="false" useCuttingWidth="false"/>
            <effectNode effectClass="ParticleEffect" effectNode="smokeEmitter02" particleType="SMOKE" materialType="smokeParticle" emitCountScale="0.1" worldSpace="false" useCuttingWidth="false"/>
            <effectNode effectClass="CutterMotionPathEffect" effectType="CUTTER" linkNode="cutterEffectNode03">
                <motionPathEffect textureFilename="$data/vehicles/newHolland/fb130/cutterArray4x16.dds" numRows="4" rowLength="16" minFade="0.06" />
            </effectNode>
            <effectNode effectClass="CutterMotionPathEffect" effectType="CUTTER" linkNode="cutterEffectNode04">
                <motionPathEffect textureFilename="$data/vehicles/newHolland/fb130/cutterArray4x16.dds" numRows="4" rowLength="16" minFade="0.06" />
            </effectNode>
            <effectNode effectClass="CutterMotionPathEffect" effectType="CUTTER" linkNode="cutterEffectNode05">
                <motionPathEffect textureFilename="$data/vehicles/newHolland/fb130/cutterArray4x16.dds" numRows="4" rowLength="16" minFade="0.06" />
            </effectNode>
            <effectNode effectClass="CutterMotionPathEffect" effectType="CUTTER" linkNode="cutterEffectNode06">
                <motionPathEffect textureFilename="$data/vehicles/newHolland/fb130/cutterArray4x16.dds" numRows="4" rowLength="16" minFade="0.06" />
            </effectNode>
            <effectNode effectClass="CutterMotionPathEffect" effectType="CUTTER" linkNode="cutterEffectNode07">
                <motionPathEffect textureFilename="$data/vehicles/newHolland/fb130/cutterArray4x16.dds" numRows="4" rowLength="16" minFade="0.06" />
            </effectNode>
        </effect>

        <animationNodes>
            <animationNode node="drum1" rotAxis="1" rotSpeed="-500" turnOffFadeTime="2" turnOnFadeTime="2"/>
            <animationNode node="drum2" rotAxis="1" rotSpeed="-600" turnOffFadeTime="2" turnOnFadeTime="2"/>
            <animationNode node="drum3" rotAxis="1" rotSpeed="600" turnOffFadeTime="2" turnOnFadeTime="2"/>
            <animationNode node="drum4" rotAxis="2" rotSpeed="-800" turnOffFadeTime="2" turnOnFadeTime="2"/>
            <animationNode node="drum4.1" rotAxis="2" rotSpeed="-800" turnOffFadeTime="2" turnOnFadeTime="2"/>
            <animationNode node="drum4.2" rotAxis="2" rotSpeed="-800" turnOffFadeTime="2" turnOnFadeTime="2"/>
            <animationNode node="drum4.3" rotAxis="2" rotSpeed="-800" turnOffFadeTime="2" turnOnFadeTime="2"/>
            <animationNode node="drum5" rotAxis="2" rotSpeed="800" turnOffFadeTime="2" turnOnFadeTime="2"/>
            <animationNode node="drum5.1" rotAxis="2" rotSpeed="800" turnOffFadeTime="2" turnOnFadeTime="2"/>
            <animationNode node="drum5.2" rotAxis="2" rotSpeed="800" turnOffFadeTime="2" turnOnFadeTime="2"/>
            <animationNode node="drum5.3" rotAxis="2" rotSpeed="800" turnOffFadeTime="2" turnOnFadeTime="2"/>
        </animationNodes>
        <sounds>
            <cut template="cropCuttingForage" />
        </sounds>
    </cutter>

    <dynamicMount forceLimitScale="1"/>
	
    <turnOnVehicle turnedOnByAttacherVehicle="true" turnOffIfNotAllowed="true">
        <sounds>
            <start template="forageHarvesterStart" />
            <work  template="forageHarvesterWork" fadeOut="3.5"/>
            <stop  template="forageHarvesterStop" pitchScale="2.3" volumeScale="0.3"/>
        </sounds>
    </turnOnVehicle>

    <designConfigurations title="$l10n_ui_brands">
        <designConfiguration name="$l10n_ui_no" price="0">
            <objectChange node="DecalsAM" visibilityActive="false"/>
            <objectChange node="DecalsCL" visibilityActive="false"/>
            <objectChange node="DecalsJD" visibilityActive="false"/>
            <objectChange node="DecalsKN" visibilityActive="false"/>
            <objectChange node="DecalsRM" visibilityActive="false"/>
            <objectChange node="DecalsFT" visibilityActive="false"/>
            <objectChange node="pto_Krone" visibilityActive="false"/>
            <objectChange node="attacherJoint" rotationActive="90 -68.582 -90"/>
            <objectChange node="attacherJoint" translationActive="0.0 1.42 -1.35"/>
        </designConfiguration>
        <designConfiguration name="Lizard" price="0">
            <objectChange node="DecalsAM" visibilityActive="true" visibilityInactive="false"/>
            <objectChange node="attacherJoint" rotationActive="90 -70.73 -90"/>
            <objectChange node="attacherJoint" translationActive="0.0 1.474 -1.328"/>
        </designConfiguration>
        <designConfiguration name="Claas" price="10">
            <objectChange node="DecalsCL" visibilityActive="true" visibilityInactive="false"/>
            <objectChange node="attacherJoint" rotationActive="90 -71.582 -90"/>
        </designConfiguration>
        <designConfiguration name="John Deere" price="15">
            <objectChange node="DecalsJD" visibilityActive="true" visibilityInactive="false"/>
        </designConfiguration>
        <designConfiguration name="Krone" price="10">
            <objectChange node="DecalsKN" visibilityActive="true" visibilityInactive="false"/>
            <objectChange node="pto_Krone" visibilityActive="true" visibilityInactive="false"/>
            <objectChange node="attacherJoint" rotationActive="90 -68.582 -90"/>
            <objectChange node="attacherJoint" translationActive="0.0 1.62 -1.27"/>
        </designConfiguration>
        <designConfiguration name="Rostselmash" price="15">
            <objectChange node="DecalsRM" visibilityActive="true" visibilityInactive="false"/>
            <objectChange node="attacherJoint" rotationActive="90 -66.582 -90"/>
            <objectChange node="attacherJoint" translationActive="0 1.64 -1.255"/>
        </designConfiguration>
        <designConfiguration name="Fendt" price="15">
            <objectChange node="DecalsFT" visibilityActive="true" visibilityInactive="false"/>
            <objectChange node="pto_Krone" visibilityActive="true" visibilityInactive="false"/>
            <objectChange node="attacherJoint" rotationActive="90 -71.283 -90"/>
            <objectChange node="attacherJoint" translationActive="0 1.342 -1.392"/>
        </designConfiguration>
    </designConfigurations>

    <designMaterialConfigurations price="250" useDefaultColors="true">
        <designMaterialConfiguration color="0.0500 0.0500 0.0500 0" name="$l10n_configuration_valueDefault"/>
        <designMaterialConfiguration color="KRONE_YELLOW1" material="0" name="$l10n_Krone_Yellow"/>
        <designMaterialConfiguration color="KRONE_GREEN1" material="0" name="$l10n_Krone_Green"/>
        <designMaterialConfiguration color="0.523 0.523 0.523" material="0" name="$l10n_Rostselmash_White"/>
        <designMaterialConfiguration color="ROSTSELMASH_RED1" material="0" name="$l10n_Rostselmash_Red"/>
        <designMaterialConfiguration color="NEWHOLLAND_YELLOW1" material="0" name="$l10n_NewHolland_Yellow"/>
        <designMaterialConfiguration color="NEWHOLLAND_BLACK1" material="0" name="$l10n_NewHolland_Black"/>
        <material name="ArtMPop6" shaderParameter="colorMat1"/>
        <material name="Base" shaderParameter="colorMat1"/>
        <material name="Soporte" shaderParameter="colorMat1"/>
        <material name="Cuchilla_Drum05" shaderParameter="colorMat1"/>
        <material name="Cuchilla_Drum051" shaderParameter="colorMat1"/>
        <material name="Cuchilla_Drum052" shaderParameter="colorMat1"/>
        <material name="Cuchilla_Drum053" shaderParameter="colorMat1"/>
        <material name="Cuchilla_Drum04" shaderParameter="colorMat1"/>
        <material name="Cuchilla_Drum041" shaderParameter="colorMat1"/>
        <material name="Cuchilla_Drum042" shaderParameter="colorMat1"/>
        <material name="Cuchilla_Drum043" shaderParameter="colorMat1"/>
    </designMaterialConfigurations>

    <ai>
        <areaMarkers leftNode="areaLeftMarker" rightNode="areaRightMarker" backNode="areaBackMarker"/>
        <sizeMarkers backNode="sizeBackMarker" leftNode="sizeLeftMarker" rightNode="sizeRightMarker"/>
        <agentAttachment width="6.0" height="1.8" length="7" lengthOffset="-0.1"/>
    </ai>

    <foliageBending>
        <bendingNode minX="-2.0" maxX="2.0" minZ="-1.8" maxZ="0.5" yOffset="0.5"/>
        <bendingNode minX="-2.0" maxX="2.0" minZ="-0.5" maxZ="1.9" yOffset="1"/>
    </foliageBending>

    <baseMaterial>
        <material name="ArtMPop6" baseNode="ArtMechanic_vis">
            <shaderParameter name="colorMat0" value="CLAAS_WHITE1"/>
            <shaderParameter name="colorMat1" value="CAPELLO_BLACK1"/>
            <shaderParameter name="colorMat7" value="AGRISEM_YELLOW1"/>
        </material>
        <material name="Base" baseNode="Base">
            <shaderParameter name="colorMat1" value="CAPELLO_BLACK1"/>
        </material>
        <material name="Tope" baseNode="Tope">
            <shaderParameter name="colorMat0" value="CLAAS_WHITE1"/>
        </material>
        <material name="Cuchilla_Drum05" baseNode="Cuchilla_Drum05">
            <shaderParameter name="colorMat1" value="CAPELLO_BLACK1"/>
        </material>
        <material name="Cuchilla_Drum05" baseNode="Cuchilla_Drum05">
            <shaderParameter name="colorMat1" value="CAPELLO_BLACK1"/>
        </material>
        <material name="Cuchilla_Drum051" baseNode="Cuchilla_Drum051">
            <shaderParameter name="colorMat1" value="CAPELLO_BLACK1"/>
        </material>
        <material name="Cuchilla_Drum052" baseNode="Cuchilla_Drum052">
            <shaderParameter name="colorMat1" value="CAPELLO_BLACK1"/>
        </material>
        <material name="Cuchilla_Drum053" baseNode="Cuchilla_Drum053">
            <shaderParameter name="colorMat1" value="CAPELLO_BLACK1"/>
        </material>
        <material name="Cuchilla_Drum04" baseNode="Cuchilla_Drum04">
            <shaderParameter name="colorMat1" value="CAPELLO_BLACK1"/>
        </material>
        <material name="Cuchilla_Drum041" baseNode="Cuchilla_Drum041">
            <shaderParameter name="colorMat1" value="CAPELLO_BLACK1"/>
        </material>
        <material name="Cuchilla_Drum042" baseNode="Cuchilla_Drum042">
            <shaderParameter name="colorMat1" value="CAPELLO_BLACK1"/>
        </material>
        <material name="Cuchilla_Drum043" baseNode="Cuchilla_Drum043">
            <shaderParameter name="colorMat1" value="CAPELLO_BLACK1"/>
        </material>
        <material name="Soporte" baseNode="Soporte_ArtMPop">
            <shaderParameter name="colorMat1" value="CAPELLO_BLACK1"/>
        </material>
        <material name="pto" baseNode="pto_Krone">
            <shaderParameter name="colorMat0" value="CAPELLO_BLACK1"/>
        </material>
    </baseMaterial>

    <baseMaterialConfigurations price="250" useDefaultColors="true" defaultColorIndex="0">
        <baseMaterialConfiguration color="0.784 0.784 0.784 0" name="$l10n_configuration_valueDefault"/>
        <baseMaterialConfiguration color="KRONE_YELLOW1" material="0" name="$l10n_Krone_Yellow"/>
        <baseMaterialConfiguration color="KRONE_GREEN1" material="0" name="$l10n_Krone_Green"/>
        <baseMaterialConfiguration color="0.523 0.523 0.523" material="0" name="$l10n_Rostselmash_White"/>
        <baseMaterialConfiguration color="ROSTSELMASH_RED1" material="0" name="$l10n_Rostselmash_Red"/>
		<material name="ArtMPop6" shaderParameter="colorMat0"/>
		<material name="Tope" shaderParameter="colorMat0"/>
		<material name="pto" shaderParameter="colorMat0"/>
    </baseMaterialConfigurations>

    <wearable wearDuration="480" workMultiplier="5" fieldMultiplier="2"/>
    <washable dirtDuration="90" washDuration="1" workMultiplier="4" fieldMultiplier="2"/>
	
    <i3dMappings>
        <i3dMapping id="ArtMPop_main_component1" node="0>"/>
        <i3dMapping id="ArtMechanic_vis" node="0>0"/>
        <i3dMapping id="wheelLeftAxis" node="0>0|0|0|0"/>
        <i3dMapping id="wheelLeft" node="0>0|0|0|0|0"/>
        <i3dMapping id="wheelLeftAxisPart" node="0>0|0|0|0|1"/>
        <i3dMapping id="wheelRightAxis" node="0>0|0|0|1"/>
        <i3dMapping id="wheelRight" node="0>0|0|0|1|0"/>
        <i3dMapping id="wheelRightAxisPart" node="0>0|0|0|1|1"/>
        <i3dMapping id="wheelLeftAxisPartRef" node="0>0|0|0|2"/>
        <i3dMapping id="wheelRightAxisPartRef" node="0>0|0|0|3"/>
        <i3dMapping id="attacherJoint" node="0>0|1|0"/>
        <i3dMapping id="pto" node="0>0|1|1"/>
        <i3dMapping id="supportArm" node="0>0|1|2|0|0"/>
        <i3dMapping id="Soporte_ArtMPop" node="0>0|1|2|0|0|0"/>
        <i3dMapping id="colSupport00" node="0>0|1|2|1"/>
        <i3dMapping id="colSupport01" node="0>0|1|2|2"/>
        <i3dMapping id="yellowRound_02" node="0>0|2|0"/>
        <i3dMapping id="yellowRound_01" node="0>0|2|1"/>
        <i3dMapping id="workLightI" node="0>0|2|2"/>
        <i3dMapping id="workLightD" node="0>0|2|3"/>
        <i3dMapping id="workLightFrontHigh1" node="0>0|2|4"/>
        <i3dMapping id="workLightFrontHigh2" node="0>0|2|5"/>
        <i3dMapping id="drum5" node="0>0|3|0|0"/>
        <i3dMapping id="drum5.1" node="0>0|3|0|1"/>
        <i3dMapping id="drum5.2" node="0>0|3|0|2"/>
        <i3dMapping id="drum5.3" node="0>0|3|0|3"/>
        <i3dMapping id="drum4" node="0>0|3|1|0"/>
        <i3dMapping id="drum4.1" node="0>0|3|1|1"/>
        <i3dMapping id="drum4.2" node="0>0|3|1|2"/>
        <i3dMapping id="drum4.3" node="0>0|3|1|3"/>
        <i3dMapping id="drum1" node="0>0|3|2"/>
        <i3dMapping id="drum2" node="0>0|3|3"/>
        <i3dMapping id="drum3" node="0>0|3|4"/>
        <i3dMapping id="Cuchilla_Drum05" node="0>0|3|0|0|0"/>
        <i3dMapping id="Cuchilla_Drum051" node="0>0|3|0|1|0"/>
        <i3dMapping id="Cuchilla_Drum052" node="0>0|3|0|2|0"/>
        <i3dMapping id="Cuchilla_Drum053" node="0|3|0|3|0"/>
        <i3dMapping id="Cuchilla_Drum04" node="0>0|3|1|0|0"/>
        <i3dMapping id="Cuchilla_Drum041" node="0>0|3|1|1|0"/>
        <i3dMapping id="Cuchilla_Drum042" node="0>0|3|1|2|0"/>
        <i3dMapping id="Cuchilla_Drum043" node="0>0|3|1|3|0"/>
        <i3dMapping id="workAreaStart" node="0>0|4|0"/>
        <i3dMapping id="workAreaWidth" node="0>0|4|1"/>
        <i3dMapping id="workAreaHeight" node="0>0|4|2"/>
        <i3dMapping id="groundReferenceNode" node="0>0|4|3"/>
        <i3dMapping id="depthNode" node="0>0|4|4"/>
        <i3dMapping id="areaLeftMarker" node="0>0|5|0"/>
        <i3dMapping id="areaRightMarker" node="0>0|5|1"/>
        <i3dMapping id="areaBackMarker" node="0>0|5|2"/>
        <i3dMapping id="sizeLeftMarker" node="0>0|5|3"/>
        <i3dMapping id="sizeRightMarker" node="0>0|5|4"/>
        <i3dMapping id="sizeBackMarker" node="0>0|5|5"/>
        <i3dMapping id="testAreaStart" node="0>0|6|0"/>
        <i3dMapping id="testAreaWidth" node="0>0|6|0|0"/>
        <i3dMapping id="testAreaHeight" node="0>0|6|0|1"/>
        <i3dMapping id="testAreaStart1" node="0>0|6|1"/>
        <i3dMapping id="testArea1Width" node="0>0|6|1|0"/>
        <i3dMapping id="testArea1Height" node="0>0|6|1|1"/>
        <i3dMapping id="testAreaStart2" node="0>0|6|2"/>
        <i3dMapping id="testArea2Width" node="0>0|6|2|0"/>
        <i3dMapping id="testArea2Height" node="0>0|6|2|1"/>
        <i3dMapping id="testAreaStart3" node="0>0|6|3"/>
        <i3dMapping id="testArea3Width" node="0>0|6|3|0"/>
        <i3dMapping id="testArea3Height" node="0>0|6|3|1"/>
        <i3dMapping id="testAreaStart4" node="0>0|6|4"/>
        <i3dMapping id="testArea4Width" node="0>0|6|4|0"/>
        <i3dMapping id="testArea4Height" node="0>0|6|4|1"/>
        <i3dMapping id="testAreaStart5" node="0>0|6|5"/>
        <i3dMapping id="testArea5Width" node="0>0|6|5|0"/>
        <i3dMapping id="testArea5Height" node="0>0|6|5|1"/>
        <i3dMapping id="testAreaStart6" node="0>0|6|6"/>
        <i3dMapping id="testArea6Width" node="0>0|6|6|0"/>
        <i3dMapping id="testArea6Height" node="0>0|6|6|1"/>
        <i3dMapping id="testAreaStart7" node="0>0|6|7"/>
        <i3dMapping id="testArea7Width" node="0>0|6|7|0"/>
        <i3dMapping id="testArea7Height" node="0>0|6|7|1"/>
        <i3dMapping id="cutterEffectNode01" node="0>0|7|0"/>
        <i3dMapping id="cutterEffectNode02" node="0>0|7|1"/>
        <i3dMapping id="smokeEmitter01" node="0>0|7|2"/>
        <i3dMapping id="smokeEmitter02" node="0>0|7|3"/>
        <i3dMapping id="cutterEffectNode03" node="0>0|7|4"/>
        <i3dMapping id="cutterEffectNode04" node="0>0|7|5"/>
        <i3dMapping id="cutterEffectNode05" node="0>0|7|6"/>
        <i3dMapping id="cutterEffectNode06" node="0>0|7|7"/>
        <i3dMapping id="cutterEffectNode07" node="0>0|7|8"/>
        <i3dMapping id="Tope" node="0>0|8|3"/>
        <i3dMapping id="Base" node="0>0|8|4"/>
        <i3dMapping id="DecalsAM" node="0>0|8|5"/>
        <i3dMapping id="DecalsCL" node="0>0|8|6"/>
        <i3dMapping id="DecalsJD" node="0>0|8|7"/>
        <i3dMapping id="DecalsKN" node="0>0|8|8"/>
        <i3dMapping id="DecalsRM" node="0>0|8|9"/>
        <i3dMapping id="DecalsFT" node="0>0|8|10"/>
        <i3dMapping id="pto_Krone" node="0>0|8|11"/>
    </i3dMappings>
</vehicle>
