<?xml version="1.0" encoding="utf-8" standalone="no" ?>
<vehicle type="pallet" xmlns:xsi="http://www.w3.org/2001/XMLSchema-instance" xsi:noNamespaceSchemaLocation="../../../../shared/xml/schema/vehicle.xsd">
    <annotation>Copyright (C) GIANTS Software GmbH, All Rights Reserved.</annotation>

    <storeData>
        <name>$l10n_storeItem_playSandBagPallet</name>
        <specs>
            <weight ignore="true"/>
        </specs>
        <storePacks>
            <storePack>STARTER_FORAGE</storePack>
        </storePacks>
        <image>pallets/store_playSandBagPallet.png</image>
        <category>pallets</category>
        <brand>LIZARD</brand>
        <showInStore>false</showInStore>
        <canBeSold>false</canBeSold>
        <price>2200</price>
        <allowLeasing>false</allowLeasing>
        <financeCategory>OTHER</financeCategory>
        <shopHeight>1.5</shopHeight>
        <vertexBufferMemoryUsage>41472</vertexBufferMemoryUsage>
        <indexBufferMemoryUsage>5888</indexBufferMemoryUsage>
        <textureMemoryUsage>1441792</textureMemoryUsage>
        <audioMemoryUsage>0</audioMemoryUsage>
        <instanceVertexBufferMemoryUsage>0</instanceVertexBufferMemoryUsage>
        <instanceIndexBufferMemoryUsage>0</instanceIndexBufferMemoryUsage>
    </storeData>

    <base>
        <typeDesc>$l10n_typeDesc_pallet</typeDesc>
        <filename>pallets/playSandBagPallet.i3d</filename>
        <size width="1.4" length="1" height="0.8" />
        <canBeReset>false</canBeReset>
        <components>
            <component centerOfMass="0 0.1 0" solverIterationCount="10" mass="50"/>
        </components>
        <showInVehicleMenu>true</showInVehicleMenu>
        <mapHotspot available="false" />
        <input allowed="false"/>
    </base>
	
	<!--startFillType="PLAYSAND"-->

    <fillUnit>
        <fillUnitConfigurations>
            <fillUnitConfiguration>
                <fillUnits removeVehicleIfEmpty="true">
                    <fillUnit unitTextOverride="$l10n_unit_literShort" fillTypes="PLAYSAND" capacity="4000" updateMass="true"  startFillLevel="4000">
                        <fillLevelAnimation name="animation" resetOnEmpty="true" />
                    </fillUnit>
                </fillUnits>
            </fillUnitConfiguration>
        </fillUnitConfigurations>
    </fillUnit>

    <dischargeable requiresTipOcclusionArea="false">
        <dischargeNode node="dischargeNode" emptySpeed="250" fillUnitIndex="1" maxDistance="6" canStartDischargeAutomatically="true" playSound="false"/>
    </dischargeable>
    

    <pallet fillUnitIndex="1" node="pallet_vis">
        <content>
            <object node="sandBag01"/>
            <object node="sandBag02"/>
            <object node="sandBag03"/>
            <object node="sandBag04"/>
            <object node="sandBag05"/>
            <object node="sandBag06"/>
            <object node="sandBag07"/>
            <object node="sandBag08"/>
            <object node="sandBag09"/>
			<object node="sandBag10"/>
            <object node="sandBag11"/>
            <object node="sandBag12"/>
            <object node="sandBag13"/>
            <object node="sandBag14"/>
            <object node="sandBag15"/>
            <object node="sandBag16"/>
            <object node="sandBag17"/>
            <object node="sandBag18"/>
			<object node="sandBag19"/>
			<object node="sandBag20"/>
			<object node="sandBag21"/>
            <object node="sandBag22"/>
            <object node="sandBag23"/>
            <object node="sandBag24"/>
            <object node="sandBag25"/>
            <object node="sandBag26"/>
            <object node="sandBag27"/>
            <object node="sandBag28"/>
            <object node="sandBag29"/>
			<object node="sandBag30"/>
            <object node="sandBag31"/>
            <object node="sandBag32"/>
            <object node="sandBag33"/>
            <object node="sandBag34"/>
            <object node="sandBag35"/>
            <object node="sandBag36"/>
            <object node="sandBag37"/>
            <object node="sandBag38"/>
			<object node="sandBag39"/>
			<object node="sandBag40"/>
			<object node="sandBag41"/>
            <object node="sandBag42"/>
            <object node="sandBag43"/>
            <object node="sandBag44"/>
            <object node="sandBag45"/>
            <object node="sandBag46"/>
            <object node="sandBag47"/>
            <object node="sandBag48"/>
            <object node="sandBag49"/>
			<object node="sandBag50"/>
            <object node="sandBag51"/>
            <object node="sandBag52"/>
            <object node="sandBag53"/>
            <object node="sandBag54"/>
            <object node="sandBag55"/>
            <object node="sandBag56"/>
			
        </content>

        <sounds>
            <unload template="palletsFillPaper" pitchScale="0.9" />
        </sounds>
    </pallet>

    <dynamicMount triggerNode="dynamicMountTrigger" triggerForceAcceleration="4" additionalMountDistance="0.7" jointTransY="0.11" jointLimitToRotY="true"/>

    <i3dMappings>
        <i3dMapping id="sandBoxPallet_component1" node="0>" />
        <i3dMapping id="pallet_vis" node="0>0" />
        <i3dMapping id="dynamicMountTrigger" node="0>0|0" />
        <i3dMapping id="dischargeNode" node="0>0|1" />
        <i3dMapping id="sandBag01" node="0>0|2|0" />
        <i3dMapping id="sandBag02" node="0>0|2|1" />
        <i3dMapping id="sandBag03" node="0>0|2|2" />
        <i3dMapping id="sandBag04" node="0>0|2|3" />
        <i3dMapping id="sandBag05" node="0>0|2|4" />
        <i3dMapping id="sandBag06" node="0>0|2|5" />
        <i3dMapping id="sandBag07" node="0>0|2|6" />
        <i3dMapping id="sandBag08" node="0>0|2|7" />
        <i3dMapping id="sandBag09" node="0>0|2|8" />
		<i3dMapping id="sandBag10" node="0>0|2|9" />
        <i3dMapping id="sandBag11" node="0>0|2|10" />
        <i3dMapping id="sandBag12" node="0>0|2|11" />
        <i3dMapping id="sandBag13" node="0>0|2|12" />
        <i3dMapping id="sandBag14" node="0>0|2|13" />
        <i3dMapping id="sandBag15" node="0>0|2|14" />
        <i3dMapping id="sandBag16" node="0>0|2|15" />
        <i3dMapping id="sandBag17" node="0>0|2|16" />
        <i3dMapping id="sandBag18" node="0>0|2|17" />
		<i3dMapping id="sandBag19" node="0>0|2|18" />
        <i3dMapping id="sandBag20" node="0>0|2|19" />
		<i3dMapping id="sandBag21" node="0>0|2|20" />
        <i3dMapping id="sandBag22" node="0>0|2|21" />
        <i3dMapping id="sandBag23" node="0>0|2|22" />
        <i3dMapping id="sandBag24" node="0>0|2|23" />
        <i3dMapping id="sandBag25" node="0>0|2|24" />
        <i3dMapping id="sandBag26" node="0>0|2|25" />
        <i3dMapping id="sandBag27" node="0>0|2|26" />
        <i3dMapping id="sandBag28" node="0>0|2|27" />
        <i3dMapping id="sandBag29" node="0>0|2|28" />
		<i3dMapping id="sandBag30" node="0>0|2|29" />
        <i3dMapping id="sandBag31" node="0>0|2|30" />
        <i3dMapping id="sandBag32" node="0>0|2|31" />
        <i3dMapping id="sandBag33" node="0>0|2|32" />
        <i3dMapping id="sandBag34" node="0>0|2|33" />
        <i3dMapping id="sandBag35" node="0>0|2|34" />
        <i3dMapping id="sandBag36" node="0>0|2|35" />
        <i3dMapping id="sandBag37" node="0>0|2|36" />
        <i3dMapping id="sandBag38" node="0>0|2|37" />
		<i3dMapping id="sandBag39" node="0>0|2|38" />
        <i3dMapping id="sandBag40" node="0>0|2|39" />
		<i3dMapping id="sandBag41" node="0>0|2|40" />
        <i3dMapping id="sandBag42" node="0>0|2|41" />
        <i3dMapping id="sandBag43" node="0>0|2|42" />
        <i3dMapping id="sandBag44" node="0>0|2|43" />
        <i3dMapping id="sandBag45" node="0>0|2|44" />
        <i3dMapping id="sandBag46" node="0>0|2|45" />
        <i3dMapping id="sandBag47" node="0>0|2|46" />
        <i3dMapping id="sandBag48" node="0>0|2|47" />
        <i3dMapping id="sandBag49" node="0>0|2|48" />
		<i3dMapping id="sandBag50" node="0>0|2|49" />
        <i3dMapping id="sandBag51" node="0>0|2|50" />
        <i3dMapping id="sandBag52" node="0>0|2|51" />
        <i3dMapping id="sandBag53" node="0>0|2|52" />
        <i3dMapping id="sandBag54" node="0>0|2|53" />
        <i3dMapping id="sandBag55" node="0>0|2|54" />
        <i3dMapping id="sandBag56" node="0>0|2|55" />
    </i3dMappings>
</vehicle>
