<?xml version="1.0" encoding="utf-8" standalone="no" ?>
<vehicle type="pallet" xmlns:xsi="http://www.w3.org/2001/XMLSchema-instance" xsi:noNamespaceSchemaLocation="../../../../shared/xml/schema/vehicle.xsd">
    <annotation>Copyright (C) GIANTS Software GmbH, All Rights Reserved.</annotation>

    <storeData>
        <name>$l10n_storeItem_stonePallet</name>
        <specs>
            <weight ignore="true"/>
        </specs>
        <storePacks>
            <storePack>STARTER_FORAGE</storePack>
        </storePacks>
        <image>pallets/store_stoneFillablePallet.png</image>
        <category>pallets</category>
        <brand>LIZARD</brand>
        <showInStore>true</showInStore>
        <canBeSold>false</canBeSold>
        <price>1000</price>
        <financeCategory>OTHER</financeCategory>
        <vertexBufferMemoryUsage>43264</vertexBufferMemoryUsage>
        <indexBufferMemoryUsage>6144</indexBufferMemoryUsage>
        <textureMemoryUsage>1245184</textureMemoryUsage>
        <instanceVertexBufferMemoryUsage>0</instanceVertexBufferMemoryUsage>
        <instanceIndexBufferMemoryUsage>0</instanceIndexBufferMemoryUsage>
        <audioMemoryUsage>0</audioMemoryUsage>
    </storeData>

    <base>
        <typeDesc>$l10n_typeDesc_pallet</typeDesc>
        <filename>pallets/stoneFillablePallet.i3d</filename>
        <size width="1.4" length="1" height="0.9" />
        <canBeReset>false</canBeReset>
        <components>
            <component centerOfMass="0 0.1 0" solverIterationCount="10" mass="280"/>
        </components>
        <showInVehicleMenu>false</showInVehicleMenu>
        <mapHotspot available="false" />
        <input allowed="false"/>
    </base>

    <fillUnit>
        <fillUnitConfigurations>
            <fillUnitConfiguration>
                <fillUnits removeVehicleIfEmpty="true">
                    <fillUnit unitTextOverride="$l10n_unit_literShort" fillTypes="STONE" capacity="1000" updateMass="true" startFillType="STONE" startFillLevel="1000">
                        <exactFillRootNode node="exactFillRootNode" />
                    </fillUnit>
                </fillUnits>
            </fillUnitConfiguration>
        </fillUnitConfigurations>
    </fillUnit>

    <fillVolume>
        <fillVolumeConfigurations>
            <fillVolumeConfiguration>
                <volumes>
                    <volume node="fillVolume" maxAllowedHeapAngle="10" fillUnitIndex="1" />
                </volumes>
            </fillVolumeConfiguration>
        </fillVolumeConfigurations>
    </fillVolume>

    <dischargeable requiresTipOcclusionArea="false">
        <dischargeNode node="dischargeNode" emptySpeed="250" fillUnitIndex="1" maxDistance="6" canStartDischargeAutomatically="true" />
    </dischargeable>

    <dynamicMount triggerNode="dynamicMountTrigger" triggerForceAcceleration="4" additionalMountDistance="0.785" jointTransY="0.106" jointLimitToRotY="true"/>

    <tensionBeltObject>
        <meshNodes>
            <meshNode node="pallet_vis"/>
            <meshNode node="fillablePallet_vis"/>
        </meshNodes>
    </tensionBeltObject>

    <i3dMappings>
        <i3dMapping id="fillablePallet_main_component1" node="0>" />
        <i3dMapping id="pallet_vis" node="0>0" />
        <i3dMapping id="dynamicMountTrigger" node="0>0|0" />
        <i3dMapping id="dischargeNode" node="0>0|1" />
        <i3dMapping id="exactFillRootNode" node="0>0|2|0" />
        <i3dMapping id="fillTrigger" node="0>0|2|1" />
        <i3dMapping id="fillVolume" node="0>0|2|2" />
        <i3dMapping id="fillablePallet_vis" node="0>0|3" />
    </i3dMappings>
</vehicle>
