<?xml version="1.0" encoding="utf-8" standalone="no" ?>
<wheel xmlns:xsi="http://www.w3.org/2001/XMLSchema-instance" xsi:noNamespaceSchemaLocation="../../../../../../shared/xml/schema/wheel.xsd">
    <brand>CONTINENTAL</brand>
    <name>Conti CrossTrac HD3</name>
    <default>
        <physics radius="0.54" width="0.315" mass="0.089" tireType="offRoad" frictionScale="1.60" maxLongStiffness="8" maxLatStiffness="100" maxLatStiffnessLoad="2" />
        <tire filename="$data/shared/wheels/tires/continental/contiCrossTracHD3/R22_5_contiCrossTracHD3.i3d" nodeLeft="1|0" nodeRight="1|0" maxDeformation="0.02" sideDeformOffset="0.995" isCareWheel="false" tireTrackAtlasIndex="4" />
        <innerRim filename="wheels/Wheels.i3d" nodeLeft="1|0" nodeRight="1|1"/>
    </default>
    <configurations>
        <configuration id="dual" >
            <innerRim filename="-" />
        </configuration>
        <configuration id="dualConnector" >
            <innerRim nodeLeft="5|0" nodeRight="5|1" offset="-0.18" widthAndDiam="21.1 21.1" />
        </configuration>
    </configurations>
</wheel>
