﻿<?xml version="1.0" encoding="utf-8" standalone="no" ?>
<modDesc descVersion="67">
    <author>[LSMT]19BlueDragon83</author>
	<contributors>Achimobil</contributors>
    <version>1.0.0.0</version>
    <title>
	<en>Workshop Trigger</en>
	<de>Werkstatt-Trigger </de>
	</title>
    <description>
        <en>
            <![CDATA[A placeable workshop trigger that immediately repairs, washes and paints the vehicle to 100% when the trigger is passed over, so no more getting out of the car. 
The maintenance per day is so high because repair and painting in the trigger is free of charge.

Purchase price: 1000$
Maintenance per day: 4000$]]>
        </en>
        <de>
            <![CDATA[Ein platzierbarer Werkstatt-Trigger, der das Fahrzeug sofort zu 100 % repariert, wäscht und lackiert, wenn der Trigger überfahren wird, wodurch man nicht mehr aus dem Fahrzeug aussteigen muss.
Der Unterhalt pro Tag ist so hoch weil Reparatur und Lackierung im Trigger kostenlos ist.

Kaufpreis: 1000€
Unterhalt pro Tag: 4000€]]>
        </de>
    </description>

    <iconFilename>icon_workshop.dds</iconFilename>	
	<multiplayer supported="true" />
	
	<extraSourceFiles>
        <sourceFile filename="scripts/main.lua"/>
    </extraSourceFiles>
	
    <storeItems>
		<storeItem xmlFilename="workshop.xml"/>
    </storeItems>
	
	<placeableTypes>
        <type name="MyAutomaticCarWash" parent="simplePlaceable" filename="$dataS/scripts/placeables/Placeable.lua">
            <specialization name="workshop"/>
            <specialization name="AutomaticCarWash"/>
        </type>
    </placeableTypes>
	
</modDesc>


