<?xml version="1.0" encoding="utf-8" standalone="no" ?>
<vehicle type="baseAttachable" xmlns:xsi="http://www.w3.org/2001/XMLSchema-instance" xsi:noNamespaceSchemaLocation="https://validation.gdn.giants-software.com/xml/schema/vehicle.xsd">
    <annotation>Copyright (C) DD ModPassion, All Rights Reserved.</annotation>
    <parentFile xmlFilename="xmlFilename/skidSteer/bennaGrigliaVerticale.xml">
        <attributes>
            <set path="vehicle.storeData.specs.combination(0)#filterCategory" value="teleLoaderVehicles"/>
            <set path="vehicle.storeData.image" value="image/store_bennaGrigliaVerticale_teleLoaders.png"/>
            <set path="vehicle.storeData.category" value="teleLoaderTools"/>
            <remove path="vehicle.configurationSets.configurationSet(11)"/>
            <remove path="vehicle.configurationSets.configurationSet(10)"/>
            <remove path="vehicle.configurationSets.configurationSet(9)"/>
            <remove path="vehicle.configurationSets.configurationSet(8)"/>
            <remove path="vehicle.configurationSets.configurationSet(7)"/>
            <remove path="vehicle.configurationSets.configurationSet(6)"/>
            <remove path="vehicle.cylindered.movingTools.movingTool(0).controls"/>
            <remove path="vehicle.cylindered.movingParts"/>
            <remove path="vehicle.dischargeable.dischargeNode.movingToolActivation"/>
            <remove path="vehicle.shovel.shovelNode.movingToolActivation"/>
            <set path="vehicle.configurationSets.configurationSet(2)#isDefault" value="true"/>
         </attributes>
    </parentFile>
    <storeData>
        <name>$l10n_name_bennaGrigliaVerticale</name>
        <image>image/store_bennaGrigliaVerticale_teleLoaders.png</image>
        <brand>CSZ</brand>
        <category>teleLoaderTools</category>
        <vertexBufferMemoryUsage>0</vertexBufferMemoryUsage>
        <indexBufferMemoryUsage>0</indexBufferMemoryUsage>
        <textureMemoryUsage>0</textureMemoryUsage>
        <audioMemoryUsage>0</audioMemoryUsage>
        <instanceVertexBufferMemoryUsage>0</instanceVertexBufferMemoryUsage>
        <instanceIndexBufferMemoryUsage>0</instanceIndexBufferMemoryUsage>
    </storeData>
    <wearable wearDuration="480" workMultiplier="5" fieldMultiplier="2"/>
    <washable dirtDuration="90" washDuration="1" workMultiplier="6" fieldMultiplier="2"/>
</vehicle>
