﻿<?xml version="1.0" encoding="utf-8" standalone="no" ?>
<vehicle type="dynamicMountAttacherTrailer" xmlns:xsi="http://www.w3.org/2001/XMLSchema-instance" xsi:noNamespaceSchemaLocation="https://validation.gdn.giants-software.com/xml/schema/vehicle.xsd">
    <annotation>Copyright (C) DD ModPassion, All Rights Reserved.</annotation>
    <storeData>
        <name>$l10n_name_palaTronchi</name>
        <specs>
            <combination filterCategory="teleLoaderVehicles"/>
        </specs>
        <functions>
            <function>$l10n_function_frontloaderLogFork</function>
        </functions>
        <storePacks>
            <storePack>STARTER_WOOD</storePack>
        </storePacks>
        <image>image/store_palaTronchi_teleLoaders.png</image>
        <price>1400</price>
        <lifetime>600</lifetime>
        <rotation>0</rotation>
        <brand>CSZ</brand>
        <category>teleLoaderTools</category>
        <shopDynamicTitle>true</shopDynamicTitle>
        <shopTranslationOffset>0 0.1 0</shopTranslationOffset>
        <shopLoadingDelay initial="0.4"/>
        <vertexBufferMemoryUsage>181504</vertexBufferMemoryUsage>
        <indexBufferMemoryUsage>29696</indexBufferMemoryUsage>
        <textureMemoryUsage>458752</textureMemoryUsage>
        <audioMemoryUsage>0</audioMemoryUsage>
        <instanceVertexBufferMemoryUsage>0</instanceVertexBufferMemoryUsage>
        <instanceIndexBufferMemoryUsage>0</instanceIndexBufferMemoryUsage>
    </storeData>
    <base>
        <typeDesc>$l10n_typeDesc_palaTronchi</typeDesc>
        <filename>filename/palaTronchi.i3d</filename>
        <size width="3" length="3"/>
        <components>
            <component centerOfMass="0 0 0" solverIterationCount="10" mass="400"/>
        </components>
        <schemaOverlay attacherJointPosition="0 0" name="IMPLEMENT"/>
        <mapHotspot type="TOOL"/>
    </base>
    <attachable>
        <inputAttacherJointConfigurations>
            <inputAttacherJointConfiguration name="$l10n_configuration_inputAttacherTeleLoaders" vehicleBrand="CSZ_teleLoaders" vehicleIcon="image/store_palaTronchi_teleLoaders.png">
                <inputAttacherJoint node="0>3|0" jointType="telehandler"/>
                <objectChange node="0>" massActive="400"/>
                <objectChange node="0>3" scaleActive="1 1 1" visibilityActive="true" scaleInactive="0 0 0" visibilityInactive="false"/>
                <objectChange node="0>3|2|0" compoundChildActive="true" compoundChildInactive="false"/>
                <objectChange node="0>3|2|1" compoundChildActive="true" compoundChildInactive="false"/>
                <objectChange node="0>3|2|2" compoundChildActive="true" compoundChildInactive="false"/>
                <objectChange node="0>5" scaleActive="1 1 1"/>
            </inputAttacherJointConfiguration>
            <inputAttacherJointConfiguration name="$l10n_configuration_inputAttacherWheelLoader" vehicleBrand="CSZ_wheelLoaders" vehicleIcon="image/store_palaTronchi_wheelLoaders.png" price="250">
                <inputAttacherJoint node="0>4|0" jointType="wheelLoader"/>
                <objectChange node="0>" massActive="500"/>
                <objectChange node="0>4" scaleActive="1 1 1" visibilityActive="true" scaleInactive="0 0 0" visibilityInactive="false"/>
                <objectChange node="0>4|2|0" compoundChildActive="true" compoundChildInactive="false"/>
                <objectChange node="0>4|2|1" compoundChildActive="true" compoundChildInactive="false"/>
                <objectChange node="0>4|2|2" compoundChildActive="true" compoundChildInactive="false"/>
                <objectChange node="0>5" scaleActive="1.2 1.2 1.2"/>
            </inputAttacherJointConfiguration>
        </inputAttacherJointConfigurations>
        <inputAttacherJoints>
            <inputAttacherJoint node="0>0" jointType="loaderFork"/>
        </inputAttacherJoints>
        <toolCameras>
            <toolCamera node="0>0|2|1|0" rotatable="true" rotateNode="0>0|2|1" limit="true" useWorldXZRotation="true" rotMinX="-1.4" rotMaxX="1" transMin="1.5" transMax="18" translation="0 0 5.5" rotation="-17.5 180 0">
                <raycastNode node="0>0|2|1"/>
                <raycastNode node="0>0|2|2"/>
                <raycastNode node="0>0|2|3"/>
            </toolCamera>
        </toolCameras>
    </attachable>
    <configurationSets title="$l10n_configuration_attacherJoint">
        <configurationSet name="$l10n_configuration_inputAttacherTeleLoaders">
            <configuration name="inputAttacherJoint" index="1"/>
        </configurationSet>
        <configurationSet name="$l10n_configuration_inputAttacherWheelLoader">
            <configuration name="inputAttacherJoint" index="2"/>
        </configurationSet>
    </configurationSets>
    <ai>
        <agentAttachment width="3" height="2.0" length="3" lengthOffset="0.1"/>
    </ai>
    <tensionBelts>
        <tensionBeltsConfigurations>
            <tensionBeltsConfiguration>
                <tensionBelts linkNode="0>" jointNode="0>" width="0.075" maxEdgeLength="0.1" geometryBias="0.01" ratchetPosition="0.2" defaultOffset="0.1" defaultOffsetSide="0.1" defaultHeight="4" activationTrigger="0>5|0|2">
                    <tensionBelt startNode="0>5|0|0" endNode="0>5|0|0|0" offsetLeft="0.95"/>
                    <tensionBelt startNode="0>5|0|1" endNode="0>5|0|1|0" offsetRight="0.8"/>
                    <sounds>
                        <addBelt template="beltOpen"/>
                        <removeBelt template="beltClose"/>
                    </sounds>
                </tensionBelts>
            </tensionBeltsConfiguration>
        </tensionBeltsConfigurations>
    </tensionBelts>
    <tensionBeltObject>
        <meshNodes>
            <meshNode node="0>3|1"/>
            <meshNode node="0>4|1"/>
            <meshNode node="0>5"/>
        </meshNodes>
    </tensionBeltObject>
    <foliageBending>
        <bendingNode minX="1" maxX="-1" minZ="1.5" maxZ="0" yOffset="0.02"/>
    </foliageBending>
    <baseMaterial>
        <material name="CSZ_pack_mat" baseNode="0>5">
            <shaderParameter name="colorMat0" material="16" value="1 0 0"/>
        </material>
    </baseMaterial>
    <wearable wearDuration="480" workMultiplier="5" fieldMultiplier="2"/>
    <washable dirtDuration="90" washDuration="1" workMultiplier="6" fieldMultiplier="2"/>
</vehicle>
