﻿<?xml version="1.0" encoding="utf-8" standalone="no" ?>
<vehicle type="leveler" xmlns:xsi="http://www.w3.org/2001/XMLSchema-instance" xsi:noNamespaceSchemaLocation="https://validation.gdn.giants-software.com/xml/schema/vehicle.xsd">
    <annotation>Copyright (C) DD ModPassion, All Rights Reserved.</annotation>
    <storeData>
        <name>$l10n_name_spintoreAlleggerito</name>
        <specs>
            <combination filterCategory="teleLoaderVehicles"/>
            <workingWidth>2.20</workingWidth>
        </specs>
        <functions>
            <function>$l10n_function_leveler</function>
        </functions>
        <storePacks>
            <storePack>STARTER_CHAFF</storePack>
            <storePack>STARTER_SNOW</storePack>
        </storePacks>
        <image>image/store_spintoreAlleggerito_teleLoaders.png</image>
        <price>5400</price>
        <lifetime>600</lifetime>
        <rotation>0</rotation>
        <brand>CSZ</brand>
        <category>teleLoaderTools</category>
        <shopDynamicTitle>true</shopDynamicTitle>
        <shopTranslationOffset>0 0.1 0</shopTranslationOffset>
        <shopLoadingDelay initial="0.4"/>
        <vertexBufferMemoryUsage>193280</vertexBufferMemoryUsage>
        <indexBufferMemoryUsage>34048</indexBufferMemoryUsage>
        <textureMemoryUsage>458752</textureMemoryUsage>
        <audioMemoryUsage>0</audioMemoryUsage>
        <instanceVertexBufferMemoryUsage>0</instanceVertexBufferMemoryUsage>
        <instanceIndexBufferMemoryUsage>0</instanceIndexBufferMemoryUsage>
    </storeData>
    <base>
        <typeDesc>$l10n_typeDesc_spintoreAlleggerito</typeDesc>
        <filename>filename/spintoreAlleggerito.i3d</filename>
        <size width="3" length="6"/>
        <components>
            <component centerOfMass="0 0 0" solverIterationCount="10" mass="800"/>
        </components>
        <schemaOverlay attacherJointPosition="0 0" name="IMPLEMENT"/>
        <mapHotspot type="TOOL"/>
    </base>
    <attachable>
        <inputAttacherJointConfigurations>
            <inputAttacherJointConfiguration name="$l10n_configuration_inputAttacherTeleLoaders" vehicleBrand="CSZ_teleLoaders" vehicleIcon="image/store_spintoreAlleggerito_teleLoaders.png">
                <inputAttacherJoint node="0>3|0" jointType="telehandler"/>
                <objectChange node="0>1" scaleActive="0 0 0" visibilityActive="false"/>
                <objectChange node="0>2" scaleActive="0 0 0" visibilityActive="false"/>
                <objectChange node="0>3" scaleActive="1 1 1" visibilityActive="true"/>
                <objectChange node="0>4" scaleActive="0 0 0" visibilityActive="false"/>
            </inputAttacherJointConfiguration>
        </inputAttacherJointConfigurations>
        <inputAttacherJoints>
            <inputAttacherJoint node="0>0" jointType="loaderFork"/>
            <inputAttacherJoint node="0>0|0" jointType="hookLift"/>
            <inputAttacherJoint node="0>0|1" jointType="hookLift"/>
            <inputAttacherJoint node="0>0|3" jointType="hookLift"/>
            <inputAttacherJoint node="0>0|4" jointType="hookLift"/>
        </inputAttacherJoints>
        <toolCameras>
            <toolCamera node="0>0|2|1|0" rotatable="true" rotateNode="0>0|2|1" limit="true" useWorldXZRotation="true" rotMinX="-1.4" rotMaxX="1" transMin="1.5" transMax="18" translation="0 0 5.5" rotation="-17.5 180 0">
                <raycastNode node="0>0|2|1"/>
                <raycastNode node="0>0|2|2"/>
                <raycastNode node="0>0|2|3"/>
            </toolCamera>
        </toolCameras>
    </attachable>
    <fillUnit>
        <fillUnitConfigurations>
            <fillUnitConfiguration>
                <fillUnits>
                    <fillUnit shopDisplayUnit="CUBICMETER" fillTypeCategories="bulk windrow" capacity="10000" showInShop="false"/>
                </fillUnits>
            </fillUnitConfiguration>
        </fillUnitConfigurations>
    </fillUnit>
    <leveler fillUnitIndex="1" maxFillLevelPerMS="25" ignoreFarmlandState="true">
        <levelerNode node="0>6|0" width="2.2" zOffset="0" minDropWidth="2.0" maxDropWidth="2.4" minDropDirOffset="1" maxDropDirOffset="2"/>
        <force node="0>" maxForce="30" direction="1"/>
        <pickUpDirection>1</pickUpDirection>
        <effects>
            <effectNode effectNode="0>6|1|0" effectClass="LevelerEffect" materialType="leveler" fadeTime="0.5" speed="-1" maxHeight="1.167"/>
        </effects>
    </leveler>
    <tensionBeltObject>
        <meshNodes>
            <meshNode node="0>5"/>
        </meshNodes>
    </tensionBeltObject>
    <ai>
        <agentAttachment width="3" height="2.0" length="6" lengthOffset="0.1"/>
    </ai>
    <foliageBending>
        <bendingNode minX="0" maxX="0" minZ="0" maxZ="0" yOffset="0.02"/>
    </foliageBending>
    <baseMaterial>
        <material name="CSZ_pack_mat" baseNode="0>5">
            <shaderParameter name="colorMat0" material="16" value="1 0 0"/>
        </material>
    </baseMaterial>
    <wearable wearDuration="480" workMultiplier="5" fieldMultiplier="2"/>
    <washable dirtDuration="90" washDuration="1" workMultiplier="6" fieldMultiplier="2"/>
</vehicle>
