﻿<?xml version="1.0" encoding="utf-8" standalone="no"?>
<modDesc descVersion="79">
    <author>Ackerdesigner</author>
    <version>1.1.0.0</version>
	
    <title>
		<en>Lime Production</en>
		<de>Kalkproduktion</de>
    </title>

    <description>
<en>
<![CDATA[lime production
Category: Production - Factories
Price: 55.500$
Incoming materials: stones
Outgoing Materials: lime
Capacity Stone: 300.000 liters
Capacity Lime: 600.000 liters

Changelog 1.1.0.0
- Revamp script has been removed.
]]>
</en>
<de>
<![CDATA[Kalk Herstellung
Kategorie: Produktion - Fabriken
Preis: 55.500 €
Ankommende Materialien: Steine
Ausgehende Materialien: Kalk
Fassungsvermögen Steine: 300.000 Liter
Fassungsvermögen Kalk: 600.000 Liter

Changelog 1.1.0.0
- Revamp script wurde entfernt.
]]>
</de>
    </description>
	
    <multiplayer supported="true" />
	
    <iconFilename>icon_Lime.png</iconFilename> 
	
    <storeItems>
		<storeItem xmlFilename="Lime.xml"/>
	</storeItems>
	
</modDesc>
