﻿<?xml version="1.0" encoding="utf-8" standalone="no" ?>
<modDesc descVersion="63">
    <author>Didek96</author>
    <version>1.0.0.0</version>
    <title>
        <en>Silo Pack</en>
		<de>Silopaket</de>
    </title>
    <description>
        <en>
            <![CDATA[
10m x 25m:
Price: 20.000$
Daily Upkeep: 22$

12m x 25m:
Price: 25.000$
Daily Upkeep: 25$
]]>
        </en>
        <de>
            <![CDATA[
10m x 25m:
Preis: 20.000$
Unterhalt: 22$

12m x 25m:
Preis: 25.000$
Unterhalt: 25$
]]>
        </de>
    </description>
    <iconFilename>icon_siloPack.dds</iconFilename>
    <multiplayer supported="true" />
	    
    <storeItems>
        <storeItem xmlFilename="bunkerSilo_1.xml"/> 
		<storeItem xmlFilename="bunkerSilo_2.xml"/> 
    </storeItems>
</modDesc>
