<?xml version='1.0' encoding='utf-8'?>
<placeable type="buyingStation" xmlns:xsi="http://www.w3.org/2001/XMLSchema-instance" xsi:noNamespaceSchemaLocation="../../../../../shared/xml/schema/placeable.xsd">
  <storeData>
    <name>$l10n_name_germanWaterHydrant01</name>
    <functions>
        <function>$l10n_function_waterTower</function>
    </functions>
    <image>icons/store_germanWaterHydrant01.dds</image>
    <price>1250</price>
    <lifetime>1000</lifetime>
    <dailyUpkeep>0</dailyUpkeep>
    <rotation>0</rotation>
    <canBeSold>true</canBeSold>
    <brand>NONE</brand>
    <species>placeable</species>
    <category>waterTanks</category>
    <brush>
      <type>placeable</type>
      <category>buildings</category>
      <tab>containers</tab>
  </brush>
        <vertexBufferMemoryUsage>84736</vertexBufferMemoryUsage>
        <indexBufferMemoryUsage>15616</indexBufferMemoryUsage>
        <textureMemoryUsage>720896</textureMemoryUsage>
        <audioMemoryUsage>0</audioMemoryUsage>
        <instanceVertexBufferMemoryUsage>0</instanceVertexBufferMemoryUsage>
        <instanceIndexBufferMemoryUsage>0</instanceIndexBufferMemoryUsage>
  </storeData>
  <base>
    <filename>germanWaterHydrant01.i3d</filename>
  </base>
  <placement useRandomYRotation="false" useManualYRotation="true">
    <testAreas>
      <testArea startNode="testArea1Start" endNode="testArea1End"/>
    </testAreas>
  </placement>
  <clearAreas/>
  <leveling/>
  <indoorAreas/>
  <hotspots>
    <hotspot type="LOADING" linkNode="fillTrigger" />
  </hotspots>
  <buyingStation node="fillTrigger" supportsExtension="false" >
    <loadTrigger triggerNode="fillTrigger" aiNode="aiNode" fillTypes="WATER" fillLitersPerSecond="1500" autoStart="true" />
    <fillType name="water" priceScale="0" />
  </buyingStation>
  <tipOcclusionUpdateAreas>
    <tipOcclusionUpdateArea startNode="tipOcclusionUpdateArea1Start" endNode="tipOcclusionUpdateArea1End" />
  </tipOcclusionUpdateAreas>
  <ai>
    <updateAreas>
      <updateArea startNode="testArea1Start" endNode="testArea1End"/>
    </updateAreas>
  </ai>
    <i3dMappings>
        <i3dMapping id="ai" node="0>0" />
        <i3dMapping id="aiNode" node="0>0|0" />
        <i3dMapping id="gameplay" node="0>2" />
        <i3dMapping id="fillTrigger" node="0>2|0" />
        <i3dMapping id="loadingMarker" node="0>2|1" />
        <i3dMapping id="testArea1Start" node="0>3|0" />
        <i3dMapping id="testArea1End" node="0>3|0|0" />
        <i3dMapping id="tipOcclusionUpdateArea1Start" node="0>4|0" />
        <i3dMapping id="tipOcclusionUpdateArea1End" node="0>4|0|0" />
    </i3dMappings>
</placeable>