<?xml version="1.0" encoding="utf-8" standalone="no" ?>
<modDesc descVersion="79">
    <author>Redphoenix</author>
    <version>1.0.0.0</version>
    <title>
        <en>German Water Hydrant</en>
        <de>Deutscher Wasserhydrant</de>
    </title>
    <description>
        <en>
            <![CDATA[Water hydrant, build after german specifications.
Price: 1250 $
No daily Upkeep.


]]>
        </en>
        <de>
            <![CDATA[Ein Wasserhydrant, nach deutschen Spezifikationen gebaut. 
Preis: 1250 €
Keine täglichen Kosten.


]]>
        </de>
    </description>
    <iconFilename>icons/icon_germanWaterHydrant01.dds</iconFilename>
    <multiplayer supported="true" />

    <storeItems>
        <storeItem xmlFilename="germanWaterHydrant01.xml"/>
    </storeItems>

    <l10n>
        <text name="name_germanWaterHydrant01">
            <en>German Water Hydrant</en>
            <de>Deutscher Wasserhydrant</de>
        </text>
	</l10n>
</modDesc>
