﻿<?xml version="1.0" encoding="utf-8" standalone="no" ?>
<modDesc descVersion="64">
    <author>BlackSheep Modding</author>
    <version>1.0.0.0</version>
    <title>
        <en>Damcon PL-10</en>
    </title>
    <description>
<en><![CDATA[This machine is ideal for planting young trees.
PL-10 price: 7,500 €
Price Palette of Young Trees Damcon: 1500 € for 50 trees
Capacity for PL-10: 1 pallet
Max. working speed: 10 kph
Required power: 60 hp
 ]]></en>
<de><![CDATA[Diese Maschine ist ideal dazu geeignet um junge Bäume zu pflanzen.
PL-10 Preis: 7500€
Preis einer Paletten mit Setzlingen: 1500€ für 50 Bäume
Kapazität vom PL-10: 1 Palette
Maximale Arbeitsgeschwindigkeit: 10 km/h
Benötigte Leistung: 60 PS
]]></de>
<fr><![CDATA[Cette machine est idéale pour planter des jeunes arbres.
Prix PL-10: 7500€
Prix Palette de Jeunes arbres Damcon: 1500€ pour 50 arbres
Capaciter pour le PL-10: 1 palette
vitesse de travail max.: 10 km/h
Puissance requise: 60 hp
 ]]></fr>
    </description> 
    <iconFilename>icon_Damcon_PL_10.dds</iconFilename>
    <multiplayer supported="true" />

    <storeItems>
        <storeItem xmlFilename="PL10.xml"/>	
        <storeItem xmlFilename="treeSaplingPallet.xml"/>			
    </storeItems>
		<jointTypes>
        <jointType name="AttacherPL10"/> 		
    </jointTypes>	
</modDesc>




