﻿<?xml version="1.0" encoding="utf-8" standalone="no" ?>
<vehicle type="treePlanter">
    <annotation>Copyright (C) GIANTS Software GmbH, All Rights Reserved.</annotation>
    <storeData>
        <name>PL-10</name>
        <specs>
            <workingWidth>1</workingWidth>
            <combination filterCategory="weights" filterSpec="weight" filterSpecMin="1100" filterSpecMax="1200"/>
            <capacity unitTextOverride="$l10n_unit_pieces">1</capacity>
            <fillTypes>TREESAPLINGS POPLAR</fillTypes>
        </specs>
        <functions>
            <function>$l10n_function_forestryPlanter</function>
        </functions>
        <storePacks>
            <storePack>STARTER_POPLAR</storePack>
        </storePacks>		
        <image>store_PL10.png</image>
        <price>7500</price>
        <lifetime>600</lifetime>
        <rotation>0</rotation>
        <brand>DAMCON</brand>
        <category>wood</category>
        <vertexBufferMemoryUsage>616704</vertexBufferMemoryUsage>
        <indexBufferMemoryUsage>101376</indexBufferMemoryUsage>
        <textureMemoryUsage>1703936</textureMemoryUsage>
        <audioMemoryUsage>0</audioMemoryUsage>
        <instanceVertexBufferMemoryUsage>0</instanceVertexBufferMemoryUsage>
        <instanceIndexBufferMemoryUsage>0</instanceIndexBufferMemoryUsage>
    </storeData>
    <base>
        <typeDesc>$l10n_typeDesc_treePlanter</typeDesc>
        <filename>PL10.i3d</filename>
        <size width="2.4" length="3.5"/>
        <speedLimit value="10"/>
        <components>
            <component centerOfMass="0 0.5 -0.5" solverIterationCount="10" mass="300"/>
        </components>
        <schemaOverlay attacherJointPosition="0 0" name="IMPLEMENT" />
    </base>

    <wheels>
        <wheelConfigurations>
            <wheelConfiguration name="$l10n_configuration_valueDefault" price="0">
                <wheels>
                    <wheel>
                        <physics restLoad="0.4" repr="wheelFrontLeft" forcePointRatio="0.23" initialCompression="25" radius="0.29" width="0.24" mass="0.02" suspTravel="0.1" spring="15" damper="10" rotationDamping="0.0005"/>
                    </wheel>
                    <wheel>
                        <physics restLoad="0.4" repr="wheelFrontRight" forcePointRatio="0.23" initialCompression="25" radius="0.29" width="0.24" mass="0.02" suspTravel="0.1" spring="15" damper="10" rotationDamping="0.0005"/>
                    </wheel>
                    <wheel>
                        <physics restLoad="0.3" repr="wheelBackRight" forcePointRatio="0.23" initialCompression="10" radius="0.29" width="0.24" mass="0.02" suspTravel="0.1" spring="28" damper="40" rotationDamping="0.0005"/>
                    </wheel>
                    <wheel>
                        <physics restLoad="0.3" repr="wheelBackLeft" forcePointRatio="0.23" initialCompression="10" radius="0.29" width="0.24" mass="0.02" suspTravel="0.1" spring="28" damper="40" rotationDamping="0.0005"/>
                    </wheel>
                </wheels>
            </wheelConfiguration>
        </wheelConfigurations>
    </wheels>		
    <speedRotatingParts>
        <speedRotatingPart node="speedRotatingPart01"        radius="0.29"  groundReferenceNodeIndex="1" />
        <speedRotatingPart node="speedRotatingPart02"        radius="0.29"  groundReferenceNodeIndex="1" />			
    </speedRotatingParts>	
    <attachable>
        <inputAttacherJoints>
            <inputAttacherJoint node="attacherJoint" jointType="implement" topReferenceNode="topReferenceNode" upperRotationOffset="6" lowerRotationOffset="0" allowsLowering="true">
                <distanceToGround lower="0.45" upper="1.15"/>
            </inputAttacherJoint>
        <inputAttacherJoint node="inputAttacherJoint02" jointType="AttacherPL10" fixedRotation="true" allowsJointLimitMovement="true" allowsLowering="false"/>			
        </inputAttacherJoints>
        <support animationName="moveSupport"/>
        <brakeForce force="0.05"/>
    </attachable>
    <lights>
    </lights>
    <powerTakeOffs>
    </powerTakeOffs>
    <groundReferenceNodes>
        <groundReferenceNode node="treeNode" threshold="0.1" depthNode="depthNode"/>
    </groundReferenceNodes>
    <workParticles>
        <particleAnimation>
            <node node="soil" refNodeIndex="1" materialType="SOIL" maxDepth="-0.01"/>
        </particleAnimation>
        <particle>
            <node node="soilEmitter" refNodeIndex="1" particleType="SOIL"/>
            <node node="smokeEmitter" refNodeIndex="1" particleType="SOIL_SMOKE"/>
        </particle>
		
    </workParticles>
    <animations>
        <animation name="moveSupport">
            <part node="wheelAxis" startTime="0" duration="0.6" startTrans="0 0.484 0" endTrans="0 0 0"/>
            <sound template="clackVar6"             startTime="0.01" direction="-1" volumeScale="1.2" pitchScale="0.8"/>
            <sound template="sheetImp02"            startTime="0.01" direction="-1" volumeScale="1.6" pitchScale="0.8"/>
            <sound template="clackVar6"             startTime="0.59" direction="1"  volumeScale="1.2" pitchScale="1"/>
            <sound template="clackVar4"             startTime="0.59" direction="1"  volumeScale="0.8" pitchScale="1.6"/>
 
        </animation>
        <animation name="turnedOnAnimation">
            <part node="turnedOnAnimation01" startTime="0" endTime="0.1" startTrans="-1.035 0.172 0.262" endTrans="0 0 0"/>
            <part node="turnedOnAnimation02" startTime="0" endTime="0.01" startScale="1 1 1" endScale="0 0 0"/>			
            <sound template="clackVar6"             startTime="0.01" direction="-1" volumeScale="1.2" pitchScale="0.8"/>
            <sound template="sheetImp02"            startTime="0.01" direction="-1" volumeScale="1.6" pitchScale="0.8"/>
            <sound template="clackVar6"             startTime="0.09" direction="1"  volumeScale="1.2" pitchScale="1"/>
            <sound template="clackVar4"             startTime="0.09" direction="1"  volumeScale="0.8" pitchScale="1.6"/>
 
        </animation>		
    </animations>	
    <cylindered>
        <movingTools>
            <movingTool node="wheelAxis" wheelIndices="1 2 3 4"/>
        </movingTools>
        <sounds>
            <hydraulic template="defaultHydraulicSound"/>
        </sounds>
    </cylindered>

    <fillUnit>
        <fillUnitConfigurations>
            <fillUnitConfiguration>
                <fillUnits>				
                    <fillUnit unitTextOverride="$l10n_unit_pieces" fillTypes="TREESAPLINGS POPLAR" capacity="0" updateMass="false" />
                </fillUnits>
            </fillUnitConfiguration>
        </fillUnitConfigurations>
    </fillUnit>	
    <treePlanter node="treeNode" minDistance="10" palletTrigger="palletTrigger" refNodeIndex="1" saplingPalletGrabNode="treeSaplingAttacher" saplingPalletMountNode="treeSaplingAttacher">
        <sounds>
            <work template="DEFAULT_PLOW_WORK" volumeScale="1.5" linkNode="PL10_main_component1" />
        </sounds>
    </treePlanter>	
	
    <ai>
        <areaMarkers leftNode="areaMarkerLeft" rightNode="areaMarkerRight" backNode="areaMarkerBack" />
        <sizeMarkers leftNode="sizeMarkerLeft" rightNode="sizeMarkerRight" backNode="sizeMarkerBack" />
        <collisionTrigger node="aiCollisionNode" width="2.4" height="2.3"/>
        <needsLowering value="true"/>
        <agentAttachment width="2" height="1.7" length="3" lengthOffset="0"/>
    </ai>	

	
    <turnOnVehicle turnOffIfNotAllowed="true">
        <turnedAnimation name="turnedOnAnimation" />
    </turnOnVehicle>
	
    <foliageBending>
        <bendingNode minX="-1.3" maxX="1.3" minZ="-2.2" maxZ="2.0" yOffset="0.7"/>
    </foliageBending>
	
    <baseMaterial>
        <material name="PL10_main_component1_mat" baseNode="damcon_vis">
            <shaderParameter name="colorMat0" value="DAMCON_YELLOW1"/>
            <shaderParameter name="colorMat1" value="DAMCON_RED1"/>
        </material>
    </baseMaterial>
	
    <wearable wearDuration="480" workMultiplier="5" fieldMultiplier="2"/>
    <washable dirtDuration="90" washDuration="1" workMultiplier="6" fieldMultiplier="2"/>
    <i3dMappings>
        <i3dMapping id="PL10_main_component1" node="0>"/>
        <i3dMapping id="attacherJoint" node="0>0|0"/>
        <i3dMapping id="ptoInputNode" node="0>0|1"/>
        <i3dMapping id="ptoDetachNode" node="0>0|2"/>
        <i3dMapping id="topReferenceNode" node="0>1"/>
        <i3dMapping id="damcon_vis" node="0>2"/>
        <i3dMapping id="rotor" node="0>2|0"/>
        <i3dMapping id="wheelAxis" node="0>2|1"/>
        <i3dMapping id="wheelFrontLeft" node="0>2|1|0|0"/>
        <i3dMapping id="wheelFrontRight" node="0>2|1|0|1"/>
        <i3dMapping id="wheelBackRight" node="0>2|1|1|0"/>
        <i3dMapping id="wheelBackLeft" node="0>2|1|2|0"/>
        <i3dMapping id="sideMarker01" node="0>2|2|0"/>
        <i3dMapping id="sideMarker02" node="0>2|2|1"/>
        <i3dMapping id="sideMarker03" node="0>2|2|2"/>
        <i3dMapping id="sideMarker04" node="0>2|2|3"/>
        <i3dMapping id="treeNode" node="0>2|3"/>
        <i3dMapping id="treeSaplingAttacher" node="0>2|0|0|0"/>
        <i3dMapping id="areaMarkerLeft" node="0>2|6|0|0"/>
        <i3dMapping id="areaMarkerRight" node="0>2|6|0|1"/>
        <i3dMapping id="areaMarkerBack" node="0>2|6|0|2"/>
        <i3dMapping id="sizeMarkerLeft" node="0>2|6|1|0"/>
        <i3dMapping id="sizeMarkerRight" node="0>2|6|1|1"/>
        <i3dMapping id="sizeMarkerBack" node="0>2|6|1|2"/>
        <i3dMapping id="aiCollisionNode" node="0>2|6|2"/>
        <i3dMapping id="soil" node="0>2|7|0|0"/>
        <i3dMapping id="soilEmitter" node="0>2|7|0|1"/>
        <i3dMapping id="smokeEmitter" node="0>2|7|0|2"/>
        <i3dMapping id="depthNode" node="0>2|7|1"/>
        <i3dMapping id="palletTrigger" node="0>2|0|0|1"/>
        <i3dMapping id="turnedOnAnimation01" node="0>2|0|0"/>	
        <i3dMapping id="turnedOnAnimation02" node="0>2|0|1"/>		
        <i3dMapping id="speedRotatingPart01" node="0>2|9|0"/>	
        <i3dMapping id="speedRotatingPart02" node="0>2|10|0"/>	
        <i3dMapping id="inputAttacherJoint02" node="0>0|3"/>		
    </i3dMappings>
</vehicle>
