<?xml version="1.0" encoding="utf-8" standalone="no" ?>
<vehicle type="treeSaplingPallet" xmlns:xsi="http://www.w3.org/2001/XMLSchema-instance" xsi:noNamespaceSchemaLocation="../../../../shared/xml/schema/vehicle.xsd">
    <annotation>Copyright (C) GIANTS Software GmbH, All Rights Reserved.</annotation>
    <storeData>
        <name>$l10n_fillType_treeSaplings</name>
        <functions>
            <function>$l10n_function_saplingPallet</function>
        </functions>
        <specs>
            <capacity unitTextOverride="$l10n_unit_pieces">50</capacity>
            <fillTypes>treeSaplings</fillTypes>
            <weight ignore="true"/>
        </specs>
        <image>store_treeSaplingPallet.png</image>
        <price>1500</price>
        <allowLeasing>false</allowLeasing>
        <canBeSold>false</canBeSold>
        <rotation>0</rotation>
        <brand>DAMCON</brand>
        <category>pallets</category>
        <financeCategory>PURCHASE_SAPLINGS</financeCategory>
        <shopHeight>2.5</shopHeight>
		
        <storeIconRendering>
            <settings cameraXRot="-15" cameraYRot="35" />
        </storeIconRendering>		
        <vertexBufferMemoryUsage>38400</vertexBufferMemoryUsage>
        <indexBufferMemoryUsage>4864</indexBufferMemoryUsage>
        <textureMemoryUsage>655360</textureMemoryUsage>
        <audioMemoryUsage>0</audioMemoryUsage>
        <instanceVertexBufferMemoryUsage>0</instanceVertexBufferMemoryUsage>
        <instanceIndexBufferMemoryUsage>0</instanceIndexBufferMemoryUsage>
    </storeData>

    <base>
        <filename>treeSaplingPallet.i3d</filename>
        <size width="2" length="2" lengthOffset="1" />
        <canBeReset>false</canBeReset>
        <supportsPickUp>true</supportsPickUp>		
        <input allowed="false"/>
        <showInVehicleMenu>false</showInVehicleMenu>
        <mapHotspot available="false" />		
        <components>
            <component centerOfMass="0 0.1 0" solverIterationCount="10" mass="280" />
        </components>
    </base>

    <treeSaplingPallet>
        <treeSaplingTypeConfigurations>
            <treeSaplingTypeConfiguration treeType="spruce1" name="$l10n_treeType_spruce"/>
            <treeSaplingTypeConfiguration treeType="pine" name="$l10n_treeType_pine"/>
            <treeSaplingTypeConfiguration treeType="stonePine" name="$l10n_treeType_stonePine"/>
            <treeSaplingTypeConfiguration treeType="birch" name="$l10n_treeType_birch"/>
            <treeSaplingTypeConfiguration treeType="oak" name="$l10n_treeType_oak"/>
            <treeSaplingTypeConfiguration treeType="willow1" name="$l10n_treeType_willow"/>
            <treeSaplingTypeConfiguration treeType="maple" name="$l10n_treeType_maple"/>
            <treeSaplingTypeConfiguration treeType="pagodaDogwood" name="$l10n_treeType_pagodaDogwood"/>
            <treeSaplingTypeConfiguration treeType="shagbarkHickory" name="$l10n_treeType_shagbarkHickory"/>
            <treeSaplingTypeConfiguration treeType="americanElm" name="$l10n_treeType_americanElm"/>
            <treeSaplingTypeConfiguration treeType="cypress" name="$l10n_treeType_cypress"/>
            <treeSaplingTypeConfiguration treeType="downyServiceberry" name="$l10n_treeType_downyServiceberry"/>
        </treeSaplingTypeConfigurations>

        <saplingNodes>
            <saplingNode node="sappling01"/>
            <saplingNode node="sappling01"/>
            <saplingNode node="sappling03"/>
            <saplingNode node="sappling04"/>
            <saplingNode node="sappling05"/>
            <saplingNode node="sappling06"/>
            <saplingNode node="sappling07"/>
            <saplingNode node="sappling08"/>
            <saplingNode node="sappling09"/>
            <saplingNode node="sappling10"/>
            <saplingNode node="sappling11"/>
            <saplingNode node="sappling12"/>
            <saplingNode node="sappling13"/>
            <saplingNode node="sappling14"/>
            <saplingNode node="sappling15"/>
            <saplingNode node="sappling16"/>
            <saplingNode node="sappling17"/>
            <saplingNode node="sappling18"/>
            <saplingNode node="sappling19"/>
            <saplingNode node="sappling20"/>
            <saplingNode node="sappling21"/>
            <saplingNode node="sappling22"/>
            <saplingNode node="sappling23"/>
            <saplingNode node="sappling24"/>
            <saplingNode node="sappling25"/>
            <saplingNode node="sappling26"/>
            <saplingNode node="sappling27"/>
            <saplingNode node="sappling28"/>
            <saplingNode node="sappling29"/>
            <saplingNode node="sappling30"/>
            <saplingNode node="sappling31"/>
            <saplingNode node="sappling32"/>
            <saplingNode node="sappling33"/>
            <saplingNode node="sappling34"/>
            <saplingNode node="sappling35"/>
            <saplingNode node="sappling36"/>
            <saplingNode node="sappling37"/>
            <saplingNode node="sappling38"/>
            <saplingNode node="sappling39"/>	
            <saplingNode node="sappling40"/>
            <saplingNode node="sappling41"/>
            <saplingNode node="sappling42"/>
            <saplingNode node="sappling43"/>
            <saplingNode node="sappling44"/>
            <saplingNode node="sappling45"/>
            <saplingNode node="sappling46"/>
            <saplingNode node="sappling47"/>
            <saplingNode node="sappling48"/>
            <saplingNode node="sappling49"/>	
            <saplingNode node="sappling50"/>				
        </saplingNodes>
    </treeSaplingPallet>

    <fillUnit>
        <fillUnitConfigurations>
            <fillUnitConfiguration>
                <fillUnits removeVehicleIfEmpty="true">
                    <fillUnit unitTextOverride="$l10n_unit_literShort" fillTypes="TREESAPLINGS" capacity="50" startFillType="TREESAPLINGS" startFillLevel="50" ignoreFillLimit="true">
                        <exactFillRootNode node="exactFillRootNode" />
                    </fillUnit>
                </fillUnits>
            </fillUnitConfiguration>
        </fillUnitConfigurations>
    </fillUnit>
    <dischargeable requiresTipOcclusionArea="false" />

    <dynamicMount triggerNode="palletAttacherTrigger" triggerForceAcceleration="6" jointTransY="0.11" jointLimitToRotY="true"/>

    <tensionBeltObject>
        <meshNodes>
            <meshNode node="treeSaplingPallet_vis"/>
        </meshNodes>
    </tensionBeltObject>

    <i3dMappings>
        <i3dMapping id="treeSaplingPallet_vis" node="0>0" />
        <i3dMapping id="palletAttacherTrigger" node="0>1" />
        <i3dMapping id="exactFillRootNode" node="0>2" />
        <i3dMapping id="sappling01" node="0>3|0" />
        <i3dMapping id="sappling02" node="0>3|1" />
        <i3dMapping id="sappling03" node="0>3|2" />
        <i3dMapping id="sappling04" node="0>3|3" />
        <i3dMapping id="sappling05" node="0>3|4" />
        <i3dMapping id="sappling06" node="0>3|5" />
        <i3dMapping id="sappling07" node="0>3|6" />
        <i3dMapping id="sappling08" node="0>3|7" />
        <i3dMapping id="sappling09" node="0>3|8" />
        <i3dMapping id="sappling10" node="0>3|9" />
        <i3dMapping id="sappling11" node="0>3|10" />
        <i3dMapping id="sappling12" node="0>3|11" />
        <i3dMapping id="sappling13" node="0>3|12" />
        <i3dMapping id="sappling14" node="0>3|13" />
        <i3dMapping id="sappling15" node="0>3|14" />
        <i3dMapping id="sappling16" node="0>3|15" />
        <i3dMapping id="sappling17" node="0>3|16" />
        <i3dMapping id="sappling18" node="0>3|17" />
        <i3dMapping id="sappling19" node="0>3|18" />
        <i3dMapping id="sappling20" node="0>3|19" />
        <i3dMapping id="sappling21" node="0>3|20" />
        <i3dMapping id="sappling22" node="0>3|21" />
        <i3dMapping id="sappling23" node="0>3|22" />
        <i3dMapping id="sappling24" node="0>3|23" />
        <i3dMapping id="sappling25" node="0>3|24" />
        <i3dMapping id="sappling26" node="0>3|25" />
        <i3dMapping id="sappling27" node="0>3|26" />
        <i3dMapping id="sappling28" node="0>3|27" />
        <i3dMapping id="sappling29" node="0>3|28" />
        <i3dMapping id="sappling30" node="0>3|29" />
        <i3dMapping id="sappling31" node="0>3|30" />
        <i3dMapping id="sappling32" node="0>3|31" />
        <i3dMapping id="sappling33" node="0>3|32" />
        <i3dMapping id="sappling34" node="0>3|33" />
        <i3dMapping id="sappling35" node="0>3|34" />
        <i3dMapping id="sappling36" node="0>3|35" />
        <i3dMapping id="sappling37" node="0>3|36" />
        <i3dMapping id="sappling38" node="0>3|37" />
        <i3dMapping id="sappling39" node="0>3|38" />
        <i3dMapping id="sappling40" node="0>3|39" />	
        <i3dMapping id="sappling41" node="0>3|40" />
        <i3dMapping id="sappling42" node="0>3|41" />
        <i3dMapping id="sappling43" node="0>3|42" />
        <i3dMapping id="sappling44" node="0>3|43" />
        <i3dMapping id="sappling45" node="0>3|44" />
        <i3dMapping id="sappling46" node="0>3|45" />
        <i3dMapping id="sappling47" node="0>3|46" />
        <i3dMapping id="sappling48" node="0>3|47" />
        <i3dMapping id="sappling49" node="0>3|48" />
        <i3dMapping id="sappling50" node="0>3|49" />			
    </i3dMappings>
</vehicle>
