<?xml version="1.0" encoding="UTF-8"?>
<missionVehicles>
    <annotation>Copyright (C) DD ModPassion, All Rights Reserved.</annotation>
    <mission type="mow_bale">
        <group fieldSize="small" variant="HAY">
            <vehicle filename="$data/vehicles/fendt/vario300/vario300.xml" > <!-- tractor -->
                <configuration name="motor" id="4" />
            </vehicle>
            <vehicle filename="$data/vehicles/seppKnusel/f240/f240.xml" /> <!-- mower -->
            <vehicle filename="$data/vehicles/kuhn/gmd4411/gmd4411.xml" /> <!-- mower -->
            <vehicle filename="$data/vehicles/poettinger/alpinHit44/alpinHit44.xml" /> <!-- tedder -->
            <vehicle filename="$data/vehicles/kuhn/ga4731/ga4731.xml" /> <!-- windrower -->
            <vehicle filename="$data/vehicles/poettinger/impress125FPro/impress125FPro.xml" /> <!-- baler -->
            <vehicle filename="xmlFilename/RAT200_baleLoaders_crossplay.xml" /> <!-- flatbed -->
        </group>
        <group fieldSize="small" variant="HAY">
            <vehicle filename="$data/vehicles/valtra/gSeries/gSeries.xml" > <!-- tractor -->
                <configuration name="motor" id="4" />
            </vehicle>
            <vehicle filename="$data/vehicles/seppKnusel/f240/f240.xml" /> <!-- mower -->
            <vehicle filename="$data/vehicles/kverneland/mower4140L/mower4140L.xml" /> <!-- mower -->
            <vehicle filename="$data/vehicles/kuhn/gf8712/gf8712.xml" /> <!-- tedder -->
            <vehicle filename="$data/vehicles/samasz/z2840/z2840.xml" /> <!-- windrower -->
            <vehicle filename="$data/vehicles/kuhn/vb3190/vb3190.xml" /> <!-- baler -->
            <vehicle filename="xmlFilename/RAT200_baleLoaders_crossplay.xml" /> <!-- flatbed -->
        </group>
        <group fieldSize="medium" variant="HAY">
            <vehicle filename="$data/vehicles/caseIH/magnumT4B/magnumT4B.xml" /> <!-- tractor -->
            <vehicle filename="$data/vehicles/poettinger/novacat301/novacat301.xml" /> <!-- mower -->
            <vehicle filename="$data/vehicles/poettinger/novacatA10CrossFlow/novacatA10CrossFlow.xml" /> <!-- mower -->
            <vehicle filename="$data/vehicles/vicon/fanex904/fanex904.xml" /> <!-- tedder -->
            <vehicle filename="$data/vehicles/krone/swadroTS970/swadroTS970.xml" /> <!-- windrower -->
            <vehicle filename="$data/vehicles/krone/bigPack1290HDPVC/bigPack1290HDPVC.xml" /> <!-- baler -->
            <vehicle filename="xmlFilename/RAT200_baleLoaders_crossplay.xml" /> <!-- flatbed -->
        </group>
        <group fieldSize="medium" variant="HAY">
            <vehicle filename="$data/vehicles/claas/xerion5000/xerion5000.xml" > <!-- tractor -->
                <configuration name="attacherJoint" id="8"/>
            </vehicle>
            <vehicle filename="$data/vehicles/kongskilde/gxf3605p/gxf3605p.xml" /> <!-- mower -->
            <vehicle filename="$data/vehicles/kongskilde/gxt13005P/gxt13005P.xml" /> <!-- mower -->
            <vehicle filename="$data/vehicles/vicon/fanex904/fanex904.xml" /> <!-- tedder -->
            <vehicle filename="$data/vehicles/krone/swadroTS970/swadroTS970.xml" /> <!-- windrower -->
            <vehicle filename="$data/vehicles/claas/quadrant5300/quadrant5300.xml" /> <!-- baler -->
            <vehicle filename="xmlFilename/RAT200_baleLoaders_crossplay.xml" /> <!-- flatbed -->
        </group>
        <group fieldSize="medium" variant="HAY">
            <vehicle filename="$data/vehicles/fendt/vario900/vario900.xml" /> <!-- tractor -->
            <vehicle filename="$data/vehicles/krone/bigM450/bigM450.xml" /> <!-- mower -->
            <vehicle filename="$data/vehicles/vicon/fanex904/fanex904.xml" /> <!-- tedder -->
            <vehicle filename="$data/vehicles/kuhn/mergeMaxx950/mergeMaxx950.xml" /> <!-- windrower -->
            <vehicle filename="$data/vehicles/caseIH/lb436HD/lb436HD.xml" /> <!-- baler -->
            <vehicle filename="xmlFilename/RAT200_baleLoaders_crossplay.xml" /> <!-- flatbed -->
        </group>
        <group fieldSize="large" variant="HAY">
           <vehicle filename="$data/vehicles/jcb/fastrac8330/fastrac8330.xml" /> <!-- tractor -->
            <vehicle filename="$data/vehicles/poettinger/novacat301/novacat301.xml" /> <!-- mower -->
            <vehicle filename="$data/vehicles/poettinger/novacatA10CrossFlow/novacatA10CrossFlow.xml" /> <!-- mower -->
            <vehicle filename="$data/vehicles/poettinger/hit1618T/hit1618T.xml" /> <!-- tedder -->
            <vehicle filename="$data/vehicles/kuhn/ga15131/ga15131.xml" /> <!-- windrower -->
            <vehicle filename="$data/vehicles/kuhn/sb1290ID/sb1290ID.xml" /> <!-- baler -->
            <vehicle filename="xmlFilename/RAT200_baleLoaders_crossplay.xml" /> <!-- flatbed -->
        </group>
        <group fieldSize="large" variant="HAY">
           <vehicle filename="$data/vehicles/claas/axion900/axion900.xml" /> <!-- tractor -->
            <vehicle filename="$data/vehicles/krone/bigM450/bigM450.xml" /> <!-- mower -->
            <vehicle filename="$data/vehicles/poettinger/hit1618T/hit1618T.xml" /> <!-- tedder -->
            <vehicle filename="$data/vehicles/kuhn/ga15131/ga15131.xml" /> <!-- windrower -->
            <vehicle filename="$data/vehicles/newHolland/bigBaler1290HD/bigBaler1290HD.xml" /> <!-- baler -->
            <vehicle filename="xmlFilename/RAT200_baleLoaders_crossplay.xml" /> <!-- flatbed -->
        </group>
        <group fieldSize="large" variant="HAY">
           <vehicle filename="$data/vehicles/valtra/qSeries/qSeries.xml" > <!-- tractor -->
                <configuration name="motor" id="5"/>
            </vehicle>
            <vehicle filename="$data/vehicles/poettinger/novacat301/novacat301.xml" /> <!-- mower -->
            <vehicle filename="$data/vehicles/poettinger/novacatA10CrossFlow/novacatA10CrossFlow.xml" /> <!-- mower -->
            <vehicle filename="$data/vehicles/poettinger/hit1618T/hit1618T.xml" /> <!-- tedder -->
            <vehicle filename="$data/vehicles/claas/liner4900/liner4900.xml" /> <!-- windrower -->
            <vehicle filename="$data/vehicles/kuhn/sb1290ID/sb1290ID.xml" /> <!-- baler -->
            <vehicle filename="xmlFilename/RAT200_baleLoaders_crossplay.xml" /> <!-- flatbed -->
        </group>
        <group fieldSize="small" variant="SILAGE">
            <vehicle filename="$data/vehicles/fendt/vario300/vario300.xml" > <!-- tractor -->
                <configuration name="motor" id="4" />
            </vehicle>
            <vehicle filename="$data/vehicles/seppKnusel/f240/f240.xml" /> <!-- mower -->
            <vehicle filename="$data/vehicles/kuhn/gmd4411/gmd4411.xml" /> <!-- mower -->
            <vehicle filename="$data/vehicles/kuhn/ga4731/ga4731.xml" /> <!-- windrower -->
            <vehicle filename="$data/vehicles/poettinger/impress125FPro/impress125FPro.xml" /> <!-- baler -->
            <vehicle filename="$data/vehicles/kverneland/wrapper7850C/wrapper7850C.xml" /> <!-- wrapper -->
            <vehicle filename="xmlFilename/RAT200_baleLoaders_crossplay.xml" /> <!-- flatbed -->
        </group>
        <group fieldSize="small" variant="SILAGE">
            <vehicle filename="$data/vehicles/valtra/gSeries/gSeries.xml" > <!-- tractor -->
                <configuration name="motor" id="4" />
            </vehicle>
            <vehicle filename="$data/vehicles/seppKnusel/f240/f240.xml" /> <!-- mower -->
            <vehicle filename="$data/vehicles/kverneland/mower4140L/mower4140L.xml" /> <!-- mower -->
            <vehicle filename="$data/vehicles/samasz/z2840/z2840.xml" /> <!-- windrower -->
            <vehicle filename="$data/vehicles/kuhn/vb3190/vb3190.xml" /> <!-- baler -->
            <vehicle filename="$data/vehicles/kverneland/wrapper7850C/wrapper7850C.xml" /> <!-- wrapper -->
            <vehicle filename="xmlFilename/RAT200_baleLoaders_crossplay.xml" /> <!-- flatbed -->
        </group>
        <group fieldSize="medium" variant="SILAGE">
            <vehicle filename="$data/vehicles/caseIH/magnumT4B/magnumT4B.xml" /> <!-- tractor -->
            <vehicle filename="$data/vehicles/poettinger/novacat301/novacat301.xml" /> <!-- mower -->
            <vehicle filename="$data/vehicles/poettinger/novacatA10CrossFlow/novacatA10CrossFlow.xml" /> <!-- mower -->
            <vehicle filename="$data/vehicles/krone/swadroTS970/swadroTS970.xml" /> <!-- windrower -->
            <vehicle filename="$data/vehicles/krone/bigPack1290HDPVC/bigPack1290HDPVC.xml" /> <!-- baler -->
            <vehicle filename="$data/vehicles/kuhn/sw4014/sw4014.xml" /> <!-- wrapper -->
            <vehicle filename="xmlFilename/RAT200_baleLoaders_crossplay.xml" /> <!-- flatbed -->
        </group>
        <group fieldSize="medium" variant="SILAGE">
            <vehicle filename="$data/vehicles/claas/xerion5000/xerion5000.xml" > <!-- tractor -->
                <configuration name="attacherJoint" id="8"/>
            </vehicle>
            <vehicle filename="$data/vehicles/kongskilde/gxf3605p/gxf3605p.xml" /> <!-- mower -->
            <vehicle filename="$data/vehicles/kongskilde/gxt13005P/gxt13005P.xml" /> <!-- mower -->
            <vehicle filename="$data/vehicles/krone/swadroTS970/swadroTS970.xml" /> <!-- windrower -->
            <vehicle filename="$data/vehicles/claas/quadrant5300/quadrant5300.xml" /> <!-- baler -->
            <vehicle filename="$data/vehicles/kuhn/sw4014/sw4014.xml" /> <!-- wrapper -->
            <vehicle filename="xmlFilename/RAT200_baleLoaders_crossplay.xml" /> <!-- flatbed -->
        </group>
        <group fieldSize="medium" variant="SILAGE">
            <vehicle filename="$data/vehicles/fendt/vario900/vario900.xml" /> <!-- tractor -->
            <vehicle filename="$data/vehicles/krone/bigM450/bigM450.xml" /> <!-- mower -->
            <vehicle filename="$data/vehicles/kuhn/mergeMaxx950/mergeMaxx950.xml" /> <!-- windrower -->
            <vehicle filename="$data/vehicles/poettinger/impress185VCPro/impress185VCPro.xml" /> <!-- baler -->
            <vehicle filename="xmlFilename/RAT200_baleLoaders_crossplay.xml" /> <!-- flatbed -->
        </group>
        <group fieldSize="large" variant="SILAGE">
           <vehicle filename="$data/vehicles/jcb/fastrac8330/fastrac8330.xml" /> <!-- tractor -->
            <vehicle filename="$data/vehicles/poettinger/novacat301/novacat301.xml" /> <!-- mower -->
            <vehicle filename="$data/vehicles/poettinger/novacatA10CrossFlow/novacatA10CrossFlow.xml" /> <!-- mower -->
            <vehicle filename="$data/vehicles/kuhn/ga15131/ga15131.xml" /> <!-- windrower -->
            <vehicle filename="$data/vehicles/kuhn/sb1290ID/sb1290ID.xml" /> <!-- baler -->
            <vehicle filename="$data/vehicles/kuhn/sw4014/sw4014.xml" /> <!-- wrapper -->
            <vehicle filename="xmlFilename/RAT200_baleLoaders_crossplay.xml" /> <!-- flatbed -->
        </group>
        <group fieldSize="large" variant="SILAGE">
           <vehicle filename="$data/vehicles/claas/axion900/axion900.xml" /> <!-- tractor -->
            <vehicle filename="$data/vehicles/krone/bigM450/bigM450.xml" /> <!-- mower -->
            <vehicle filename="$data/vehicles/kuhn/ga15131/ga15131.xml" /> <!-- windrower -->
            <vehicle filename="$data/vehicles/poettinger/impress185VCPro/impress185VCPro.xml" /> <!-- baler -->
            <vehicle filename="xmlFilename/RAT200_baleLoaders_crossplay.xml" /> <!-- flatbed -->
        </group>
        <group fieldSize="large" variant="SILAGE">
           <vehicle filename="$data/vehicles/valtra/qSeries/qSeries.xml" > <!-- tractor -->
                <configuration name="motor" id="5"/>
            </vehicle>
            <vehicle filename="$data/vehicles/poettinger/novacat301/novacat301.xml" /> <!-- mower -->
            <vehicle filename="$data/vehicles/poettinger/novacatA10CrossFlow/novacatA10CrossFlow.xml" /> <!-- mower -->
            <vehicle filename="$data/vehicles/claas/liner4900/liner4900.xml" /> <!-- windrower -->
            <vehicle filename="$data/vehicles/kuhn/sb1290ID/sb1290ID.xml" /> <!-- baler -->
            <vehicle filename="$data/vehicles/kuhn/sw4014/sw4014.xml" /> <!-- wrapper -->
            <vehicle filename="xmlFilename/RAT200_baleLoaders_crossplay.xml" /> <!-- flatbed -->
        </group>
    </mission>
</missionVehicles>