<?xml version="1.0" encoding="utf-8" standalone="no" ?>
<modDesc descVersion="79">
    <author>DD ModPassion</author>
    <version>1.0.0.1</version>
    <title>
        <en>Pavelli RAT Pack</en>
    </title>
    <description>
        <en><![CDATA[
The trailers is ideal for the transport bales, but it is also possible to transport vehicles and objects.
Bale trailers for manual or automatic bale transport supporting different bale sizes.

Load 52 round bales of 1.25 meter not in stack
Load 42 round bales of 1.50 meter not in stack
Load 38 round bales of 1.80 meter not in stack
Load 32 square bales
Load 24 big square bales
Price: 30.000 $

Changelog 1.0.0.1
- fixed the mass of the bales at the same time as the automatic loader and with the tensioning belts active
- fixed the direction lights
- fixed the wrong animation of the ramp in the some case
- various minor functional fixes to the machines
]]></en>
        <de><![CDATA[
Der Anhänger ist ideal für den Transport von Ballen, aber auch für den Transport von Fahrzeugen und Gegenständen.
Ballenanhänger für den manuellen oder automatischen Ballentransport mit unterschiedlichen Ballengrößen.

Laden 52 Rundballen von 1,25 Metern nicht in Stapel
Laden 42 Rundballen von 1,50 Metern nicht in Stapel
Laden 38 Rundballen von 1,80 Metern nicht in Stapel
Laden 32 Quaderballen
Laden 24 große Quaderballen
Preis: 30.000 €

Changelog 1.0.0.1
- Fixierung der Ballenmasse gleichzeitig mit dem automatischen Lader und bei aktiven Spanngurten
- Richtungslichter repariert
- In einigen Fällen wurde die falsche Animation der Rampe behoben
- Verschiedene kleinere funktionale Korrekturen an den Maschinen
]]></de>
        <fr><![CDATA[
La remorque est idéale pour le transport de balles, mais il est également possible de transporter des véhicules et des objets.
Remorques à balles pour le transport manuel ou automatique des balles prenant en charge différentes tailles de balles.

Charger 52 balles rondes de 1,25 mètre non empilées
Charger 42 balles rondes de 1,50 mètre non en pile
Charger 38 balles rondes de 1,80 mètre non empilées
Chargez 32 balles carrées
Chargez 24 grosses balles carrées
Prix: 30.000 $

Changelog 1.0.0.1
- fixe la masse des balles en même temps que le chargeur automatique et avec les courroies de tension actives
- correction des feux de direction
- correction de la mauvaise animation de la rampe dans certains cas
- diverses corrections fonctionnelles mineures des machines
]]></fr>
    </description>
    <iconFilename>icon_pavelli_RAT_pack.png</iconFilename>
    <multiplayer supported="true"/>
    <connectionHoses>
        <connectionHose xmlFilename="xmlFilename/connectionHoses.xml"/>
    </connectionHoses>
    <l10n>
        <text name="configuration_loaderMode">
            <en>Loading mode</en>
            <de>Lademodus</de>
            <it>Modalità caricamento</it>
        </text>
        <text name="info_valueBaleTrailer" tag="format">
            <en>Bale configuration: &quot;%s&quot;</en>
            <de>Rundballen: &quot;%s&quot;</de>
            <it>Configurazione balla: &quot;%s&quot;</it>
        </text>
        <text name="fillType_roundBale130">
            <en>round bale 130 cm</en>
            <de>Rundballen 130 cm</de>
            <it>rotoballa 130 cm</it>
        </text>
        <text name="fillType_roundBale150">
            <en>round bale 150 cm</en>
            <de>Rundballen 150 cm</de>
            <it>rotoballa 150 cm</it>
        </text>
        <text name="fillType_roundBale180">
            <en>round bale 180 cm</en>
            <de>Rundballen 180 cm</de>
            <it>rotoballa 180 cm</it>
        </text>
        <text name="fillType_squareBaleAll">
            <en>square bale</en>
            <de>Quaderballen</de>
            <it>balla quadrata</it>
        </text>
        <text name="configuration_valueRearLights">
            <en>Rear lights</en>
            <de>Rücklichter</de>
            <it>Fanali posteriori</it>
        </text>
        <text name="configuration_hoseType">
            <en>Air hose</en>
            <de>Luftdruckschlauch</de>
            <it>Tubi dell'aria</it>
        </text>
        <text name="configuration_spiralHose">
            <en>Spiral</en>
            <de>Spiralschlauch</de>
            <it>A spirale</it>
        </text>
        <text name="configuration_normalHose">
            <en>Not spiral</en>
            <de>Einfach</de>
            <it>Non a spirale</it>
        </text>
        <text name="configuration_hubColor">
            <en>Hub color</en>
            <de>Nabenfarbe</de>
            <it>Colore mozzi</it>
        </text>
        <text name="configuration_tyreSize">
            <en>Tyre size</en>
            <de>Reifengröße</de>
            <it>Misure delle gomme</it>
        </text>
        <text name="configuration_brandsColor">
            <en>Brands color</en>
            <de>Markenfarbe</de>
            <it>Colore dei marchi</it>
        </text>
        <text name="configuration_rotatingBeacon">
            <en>Rotating</en>
            <de>Rundumleuchte</de>
            <it>Rotante</it>
        </text>
        <text name="configuration_flashingBeacon">
            <en>Flashing</en>
            <de>Blitzer</de>
            <it>Lampeggiante</it>
        </text>
        <text name="configuration_licensePlate">
            <en>Type of license plate</en>
            <de>Nummernschildtyp</de>
            <it>Tipo di targa</it>
        </text>
        <text name="configuration_italy">
            <en>Italy</en>
            <de>Italien</de>
            <it>Italiana</it>
        </text>
    </l10n>
    <axisIcons>
        <icon name="BALE_TRANSLATE_X" filename="image/hud/BALE_TRANSLATE_X.png"/>
        <icon name="BALE_TRANSLATE_Y" filename="image/hud/BALE_TRANSLATE_Y.png"/>
        <icon name="BALE_TRANSLATE_Z" filename="image/hud/BALE_TRANSLATE_Z.png"/>
        <icon name="BALE_ROTATE_X" filename="image/hud/BALE_ROTATE_X.png"/>
        <icon name="BALE_ROTATE_Y" filename="image/hud/BALE_ROTATE_Y.png"/>
    </axisIcons>
    <vehicleSchemaOverlays filename="image/vehicleSchemas.png" imageSize="256 256">
        <overlay name="TRAILERS" uvs="64px 14px 64px 50px" size="26px 20px"/>
    </vehicleSchemaOverlays>
    <vehicleTypes>
        <type name="trailerDefault" parent="trailer" filename="$dataS/scripts/vehicles/Vehicle.lua">
            <specialization name="variableWorkWidth"/>
        </type>
        <type name="automaticLoaderDefault" parent="trailer" filename="$dataS/scripts/vehicles/Vehicle.lua">
            <specialization name="baleLoader"/>
            <specialization name="variableWorkWidth"/>
        </type>
    </vehicleTypes>
    <storeItems>
        <storeItem xmlFilename="xmlFilename/RAT200_baleLoaders_crossplay.xml"/>
        <storeItem xmlFilename="xmlFilename/RAT200_lowLoaders_crossplay.xml"/>
    </storeItems>
    <!-- <missionVehicles filename="missionVehicles.xml"/> -->
    <brands>
        <brand name="PAVELLI" title="Pavelli" image="image/brand_pavelli.png"/>
    </brands>
    <brandColors>
        <color name="PAVELLI" value="0.0554 0.3014 0.0246 0"/>
    </brandColors>
</modDesc>