﻿<?xml version="1.0" encoding="utf-8" standalone="no"?>
<vehicle type="baleWrapper" xmlns:xsi="http://www.w3.org/2001/XMLSchema-instance" xsi:noNamespaceSchemaLocation="https://validation.gdn.giants-software.com/xml/schema/vehicle.xsd">
    <annotation>Copyright (C) DD ModPassion, All Rights Reserved.</annotation>
    <storeData>
        <name>G4010 Q Profi</name>
        <image>data/pdlc_goeweilPack/vehicles/goeweil/g4010Q/texture.png</image>
        <brand>GOEWEIL</brand>
        <category>baleWrappers</category>
        <showInStore>false</showInStore>
    </storeData>
    <base>
        <filename>filename/foilWrapRoll.i3d</filename>
    </base>
    <fillUnit>
        <fillUnitConfigurations>
            <fillUnitConfiguration>
                <fillUnits>
                    <fillUnit unitTextOverride="$l10n_unit_mShort" fillTypeCategories="foilWrap" capacity="3000" canBeUnloaded="false" allowFoldingThreshold="6000"/>
                    <fillUnit unitTextOverride="$l10n_unit_mShort" fillTypeCategories="foilWrap" capacity="24000" canBeUnloaded="false" allowFoldingThreshold="48000" showOnHud="false" showOnInfoHud="false"/>
                </fillUnits>
            </fillUnitConfiguration>
        </fillUnitConfigurations>
    </fillUnit>
	<baleWrapper>
        <foilWrapAddon storage="fillUnit" configuration="1">
            <baseNode node="0>0" texture="data/pdlc_goeweilPack/vehicles/goeweil/g4010Q/texture.png"/>
            <baseNode node="0>0|3|5|2"/>
            <roll node="0>0|3|5|2" translation="0 0 0.004" rotation="0 -27 0" scale="0.961 0.964 0.961"/>
            <roll node="0>0|3|5|2" translation="-0.482 0 -3.342" rotation="0 151.6 0" scale="0.895 0.965 0.895"/>
            <material node="0>2|2"/>
            <material node="0>2|3" editVisibility="false"/>
            <material node="0>2|4" editVisibility="false"/>
            <storage node="0>0|7|3" translation="0.95 0.015 -2.11" rotation="-30 0 0"/>
            <storage node="0>0|7|3" translation="0.95 -0.125 -2.35" rotation="-30 0 0"/>
            <storage node="0>0|7|3" translation="0.675 0.015 -2.11" rotation="-30 0 0"/>
            <storage node="0>0|7|3" translation="0.675 -0.125 -2.35" rotation="-30 0 0"/>
            <storage node="0>0|7|3" translation="0.4 0.015 -2.11" rotation="-30 0 0"/>
            <storage node="0>0|7|3" translation="0.4 -0.125 -2.35" rotation="-30 0 0"/>
            <storage node="0>0|7|3" translation="0.135 0.015 -2.11" rotation="-30 0 0"/>
            <storage node="0>0|7|3" translation="0.135 -0.125 -2.35" rotation="-30 0 0"/>
            <storage node="0>0|7|3" translation="-0.135 0.015 -2.11" rotation="-30 0 0"/>
            <storage node="0>0|7|3" translation="-0.135 -0.125 -2.35" rotation="-30 0 0"/>
            <storage node="0>0|7|3" translation="-0.4 0.015 -2.11" rotation="-30 0 0"/>
            <storage node="0>0|7|3" translation="-0.4 -0.125 -2.35" rotation="-30 0 0"/>
            <storage node="0>0|7|3" translation="-0.675 0.015 -2.11" rotation="-30 0 0"/>
            <storage node="0>0|7|3" translation="-0.675 -0.125 -2.35" rotation="-30 0 0"/>
            <storage node="0>0|7|3" translation="-0.95 0.015 -2.11" rotation="-30 0 0"/>
            <storage node="0>0|7|3" translation="-0.95 -0.125 -2.35" rotation="-30 0 0"/>
        </foilWrapAddon>
    </baleWrapper>
    <wearable showOnHud="false"/>
    <washable/>
</vehicle>