<?xml version='1.0' encoding='utf-8' standalone='no'?>
<wheel xmlns:xsi="http://www.w3.org/2001/XMLSchema-instance" xsi:noNamespaceSchemaLocation="../../../../../../shared/xml/schema/wheel.xsd">
    <brand>CONTINENTAL</brand>
    <name>Conti CrossTrac HS3</name>
    <default>
        <physics radius="0.517" width="0.295" mass="0.101" tireType="offRoad" frictionScale="1.60" maxLongStiffness="12" maxLatStiffness="140" maxLatStiffnessLoad="2"/>
        <tire filename="$data/shared/wheels/tires/continental/contiCrossTracHS3/R22_5_contiCrossTracHS3.i3d" nodeLeft="1|0" nodeRight="1|0" maxDeformation="0.02" sideDeformOffset="0.989" isCareWheel="true" tireTrackAtlasIndex="4"/>
        <outerRim filename="$data/shared/wheels/rims/rim001.i3d" node="0|0" widthAndDiam="9.6 22.5"/>
        <innerRim filename="$data/shared/wheels/rims/rim001.i3d" nodeLeft="2|0" nodeRight="2|1" widthAndDiam="10 22.5" scale="0.5 1 1"/>
    </default>
	
    <configurations>
        <configuration id="truckTrailer01">
             <innerRim filename="$data/shared/wheels/hubs/hubTrucks.i3d" nodeLeft="7|0" nodeRight="7|1" widthAndDiam="20 25" offset="-0.022" />
        </configuration>
        <configuration id="truckTrailer02">
            <innerRim filename="$data/shared/wheels/hubs/hubTrucks.i3d" nodeLeft="6|0" nodeRight="6|1" widthAndDiam="20 21" offset="0.02" />
        </configuration>
        <configuration id="truckTrailer03">
            <innerRim filename="$data/shared/wheels/hubs/hubTrucks.i3d" nodeLeft="6|0" nodeRight="6|1" widthAndDiam="20 21" offset="0.05" />
        </configuration>
        <configuration id="truckTrailerKrone">
            <innerRim filename="$data/shared/wheels/hubs/hubTrucks.i3d" nodeLeft="8|0" nodeRight="8|1" widthAndDiam="20 20.9" offset="0.1" />
        </configuration>
        <configuration id="mackSuperlinerFront">
            <innerRim filename="$data/shared/wheels/hubs/hubTrucks.i3d" nodeLeft="6|0" nodeRight="6|1" widthAndDiam="20 21" offset="0.1" />
        </configuration>
        <configuration id="truckFront02">
            <innerRim filename="$data/shared/wheels/hubs/hubTrucks.i3d" nodeLeft="6|0" nodeRight="6|1" widthAndDiam="20 21" offset="0.05" />
        </configuration>
    </configurations>
	
</wheel>
