﻿<?xml version="1.0" encoding="utf-8" standalone="no" ?>
<modDesc descVersion="79">
    <author>Rajot GPLAY</author>
    <version>1.2.0.0</version>
	<title>
        <en>Elegant House</en>
        <de>Ein Elegantes Haus</de>
        <fr>Maison Elégante</fr>
        <es>Una Casa Elegante</es>
        <pl>Elegancki Dom</pl>
    </title>
    <description>
<en><![CDATA[
A house with a freshly finished facade has a place where you can go to sleep and skip the night.
It has a christmas decor
The house costs: 75,000 $

Changelog 1.1.0.0:
- Changed texture to atlas
- Changed christmas lamp color

Changelog 1.2.0.0:
- Fixed Christmas lights
- Fixed the door
- Solar panels changed to another model
]]></en>

<de><![CDATA[
Ein Haus mit einer frisch fertiggestellten Fassade hat einen Ort, an dem Sie schlafen gehen und die Nacht überspringen können.
Es hat ein weihnachtliches Dekor
Das Haus kostet: 75.000 €

Changelog 1.1.0.0:
- Textur zu Atlas geändert
- Farbe der Weihnachtslampe geändert

Changelog 1.2.0.0:
- Weihnachtsbeleuchtung repariert
- Die Tür repariert
- Solarmodule auf ein anderes Modell umgestellt
]]></de>

<es><![CDATA[
Una casa con una fachada recién terminada tiene un lugar donde puedes ir a dormir y pasar la noche.
Tiene una decoración navideña.
La casa cuesta: 75.000 €

Changelog 1.1.0.0:
- Textura cambiada a atlas.
- Se cambió el color de la lámpara navideña.

Changelog 1.2.0.0:
- Luces navideñas fijas.
- Arregló la puerta
- Paneles solares cambiados a otro modelo.
]]></es>

<pl><![CDATA[
Dom ze świeżo wykończoną elewacją w którym można się wyspać i pominąć noc.
Posiada świąteczny wystrój
Koszt budowy domu: 75000 zł

Changelog 1.1.0.0:
- Zmieniono teksturę na atlas
- Zmieniono kolor lampek świątecznych

Changelog 1.2.0.0:
- Naprawiono światła świąteczne
- Naprawiono drzwi
- Zmieniono panele słoneczne na inny model
]]></pl>
	</description>

    <iconFilename>icon_HalfModernHouse.png</iconFilename>
	<multiplayer supported="true" />
    <storeItems>
        <storeItem xmlFilename="halfmodern_house.xml"/>
    </storeItems>
	
	<l10n>
        <text name="function_farmhouse">
            <en>Put this on your farm so you can get some sleep and skip time.</en>
            <de>Stellen Sie dies auf Ihre Farm, damit Sie etwas schlafen und die Zeit überspringen können.</de>
            <es>Pon esto en tu granja para que puedas dormir un poco y saltarte el tiempo.</es>
            <pl>Umieść to na swojej farmie, abyś mógł się trochę przespać i pominąć czas.</pl>
        </text>
    </l10n>
	
</modDesc>
