﻿<?xml version="1.0" encoding="utf-8" standalone="no"?>
<vehicle type="hookLiftContainerTrailer" xmlns:xsi="http://www.w3.org/2001/XMLSchema-instance" xsi:noNamespaceSchemaLocation="../../../../shared/xml/schema/vehicle.xsd">
    <annotation>Copyright (C) GIANTS Software GmbH, All Rights Reserved.</annotation>

    <storeData>
        <name>HKL22</name>
        <specs>
            <combination>Man41_403.xml</combination>
        </specs>
        <functions>
            <function>$l10n_function_hookLiftContainer</function>
        </functions>
        <image>Store/store_HKL22.dds</image>
        <price>6500</price>
        <lifetime>600</lifetime>
        <rotation>0</rotation>
        <brand>FLIEGL</brand>
        <category>trailers</category>
        <vertexBufferMemoryUsage>257792</vertexBufferMemoryUsage>
        <indexBufferMemoryUsage>48128</indexBufferMemoryUsage>
        <textureMemoryUsage>851968</textureMemoryUsage>
        <audioMemoryUsage>0</audioMemoryUsage>
        <instanceVertexBufferMemoryUsage>0</instanceVertexBufferMemoryUsage>
        <instanceIndexBufferMemoryUsage>0</instanceIndexBufferMemoryUsage>
    </storeData>

    <base>
        <typeDesc>$l10n_typeDesc_container</typeDesc>
        <filename>HKL22.i3d</filename>
        <size width="3.5" length="8.5" lengthOffset="0.5"/>
        <components maxMass="16000">
            <component centerOfMass="0 0.2 0" solverIterationCount="10" mass="1200"/>
        </components>
        <schemaOverlay attacherJointPosition="0 0" name="IMPLEMENT" />
        <sounds volumeFactor="1.8"/>
        <mapHotspot type="TRAILER" />
    </base>
    <configurationSets title="$l10n_Belt">
        <configurationSet  name="$l10n_ui_no">
            <configuration name="tensionBelts" index="1" />
            <configuration name="fillVolume"   index="1" />
            <configuration name="fillUnit"     index="1" />
            <configuration name="trailer"      index="1" />
        </configurationSet>	
        <configurationSet  name="$l10n_ui_yes" >
            <configuration name="tensionBelts" index="2" />
            <configuration name="fillVolume"   index="1" />
            <configuration name="fillUnit"     index="1" />
            <configuration name="trailer"      index="1" />
        </configurationSet>
    </configurationSets>
    <wheels>
        <wheelConfigurations>
            <wheelConfiguration>
                <wheels autoRotateBackSpeed="2.0">
                    <wheel>
                        <physics restLoad="1.0" tipOcclusionAreaGroupId="1" repr="wheelLeft" radius="0.085" width="0.5" mass="0.02" initialCompression="50" suspTravel="0.05" spring="300" damper="100" frictionScale="0.8" yOffset="0.03"/>
                    </wheel>
                    <wheel>
                        <physics restLoad="1.0" tipOcclusionAreaGroupId="1" repr="wheelRight" radius="0.085" width="0.5" mass="0.02" initialCompression="50" suspTravel="0.05" spring="300" damper="100" frictionScale="0.8" yOffset="0.03"/>
                    </wheel>
                </wheels>
            </wheelConfiguration>
        </wheelConfigurations>
    </wheels>

    <attachable>
        <inputAttacherJoints>
            <inputAttacherJoint node="attacherJoint" jointType="hookLift" upperRotationOffset="0" allowsJointRotLimitMovement="false" forceSelectionOnAttach="false"/>
        </inputAttacherJoints>
    </attachable>
    <foldable>
        <foldingConfigurations>
            <foldingConfiguration>
                <foldingParts startMoveDirection="0" requiresPower="false">
                    <foldingPart animationName="folding" speedScale="1" />
                </foldingParts>
            </foldingConfiguration>
        </foldingConfigurations>
    </foldable>
    <animations>
        <animation name="folding">
            <part node="Arm_left" startTime="0" endTime="0.01" startRot="0 0 0" endRot="0 -5 0" />
            <part node="exactFillRoot" startTime="0" endTime="0.01" startScale="1 1 1" endScale="0 0 0" />	
            <part node="exactFillRoot" startTime="0.01" endTime="4" startScale="0 0 0" endScale="0 0 0" />			
            <part node="Lock_Left" startTime="0.01" endTime="0.02" startRot="0 -7.195 0" endRot="0 -7.195 15" />
            <part node="Arm_left" startTime="0.02" endTime="1.0" startRot="0 -5 0" endRot="0 85 0" />
            <part node="DoorLeft" startTime="1.02" endTime="2" startRot="0 0 0" endRot="0 -267 0" />			
            <part node="Lock_Left" startTime="1.02" endTime="1.5" startRot="0 -7.195 15" endRot="0 -7.195 -89" />						
            <part node="DoorRight" startTime="2" endTime="4" startRot="0 0 0" endRot="0 270 0" />
	

            <sound template="metalDoorsLoop"  startTime="1.02" endTime="2"  volumeScale="1.2" pitchScale="1"    linkNode="DoorLeft" fadeIn="0.1" fadeOut="0.2"/>
            <sound template="metalDoorsClose" startTime="2"  direction="-1" volumeScale="1.4" pitchScale="1"    linkNode="DoorLeft"/>
            <sound template="metalDoorsOpen"  startTime="0.02"  direction="1"  volumeScale="1.4" pitchScale="1"    linkNode="DoorLeft"/>
            <sound template="metalOpen"       startTime="0.01"  direction="1"  volumeScale="2.5" pitchScale="3"    linkNode="DoorLeft"/>		
            <sound template="clackVar6"       startTime="0"  direction="1"  volumeScale="1.5" pitchScale="0.8"  linkNode="DoorLeft"/>
            <sound template="metalClose"      startTime="1.98"  direction="-1" volumeScale="3"   pitchScale="2"    linkNode="DoorLeft"/>

            <sound template="metalDoorsLoop"  startTime="2" endTime="4"  volumeScale="1.2" pitchScale="1"    linkNode="DoorRight" fadeIn="0.1" fadeOut="0.2"/>
            <sound template="metalDoorsClose" startTime="4"  direction="-1" volumeScale="1.4" pitchScale="1"    linkNode="DoorRight"/>
            <sound template="metalDoorsOpen"  startTime="2"  direction="1"  volumeScale="1.4" pitchScale="1"    linkNode="DoorRight"/>
            <sound template="metalOpen"       startTime="2"  direction="1"  volumeScale="2.5" pitchScale="3"    linkNode="DoorRight"/>		
            <sound template="clackVar6"       startTime="4"  direction="1"  volumeScale="1.5" pitchScale="0.8"  linkNode="DoorRight"/>
            <sound template="metalClose"      startTime="2"  direction="-1" volumeScale="3"   pitchScale="2"    linkNode="DoorRight"/>
					
        </animation>			
        <animation name="tipAnimationBack">
            <part node="Arm_left" startTime="0" endTime="0.01" startRot="0 0 0" endRot="0 -5 0" />			
            <part node="Lock_Left" startTime="0.01" endTime="0.02" startRot="0 -7.195 0" endRot="0 -7.195 15" />
            <part node="Arm_left" startTime="0.02" endTime="1.0" startRot="0 -5 0" endRot="0 85 0" />
            <part node="DoorLeft" startTime="1.02" endTime="2" startRot="0 0 0" endRot="0 -267 0" />			
            <part node="Lock_Left" startTime="1.02" endTime="1.5" startRot="0 -7.195 15" endRot="0 -7.195 -89" />						
            <part node="DoorRight" startTime="2" endTime="4" startRot="0 0 0" endRot="0 270 0" />
	

            <sound template="metalDoorsLoop"  startTime="1.02" endTime="2"  volumeScale="1.2" pitchScale="1"    linkNode="DoorLeft" fadeIn="0.1" fadeOut="0.2"/>
            <sound template="metalDoorsClose" startTime="2"  direction="-1" volumeScale="1.4" pitchScale="1"    linkNode="DoorLeft"/>
            <sound template="metalDoorsOpen"  startTime="0.02"  direction="1"  volumeScale="1.4" pitchScale="1"    linkNode="DoorLeft"/>
            <sound template="metalOpen"       startTime="0.01"  direction="1"  volumeScale="2.5" pitchScale="3"    linkNode="DoorLeft"/>		
            <sound template="clackVar6"       startTime="0"  direction="1"  volumeScale="1.5" pitchScale="0.8"  linkNode="DoorLeft"/>
            <sound template="metalClose"      startTime="1.98"  direction="-1" volumeScale="3"   pitchScale="2"    linkNode="DoorLeft"/>

            <sound template="metalDoorsLoop"  startTime="2" endTime="4"  volumeScale="1.2" pitchScale="1"    linkNode="DoorRight" fadeIn="0.1" fadeOut="0.2"/>
            <sound template="metalDoorsClose" startTime="4"  direction="-1" volumeScale="1.4" pitchScale="1"    linkNode="DoorRight"/>
            <sound template="metalDoorsOpen"  startTime="2"  direction="1"  volumeScale="1.4" pitchScale="1"    linkNode="DoorRight"/>
            <sound template="metalOpen"       startTime="2"  direction="1"  volumeScale="2.5" pitchScale="3"    linkNode="DoorRight"/>		
            <sound template="clackVar6"       startTime="4"  direction="1"  volumeScale="1.5" pitchScale="0.8"  linkNode="DoorRight"/>
            <sound template="metalClose"      startTime="2"  direction="-1" volumeScale="3"   pitchScale="2"    linkNode="DoorRight"/>
					
        </animation>		
    </animations>

    <cylindered>
    <movingTools>		
		<!-- backTipping -->		
      <movingTool node="mainTool" fillUnitIndex="1" minFillLevel="0" maxFillLevel="0">
                <animation animName="folding" />		
      </movingTool>				
    </movingTools>
        <movingParts>
        </movingParts>
    </cylindered>
    <fillUnit>
        <fillUnitConfigurations>
            <fillUnitConfiguration>
                <fillUnits>
                    <fillUnit shopDisplayUnit="CUBICMETER" fillTypeCategories="BULK" capacity="22000" allowAILoading="true"  fillAnimation="tipAnimationBack" fillAnimationLoadTime="0">
                        <exactFillRootNode node="exactFillRoot" />
                        <autoAimTargetNode node="fillAutoAimTargetNode" startZ="2.2" endZ="-4.0" invert="false" startPercentage="25"/>							
                    </fillUnit>
                </fillUnits>
            </fillUnitConfiguration>
        </fillUnitConfigurations>
    </fillUnit>

    <fillVolume>
        <fillVolumeConfigurations>
            <fillVolumeConfiguration>
                <volumes>
                    <volume node="fillVolume" maxDelta="0.25" maxAllowedHeapAngle="18" fillUnitIndex="1" />								
                </volumes>
            </fillVolumeConfiguration>			
        </fillVolumeConfigurations>

        <unloadInfos>
            <unloadInfo fillVolumeIndex="1" >
                <node node="fillVolumeUnloadInfo" width="1.5" length="1.0" />			
            </unloadInfo>			
        </unloadInfos>
        <heightNodes>
            <heightNode fillVolumeIndex="1">
                <refNode node="heightNode01" />
                <refNode node="heightNode02" />
                <node node="effectGrainBack" baseScale="1 1 1" transAxis="0 0.85 0" orientateToWorldY="true"/>
                <node node="effectParticleBack" baseScale="1 0.1 1" scaleAxis="0 0.85 0" />
            </heightNode>
        </heightNodes>		
    </fillVolume>

    <trailer>
        <trailerConfigurations>
            <trailerConfiguration>
                <trailer>
                    <tipSide name="$l10n_info_tipSideBack" dischargeNodeIndex="1">
                        <animation name="tipAnimationBack" speedScale="1.0" startTipTime="0.62"/>				
                    </tipSide>
                </trailer>
            </trailerConfiguration>
        </trailerConfigurations>
    </trailer>
	
    <dischargeable>
        <dischargeNode node="dischargeable" emptySpeed="1285" fillUnitIndex="1" unloadInfoIndex="1" allowAIDischarge="true">
            <info width="2.3" length="0.5" zOffset="-1" />
            <effects>
                <effectNode effectClass="TipEffect">
                    <effectNode effectNode="effectParticleBack" effectClass="ParticleEffect" delay="0.5" materialType="unloadingParticle"/>
                    <effectNode effectNode="effectGrainBack" materialType="unloading" delay="0.5" fadeTime="0.0" extraDistance="1" alignXAxisToWorldY="true"/>
                </effectNode>
                <effectNode effectNode="effectSmokeBack" materialType="unloadingSmoke" fadeTime="0.5" />
            </effects>
        </dischargeNode>
    </dischargeable>

    <trailer>
        <trailerConfigurations>
            <trailerConfiguration>
                <trailer>
                    <tipSide name="$l10n_info_tipSideBack" dischargeNodeIndex="1">
                        <animation name="tipAnimationBack" speedScale="1.0" startTipTime="4" />
                    </tipSide>
                </trailer>
            </trailerConfiguration>
        </trailerConfigurations>
    </trailer>
    <hookLiftContainer canBeTippedManually="true" />

    <wearable wearDuration="480" workMultiplier="5" fieldMultiplier="2"/>
    <washable dirtDuration="90" washDuration="1" workMultiplier="3" fieldMultiplier="2"/>

    <ai>
        <agentAttachment jointNode="containerDumper_main_component1" width="2" height="1" length="1" lengthOffset="0"/>
    </ai>

    <tensionBelts>
        <tensionBeltsConfigurations>
            <tensionBeltsConfiguration />	

            <tensionBeltsConfiguration>
                <tensionBelts linkNode="tensionBelts" jointNode="0>" maxEdgeLength="0.1" geometryBias="0.01" ratchetPosition="0.2" defaultOffset="0.1" defaultOffsetSide="0.1" defaultHeight="4" activationTrigger="beltActivationTrigger">
                    <tensionBelt startNode="startPoint01" endNode="startPoint01End"  />
                    <tensionBelt startNode="startPoint02" endNode="startPoint02End"  />
                    <tensionBelt startNode="startPoint03" endNode="startPoint03End"  />
                    <tensionBelt startNode="startPoint04" endNode="startPoint04End"  />
                    <tensionBelt startNode="startPoint05" endNode="startPoint05End"  />
                    <sounds>
                        <addBelt    template="beltOpen" />
                        <removeBelt template="beltClose" />
                    </sounds>
                </tensionBelts>
            <objectChange node="Crochet" visibilityActive="true" visibilityInactive="false" />					
            </tensionBeltsConfiguration>			
        </tensionBeltsConfigurations>
    </tensionBelts>	
	
	
    <foliageBending>
        <bendingNode minX="-1.35" maxX="1.35" minZ="-3.2" maxZ="4.1" yOffset="-0.05" />
    </foliageBending>

    <baseMaterial>
        <material name="HKL22_mat" baseNode="container_vis">
            <shaderParameter name="colorMat0" value="SHARED_BLACK1"/>
        </material>
    </baseMaterial>

    <baseMaterialConfigurations price="1000" useDefaultColors="true" defaultColorIndex="7">
        <material name="HKL22_mat" shaderParameter="colorMat0" />
    </baseMaterialConfigurations>
    <i3dMappings>
        <i3dMapping id="containerDumper_main_component1" node="0>" />
        <i3dMapping id="Crochet" node="0>0|5|6" />		
        <i3dMapping id="wheelLeft" node="0>0|0|0" />
        <i3dMapping id="wheelRight" node="0>0|0|1" />
        <i3dMapping id="attacherJoint" node="0>0|1" />
        <i3dMapping id="container_vis" node="0>0" />
        <i3dMapping id="mainTool" node="0>0|2" />		
        <i3dMapping id="DoorLeft" node="0>0|2|0" />
        <i3dMapping id="Lock_Left" node="0>0|2|0|0|0" />
        <i3dMapping id="Arm_left" node="0>0|2|0|0" />		
        <i3dMapping id="DoorRight" node="0>0|2|1" />	
        <i3dMapping id="fillVolume" node="0>0|3|1|1" />
        <i3dMapping id="exactFillRoot" node="0>0|3|1|0" />
        <i3dMapping id="fillVolumeUnloadInfo" node="0>0|3|1|3" />	
        <i3dMapping id="dischargeable" node="0>0|3|0"/>
        <i3dMapping id="effectGrainBack" node="0>0|3|2|0|0" />
        <i3dMapping id="effectSmokeBack" node="0>0|3|2|1" />
        <i3dMapping id="effectParticleBack" node="0>0|3|3|0" />			
        <i3dMapping id="fillAutoAimTargetNode" node="0>0|3|1|2" />	
        <i3dMapping id="heightNode01" node="0>0|3|1|4" />
        <i3dMapping id="heightNode02" node="0>0|3|1|5" />	
        <i3dMapping id="tensionBelts" node="0>0|5" />
        <i3dMapping id="startPoint01" node="0>0|5|0" />
        <i3dMapping id="startPoint01End" node="0>0|5|0|0" />
        <i3dMapping id="startPoint02" node="0>0|5|1" />
        <i3dMapping id="startPoint02End" node="0>0|5|1|0" />
        <i3dMapping id="startPoint03" node="0>0|5|2" />
        <i3dMapping id="startPoint03End" node="0>0|5|2|0" />
        <i3dMapping id="startPoint04" node="0>0|5|3" />
        <i3dMapping id="startPoint04End" node="0>0|5|3|0" />
        <i3dMapping id="startPoint05" node="0>0|5|4" />
        <i3dMapping id="startPoint05End" node="0>0|5|4|0" />
        <i3dMapping id="beltActivationTrigger" node="0>0|5|5" />		
    </i3dMappings>
</vehicle>

