<?xml version="1.0" encoding="utf-8" standalone="no" ?>
<vehicle type="MAN" xmlns:xsi="http://www.w3.org/2001/XMLSchema-instance" xsi:noNamespaceSchemaLocation="../../../../shared/xml/schema/vehicle.xsd">
    <annotation>Copyright (C) GIANTS Software GmbH, All Rights Reserved.</annotation>
	
    <storeData>
        <name>33 414 6x6</name>
        <specs>
            <power>414</power>
            <maxSpeed>83</maxSpeed>	
            <combination xmlFilename="ManTipper.xml"/>		
            <combination xmlFilename="ManBales.xml"/>	
            <combination xmlFilename="ManBales2.xml"/>	
            <combination xmlFilename="ManWood.xml"/>
            <combination xmlFilename="ManTrailer.xml"/>			
            <combination xmlFilename="$data/vehicles/demco/sideDump/sideDump.xml"/>
            <combination xmlFilename="$data/vehicles/wilsonTrailer/pacesetter/pacesetter.xml"/>
            <combination xmlFilename="$data/vehicles/lodeKing/distinctionTripleHopper/distinctionTripleHopper.xml"/>
            <combination xmlFilename="$data/vehicles/krampe/sks30_150/sks30_150.xml"/>
            <combination xmlFilename="$data/vehicles/lodeKing/distinctionSuperB/distinctionSuperB.xml"/>
            <combination xmlFilename="$data/vehicles/meridian/conveyAllCST1550/conveyAllCST1550.xml"/>
            <combination xmlFilename="$data/vehicles/lizard/moduleX/moduleX.xml"/>
            <combination xmlFilename="$data/vehicles/kotte/tsa/tsa.xml"/>
            <combination xmlFilename="$data/vehicles/fliegl/timberRunner/timberRunner.xml"/>
            <combination xmlFilename="$data/vehicles/lizard/mks32/mks32.xml"/>
            <combination xmlFilename="$data/vehicles/wilsonTrailer/silverstar/silverstar.xml"/>
            <combination xmlFilename="$data/vehicles/demco/steelDropDeck/steelDropDeck.xml"/>
            <combination xmlFilename="$data/vehicles/lodeKing/renownTriAxleBeavertailLowDrop/renownTriAxleBeavertailLowDrop.xml"/>
            <combination xmlFilename="$data/vehicles/krone/profiLiner/profiLiner.xml"/>			
        </specs>
        <functions>
            <function>$l10n_function_truck</function>				
        </functions>		
        <image>Store/store_Man33_414.dds</image>
        <price>99000</price>
        <lifetime>600</lifetime>
        <rotation>0</rotation>
        <brand>MAN</brand>
        <category>trucks</category>
        <shopTranslationOffset>0 0.022 0</shopTranslationOffset>
        <shopRotationOffset>-0.316 0 0</shopRotationOffset>
        <vertexBufferMemoryUsage>2951168</vertexBufferMemoryUsage>
        <indexBufferMemoryUsage>504320</indexBufferMemoryUsage>
        <textureMemoryUsage>3932160</textureMemoryUsage>
        <audioMemoryUsage>358265</audioMemoryUsage>
        <instanceVertexBufferMemoryUsage>0</instanceVertexBufferMemoryUsage>
        <instanceIndexBufferMemoryUsage>0</instanceIndexBufferMemoryUsage>
    </storeData>
	
    <base>
        <typeDesc>$l10n_typeDesc_truck</typeDesc>
        <filename>Man33_414.i3d</filename>
        <sounds filename="$data/vehicles/mack/superliner1979/sounds/superliner1979.xml"/>	
        <size width="3.5" length="8"/>
        <components maxMass="10000">
            <component centerOfMass="0 0.45 -0.4" solverIterationCount="10" mass="6850"/>
        </components>
        <schemaOverlay attacherJointPosition="0 0" name="TRUCK" />
        <mapHotspot type="TRUCK" />
    </base>

    <wheels>
        <wheelConfigurations>
            <wheelConfiguration name="$l10n_configuration_valueDefault" price="0" brand="TRELLEBORG" saveId="TRELLEBORG_DEFAULT">
                <wheels autoRotateBackSpeed="2.2">
                    <wheel filename="$data/shared/wheels/tires/trelleborg/TwinRadial/500_60R22_5.xml" configId="truckFront" isLeft="true" hasTireTracks="true" hasParticles="true" >
                        <physics rotSpeed="1"  restLoad="2.4" repr="axisFrontLeft"  driveNode="wheelFrontLeft"  forcePointRatio="0.5" initialCompression="35" suspTravel="0.23" spring="28" damper="40" frictionScale="1.75" />
                    </wheel>
                    <wheel filename="$data/shared/wheels/tires/trelleborg/TwinRadial/500_60R22_5.xml" configId="truckFront" isLeft="false" hasTireTracks="true" hasParticles="true" >
                        <physics rotSpeed="1"  restLoad="2.4" repr="axisFrontRight" driveNode="wheelFrontRight" forcePointRatio="0.5" initialCompression="35" suspTravel="0.23" spring="28" damper="40" frictionScale="1.75" />
                    </wheel>
                    <wheel filename="$data/shared/wheels/tires/trelleborg/TwinRadial/600_50R22_5.xml" isLeft="true" hasTireTracks="true" hasParticles="true" >
                        <physics rotSpeed="0"  restLoad="2.6" repr="wheelBack2Left"  forcePointRatio="0.5" initialCompression="15" suspTravel="0.23"  spring="42" damper="40" frictionScale="2.5" />
                    </wheel>
                    <wheel filename="$data/shared/wheels/tires/trelleborg/TwinRadial/600_50R22_5.xml" isLeft="false" hasTireTracks="true" hasParticles="true" >
                        <physics rotSpeed="0"  restLoad="2.6" repr="wheelBack2Right" forcePointRatio="0.5" initialCompression="15" suspTravel="0.23"  spring="42" damper="40" frictionScale="2.5" />
                    </wheel>					
                    <wheel filename="$data/shared/wheels/tires/trelleborg/TwinRadial/600_50R22_5.xml" isLeft="true" hasTireTracks="true" hasParticles="true" >
                        <physics rotSpeed="0"  restLoad="1.6" repr="wheelBackLeft"  forcePointRatio="0.5" initialCompression="30" suspTravel="0.23"  spring="42" damper="40" frictionScale="2.5" />
                    </wheel>
                    <wheel filename="$data/shared/wheels/tires/trelleborg/TwinRadial/600_50R22_5.xml" isLeft="false" hasTireTracks="true" hasParticles="true" >
                        <physics rotSpeed="0"  restLoad="1.6" repr="wheelBackRight" forcePointRatio="0.5" initialCompression="30" suspTravel="0.23"  spring="42" damper="40" frictionScale="2.5" />
                    </wheel>
                </wheels>
            </wheelConfiguration>
            <wheelConfiguration name="$l10n_configuration_valueDefault" price="1000" brand="LIZARD" saveId="LIZARD_DEFAULT">
                <wheels autoRotateBackSpeed="2.2">
                    <wheel filename="$data/shared/wheels/tires/lizard/implement/315_80R22_5.xml" configId="man" isLeft="true" hasTireTracks="true" hasParticles="true" >
                        <physics rotSpeed="1"  restLoad="2.4" repr="axisFrontLeft"  driveNode="wheelFrontLeft"  forcePointRatio="0.5" initialCompression="35" suspTravel="0.23" spring="28" damper="40" frictionScale="1.75" />
                    </wheel>
                    <wheel filename="$data/shared/wheels/tires/lizard/implement/315_80R22_5.xml" configId="man" isLeft="false" hasTireTracks="true" hasParticles="true" >
                        <physics rotSpeed="1"  restLoad="2.4" repr="axisFrontRight" driveNode="wheelFrontRight" forcePointRatio="0.5" initialCompression="35" suspTravel="0.23" spring="28" damper="40" frictionScale="1.75" />
                    </wheel>
                    <wheel filename="$data/shared/wheels/tires/lizard/implement/315_80R22_5.xml" configId="dual" isLeft="true" hasTireTracks="true" hasParticles="true" >
                        <physics rotSpeed="0"  restLoad="1.6" repr="wheelBack2Left"  forcePointRatio="0.5" initialCompression="15" suspTravel="0.19"  spring="49" damper="40" frictionScale="2.5" />
                        <additionalWheel filename="$data/shared/wheels/tires/lizard/implement/315_80R22_5.xml" configId="dualConnector" isLeft="true" offset="0.08" />
                    </wheel>
                    <wheel filename="$data/shared/wheels/tires/lizard/implement/315_80R22_5.xml" configId="dual" isLeft="false" hasTireTracks="true" hasParticles="true" >
                        <physics rotSpeed="0"  restLoad="1.6" repr="wheelBack2Right" forcePointRatio="0.5" initialCompression="15" suspTravel="0.19"  spring="49" damper="40" frictionScale="2.5" />
                        <additionalWheel filename="$data/shared/wheels/tires/lizard/implement/315_80R22_5.xml" configId="dualConnector" isLeft="false" offset="0.08" />
                    </wheel>					
                    <wheel filename="$data/shared/wheels/tires/lizard/implement/315_80R22_5.xml" configId="dual" isLeft="true" hasTireTracks="true" hasParticles="true" >
                        <physics rotSpeed="0"  restLoad="1.6" repr="wheelBackLeft"  forcePointRatio="0.5" initialCompression="30" suspTravel="0.19"  spring="49" damper="40" frictionScale="2.5" />
                        <additionalWheel filename="$data/shared/wheels/tires/lizard/implement/315_80R22_5.xml" configId="dualConnector" isLeft="true" offset="0.08" />
                    </wheel>
                    <wheel filename="$data/shared/wheels/tires/lizard/implement/315_80R22_5.xml" configId="dual" isLeft="false" hasTireTracks="true" hasParticles="true" >
                        <physics rotSpeed="0"  restLoad="1.6" repr="wheelBackRight" forcePointRatio="0.5" initialCompression="30" suspTravel="0.19"  spring="49" damper="40" frictionScale="2.5" />
                        <additionalWheel filename="$data/shared/wheels/tires/lizard/implement/315_80R22_5.xml" configId="dualConnector" isLeft="false" offset="0.08" />
                    </wheel>
                </wheels>
            <objectChange node="wheelFrontLeft" translationActive="0.06 0 0" />
            <objectChange node="wheelFrontRight" translationActive="-0.06 0 0" />				
            <objectChange node="wheelBackLeft" translationActive="0.643 0.53 -2.50" />
            <objectChange node="wheelBackRight" translationActive="-0.643 0.53 -2.50" />			
            <objectChange node="wheelBack2Right" translationActive="0.206 0 0" />
            <objectChange node="wheelBack2Left" translationActive="-0.206 0 0" />				
            </wheelConfiguration>
            <wheelConfiguration name="$l10n_configuration_valueDefault" price="1000" brand="TRELLEBORG" saveId="TRELLEBORG_DEFAULT2">
                <wheels autoRotateBackSpeed="2.2">
                    <wheel filename="wheels/380_70R24.xml" configId="man" isLeft="true" hasTireTracks="true" hasParticles="true">
                        <physics rotSpeed="1" restLoad="2.4" repr="axisFrontLeft" driveNode="wheelFrontLeft" forcePointRatio="0.5" initialCompression="35" suspTravel="0.23" spring="28" damper="40" frictionScale="1.75" />
                    </wheel>
                    <wheel filename="wheels/380_70R24.xml" configId="man" isLeft="false" hasTireTracks="true" hasParticles="true">
                        <physics rotSpeed="1" restLoad="2.4" repr="axisFrontRight" driveNode="wheelFrontRight" forcePointRatio="0.5" initialCompression="35" suspTravel="0.23" spring="28" damper="40" frictionScale="1.75" />
                    </wheel>
                    <wheel filename="wheels/380_70R24.xml" configId="dual" isLeft="true" hasTireTracks="true" hasParticles="true">
                        <physics rotSpeed="0" restLoad="1.6" repr="wheelBack2Left" forcePointRatio="0.5" initialCompression="15" suspTravel="0.19" spring="49" damper="40" frictionScale="2.5" />
                        <additionalWheel filename="wheels/380_70R24.xml" configId="dualConnector" isLeft="true" offset="0.1"/>						
                    </wheel>
                    <wheel filename="wheels/380_70R24.xml" configId="dual" isLeft="false" hasTireTracks="true" hasParticles="true">
                        <physics rotSpeed="0" restLoad="1.6" repr="wheelBack2Right" forcePointRatio="0.5" initialCompression="15" suspTravel="0.19" spring="49" damper="40" frictionScale="2.5" />
                        <additionalWheel filename="wheels/380_70R24.xml" configId="dualConnector" isLeft="false" offset="0.1"/>							
                    </wheel>
                    <wheel filename="wheels/380_70R24.xml" configId="dual" isLeft="true" hasTireTracks="true" hasParticles="true">
                        <physics rotSpeed="0" restLoad="1.6" repr="wheelBackLeft" forcePointRatio="0.5" initialCompression="15" suspTravel="0.19" spring="49" damper="40" frictionScale="2.5" />
                        <additionalWheel filename="wheels/380_70R24.xml" configId="dualConnector" isLeft="true" offset="0.1"/>								
                    </wheel>
                    <wheel filename="wheels/380_70R24.xml" configId="dual" isLeft="false" hasTireTracks="true" hasParticles="true">
                        <physics rotSpeed="0" restLoad="1.6" repr="wheelBackRight" forcePointRatio="0.5" initialCompression="15" suspTravel="0.19" spring="49" damper="40" frictionScale="2.5" />
                        <additionalWheel filename="wheels/380_70R24.xml" configId="dualConnector" isLeft="false" offset="0.1"/>								
                    </wheel>
                </wheels>
            <objectChange node="wheelFrontLeft" translationActive="0.06 0 0" />
            <objectChange node="wheelFrontRight" translationActive="-0.06 0 0" />				
            <objectChange node="wheelBackLeft" translationActive="0.643 0.53 -2.50" />
            <objectChange node="wheelBackRight" translationActive="-0.643 0.53 -2.50" />			
            <objectChange node="wheelBack2Right" translationActive="0.206 0 0.015" />
            <objectChange node="wheelBack2Left" translationActive="-0.206 0 0.015" />				
            </wheelConfiguration>	
            <wheelConfiguration name="$l10n_configuration_valueWheelCommunal" price="1000" brand="NOKIAN" saveId="NOKIAN_DEFAULT">
                <wheels autoRotateBackSpeed="2.2">
                    <wheel filename="wheels/340_80R24.xml" configId="man" isLeft="true" hasTireTracks="true" hasParticles="true">
                        <physics rotSpeed="1" restLoad="2.4" repr="axisFrontLeft" driveNode="wheelFrontLeft" forcePointRatio="0.5" initialCompression="35" suspTravel="0.23" spring="28" damper="40" frictionScale="1.75" />
                    </wheel>
                    <wheel filename="wheels/340_80R24.xml" configId="man" isLeft="false" hasTireTracks="true" hasParticles="true">
                        <physics rotSpeed="1" restLoad="2.4" repr="axisFrontRight" driveNode="wheelFrontRight" forcePointRatio="0.5" initialCompression="35" suspTravel="0.23" spring="28" damper="40" frictionScale="1.75" />
                    </wheel>
                    <wheel filename="wheels/340_80R24.xml" configId="dual" isLeft="true" hasTireTracks="true" hasParticles="true">
                        <physics rotSpeed="0" restLoad="1.6" repr="wheelBack2Left" forcePointRatio="0.5" initialCompression="15" suspTravel="0.19" spring="49" damper="40" frictionScale="2.5" />
                        <additionalWheel filename="wheels/340_80R24.xml" configId="dualConnector" isLeft="true" offset="0.08"/>
                    </wheel>
                    <wheel filename="wheels/340_80R24.xml" configId="dual" isLeft="false" hasTireTracks="true" hasParticles="true">
                        <physics rotSpeed="0" restLoad="1.6" repr="wheelBack2Right" forcePointRatio="0.5" initialCompression="15" suspTravel="0.19" spring="49" damper="40" frictionScale="2.5" />
                        <additionalWheel filename="wheels/340_80R24.xml" configId="dualConnector" isLeft="false" offset="0.08"/>
                    </wheel>
                    <wheel filename="wheels/340_80R24.xml" configId="dual" isLeft="true" hasTireTracks="true" hasParticles="true">
                        <physics rotSpeed="0" restLoad="1.6" repr="wheelBackLeft" forcePointRatio="0.5" initialCompression="15" suspTravel="0.19" spring="49" damper="40" frictionScale="2.5" />
                        <additionalWheel filename="wheels/340_80R24.xml" configId="dualConnector" isLeft="true" offset="0.08"/>
                    </wheel>
                    <wheel filename="wheels/340_80R24.xml" configId="dual" isLeft="false" hasTireTracks="true" hasParticles="true">
                        <physics rotSpeed="0" restLoad="1.6" repr="wheelBackRight" forcePointRatio="0.5" initialCompression="15" suspTravel="0.19" spring="49" damper="40" frictionScale="2.5" />
                        <additionalWheel filename="wheels/340_80R24.xml" configId="dualConnector" isLeft="false" offset="0.08"/>
                    </wheel>
                </wheels>
            <objectChange node="wheelFrontLeft" translationActive="0.06 0 0" />
            <objectChange node="wheelFrontRight" translationActive="-0.06 0 0" />				
            <objectChange node="wheelBackLeft" translationActive="0.643 0.53 -2.54" />
            <objectChange node="wheelBackRight" translationActive="-0.643 0.53 -2.54" />			
            <objectChange node="wheelBack2Right" translationActive="0.206 0 0" />
            <objectChange node="wheelBack2Left" translationActive="-0.206 0 0" />
            </wheelConfiguration>	
            <wheelConfiguration name="$l10n_configuration_valueDefault" price="1000" brand="MICHELIN" saveId="MICHELIN_DEFAULT">
                <wheels autoRotateBackSpeed="2.2">
                    <wheel filename="wheels/500_60R22_5.xml" configId="man" isLeft="true" hasTireTracks="true" hasParticles="true" >
                        <physics rotSpeed="1"  restLoad="2.4" repr="axisFrontLeft"  driveNode="wheelFrontLeft"  forcePointRatio="0.5" initialCompression="35" suspTravel="0.23" spring="28" damper="40" frictionScale="1.75" />
                    </wheel>
                    <wheel filename="wheels/500_60R22_5.xml" configId="man" isLeft="false" hasTireTracks="true" hasParticles="true" >
                        <physics rotSpeed="1"  restLoad="2.4" repr="axisFrontRight" driveNode="wheelFrontRight" forcePointRatio="0.5" initialCompression="35" suspTravel="0.23" spring="28" damper="40" frictionScale="1.75" />
                    </wheel>
                    <wheel filename="$data/shared/wheels/tires/michelin/cargoXBib/500_60R22_5.xml" isLeft="true" hasTireTracks="true" hasParticles="true" >
                        <physics rotSpeed="0"  restLoad="2.6" repr="wheelBack2Left"  forcePointRatio="0.5" initialCompression="15" suspTravel="0.23"  spring="42" damper="40" frictionScale="2.5" />
                    </wheel>
                    <wheel filename="$data/shared/wheels/tires/michelin/cargoXBib/500_60R22_5.xml" isLeft="false" hasTireTracks="true" hasParticles="true" >
                        <physics rotSpeed="0"  restLoad="2.6" repr="wheelBack2Right" forcePointRatio="0.5" initialCompression="15" suspTravel="0.23"  spring="42" damper="40" frictionScale="2.5" />
                    </wheel>					
                    <wheel filename="$data/shared/wheels/tires/michelin/cargoXBib/500_60R22_5.xml" isLeft="true" hasTireTracks="true" hasParticles="true" >
                        <physics rotSpeed="0"  restLoad="1.6" repr="wheelBackLeft"  forcePointRatio="0.5" initialCompression="30" suspTravel="0.23"  spring="42" damper="40" frictionScale="2.5" />
                    </wheel>
                    <wheel filename="$data/shared/wheels/tires/michelin/cargoXBib/500_60R22_5.xml" isLeft="false" hasTireTracks="true" hasParticles="true" >
                        <physics rotSpeed="0"  restLoad="1.6" repr="wheelBackRight" forcePointRatio="0.5" initialCompression="30" suspTravel="0.23"  spring="42" damper="40" frictionScale="2.5" />
                    </wheel>
                </wheels>
            </wheelConfiguration>			
        </wheelConfigurations>

        <ackermannSteeringConfigurations>
            <ackermannSteering rotSpeed="40" rotMax="45" rotCenterWheel1="3" rotCenterWheel2="4" />
        </ackermannSteeringConfigurations>
        <rimColor material="8">0.98 0.98 0.98</rimColor>
        <hubs>
            <color0>SHARED_BLACK2</color0>
            <color1>SHARED_GREY1</color1>
            <hub linkNode="wheelBackLeft"   filename="$data/shared/wheels/hubs/hub_n10_13.xml" isLeft="true"  scale="0.33 0.33 0.33" />
            <hub linkNode="wheelBackRight"  filename="$data/shared/wheels/hubs/hub_n10_13.xml" isLeft="false" scale="0.33 0.33 0.33" />
            <hub linkNode="wheelBack2Left"   filename="$data/shared/wheels/hubs/hub_n10_13.xml" isLeft="true"  scale="0.33 0.33 0.33" />
            <hub linkNode="wheelBack2Right"  filename="$data/shared/wheels/hubs/hub_n10_13.xml" isLeft="false" scale="0.33 0.33 0.33" />			
        </hubs>
    </wheels>
		
    <lights>
        <sharedLight linkNode="reallight" filename="$data/shared/assets/lights/lizard/rearLight32_left.xml" />
        <sharedLight linkNode="reallight1" filename="$data/shared/assets/lights/lizard/rearLight32_right.xml" />

        <sharedLight linkNode="reallight2" node="0" lightTypes="2" filename="$data/shared/assets/lights/lizard/workingLight02.xml" >
            <rotationNode name="rotationNode1" rotation="-65 0 0" />
        </sharedLight>
        <sharedLight linkNode="reallight3" node="0" lightTypes="2" filename="$data/shared/assets/lights/lizard/workingLight02.xml" >
            <rotationNode name="rotationNode1" rotation="-65 0 0" />
        </sharedLight>
        <sharedLight linkNode="reallight4" node="0" lightTypes="2" filename="$data/shared/assets/lights/lizard/workingLight02.xml" >
            <rotationNode name="rotationNode1" rotation="-65 0 0" />
        </sharedLight>
        <sharedLight linkNode="reallight5" node="0" lightTypes="2" filename="$data/shared/assets/lights/lizard/workingLight02.xml" >
            <rotationNode name="rotationNode1" rotation="-65 0 0" />
        </sharedLight>	
        <sharedLight linkNode="defaultlight10" node="0" lightTypes="1" filename="$data/shared/assets/lights/lizard/workingLight02.xml" >
            <rotationNode name="rotationNode1" rotation="-75 0 0" />
        </sharedLight>
        <sharedLight linkNode="defaultlight11" node="0" lightTypes="1" filename="$data/shared/assets/lights/lizard/workingLight02.xml" >
            <rotationNode name="rotationNode1" rotation="-75 0 0" />
        </sharedLight>			
		
        <states>
            <state lightTypes="0" />
            <state lightTypes="0 1" />
            <state lightTypes="0 1 2" />
        </states>

        <realLights>
            <low>
                <light node="lowlight"         lightTypes="0" excludedLightTypes="2 3" />
                <light node="lowlight1"      lightTypes="1" />
                <light node="lowlight2"     lightTypes="2" />
                <light node="lowlight3"           lightTypes="3" />
            </low>
            <high>
                <light node="highlight"        lightTypes="0" excludedLightTypes="2 3" />
                <light node="highlight1"    lightTypes="1"/>
                <light node="highlight2"   lightTypes="2"/>
                <light node="highlight3"          lightTypes="3"/>
                <light node="highlight4"       lightTypes="0"/>
                <brakeLight node="brakelight" />
                <turnLightLeft node="Lturnlight" />
                <turnLightRight node="Rturnlight" />
                <reverseLight node="reverselight" />
                <interiorLight node="interiorlight"/>
            </high>
        </realLights>

        <defaultLights>
            <defaultLight shaderNode="defaultlight" lightTypes="0 3"/>
            <defaultLight shaderNode="defaultlight1" lightTypes="0 3"/>		
            <defaultLight shaderNode="defaultlight2" lightTypes="0 3"/>
            <defaultLight shaderNode="defaultlight3" lightTypes="0 3"/>		
            <defaultLight shaderNode="defaultlight4" lightTypes="0 3"/>
            <defaultLight shaderNode="defaultlight5" lightTypes="0 3"/>		
            <defaultLight shaderNode="defaultlight20" lightTypes="0 3"/>
            <defaultLight shaderNode="defaultlight30" lightTypes="0 3"/>		
            <defaultLight shaderNode="defaultlight40" lightTypes="0 3"/>	
            <defaultLight shaderNode="defaultlight50" lightTypes="0 3"/>			
            <defaultLight shaderNode="defaultlight60" lightTypes="0 3"/>
            <defaultLight shaderNode="defaultlight70" lightTypes="0 3"/>			
            <defaultLight shaderNode="defaultlight6" lightTypes="0 3"/>
            <defaultLight shaderNode="defaultlight7" lightTypes="0 3"/>
            <defaultLight shaderNode="defaultlight8" lightTypes="2" intensity="45" />
            <defaultLight shaderNode="defaultlight9" lightTypes="2" intensity="45" />				
        </defaultLights>

        <turnLights>
            <turnLightLeft shaderNode="turnlight" intensity="70" />
            <turnLightLeft shaderNode="turnlight1" intensity="70" />
            <turnLightRight shaderNode="turnlight2" intensity="70" />
            <turnLightRight shaderNode="turnlight3" intensity="70" />
        </turnLights>

        <brakeLights>
        </brakeLights>

        <reverseLights>
        </reverseLights>

        <sounds>
            <switchLight template="SWITCH_01" linkNode="Man2_main_component1" />
            <turnLight template="SWITCH_TURNLIGHT" linkNode="Man2_main_component1" />
        </sounds>

        <beaconLights>
            <beaconLight node="beacon" filename="Assets/beaconLight01.xml" />
            <beaconLight node="beacon1" filename="Assets/beaconLight01.xml" />
            <beaconLight node="warningLamp" filename="Assets/Strobe_Orange.xml" />	
            <beaconLight node="warningLamp2" filename="Assets/Strobe_Orange2.xml" />	
            <beaconLight node="warningLamp3" filename="Assets/Strobe_Orange.xml" />	
            <beaconLight node="warningLamp4" filename="Assets/Strobe_Orange2.xml" />	
            <beaconLight node="warningLamp5" filename="Assets/Strobe_Orange3.xml" />	
            <beaconLight node="warningLamp6" filename="Assets/Strobe_Orange4.xml" />	
            <beaconLight node="warningLamp7" filename="Assets/Strobe_Orange3.xml" />	
            <beaconLight node="warningLamp8" filename="Assets/Strobe_Orange4.xml" />	
            <beaconLight node="warningLamp0" filename="Assets/Strobe_White.xml" />	
            <beaconLight node="warningLamp20" filename="Assets/Strobe_White2.xml" />	
            <beaconLight node="warningLamp30" filename="Assets/Strobe_White.xml" />	
            <beaconLight node="warningLamp40" filename="Assets/Strobe_White2.xml" />	
            <beaconLight node="warningLamp50" filename="Assets/Strobe_White3.xml" />	
            <beaconLight node="warningLamp60" filename="Assets/Strobe_White4.xml" />	
            <beaconLight node="warningLamp70" filename="Assets/Strobe_White3.xml" />	
            <beaconLight node="warningLamp80" filename="Assets/Strobe_White4.xml" />				
        </beaconLights>

        <dashboards>		
            <dashboard displayType="EMITTER" valueType="lightState"  node="light27"   lightTypes="0 3"   baseColor="BLACK" emitColor="GREEN" groups="MOTOR_ACTIVE" intensity="10"/>
            <dashboard displayType="EMITTER" valueType="lightState" node="light29"   lightTypes="1"  baseColor="BLACK" emitColor="ORANGE" groups="MOTOR_ACTIVE" intensity="10"/>	
            <dashboard displayType="EMITTER" valueType="lightState" node="light28"   lightTypes="2"  baseColor="BLACK" emitColor="ORANGE" groups="MOTOR_ACTIVE" intensity="10"/>				
            <dashboard displayType="EMITTER" valueType="turnLightLeft"  node="light30"      baseColor="BLACK" emitColor="GREEN" groups="MOTOR_ACTIVE" intensity="5"/>
            <dashboard displayType="EMITTER" valueType="turnLightRight" node="light31"     baseColor="BLACK" emitColor="GREEN" groups="MOTOR_ACTIVE" intensity="5"/>
            <dashboard displayType="EMITTER" valueType="beaconLight" node="light32"     baseColor="BLACK" emitColor="RED" groups="MOTOR_ACTIVE" intensity="10"/>			
        </dashboards>		
    </lights>
	<cover>
        <coverConfigurations title="Strobe colour">
			<coverConfiguration name="ORANGE" price="0">
            <objectChange node="warningLamp" visibilityActive="true" />
            <objectChange node="warningLamp2" visibilityActive="true" />
            <objectChange node="warningLamp3" visibilityActive="true" />
            <objectChange node="warningLamp4" visibilityActive="true" />
            <objectChange node="warningLamp5" visibilityActive="true" />		
            <objectChange node="warningLamp6" visibilityActive="true" />
            <objectChange node="warningLamp7" visibilityActive="true" />
            <objectChange node="warningLamp8" visibilityActive="true" />
            <objectChange node="warningLamp0" visibilityActive="false" />
            <objectChange node="warningLamp20" visibilityActive="false" />
            <objectChange node="warningLamp30" visibilityActive="false" />
            <objectChange node="warningLamp40" visibilityActive="false" />
            <objectChange node="warningLamp50" visibilityActive="false" />		
            <objectChange node="warningLamp60" visibilityActive="false" />
            <objectChange node="warningLamp70" visibilityActive="false" />
            <objectChange node="warningLamp80" visibilityActive="false" />			
            <objectChange node="defaultlight000" visibilityActive="false" />
            <objectChange node="defaultlight100" visibilityActive="false" />			
            <objectChange node="defaultlight400" visibilityActive="false" />
            <objectChange node="defaultlight500" visibilityActive="false" />	
            </coverConfiguration>
			<coverConfiguration name="WHITE" price="0">
            <objectChange node="warningLamp" visibilityActive="false" />
            <objectChange node="warningLamp2" visibilityActive="false" />
            <objectChange node="warningLamp3" visibilityActive="false" />
            <objectChange node="warningLamp4" visibilityActive="false" />
            <objectChange node="warningLamp5" visibilityActive="false" />		
            <objectChange node="warningLamp6" visibilityActive="false" />
            <objectChange node="warningLamp7" visibilityActive="false" />
            <objectChange node="warningLamp8" visibilityActive="false" />
            <objectChange node="warningLamp0" visibilityActive="true" />
            <objectChange node="warningLamp20" visibilityActive="true" />
            <objectChange node="warningLamp30" visibilityActive="true" />
            <objectChange node="warningLamp40" visibilityActive="true" />
            <objectChange node="warningLamp50" visibilityActive="true" />		
            <objectChange node="warningLamp60" visibilityActive="true" />
            <objectChange node="warningLamp70" visibilityActive="true" />
            <objectChange node="warningLamp80" visibilityActive="true" />			
            <objectChange node="defaultlight000" visibilityActive="false" />
            <objectChange node="defaultlight100" visibilityActive="false" />			
            <objectChange node="defaultlight400" visibilityActive="false" />
            <objectChange node="defaultlight500" visibilityActive="false" />	
            </coverConfiguration>			
            <coverConfiguration name="$l10n_ui_no" price="0">
            <objectChange node="warningLamp" visibilityActive="false" />
            <objectChange node="warningLamp2" visibilityActive="false" />
            <objectChange node="warningLamp3" visibilityActive="false" />
            <objectChange node="warningLamp4" visibilityActive="false" />
            <objectChange node="warningLamp5" visibilityActive="false" />		
            <objectChange node="warningLamp6" visibilityActive="false" />
            <objectChange node="warningLamp7" visibilityActive="false" />
            <objectChange node="warningLamp8" visibilityActive="false" />
            <objectChange node="defaultlight000" visibilityActive="true" />
            <objectChange node="defaultlight100" visibilityActive="true" />			
            <objectChange node="defaultlight400" visibilityActive="true" />
            <objectChange node="defaultlight500" visibilityActive="true" />	
            <objectChange node="warningLamp0" visibilityActive="false" />			
            <objectChange node="warningLamp20" visibilityActive="false" />
            <objectChange node="warningLamp30" visibilityActive="false" />
            <objectChange node="warningLamp40" visibilityActive="false" />
            <objectChange node="warningLamp50" visibilityActive="false" />		
            <objectChange node="warningLamp60" visibilityActive="false" />
            <objectChange node="warningLamp70" visibilityActive="false" />
            <objectChange node="warningLamp80" visibilityActive="false" />				
            </coverConfiguration>			
        </coverConfigurations>
    </cover>
    <enterable isTabbable="true" >
        <enterReferenceNode node="Man2_main_component1" />
        <exitPoint node="exitPoint" />

        <cameras>
            <camera node="camera" rotatable="true" rotateNode="0>1|0" limit="true" useWorldXZRotation="true" rotMinX="-1.4" rotMaxX="1" transMin="4.5" transMax="40" translation="0 0 9" rotation="-20 180 0">
                <raycastNode node="ray"/>
                <raycastNode node="ray1"/>
                <raycastNode node="ray2"/>
            </camera>
            <camera node="camera1" rotatable="true" limit="true" rotMinX="-1.1" rotMaxX="0.4" transMin="0" transMax="0" useMirror="true" isInside="true" positionSmoothingParameter="0.4" shadowFocusBox="0>1|5" suspensionNodeIndex="2"/>
        </cameras>

        <characterNode node="character" cameraMinDistance="1.5" spineRotation="-90 0 90" >
            <target ikChain="rightFoot" targetNode="rightFoot" />
            <target ikChain="leftFoot"  targetNode="leftFoot" />
            <target ikChain="rightArm"  targetNode="rightArm" />
            <target ikChain="leftArm"   targetNode="leftArm" />
        </characterNode>
        <characterTargetNodeModifier node="rightFoot" transitionTime="0.1" >
            <state node="brakepedaleRef" referenceNode="brakepedale" />		
            <state node="gazpedaleRef"   referenceNode="gazpedale" directionReferenceNode="gazpedaleRef2" />
        </characterTargetNodeModifier>		

    <mirrors>
        <mirror node="mirror" prio="1" />
        <mirror node="mirror2" prio="1" />
    </mirrors>
        <dashboards>
            <dashboard displayType="NUMBER" valueType="operatingTime" numbers="numbers" numberColor="1 1 1 1" precision="1" font="GENERIC" groups="MOTOR_ACTIVE" intensity="1"/>			
        </dashboards>		
		
    <!--    <passengerSeats>
            <passengerSeat node="passengerSeat01" exitPoint="passengerSeat01ExitPoint" outdoorCameraIndex="1">
                <camera node="passengerSeat01Camera" rotatable="true" limit="true" rotMinX="-1.1" rotMaxX="0.4" transMin="0" transMax="0" useMirror="true" isInside="true" positionSmoothingParameter="0" shadowFocusBox="shadowFocusBox"/>
                <characterNode node="passengerSeat01PlayerSkin" cameraMinDistance="0.5" spineRotation="-90 0 90">
                    <target ikChain="leftArm"   targetNode="passengerSeat01PlayerLeftHand" poseId="flatFingers"/>
                    <target ikChain="rightArm"  targetNode="passengerSeat01PlayerRightHand" poseId="flatFingers"/>
                    <target ikChain="leftFoot"  targetNode="passengerSeat01PlayerLeftFoot" />
                    <target ikChain="rightFoot" targetNode="passengerSeat01PlayerRightFoot" />
                </characterNode>
            </passengerSeat>
        </passengerSeats>		 -->
    </enterable>
    <speedRotatingParts>
        <speedRotatingPart node="rotationpart" radius="0.1"/>
        <speedRotatingPart node="rotationpart1" radius="0.1"/>
    </speedRotatingParts>
	
	
    <motorized statsType="truck">
        <consumerConfigurations>
            <consumerConfiguration>
                <consumer fillUnitIndex="1" usage="150" fillType="diesel" /> <!-- usage is per hour at max load and max rpm -->
                <consumer fillUnitIndex="2" usage="20" fillType="def" /> <!-- usage is per hour at max load and max rpm -->
                <consumer fillUnitIndex="3" usage="300" fillType="air" permanentConsumption="false" refillLitersPerSecond="350" refillCapacityPercentage="0.5" /> <!-- usage per second at full brake power -->
            </consumerConfiguration>
        </consumerConfigurations>

       <differentialConfigurations>
            <differentialConfiguration>
                <differentials>
                    <differential torqueRatio="0.5" maxSpeedRatio="1.4" wheelIndex1="1" wheelIndex2="2" /> <!-- front left-right -->
                    <differential torqueRatio="0.5" maxSpeedRatio="1.4" wheelIndex1="3" wheelIndex2="4" /> <!-- middle left-right -->
                    <differential torqueRatio="0.5" maxSpeedRatio="1.4" wheelIndex1="5" wheelIndex2="6" /> <!-- back left-right -->
                    <differential torqueRatio="0.5" maxSpeedRatio="1.4" differentialIndex1="1" differentialIndex2="2" /> <!-- front-middle -->
                    <differential torqueRatio="0.5" maxSpeedRatio="1.3" differentialIndex1="3" differentialIndex2="4" /> <!-- back -front-middle-->
                </differentials>
            </differentialConfiguration>
        </differentialConfigurations>

         <motorConfigurations>
            <motorConfiguration name="33 414" hp="414" price="0">
                <motor torqueScale="1.898" minRpm="850" maxRpm="2200" maxForwardSpeed="83" maxBackwardSpeed="15" brakeForce="7" lowBrakeForceScale="0.22" rotInertia="0.004788">
                    <torque rpm="850" torque="0.9"/>
                    <torque rpm="1000" torque="1"/>
                    <torque rpm="1450" torque="1"/>
                    <torque rpm="1900" torque="0.75"/>
                    <torque rpm="2200" torque="0.63"/>
                    <torque rpm="2500" torque="0.2"/>
                </motor>

                <transmission autoGearChangeTime="0.2" gearChangeTime="0.1" axleRatio="10" startGearThreshold="1.0" name="$l10n_info_transmission_manual">
                    <directionChange useGear="true" useGroup="false" changeTime="0.5"/>

                    <forwardGear gearRatio="12.92" actionName="SHIFT_GEAR_SELECT_1"/>
                    <forwardGear gearRatio="9.98" actionName="-"/>
                    <forwardGear gearRatio="7.69" actionName="SHIFT_GEAR_SELECT_2"/>
                    <forwardGear gearRatio="5.94" actionName="-"/>
                    <forwardGear gearRatio="4.57" actionName="SHIFT_GEAR_SELECT_3"/>
                    <forwardGear gearRatio="3.53" actionName="-"/>
                    <forwardGear gearRatio="2.83" actionName="SHIFT_GEAR_SELECT_4"/>
                    <forwardGear gearRatio="2.19" actionName="-"/>
                    <forwardGear gearRatio="1.68" actionName="SHIFT_GEAR_SELECT_5"/>
                    <forwardGear gearRatio="1.30" actionName="SHIFT_GEAR_SELECT_6"/>
                    <forwardGear gearRatio="1.00" actionName="SHIFT_GEAR_SELECT_7"/>
                    <forwardGear gearRatio="0.77" actionName="SHIFT_GEAR_SELECT_8"/>
                    <backwardGear gearRatio="12.03" name="R1"/>
                    <backwardGear gearRatio="9.29" name="R2"/>
                    <backwardGear gearRatio="6.64" name="R3"/>
                    <backwardGear gearRatio="4.04" name="R4"/>
                </transmission>
            </motorConfiguration>
        </motorConfigurations>


        <motorStartDuration>2900</motorStartDuration>
        <exhaustEffects>
            <exhaustEffect node="exhaust" filename="$data/effects/exhaust/exhaust.i3d" minRpmColor="0.9 0.9 0.9 0.1" maxRpmColor="0.9 0.9 0.9 0.4" minRpmScale="0.05" maxRpmScale="0.5" />
        </exhaustEffects>
        <dashboards>
            <dashboard displayType="ANIMATION" valueType="rpm" animName="rpmDisplay" minValueAnim="0" maxValueAnim="2500" groups="MOTOR_ACTIVE"/>
            <dashboard displayType="ANIMATION" valueType="speed" animName="speedDisplay" minValueAnim="0" maxValueAnim="100" groups="MOTOR_ACTIVE"/>					
        </dashboards>		
    </motorized>
	
    <drivable>

        <steeringWheel node="steeringwheel" indoorRotation="360" outdoorRotation="25" />
        <dashboards>
            <dashboard displayType="ROT" valueType="accelerationAxis" node="gazpedale"   minRot="-25 -26.777 0" maxRot="-15 -26.777 0" doInterpolation="true" groups="MOTOR_ACTIVE"/>
            <dashboard displayType="ROT" valueType="decelerationAxis" node="brakepedale" minRot="-25 -9.694 0" maxRot="-15 -9.694 0" doInterpolation="true" groups="MOTOR_ACTIVE"/>
        </dashboards>
    </drivable>


    <fillUnit>
        <fillUnitConfigurations>
            <fillUnitConfiguration>
                <fillUnits>
                    <fillUnit unitTextOverride="$l10n_unit_literShort" showOnHud="false" showInShop="false" fillTypes="diesel" capacity="400">
                        <dashboard displayType="ANIMATION" valueType="fillLevel" animName="fuelDisplay" groups="MOTOR_ACTIVE"/>
                    </fillUnit>
                    <fillUnit unitTextOverride="$l10n_unit_literShort" showOnHud="false" showInShop="false" showOnInfoHud="false" fillTypes="def" capacity="60"/>
                    <fillUnit unitTextOverride="$l10n_unit_literShort" showOnHud="false" showInShop="false" showOnInfoHud="false" fillTypes="air" capacity="4000"/>
                </fillUnits>
            </fillUnitConfiguration>
        </fillUnitConfigurations>
    </fillUnit>
		
	<vehicleTypeConfigurations title="Stickers" >
	    <vehicleTypeConfiguration name="$l10n_ui_no" price="0" vehicleType="MAN">
            <objectChange node="Stickers1" visibilityActive="false" />	
            <objectChange node="Stickers2" visibilityActive="false" />	
            <objectChange node="Stickers3" visibilityActive="false" />			
            <objectChange node="Stickers4" visibilityActive="false" />				
            <objectChange node="Stickers5" visibilityActive="false" />			
            <objectChange node="Stickers6" visibilityActive="false" />	
            <objectChange node="Stickers7" visibilityActive="false" />
            <objectChange node="Stickers8" visibilityActive="false" />	
            <objectChange node="Stickers9" visibilityActive="false" />
            <objectChange node="Stickers10" visibilityActive="false" />		
            <objectChange node="Stickers11" visibilityActive="false" />
            <objectChange node="Stickers12" visibilityActive="false" />	
        </vehicleTypeConfiguration>	
	    <vehicleTypeConfiguration name="Model 1" price="250" vehicleType="MAN">
            <objectChange node="Stickers1" visibilityActive="true" />	
            <objectChange node="Stickers2" visibilityActive="true" />	
            <objectChange node="Stickers3" visibilityActive="true" />			
            <objectChange node="Stickers4" visibilityActive="false" />				
            <objectChange node="Stickers5" visibilityActive="false" />			
            <objectChange node="Stickers6" visibilityActive="false" />	
            <objectChange node="Stickers7" visibilityActive="false" />
            <objectChange node="Stickers8" visibilityActive="false" />	
            <objectChange node="Stickers9" visibilityActive="false" />
            <objectChange node="Stickers10" visibilityActive="false" />		
            <objectChange node="Stickers11" visibilityActive="false" />
            <objectChange node="Stickers12" visibilityActive="false" />			
        </vehicleTypeConfiguration>		
	    <vehicleTypeConfiguration name="Model 2" price="250" vehicleType="MAN">
            <objectChange node="Stickers1" visibilityActive="false" />	
            <objectChange node="Stickers2" visibilityActive="false" />	
            <objectChange node="Stickers3" visibilityActive="false" />			
            <objectChange node="Stickers4" visibilityActive="true" />				
            <objectChange node="Stickers5" visibilityActive="true" />			
            <objectChange node="Stickers6" visibilityActive="true" />	
            <objectChange node="Stickers7" visibilityActive="false" />
            <objectChange node="Stickers8" visibilityActive="false" />	
            <objectChange node="Stickers9" visibilityActive="false" />
            <objectChange node="Stickers10" visibilityActive="false" />		
            <objectChange node="Stickers11" visibilityActive="false" />
            <objectChange node="Stickers12" visibilityActive="false" />			
        </vehicleTypeConfiguration>	
	    <vehicleTypeConfiguration name="Model 3" price="250" vehicleType="MAN">
            <objectChange node="Stickers1" visibilityActive="false" />	
            <objectChange node="Stickers2" visibilityActive="false" />	
            <objectChange node="Stickers3" visibilityActive="false" />			
            <objectChange node="Stickers4" visibilityActive="false" />				
            <objectChange node="Stickers5" visibilityActive="false" />			
            <objectChange node="Stickers6" visibilityActive="false" />	
            <objectChange node="Stickers7" visibilityActive="true" />
            <objectChange node="Stickers8" visibilityActive="true" />	
            <objectChange node="Stickers9" visibilityActive="true" />
            <objectChange node="Stickers10" visibilityActive="false" />		
            <objectChange node="Stickers11" visibilityActive="false" />
            <objectChange node="Stickers12" visibilityActive="false" />			
        </vehicleTypeConfiguration>	
	    <vehicleTypeConfiguration name="Model 4" price="250" vehicleType="MAN">
            <objectChange node="Stickers1" visibilityActive="false" />	
            <objectChange node="Stickers2" visibilityActive="false" />	
            <objectChange node="Stickers3" visibilityActive="false" />			
            <objectChange node="Stickers4" visibilityActive="false" />				
            <objectChange node="Stickers5" visibilityActive="false" />			
            <objectChange node="Stickers6" visibilityActive="false" />	
            <objectChange node="Stickers7" visibilityActive="false" />
            <objectChange node="Stickers8" visibilityActive="false" />	
            <objectChange node="Stickers9" visibilityActive="false" />
            <objectChange node="Stickers10" visibilityActive="true" />		
            <objectChange node="Stickers11" visibilityActive="true" />
            <objectChange node="Stickers12" visibilityActive="true" />			
        </vehicleTypeConfiguration>					
        </vehicleTypeConfigurations>
	
	
    <attacherJoints comboDuration="2">
        <attacherJointConfigurations title="$l10n_configuration_FR">	
            <attacherJointConfiguration name="$l10n_configuration_valueNo" price="0">					
                <attacherJoint node="0>5|0" jointType="semitrailer" allowsJointLimitMovement="false" allowsLowering="false" lowerRotLimit="0.8 125 15">
                    <schema position="1 0" rotation="0" invertX="false" />
                </attacherJoint>
                <attacherJoint node="TRUCK_ATTACH_02" jointType="trailer" lowerRotLimit="25 65 50" allowsJointLimitMovement="false" comboTime="1">
                    <schema position="1.5 0" rotation="0" invertX="false" />				
                </attacherJoint>
                <attacherJoint node="TRUCK_ATTACH_02" jointType="trailerLow" lowerRotLimit="25 65 50" lowerTransLimit="0 0 0" allowsJointLimitMovement="false" comboTime="1">
                    <schema position="1.5 0" rotation="0" invertX="false" />				
                </attacherJoint>	
                <attacherJoint node="TRUCK_ATTACH_04" jointType="manLift" allowsLowering="false">
                    <schema position="0.5 0.4" rotation="0" invertX="false" />
            <objectChange node="TRUCK_ATTACH_200" visibilityActive="false"  visibilityInactive="true" />							
                </attacherJoint>	
                <attacherJoint node="TRUCK_ATTACH_040" jointType="hookLift" allowsLowering="false">
                    <schema position="0.5 0.4" rotation="0" invertX="false" />
            <objectChange node="TRUCK_ATTACH_200" visibilityActive="false"  visibilityInactive="true" />							
                </attacherJoint>				
            <objectChange node="TRUCK_ATTACH_05" visibilityActive="false"/>	
             <objectChange node="licensePlateFront2" visibilityActive="false" />
            <objectChange node="licensePlateFront" visibilityActive="true" />			
            </attacherJointConfiguration>
            <attacherJointConfiguration name="$l10n_configuration_valueYes" price="1000">
                <attacherJoint node="TRUCK_ATTACH_06" jointType="semitrailer" allowsJointLimitMovement="false" allowsLowering="false" lowerRotLimit="0.8 125 15">
                    <schema position="1 0" rotation="0" invertX="false" />
                </attacherJoint>
                <attacherJoint node="TRUCK_ATTACH_02" jointType="trailer" lowerRotLimit="25 65 50" allowsJointLimitMovement="false" comboTime="1">
                    <schema position="1.5 0" rotation="0" invertX="false" />		
                </attacherJoint>
                <attacherJoint node="TRUCK_ATTACH_02" jointType="trailerLow" lowerRotLimit="25 65 50" lowerTransLimit="0 0 0" allowsJointLimitMovement="false" comboTime="1">
                    <schema position="1.5 0" rotation="0" invertX="false" />					
                </attacherJoint>
        <attacherJoint node="TRUCK_ATTACH_03" upperRotationOffset="0.22" moveTime="2.5" comboTime="0">
            <distanceToGround lower="0.24" upper="0.50" />
            <rotationNode node="TRUCK_ATTACH_08" lowerRotation="22 0 0" upperRotation="-16 0 0" />
            <rotationNode2 node="TRUCK_ATTACH_03" />
            <bottomArm rotationNode="TRUCK_ATTACH_07" translationNode="0>15|0|1|0" referenceNode="0>15|0|1|0|0" zScale="1" startRotation="-5 0 0"/>
            <topArm baseNode="TRUCK_ATTACH_09" filename="$data/shared/assets/upperLinks/walterscheid01.i3d" zScale="1" color="SHARED_BLACK1"/>
            <schema position="1 0" rotation="0" invertX="true" />
            <objectChange node="TRUCK_ATTACH_10" rotationActive="0 0 0" rotationInactive="-65 0 0"/>
        </attacherJoint>
                <attacherJoint node="TRUCK_ATTACH_04" jointType="manLift" allowsLowering="false">
                    <schema position="1 0.5" rotation="0" invertX="false" />
            <objectChange node="TRUCK_ATTACH_200" visibilityActive="false"  visibilityInactive="true" />							
                </attacherJoint>
                <attacherJoint node="TRUCK_ATTACH_040" jointType="hookLift" allowsLowering="false">
                    <schema position="1 0.5" rotation="0" invertX="false" />
            <objectChange node="TRUCK_ATTACH_200" visibilityActive="false"  visibilityInactive="true" />							
                </attacherJoint>				
            <objectChange node="TRUCK_ATTACH_05" visibilityActive="true"/>		
             <objectChange node="licensePlateFront" visibilityActive="false" />
            <objectChange node="licensePlateFront2" visibilityActive="true" />			
            </attacherJointConfiguration>						
        </attacherJointConfigurations>
    </attacherJoints>
    <powerTakeOffs>
        <output attacherJointIndices="2 3" outputNode="PTO" />
        <output attacherJointIndices="4" outputNode="PTO1" />		
    </powerTakeOffs>  
    <connectionHoses>
        <target attacherJointIndices="2 3" type="airDoubleRed" node="airDoubleStorage" socket="air_red"/>
        <target attacherJointIndices="2 3" type="airDoubleYellow" node="airDoubleControl" socket="air_yellow"/>
        <target attacherJointIndices="2 3" type="hydraulicIn" node="hydraulic01_in" socket="hydraulic01"/>
        <target attacherJointIndices="2 3" type="hydraulicOut" node="hydraulic01_out" socket="hydraulic01"/>
        <target attacherJointIndices="2 3" type="hydraulicIn" node="hydraulic02_in" socket="hydraulic02"/>
        <target attacherJointIndices="2 3" type="hydraulicOut" node="hydraulic02_out" socket="hydraulic02"/>
        <target attacherJointIndices="2 3" type="electric" node="backElectric" socket="electric"/>
        <target attacherJointIndices="4" type="airDoubleRed" node="airDoubleStorage2" socket="air_red"/>
        <target attacherJointIndices="4" type="airDoubleYellow" node="airDoubleControl2" socket="air_yellow"/>
        <target attacherJointIndices="4" type="hydraulicIn" node="hydraulic01_in2" socket="hydraulic01"/>
        <target attacherJointIndices="4" type="hydraulicOut" node="hydraulic01_out2" socket="hydraulic01"/>
        <target attacherJointIndices="4" type="electric" node="backElectric2" socket="electric"/>		
        <target attacherJointIndices="1" type="airDoubleRed" node="airDoubleRedIn">
			<objectChange node="airDoubleRedDetached" visibilityActive="false" visibilityInactive="true"/>
		</target>
        <target attacherJointIndices="1" type="airDoubleYellow" node="airDoubleYellowOut">
			<objectChange node="airDoubleYellowDetached" visibilityActive="false" visibilityInactive="true"/>
		</target>
        <target attacherJointIndices="1" type="hydraulicIn" node="hydraulicIn_01">
			<objectChange node="airDoubleYellowDetached" visibilityActive="false" visibilityInactive="true"/>
		</target>
        <target attacherJointIndices="1" type="hydraulicOut" node="hydraulicOut_01">
			<objectChange node="airDoubleYellowDetached" visibilityActive="false" visibilityInactive="true"/>
		</target>
		<target attacherJointIndices="1" type="electric" node="elettricSocket">
			<objectChange node="elettricSocketDetached" visibilityActive="false" visibilityInactive="true"/>
		</target>		
    </connectionHoses>		
    <honk>
        <sound template="HONK_TRUCK" linkNode="Man2_main_component1" />
    </honk>
    <wipers>
        <wiper animName="wiperFrontAnimation" >
            <state animSpeed="0.75" animPause="2.0" />
            <state animSpeed="0.75" animPause="0.0" />
            <state animSpeed="1.10" animPause="0.0" />
        </wiper>
    </wipers>
    <animations>	
        <animation name="wiperFrontAnimation">
            <part node="wiperFront1"  startTime="0.0" endTime="0.5" startRot="0 0 0" endRot="0 0 -70" />
            <part node="wiperFront2"  startTime="0.0" endTime="0.5" startRot="0 0 0" endRot="0 0 -70" />
            <part node="wiperFront3"  startTime="0.0" endTime="0.5" startRot="0 0 0" endRot="0 0 -70" />			
        </animation>	
        <animation name="speedDisplay">
            <part node="speedDisplay" startTime="0" endTime="1" startRot="0 0 0" endRot="-197 0 0"/>
        </animation>
        <animation name="rpmDisplay">
            <part node="rpmDisplay" startTime="0" endTime="1" startRot="0 0 0" endRot="-197 0 0"/>
        </animation>
        <animation name="fuelDisplay">
            <part node="fuelDisplay" startTime="0" endTime="1" startRot="0 0 0" endRot="-74 0 0"/>		
        </animation>
       <animation name="backDoor">						
            <part node="backDoor" startTime="0" endTime="1" startRot="0 0 0" endRot="0 -75 0"/>	
            <sound template="metalClose"    startTime="0.05"  direction="-1" volumeScale="2.4" pitchScale="1.4"/>
            <sound template="metalOpen"     startTime="0.05"  direction="1"  volumeScale="2.6" pitchScale="0.8"/>
            <sound template="hingeMedium"   startTime="0.90"  direction="-1"  volumeScale="1.8" pitchScale="1.1"/>				
        </animation>		
    </animations>
	
    <foldable>
        <foldingConfigurations>
            <foldingConfiguration price="0" >
        <foldingParts posDirectionText="$l10n_door" negDirectionText="$l10n_door2">
                    <foldingPart animationName="backDoor" speedScale="1" />
                </foldingParts>
                <size widthOffset="0.6"/>
            </foldingConfiguration>
        </foldingConfigurations>
    </foldable>	
	
    <cylindered>
        <movingTools>
            <movingTool node="backDoor" playSound="true"/>
        </movingTools>
        <movingParts>	
        <movingPart node="moving" referencePoint="moving1" referenceFrame="moving1" isActiveDirty="true" scaleZ="true" invertZ="false" maxUpdateDistance="75"/>	

            <movingPart node="steeringBar" referencePoint="steeringBarRef" referenceFrame="steeringBarRef" isActiveDirty="true" maxUpdateDistance="75"/>
        </movingParts>
    </cylindered>
    <suspensions>
        <suspension node="suspension"              weight="150" minTranslation="0 -0.17 0.0" maxTranslation="0 0.17 0.0" suspensionParametersX="20 4" suspensionParametersY="5 1" suspensionParametersZ="20 4" />
        <suspension node="suspension1"              weight="150" minTranslation="0 -0.17 0.0" maxTranslation="0 0.17 0.0" suspensionParametersX="20 4" suspensionParametersY="5 1" suspensionParametersZ="20 4" />		
        <suspension useCharacterTorso="true" weight="90"  minRotation="0 -5 -5" maxRotation="0 5 5" suspensionParametersY="7 1" suspensionParametersZ="7 1" />
    </suspensions>

    <ai>
        <agent width="2.65" length="6.65" height="3.55" lengthOffset="2.15" frontOffset="3.915" />
        <collisionTrigger node="collision" width="3.1" height="3.5"/>
    </ai>	
    <dashboard>
        <groups>
            <group name="MOTOR_STARTING" isMotorStarting="true"/>
            <group name="MOTOR_ACTIVE"   isMotorStarting="true" isMotorRunning="true"/>
        </groups>
        <default>
        </default>
    </dashboard>
    <foliageBending>
        <bendingNode minX="-1.35" maxX="1.35" minZ="-3.15" maxZ="3.1" yOffset="0.5" />
        <bendingNode minX="-0.3" maxX="0.3" minZ="-3.5" maxZ="-3.05" yOffset="0.4" />
    </foliageBending>
 <designConfigurations title="Design">
        <designConfiguration name="$l10n_configuration_valueNo">
            <objectChange node="designConfiguration0" visibilityActive="false" />
            <objectChange node="designConfiguration1" visibilityActive="false" />	
            <objectChange node="Panel" visibilityActive="false" />		
            <objectChange node="Panel1" visibilityActive="false" />
            <objectChange node="Panel2" visibilityActive="false" />
            <objectChange node="Panel3" visibilityActive="false" />
            <objectChange node="Panel4" visibilityActive="false" />	
            <objectChange node="licensePlateFront" translationActive="0 1.033 3.078" />			
        </designConfiguration>
        <designConfiguration name="Model A" price="500">
            <objectChange node="designConfiguration0" visibilityActive="true" />
            <objectChange node="designConfiguration1" visibilityActive="false" />
            <objectChange node="Panel" visibilityActive="false" />		
            <objectChange node="Panel1" visibilityActive="false" />
            <objectChange node="Panel2" visibilityActive="false" />
            <objectChange node="Panel3" visibilityActive="false" />
            <objectChange node="Panel4" visibilityActive="false" />		
            <objectChange node="licensePlateFront" translationActive="0 1.033 3.154" />				
        </designConfiguration>
        <designConfiguration name="Model A1" price="600">
            <objectChange node="designConfiguration0" visibilityActive="true" />
            <objectChange node="designConfiguration1" visibilityActive="false" />
            <objectChange node="Panel" visibilityActive="true" />
            <objectChange node="Panel" translationActive="0 0 0.038" />				
            <objectChange node="Panel1" visibilityActive="true" />
            <objectChange node="Panel2" visibilityActive="false" />
            <objectChange node="Panel3" visibilityActive="false" />
            <objectChange node="Panel4" visibilityActive="false" />		
            <objectChange node="licensePlateFront" translationActive="0 1.033 3.154" />				
        </designConfiguration>
        <designConfiguration name="Model A2" price="600">
            <objectChange node="designConfiguration0" visibilityActive="true" />
            <objectChange node="designConfiguration1" visibilityActive="false" />
            <objectChange node="Panel" visibilityActive="true" />
            <objectChange node="Panel" translationActive="0 0 0.038" />				
            <objectChange node="Panel1" visibilityActive="false" />
            <objectChange node="Panel2" visibilityActive="true" />
            <objectChange node="Panel3" visibilityActive="false" />
            <objectChange node="Panel4" visibilityActive="false" />	
            <objectChange node="licensePlateFront" translationActive="0 1.033 3.154" />				
        </designConfiguration>
        <designConfiguration name="Model A3" price="600">
            <objectChange node="designConfiguration0" visibilityActive="true" />
            <objectChange node="designConfiguration1" visibilityActive="false" />
            <objectChange node="Panel" visibilityActive="true" />
            <objectChange node="Panel" translationActive="0 0 0.038" />				
            <objectChange node="Panel1" visibilityActive="false" />
            <objectChange node="Panel2" visibilityActive="false" />
            <objectChange node="Panel3" visibilityActive="true" />
            <objectChange node="Panel4" visibilityActive="false" />	
            <objectChange node="licensePlateFront" translationActive="0 1.033 3.154" />				
        </designConfiguration>	
        <designConfiguration name="Model A4" price="600">
            <objectChange node="designConfiguration0" visibilityActive="true" />
            <objectChange node="designConfiguration1" visibilityActive="false" />
            <objectChange node="Panel" visibilityActive="true" />
            <objectChange node="Panel" translationActive="0 0 0.038" />				
            <objectChange node="Panel1" visibilityActive="false" />
            <objectChange node="Panel2" visibilityActive="false" />
            <objectChange node="Panel3" visibilityActive="false" />
            <objectChange node="Panel4" visibilityActive="true" />	
            <objectChange node="licensePlateFront" translationActive="0 1.033 3.154" />				
        </designConfiguration>
        <designConfiguration name="Model B" price="500">
            <objectChange node="designConfiguration0" visibilityActive="false" />
            <objectChange node="designConfiguration1" visibilityActive="true" />
            <objectChange node="Panel" visibilityActive="false" />		
            <objectChange node="Panel1" visibilityActive="false" />
            <objectChange node="Panel2" visibilityActive="false" />
            <objectChange node="Panel3" visibilityActive="false" />
            <objectChange node="Panel4" visibilityActive="false" />	
            <objectChange node="licensePlateFront" translationActive="0 1.033 3.154" />				
        </designConfiguration>
        <designConfiguration name="Model B1" price="600">
            <objectChange node="designConfiguration0" visibilityActive="false" />
            <objectChange node="designConfiguration1" visibilityActive="true" />
            <objectChange node="Panel" visibilityActive="true" />
            <objectChange node="Panel" translationActive="0 0 0.038" />				
            <objectChange node="Panel1" visibilityActive="true" />
            <objectChange node="Panel2" visibilityActive="false" />
            <objectChange node="Panel3" visibilityActive="false" />
            <objectChange node="Panel4" visibilityActive="false" />	
            <objectChange node="licensePlateFront" translationActive="0 1.033 3.154" />				
        </designConfiguration>
        <designConfiguration name="Model B2" price="600">
            <objectChange node="designConfiguration0" visibilityActive="false" />
            <objectChange node="designConfiguration1" visibilityActive="true" />
            <objectChange node="Panel" visibilityActive="true" />	
            <objectChange node="Panel" translationActive="0 0 0.038" />				
            <objectChange node="Panel1" visibilityActive="false" />
            <objectChange node="Panel2" visibilityActive="true" />
            <objectChange node="Panel3" visibilityActive="false" />
            <objectChange node="Panel4" visibilityActive="false" />	
            <objectChange node="licensePlateFront" translationActive="0 1.033 3.154" />				
        </designConfiguration>
        <designConfiguration name="Model B3" price="600">
            <objectChange node="designConfiguration0" visibilityActive="false" />
            <objectChange node="designConfiguration1" visibilityActive="true" />
            <objectChange node="Panel" visibilityActive="true" />	
            <objectChange node="Panel" translationActive="0 0 0.038" />				
            <objectChange node="Panel1" visibilityActive="false" />
            <objectChange node="Panel2" visibilityActive="false" />
            <objectChange node="Panel3" visibilityActive="true" />
            <objectChange node="Panel4" visibilityActive="false" />	
            <objectChange node="licensePlateFront" translationActive="0 1.033 3.154" />				
        </designConfiguration>	
        <designConfiguration name="Model B4" price="600">
            <objectChange node="designConfiguration0" visibilityActive="false" />
            <objectChange node="designConfiguration1" visibilityActive="true" />
            <objectChange node="Panel" visibilityActive="true" />
            <objectChange node="Panel" translationActive="0 0 0.038" />						
            <objectChange node="Panel1" visibilityActive="false" />
            <objectChange node="Panel2" visibilityActive="false" />
            <objectChange node="Panel3" visibilityActive="false" />
            <objectChange node="Panel4" visibilityActive="true" />	
            <objectChange node="licensePlateFront" translationActive="0 1.033 3.154" />				
        </designConfiguration>
        <designConfiguration name="Model C1" price="100">
            <objectChange node="designConfiguration0" visibilityActive="false" />
            <objectChange node="designConfiguration1" visibilityActive="false" />
            <objectChange node="Panel" visibilityActive="true" />		
            <objectChange node="Panel1" visibilityActive="true" />
            <objectChange node="Panel2" visibilityActive="false" />
            <objectChange node="Panel3" visibilityActive="false" />
            <objectChange node="Panel4" visibilityActive="false" />	
            <objectChange node="licensePlateFront" translationActive="0 1.033 3.078" />					
        </designConfiguration>
        <designConfiguration name="Model C2" price="100">
            <objectChange node="designConfiguration0" visibilityActive="false" />
            <objectChange node="designConfiguration1" visibilityActive="false" />
            <objectChange node="Panel" visibilityActive="true" />		
            <objectChange node="Panel1" visibilityActive="false" />
            <objectChange node="Panel2" visibilityActive="true" />
            <objectChange node="Panel3" visibilityActive="false" />
            <objectChange node="Panel4" visibilityActive="false" />	
            <objectChange node="licensePlateFront" translationActive="0 1.033 3.078" />				
        </designConfiguration>
        <designConfiguration name="Model C3" price="100">
            <objectChange node="designConfiguration0" visibilityActive="false" />
            <objectChange node="designConfiguration1" visibilityActive="false" />
            <objectChange node="Panel" visibilityActive="true" />		
            <objectChange node="Panel1" visibilityActive="false" />
            <objectChange node="Panel2" visibilityActive="false" />
            <objectChange node="Panel3" visibilityActive="true" />
            <objectChange node="Panel4" visibilityActive="false" />	
            <objectChange node="licensePlateFront" translationActive="0 1.033 3.078" />					
        </designConfiguration>	
        <designConfiguration name="Model C4" price="100">
            <objectChange node="designConfiguration0" visibilityActive="false" />
            <objectChange node="designConfiguration1" visibilityActive="false" />
            <objectChange node="Panel" visibilityActive="true" />		
            <objectChange node="Panel1" visibilityActive="false" />
            <objectChange node="Panel2" visibilityActive="false" />
            <objectChange node="Panel3" visibilityActive="false" />
            <objectChange node="Panel4" visibilityActive="true" />	
            <objectChange node="licensePlateFront" translationActive="0 1.033 3.078" />					
        </designConfiguration>		
 </designConfigurations>
     <licensePlates defaultPlacement="BOTH">
        <licensePlate node="licensePlateFront" position="FRONT" preferedType="ELONGATED" placementArea="0.1 0.3 0.08 0.3"/>
        <licensePlate node="licensePlateFront2"  position="FRONT"  preferedType="SQUARISH"  placementArea="0.08 0.15 0.08 0.15"/>		
        <licensePlate node="licensePlateBack"  position="BACK"  preferedType="ELONGATED" placementArea="0.08 0.28 0.15 0.28">
        </licensePlate>
    </licensePlates>
 
 
    <baseMaterial>
        <material name="Man_mat" baseNode="Man_vis">
            <shaderParameter name="colorMat1" value="JOSKIN_YELLOW1"/>
        </material>
        <material name="Decals_color" baseNode="Man_color">
            <shaderParameter name="colorMat0" value="JOSKIN_YELLOW1"/>
        </material>		
    </baseMaterial>

    <baseMaterialConfigurations price="3000" useDefaultColors="true" defaultColorIndex="1">
        <material name="Man_mat" shaderParameter="colorMat1" />
    </baseMaterialConfigurations>
    <designMaterialConfigurations price="200" useDefaultColors="true" defaultColorIndex="14">	
        <material name="Decals_color" shaderParameter="colorMat0" />		
    </designMaterialConfigurations>		
    <rimColorConfigurations useDefaultColors="true" price="500">
        <rimColorConfiguration name="PEWTER" color="SHARED_WHITE2" material="8"/>		
        <colorNode node="wheels" />
    </rimColorConfigurations>		
    <wearable wearDuration="480" workMultiplier="5" fieldMultiplier="2"/>
    <washable dirtDuration="90" washDuration="1" workMultiplier="3" fieldMultiplier="2"/>	
    <i3dMappings>
        <i3dMapping id="Man2_main_component1" node="0>" />	
        <i3dMapping id="licensePlateFront" node="0>18|0" />
        <i3dMapping id="licensePlateFront2" node="0>18|2" />		
        <i3dMapping id="licensePlateBack" node="0>18|1" />		
		<i3dMapping id="exitPoint" node="0>3" />	
		<i3dMapping id="Man_color" node="0>11|0|2|0|8|0" />		
        <i3dMapping id="TRUCK_ATTACH_200" node="0>11|14" />			
        <i3dMapping id="wiperFront1" node="0>11|7|0" />	
        <i3dMapping id="wiperFront2" node="0>11|8|0" />
        <i3dMapping id="wiperFront3" node="0>11|9|0" />
        <i3dMapping id="speedDisplay" node="0>9|0|0" />	
        <i3dMapping id="rpmDisplay" node="0>9|1|0" />
        <i3dMapping id="fuelDisplay" node="0>9|2|0" />			
        <i3dMapping id="backElectric2" node="0>15|2|0" />
        <i3dMapping id="hydraulic01_in2" node="0>15|2|1" />
        <i3dMapping id="hydraulic01_out2" node="0>15|2|2" />
        <i3dMapping id="airDoubleStorage2" node="0>15|2|5" />
        <i3dMapping id="airDoubleControl2" node="0>15|2|6" />		
        <i3dMapping id="backElectric" node="0>16|0" />
	    <i3dMapping id="airDoubleRedIn" node="0>11|18" />
	    <i3dMapping id="airDoubleRedDetached" node="0>11|16" />
	    <i3dMapping id="airDoubleYellowOut" node="0>11|19" />
	    <i3dMapping id="airDoubleYellowDetached" node="0>11|15" />
	    <i3dMapping id="hydraulicIn_01" node="0>11|21" />
	    <i3dMapping id="hydraulicOut_01" node="0>11|22" />
	    <i3dMapping id="elettricSocket" node="0>11|20" />	
	    <i3dMapping id="elettricSocketDetached" node="0>11|17" />			
        <i3dMapping id="hydraulic01_in" node="0>16|1" />
        <i3dMapping id="hydraulic01_out" node="0>16|2" />
        <i3dMapping id="hydraulic02_in" node="0>16|3" />
        <i3dMapping id="hydraulic02_out" node="0>16|4" />
        <i3dMapping id="airDoubleStorage" node="0>16|5" />
        <i3dMapping id="airDoubleControl" node="0>16|6" />	
        <i3dMapping id="designConfiguration0" node="0>11|3|0" />
        <i3dMapping id="designConfiguration1" node="0>11|3|1" />		
        <i3dMapping id="Man_vis" node="0>11|0" />
        <i3dMapping id="axisFrontLeft" node="0>0|0" />
        <i3dMapping id="wheelFrontLeft" node="0>0|0|0" />
        <i3dMapping id="steeringBarRef" node="0>0|1|1" />
        <i3dMapping id="axisFrontRight" node="0>0|1" />
        <i3dMapping id="wheelFrontRight" node="0>0|1|0" />
        <i3dMapping id="steeringBar" node="0>0|0|1" />
        <i3dMapping id="wheelBackLeft" node="0>0|4" />
        <i3dMapping id="wheelBackRight" node="0>0|5" />
        <i3dMapping id="wheelBack2Left" node="0>0|2|0|0" />
        <i3dMapping id="wheelBack2Right" node="0>0|2|1|0" />			   
        <i3dMapping id="gazpedale" node="0>11|13|2" />	
        <i3dMapping id="gazpedaleRef" node="0>11|13|2|1" />		
        <i3dMapping id="gazpedaleRef2" node="0>11|13|3" />			
        <i3dMapping id="brakepedale" node="0>11|13|1" />		
        <i3dMapping id="brakepedaleRef" node="0>11|13|1|1" />
        <i3dMapping id="rightFoot" node="0>11|13|4|1" />	
        <i3dMapping id="light27" node="0>2|5|8" />		
        <i3dMapping id="light28" node="0>2|5|9" />		
        <i3dMapping id="light29" node="0>2|5|10" />		
        <i3dMapping id="light30" node="0>2|5|4" />		
        <i3dMapping id="light31" node="0>2|5|5" />		
        <i3dMapping id="light32" node="0>2|5|7" />	
		<i3dMapping id="reallight" node="0>2|0|0" />
		<i3dMapping id="reallight1" node="0>2|0|1" />
		<i3dMapping id="reallight2" node="0>2|0|2" />
		<i3dMapping id="reallight3" node="0>2|0|3" />
		<i3dMapping id="reallight4" node="0>2|0|04" />
		<i3dMapping id="reallight5" node="0>2|0|05" />
		<i3dMapping id="lowlight" node="0>2|1|0" />
		<i3dMapping id="lowlight1" node="0>2|6|1" />
		<i3dMapping id="lowlight2" node="0>2|6|2" />
		<i3dMapping id="lowlight3" node="0>2|1|1" />
		<i3dMapping id="highlight" node="0>2|1|2" />
		<i3dMapping id="highlight1" node="0>2|6|0" />
		<i3dMapping id="highlight2" node="0>2|6|3" />
		<i3dMapping id="highlight3" node="0>2|1|3" />
		<i3dMapping id="highlight4" node="0>2|2|0" />
		<i3dMapping id="brakelight" node="0>2|2|0" />
		<i3dMapping id="Lturnlight" node="0>2|3|0" />
		<i3dMapping id="Rturnlight" node="0>2|3|1" />
		<i3dMapping id="reverselight" node="0>2|4|0" />
		<i3dMapping id="interiorlight" node="0>2|5|6" />
		<i3dMapping id="defaultlight" node="0>2|0|6|0|0" />
		<i3dMapping id="defaultlight1" node="0>2|0|7|0|0" />
		<i3dMapping id="defaultlight000" node="0>2|0|6" />
		<i3dMapping id="defaultlight100" node="0>2|0|7" />		
		<i3dMapping id="defaultlight2" node="0>2|0|8|0|0" />
		<i3dMapping id="defaultlight3" node="0>2|0|9|0|0" />
		<i3dMapping id="defaultlight4" node="0>2|0|10|0|0" />
		<i3dMapping id="defaultlight5" node="0>2|0|11|0|0" />
		<i3dMapping id="defaultlight6" node="0>11|6|4" />
		<i3dMapping id="defaultlight7" node="0>11|6|9" />
		<i3dMapping id="defaultlight8" node="0>11|6|5" />
		<i3dMapping id="defaultlight9" node="0>11|6|10" />
		<i3dMapping id="defaultlight10" node="0>2|0|14" />
		<i3dMapping id="defaultlight11" node="0>2|0|15" />
		<i3dMapping id="defaultlight20" node="0>2|0|16|0|0" />
		<i3dMapping id="defaultlight30" node="0>2|0|17|0|0" />
		<i3dMapping id="defaultlight40" node="0>2|0|18|0|0" />
		<i3dMapping id="defaultlight50" node="0>2|0|19|0|0" />
		<i3dMapping id="defaultlight400" node="0>2|0|18" />
		<i3dMapping id="defaultlight500" node="0>2|0|19" />		
		<i3dMapping id="defaultlight60" node="0>2|0|20" />
		<i3dMapping id="defaultlight70" node="0>2|0|21" />	
		<i3dMapping id="turnlight" node="0>11|6|3" />
		<i3dMapping id="turnlight1" node="0>11|6|3|0" />
		<i3dMapping id="turnlight2" node="0>11|6|6" />
		<i3dMapping id="turnlight3" node="0>11|6|6|0" />
		<i3dMapping id="beacon" node="0>2|0|12" />
		<i3dMapping id="beacon1" node="0>2|0|13" />
		<i3dMapping id="camera" node="0>1|0|0" />
		<i3dMapping id="camera1" node="0>1|1" />
		<i3dMapping id="ray" node="0>1|2" />
		<i3dMapping id="ray1" node="0>1|3" />
		<i3dMapping id="ray2" node="0>1|4" />
		<i3dMapping id="shadow" node="0>1|5" />
		<i3dMapping id="backDoor" node="0>11|0|2" />		
		<i3dMapping id="character" node="0>11|13|4|0" />
		<i3dMapping id="leftFoot" node="0>11|13|4|2" />
		<i3dMapping id="rightArm" node="0>4|0|0|0" />
		<i3dMapping id="leftArm" node="0>4|0|0|1" />
		<i3dMapping id="mirror" node="0>11|0|2|0|0|0|0" />
		<i3dMapping id="mirror2" node="0>11|0|1|0|0|0" />
		<i3dMapping id="numbers" node="0>11|1|4" />
		<i3dMapping id="rotationpart" node="0>10|0" />
		<i3dMapping id="rotationpart1" node="0>10|1" />
		<i3dMapping id="exhaust" node="0>8|0" />
		<i3dMapping id="steeringwheel" node="0>4|0|0" />
		<i3dMapping id="TRUCK_ATTACH_02" node="0>5|1|0|0" />
		<i3dMapping id="TRUCK_ATTACH_03" node="0>15|0|0|0|0" />
		<i3dMapping id="TRUCK_ATTACH_04" node="0>5|4" />
		<i3dMapping id="TRUCK_ATTACH_040" node="0>5|5" />		
		<i3dMapping id="TRUCK_ATTACH_05" node="0>15" />
		<i3dMapping id="TRUCK_ATTACH_06" node="0>5|0" />
		<i3dMapping id="TRUCK_ATTACH_07" node="0>15|0|1" />
		<i3dMapping id="TRUCK_ATTACH_08" node="0>15|0|0" />
		<i3dMapping id="TRUCK_ATTACH_09" node="0>15|0|3" />
		<i3dMapping id="TRUCK_ATTACH_10" node="0>15|0|1|0|2" />
		<i3dMapping id="PTO" node="0>5|1|0|1" />
		<i3dMapping id="PTO1" node="0>15|0|4" />
		<i3dMapping id="moving" node="0>11|11" />
		<i3dMapping id="moving1" node="0>11|10|0" />
		<i3dMapping id="suspension" node="0>11|10" />
		<i3dMapping id="suspension1" node="0>11|13|4" />
		<i3dMapping id="collision" node="0>7|0" />	
        <i3dMapping id="Stickers1" node="0>11|0|9" />
        <i3dMapping id="Stickers2" node="0>11|0|2|0|6" />
        <i3dMapping id="Stickers3" node="0>11|0|1|6" />
        <i3dMapping id="Stickers4" node="0>11|0|10" />
        <i3dMapping id="Stickers5" node="0>11|0|2|0|7" />
        <i3dMapping id="Stickers6" node="0>11|0|1|7" />		
        <i3dMapping id="Stickers7" node="0>11|0|11" />
        <i3dMapping id="Stickers8" node="0>11|0|2|0|5" />
        <i3dMapping id="Stickers9" node="0>11|0|1|5" />	
        <i3dMapping id="Stickers10" node="0>11|0|12" />
        <i3dMapping id="Stickers11" node="0>11|0|2|0|8" />
        <i3dMapping id="Stickers12" node="0>11|0|1|8" />	
        <i3dMapping id="Panel" node="0>17" />
        <i3dMapping id="Panel1" node="0>17|0" />
        <i3dMapping id="Panel2" node="0>17|1" />
        <i3dMapping id="Panel3" node="0>17|2" />
        <i3dMapping id="Panel4" node="0>17|3" />
		<i3dMapping id="warningLamp" node="0>2|7|0" />
		<i3dMapping id="warningLamp2" node="0>2|7|1" />		
		<i3dMapping id="warningLamp3" node="0>2|7|2" />
		<i3dMapping id="warningLamp4" node="0>2|7|3" />	
		<i3dMapping id="warningLamp5" node="0>2|7|4" />
		<i3dMapping id="warningLamp6" node="0>2|7|5" />	
		<i3dMapping id="warningLamp7" node="0>2|7|6" />
		<i3dMapping id="warningLamp8" node="0>2|7|7" />		
		<i3dMapping id="warningLamp0" node="0>2|7|8" />
		<i3dMapping id="warningLamp20" node="0>2|7|9" />		
		<i3dMapping id="warningLamp30" node="0>2|7|10" />
		<i3dMapping id="warningLamp40" node="0>2|7|11" />	
		<i3dMapping id="warningLamp50" node="0>2|7|12" />
		<i3dMapping id="warningLamp60" node="0>2|7|13" />	
		<i3dMapping id="warningLamp70" node="0>2|7|14" />
		<i3dMapping id="warningLamp80" node="0>2|7|15" />			
    </i3dMappings>
</vehicle>
