﻿<?xml version="1.0" encoding="utf-8" standalone="no" ?>
<vehicle type="dynamicMountAttacherTrailer" xmlns:xsi="http://www.w3.org/2001/XMLSchema-instance" xsi:noNamespaceSchemaLocation="../../../../shared/xml/schema/vehicle.xsd">
    <annotation>Copyright (C) GIANTS Software GmbH, All Rights Reserved.</annotation>

    <storeData>
        <name>
            <en>Bale platform TR</en>
            <de>Ballencontainer TR</de>
            <fr>Plateau à balles TR</fr>
        </name>
        <specs>
            <combination xmlFilename="Man33_414.xml"/>	
            <combination xmlFilename="ManTrailer.xml"/>		
        </specs>
        <functions>
            <function>$l10n_function_baleTrailer</function>
        </functions>
        <image>Store/store_ManBales2.png</image>
        <price>6000</price>
        <lifetime>600</lifetime>
        <rotation>0</rotation>
        <brand>MAN</brand>
        <category>baleLoaders</category>
        <shopTranslationOffset>0 -0.028 0</shopTranslationOffset>
        <shopRotationOffset>0.572 0 0</shopRotationOffset>
        <vertexBufferMemoryUsage>130304</vertexBufferMemoryUsage>
        <indexBufferMemoryUsage>19456</indexBufferMemoryUsage>
        <textureMemoryUsage>524288</textureMemoryUsage>
        <audioMemoryUsage>0</audioMemoryUsage>
        <instanceVertexBufferMemoryUsage>0</instanceVertexBufferMemoryUsage>
        <instanceIndexBufferMemoryUsage>0</instanceIndexBufferMemoryUsage>
    </storeData>

    <base>
        <typeDesc>$l10n_typeDesc_container</typeDesc>
        <filename>ManBales2.i3d</filename>
        <size width="3.5" length="8.5" lengthOffset="0.3"/>
        <components maxMass="2000">
            <component centerOfMass="0 0.2 0" solverIterationCount="10" mass="2000"/>
        </components>
        <schemaOverlay attacherJointPosition="0 0" name="IMPLEMENT" />
        <mapHotspot type="TRAILER" />
    </base>

    <wheels>
    </wheels>

    <attachable>
        <inputAttacherJoints>
            <inputAttacherJoint node="attacherJoint" jointType="manLift" upperRotationOffset="0"/>
        </inputAttacherJoints>
        <support animationName="moveSupport"/>		
        <brakeForce force="0.5" maxForce="1.4" maxForceMass="5000"/>
    </attachable>
    <animations>
        <animation name="moveSupport">
            <part node="supportCol1" startTime="0.0" endTime="0.2" startTrans="0.801 1.283 0" endTrans="0 0.0 0"/>
            <part node="supportCol" startTime="0.0" endTime="0.2" startTrans="-0.801 1.283 0" endTrans="0 0.0 0"/>
            <part node="attacherMove" startTime="0.0" endTime="0.2" startTrans="0 1.3 -0.077" endTrans="0 1.1 -0.077"/>			
            <part node="support" startTime="0" endTime="0.05" visibility="false"/>
            <part node="support" startTime="0.05" endTime="0.1" visibility="true"/>
           <sound template="clackVar5" startTime="0.14" volumeScale="2.3" pitchScale="1.5" linkNode="attacherJoint"/>			
        </animation>
    </animations>


    <tensionBelts>
        <tensionBeltsConfigurations>
            <tensionBeltsConfiguration>
                <tensionBelts linkNode="tensionBelts" jointNode="ManBales2_main_component1" maxEdgeLength="0.1" geometryBias="0.01" ratchetPosition="0.2" defaultOffset="0.1" defaultOffsetSide="0.1" defaultHeight="4" activationTrigger="beltActivationTrigger">
                    <tensionBelt startNode="startPoint01" endNode="startPoint01End" offsetLeft="0.2" />
                    <tensionBelt startNode="startPoint02" endNode="startPoint02End" />
                    <tensionBelt startNode="startPoint03" endNode="startPoint03End" />
                    <tensionBelt startNode="startPoint04" endNode="startPoint04End" />
                    <tensionBelt startNode="startPoint05" endNode="startPoint05End" offsetRight="0.2"/>
                    <sounds>
                        <addBelt template="beltOpen" />
                        <removeBelt template="beltClose" />
                    </sounds>
                </tensionBelts>
            </tensionBeltsConfiguration>
        </tensionBeltsConfigurations>
    </tensionBelts>	
    <fillUnit>
        <fillUnitConfigurations>
            <fillUnitConfiguration>
                <fillUnits>
                    <fillUnit unitTextOverride="$l10n_unit_bale" fillTypes="ROUNDBALE SQUAREBALE" capacity="1" showCapacityInShop="false" showOnHud="false"/>
                </fillUnits>
            </fillUnitConfiguration>
        </fillUnitConfigurations>
    </fillUnit>	
    <cylindered>
        <movingTools>
        <movingTool node="attacherJoint">
            <inputAttacherJoint value="true" />
        </movingTool>		
        <movingTool node="attacherMove">
            <inputAttacherJoint value="true" />
        </movingTool>				
        </movingTools>
    </cylindered>
    <foliageBending>
        <bendingNode minX="-1.35" maxX="1.35" minZ="-3.5" maxZ="4.1" yOffset="0.2" />
    </foliageBending>
    <ai>
        <allowTurnBackward value="false"/>
        <agentAttachment jointNode="attacherJoint" width="2.4" height="2.997" length="4.8" lengthOffset="0.65"/>		
    </ai>
    <baseMaterial>
        <material name="ManBales2_mat" baseNode="container_vis">
            <shaderParameter name="colorMat0" value="SHARED_BLACK1"/>
            <shaderParameter name="colorMat1" value="SHARED_BLACK1"/>			
        </material>
    </baseMaterial>
    <designMaterialConfigurations price="500" useDefaultColors="true" defaultColorIndex="7">
        <material name="ManBales2_mat" shaderParameter="colorMat0" />
    </designMaterialConfigurations>
    <baseMaterialConfigurations price="1500" useDefaultColors="true" defaultColorIndex="14">	
        <material name="ManBales2_mat" shaderParameter="colorMat1" />		
    </baseMaterialConfigurations>
    <wearable wearDuration="480" workMultiplier="5" fieldMultiplier="2"/>
    <washable dirtDuration="90" washDuration="1" workMultiplier="3" fieldMultiplier="2"/>

    <i3dMappings>
        <i3dMapping id="ManBales2_main_component1" node="0>" />	
        <i3dMapping id="moveSupport" node="0>1"/>
        <i3dMapping id="moveSupport1" node="0>1|0"/>
        <i3dMapping id="supportCol" node="0>1|0|0"/>
        <i3dMapping id="moveSupport2" node="0>1|1"/>
        <i3dMapping id="supportCol1" node="0>1|1|0"/>
        <i3dMapping id="support" node="0>1|2"/>		
        <i3dMapping id="container_vis" node="0>0" />
        <i3dMapping id="attacherJoint" node="0>0|1|0" />
        <i3dMapping id="attacherMove" node="0>0|1" />		
        <i3dMapping id="tensionBelts" node="0>0|3" />
        <i3dMapping id="startPoint01" node="0>0|3|1" />
        <i3dMapping id="startPoint01End" node="0>0|3|1|0" />
        <i3dMapping id="startPoint02" node="0>0|3|2" />
        <i3dMapping id="startPoint02End" node="0>0|3|2|0" />
        <i3dMapping id="startPoint03" node="0>0|3|3" />
        <i3dMapping id="startPoint03End" node="0>0|3|3|0" />
        <i3dMapping id="startPoint04" node="0>0|3|4" />
        <i3dMapping id="startPoint04End" node="0>0|3|4|0" />
        <i3dMapping id="startPoint05" node="0>0|3|5" />
        <i3dMapping id="startPoint05End" node="0>0|3|5|0" />		
        <i3dMapping id="beltActivationTrigger" node="0>0|3|6" />
    </i3dMappings>
</vehicle>

