﻿<?xml version="1.0" encoding="utf-8" standalone="no"?>
<vehicle type="saltSpreader" xmlns:xsi="http://www.w3.org/2001/XMLSchema-instance" xsi:noNamespaceSchemaLocation="../../../../shared/xml/schema/vehicle.xsd">
    <annotation>Copyright (C) GIANTS Software GmbH, All Rights Reserved.</annotation>

    <storeData>
        <name>TR4000</name>
        <specs>
            <combination xmlFilename="Man33_414.xml"/>	
            <workingWidth>10.0</workingWidth>			
        </specs>
        <functions>
            <function>$l10n_function_saltSpreader</function>
        </functions>
        <image>Store/store_ManSalt.png</image>
        <price>8000</price>
        <lifetime>600</lifetime>
        <rotation>0</rotation>
        <brand>MAN</brand>
        <category>winterEquipment</category>
        <shopTranslationOffset>0 -0.028 0</shopTranslationOffset>
        <shopRotationOffset>0.572 0 0</shopRotationOffset>	
        <vertexBufferMemoryUsage>855296</vertexBufferMemoryUsage>
        <indexBufferMemoryUsage>135424</indexBufferMemoryUsage>
        <textureMemoryUsage>2883584</textureMemoryUsage>
        <audioMemoryUsage>0</audioMemoryUsage>
        <instanceVertexBufferMemoryUsage>0</instanceVertexBufferMemoryUsage>
        <instanceIndexBufferMemoryUsage>0</instanceIndexBufferMemoryUsage>
    </storeData>

    <base>
        <typeDesc>$l10n_typeDesc_container</typeDesc>
        <filename>ManSalt.i3d</filename>
        <size width="3.5" length="8.5" lengthOffset="0.3"/>
        <speedLimit value="20" />		
        <components maxMass="2000">
            <component centerOfMass="0 0.2 0" solverIterationCount="10" mass="2000"/>
        </components>
        <schemaOverlay attacherJointPosition="0 0" name="IMPLEMENT" />
        <mapHotspot type="TOOL" />
    </base>

    <wheels>
    </wheels>
    <lights>
        <beaconLights>
            <beaconLight node="beaconLight1" speed="0.015" filename="$data/shared/assets/beaconLights/lizard/beaconLight08.xml" />	
            <beaconLight node="beaconLight2" speed="0.015" filename="$data/shared/assets/beaconLights/lizard/beaconLight08.xml" />			
        </beaconLights>		
    </lights>
    <attachable>
        <inputAttacherJoints>
            <inputAttacherJoint node="attacherJoint" jointType="manLift" upperRotationOffset="0"/>
        </inputAttacherJoints>
        <support animationName="moveSupport"/>		
        <brakeForce force="0.5" maxForce="1.4" maxForceMass="2000"/>
    </attachable>
    <workAreas>
        <workArea type="saltspreader" functionName="processSaltSpreaderArea" disableBackwards="false" requiresOwnedFarmland="false"  requiresGroundContact="false">
            <area startNode="workAreaStart" widthNode="workAreaWidth" heightNode="workAreaHeight" />
            <onlyActiveWhenLowered value="false"/>
        </workArea>
    </workAreas>			
    <animations>
        <animation name="moveSupport">
            <part node="supportCol1" startTime="0.0" endTime="0.2" startTrans="0.801 1.283 0" endTrans="0 0.0 0"/>
            <part node="supportCol" startTime="0.0" endTime="0.2" startTrans="-0.801 1.283 0" endTrans="0 0.0 0"/>
            <part node="attacherMove" startTime="0.0" endTime="0.2" startTrans="0 1.3 -0.077" endTrans="0 1.1 -0.077"/>			
            <part node="support" startTime="0" endTime="0.05" visibility="false"/>
            <part node="support" startTime="0.05" endTime="0.1" visibility="true"/>
            <sound template="clackVar5" startTime="0.14" volumeScale="2.3" pitchScale="1.5" linkNode="attacherJoint"/>				
        </animation>
        <animation name="toggleCover">
            <part node="coverClosed" startTime="0.00" endTime="0.02" visibility="true" />
            <part node="coverClosed" startTime="0.02" endTime="0.04" visibility="false" />
            <part node="coverOpen"   startTime="0.00" endTime="0.02" visibility="false" />
            <part node="coverOpen"   startTime="0.02" endTime="0.04" visibility="true" />

            <sound template="fabricCover2" startTime="0.01" direction="1"  volumeScale="1.4" pitchScale="1.5"/>
            <sound template="fabricCover1" startTime="0.03" direction="-1" volumeScale="1.4" pitchScale="1.8"/>
        </animation>		
    </animations>

    <fillUnit>
        <fillUnitConfigurations>
            <fillUnitConfiguration>
                <fillUnits>
                    <unloading width="11" offset="0 0 0" />
                    <fillUnit unitTextOverride="$l10n_unit_literShort" fillTypes="roadsalt" capacity="5000">
                        <exactFillRootNode node="exactFillRootNode" />
                    </fillUnit>
                </fillUnits>
            </fillUnitConfiguration>
        </fillUnitConfigurations>
    </fillUnit>

    <fillVolume>
        <fillVolumeConfigurations>
            <fillVolumeConfiguration>
                <volumes>
                    <volume node="fillVolume" maxDelta="2" fillUnitIndex="1" maxAllowedHeapAngle="7" />
                </volumes>
            </fillVolumeConfiguration>
        </fillVolumeConfigurations>
    </fillVolume>

    <saltSpreader fillUnitIndex="1" usage="0.6" usageWorkArea="1">
        <effects>
            <effectNode effectClass="FertilizerMotionPathEffect" effectType="FERTILIZER" linkNode="fertilizerEffectLeft">
                <motionPathEffect textureFilename="$data/vehicles/bredal/sg/fertilizerEffectLeftArray.dds" numRows="10" rowLength="24" minFade="0.03" isLeft="true"/>
            </effectNode>
            <effectNode effectClass="FertilizerMotionPathEffect" effectType="FERTILIZER" linkNode="fertilizerEffectRight">
                <motionPathEffect textureFilename="$data/vehicles/bredal/sg/fertilizerEffectRightArray.dds" numRows="10" rowLength="24" minFade="0.03" isLeft="false"/>
            </effectNode>
            <effectNode effectNode="unloadMesh" delay="0" materialType="unloading" fadeTime="1"/>
        </effects>
    </saltSpreader>

    <variableWorkWidth defaultStateLeft="2" defaultStateRight="2">
        <sections>
            <section isLeft="true" maxWidthNode="section01"/>
            <section isLeft="true" maxWidthNode="section02"/>
            <section isLeft="true" maxWidthNode="section03"/>
            <section isLeft="true" maxWidthNode="section04"/>
            <section isLeft="true" maxWidthNode="section05"/>

            <section isLeft="false" maxWidthNode="section06"/>
            <section isLeft="false" maxWidthNode="section07"/>
            <section isLeft="false" maxWidthNode="section08"/>
            <section isLeft="false" maxWidthNode="section09"/>
            <section isLeft="false" maxWidthNode="section10"/>
        </sections>

        <sectionNodes>
            <sectionNode node="workAreaHeight" isLeft="true"  minTrans="1 0 -3"  maxTrans="5 0 -1.5"/>
            <sectionNode node="workAreaWidth"  isLeft="false" minTrans="-1 0 -3" maxTrans="-5 0 -1.5"/>
        </sectionNodes>
    </variableWorkWidth>
    <turnOnVehicle>
        <animationNodes>
            <animationNode node="spreaderLeft"  rotSpeed="-800" turnOnFadeTime="1" turnOffFadeTime="1.5" />
            <animationNode node="spreaderRight" rotSpeed="800"  turnOnFadeTime="1" turnOffFadeTime="1.5" />
            <animationNode node="roll01"        rotSpeed="-700"  turnOnFadeTime="1" turnOffFadeTime="1.5" rotAxis="1"/>
            <animationNode node="roll02"        rotSpeed="-700"  turnOnFadeTime="1" turnOffFadeTime="1.5" rotAxis="1"/>
        </animationNodes>

        <sounds>
            <work template="DEFAULT_SPREADER" linkNode="Salt_main_component1" />
        </sounds>
    </turnOnVehicle>

    <cover>
        <coverConfigurations>
            <coverConfiguration>
                <cover openAnimation="toggleCover" fillUnitIndices="1" />
            </coverConfiguration>
        </coverConfigurations>
    </cover>
    <cylindered>
        <movingTools>
        <movingTool node="attacherJoint">
            <inputAttacherJoint value="true" />
        </movingTool>		
        <movingTool node="attacherMove">
            <inputAttacherJoint value="true" />
        </movingTool>				
        </movingTools>
    </cylindered>
    <foliageBending>
        <bendingNode minX="-1.35" maxX="1.35" minZ="-3.5" maxZ="4.1" yOffset="0.2" />
    </foliageBending>
    <ai>
        <needsLowering value="false" />
        <collisionTrigger node="aiCollisionNode" width="2.1" height="1.6"/>
        <areaMarkers leftNode="aiMarkerLeft" rightNode="aiMarkerRight" backNode="aiMarkerBack" />
        <sizeMarkers leftNode="sizeMarkerLeft" rightNode="sizeMarkerRight" backNode="sizeMarkerBack" />
        <agentAttachment width="2.0" height="1.6" length="2.2" lengthOffset="0"/>
    </ai>
    <wearable wearDuration="480" workMultiplier="5" fieldMultiplier="2"/>
    <washable dirtDuration="90" washDuration="1" workMultiplier="3" fieldMultiplier="2"/>

    <baseMaterial>
        <material name="ManWood_mat" baseNode="container_vis">
            <shaderParameter name="colorMat0" value="SHARED_BLACK1"/>
            <shaderParameter name="colorMat1" value="SHARED_BLACK1"/>			
        </material>
        <material name="ManWood2_mat" baseNode="container_vis2">
            <shaderParameter name="colorMat0" value="SHARED_BLACK1"/>			
        </material>		
    </baseMaterial>
    <baseMaterialConfigurations price="1500" useDefaultColors="true" defaultColorIndex="12">
        <material name="ManWood_mat" shaderParameter="colorMat1" />	
        <material name="ManWood2_mat" shaderParameter="colorMat0" />		
    </baseMaterialConfigurations>
    <designMaterialConfigurations price="500" useDefaultColors="true" defaultColorIndex="7">	
        <material name="ManWood_mat" shaderParameter="colorMat0" />				
    </designMaterialConfigurations>	


    <i3dMappings>
        <i3dMapping id="implement" node="0>0|0"/>	
        <i3dMapping id="Salt_main_component1" node="0>" />	
        <i3dMapping id="beaconLight1" node="0>3|0"/>
        <i3dMapping id="beaconLight2" node="0>3|1"/>		
        <i3dMapping id="moveSupport" node="0>1"/>
        <i3dMapping id="moveSupport1" node="0>1|0"/>
        <i3dMapping id="supportCol" node="0>1|0|0"/>
        <i3dMapping id="moveSupport2" node="0>1|1"/>
        <i3dMapping id="supportCol1" node="0>1|1|0"/>
        <i3dMapping id="support" node="0>1|2"/>		
        <i3dMapping id="container_vis" node="0>0" />
        <i3dMapping id="container_vis2" node="0>4" />		
        <i3dMapping id="attacherJoint" node="0>0|1|0" />
        <i3dMapping id="attacherMove" node="0>0|1" />		
		
        <i3dMapping id="belt" node="0>4|0|0" />
        <i3dMapping id="belt2" node="0>4|0|5" />		
        <i3dMapping id="roll01" node="0>4|0|1" />
        <i3dMapping id="roll02" node="0>4|0|2" />
        <i3dMapping id="spreaderLeft" node="0>4|0|3" />
        <i3dMapping id="spreaderRight" node="0>4|0|4" />
        <i3dMapping id="coverOpen" node="0>4|1|0" />
        <i3dMapping id="coverClosed" node="0>4|1|1" />
        <i3dMapping id="fillVolume" node="0>4|2|0" />
        <i3dMapping id="exactFillRootNode" node="0>4|2|1" />
        <i3dMapping id="workAreaStart" node="0>4|3|0" />
        <i3dMapping id="workAreaWidth" node="0>4|3|1" />
        <i3dMapping id="workAreaHeight" node="0>4|3|2" />
        <i3dMapping id="section01" node="0>4|3|3|0" />
        <i3dMapping id="section02" node="0>4|3|3|1" />
        <i3dMapping id="section03" node="0>4|3|3|2" />
        <i3dMapping id="section04" node="0>4|3|3|3" />
        <i3dMapping id="section05" node="0>4|3|3|4" />
        <i3dMapping id="section06" node="0>4|3|3|5" />
        <i3dMapping id="section07" node="0>4|3|3|6" />
        <i3dMapping id="section08" node="0>4|3|3|7" />
        <i3dMapping id="section09" node="0>4|3|3|8" />
        <i3dMapping id="section10" node="0>4|3|3|9" />
        <i3dMapping id="fertilizerEffectLeft" node="0>4|4|0" />
        <i3dMapping id="fertilizerEffectRight" node="0>4|4|1" />
        <i3dMapping id="unloadMesh" node="0>4|4|2" />
        <i3dMapping id="aiMarkerLeft" node="0>4|5|0|0" />
        <i3dMapping id="aiMarkerRight" node="0>4|5|0|1" />
        <i3dMapping id="aiMarkerBack" node="0>4|5|0|2" />
        <i3dMapping id="sizeMarkerLeft" node="0>4|5|1|0" />
        <i3dMapping id="sizeMarkerRight" node="0>4|5|1|1" />
        <i3dMapping id="sizeMarkerBack" node="0>4|5|1|2" />
        <i3dMapping id="aiCollisionNode" node="0>4|5|2" />		
    </i3dMappings>
</vehicle>

