﻿<?xml version="1.0" encoding="utf-8" standalone="no" ?>
<vehicle type="trailer" xmlns:xsi="http://www.w3.org/2001/XMLSchema-instance" xsi:noNamespaceSchemaLocation="../../../../shared/xml/schema/vehicle.xsd">
    <annotation>Copyright (C) GIANTS Software GmbH, All Rights Reserved.</annotation>

    <storeData>
        <name>
            <en>Skip</en>
            <de>Mulde</de>
            <fr>Container</fr>
        </name>
        <functions>
            <function>$l10n_function_tipper</function>
        </functions>
        <specs>
            <combination xmlFilename="Man33_414.xml"/>	
            <combination xmlFilename="ManTrailer.xml"/>		
        </specs>		
        <image>Store/store_ManTipper.png</image>
        <price>7500</price>
        <lifetime>600</lifetime>
        <rotation>0</rotation>
        <brand>MAN</brand>
        <category>trailers</category>
        <shopTranslationOffset>0 -0.028 0</shopTranslationOffset>
        <shopRotationOffset>0.572 0 0</shopRotationOffset>
        <vertexBufferMemoryUsage>269056</vertexBufferMemoryUsage>
        <indexBufferMemoryUsage>48384</indexBufferMemoryUsage>
        <textureMemoryUsage>524288</textureMemoryUsage>
        <audioMemoryUsage>0</audioMemoryUsage>
        <instanceVertexBufferMemoryUsage>0</instanceVertexBufferMemoryUsage>
        <instanceIndexBufferMemoryUsage>0</instanceIndexBufferMemoryUsage>
    </storeData>	
	
	
    <base>
        <typeDesc>$l10n_typeDesc_tipper</typeDesc>
    <filename>ManTipper.i3d</filename>
        <size width="3.5" length="8" lengthOffset="0.75"/>
        <sounds volumeFactor="1.8"/>		
        <components maxMass="2000">
            <component centerOfMass="0 0.2 0" solverIterationCount="10" mass="2000"/>		
        </components>
        <schemaOverlay attacherJointPosition="0 0" name="IMPLEMENT"/>
        <mapHotspot type="TRAILER" />
    </base>	
	
    <wheels>
    </wheels>

    <attachable>
        <inputAttacherJoints>
            <inputAttacherJoint node="attacherJoint" jointType="manLift" upperRotationOffset="0"/>
        </inputAttacherJoints>
        <support animationName="moveSupport"/>		
        <brakeForce force="0.5" maxForce="1.4" maxForceMass="18000"/>
    </attachable>
		
    <animations>
		<!-- backtipping -->
		<animation name="tipAnimationBack">
            <part node="0>0|0" startTime="0" endTime="3" startRot="0 0 0" endRot="-40 0 0" />
			<part node="0>0|0|0" startTime="0" endTime="3" startRot="0 0 0" endRot="44 0 0" />
			<part node="0>0|0|2|0|1" startTime="0" endTime="3" startRot="0 0 0" endRot="44 0 0" />	
            <sound template="metalLowVar2"  startTime="0.15"  direction="-1"  volumeScale="4.0" pitchScale="0.9"/>
            <sound template="metalOpen"     startTime="0.25"  direction="-1"  volumeScale="1.5" pitchScale="0.5"/>
            <sound template="cylinderPunch" startTime="0.15"  direction="0"/>
            <sound template="thudVar2"      startTime="11.9"  direction="-1"  volumeScale="1.4" pitchScale="0.7"/>
            <sound template="clackVar6"     startTime="11.99" direction="-1"  volumeScale="0.7" pitchScale="0.3"/>
            <sound template="metalOpen"     startTime="0.15"  direction="1"   volumeScale="3.5" pitchScale="0.6"/>
            <sound template="metalLowVar2"  startTime="11.99" direction="1"   volumeScale="4.0" pitchScale="0.9"/>
            <sound template="metalOpen"     startTime="11.80" direction="1"   volumeScale="1.5" pitchScale="0.4"/>
            <sound template="cylinderPunch" startTime="11.99" direction="1"/>
            <sound template="clackVar2"     startTime="0.05"  direction="0"   volumeScale="1.0" pitchScale="1.7"/>
            <sound template="metalOpen"     startTime="2.7"   direction="0"   volumeScale="2.5" pitchScale="0.4"/>
            <sound template="metalOpen"     startTime="2.7"   direction="1"   volumeScale="2.0" pitchScale="0.8"/>
            <sound template="metalClose"    startTime="0.05"  direction="1"   volumeScale="3.0" pitchScale="0.3"/>
            <sound template="metalOpen"     startTime="0.05"  direction="-1"  volumeScale="2.5" pitchScale="0.5"/>
            <sound template="metalClose"    startTime="0.01"  direction="-1"  volumeScale="2.0" pitchScale="1.1"/>
            <sound template="latchSmall"    startTime="0.03"  direction="-1"  volumeScale="0.1" pitchScale="0.6"/>			
        </animation>
        <!-- move support wheel down/up -->
        <animation name="moveSupport">
            <part node="supportCol1" startTime="0.0" endTime="0.2" startTrans="0.801 1.283 0" endTrans="0 0.0 0"/>
            <part node="supportCol" startTime="0.0" endTime="0.2" startTrans="-0.801 1.283 0" endTrans="0 0.0 0"/>
            <part node="attacherMove" startTime="0.0" endTime="0.2" startTrans="0 1.3 -0.077" endTrans="0 1.1 -0.077"/>			
            <part node="support" startTime="0" endTime="0.05" visibility="false"/>
            <part node="support" startTime="0.05" endTime="0.1" visibility="true"/>
			
            <sound template="clackVar5" startTime="0.14" volumeScale="2.3" pitchScale="1.5" linkNode="attacherJoint"/>		
        </animation>
    </animations>		
    <cylindered>
    <movingTools>		
		<!-- backTipping -->
        <movingTool node="attacherJoint">
            <inputAttacherJoint value="true" />
            <dependentPart node="movingTool1" />			
        </movingTool>		
        <movingTool node="attacherMove">
            <inputAttacherJoint value="true" />
        </movingTool>
        <movingTool node="movingTool2">
            <inputAttacherJoint value="true" />
            <dependentPart node="movingTool1" />			
        </movingTool>		
    </movingTools>
    <movingParts>  		
		<movingPart node="movingTool1" referencePoint="movingTool3" referenceFrame="movingTool3" lockAxis="3">
            <translatingPart node="movingPart1" />
			<translatingPart node="movingPart2" />
			<translatingPart node="movingPart3" />
			<translatingPart node="movingPart4" />
			<translatingPart node="movingPart5" />
			<translatingPart node="movingPart6" />
        </movingPart>
    </movingParts>
        <sounds>
            <actionSound template="defaultHydraulicSound" pitchScale="1.1" volumeScale="0.5" linkNode="movingTool1" actionNames="TRANSLATING_POS TRANSLATING_NEG" nodes="movingTool1"/>
            <actionSound template="hydraulicLayerTone" pitchScale="0.5" volumeScale="0.9" linkNode="movingTool1" actionNames="TRANSLATING_POS" nodes="movingTool1">
                <pitch dropOffFactor="1.1" dropOffTime="0.2" />
            </actionSound>
            <actionSound template="defaultHydraulicSound" pitchScale="0.4" volumeScale="0.5" linkNode="movingTool1" actionNames="TRANSLATING_NEG" nodes="movingTool1"/>
            <actionSound template="cylinderPunch" pitchScale="0.7" linkNode="movingTool1" actionNames="TRANSLATING_END_NEG" nodes="movingTool1"/>
            <actionSound template="cylinderPunch" pitchScale="0.7" linkNode="movingTool1" actionNames="TRANSLATING_END_NEG" nodes="movingTool1"/>
        </sounds>
    </cylindered>
			
    <fillUnit>
        <fillUnitConfigurations>
            <fillUnitConfiguration>	
                <fillUnits>
                    <fillUnit shopDisplayUnit="CUBICMETER" fillTypeCategories="BULK" capacity="20000" allowAILoading="true">
                        <exactFillRootNode node="exactFillRoot" />
                        <autoAimTargetNode node="autoAimTarget" startZ="1" endZ="-4" invert="false" startPercentage="25"/>
                    </fillUnit>
                </fillUnits>		
            </fillUnitConfiguration>					
        </fillUnitConfigurations>
    </fillUnit>

		
    <fillVolume>
        <fillVolumeConfigurations>
            <fillVolumeConfiguration>
                <volumes>
                    <volume node="volume" maxDelta="0.23" maxAllowedHeapAngle="18" fillUnitIndex="1" retessellateTop="true"/>
                </volumes>
            </fillVolumeConfiguration>			
        </fillVolumeConfigurations>

        <unloadInfos>
            <unloadInfo fillVolumeIndex="1" >
                <node node="fillVolume1" width="1.3" length="1.5" priority="2" minHeight="0.35" />
                <node node="fillVolume2" width="1.3" length="1.5" priority="2" minHeight="0.35" />
                <node node="fillVolume3" width="1.3" length="1.7" />				
            </unloadInfo>			
        </unloadInfos>

        <heightNodes>
            <heightNode fillVolumeIndex="1">
                <refNode node="height1" />
                <refNode node="height2" />
                <node node="height3" baseScale="1 1 1" transAxis="0 0.1 0" scaleAxis="0 0 0" orientateToWorldZ="true"/>
                <node node="height4" baseScale="1 0.2 1" transAxis="0 0 0" scaleAxis="0 0 0" />
            </heightNode>
        </heightNodes>
    </fillVolume>
	
	
	
	
    <dischargeable>
        <dischargeNode node="dischargeable" emptySpeed="3214" fillUnitIndex="1" unloadInfoIndex="1" >
            <info width="2.0" length="0.5" zOffset="-1" />
            <effects>
                <effectNode effectClass="TipEffect">
                    <effectNode effectNode="height4" effectClass="ParticleEffect" materialType="unloadingParticle"/>
                    <effectNode effectNode="height3" materialType="unloading" fadeTime="0.5" extraDistanceNode="dischargeable" extraDistance="0.2"/>
                </effectNode>
                <effectNode effectNode="height5" materialType="unloadingSmoke" fadeTime="0.5" />
            </effects>						
        </dischargeNode>

    </dischargeable>
	
    <trailer>
        <trailerConfigurations>
            <trailerConfiguration>
                <trailer>
                    <tipSide name="$l10n_info_tipSideBack" dischargeNodeIndex="1" >
                        <animation name="tipAnimationBack" speedScale="1.0" startTipTime="0.2" />
                    </tipSide>
                </trailer>
            </trailerConfiguration>
        </trailerConfigurations>
    </trailer>	
		
    <ai>
        <allowTurnBackward value="false"/>
        <agentAttachment jointNode="attacherJoint" width="2.4" height="2.997" length="4.8" lengthOffset="0.65"/>		
    </ai>

    <foliageBending>
        <bendingNode minX="-1.3" maxX="1.3" minZ="-4.5" maxZ="3.5" yOffset="0.6" />
    </foliageBending>
		
    <wearable wearDuration="480" workMultiplier="5" fieldMultiplier="2"/>
    <washable dirtDuration="90" washDuration="1" workMultiplier="3" fieldMultiplier="2"/>
    <baseMaterial>
        <material name="ManTipper_mat" baseNode="container_vis">
            <shaderParameter name="colorMat0" value="SHARED_BLACK1"/>
            <shaderParameter name="colorMat1" value="SHARED_BLACK1"/>			
        </material>
    </baseMaterial>
    <designMaterialConfigurations price="500" useDefaultColors="true" defaultColorIndex="7">
        <material name="ManTipper_mat" shaderParameter="colorMat0" />
    </designMaterialConfigurations>
    <baseMaterialConfigurations price="1500" useDefaultColors="true" defaultColorIndex="14">	
        <material name="ManTipper_mat" shaderParameter="colorMat1" />		
    </baseMaterialConfigurations>	
    <wearable wearDuration="480" workMultiplier="5" fieldMultiplier="2"/>
    <washable dirtDuration="90" washDuration="1" workMultiplier="3" fieldMultiplier="2"/>	
    <i3dMappings>
        <i3dMapping id="ManTipper_main_component1" node="0>" />	
        <i3dMapping id="attacherMove" node="0>0|1" />		
        <i3dMapping id="moveSupport" node="0>1"/>
        <i3dMapping id="moveSupport1" node="0>1|0"/>
        <i3dMapping id="supportCol" node="0>1|0|0"/>
        <i3dMapping id="moveSupport2" node="0>1|1"/>
        <i3dMapping id="supportCol1" node="0>1|1|0"/>
        <i3dMapping id="support" node="0>1|2"/>		
        <i3dMapping id="container_vis" node="0>0" />
        <i3dMapping id="attacherJoint" node="0>0|1|0" />	
        <i3dMapping id="exactFillRoot" node="0>0|6"/>
        <i3dMapping id="autoAimTarget" node="0>0|5"/>
        <i3dMapping id="movingTool1" node="0>0|4"/>
        <i3dMapping id="movingTool2" node="0>0|0"/>
        <i3dMapping id="movingTool3" node="0>0|0|1"/>		
        <i3dMapping id="movingPart1" node="0>0|4|0" />
        <i3dMapping id="movingPart2" node="0>0|4|0|0" />
        <i3dMapping id="movingPart3" node="0>0|4|0|0|0" />
        <i3dMapping id="movingPart4" node="0>0|4|0|0|0|0" />
        <i3dMapping id="movingPart5" node="0>0|4|0|0|0|0|0" />
        <i3dMapping id="movingPart6" node="0>0|4|0|0|0|0|0|0" />
        <i3dMapping id="volume" node="0>0|0|3|0"/>
        <i3dMapping id="fillVolume1" node="0>0|0|3|2|0"/>
        <i3dMapping id="fillVolume2" node="0>0|0|3|2|1"/>		
        <i3dMapping id="fillVolume3" node="0>0|0|3|1"/>			
        <i3dMapping id="height1" node="0>0|0|3|2|5"/>
        <i3dMapping id="height2" node="0>0|0|3|2|6"/>
        <i3dMapping id="height3" node="0>0|0|2|0|1"/>		
        <i3dMapping id="height4" node="0>0|0|2|0|0"/>			
        <i3dMapping id="height5" node="0>0|0|2|0|2"/>
        <i3dMapping id="dischargeable" node="0>2|0"/>
        <i3dMapping id="extraDistance" node="0>0|0|4|0"/>		
    </i3dMappings>
</vehicle>	
