﻿<?xml version="1.0" encoding="utf-8" standalone="no" ?>
<vehicle type="dolly" xmlns:xsi="http://www.w3.org/2001/XMLSchema-instance" xsi:noNamespaceSchemaLocation="../../../../shared/xml/schema/vehicle.xsd">
    <annotation>Copyright (C) GIANTS Software GmbH, All Rights Reserved.</annotation>

    <storeData>
        <name>TR 414</name>
        <functions>
            <function>$l10n_function_dolly</function>
        </functions>
        <specs>
            <combination xmlFilename="ManTipper.xml"/>		
            <combination xmlFilename="ManBales2.xml"/>
            <combination xmlFilename="ManWood.xml"/>			
        </specs>		
        <image>Store/store_ManTrailer.png</image>
        <price>24000</price>
        <lifetime>600</lifetime>
        <rotation>0</rotation>
        <brand>MAN</brand>
        <category>trailers</category>
        <shopTranslationOffset>0 -0.028 0</shopTranslationOffset>
        <shopRotationOffset>0.572 0 0</shopRotationOffset>
        <vertexBufferMemoryUsage>612096</vertexBufferMemoryUsage>
        <indexBufferMemoryUsage>85760</indexBufferMemoryUsage>
        <textureMemoryUsage>1376256</textureMemoryUsage>
        <audioMemoryUsage>0</audioMemoryUsage>
        <instanceVertexBufferMemoryUsage>0</instanceVertexBufferMemoryUsage>
        <instanceIndexBufferMemoryUsage>0</instanceIndexBufferMemoryUsage>
    </storeData>

    <base>
        <typeDesc>$l10n_typeDesc_tipper</typeDesc>
        <filename>ManTrailer.i3d</filename>
        <size width="3.5" length="8.5" lengthOffset="0.3"/>
        <components maxMass="5000">
            <component centerOfMass="0 0.2 0" solverIterationCount="10" mass="2000"/>
        </components>
        <schemaOverlay attacherJointPosition="0 0" name="IMPLEMENT" />
        <mapHotspot type="TOOL_TRAILED" />
    </base>
	
    <wheels>
        <wheelConfigurations>
            <wheelConfiguration name="$l10n_configuration_valueDefault" price="0" brand="TRELLEBORG" saveId="TRELLEBORG_DEFAULT">
                <wheels autoRotateBackSpeed="2.2">
                    <wheel filename="$data/shared/wheels/tires/trelleborg/TwinRadial/600_50R22_5.xml" isLeft="true" hasTireTracks="true" hasParticles="true" >
                        <physics rotSpeed="0"  restLoad="1.6" repr="wheelBack2Left"  forcePointRatio="0.5" initialCompression="15" suspTravel="0.23"  spring="42" damper="40" frictionScale="1.9" />
                    </wheel>
                    <wheel filename="$data/shared/wheels/tires/trelleborg/TwinRadial/600_50R22_5.xml" isLeft="false" hasTireTracks="true" hasParticles="true" >
                        <physics rotSpeed="0"  restLoad="1.6" repr="wheelBack2Right" forcePointRatio="0.5" initialCompression="15" suspTravel="0.23"  spring="42" damper="40" frictionScale="1.9" />
                    </wheel>					
                    <wheel filename="$data/shared/wheels/tires/trelleborg/TwinRadial/600_50R22_5.xml" isLeft="true" hasTireTracks="true" hasParticles="true" >
                        <physics rotSpeed="0"  restLoad="1.6" repr="wheelBackLeft"  forcePointRatio="0.5" initialCompression="30" suspTravel="0.23"  spring="42" damper="40" frictionScale="1.9" />
                    </wheel>
                    <wheel filename="$data/shared/wheels/tires/trelleborg/TwinRadial/600_50R22_5.xml" isLeft="false" hasTireTracks="true" hasParticles="true" >
                        <physics rotSpeed="0"  restLoad="1.6" repr="wheelBackRight" forcePointRatio="0.5" initialCompression="30" suspTravel="0.23"  spring="42" damper="40" frictionScale="1.9" />
                    </wheel>
                </wheels>
            </wheelConfiguration>
            <wheelConfiguration name="$l10n_configuration_valueDefault" price="0" brand="LIZARD" saveId="LIZARD_DEFAULT">
                <wheels autoRotateBackSpeed="2.2">
                    <wheel filename="$data/shared/wheels/tires/lizard/implement/315_80R22_5.xml" configId="dual" isLeft="true" hasTireTracks="true" hasParticles="true" >
                        <physics rotSpeed="0"  restLoad="1.6" repr="wheelBack2Left"  forcePointRatio="0.5" initialCompression="15" suspTravel="0.19"  spring="49" damper="40" frictionScale="1.9" />
                        <additionalWheel filename="$data/shared/wheels/tires/lizard/implement/315_80R22_5.xml" configId="dualConnector" isLeft="true" offset="0.08" />
                    </wheel>
                    <wheel filename="$data/shared/wheels/tires/lizard/implement/315_80R22_5.xml" configId="dual" isLeft="false" hasTireTracks="true" hasParticles="true" >
                        <physics rotSpeed="0"  restLoad="1.6" repr="wheelBack2Right" forcePointRatio="0.5" initialCompression="15" suspTravel="0.19"  spring="49" damper="40" frictionScale="1.9" />
                        <additionalWheel filename="$data/shared/wheels/tires/lizard/implement/315_80R22_5.xml" configId="dualConnector" isLeft="false" offset="0.08" />
                    </wheel>					
                    <wheel filename="$data/shared/wheels/tires/lizard/implement/315_80R22_5.xml" configId="dual" isLeft="true" hasTireTracks="true" hasParticles="true" >
                        <physics rotSpeed="0"  restLoad="1.6" repr="wheelBackLeft"  forcePointRatio="0.5" initialCompression="30" suspTravel="0.19"  spring="49" damper="40" frictionScale="1.9" />
                        <additionalWheel filename="$data/shared/wheels/tires/lizard/implement/315_80R22_5.xml" configId="dualConnector" isLeft="true" offset="0.08" />
                    </wheel>
                    <wheel filename="$data/shared/wheels/tires/lizard/implement/315_80R22_5.xml" configId="dual" isLeft="false" hasTireTracks="true" hasParticles="true" >
                        <physics rotSpeed="0"  restLoad="1.6" repr="wheelBackRight" forcePointRatio="0.5" initialCompression="30" suspTravel="0.19"  spring="49" damper="40" frictionScale="1.9" />
                        <additionalWheel filename="$data/shared/wheels/tires/lizard/implement/315_80R22_5.xml" configId="dualConnector" isLeft="false" offset="0.08" />
                    </wheel>
                </wheels>				
            <objectChange node="wheelBackLeft" translationActive="0.643 0.53 -2.54" />
            <objectChange node="wheelBackRight" translationActive="-0.643 0.53 -2.54" />			
            <objectChange node="wheelBack2Right" translationActive="0.206 0 0" />
            <objectChange node="wheelBack2Left" translationActive="-0.206 0 0" />				
            </wheelConfiguration>

            <wheelConfiguration name="$l10n_configuration_valueWheelBroad" price="0" brand="MICHELIN" saveId="MICHELIN_BROAD">
                <wheels autoRotateBackSpeed="2.2">
                    <wheel filename="$data/shared/wheels/tires/michelin/cargoXBib/500_60R22_5.xml" isLeft="true" hasTireTracks="true" hasParticles="true" >
                        <physics rotSpeed="0"  restLoad="1.6" repr="wheelBack2Left"  forcePointRatio="0.5" initialCompression="15" suspTravel="0.23"  spring="42" damper="40" frictionScale="1.9" />
                    </wheel>
                    <wheel filename="$data/shared/wheels/tires/michelin/cargoXBib/500_60R22_5.xml" isLeft="false" hasTireTracks="true" hasParticles="true" >
                        <physics rotSpeed="0"  restLoad="1.6" repr="wheelBack2Right" forcePointRatio="0.5" initialCompression="15" suspTravel="0.23"  spring="42" damper="40" frictionScale="1.9" />
                    </wheel>					
                    <wheel filename="$data/shared/wheels/tires/michelin/cargoXBib/500_60R22_5.xml" isLeft="true" hasTireTracks="true" hasParticles="true" >
                        <physics rotSpeed="0"  restLoad="1.6" repr="wheelBackLeft"  forcePointRatio="0.5" initialCompression="30" suspTravel="0.23"  spring="42" damper="40" frictionScale="1.9" />
                    </wheel>
                    <wheel filename="$data/shared/wheels/tires/michelin/cargoXBib/500_60R22_5.xml" isLeft="false" hasTireTracks="true" hasParticles="true" >
                        <physics rotSpeed="0"  restLoad="1.6" repr="wheelBackRight" forcePointRatio="0.5" initialCompression="30" suspTravel="0.23"  spring="42" damper="40" frictionScale="1.9" />
                    </wheel>
                </wheels>
            </wheelConfiguration>
			
        </wheelConfigurations>

        <ackermannSteeringConfigurations>
            <ackermannSteering rotSpeed="40" rotMax="45" rotCenterWheel1="3" rotCenterWheel2="4" />
        </ackermannSteeringConfigurations>
        <rimColor material="8">0.98 0.98 0.98</rimColor>
        <hubs>
            <color0>SHARED_BLACK2</color0>
            <color1>SHARED_GREY1</color1>
            <hub linkNode="wheelBackLeft"   filename="$data/shared/wheels/hubs/hub_n10_13.xml" isLeft="true"  scale="0.33 0.33 0.33" />
            <hub linkNode="wheelBackRight"  filename="$data/shared/wheels/hubs/hub_n10_13.xml" isLeft="false" scale="0.33 0.33 0.33" />
            <hub linkNode="wheelBack2Left"   filename="$data/shared/wheels/hubs/hub_n10_13.xml" isLeft="true"  scale="0.33 0.33 0.33" />
            <hub linkNode="wheelBack2Right"  filename="$data/shared/wheels/hubs/hub_n10_13.xml" isLeft="false" scale="0.33 0.33 0.33" />			
        </hubs>
    </wheels>

    <attachable>
        <inputAttacherJoints>
            <inputAttacherJoint node="attacherJoint" jointType="trailer" attacherHeight="1.0594"  />
        </inputAttacherJoints>
        <support animationName="moveSupport"/>
        <brakeForce force="1.1"/>
    </attachable>
	
    <attacherJoints>
        <attacherJoint node="trailerAttacherJoint" jointType="manLift" allowsLowering="false">
            <schema position="0 0.7" rotation="0" invertX="false" />
        </attacherJoint>
        <sounds>
            <attach template="ATTACH_01" linkNode="0>" />
        </sounds>
    </attacherJoints>	
	
    <lights>
        <sharedLight linkNode="sharedLight1" filename="$data/shared/assets/lights/lizard/rearLight32_left.xml" />
        <sharedLight linkNode="sharedLight2" filename="$data/shared/assets/lights/lizard/rearLight32_right.xml" />				
        <states>
            <state lightTypes="0" />
            <state lightTypes="0 1" />
            <state lightTypes="0 1 2" />
        </states>

        <realLights>
            <high>
                <light node="light"       lightTypes="0"/>
                <brakeLight node="brakeLight" />
                <turnLightLeft node="turnLightLeft" />
                <turnLightRight node="turnLightRight" />
                <reverseLight node="reverseLight" />
            </high>
        </realLights>		
    </lights>	
	
    <animations>
        <animation name="moveSupport">
            <part node="moveSupport1" startTime="0.2" endTime="0.25" startTrans="0 0.363 0" endTrans="0 0 0" />
            <part node="moveSupport2"  startTime="0"   endTime="0.25" startTrans="0 0.4 0" endTrans="0 0 0" />
			
            <sound template="palletsFillPlastic" startTime="0.49" direction="1"  volumeScale="4"   pitchScale="1.4" linkNode="attacherJoint"/>
            <sound template="clackVar5"          startTime="0.2"  direction="1"  volumeScale="1"   pitchScale="1.3" linkNode="attacherJoint"/>
            <sound template="clackVar4"          startTime="0.01" direction="-1" volumeScale="1.6" pitchScale="1.4" linkNode="attacherJoint"/>
            <sound template="clackVar6"          startTime="0.24" direction="-1" volumeScale="0.7" pitchScale="1.2" linkNode="attacherJoint"/>			
        </animation>
    </animations>
    <connectionHoses>
        <hose inputAttacherJointIndices="1" type="electric"  node="electricBack"  length="0.3" diameter="0.008" straighteningFactor="0.5">
            <objectChange node="hydraulicIn01Detached" visibilityActive="false" visibilityInactive="true"/>
        </hose>
    </connectionHoses>	
    <foliageBending>
        <bendingNode minX="-1.35" maxX="1.35" minZ="-3.5" maxZ="4.1" yOffset="0.2" />
    </foliageBending>
    <ai>
        <agentAttachment jointNode="attacherJoint" rotCenterWheelIndices="1 2" width="2.6" height="1.4" length="4" lengthOffset="1.1"/>
    </ai>
    <wearable wearDuration="480" workMultiplier="5" fieldMultiplier="2"/>
    <washable dirtDuration="90" washDuration="1" workMultiplier="3" fieldMultiplier="2"/>
     <licensePlates defaultPlacement="BACK">	
        <licensePlate node="licensePlateBack"  position="BACK"  preferedType="ELONGATED" placementArea="0.08 0.28 0.15 0.28">
        </licensePlate>
    </licensePlates>
    <i3dMappings>
        <i3dMapping id="ManTrailer_main_component1" node="0>" />	
        <i3dMapping id="licensePlateBack" node="0>6|0" />				
        <i3dMapping id="wheelBackLeft" node="0>0|1" />
        <i3dMapping id="wheelBackRight" node="0>0|2" />
        <i3dMapping id="wheelBack2Left" node="0>0|0|0|0" />
        <i3dMapping id="wheelBack2Right" node="0>0|0|1|0" />			
        <i3dMapping id="container_vis" node="0>5" />
        <i3dMapping id="attacherJoint" node="0>1|0" />
        <i3dMapping id="trailerAttacherJoint" node="0>1|3" />	
        <i3dMapping id="moveSupport1" node="0>5|1" />
        <i3dMapping id="moveSupport2" node="0>5|0" />
        <i3dMapping id="sharedLight1" node="0>2|0|0" />
        <i3dMapping id="sharedLight2" node="0>2|0|1" />		
        <i3dMapping id="light" node="0>2|2|0" />	
        <i3dMapping id="brakeLight" node="0>2|2|0" />
        <i3dMapping id="turnLightLeft" node="0>2|3|0" />
        <i3dMapping id="turnLightRight" node="0>2|3|1" />
        <i3dMapping id="reverseLight" node="0>2|4|0" />		
        <i3dMapping id="electricBack" node="0>1|4" />
        <i3dMapping id="hydraulicIn01Detached" node="0>5|3" />		
    </i3dMappings>
</vehicle>

