﻿<?xml version="1.0" encoding="utf-8" standalone="no"?>
<vehicle type="transportTrailer" xmlns:xsi="http://www.w3.org/2001/XMLSchema-instance" xsi:noNamespaceSchemaLocation="../../../../shared/xml/schema/vehicle.xsd">
    <annotation>Copyright (C) GIANTS Software GmbH, All Rights Reserved.</annotation>

    <storeData>
        <name>
            <en>Wood platform</en>
            <de>Holzcontainer</de>
            <fr>Benne à bois</fr>
        </name>
        <specs>
            <combination xmlFilename="Man33_414.xml"/>	
            <combination xmlFilename="ManTrailer.xml"/>			
        </specs>
        <functions>
            <function>$l10n_function_forestryTransport</function>
        </functions>
        <image>Store/store_ManWood.png</image>
        <price>7000</price>
        <lifetime>600</lifetime>
        <rotation>0</rotation>
        <brand>MAN</brand>
        <category>wood</category>
        <shopTranslationOffset>0 -0.028 0</shopTranslationOffset>
        <shopRotationOffset>0.572 0 0</shopRotationOffset>		
        <vertexBufferMemoryUsage>216064</vertexBufferMemoryUsage>
        <indexBufferMemoryUsage>35328</indexBufferMemoryUsage>
        <textureMemoryUsage>524288</textureMemoryUsage>
        <audioMemoryUsage>0</audioMemoryUsage>
        <instanceVertexBufferMemoryUsage>0</instanceVertexBufferMemoryUsage>
        <instanceIndexBufferMemoryUsage>0</instanceIndexBufferMemoryUsage>
    </storeData>

    <base>
        <typeDesc>$l10n_typeDesc_container</typeDesc>
        <filename>ManWood.i3d</filename>
        <size width="3.5" length="8.5" lengthOffset="0.3"/>
        <components maxMass="2000">
            <component centerOfMass="0 0.2 0" solverIterationCount="10" mass="2000"/>
            <component solverIterationCount="10" mass="250" />		
		<joint component1="1" component2="2" node="0>0|0|0|1" rotLimit="0 0 0" transLimit="0 0 0" rotLimitSpring="0 0 300" rotLimitDamping="0 0 30" rotLimitForceLimit="-1 -1 300" />			
        </components>
        <schemaOverlay attacherJointPosition="0 0" name="IMPLEMENT" />
    </base>

    <wheels>
    </wheels>

    <attachable>
        <inputAttacherJoints>
            <inputAttacherJoint node="attacherJoint" jointType="manLift" upperRotationOffset="0"/>
        </inputAttacherJoints>
        <support animationName="moveSupport"/>		
        <brakeForce force="0.5" maxForce="1.4" maxForceMass="2000"/>
    </attachable>
    <animations>
        <animation name="moveSupport">
            <part node="supportCol1" startTime="0.0" endTime="0.2" startTrans="0.801 1.283 0" endTrans="0 0.0 0"/>
            <part node="supportCol" startTime="0.0" endTime="0.2" startTrans="-0.801 1.283 0" endTrans="0 0.0 0"/>
            <part node="attacherMove" startTime="0.0" endTime="0.2" startTrans="0 1.3 -0.077" endTrans="0 1.1 -0.077"/>			
            <part node="support" startTime="0" endTime="0.05" visibility="false"/>
            <part node="support" startTime="0.05" endTime="0.1" visibility="true"/>
            <sound template="clackVar5" startTime="0.14" volumeScale="2.3" pitchScale="1.5" linkNode="attacherJoint"/>				
        </animation>
       <animation name="backDoor">						
            <part node="backDoor" startTime="0" endTime="5" startRot="0 0 0" endRot="-55 0 0"/>				
            <part                  startTime="0.0" endTime="5" componentJointIndex="1" startRotMinLimit="0 0 0" startRotMaxLimit="0 0 0" endRotMinLimit="0 0 0" endRotMaxLimit="0 0 0"/>				
            <sound template="metalLowVar2"  startTime="0.15"  direction="-1"  volumeScale="4.0" pitchScale="0.9"/>
            <sound template="metalOpen"     startTime="0.25"  direction="-1"  volumeScale="1.5" pitchScale="0.5"/>
            <sound template="cylinderPunch" startTime="0.15"  direction="0"/>
            <sound template="thudVar2"      startTime="11.9"  direction="-1"  volumeScale="1.4" pitchScale="0.7"/>
            <sound template="clackVar6"     startTime="11.99" direction="-1"  volumeScale="0.7" pitchScale="0.3"/>
            <sound template="metalOpen"     startTime="0.15"  direction="1"   volumeScale="3.5" pitchScale="0.6"/>
            <sound template="metalLowVar2"  startTime="11.99" direction="1"   volumeScale="4.0" pitchScale="0.9"/>
            <sound template="metalOpen"     startTime="11.80" direction="1"   volumeScale="1.5" pitchScale="0.4"/>
            <sound template="cylinderPunch" startTime="11.99" direction="1"/>
            <sound template="clackVar2"     startTime="0.05"  direction="0"   volumeScale="1.0" pitchScale="1.7"/>
            <sound template="metalOpen"     startTime="2.7"   direction="0"   volumeScale="2.5" pitchScale="0.4"/>
            <sound template="metalOpen"     startTime="2.7"   direction="1"   volumeScale="2.0" pitchScale="0.8"/>
            <sound template="metalClose"    startTime="0.05"  direction="1"   volumeScale="3.0" pitchScale="0.3"/>
            <sound template="metalOpen"     startTime="0.05"  direction="-1"  volumeScale="2.5" pitchScale="0.5"/>
            <sound template="metalClose"    startTime="0.01"  direction="-1"  volumeScale="2.0" pitchScale="1.1"/>
            <sound template="latchSmall"    startTime="0.03"  direction="-1"  volumeScale="0.1" pitchScale="0.6"/>	
        </animation>		
    </animations>

    <tensionBelts>
        <tensionBeltsConfigurations>
            <tensionBeltsConfiguration>
                <tensionBelts linkNode="tensionBelts" jointNode="ManWood_main_component2" width="0.075" maxEdgeLength="0.1" geometryBias="0.01" ratchetPosition="0.2" defaultOffset="-0.25" defaultOffsetSide="0.1" defaultHeight="2.75" interactionRadius="1.5" totalInteractionRadius="6.5" activationTrigger="1>0|5">
                    <tensionBelt startNode="startPoint01" endNode="startPoint01End" offsetLeft="0.2" />
                    <tensionBelt startNode="startPoint02" endNode="startPoint02End" />
                    <tensionBelt startNode="startPoint03" endNode="startPoint03End" />								
                    <tensionBelt startNode="startPoint04" endNode="startPoint04End" offsetRight="0.2" />
                </tensionBelts>
                <sounds>
                    <addBelt    template="beltOpen" />
                    <removeBelt template="beltClose" />
                </sounds>
            </tensionBeltsConfiguration>
        </tensionBeltsConfigurations>
    </tensionBelts>

    <foldable>
        <foldingConfigurations>
            <foldingConfiguration>
                <foldingParts turnOnFoldMinLimit="1" turnOnFoldMaxLimit="1" loadMovingToolStatesMaxLimit="1" loadMovingToolStatesMinLimit="1">
                    <foldingPart animationName="backDoor" speedScale="1.2" />
                </foldingParts>
            </foldingConfiguration>
        </foldingConfigurations>
    </foldable>
	
		
	
    <cylindered>
        <movingTools>
        <movingTool node="backDoor" playSound="true">	
            <componentJoint index="1" anchorActor="0" />	
            <dependentPart node="shared1" />				
        </movingTool>				
        <movingTool node="attacherJoint">
            <inputAttacherJoint value="true" />		
        </movingTool>		
        <movingTool node="attacherMove">
            <inputAttacherJoint value="true" />
        </movingTool>		
        </movingTools>
    <movingParts>  		
		<movingPart node="shared1" referencePoint="ref1" referenceFrame="ref1" lockAxis="3">
            <translatingPart node="tran1" />
			<translatingPart node="tran2" />
			<translatingPart node="tran3" />
			<translatingPart node="tran4" />
			<translatingPart node="tran5" />
			<translatingPart node="tran6" />
        </movingPart>
    </movingParts>		
    </cylindered>
    <foliageBending>
        <bendingNode minX="-1.35" maxX="1.35" minZ="-3.5" maxZ="4.1" yOffset="0.2" />
    </foliageBending>
    <ai>
        <allowTurnBackward value="false"/>
        <agentAttachment jointNode="attacherJoint" width="2.4" height="2.997" length="4.8" lengthOffset="0.65"/>		
    </ai>
    <baseMaterial>
        <material name="ManWood_mat" baseNode="container_vis">
            <shaderParameter name="colorMat0" value="SHARED_BLACK1"/>
            <shaderParameter name="colorMat1" value="SHARED_BLACK1"/>			
        </material>
    </baseMaterial>
	
    <designMaterialConfigurations price="500" useDefaultColors="true" defaultColorIndex="7">
        <material name="ManWood_mat" shaderParameter="colorMat0" />
    </designMaterialConfigurations>
    <baseMaterialConfigurations price="1500" useDefaultColors="true" defaultColorIndex="14">	
        <material name="ManWood_mat" shaderParameter="colorMat1" />		
    </baseMaterialConfigurations>	
    <wearable wearDuration="480" workMultiplier="5" fieldMultiplier="2"/>
    <washable dirtDuration="90" washDuration="1" workMultiplier="3" fieldMultiplier="2"/>

    <i3dMappings>
        <i3dMapping id="ManWood_main_component1" node="0>" />
        <i3dMapping id="ManWood_main_component2" node="1>" />		
        <i3dMapping id="moveSupport" node="0>1"/>
        <i3dMapping id="moveSupport1" node="0>1|0"/>
        <i3dMapping id="supportCol" node="0>1|0|0"/>
        <i3dMapping id="moveSupport2" node="0>1|1"/>
        <i3dMapping id="supportCol1" node="0>1|1|0"/>
        <i3dMapping id="support" node="0>1|2"/>		
        <i3dMapping id="container_vis" node="0>0" />
        <i3dMapping id="attacherJoint" node="0>0|1|0" />
        <i3dMapping id="attacherMove" node="0>0|1" />
        <i3dMapping id="tensionBelts0" node="1>0" />		
        <i3dMapping id="tensionBelts" node="1>0|0" />
        <i3dMapping id="startPoint01" node="1>0|1" />
        <i3dMapping id="startPoint01End" node="1>0|1|0" />
        <i3dMapping id="startPoint02" node="1>0|2" />
        <i3dMapping id="startPoint02End" node="1>0|2|0" />
        <i3dMapping id="startPoint03" node="1>0|3" />
        <i3dMapping id="startPoint03End" node="1>0|3|0" />
        <i3dMapping id="startPoint04" node="1>0|4" />
        <i3dMapping id="startPoint04End" node="1>0|4|0" />
		<i3dMapping id="shared1" node="0>0|4" />
		<i3dMapping id="ref1" node="0>0|0|0|0" />
		<i3dMapping id="tran1" node="0>0|4|0" />
		<i3dMapping id="tran2" node="0>0|4|0|0" />
		<i3dMapping id="tran3" node="0>0|4|0|0|0" />
		<i3dMapping id="tran4" node="0>0|4|0|0|0|0" />
		<i3dMapping id="tran5" node="0>0|4|0|0|0|0|0" />
		<i3dMapping id="tran6" node="0>0|4|0|0|0|0|0|0" />
		<i3dMapping id="backDoor" node="0>0|0" />		
    </i3dMappings>
</vehicle>

