﻿<?xml version="1.0" encoding="utf-8" standalone="no" ?>
<modDesc descVersion="77">
    <author>Blacksheep Modding</author>
    <version>1.0.0.0</version>
    <title>
        <en>MAN 33-414/41-403 Pack</en>
    </title>
    <description>
        <en>
<![CDATA[With the MAN Truck you can transport bales, bulk material, logs, and much more.

-MAN 33 414 6x6  
Price - 99.000 $  
Power: 414 HP


-MAN 41 403 VF-Z 8x4 hookLift 
Price - 150.000 $ 
Power: 403 HP


-Log platform 
Price - 7.000 $

-Trailer TR 414 
Price - 7.500 $

-Bale platform
Price - 6.000 $

-Bale platform TR
Price - 6.000 $

-Salt Box TR4000:
Price: - 8.000 $
Working speed: 20 kph
Working width: from 2 m to 10 m
Capacity: 5000 l

-Tipper platform
Price: - 7.500 $
Capacity: 20000 l

-HookLift tipper FLIEGL HKL22
Price: - 24.000 $
Capacity: 22000 l
]]>
        </en>
        <de>
<![CDATA[Mit dem MAN LKW kannst du Ballen, Schüttgut, Holz und vieles mehr transportieren. 

-MAN 33 414 6x6  
Preis - 99.000 €  
Leistung: 414 HP


-MAN 41 403 VF-Z 8x4 Hakenlift 
Preis - 150.000 € 
Leistung: 403 HP


-Holzplattform
Preis - 7.000 €

-Anhänger TR 414 
Preis - 7.500 €

-Ballenplattform
Preis - 6.000 $

-Ballenbühne TR
Preis - 6.000 €

-Salzbehälter TR4000:
Preis: - 8.000 €
Arbeitsgeschwindigkeit: 20 kph
Arbeitsbreite: von 2 m bis 10 m
Kapazität: 5000 l

-Kipper-Plattform
Preis: - 7.500 €
Kapazität: 20000 l

-Hakenlift-Kipper FLIEGL HKL22
Preis: - 24.000 €
Kapazität: 22000 l
]]>
        </de>
        <fr>
<![CDATA[Avec le camion MAN, vous pouvez transporter des balles, des matériaux en vrac, des grumes et bien plus encore.

-MAN 33 414 6x6  
Prix - 99.000 €  
Puissance : 414 HP


-MAN 41 403 VF-Z 8x4 hookLift 
Prix - 150.000 € 
Puissance : 403 HP


-Plateforme de bois
Prix - 7.000 €

-Remorque TR 414 
Prix - 7.500 €

Plate-forme à balles
Prix - 6.000 € 

-Plateforme de vente TR
Prix - 6.000 €

-Bac à sel TR4000 :
Prix : - 8.000 €
Vitesse de travail : 20 km/h
Largeur de travail : de 2 m à 10 m
Capacité : 5000 l

Plate-forme à benne basculante
Prix : - 7.500 €
Capacité : 20000 l

-Benne à crochets FLIEGL HKL22
Prix : - 24.000 €
Capacité : 22000 l
]]>
        </fr>
    </description>
    <iconFilename>icon_MAN_37_403.dds</iconFilename>
    <multiplayer supported="true" />
    <jointTypes>
        <jointType name="manLift"/>
    </jointTypes>	   
    <storeItems>	
        <storeItem xmlFilename="Man41_403.xml"/>	
        <storeItem xmlFilename="HKL22.xml"/>	
        <storeItem xmlFilename="Man33_414.xml"/>		
        <storeItem xmlFilename="ManBales.xml"/>	
        <storeItem xmlFilename="ManBales2.xml"/>			
        <storeItem xmlFilename="ManWood.xml"/>	
        <storeItem xmlFilename="ManTipper.xml"/>
        <storeItem xmlFilename="ManTrailer.xml"/>
        <storeItem xmlFilename="ManSalt.xml"/>		
    </storeItems>
<l10n>
<text name="configuration_FRBA"><en>Front/back hitch</en><de>Front/Heck Kupplung</de><fr>Avant/Arrière attelage</fr></text>
<text name="configuration_FR"><en>Front 3-points hitch</en><de>Fronthydraulik</de><fr>3-Points Avant</fr></text>
<text name="configuration_hook"><en>With Hooklift support</en><de>Mit Hakenlift</de><fr>Avec Support bras de levage</fr></text>
<text name="configuration_protection"><en>Bullbar</en><de>Bullenfänger</de><fr>Par-buffle</fr></text>
<text name="function_hookLift">
<en>Hooklift trucks can lift and transport different types of containers.</en>
<de>Hakenstapler können verschiedene Arten von Containern heben und transportieren.</de>
<fr>Les camions avec bras de levage peuvent soulever et transporter différents types de bennes.</fr>
</text>
        <text name="function_hookLiftContainer">
            <en>Containers can only be lifted and transported by a hooklift trailer and they can be filled with different fruit types.</en>
            <de>Container können auf einen Hakenliftanhänger aufgesattelt werden und mit verschiedenen Materialien beladen werden.</de>
            <fr>Les bennes ne peuvent être soulevées et transportées que par une remorque avec bras de levage et peuvent contenir différents types de cultures.</fr>
        </text>
<text name="load_container"><en>Load container</en><de>Container aufladen</de><fr>Charger la benne</fr></text>
<text name="unload_container"><en>Drop off container</en><de>Container absetzen</de><fr>Déposer la benne</fr></text>
<text name="load_arm"><en>Retract arm</en><de>Arm anheben</de><fr>Plier le bras de levage</fr></text>
<text name="unload_arm"><en>Extend arm</en><de>Arm senken</de><fr>Déployer le bras de levage</fr></text>
<text name="Belt"><en>Belts system</en><de>Zurrgurt-System</de><fr>Système de sangles</fr></text>
<text name="door2"><en>Open door</en><de>Tür öffnen</de><fr>Ouvrir la porte</fr></text>
<text name="door"><en>Close door</en><de>Tür schließen</de><fr>Fermer la porte</fr></text>
</l10n>	
    <vehicleTypes>
		<type name="MAN" parent="baseDrivable" className="Vehicle" filename="$dataS/scripts/vehicles/Vehicle.lua">
			<specialization name="foldable" />
            <specialization name="cover" />			
		</type>	
		<type name="Man41_403" parent="baseDrivable" className="Vehicle" filename="$dataS/scripts/vehicles/Vehicle.lua">
			<specialization name="foldable" />
            <specialization name="cover" />			
			<specialization name="hookLiftTrailer"/>
			<specialization name="powerConsumer" />			
		</type>			
    </vehicleTypes>	
	<axisIcons>
		<icon name="LEFT_DOOR_ICON" 	filename="shared/Left_Door.dds"/>
		<icon name="BACK_DOOR_ICON" 	filename="shared/Back_Door.dds"/>
	</axisIcons>	
</modDesc>
