﻿<?xml version="1.0" encoding="utf-8" standalone="no" ?>
<modDesc descVersion="75">
    <author>Mappers Paradise</author>
    <version>1.0.0.0</version>

<title>
<en>Monette Workshop</en>
<de>Monette Werkstatt</de>
</title>

<description>
<en>
<![CDATA[Here we have the Monette Workshop to store your equipment and machinery.

- Price: Workshop $180000
- Maintenance: $45 / day
]]>
</en>
<de>
<![CDATA[Hier haben wir die Monette-Werkstatt, um Ihre Ausrüstung und Maschinen zu lagern.

- Preis: Werkstatt 180000 €
- Unterhalt: 45 €/Tag
]]>
</de>
</description>

    <iconFilename>icon_MonetteWorkshop.dds</iconFilename>
    <multiplayer supported="true"/>
	
	<placeableTypes>
		<type name="Shop" parent="simplePlaceable" className="Placeable" filename="$dataS/scripts/placeables/Placeable.lua">
		<specialization name="workshop" />
		</type>	
    </placeableTypes>	
	

    <storeItems>
		<storeItem rootNode="placeable" xmlFilename="MonetteWorkshop.xml"/>
    </storeItems>
</modDesc>
