<?xml version="1.0" encoding="utf-8" standalone="no"?>
<placeable type="workshop" xmlns:xsi="http://www.w3.org/2001/XMLSchema-instance" xsi:noNamespaceSchemaLocation="../../../../shared/xml/schema/placeable.xsd">
    <storeData>
        <name>$l10n_shopItem_workshop</name>
        <image>store_MonetteWorkshop.png</image>
        <price>180000</price>
        <functions>
            <function>$l10n_function_workshop</function>
        </functions>
        <dailyUpkeep>45</dailyUpkeep>
        <lifetime>1000</lifetime>
        <rotation>0</rotation>
        <brand>None</brand>
        <species>placeable</species>
        <category>placeableMisc</category>
        <brush>
            <type>placeable</type>
            <category>buildings</category>
            <tab>sheds</tab>
        </brush>

        <vertexBufferMemoryUsage>1437440</vertexBufferMemoryUsage>
        <indexBufferMemoryUsage>226560</indexBufferMemoryUsage>
        <textureMemoryUsage>6094848</textureMemoryUsage>
        <audioMemoryUsage>0</audioMemoryUsage>
        <instanceVertexBufferMemoryUsage>0</instanceVertexBufferMemoryUsage>
        <instanceIndexBufferMemoryUsage>0</instanceIndexBufferMemoryUsage>
    </storeData>
	
    <base>
        <filename>MonetteWorkshop.i3d</filename>
        <canBeRenamed>false</canBeRenamed>
    </base>	
	

    <placement useRandomYRotation="false" useManualYRotation="true" >
        <testAreas>
            <testArea startNode="testArea1Start" endNode="testArea1End" />
        </testAreas>
        <sounds>
          <place template="smallImp" />
        </sounds>		
    </placement>

    <clearAreas>
        <clearArea startNode="clearAreaStart" widthNode="clearAreaWidth" heightNode="clearAreaHeight"/>
    </clearAreas>

    <leveling requireLeveling="true" maxSmoothDistance="40" maxSlope="20" maxEdgeAngle="10">
        <levelAreas>
            <levelArea startNode="levelAreaStart" widthNode="levelAreaWidth" heightNode="levelAreaHeight" groundType="concrete"/>     
        </levelAreas>
    </leveling>

     <indoorAreas>	
			<indoorArea startNode="indoorArea1Start" widthNode="indoorArea1Width" heightNode="indoorArea1Height"/>
	</indoorAreas>

    <tipOcclusionUpdateAreas>
        <tipOcclusionUpdateArea startNode="tipOcclusionUpdateArea1Start" endNode="tipOcclusionUpdateArea1End" />
    </tipOcclusionUpdateAreas>

    <ai>
        <updateAreas>
            <updateArea startNode="tipOcclusionUpdateArea1Start" endNode="tipOcclusionUpdateArea1End" />
        </updateAreas>
    </ai>

	<triggerMarkers>
        <triggerMarker node="markerWrench" filename="$data/shared/assets/marker/markerIcons.xml" id="WRENCH" />
    </triggerMarkers>	
	
	<hotspots>
        <hotspot type="SHOP" linkNode="vehicleTrigger" />
    </hotspots>
	
	<workshop>
        <sellingPoint playerTriggerNode="playerTrigger" iconNode="markerWrench" sellTriggerNode="vehicleTrigger" ownWorkshop="true" mobileWorkshop="false" />
    </workshop>
   
	<dynamicallyLoadedParts>
        <dynamicallyLoadedPart filename="props.i3d" node="0" linkNode="props" />
        <dynamicallyLoadedPart filename="props2.i3d" node="0" linkNode="props" />		
    </dynamicallyLoadedParts>
   
<i3dMappings>
		<i3dMapping id="props" node="0|0|3" />
		<i3dMapping id="props2" node="0|0|4" />		
		<i3dMapping id="playerTrigger" node="0|1|2" />
        <i3dMapping id="vehicleTrigger" node="0|1|1" />
		<i3dMapping id="markerWrench" node="0|1|0" />	
        <i3dMapping id="clearAreaStart" node="1|0|0" />
        <i3dMapping id="clearAreaWidth" node="1|0|0|0" />
        <i3dMapping id="clearAreaHeight" node="1|0|0|1" />
        <i3dMapping id="levelAreaStart" node="1|1|0" />
        <i3dMapping id="levelAreaWidth" node="1|1|0|0" />
        <i3dMapping id="levelAreaHeight" node="1|1|0|1" />
        <i3dMapping id="indoorArea1Start" node="1|2|0" />
        <i3dMapping id="indoorArea1Width" node="1|2|0|0" />
        <i3dMapping id="indoorArea1Height" node="1|2|0|1" />
        <i3dMapping id="testArea1Start" node="1|3|0" />
        <i3dMapping id="testArea1End" node="1|3|0|0" />
        <i3dMapping id="tipOcclusionUpdateArea1Start" node="1|4|0" />
        <i3dMapping id="tipOcclusionUpdateArea1End" node="1|4|0|0" />	
 </i3dMappings>     
   <animatedObjects>
		 <animatedObject index="Biglights" >
            <animation duration="1">
			 <part node="4|0|0|0"> <!--switch-->
                    <keyFrame time="0.0" rotation="-45 0 0"/>
                    <keyFrame time="0.15" rotation="45 0 0"/>
                </part>
				<part node="4|0|0|1"> <!--switch-->
                    <keyFrame time="0.0" rotation="-45 0 0"/>
                    <keyFrame time="0.55" rotation="45 0 0"/>
                </part>
            <part node="4|0|2|0"> <!--Lfit-->
                <keyFrame time="0.5" visibility="false" />
                <keyFrame time="0.55" visibility="true" />
            </part>
				 <part node="4|0|3|0"> <!--Lfit-->
                <keyFrame time="0.5" visibility="false" />
                <keyFrame time="0.55" visibility="true" />
            </part>	
			 <part node="4|0|4|0"> <!--Lfit-->
                <keyFrame time="0.5" visibility="false" />
                <keyFrame time="0.55" visibility="true" />
            </part>	
			<part node="4|0|5|0"> <!--Lfit-->
                <keyFrame time="0.5" visibility="false" />
                <keyFrame time="0.55" visibility="true" />
            </part>	
            <part node="4|0|6|0"> <!--Lfit-->
                <keyFrame time="0.5" visibility="false" />
                <keyFrame time="0.55" visibility="true" />
            </part>
			 <part node="4|0|7|0"> <!--Lfit-->
                <keyFrame time="0.5" visibility="false" />
                <keyFrame time="0.55" visibility="true" />
            </part>
            <part node="4|0|8|0"> <!--Lfit-->
                <keyFrame time="0.5" visibility="false" />
                <keyFrame time="0.55" visibility="true" />
            </part>
				 <part node="4|0|9|0"> <!--Lfit-->
                <keyFrame time="0.5" visibility="false" />
                <keyFrame time="0.55" visibility="true" />
            </part>	
			 <part node="4|0|10|0"> <!--Lfit-->
                <keyFrame time="0.5" visibility="false" />
                <keyFrame time="0.55" visibility="true" />
            </part>	
			 <part node="4|0|11|0"> <!--Lfit-->
                <keyFrame time="0.5" visibility="false" />
                <keyFrame time="0.55" visibility="true" />
            </part>	
			 <part node="4|0|12|0"> <!--Lfit-->
                <keyFrame time="0.5" visibility="false" />
                <keyFrame time="0.55" visibility="true" />
            </part>	
			 <part node="4|0|13|0"> <!--Lfit-->
                <keyFrame time="0.5" visibility="false" />
                <keyFrame time="0.55" visibility="true" />
            </part>	
			 <part node="4|0|14|0"> <!--Lfit-->
                <keyFrame time="0.5" visibility="false" />
                <keyFrame time="0.55" visibility="true" />
            </part>	
			 <part node="4|0|15|0"> <!--Lfit-->
                <keyFrame time="0.5" visibility="false" />
                <keyFrame time="0.55" visibility="true" />
            </part>	
			 <part node="4|0|16|0"> <!--Lfit-->
                <keyFrame time="0.5" visibility="false" />
                <keyFrame time="0.55" visibility="true" />
            </part>	
			<part node="4|0|17|0"> <!--Lfit-->
                <keyFrame time="0.5" visibility="false" />
                <keyFrame time="0.55" visibility="true" />
            </part>	
            <part node="4|0|18|0"> <!--Lfit-->
                <keyFrame time="0.5" visibility="false" />
                <keyFrame time="0.55" visibility="true" />
            </part>
			 <part node="4|0|19|0"> <!--Lfit-->
                <keyFrame time="0.5" visibility="false" />
                <keyFrame time="0.55" visibility="true" />
            </part>
            <part node="4|0|20|0"> <!--Lfit-->
                <keyFrame time="0.5" visibility="false" />
                <keyFrame time="0.55" visibility="true" />
            </part>
				 <part node="4|0|21|0"> <!--Lfit-->
                <keyFrame time="0.5" visibility="false" />
                <keyFrame time="0.55" visibility="true" />
            </part>	
			 <part node="4|0|22|0"> <!--Lfit-->
                <keyFrame time="0.5" visibility="false" />
                <keyFrame time="0.55" visibility="true" />
            </part>	
			<part node="4|0|23|0"> <!--Lfit-->
                <keyFrame time="0.5" visibility="false" />
                <keyFrame time="0.55" visibility="true" />
            </part>
			 <part node="4|0|24|0"> <!--Lfit-->
                <keyFrame time="0.5" visibility="false" />
                <keyFrame time="0.55" visibility="true" />
            </part>	
			 <part node="4|0|25|0"> <!--Lfit-->
                <keyFrame time="0.5" visibility="false" />
                <keyFrame time="0.55" visibility="true" />
            </part>	
			 <part node="4|0|26|0"> <!--Lfit-->
                <keyFrame time="0.5" visibility="false" />
                <keyFrame time="0.55" visibility="true" />
            </part>	
			<part node="4|0|27|0"> <!--Lfit-->
                <keyFrame time="0.5" visibility="false" />
                <keyFrame time="0.55" visibility="true" />
            </part>	
            <part node="4|0|28|0"> <!--Lfit-->
                <keyFrame time="0.5" visibility="false" />
                <keyFrame time="0.55" visibility="true" />
            </part>
			 <part node="4|0|29|0"> <!--Lfit-->
                <keyFrame time="0.5" visibility="false" />
                <keyFrame time="0.55" visibility="true" />
            </part>
            <part node="4|0|30|0"> <!--Lfit-->
                <keyFrame time="0.5" visibility="false" />
                <keyFrame time="0.55" visibility="true" />
            </part>
				 <part node="4|0|31|0"> <!--Lfit-->
                <keyFrame time="0.5" visibility="false" />
                <keyFrame time="0.55" visibility="true" />
            </part>	
			 <part node="4|0|32|0"> <!--Lfit-->
                <keyFrame time="0.5" visibility="false" />
                <keyFrame time="0.55" visibility="true" />
            </part>	
			<part node="4|0|33|0"> <!--Lfit-->
                <keyFrame time="0.5" visibility="false" />
                <keyFrame time="0.55" visibility="true" />
            </part>	
            <part node="4|0|34|0"> <!--Lfit-->
                <keyFrame time="0.5" visibility="false" />
                <keyFrame time="0.55" visibility="true" />
            </part>	
				 <part node="4|0|35|0"> <!--Lfit-->
                <keyFrame time="0.5" visibility="false" />
                <keyFrame time="0.55" visibility="true" />
            </part>	
			 <part node="4|0|36|0"> <!--Lfit-->
                <keyFrame time="0.5" visibility="false" />
                <keyFrame time="0.55" visibility="true" />
            </part>	
			<part node="4|0|37|0"> <!--Lfit-->
                <keyFrame time="0.5" visibility="false" />
                <keyFrame time="0.55" visibility="true" />
            </part>	
            <part node="4|0|38|0"> <!--Lfit-->
                <keyFrame time="0.5" visibility="false" />
                <keyFrame time="0.55" visibility="true" />
            </part>				
            </animation>
            <controls triggerNode="4|0|1" posAction="ACTIVATE_HANDTOOL" posText="action_turnOnLight" negText="action_turnOffLight" /> 
            <sounds>
                <moving file="sounds/switch01_1.ogg" loops="0" linkNode="4|0|1" volume="0.6" radius="25" innerRadius="3" fadeOut="0.05"/>
            </sounds>
        </animatedObject>   
 		<animatedObject index="metalDoorSingle1" >
            <animation duration="2">
                <part node="0|0|1|5|0">
                    <keyFrame time="0.15" rotation="0 0 0"/>
                    <keyFrame time="1.0" rotation="0 -90 0"/>
                </part>
            </animation>
            <controls triggerNode="0|0|1|5|1" posAction="ACTIVATE_HANDTOOL" posText="action_openDoor" negText="action_closeDoor" />            
			<sounds>
					<moving file="sounds/door.ogg" loops="0" linkNode="0|0|1|5|1" volume="0.9" radius="30" innerRadius="10" fadeOut="0.25"/>
            </sounds>
        </animatedObject>
		<animatedObject index="metalDoorSingle2" >
            <animation duration="2">
                <part node="0|0|1|6|0">
                    <keyFrame time="0.15" rotation="0 0 0"/>
                    <keyFrame time="1.0" rotation="0 -90 0"/>
                </part>
            </animation>
            <controls triggerNode="0|0|1|6|1" posAction="ACTIVATE_HANDTOOL" posText="action_openDoor" negText="action_closeDoor" />            
			<sounds>
					<moving file="sounds/door.ogg" loops="0" linkNode="0|0|1|6|1" volume="0.9" radius="30" innerRadius="10" fadeOut="0.25"/>
            </sounds>
        </animatedObject>
		<animatedObject index="metalDoorSingle3" >
            <animation duration="2">
                <part node="0|0|1|7|0">
                    <keyFrame time="0.15" rotation="0 0 0"/>
                    <keyFrame time="1.0" rotation="0 -90 0"/>
                </part>
            </animation>
            <controls triggerNode="0|0|1|7|1" posAction="ACTIVATE_HANDTOOL" posText="action_openDoor" negText="action_closeDoor" />            
			<sounds>
					<moving file="sounds/door.ogg" loops="0" linkNode="0|0|1|7|1" volume="0.9" radius="30" innerRadius="10" fadeOut="0.25"/>
            </sounds>
        </animatedObject>
			<animatedObject index="metalDoorSingle4" >
            <animation duration="2">
                <part node="0|0|1|8|0">
                    <keyFrame time="0.15" rotation="0 0 0"/>
                    <keyFrame time="1.0" rotation="0 -90 0"/>
                </part>
            </animation>
            <controls triggerNode="0|0|1|8|1" posAction="ACTIVATE_HANDTOOL" posText="action_openDoor" negText="action_closeDoor" />            
			<sounds>
					<moving file="sounds/door.ogg" loops="0" linkNode="0|0|1|8|1" volume="0.9" radius="30" innerRadius="10" fadeOut="0.25"/>
            </sounds>
        </animatedObject>
		<animatedObject index="metalDoorSingle5" >
            <animation duration="2">
                <part node="0|0|1|9|0">
                    <keyFrame time="0.15" rotation="0 0 0"/>
                    <keyFrame time="1.0" rotation="0 -90 0"/>
                </part>
            </animation>
            <controls triggerNode="0|0|1|9|1" posAction="ACTIVATE_HANDTOOL" posText="action_openDoor" negText="action_closeDoor" />            
			<sounds>
					<moving file="sounds/door.ogg" loops="0" linkNode="0|0|1|9|1" volume="0.9" radius="30" innerRadius="10" fadeOut="0.25"/>
            </sounds>
        </animatedObject>
		<animatedObject index="metalDoorSingle6" >
            <animation duration="2">
                <part node="0|0|1|10|0">
                    <keyFrame time="0.15" rotation="0 0 0"/>
                    <keyFrame time="1.0" rotation="0 -90 0"/>
                </part>
            </animation>
            <controls triggerNode="0|0|1|10|1" posAction="ACTIVATE_HANDTOOL" posText="action_openDoor" negText="action_closeDoor" />            
			<sounds>
					<moving file="sounds/door.ogg" loops="0" linkNode="0|0|1|10|1" volume="0.9" radius="30" innerRadius="10" fadeOut="0.25"/>
            </sounds>
        </animatedObject>		
			<animatedObject index="door1" >
            <animation duration="2">
                <part node="0|0|1|1|0">
                    <keyFrame time="0.15" rotation="0 0 0"/>
                    <keyFrame time="1.0" rotation="0 -90 0"/>
                </part>
            </animation>
            <controls triggerNode="0|0|1|1|1" posAction="ACTIVATE_HANDTOOL" posText="action_openDoor" negText="action_closeDoor" />            
			<sounds>
					<moving file="sounds/door.ogg" loops="0" linkNode="0|0|1|1|1" volume="0.9" radius="30" innerRadius="10" fadeOut="0.25"/>
            </sounds>
        </animatedObject>
		<animatedObject index="door2" >
            <animation duration="2">
                <part node="0|0|1|2|0">
                    <keyFrame time="0.15" rotation="0 0 0"/>
                    <keyFrame time="1.0" rotation="0 90 0"/>
                </part>
            </animation>
            <controls triggerNode="0|0|1|2|1" posAction="ACTIVATE_HANDTOOL" posText="action_openDoor" negText="action_closeDoor" />            
			<sounds>
					<moving file="sounds/door.ogg" loops="0" linkNode="0|0|1|2|1" volume="0.9" radius="30" innerRadius="10" fadeOut="0.25"/>
            </sounds>
        </animatedObject>
		<animatedObject index="door3" >
            <animation duration="2">
                <part node="0|0|1|3|0">
                    <keyFrame time="0.15" rotation="0 0 0"/>
                    <keyFrame time="1.0" rotation="0 -90 0"/>
                </part>
            </animation>
            <controls triggerNode="0|0|1|3|1" posAction="ACTIVATE_HANDTOOL" posText="action_openDoor" negText="action_closeDoor" />            
			<sounds>
					<moving file="sounds/door.ogg" loops="0" linkNode="0|0|1|3|1" volume="0.9" radius="30" innerRadius="10" fadeOut="0.25"/>
            </sounds>
        </animatedObject>
		<animatedObject index="door4" >
            <animation duration="2">
                <part node="0|0|1|4|0">
                    <keyFrame time="0.15" rotation="0 0 0"/>
                    <keyFrame time="1.0" rotation="0 -90 0"/>
                </part>
            </animation>
            <controls triggerNode="0|0|1|4|1" posAction="ACTIVATE_HANDTOOL" posText="action_openDoor" negText="action_closeDoor" />            
			<sounds>
					<moving file="sounds/door.ogg" loops="0" linkNode="0|0|1|4|1" volume="0.9" radius="30" innerRadius="10" fadeOut="0.25"/>
            </sounds>
        </animatedObject>
		<animatedObject index="monGlass" >
            <animation duration="2">
                <part node="0|0|1|16|0">
                    <keyFrame time="0.15" rotation="0 0 0"/>
                    <keyFrame time="1.0" rotation="0 -90 0"/>
                </part>
            </animation>
            <controls triggerNode="0|0|1|16|1" posAction="ACTIVATE_HANDTOOL" posText="action_openDoor" negText="action_closeDoor" />            
			<sounds>
					<moving file="sounds/door.ogg" loops="0" linkNode="0|0|1|16|1" volume="0.9" radius="30" innerRadius="10" fadeOut="0.25"/>
            </sounds>
        </animatedObject>
		<animatedObject index="monGlass2" >
            <animation duration="2">
                <part node="0|0|1|17|0">
                    <keyFrame time="0.15" rotation="0 0 0"/>
                    <keyFrame time="1.0" rotation="0 90 0"/>
                </part>
            </animation>
            <controls triggerNode="0|0|1|17|1" posAction="ACTIVATE_HANDTOOL" posText="action_openDoor" negText="action_closeDoor" />            
			<sounds>
					<moving file="sounds/door.ogg" loops="0" linkNode="0|0|1|17|1" volume="0.9" radius="30" innerRadius="10" fadeOut="0.25"/>
            </sounds>
        </animatedObject>		
	
	 <animatedObject index="mainDoor1" >
            <animation duration="10">
				 <part node="0|0|1|0|0|0"> <!--index of segment 1-->
					<Keyframe time="0" translation="0 0.06 -0.04" rotation="0 0 0"/>
					<Keyframe time="0.111" translation="0 0.71 -0.04" rotation="0 0 0"/>
					<Keyframe time="0.222" translation="0 1.36 -0.04" rotation="0 0 0"/>
					<Keyframe time="0.333" translation="0 2.01 -0.04" rotation="0 0 0"/>
					<Keyframe time="0.444" translation="0 2.66 -0.04" rotation="0 0 0"/>
					<Keyframe time="0.556" translation="0 3.31 -0.04" rotation="0 0 0"/>
					<Keyframe time="0.667" translation="0 3.96 -0.04" rotation="0 0 0"/>
					<Keyframe time="0.778" translation="0 4.61 -0.04" rotation="0 0 0"/>
					<Keyframe time="0.889" translation="0 5.26 -0.04" rotation="0 0 0"/>
					<Keyframe time="1" translation="0 5.91 -0.04" rotation="0 0 44"/>					
				</part>
                <part node="0|0|1|0|0|1"> <!--index of segment 2-->					 
					<Keyframe time="0" translation="0 0.71 -0.04" rotation="0 0 0"/>
					<Keyframe time="0.111" translation="0 1.36 -0.04" rotation="0 0 0"/>
					<Keyframe time="0.222" translation="0 2.01 -0.04" rotation="0 0 0"/>
					<Keyframe time="0.333" translation="0 2.66 -0.04" rotation="0 0 0"/>
					<Keyframe time="0.444" translation="0 3.31 -0.04" rotation="0 0 0"/>
					<Keyframe time="0.556" translation="0 3.96 -0.04" rotation="0 0 0"/>
					<Keyframe time="0.667" translation="0 4.61 -0.04" rotation="0 0 0"/>
					<Keyframe time="0.778" translation="0 5.26 -0.04" rotation="0 0 0"/>
					<Keyframe time="0.889" translation="0 5.91 -0.04" rotation="0 0 44"/>		
					<Keyframe time="1" translation="-0.420 6.35 -0.04" rotation="0 0 90"/>					
				</part>
                <part node="0|0|1|0|0|2"> <!--index of segment 3-->					 
					<Keyframe time="0" translation="0 1.36 -0.04" rotation="0 0 0"/>
					<Keyframe time="0.111" translation="0 2.01 -0.04" rotation="0 0 0"/>
					<Keyframe time="0.222" translation="0 2.66 -0.04" rotation="0 0 0"/>
					<Keyframe time="0.333" translation="0 3.31 -0.04" rotation="0 0 0"/>
					<Keyframe time="0.444" translation="0 3.96 -0.04" rotation="0 0 0"/>
					<Keyframe time="0.556"  translation="0 4.61 -0.04" rotation="0 0 0"/>
					<Keyframe time="0.667" translation="0 5.26 -0.04" rotation="0 0 0"/>
					<Keyframe time="0.778" translation="0 5.91 -0.04" rotation="0 0 44"/>	
					<Keyframe time="0.889" translation="-0.420 6.35 -0.04" rotation="0 0 90"/>
					<Keyframe time="1" translation="-1.07 6.35 -0.04" rotation="0 0 90"/>				
								
				</part>
				<part node="0|0|1|0|0|3">  <!--index of segment 4-->
					<Keyframe time="0" translation="0 2.01 -0.04" rotation="0 0 0"/>
					<Keyframe time="0.111" translation="0 2.66 -0.04" rotation="0 0 0"/>
					<Keyframe time="0.222" translation="0 3.31 -0.04" rotation="0 0 0"/>
					<Keyframe time="0.333" translation="0 3.96 -0.04" rotation="0 0 0"/>
					<Keyframe time="0.444" translation="0 4.61 -0.04" rotation="0 0 0"/>
					<Keyframe time="0.556" translation="0 5.26 -0.04" rotation="0 0 0"/>
					<Keyframe time="0.667" translation="0 5.91 -0.04" rotation="0 0 44"/>		
					<Keyframe time="0.778"  translation="-0.420 6.35 -0.04" rotation="0 0 90"/>
					<Keyframe time="0.889" translation="-1.07 6.35 -0.04" rotation="0 0 90"/>	
					<Keyframe time="1" translation="-1.72 6.35 -0.04" rotation="0 0 90"/>		
				</part>
				<part node="0|0|1|0|0|4"> <!--index of segment 5-->
					<Keyframe time="0" translation="0 2.66 -0.04" rotation="0 0 0"/>
					<Keyframe time="0.111" translation="0 3.31 -0.04" rotation="0 0 0"/>
					<Keyframe time="0.222" translation="0 3.96 -0.04" rotation="0 0 0"/>
					<Keyframe time="0.333" translation="0 4.61 -0.04" rotation="0 0 0"/>
					<Keyframe time="0.444" translation="0 5.26 -0.04" rotation="0 0 0"/>
					<Keyframe time="0.556" translation="0 5.91 -0.04" rotation="0 0 44"/>		
					<Keyframe time="0.667" translation="-0.420 6.35 -0.04" rotation="0 0 90"/>
					<Keyframe time="0.778" translation="-1.07 6.35 -0.04" rotation="0 0 90"/>
					<Keyframe time="0.889" translation="-1.72 6.35 -0.04" rotation="0 0 90"/>
					<Keyframe time="1" translation="-2.37 6.35 -0.04" rotation="0 0 90"/>					
				</part>
				<part node="0|0|1|0|0|5"> <!--index of segment 6-->
				  <Keyframe time="0" translation="0 3.31 -0.04" rotation="0 0 0"/>
					<Keyframe time="0.111" translation="0 3.96 -0.04" rotation="0 0 0"/>
					<Keyframe time="0.222" translation="0 4.61 -0.04" rotation="0 0 0"/>
					<Keyframe time="0.333" translation="0 5.26 -0.04" rotation="0 0 0"/>
					<Keyframe time="0.444" translation="0 5.91 -0.04" rotation="0 0 44"/>		
					<Keyframe time="0.556" translation="-0.420 6.35 -0.04" rotation="0 0 90"/>
					<Keyframe time="0.667" translation="-1.07 6.35 -0.04" rotation="-0 0 90"/>
					<Keyframe time="0.778" translation="-1.72 6.35 -0.04" rotation="0 0 90"/>
					<Keyframe time="0.889" translation="-2.37 6.35 -0.04" rotation="0 0 90"/>
					<Keyframe time="1" translation="-3.02 6.35 -0.04" rotation="0 0 90"/>			
				</part>
				  <part node="0|0|1|0|0|6"> <!--index of segment 7-->
				   <Keyframe time="0" translation="0 3.96 -0.04" rotation="0 0 0"/>
					<Keyframe time="0.111" translation="0 4.61 -0.04" rotation="0 0 0"/>
					<Keyframe time="0.222" translation="0 5.26 -0.04" rotation="0 0 0"/>
					<Keyframe time="0.333" translation="0 5.91 -0.04" rotation="0 0 44"/>		
					<Keyframe time="0.444" translation="-0.420 6.35 -0.04" rotation="0 0 90"/>
					<Keyframe time="0.556" translation="-1.07 6.35 -0.04" rotation="0 0 90"/>
					<Keyframe time="0.667" translation="-1.72 6.35 -0.04" rotation="0 0 90"/>
					<Keyframe time="0.778" translation="-2.37 6.35 -0.04" rotation="0 0 90"/>
					<Keyframe time="0.889" translation="-3.02 6.35 -0.04" rotation="0 0 90"/>
					<Keyframe time="1" translation="-3.68 6.35 -0.04" rotation="0 0 90"/>						
				</part>				
				  <part node="0|0|1|0|0|7"> <!--index of segment 8-->
					 <Keyframe time="0" translation="0 4.61 -0.04" rotation="0 0 0"/>
					<Keyframe time="0.111" translation="0 5.26 -0.04" rotation="0 0 0"/>
					<Keyframe time="0.222" translation="0 5.91 -0.04" rotation="0 0 44"/>		
					<Keyframe time="0.333" translation="-0.420 6.35 -0.04" rotation="0 0 90"/>
					<Keyframe time="0.444" translation="-1.07 6.35 -0.04" rotation="0 0 90"/>
					<Keyframe time="0.556" translation="-1.72 6.35 -0.04" rotation="0 0 90"/>
					<Keyframe time="0.667" translation="-2.37 6.35 -0.04" rotation="0 0 90"/>
					<Keyframe time="0.778" translation="-3.02 6.35 -0.04" rotation="0 0 90"/>
					<Keyframe time="0.889" translation="-3.68 6.35 -0.04" rotation="0 0 90"/>
					<Keyframe time="1" translation="-4.32 6.35 -0.04" rotation="0 0 90"/>	
				</part>
				  <part node="0|0|1|0|0|8"> <!--index of segment 9-->
					 <Keyframe time="0" translation="0 5.26 -0.04" rotation="0 0 0"/>
					<Keyframe time="0.111" translation="0 5.91 -0.04" rotation="0 0 44"/>		
					<Keyframe time="0.222" translation="-0.420 6.35 -0.04" rotation="0 0 90"/>
					<Keyframe time="0.333" translation="-1.07 6.35 -0.04" rotation="0 0 90"/>
					<Keyframe time="0.444" translation="-1.72 6.35 -0.04" rotation="0 0 90"/>
					<Keyframe time="0.556" translation="-2.37 6.35 -0.04" rotation="0 0 90"/>
					<Keyframe time="0.667" translation="-3.02 6.35 -0.04" rotation="0 0 90"/>
					<Keyframe time="0.778" translation="-3.68 6.35 -0.04" rotation="0 0 90"/>
					<Keyframe time="0.889" translation="-4.32 6.35 -0.04" rotation="0 0 90"/>
					<Keyframe time="1" translation="-4.97 6.35 -0.04" rotation="0 0 90"/>	
				</part>
            </animation>
            <controls triggerNode="0|0|1|0|2" posAction="ACTIVATE_HANDTOOL" posText="action_openDoor" negText="action_closeDoor" /> 
			<sounds>
					<moving file="sounds/slidingDoor2.ogg" loops="0" linkNode="0|0|1|0|2" volume="0.9" radius="50" innerRadius="30" fadeOut="0.25"/>
            </sounds>
        </animatedObject>
		<animatedObject index="mainDoor2" >
            <animation duration="10">
				 <part node="0|0|1|11|0|0"> <!--index of segment 1-->
					<Keyframe time="0" translation="0 0.06 -0.04" rotation="0 0 0"/>
					<Keyframe time="0.111" translation="0 0.71 -0.04" rotation="0 0 0"/>
					<Keyframe time="0.222" translation="0 1.36 -0.04" rotation="0 0 0"/>
					<Keyframe time="0.333" translation="0 2.01 -0.04" rotation="0 0 0"/>
					<Keyframe time="0.444" translation="0 2.66 -0.04" rotation="0 0 0"/>
					<Keyframe time="0.556" translation="0 3.31 -0.04" rotation="0 0 0"/>
					<Keyframe time="0.667" translation="0 3.96 -0.04" rotation="0 0 0"/>
					<Keyframe time="0.778" translation="0 4.61 -0.04" rotation="0 0 0"/>
					<Keyframe time="0.889" translation="0 5.26 -0.04" rotation="0 0 0"/>
					<Keyframe time="1" translation="0 5.91 -0.04" rotation="0 0 44"/>					
				</part>
                <part node="0|0|1|11|0|1"> <!--index of segment 2-->					 
					<Keyframe time="0" translation="0 0.71 -0.04" rotation="0 0 0"/>
					<Keyframe time="0.111" translation="0 1.36 -0.04" rotation="0 0 0"/>
					<Keyframe time="0.222" translation="0 2.01 -0.04" rotation="0 0 0"/>
					<Keyframe time="0.333" translation="0 2.66 -0.04" rotation="0 0 0"/>
					<Keyframe time="0.444" translation="0 3.31 -0.04" rotation="0 0 0"/>
					<Keyframe time="0.556" translation="0 3.96 -0.04" rotation="0 0 0"/>
					<Keyframe time="0.667" translation="0 4.61 -0.04" rotation="0 0 0"/>
					<Keyframe time="0.778" translation="0 5.26 -0.04" rotation="0 0 0"/>
					<Keyframe time="0.889" translation="0 5.91 -0.04" rotation="0 0 44"/>		
					<Keyframe time="1" translation="-0.420 6.35 -0.04" rotation="0 0 90"/>					
				</part>
                <part node="0|0|1|11|0|2"> <!--index of segment 3-->					 
					<Keyframe time="0" translation="0 1.36 -0.04" rotation="0 0 0"/>
					<Keyframe time="0.111" translation="0 2.01 -0.04" rotation="0 0 0"/>
					<Keyframe time="0.222" translation="0 2.66 -0.04" rotation="0 0 0"/>
					<Keyframe time="0.333" translation="0 3.31 -0.04" rotation="0 0 0"/>
					<Keyframe time="0.444" translation="0 3.96 -0.04" rotation="0 0 0"/>
					<Keyframe time="0.556"  translation="0 4.61 -0.04" rotation="0 0 0"/>
					<Keyframe time="0.667" translation="0 5.26 -0.04" rotation="0 0 0"/>
					<Keyframe time="0.778" translation="0 5.91 -0.04" rotation="0 0 44"/>	
					<Keyframe time="0.889" translation="-0.420 6.35 -0.04" rotation="0 0 90"/>
					<Keyframe time="1" translation="-1.07 6.35 -0.04" rotation="0 0 90"/>				
								
				</part>
				<part node="0|0|1|11|0|3">  <!--index of segment 4-->
					<Keyframe time="0" translation="0 2.01 -0.04" rotation="0 0 0"/>
					<Keyframe time="0.111" translation="0 2.66 -0.04" rotation="0 0 0"/>
					<Keyframe time="0.222" translation="0 3.31 -0.04" rotation="0 0 0"/>
					<Keyframe time="0.333" translation="0 3.96 -0.04" rotation="0 0 0"/>
					<Keyframe time="0.444" translation="0 4.61 -0.04" rotation="0 0 0"/>
					<Keyframe time="0.556" translation="0 5.26 -0.04" rotation="0 0 0"/>
					<Keyframe time="0.667" translation="0 5.91 -0.04" rotation="0 0 44"/>		
					<Keyframe time="0.778"  translation="-0.420 6.35 -0.04" rotation="0 0 90"/>
					<Keyframe time="0.889" translation="-1.07 6.35 -0.04" rotation="0 0 90"/>	
					<Keyframe time="1" translation="-1.72 6.35 -0.04" rotation="0 0 90"/>		
				</part>
				<part node="0|0|1|11|0|4"> <!--index of segment 5-->
					<Keyframe time="0" translation="0 2.66 -0.04" rotation="0 0 0"/>
					<Keyframe time="0.111" translation="0 3.31 -0.04" rotation="0 0 0"/>
					<Keyframe time="0.222" translation="0 3.96 -0.04" rotation="0 0 0"/>
					<Keyframe time="0.333" translation="0 4.61 -0.04" rotation="0 0 0"/>
					<Keyframe time="0.444" translation="0 5.26 -0.04" rotation="0 0 0"/>
					<Keyframe time="0.556" translation="0 5.91 -0.04" rotation="0 0 44"/>		
					<Keyframe time="0.667" translation="-0.420 6.35 -0.04" rotation="0 0 90"/>
					<Keyframe time="0.778" translation="-1.07 6.35 -0.04" rotation="0 0 90"/>
					<Keyframe time="0.889" translation="-1.72 6.35 -0.04" rotation="0 0 90"/>
					<Keyframe time="1" translation="-2.37 6.35 -0.04" rotation="0 0 90"/>					
				</part>
				<part node="0|0|1|11|0|5"> <!--index of segment 6-->
				  <Keyframe time="0" translation="0 3.31 -0.04" rotation="0 0 0"/>
					<Keyframe time="0.111" translation="0 3.96 -0.04" rotation="0 0 0"/>
					<Keyframe time="0.222" translation="0 4.61 -0.04" rotation="0 0 0"/>
					<Keyframe time="0.333" translation="0 5.26 -0.04" rotation="0 0 0"/>
					<Keyframe time="0.444" translation="0 5.91 -0.04" rotation="0 0 44"/>		
					<Keyframe time="0.556" translation="-0.420 6.35 -0.04" rotation="0 0 90"/>
					<Keyframe time="0.667" translation="-1.07 6.35 -0.04" rotation="-0 0 90"/>
					<Keyframe time="0.778" translation="-1.72 6.35 -0.04" rotation="0 0 90"/>
					<Keyframe time="0.889" translation="-2.37 6.35 -0.04" rotation="0 0 90"/>
					<Keyframe time="1" translation="-3.02 6.35 -0.04" rotation="0 0 90"/>			
				</part>
				  <part node="0|0|1|11|0|6"> <!--index of segment 7-->
				   <Keyframe time="0" translation="0 3.96 -0.04" rotation="0 0 0"/>
					<Keyframe time="0.111" translation="0 4.61 -0.04" rotation="0 0 0"/>
					<Keyframe time="0.222" translation="0 5.26 -0.04" rotation="0 0 0"/>
					<Keyframe time="0.333" translation="0 5.91 -0.04" rotation="0 0 44"/>		
					<Keyframe time="0.444" translation="-0.420 6.35 -0.04" rotation="0 0 90"/>
					<Keyframe time="0.556" translation="-1.07 6.35 -0.04" rotation="0 0 90"/>
					<Keyframe time="0.667" translation="-1.72 6.35 -0.04" rotation="0 0 90"/>
					<Keyframe time="0.778" translation="-2.37 6.35 -0.04" rotation="0 0 90"/>
					<Keyframe time="0.889" translation="-3.02 6.35 -0.04" rotation="0 0 90"/>
					<Keyframe time="1" translation="-3.68 6.35 -0.04" rotation="0 0 90"/>						
				</part>				
				  <part node="0|0|1|11|0|7"> <!--index of segment 8-->
					 <Keyframe time="0" translation="0 4.61 -0.04" rotation="0 0 0"/>
					<Keyframe time="0.111" translation="0 5.26 -0.04" rotation="0 0 0"/>
					<Keyframe time="0.222" translation="0 5.91 -0.04" rotation="0 0 44"/>		
					<Keyframe time="0.333" translation="-0.420 6.35 -0.04" rotation="0 0 90"/>
					<Keyframe time="0.444" translation="-1.07 6.35 -0.04" rotation="0 0 90"/>
					<Keyframe time="0.556" translation="-1.72 6.35 -0.04" rotation="0 0 90"/>
					<Keyframe time="0.667" translation="-2.37 6.35 -0.04" rotation="0 0 90"/>
					<Keyframe time="0.778" translation="-3.02 6.35 -0.04" rotation="0 0 90"/>
					<Keyframe time="0.889" translation="-3.68 6.35 -0.04" rotation="0 0 90"/>
					<Keyframe time="1" translation="-4.32 6.35 -0.04" rotation="0 0 90"/>	
				</part>
				  <part node="0|0|1|11|0|8"> <!--index of segment 9-->
					 <Keyframe time="0" translation="0 5.26 -0.04" rotation="0 0 0"/>
					<Keyframe time="0.111" translation="0 5.91 -0.04" rotation="0 0 44"/>		
					<Keyframe time="0.222" translation="-0.420 6.35 -0.04" rotation="0 0 90"/>
					<Keyframe time="0.333" translation="-1.07 6.35 -0.04" rotation="0 0 90"/>
					<Keyframe time="0.444" translation="-1.72 6.35 -0.04" rotation="0 0 90"/>
					<Keyframe time="0.556" translation="-2.37 6.35 -0.04" rotation="0 0 90"/>
					<Keyframe time="0.667" translation="-3.02 6.35 -0.04" rotation="0 0 90"/>
					<Keyframe time="0.778" translation="-3.68 6.35 -0.04" rotation="0 0 90"/>
					<Keyframe time="0.889" translation="-4.32 6.35 -0.04" rotation="0 0 90"/>
					<Keyframe time="1" translation="-4.97 6.35 -0.04" rotation="0 0 90"/>	
				</part>
            </animation>
            <controls triggerNode="0|0|1|11|2" posAction="ACTIVATE_HANDTOOL" posText="action_openDoor" negText="action_closeDoor" /> 
			<sounds>
					<moving file="sounds/slidingDoor2.ogg" loops="0" linkNode="0|0|1|11|2" volume="0.9" radius="50" innerRadius="30" fadeOut="0.25"/>
            </sounds>
        </animatedObject>
		
		<animatedObject index="mainDoor3" >
            <animation duration="10">
				 <part node="0|0|1|12|0|0"> <!--index of segment 1-->
					<Keyframe time="0" translation="0 0.06 -0.04" rotation="0 0 0"/>
					<Keyframe time="0.111" translation="0 0.71 -0.04" rotation="0 0 0"/>
					<Keyframe time="0.222" translation="0 1.36 -0.04" rotation="0 0 0"/>
					<Keyframe time="0.333" translation="0 2.01 -0.04" rotation="0 0 0"/>
					<Keyframe time="0.444" translation="0 2.66 -0.04" rotation="0 0 0"/>
					<Keyframe time="0.556" translation="0 3.31 -0.04" rotation="0 0 0"/>
					<Keyframe time="0.667" translation="0 3.96 -0.04" rotation="0 0 0"/>
					<Keyframe time="0.778" translation="0 4.61 -0.04" rotation="0 0 0"/>
					<Keyframe time="0.889" translation="0 5.26 -0.04" rotation="0 0 0"/>
					<Keyframe time="1" translation="0 5.91 -0.04" rotation="0 0 44"/>					
				</part>
                <part node="0|0|1|12|0|1"> <!--index of segment 2-->					 
					<Keyframe time="0" translation="0 0.71 -0.04" rotation="0 0 0"/>
					<Keyframe time="0.111" translation="0 1.36 -0.04" rotation="0 0 0"/>
					<Keyframe time="0.222" translation="0 2.01 -0.04" rotation="0 0 0"/>
					<Keyframe time="0.333" translation="0 2.66 -0.04" rotation="0 0 0"/>
					<Keyframe time="0.444" translation="0 3.31 -0.04" rotation="0 0 0"/>
					<Keyframe time="0.556" translation="0 3.96 -0.04" rotation="0 0 0"/>
					<Keyframe time="0.667" translation="0 4.61 -0.04" rotation="0 0 0"/>
					<Keyframe time="0.778" translation="0 5.26 -0.04" rotation="0 0 0"/>
					<Keyframe time="0.889" translation="0 5.91 -0.04" rotation="0 0 44"/>		
					<Keyframe time="1" translation="-0.420 6.35 -0.04" rotation="0 0 90"/>					
				</part>
                <part node="0|0|1|12|0|2"> <!--index of segment 3-->					 
					<Keyframe time="0" translation="0 1.36 -0.04" rotation="0 0 0"/>
					<Keyframe time="0.111" translation="0 2.01 -0.04" rotation="0 0 0"/>
					<Keyframe time="0.222" translation="0 2.66 -0.04" rotation="0 0 0"/>
					<Keyframe time="0.333" translation="0 3.31 -0.04" rotation="0 0 0"/>
					<Keyframe time="0.444" translation="0 3.96 -0.04" rotation="0 0 0"/>
					<Keyframe time="0.556"  translation="0 4.61 -0.04" rotation="0 0 0"/>
					<Keyframe time="0.667" translation="0 5.26 -0.04" rotation="0 0 0"/>
					<Keyframe time="0.778" translation="0 5.91 -0.04" rotation="0 0 44"/>	
					<Keyframe time="0.889" translation="-0.420 6.35 -0.04" rotation="0 0 90"/>
					<Keyframe time="1" translation="-1.07 6.35 -0.04" rotation="0 0 90"/>				
								
				</part>
				<part node="0|0|1|12|0|3">  <!--index of segment 4-->
					<Keyframe time="0" translation="0 2.01 -0.04" rotation="0 0 0"/>
					<Keyframe time="0.111" translation="0 2.66 -0.04" rotation="0 0 0"/>
					<Keyframe time="0.222" translation="0 3.31 -0.04" rotation="0 0 0"/>
					<Keyframe time="0.333" translation="0 3.96 -0.04" rotation="0 0 0"/>
					<Keyframe time="0.444" translation="0 4.61 -0.04" rotation="0 0 0"/>
					<Keyframe time="0.556" translation="0 5.26 -0.04" rotation="0 0 0"/>
					<Keyframe time="0.667" translation="0 5.91 -0.04" rotation="0 0 44"/>		
					<Keyframe time="0.778"  translation="-0.420 6.35 -0.04" rotation="0 0 90"/>
					<Keyframe time="0.889" translation="-1.07 6.35 -0.04" rotation="0 0 90"/>	
					<Keyframe time="1" translation="-1.72 6.35 -0.04" rotation="0 0 90"/>		
				</part>
				<part node="0|0|1|12|0|4"> <!--index of segment 5-->
					<Keyframe time="0" translation="0 2.66 -0.04" rotation="0 0 0"/>
					<Keyframe time="0.111" translation="0 3.31 -0.04" rotation="0 0 0"/>
					<Keyframe time="0.222" translation="0 3.96 -0.04" rotation="0 0 0"/>
					<Keyframe time="0.333" translation="0 4.61 -0.04" rotation="0 0 0"/>
					<Keyframe time="0.444" translation="0 5.26 -0.04" rotation="0 0 0"/>
					<Keyframe time="0.556" translation="0 5.91 -0.04" rotation="0 0 44"/>		
					<Keyframe time="0.667" translation="-0.420 6.35 -0.04" rotation="0 0 90"/>
					<Keyframe time="0.778" translation="-1.07 6.35 -0.04" rotation="0 0 90"/>
					<Keyframe time="0.889" translation="-1.72 6.35 -0.04" rotation="0 0 90"/>
					<Keyframe time="1" translation="-2.37 6.35 -0.04" rotation="0 0 90"/>					
				</part>
				<part node="0|0|1|12|0|5"> <!--index of segment 6-->
				  <Keyframe time="0" translation="0 3.31 -0.04" rotation="0 0 0"/>
					<Keyframe time="0.111" translation="0 3.96 -0.04" rotation="0 0 0"/>
					<Keyframe time="0.222" translation="0 4.61 -0.04" rotation="0 0 0"/>
					<Keyframe time="0.333" translation="0 5.26 -0.04" rotation="0 0 0"/>
					<Keyframe time="0.444" translation="0 5.91 -0.04" rotation="0 0 44"/>		
					<Keyframe time="0.556" translation="-0.420 6.35 -0.04" rotation="0 0 90"/>
					<Keyframe time="0.667" translation="-1.07 6.35 -0.04" rotation="-0 0 90"/>
					<Keyframe time="0.778" translation="-1.72 6.35 -0.04" rotation="0 0 90"/>
					<Keyframe time="0.889" translation="-2.37 6.35 -0.04" rotation="0 0 90"/>
					<Keyframe time="1" translation="-3.02 6.35 -0.04" rotation="0 0 90"/>			
				</part>
				  <part node="0|0|1|12|0|6"> <!--index of segment 7-->
				   <Keyframe time="0" translation="0 3.96 -0.04" rotation="0 0 0"/>
					<Keyframe time="0.111" translation="0 4.61 -0.04" rotation="0 0 0"/>
					<Keyframe time="0.222" translation="0 5.26 -0.04" rotation="0 0 0"/>
					<Keyframe time="0.333" translation="0 5.91 -0.04" rotation="0 0 44"/>		
					<Keyframe time="0.444" translation="-0.420 6.35 -0.04" rotation="0 0 90"/>
					<Keyframe time="0.556" translation="-1.07 6.35 -0.04" rotation="0 0 90"/>
					<Keyframe time="0.667" translation="-1.72 6.35 -0.04" rotation="0 0 90"/>
					<Keyframe time="0.778" translation="-2.37 6.35 -0.04" rotation="0 0 90"/>
					<Keyframe time="0.889" translation="-3.02 6.35 -0.04" rotation="0 0 90"/>
					<Keyframe time="1" translation="-3.68 6.35 -0.04" rotation="0 0 90"/>						
				</part>				
				  <part node="0|0|1|12|0|7"> <!--index of segment 8-->
					 <Keyframe time="0" translation="0 4.61 -0.04" rotation="0 0 0"/>
					<Keyframe time="0.111" translation="0 5.26 -0.04" rotation="0 0 0"/>
					<Keyframe time="0.222" translation="0 5.91 -0.04" rotation="0 0 44"/>		
					<Keyframe time="0.333" translation="-0.420 6.35 -0.04" rotation="0 0 90"/>
					<Keyframe time="0.444" translation="-1.07 6.35 -0.04" rotation="0 0 90"/>
					<Keyframe time="0.556" translation="-1.72 6.35 -0.04" rotation="0 0 90"/>
					<Keyframe time="0.667" translation="-2.37 6.35 -0.04" rotation="0 0 90"/>
					<Keyframe time="0.778" translation="-3.02 6.35 -0.04" rotation="0 0 90"/>
					<Keyframe time="0.889" translation="-3.68 6.35 -0.04" rotation="0 0 90"/>
					<Keyframe time="1" translation="-4.32 6.35 -0.04" rotation="0 0 90"/>	
				</part>
				  <part node="0|0|1|12|0|8"> <!--index of segment 9-->
					 <Keyframe time="0" translation="0 5.26 -0.04" rotation="0 0 0"/>
					<Keyframe time="0.111" translation="0 5.91 -0.04" rotation="0 0 44"/>		
					<Keyframe time="0.222" translation="-0.420 6.35 -0.04" rotation="0 0 90"/>
					<Keyframe time="0.333" translation="-1.07 6.35 -0.04" rotation="0 0 90"/>
					<Keyframe time="0.444" translation="-1.72 6.35 -0.04" rotation="0 0 90"/>
					<Keyframe time="0.556" translation="-2.37 6.35 -0.04" rotation="0 0 90"/>
					<Keyframe time="0.667" translation="-3.02 6.35 -0.04" rotation="0 0 90"/>
					<Keyframe time="0.778" translation="-3.68 6.35 -0.04" rotation="0 0 90"/>
					<Keyframe time="0.889" translation="-4.32 6.35 -0.04" rotation="0 0 90"/>
					<Keyframe time="1" translation="-4.97 6.35 -0.04" rotation="0 0 90"/>	
				</part>
            </animation>
            <controls triggerNode="0|0|1|12|2" posAction="ACTIVATE_HANDTOOL" posText="action_openDoor" negText="action_closeDoor" /> 
			<sounds>
					<moving file="sounds/slidingDoor2.ogg" loops="0" linkNode="0|0|1|12|2" volume="0.9" radius="50" innerRadius="30" fadeOut="0.25"/>
            </sounds>
        </animatedObject>	
			<animatedObject index="mainDoor4" >
            <animation duration="10">
				 <part node="0|0|1|13|0|0"> <!--index of segment 1-->
					<Keyframe time="0" translation="0 0.06 -0.04" rotation="0 0 0"/>
					<Keyframe time="0.111" translation="0 0.71 -0.04" rotation="0 0 0"/>
					<Keyframe time="0.222" translation="0 1.36 -0.04" rotation="0 0 0"/>
					<Keyframe time="0.333" translation="0 2.01 -0.04" rotation="0 0 0"/>
					<Keyframe time="0.444" translation="0 2.66 -0.04" rotation="0 0 0"/>
					<Keyframe time="0.556" translation="0 3.31 -0.04" rotation="0 0 0"/>
					<Keyframe time="0.667" translation="0 3.96 -0.04" rotation="0 0 0"/>
					<Keyframe time="0.778" translation="0 4.61 -0.04" rotation="0 0 0"/>
					<Keyframe time="0.889" translation="0 5.26 -0.04" rotation="0 0 0"/>
					<Keyframe time="1" translation="0 5.91 -0.04" rotation="0 0 44"/>					
				</part>
                <part node="0|0|1|13|0|1"> <!--index of segment 2-->					 
					<Keyframe time="0" translation="0 0.71 -0.04" rotation="0 0 0"/>
					<Keyframe time="0.111" translation="0 1.36 -0.04" rotation="0 0 0"/>
					<Keyframe time="0.222" translation="0 2.01 -0.04" rotation="0 0 0"/>
					<Keyframe time="0.333" translation="0 2.66 -0.04" rotation="0 0 0"/>
					<Keyframe time="0.444" translation="0 3.31 -0.04" rotation="0 0 0"/>
					<Keyframe time="0.556" translation="0 3.96 -0.04" rotation="0 0 0"/>
					<Keyframe time="0.667" translation="0 4.61 -0.04" rotation="0 0 0"/>
					<Keyframe time="0.778" translation="0 5.26 -0.04" rotation="0 0 0"/>
					<Keyframe time="0.889" translation="0 5.91 -0.04" rotation="0 0 44"/>		
					<Keyframe time="1" translation="-0.420 6.35 -0.04" rotation="0 0 90"/>					
				</part>
                <part node="0|0|1|13|0|2"> <!--index of segment 3-->					 
					<Keyframe time="0" translation="0 1.36 -0.04" rotation="0 0 0"/>
					<Keyframe time="0.111" translation="0 2.01 -0.04" rotation="0 0 0"/>
					<Keyframe time="0.222" translation="0 2.66 -0.04" rotation="0 0 0"/>
					<Keyframe time="0.333" translation="0 3.31 -0.04" rotation="0 0 0"/>
					<Keyframe time="0.444" translation="0 3.96 -0.04" rotation="0 0 0"/>
					<Keyframe time="0.556"  translation="0 4.61 -0.04" rotation="0 0 0"/>
					<Keyframe time="0.667" translation="0 5.26 -0.04" rotation="0 0 0"/>
					<Keyframe time="0.778" translation="0 5.91 -0.04" rotation="0 0 44"/>	
					<Keyframe time="0.889" translation="-0.420 6.35 -0.04" rotation="0 0 90"/>
					<Keyframe time="1" translation="-1.07 6.35 -0.04" rotation="0 0 90"/>				
								
				</part>
				<part node="0|0|1|13|0|3">  <!--index of segment 4-->
					<Keyframe time="0" translation="0 2.01 -0.04" rotation="0 0 0"/>
					<Keyframe time="0.111" translation="0 2.66 -0.04" rotation="0 0 0"/>
					<Keyframe time="0.222" translation="0 3.31 -0.04" rotation="0 0 0"/>
					<Keyframe time="0.333" translation="0 3.96 -0.04" rotation="0 0 0"/>
					<Keyframe time="0.444" translation="0 4.61 -0.04" rotation="0 0 0"/>
					<Keyframe time="0.556" translation="0 5.26 -0.04" rotation="0 0 0"/>
					<Keyframe time="0.667" translation="0 5.91 -0.04" rotation="0 0 44"/>		
					<Keyframe time="0.778"  translation="-0.420 6.35 -0.04" rotation="0 0 90"/>
					<Keyframe time="0.889" translation="-1.07 6.35 -0.04" rotation="0 0 90"/>	
					<Keyframe time="1" translation="-1.72 6.35 -0.04" rotation="0 0 90"/>		
				</part>
				<part node="0|0|1|13|0|4"> <!--index of segment 5-->
					<Keyframe time="0" translation="0 2.66 -0.04" rotation="0 0 0"/>
					<Keyframe time="0.111" translation="0 3.31 -0.04" rotation="0 0 0"/>
					<Keyframe time="0.222" translation="0 3.96 -0.04" rotation="0 0 0"/>
					<Keyframe time="0.333" translation="0 4.61 -0.04" rotation="0 0 0"/>
					<Keyframe time="0.444" translation="0 5.26 -0.04" rotation="0 0 0"/>
					<Keyframe time="0.556" translation="0 5.91 -0.04" rotation="0 0 44"/>		
					<Keyframe time="0.667" translation="-0.420 6.35 -0.04" rotation="0 0 90"/>
					<Keyframe time="0.778" translation="-1.07 6.35 -0.04" rotation="0 0 90"/>
					<Keyframe time="0.889" translation="-1.72 6.35 -0.04" rotation="0 0 90"/>
					<Keyframe time="1" translation="-2.37 6.35 -0.04" rotation="0 0 90"/>					
				</part>
				<part node="0|0|1|13|0|5"> <!--index of segment 6-->
				  <Keyframe time="0" translation="0 3.31 -0.04" rotation="0 0 0"/>
					<Keyframe time="0.111" translation="0 3.96 -0.04" rotation="0 0 0"/>
					<Keyframe time="0.222" translation="0 4.61 -0.04" rotation="0 0 0"/>
					<Keyframe time="0.333" translation="0 5.26 -0.04" rotation="0 0 0"/>
					<Keyframe time="0.444" translation="0 5.91 -0.04" rotation="0 0 44"/>		
					<Keyframe time="0.556" translation="-0.420 6.35 -0.04" rotation="0 0 90"/>
					<Keyframe time="0.667" translation="-1.07 6.35 -0.04" rotation="-0 0 90"/>
					<Keyframe time="0.778" translation="-1.72 6.35 -0.04" rotation="0 0 90"/>
					<Keyframe time="0.889" translation="-2.37 6.35 -0.04" rotation="0 0 90"/>
					<Keyframe time="1" translation="-3.02 6.35 -0.04" rotation="0 0 90"/>			
				</part>
				  <part node="0|0|1|13|0|6"> <!--index of segment 7-->
				   <Keyframe time="0" translation="0 3.96 -0.04" rotation="0 0 0"/>
					<Keyframe time="0.111" translation="0 4.61 -0.04" rotation="0 0 0"/>
					<Keyframe time="0.222" translation="0 5.26 -0.04" rotation="0 0 0"/>
					<Keyframe time="0.333" translation="0 5.91 -0.04" rotation="0 0 44"/>		
					<Keyframe time="0.444" translation="-0.420 6.35 -0.04" rotation="0 0 90"/>
					<Keyframe time="0.556" translation="-1.07 6.35 -0.04" rotation="0 0 90"/>
					<Keyframe time="0.667" translation="-1.72 6.35 -0.04" rotation="0 0 90"/>
					<Keyframe time="0.778" translation="-2.37 6.35 -0.04" rotation="0 0 90"/>
					<Keyframe time="0.889" translation="-3.02 6.35 -0.04" rotation="0 0 90"/>
					<Keyframe time="1" translation="-3.68 6.35 -0.04" rotation="0 0 90"/>						
				</part>				
				  <part node="0|0|1|13|0|7"> <!--index of segment 8-->
					 <Keyframe time="0" translation="0 4.61 -0.04" rotation="0 0 0"/>
					<Keyframe time="0.111" translation="0 5.26 -0.04" rotation="0 0 0"/>
					<Keyframe time="0.222" translation="0 5.91 -0.04" rotation="0 0 44"/>		
					<Keyframe time="0.333" translation="-0.420 6.35 -0.04" rotation="0 0 90"/>
					<Keyframe time="0.444" translation="-1.07 6.35 -0.04" rotation="0 0 90"/>
					<Keyframe time="0.556" translation="-1.72 6.35 -0.04" rotation="0 0 90"/>
					<Keyframe time="0.667" translation="-2.37 6.35 -0.04" rotation="0 0 90"/>
					<Keyframe time="0.778" translation="-3.02 6.35 -0.04" rotation="0 0 90"/>
					<Keyframe time="0.889" translation="-3.68 6.35 -0.04" rotation="0 0 90"/>
					<Keyframe time="1" translation="-4.32 6.35 -0.04" rotation="0 0 90"/>	
				</part>
				  <part node="0|0|1|13|0|8"> <!--index of segment 9-->
					 <Keyframe time="0" translation="0 5.26 -0.04" rotation="0 0 0"/>
					<Keyframe time="0.111" translation="0 5.91 -0.04" rotation="0 0 44"/>		
					<Keyframe time="0.222" translation="-0.420 6.35 -0.04" rotation="0 0 90"/>
					<Keyframe time="0.333" translation="-1.07 6.35 -0.04" rotation="0 0 90"/>
					<Keyframe time="0.444" translation="-1.72 6.35 -0.04" rotation="0 0 90"/>
					<Keyframe time="0.556" translation="-2.37 6.35 -0.04" rotation="0 0 90"/>
					<Keyframe time="0.667" translation="-3.02 6.35 -0.04" rotation="0 0 90"/>
					<Keyframe time="0.778" translation="-3.68 6.35 -0.04" rotation="0 0 90"/>
					<Keyframe time="0.889" translation="-4.32 6.35 -0.04" rotation="0 0 90"/>
					<Keyframe time="1" translation="-4.97 6.35 -0.04" rotation="0 0 90"/>	
				</part>
            </animation>
            <controls triggerNode="0|0|1|13|2" posAction="ACTIVATE_HANDTOOL" posText="action_openDoor" negText="action_closeDoor" /> 
			<sounds>
					<moving file="sounds/slidingDoor2.ogg" loops="0" linkNode="0|0|1|13|2" volume="0.9" radius="50" innerRadius="30" fadeOut="0.25"/>
            </sounds>
        </animatedObject>
			<animatedObject index="mainDoor5" >
            <animation duration="10">
				 <part node="0|0|1|14|0|0"> <!--index of segment 1-->
					<Keyframe time="0" translation="0 0.06 -0.04" rotation="0 0 0"/>
					<Keyframe time="0.111" translation="0 0.71 -0.04" rotation="0 0 0"/>
					<Keyframe time="0.222" translation="0 1.36 -0.04" rotation="0 0 0"/>
					<Keyframe time="0.333" translation="0 2.01 -0.04" rotation="0 0 0"/>
					<Keyframe time="0.444" translation="0 2.66 -0.04" rotation="0 0 0"/>
					<Keyframe time="0.556" translation="0 3.31 -0.04" rotation="0 0 0"/>
					<Keyframe time="0.667" translation="0 3.96 -0.04" rotation="0 0 0"/>
					<Keyframe time="0.778" translation="0 4.61 -0.04" rotation="0 0 0"/>
					<Keyframe time="0.889" translation="0 5.26 -0.04" rotation="0 0 0"/>
					<Keyframe time="1" translation="0 5.91 -0.04" rotation="0 0 44"/>					
				</part>
                <part node="0|0|1|14|0|1"> <!--index of segment 2-->					 
					<Keyframe time="0" translation="0 0.71 -0.04" rotation="0 0 0"/>
					<Keyframe time="0.111" translation="0 1.36 -0.04" rotation="0 0 0"/>
					<Keyframe time="0.222" translation="0 2.01 -0.04" rotation="0 0 0"/>
					<Keyframe time="0.333" translation="0 2.66 -0.04" rotation="0 0 0"/>
					<Keyframe time="0.444" translation="0 3.31 -0.04" rotation="0 0 0"/>
					<Keyframe time="0.556" translation="0 3.96 -0.04" rotation="0 0 0"/>
					<Keyframe time="0.667" translation="0 4.61 -0.04" rotation="0 0 0"/>
					<Keyframe time="0.778" translation="0 5.26 -0.04" rotation="0 0 0"/>
					<Keyframe time="0.889" translation="0 5.91 -0.04" rotation="0 0 44"/>		
					<Keyframe time="1" translation="-0.420 6.35 -0.04" rotation="0 0 90"/>					
				</part>
                <part node="0|0|1|14|0|2"> <!--index of segment 3-->					 
					<Keyframe time="0" translation="0 1.36 -0.04" rotation="0 0 0"/>
					<Keyframe time="0.111" translation="0 2.01 -0.04" rotation="0 0 0"/>
					<Keyframe time="0.222" translation="0 2.66 -0.04" rotation="0 0 0"/>
					<Keyframe time="0.333" translation="0 3.31 -0.04" rotation="0 0 0"/>
					<Keyframe time="0.444" translation="0 3.96 -0.04" rotation="0 0 0"/>
					<Keyframe time="0.556"  translation="0 4.61 -0.04" rotation="0 0 0"/>
					<Keyframe time="0.667" translation="0 5.26 -0.04" rotation="0 0 0"/>
					<Keyframe time="0.778" translation="0 5.91 -0.04" rotation="0 0 44"/>	
					<Keyframe time="0.889" translation="-0.420 6.35 -0.04" rotation="0 0 90"/>
					<Keyframe time="1" translation="-1.07 6.35 -0.04" rotation="0 0 90"/>				
								
				</part>
				<part node="0|0|1|14|0|3">  <!--index of segment 4-->
					<Keyframe time="0" translation="0 2.01 -0.04" rotation="0 0 0"/>
					<Keyframe time="0.111" translation="0 2.66 -0.04" rotation="0 0 0"/>
					<Keyframe time="0.222" translation="0 3.31 -0.04" rotation="0 0 0"/>
					<Keyframe time="0.333" translation="0 3.96 -0.04" rotation="0 0 0"/>
					<Keyframe time="0.444" translation="0 4.61 -0.04" rotation="0 0 0"/>
					<Keyframe time="0.556" translation="0 5.26 -0.04" rotation="0 0 0"/>
					<Keyframe time="0.667" translation="0 5.91 -0.04" rotation="0 0 44"/>		
					<Keyframe time="0.778"  translation="-0.420 6.35 -0.04" rotation="0 0 90"/>
					<Keyframe time="0.889" translation="-1.07 6.35 -0.04" rotation="0 0 90"/>	
					<Keyframe time="1" translation="-1.72 6.35 -0.04" rotation="0 0 90"/>		
				</part>
				<part node="0|0|1|14|0|4"> <!--index of segment 5-->
					<Keyframe time="0" translation="0 2.66 -0.04" rotation="0 0 0"/>
					<Keyframe time="0.111" translation="0 3.31 -0.04" rotation="0 0 0"/>
					<Keyframe time="0.222" translation="0 3.96 -0.04" rotation="0 0 0"/>
					<Keyframe time="0.333" translation="0 4.61 -0.04" rotation="0 0 0"/>
					<Keyframe time="0.444" translation="0 5.26 -0.04" rotation="0 0 0"/>
					<Keyframe time="0.556" translation="0 5.91 -0.04" rotation="0 0 44"/>		
					<Keyframe time="0.667" translation="-0.420 6.35 -0.04" rotation="0 0 90"/>
					<Keyframe time="0.778" translation="-1.07 6.35 -0.04" rotation="0 0 90"/>
					<Keyframe time="0.889" translation="-1.72 6.35 -0.04" rotation="0 0 90"/>
					<Keyframe time="1" translation="-2.37 6.35 -0.04" rotation="0 0 90"/>					
				</part>
				<part node="0|0|1|14|0|5"> <!--index of segment 6-->
				  <Keyframe time="0" translation="0 3.31 -0.04" rotation="0 0 0"/>
					<Keyframe time="0.111" translation="0 3.96 -0.04" rotation="0 0 0"/>
					<Keyframe time="0.222" translation="0 4.61 -0.04" rotation="0 0 0"/>
					<Keyframe time="0.333" translation="0 5.26 -0.04" rotation="0 0 0"/>
					<Keyframe time="0.444" translation="0 5.91 -0.04" rotation="0 0 44"/>		
					<Keyframe time="0.556" translation="-0.420 6.35 -0.04" rotation="0 0 90"/>
					<Keyframe time="0.667" translation="-1.07 6.35 -0.04" rotation="-0 0 90"/>
					<Keyframe time="0.778" translation="-1.72 6.35 -0.04" rotation="0 0 90"/>
					<Keyframe time="0.889" translation="-2.37 6.35 -0.04" rotation="0 0 90"/>
					<Keyframe time="1" translation="-3.02 6.35 -0.04" rotation="0 0 90"/>			
				</part>
				  <part node="0|0|1|14|0|6"> <!--index of segment 7-->
				   <Keyframe time="0" translation="0 3.96 -0.04" rotation="0 0 0"/>
					<Keyframe time="0.111" translation="0 4.61 -0.04" rotation="0 0 0"/>
					<Keyframe time="0.222" translation="0 5.26 -0.04" rotation="0 0 0"/>
					<Keyframe time="0.333" translation="0 5.91 -0.04" rotation="0 0 44"/>		
					<Keyframe time="0.444" translation="-0.420 6.35 -0.04" rotation="0 0 90"/>
					<Keyframe time="0.556" translation="-1.07 6.35 -0.04" rotation="0 0 90"/>
					<Keyframe time="0.667" translation="-1.72 6.35 -0.04" rotation="0 0 90"/>
					<Keyframe time="0.778" translation="-2.37 6.35 -0.04" rotation="0 0 90"/>
					<Keyframe time="0.889" translation="-3.02 6.35 -0.04" rotation="0 0 90"/>
					<Keyframe time="1" translation="-3.68 6.35 -0.04" rotation="0 0 90"/>						
				</part>				
				  <part node="0|0|1|14|0|7"> <!--index of segment 8-->
					 <Keyframe time="0" translation="0 4.61 -0.04" rotation="0 0 0"/>
					<Keyframe time="0.111" translation="0 5.26 -0.04" rotation="0 0 0"/>
					<Keyframe time="0.222" translation="0 5.91 -0.04" rotation="0 0 44"/>		
					<Keyframe time="0.333" translation="-0.420 6.35 -0.04" rotation="0 0 90"/>
					<Keyframe time="0.444" translation="-1.07 6.35 -0.04" rotation="0 0 90"/>
					<Keyframe time="0.556" translation="-1.72 6.35 -0.04" rotation="0 0 90"/>
					<Keyframe time="0.667" translation="-2.37 6.35 -0.04" rotation="0 0 90"/>
					<Keyframe time="0.778" translation="-3.02 6.35 -0.04" rotation="0 0 90"/>
					<Keyframe time="0.889" translation="-3.68 6.35 -0.04" rotation="0 0 90"/>
					<Keyframe time="1" translation="-4.32 6.35 -0.04" rotation="0 0 90"/>	
				</part>
				  <part node="0|0|1|14|0|8"> <!--index of segment 9-->
					 <Keyframe time="0" translation="0 5.26 -0.04" rotation="0 0 0"/>
					<Keyframe time="0.111" translation="0 5.91 -0.04" rotation="0 0 44"/>		
					<Keyframe time="0.222" translation="-0.420 6.35 -0.04" rotation="0 0 90"/>
					<Keyframe time="0.333" translation="-1.07 6.35 -0.04" rotation="0 0 90"/>
					<Keyframe time="0.444" translation="-1.72 6.35 -0.04" rotation="0 0 90"/>
					<Keyframe time="0.556" translation="-2.37 6.35 -0.04" rotation="0 0 90"/>
					<Keyframe time="0.667" translation="-3.02 6.35 -0.04" rotation="0 0 90"/>
					<Keyframe time="0.778" translation="-3.68 6.35 -0.04" rotation="0 0 90"/>
					<Keyframe time="0.889" translation="-4.32 6.35 -0.04" rotation="0 0 90"/>
					<Keyframe time="1" translation="-4.97 6.35 -0.04" rotation="0 0 90"/>	
				</part>
            </animation>
            <controls triggerNode="0|0|1|14|2" posAction="ACTIVATE_HANDTOOL" posText="action_openDoor" negText="action_closeDoor" /> 
			<sounds>
					<moving file="sounds/slidingDoor2.ogg" loops="0" linkNode="0|0|1|14|2" volume="0.9" radius="50" innerRadius="30" fadeOut="0.25"/>
            </sounds>
        </animatedObject>
			<animatedObject index="mainDoor6" >
            <animation duration="10">
				 <part node="0|0|1|15|0|0"> <!--index of segment 1-->
					<Keyframe time="0" translation="0 0.06 -0.04" rotation="0 0 0"/>
					<Keyframe time="0.111" translation="0 0.71 -0.04" rotation="0 0 0"/>
					<Keyframe time="0.222" translation="0 1.36 -0.04" rotation="0 0 0"/>
					<Keyframe time="0.333" translation="0 2.01 -0.04" rotation="0 0 0"/>
					<Keyframe time="0.444" translation="0 2.66 -0.04" rotation="0 0 0"/>
					<Keyframe time="0.556" translation="0 3.31 -0.04" rotation="0 0 0"/>
					<Keyframe time="0.667" translation="0 3.96 -0.04" rotation="0 0 0"/>
					<Keyframe time="0.778" translation="0 4.61 -0.04" rotation="0 0 0"/>
					<Keyframe time="0.889" translation="0 5.26 -0.04" rotation="0 0 0"/>
					<Keyframe time="1" translation="0 5.91 -0.04" rotation="0 0 44"/>					
				</part>
                <part node="0|0|1|15|0|1"> <!--index of segment 2-->					 
					<Keyframe time="0" translation="0 0.71 -0.04" rotation="0 0 0"/>
					<Keyframe time="0.111" translation="0 1.36 -0.04" rotation="0 0 0"/>
					<Keyframe time="0.222" translation="0 2.01 -0.04" rotation="0 0 0"/>
					<Keyframe time="0.333" translation="0 2.66 -0.04" rotation="0 0 0"/>
					<Keyframe time="0.444" translation="0 3.31 -0.04" rotation="0 0 0"/>
					<Keyframe time="0.556" translation="0 3.96 -0.04" rotation="0 0 0"/>
					<Keyframe time="0.667" translation="0 4.61 -0.04" rotation="0 0 0"/>
					<Keyframe time="0.778" translation="0 5.26 -0.04" rotation="0 0 0"/>
					<Keyframe time="0.889" translation="0 5.91 -0.04" rotation="0 0 44"/>		
					<Keyframe time="1" translation="-0.420 6.35 -0.04" rotation="0 0 90"/>					
				</part>
                <part node="0|0|1|15|0|2"> <!--index of segment 3-->					 
					<Keyframe time="0" translation="0 1.36 -0.04" rotation="0 0 0"/>
					<Keyframe time="0.111" translation="0 2.01 -0.04" rotation="0 0 0"/>
					<Keyframe time="0.222" translation="0 2.66 -0.04" rotation="0 0 0"/>
					<Keyframe time="0.333" translation="0 3.31 -0.04" rotation="0 0 0"/>
					<Keyframe time="0.444" translation="0 3.96 -0.04" rotation="0 0 0"/>
					<Keyframe time="0.556"  translation="0 4.61 -0.04" rotation="0 0 0"/>
					<Keyframe time="0.667" translation="0 5.26 -0.04" rotation="0 0 0"/>
					<Keyframe time="0.778" translation="0 5.91 -0.04" rotation="0 0 44"/>	
					<Keyframe time="0.889" translation="-0.420 6.35 -0.04" rotation="0 0 90"/>
					<Keyframe time="1" translation="-1.07 6.35 -0.04" rotation="0 0 90"/>				
								
				</part>
				<part node="0|0|1|15|0|3">  <!--index of segment 4-->
					<Keyframe time="0" translation="0 2.01 -0.04" rotation="0 0 0"/>
					<Keyframe time="0.111" translation="0 2.66 -0.04" rotation="0 0 0"/>
					<Keyframe time="0.222" translation="0 3.31 -0.04" rotation="0 0 0"/>
					<Keyframe time="0.333" translation="0 3.96 -0.04" rotation="0 0 0"/>
					<Keyframe time="0.444" translation="0 4.61 -0.04" rotation="0 0 0"/>
					<Keyframe time="0.556" translation="0 5.26 -0.04" rotation="0 0 0"/>
					<Keyframe time="0.667" translation="0 5.91 -0.04" rotation="0 0 44"/>		
					<Keyframe time="0.778"  translation="-0.420 6.35 -0.04" rotation="0 0 90"/>
					<Keyframe time="0.889" translation="-1.07 6.35 -0.04" rotation="0 0 90"/>	
					<Keyframe time="1" translation="-1.72 6.35 -0.04" rotation="0 0 90"/>		
				</part>
				<part node="0|0|1|15|0|4"> <!--index of segment 5-->
					<Keyframe time="0" translation="0 2.66 -0.04" rotation="0 0 0"/>
					<Keyframe time="0.111" translation="0 3.31 -0.04" rotation="0 0 0"/>
					<Keyframe time="0.222" translation="0 3.96 -0.04" rotation="0 0 0"/>
					<Keyframe time="0.333" translation="0 4.61 -0.04" rotation="0 0 0"/>
					<Keyframe time="0.444" translation="0 5.26 -0.04" rotation="0 0 0"/>
					<Keyframe time="0.556" translation="0 5.91 -0.04" rotation="0 0 44"/>		
					<Keyframe time="0.667" translation="-0.420 6.35 -0.04" rotation="0 0 90"/>
					<Keyframe time="0.778" translation="-1.07 6.35 -0.04" rotation="0 0 90"/>
					<Keyframe time="0.889" translation="-1.72 6.35 -0.04" rotation="0 0 90"/>
					<Keyframe time="1" translation="-2.37 6.35 -0.04" rotation="0 0 90"/>					
				</part>
				<part node="0|0|1|15|0|5"> <!--index of segment 6-->
				  <Keyframe time="0" translation="0 3.31 -0.04" rotation="0 0 0"/>
					<Keyframe time="0.111" translation="0 3.96 -0.04" rotation="0 0 0"/>
					<Keyframe time="0.222" translation="0 4.61 -0.04" rotation="0 0 0"/>
					<Keyframe time="0.333" translation="0 5.26 -0.04" rotation="0 0 0"/>
					<Keyframe time="0.444" translation="0 5.91 -0.04" rotation="0 0 44"/>		
					<Keyframe time="0.556" translation="-0.420 6.35 -0.04" rotation="0 0 90"/>
					<Keyframe time="0.667" translation="-1.07 6.35 -0.04" rotation="-0 0 90"/>
					<Keyframe time="0.778" translation="-1.72 6.35 -0.04" rotation="0 0 90"/>
					<Keyframe time="0.889" translation="-2.37 6.35 -0.04" rotation="0 0 90"/>
					<Keyframe time="1" translation="-3.02 6.35 -0.04" rotation="0 0 90"/>			
				</part>
				  <part node="0|0|1|15|0|6"> <!--index of segment 7-->
				   <Keyframe time="0" translation="0 3.96 -0.04" rotation="0 0 0"/>
					<Keyframe time="0.111" translation="0 4.61 -0.04" rotation="0 0 0"/>
					<Keyframe time="0.222" translation="0 5.26 -0.04" rotation="0 0 0"/>
					<Keyframe time="0.333" translation="0 5.91 -0.04" rotation="0 0 44"/>		
					<Keyframe time="0.444" translation="-0.420 6.35 -0.04" rotation="0 0 90"/>
					<Keyframe time="0.556" translation="-1.07 6.35 -0.04" rotation="0 0 90"/>
					<Keyframe time="0.667" translation="-1.72 6.35 -0.04" rotation="0 0 90"/>
					<Keyframe time="0.778" translation="-2.37 6.35 -0.04" rotation="0 0 90"/>
					<Keyframe time="0.889" translation="-3.02 6.35 -0.04" rotation="0 0 90"/>
					<Keyframe time="1" translation="-3.68 6.35 -0.04" rotation="0 0 90"/>						
				</part>				
				  <part node="0|0|1|15|0|7"> <!--index of segment 8-->
					 <Keyframe time="0" translation="0 4.61 -0.04" rotation="0 0 0"/>
					<Keyframe time="0.111" translation="0 5.26 -0.04" rotation="0 0 0"/>
					<Keyframe time="0.222" translation="0 5.91 -0.04" rotation="0 0 44"/>		
					<Keyframe time="0.333" translation="-0.420 6.35 -0.04" rotation="0 0 90"/>
					<Keyframe time="0.444" translation="-1.07 6.35 -0.04" rotation="0 0 90"/>
					<Keyframe time="0.556" translation="-1.72 6.35 -0.04" rotation="0 0 90"/>
					<Keyframe time="0.667" translation="-2.37 6.35 -0.04" rotation="0 0 90"/>
					<Keyframe time="0.778" translation="-3.02 6.35 -0.04" rotation="0 0 90"/>
					<Keyframe time="0.889" translation="-3.68 6.35 -0.04" rotation="0 0 90"/>
					<Keyframe time="1" translation="-4.32 6.35 -0.04" rotation="0 0 90"/>	
				</part>
				  <part node="0|0|1|15|0|8"> <!--index of segment 9-->
					 <Keyframe time="0" translation="0 5.26 -0.04" rotation="0 0 0"/>
					<Keyframe time="0.111" translation="0 5.91 -0.04" rotation="0 0 44"/>		
					<Keyframe time="0.222" translation="-0.420 6.35 -0.04" rotation="0 0 90"/>
					<Keyframe time="0.333" translation="-1.07 6.35 -0.04" rotation="0 0 90"/>
					<Keyframe time="0.444" translation="-1.72 6.35 -0.04" rotation="0 0 90"/>
					<Keyframe time="0.556" translation="-2.37 6.35 -0.04" rotation="0 0 90"/>
					<Keyframe time="0.667" translation="-3.02 6.35 -0.04" rotation="0 0 90"/>
					<Keyframe time="0.778" translation="-3.68 6.35 -0.04" rotation="0 0 90"/>
					<Keyframe time="0.889" translation="-4.32 6.35 -0.04" rotation="0 0 90"/>
					<Keyframe time="1" translation="-4.97 6.35 -0.04" rotation="0 0 90"/>	
				</part>
            </animation>
            <controls triggerNode="0|0|1|15|2" posAction="ACTIVATE_HANDTOOL" posText="action_openDoor" negText="action_closeDoor" /> 
			<sounds>
					<moving file="sounds/slidingDoor2.ogg" loops="0" linkNode="0|0|1|15|2" volume="0.9" radius="50" innerRadius="30" fadeOut="0.25"/>
            </sounds>
        </animatedObject>		

		
		  <animatedObject index="L3" >
            <animation duration="1">
			 <part node="0|0|2|0|0|0"> <!--switch-->
                    <keyFrame time="0.0" rotation="0 0 30"/>
                    <keyFrame time="0.15" rotation="0 0 -30"/>
                </part>
				<part node="0|0|2|0|1|0"> <!--switch-->
                    <keyFrame time="0.0" rotation="0 0 30"/>
                    <keyFrame time="0.55" rotation="0 0 -30"/>
                </part>
			 <part node="0|0|2|0|2|0"> <!--Lfit-->
                <keyFrame time="0.15" visibility="false" />
                <keyFrame time="0.2" visibility="true" />
            </part>
            <part node="0|0|2|0|3|0"> <!--Lfit-->
                <keyFrame time="0.35" visibility="false" />
                <keyFrame time="0.4" visibility="true" />
            </part>
				 <part node="0|0|2|0|4|0"> <!--Lfit-->
                <keyFrame time="0.35" visibility="false" />
                <keyFrame time="0.4" visibility="true" />
            </part>	
			 <part node="0|0|2|0|5|0"> <!--Lfit-->
                <keyFrame time="0.55" visibility="false" />
                <keyFrame time="0.6" visibility="true" />
            </part>	
			 <part node="0|0|2|0|6|0"> <!--Lfit-->
                <keyFrame time="0.55" visibility="false" />
                <keyFrame time="0.6" visibility="true" />
            </part>	
			 <part node="0|0|2|0|7|0"> <!--Lfit-->
                <keyFrame time="0.75" visibility="false" />
                <keyFrame time="0.8" visibility="true" />
            </part>	
			 <part node="0|0|2|0|8|0"> <!--Lfit-->
                <keyFrame time="0.75" visibility="false" />
                <keyFrame time="0.8" visibility="true" />
            </part>	
			 <part node="0|0|2|0|9|0"> <!--Lfit-->
                <keyFrame time="0.95" visibility="false" />
                <keyFrame time="1" visibility="true" />
            </part>	
			 <part node="0|0|2|0|10|0"> <!--Lfit-->
                <keyFrame time="0.95" visibility="false" />
                <keyFrame time="1" visibility="true" />
            </part>	
			 <part node="0|0|2|0|11|0"> <!--Lfit-->
                <keyFrame time="0.98" visibility="false" />
                <keyFrame time="1" visibility="true" />
            </part>	
			<part node="0|0|2|0|12|0"> <!--Lfit-->
                <keyFrame time="0.98" visibility="false" />
                <keyFrame time="1" visibility="true" />
            </part>	
			<part node="0|0|2|0|13|0"> <!--Lfit-->
                <keyFrame time="0.98" visibility="false" />
                <keyFrame time="1" visibility="true" />
            </part>	
			<part node="0|0|2|0|14|0"> <!--Lfit-->
                <keyFrame time="0.98" visibility="false" />
                <keyFrame time="1" visibility="true" />
            </part>	
			<part node="0|0|2|0|15|0"> <!--Lfit-->
                <keyFrame time="0.98" visibility="false" />
                <keyFrame time="1" visibility="true" />
            </part>	
			<part node="0|0|2|0|16|0"> <!--Lfit-->
                <keyFrame time="0.98" visibility="false" />
                <keyFrame time="1" visibility="true" />
            </part>	
			<part node="0|0|2|0|17|0"> <!--Lfit-->
                <keyFrame time="0.98" visibility="false" />
                <keyFrame time="1" visibility="true" />
            </part>	
			<part node="0|0|2|0|18|0"> <!--Lfit-->
                <keyFrame time="0.98" visibility="false" />
                <keyFrame time="1" visibility="true" />
            </part>	
			<part node="0|0|2|0|19|0"> <!--Lfit-->
                <keyFrame time="0.98" visibility="false" />
                <keyFrame time="1" visibility="true" />
            </part>	
			<part node="0|0|2|0|20|0"> <!--Lfit-->
                <keyFrame time="0.98" visibility="false" />
                <keyFrame time="1" visibility="true" />
            </part>				
			<part node="0|0|2|0|21|0"> <!--Lfit-->
                <keyFrame time="0.98" visibility="false" />
                <keyFrame time="1" visibility="true" />
            </part>	
			<part node="0|0|2|0|22|0"> <!--Lfit-->
                <keyFrame time="0.98" visibility="false" />
                <keyFrame time="1" visibility="true" />
            </part>				
            </animation>
            <controls triggerNode="0|0|2|0|23" posAction="ACTIVATE_HANDTOOL" posText="action_turnOnLight" negText="action_turnOffLight" /> 
            <sounds>
                <moving file="sounds/switch01_1.ogg" loops="0" linkNode="0|0|2|0|23" volume="0.6" radius="25" innerRadius="3" fadeOut="0.05"/>
            </sounds>
        </animatedObject>		
	</animatedObjects>
	
</placeable>
