﻿<?xml version="1.0" encoding="utf-8" standalone="no"?>
<vehicle type="baleWrapper" xmlns:xsi="http://www.w3.org/2001/XMLSchema-instance" xsi:noNamespaceSchemaLocation="https://validation.gdn.giants-software.com/xml/schema/vehicle.xsd">
    <annotation>Copyright (C) DD ModPassion, All Rights Reserved.</annotation>
    <storeData>
        <name>G5020</name>
        <image>data/pdlc_goeweilPack/vehicles/goeweil/g5020/texture.png</image>
        <brand>GOEWEIL</brand>
        <category>baleWrappers</category>
        <showInStore>false</showInStore>
    </storeData>
    <base>
        <filename>filename/foilWrapRoll.i3d</filename>
    </base>
    <fillUnit>
        <fillUnitConfigurations>
            <fillUnitConfiguration>
                <fillUnits>
                    <fillUnit unitTextOverride="$l10n_unit_mShort" fillTypeCategories="foilWrap" capacity="3000" canBeUnloaded="false" allowFoldingThreshold="6000"/>
                    <fillUnit unitTextOverride="$l10n_unit_mShort" fillTypeCategories="foilWrap" capacity="9000" canBeUnloaded="false" allowFoldingThreshold="18000" showOnHud="false" showOnInfoHud="false"/>
                </fillUnits>
            </fillUnitConfiguration>
        </fillUnitConfigurations>
    </fillUnit>
	<baleWrapper>
        <foilWrapAddon storage="fillUnit" configuration="1">
            <baseNode node="0>0" texture="data/pdlc_goeweilPack/vehicles/goeweil/g5020/texture.png"/>
            <baseNode node="0>0|2|0|0|3"/>
            <roll node="0>0|2|0|0|3" translation="-1.166 0.001 -0.54" rotation="180 -88.5 0" scale="0.955 0.963 0.955"/>
            <roll node="0>0|2|0|0|3" translation="1.172 0.001 0.537" rotation="180 89 0" scale="0.895 0.965 0.895"/>
            <material node="0>2|1"/>
            <material node="0>2|3" editVisibility="false"/>
            <material node="0>2|4" editVisibility="false"/>
            <storage node="0>0|2|1|0|5" translation="0 0.015 -0.62"/>
            <storage node="0>0|2|1|0|5" translation="0 0.015 -0.37"/>
            <storage node="0>0|2|1|0|5" translation="0 0.015 -0.12"/>
            <storage node="0>0|2|1|0|5" translation="0 0.015 0.125"/>
            <storage node="0>0|2|1|0|5" translation="0 0.015 0.37"/>
            <storage node="0>0|2|1|0|5" translation="0 0.015 0.615"/>
        </foilWrapAddon>
    </baleWrapper>
    <wearable showOnHud="false"/>
    <washable/>
</vehicle>