﻿<?xml version="1.0" encoding="utf-8" standalone="no" ?>
<modDesc descVersion="80">
    <author>ikas</author>
    <version>1.0.0.1</version>
    <iconFilename>icon_oldWoodenBarn.dds</iconFilename>
	<multiplayer supported="true"/>
    <storeItems>
        <storeItem xmlFilename="oldWoodenBarn.xml"/>
    </storeItems>
    <title>
            <en>Old Wooden Barn</en>
			<de>Alte Hölzerne Scheune</de>
			<pl>Stara Drewniana Stodoła</pl>
			<fr>Ancienne Grange En Bois</fr>
    </title>
	
	<description>
		<en><![CDATA[
Old wooden barn with metal colorable wooden sides and small open shed included.
Barn has lightning inside and automatic outside, slide doors in front and classic on side.

Price: 25,000$
Daily maintenance costs: 1$

Changelog 1.0.0.1:
- updated model
- switched from colorable roof to colorable wooden sides
- new textures
- reduced maintenance costs from 5$ to 1$
- added automatic lightning outside
]]></en>
		<de><![CDATA[
Alte Holzscheune mit metallfarbenen Holzseiten und kleinem offenen Schuppen inklusive.
Die Scheune ist innen beleuchtet und außen automatisch, Schiebetüren vorne und klassische Türen an der Seite.

Preis: 25.000 €
Tägliche Wartungskosten: 1€

Changelog 1.0.0.1:
- aktualisiertes Modell
- Von färbbarem Dach auf färbbare Holzseiten umgestellt
- neue Texturen
- Reduzierung der Wartungskosten von 5 € auf 1 €
- Automatische Beleuchtung außen hinzugefügt
]]></de>
<fr><![CDATA[
Ancienne grange en bois avec côtés en bois de couleur métal et petit hangar ouvert inclus.
La grange est éclairée à l'intérieur et automatique à l'extérieur, portes coulissantes à l'avant et portes classiques sur le côté.

Prix ​​: 25 000 €
Frais d'entretien quotidiens : 1 €

Journal des modifications 1.0.0.1 :
- modèle mis à jour
- Passage du toit pouvant être teint aux côtés en bois pouvant être teints
- de nouvelles textures
- Réduction des frais de maintenance de 5€ à 1€
- Ajout d'un éclairage automatique à l'extérieur
]]></fr>

    </description>
	<l10n>
       <text name="action_lightSwitchON">
            <en>Lights on</en>
            <de>Licht einschalten</de>
            <pl>Włącz światło</pl>
        </text>	
        <text name="action_lightSwitchOFF">
            <en>Lights off</en>
            <de>Licht ausschalten</de>
            <pl>Wyłącz światło</pl>
        </text>
    </l10n>
</modDesc>
