<?xml version="1.0" encoding="utf-8" standalone="no" ?>
<placeable type="simplePlaceable" xmlns:xsi="http://www.w3.org/2001/XMLSchema-instance" xsi:noNamespaceSchemaLocation="$data/shared/xml/schema/placeable.xsd">
    <storeData>
        <name>
            <en>Old Wooden Barn</en>
			<de>Alte Hölzerne Scheune</de>
			<pl>Stara Drewniana Stodoła</pl>
			<fr>Ancienne Grange En Bois</fr>
		</name>
        <functions>
            <function>$l10n_function_garage</function>
        </functions>
        <image>store_oldWoodenBarn.dds</image>
        <price>25000</price>
        <dailyUpkeep>5</dailyUpkeep>
        <lifetime>1000</lifetime>
        <rotation>0</rotation>
        <brand>None</brand>
        <species>placeable</species>
        <category>sheds</category>
        <canBeSold>true</canBeSold>
        <showInStore>true</showInStore>
        <vertexBufferMemoryUsage>956928</vertexBufferMemoryUsage>
        <indexBufferMemoryUsage>143872</indexBufferMemoryUsage>
        <textureMemoryUsage>4194304</textureMemoryUsage>
        <audioMemoryUsage>0</audioMemoryUsage>
        <instanceVertexBufferMemoryUsage>0</instanceVertexBufferMemoryUsage>
        <instanceIndexBufferMemoryUsage>0</instanceIndexBufferMemoryUsage>
    </storeData>
    <base>
        <filename>oldWoodenBarn.i3d</filename>
    </base>

    <placement useRandomYRotation="false" useManualYRotation="true">
        <testAreas>
            <testArea startNode="testArea1Start" endNode="testArea1End" />
        </testAreas>
        <sounds>
            <place template="medImp" />
        </sounds>
    </placement>

    <clearAreas>
        <clearArea startNode="clearArea1Start" widthNode="clearArea1Width" heightNode="clearArea1Height"/>
    </clearAreas>

    <leveling requireLeveling="true" maxSmoothDistance="5" maxSlope="75" maxEdgeAngle="30">
        <levelAreas>
            <levelArea startNode="levelArea1Start" widthNode="levelArea1Width" heightNode="levelArea1Height" groundType="asphalt"/>
        </levelAreas>
    </leveling>

    <indoorAreas>
        <indoorArea startNode="indoorArea1Start" widthNode="indoorArea1Width" heightNode="indoorArea1Height"/>
    </indoorAreas>

    <tipOcclusionUpdateAreas>
        <tipOcclusionUpdateArea startNode="tipOcclusionUpdateArea1Start" endNode="tipOcclusionUpdateArea1End" />
    </tipOcclusionUpdateAreas>

    <ai>
        <updateAreas>
            <updateArea startNode="tipOcclusionUpdateArea1Start" endNode="tipOcclusionUpdateArea1End" />
        </updateAreas>
    </ai>

<animatedObjects>
		<animatedObject saveId="bigDoors" >
            <animation duration="4">
                <part node="door1">
                    <keyFrame time="0.0" translation="-5.138 0 -2.568" />
					<keyFrame time="1.0" translation="-5.138 0 -4.901" />
                </part>
				<part node="door2">
                    <keyFrame time="0.0" translation="-5.138 0 0.702" />
					<keyFrame time="1.0" translation="-5.138 0 3.084" />
                </part>
            </animation>
            <controls triggerNode="bigDoorsTrigger" posAction="ACTIVATE_HANDTOOL" posText="action_openGate" negText="action_closeGate" />
			<sounds>
                <moving linkNode="bigDoorsTrigger" template="slidingGateMetalLoop" />
                <posEnd linkNode="bigDoorsTrigger" template="slidingGateMetalOpen" />
                <negEnd linkNode="bigDoorsTrigger" template="slidingGateMetalClose" />           
			</sounds>
        </animatedObject>		
		<animatedObject saveId="smallDoors" >
            <animation duration="4">
                <part node="open1">
                    <keyFrame time="0.2" rotation="0 0 0"/>
					<keyFrame time="1.0" rotation="0 110 0"/>
                </part>
				<part node="open2">
                    <keyFrame time="0.0" rotation="0 0 0"/>
					<keyFrame time="1.0" rotation="0 -110 0"/>
                </part>
            </animation>
            <controls triggerNode="smallDoorsTrigger" posAction="ACTIVATE_HANDTOOL" posText="action_openGate" negText="action_closeGate" />
			<sounds>
                <moving file="Sounds/gate_loop.wav" loops="0" linkNode="smallDoorsTrigger" volume="0.8" radius="25" innerRadius="3" fadeOut="0.25"/>
                <posEnd file="Sounds/gate_opened.wav" linkNode="smallDoorsTrigger" volume="0.8" radius="25" innerRadius="3" />
                <negEnd file="Sounds/gate_closed.wav" linkNode="smallDoorsTrigger" volume="0.8" radius="25" innerRadius="3" />
            </sounds>
        </animatedObject>				
		
		<animatedObject saveId="Lights" >
            <animation duration="0.1">
                <part node="light1">
                    <keyFrame time="0.0" visibility="false" />
                    <keyFrame time="1.0" visibility="true"/>
                </part>                
				<part node="light2">
                    <keyFrame time="0.0" visibility="false" />
                    <keyFrame time="1.0" visibility="true"/>
                </part>                
				<part node="light3">
                    <keyFrame time="0.0" visibility="false" />
                    <keyFrame time="1.0" visibility="true"/>
                </part>                
				<part node="light4">
                    <keyFrame time="0.0" visibility="false" />
                    <keyFrame time="1.0" visibility="true"/>
                </part>                
				<part node="light5">
                    <keyFrame time="0.0" visibility="false" />
                    <keyFrame time="1.0" visibility="true"/>
                </part>                             			
                <part node="switch">
                    <keyFrame time="0.0" rotation="0 0 0"/>
                    <keyFrame time="1.0" rotation="0 0 -10"/>
                </part>
            </animation>
            <controls triggerNode="lightTrigger" posAction="ACTIVATE_HANDTOOL" posText="action_lightSwitchON" negText="action_lightSwitchOFF" />
            <sounds>
                 <moving linkNode="switch" template="lizardFloodLight" />
            </sounds>
        </animatedObject>	
	</animatedObjects>

	<colorable>
        <nodes>
            <node node="colorable" />
		</nodes>
		
		<colors>
		    <color value="RUDOLFHOERMANN_OXIDRED" />
			<color value="RUDOLFHOERMANN_RED" />
		    <color value="0.044 0.216 0.982 1" />
		    <color value="0.7 0.7 0.7 1" />
            <color value="RUDOLFHOERMANN_BLUE" />
		    <color value="0.000 0.053 0.005 1" />
		    <color value="0.047 0.150 0.045 1" />
		    <color value="RUDOLFHOERMANN_GREEN" />
            <color value="RUDOLFHOERMANN_GREYALU" />
		    <color value="RUDOLFHOERMANN_DARKGREY" />			
            <color value="RUDOLFHOERMANN_LIGHTGREY" />			
		    <color value="0.1 0.1 0.1 1" />
		    <color value="0.007 0.010 0.007 1" />
		    <color value="0.2 0.1 0.1 1" />
		    <color value="0.6 0.6 0.6 1" />
		    <color value="0.4 0.4 0.4 1" />
		    <color value="0.02 0.06 0 1" />
            <color value="RUDOLFHOERMANN_BEIGE" />
            <color value="RUDOLFHOERMANN_WHITEALU" />
            <color value="RUDOLFHOERMANN_WOODDARK" />
            <color value="RUDOLFHOERMANN_WOODBRIGHT" />
            <color value="RUDOLFHOERMANN_LIGHTGREEN" />
            <color value="RUDOLFHOERMANN_BROWN" />
            <color value="0.43 0.18 0.13 1" />
            <color value="RUDOLFHOERMANN_DARKBEIGE" />
			<color value="0.2 0.2 0.2 1" />
            <color value="0.01 0.01 0.01 1" />
            <color value="0.1 0.21 0.65 1" />
            <color value="1 0 0.3 1" />
            <color value="1 1 0.75 1" />
            <color value="0.0395 0.2015 0.0242 1" />
            <color value="0.2384 0.3186 0.0116 1" />
            <color value="0.0000 0.1166 0.4098 1" />
            <color value="0.5732 0.0050 0.0050 1" />
        </colors>
    </colorable>

    <i3dMappings>
        <i3dMapping id="colorable" node="0>6|0|0" />
        <i3dMapping id="clearArea1Start" node="0>1|0" />
        <i3dMapping id="clearArea1Width" node="0>1|0|0" />
        <i3dMapping id="clearArea1Height" node="0>1|0|1" />
        <i3dMapping id="levelArea1Start" node="0>2|0" />
        <i3dMapping id="levelArea1Width" node="0>2|0|0" />
        <i3dMapping id="levelArea1Height" node="0>2|0|1" />
        <i3dMapping id="indoorArea1Start" node="0>3|0" />
        <i3dMapping id="indoorArea1Width" node="0>3|0|0" />
        <i3dMapping id="indoorArea1Height" node="0>3|0|1" />
        <i3dMapping id="testArea1Start" node="0>4|0" />
        <i3dMapping id="testArea1End" node="0>4|0|0" />
        <i3dMapping id="tipOcclusionUpdateArea1Start" node="0>5|0" />
        <i3dMapping id="tipOcclusionUpdateArea1End" node="0>5|0|0" />
		<i3dMapping id="door1" node="0>8|0|0" />
		<i3dMapping id="door2" node="0>8|0|1" />
		<i3dMapping id="bigDoorsTrigger" node="0>8|2" />	
		<i3dMapping id="open1" node="0>8|1|0" />
		<i3dMapping id="open2" node="0>8|1|1" />
		<i3dMapping id="smallDoorsTrigger" node="0>8|3" />
		<i3dMapping id="light1" node="0>7|2|1" />
		<i3dMapping id="light2" node="0>7|3|1" />
		<i3dMapping id="light3" node="0>7|4|1" />
		<i3dMapping id="light4" node="0>7|5|1" />
		<i3dMapping id="light5" node="0>7|6|1" />
		<i3dMapping id="switch" node="0>7|0|0" />
		<i3dMapping id="lightTrigger" node="0>7|1" />
    </i3dMappings>
</placeable>
