<?xml version="1.0" encoding="utf-8" standalone="no" ?>
<vehicle type="multipleItemPurchase" xmlns:xsi="http://www.w3.org/2001/XMLSchema-instance" xsi:noNamespaceSchemaLocation="../../../../shared/xml/schema/vehicle.xsd">
    <annotation>Copyright (C) GIANTS Software GmbH, All Rights Reserved.</annotation>

    <storeData>
        <name>$l10n_storeItem_substratPallet</name>
		<specs>
            <weight ignore="true"/>
        </specs>
        <functions>
            <function>$l10n_fillType_substrat</function>
        </functions>
        <image>storeImage/store_substratPalletGH.png</image>
        <price>950</price>
        <category>pallets</category>
		<allowLeasing>false</allowLeasing>
        <canBeSold>false</canBeSold>
        <rotation>0</rotation>
        <brand>LIZARD</brand>
        <financeCategory>OTHER</financeCategory>
        <vertexBufferMemoryUsage>768</vertexBufferMemoryUsage>
        <indexBufferMemoryUsage>256</indexBufferMemoryUsage>
        <textureMemoryUsage>65536</textureMemoryUsage>
		<audioMemoryUsage>0</audioMemoryUsage>
        <instanceVertexBufferMemoryUsage>0</instanceVertexBufferMemoryUsage>
        <instanceIndexBufferMemoryUsage>0</instanceIndexBufferMemoryUsage>
    </storeData>

    <base>
        <typeDesc>$l10n_typeDesc_pallet</typeDesc>
        <filename>$data/objects/buyableBales/buyableBale.i3d</filename>
        <size width="1.4" length="1" height="0.8" />
        <components maxMass="810">
            <component centerOfMass="0 0.1 0" solverIterationCount="10" mass="60"/>
        </components>
    </base>

    <fillUnit>
        <fillUnitConfigurations>
            <fillUnitConfiguration>
                <fillUnits removeVehicleIfEmpty="true">
                    <fillUnit unitTextOverride="$l10n_unit_literShort" fillTypes="substrat" capacity="1500" startFillType="substrat" startFillLevel="1500" ignoreFillLimit="true"/>
                </fillUnits>
            </fillUnitConfiguration>
        </fillUnitConfigurations>
    </fillUnit>
	
	<multipleItemPurchase filename="i3d/pallets/substratPalletGH.xml" isVehicle="true">
        <offsets>
            <offset amount="2" offset="0.775 0 0"/>
            <offset amount="3" offset="0.775 0 0.6"/>
            <offset amount="5" offset="0.775 0 1.2"/>
            <offset amount="7" offset="0.775 0 1.8"/>
        </offsets>
        <itemPositions>
            <itemPosition position="0 0 0" rotation="0 0 0"/>
            <itemPosition position="-1.45 0 0" rotation="0 0 0"/>
            <itemPosition position="0 0 -1.10" rotation="0 0 0"/>
            <itemPosition position="-1.45 0 -1.10" rotation="0 0 0"/>

            <itemPosition position="0 0 -2.20" rotation="0 0 0"/>
            <itemPosition position="-1.45 0 -2.20" rotation="0 0 0"/>
            <itemPosition position="0 0 -3.30" rotation="0 0 0"/>
            <itemPosition position="-1.45 0 -3.30" rotation="0 0 0"/>
        </itemPositions>
    </multipleItemPurchase>

    <multipleItemPurchaseAmountConfigurations>
        <multipleItemPurchaseAmountConfiguration name="1" price="0"/>
        <multipleItemPurchaseAmountConfiguration name="2" price="950"/>
        <multipleItemPurchaseAmountConfiguration name="3" price="1900"/>
        <multipleItemPurchaseAmountConfiguration name="4" price="2850"/>
        <multipleItemPurchaseAmountConfiguration name="5" price="3800"/>
        <multipleItemPurchaseAmountConfiguration name="6" price="4750"/>
        <multipleItemPurchaseAmountConfiguration name="7" price="5700"/>
        <multipleItemPurchaseAmountConfiguration name="8" price="6650"/>
    </multipleItemPurchaseAmountConfigurations>
</vehicle>
