<?xml version="1.0" encoding="utf-8" standalone="no" ?>
<vehicle type="pallet" xmlns:xsi="http://www.w3.org/2001/XMLSchema-instance" xsi:noNamespaceSchemaLocation="../../../../shared/xml/schema/vehicle.xsd">
    <annotation>Copyright (C) GIANTS Software GmbH, All Rights Reserved.</annotation>

    <storeData>
        <name>$l10n_storeItem_seedsPallet</name>
        <image>storeImage/store_seedsPalletGH.png</image>
        <price>1200</price>
        <rotation>0</rotation>
        <category>pallets</category>
        <brand>LIZARD</brand>
		<showInStore>false</showInStore>
        <canBeSold>false</canBeSold>
        <financeCategory>OTHER</financeCategory>
        <audioMemoryUsage>0</audioMemoryUsage>
        <vertexBufferMemoryUsage>128256</vertexBufferMemoryUsage>
        <indexBufferMemoryUsage>19968</indexBufferMemoryUsage>
        <textureMemoryUsage>1638400</textureMemoryUsage>
        <instanceVertexBufferMemoryUsage>0</instanceVertexBufferMemoryUsage>
        <instanceIndexBufferMemoryUsage>0</instanceIndexBufferMemoryUsage>
    </storeData>

    <base>
        <typeDesc>$l10n_typeDesc_pallet</typeDesc>
        <filename>i3d/pallets/seedsPalletGH.i3d</filename>
        <size width="1.4" length="1" height="0.8" />
        <canBeReset>false</canBeReset>
        <components maxMass="600">
            <component centerOfMass="0 0.1 0" solverIterationCount="10" mass="60"/>
        </components>
        <showInVehicleMenu>false</showInVehicleMenu>
        <mapHotspot available="false" />
        <input allowed="false"/>
    </base>

    <fillUnit>
        <fillUnitConfigurations>
            <fillUnitConfiguration>
                <fillUnits removeVehicleIfEmpty="true">
                    <fillUnit unitTextOverride="$l10n_unit_literShort" fillTypes="seeds" capacity="1500" startFillType="seeds" startFillLevel="1500" ignoreFillLimit="true"/>
                </fillUnits>
            </fillUnitConfiguration>
        </fillUnitConfigurations>
    </fillUnit>

    <dischargeable requiresTipOcclusionArea="false">
        <dischargeNode node="dischargeNode" emptySpeed="200" fillUnitIndex="1" maxDistance="4" canStartDischargeAutomatically="true" playSound="false"/>
    </dischargeable>

    <pallet fillUnitIndex="1" node="pallet_vis">
        <content>
            <object node="substrat01" tensionBeltNode="substrat01Tension"/>
        </content>

        <sounds>
            <unload template="palletsFillPlastic" pitchScale="0.8" />
        </sounds>
    </pallet>

    <dynamicMount triggerNode="dynamicMountTrigger" triggerForceAcceleration="5" additionalMountDistance="0.8" jointTransY="0.11" jointLimitToRotY="true"/>

    <i3dMappings>
        <i3dMapping id="lettuceBoxPallet_component1" node="0>" />
        <i3dMapping id="pallet_vis" node="0>0" />
        <i3dMapping id="dynamicMountTrigger" node="0>0|0" />
        <i3dMapping id="dischargeNode" node="0>0|1" />
        <i3dMapping id="substrat01" node="0>0|2|0" />
        <i3dMapping id="substrat01Tension" node="0>0|2|0|0" />
    </i3dMappings>
</vehicle>
