﻿<?xml version="1.0" encoding="utf-8" standalone="no"?>
<vehicle type="plow" xmlns:xsi="http://www.w3.org/2001/XMLSchema-instance" xsi:noNamespaceSchemaLocation="$data/shared/xml/schema/vehicle.xsd">
    <annotation>Copyright (C) GIANTS Software GmbH, All Rights Reserved.</annotation>

    <storeData>
        <name>SM 82</name>
        <specs>
            <neededPower>370</neededPower>
            <workingWidth>26</workingWidth>
        </specs>
        <functions>
            <function>$l10n_function_plow</function>
        </functions>
        <image>store.dds</image>
        <price>87000</price>
        <lifetime>600</lifetime>
        <rotation>0</rotation>
        <brand>LIZARD</brand>
        <category>plows</category>
        <vertexBufferMemoryUsage>1794048</vertexBufferMemoryUsage>
        <indexBufferMemoryUsage>352000</indexBufferMemoryUsage>
        <textureMemoryUsage>1048576</textureMemoryUsage>
        <audioMemoryUsage>0</audioMemoryUsage>
        <instanceVertexBufferMemoryUsage>0</instanceVertexBufferMemoryUsage>
        <instanceIndexBufferMemoryUsage>0</instanceIndexBufferMemoryUsage>
    </storeData>

    <base>
        <typeDesc>$l10n_typeDesc_plow</typeDesc>
        <filename>Lizard_SM82.i3d</filename>
        <size width="12.6" length="6" lengthOffset="1.5"/>
        <speedLimit value="15"/>
        <components>
            <component centerOfMass="0 0 -2" solverIterationCount="10" mass="2000"/>
			<component centerOfMass="5 0 0" solverIterationCount="10" mass="700"/>
			<component centerOfMass="-5 0 0" solverIterationCount="10" mass="700"/>
			<joint component1="1" component2="2" node="0>0|2|0|1" rotLimit="0 0 0" transLimit="0 0 0"/>	
			<joint component1="1" component2="3" node="0>0|2|1|1" rotLimit="0 0 0" transLimit="0 0 0"/>	
        </components>
        <schemaOverlay attacherJointPosition="0 0" name="IMPLEMENT" />
        <mapHotspot type="TOOL" />
    </base>

    <wheels>
        <wheelConfigurations>
		    <wheelConfiguration name="$l10n_configuration_valueDefault" price="0" brand="LIZARD">
                <wheels autoRotateBackSpeed="2.2">
                    <wheel filename="pneu/pneu.xml" isLeft="true" hasTireTracks="true" hasParticles="true">
                        <physics restLoad="1.7" repr="0>0|0|0"  forcePointRatio="0.3" initialCompression="40" suspTravel="0.05" spring="80" damper="20" rotationDamping="0.001"/>
                    </wheel>
					<wheel filename="pneu/pneu.xml" isLeft="true" hasTireTracks="true" hasParticles="true">
                        <physics restLoad="1.7" repr="0>0|0|1"  forcePointRatio="0.3" initialCompression="40" suspTravel="0.05" spring="80" damper="20" rotationDamping="0.001"/>
                    </wheel>
					<wheel filename="pneu/pneu.xml" isLeft="true" hasTireTracks="true" hasParticles="true">
                        <physics restLoad="1.7" repr="0>0|0|2"  forcePointRatio="0.3" initialCompression="40" suspTravel="0.05" spring="80" damper="20" rotationDamping="0.001"/>
                    </wheel>
					<wheel filename="pneu/pneu.xml" isLeft="false" hasTireTracks="true" hasParticles="true">
                        <physics restLoad="1.7" repr="0>0|0|3"  forcePointRatio="0.3" initialCompression="40" suspTravel="0.05" spring="80" damper="20" rotationDamping="0.001"/>
                    </wheel>
					<wheel filename="pneu/pneu.xml" isLeft="false" hasTireTracks="true" hasParticles="true">
                        <physics restLoad="1.7" repr="0>0|0|4"  forcePointRatio="0.3" initialCompression="40" suspTravel="0.05" spring="80" damper="20" rotationDamping="0.001"/>
                    </wheel>
					<wheel filename="pneu/pneu.xml" isLeft="false" hasTireTracks="true" hasParticles="true">
                        <physics restLoad="1.7" repr="0>0|0|5"  forcePointRatio="0.3" initialCompression="40" suspTravel="0.05" spring="80" damper="20" rotationDamping="0.001"/>
                    </wheel>
					
					<wheel filename="pneu/pneu.xml" isLeft="true" hasTireTracks="true" hasParticles="true">
                        <physics restLoad="1.7" repr="1>0|1|0"  forcePointRatio="0.3" initialCompression="40" suspTravel="0.05" spring="80" damper="20" rotationDamping="0.001"/>
                    </wheel>
					<wheel filename="pneu/pneu.xml" isLeft="true" hasTireTracks="true" hasParticles="true">
                        <physics restLoad="1.7" repr="1>0|1|1"  forcePointRatio="0.3" initialCompression="40" suspTravel="0.05" spring="80" damper="20" rotationDamping="0.001"/>
                    </wheel>
					<wheel filename="pneu/pneu.xml" isLeft="false" hasTireTracks="true" hasParticles="true">
                        <physics restLoad="1.7" repr="2>0|1|0"  forcePointRatio="0.3" initialCompression="40" suspTravel="0.05" spring="80" damper="20" rotationDamping="0.001"/>
                    </wheel>
					<wheel filename="pneu/pneu.xml" isLeft="false" hasTireTracks="true" hasParticles="true">
                        <physics restLoad="1.7" repr="2>0|1|1"  forcePointRatio="0.3" initialCompression="40" suspTravel="0.05" spring="80" damper="20" rotationDamping="0.001"/>
                    </wheel>
                </wheels>					

            </wheelConfiguration>
        </wheelConfigurations>	
    </wheels>

    <rimColorConfigurations useDefaultColors="true" price="300">
	   <rimColorConfiguration name="Silver" color="0.265 0.265 0.265" material="0"/>
    </rimColorConfigurations>

    <speedRotatingParts>
        <speedRotatingPart node="0>0|3|4" radius="0.30" groundReferenceNodeIndex="1"/>
		<speedRotatingPart node="0>0|2|0|0|1|1" radius="0.30" groundReferenceNodeIndex="2"/>
		<speedRotatingPart node="0>0|2|1|0|1|1" radius="0.30" groundReferenceNodeIndex="3"/>
    </speedRotatingParts>

    <attachable allowFoldingWhileLowered="true">
        <inputAttacherJoints>
            <inputAttacherJoint node="0>0|1|0" jointType="implement" topReferenceNode="0>0|1|1" allowsLowering="true" lowerRotLimitScale="0 0 0" upperRotationOffset="15" lowerRotationOffset="0"   >
                <distanceToGround lower="0.1" upper="4" />
            </inputAttacherJoint>
        </inputAttacherJoints>
        <support animationName="moveSupport" />
    </attachable>
	
	<attacherJoints comboDuration="2">
        <attacherJointConfigurations>
            <attacherJointConfiguration name="$l10n_ui_no" price="0">
				<objectChange node="0>0|1|4" visibilityActive="false" />
            </attacherJointConfiguration>
			<attacherJointConfiguration name="$l10n_ui_yes" price="1000">
				<attacherJoint node="0>0|1|4|0" jointType="trailer" lowerRotLimit="10 90 50" upperRotRotationOffset="0" allowsJointLimitMovement="false" comboTime="1">
                    <distanceToGround upper="1.31" lower="0.4"/>
                    <schema position="1 0" rotation="0" invertX="false" />
                </attacherJoint>
                <attacherJoint node="0>0|1|4|0" jointType="trailerLow" lowerRotLimit="10 90 50" upperRotRotationOffset="0" allowsJointLimitMovement="false" comboTime="1">
                    <distanceToGround upper="0.89" lower="0.45"/>
                    <schema position="1 0" rotation="0" invertX="false" />
                </attacherJoint>
            </attacherJointConfiguration>
        </attacherJointConfigurations>
	</attacherJoints>
	
	<connectionHoses>
        <hose inputAttacherJointIndices="1" type="hydraulicIn"  node="0>0|1|2|0"  length="1.2" diameter="0.03" straighteningFactor="1.5">
            <objectChange node="0>0|1|2|2" visibilityActive="false" visibilityInactive="true"/>
        </hose>
        <hose inputAttacherJointIndices="1" type="hydraulicOut" node="0>0|1|2|1" length="1.2" diameter="0.03" straighteningFactor="1.5">
            <objectChange node="0>0|1|2|3" visibilityActive="false" visibilityInactive="true"/>
        </hose>
    </connectionHoses>

    <dynamicallyLoadedParts>
        <dynamicallyLoadedPart node="1|0" linkNode="0>0|1|2|2|0"  filename="$data/shared/connectionHoses/connectors.i3d" />
        <dynamicallyLoadedPart node="1|0" linkNode="0>0|1|2|3|0"  filename="$data/shared/connectionHoses/connectors.i3d" />
    </dynamicallyLoadedParts>
	
    <powerConsumer forceNode="0>" maxForce="33" />

    <groundReferenceNodes>
        <groundReferenceNode node="0>0|4|2|0" forceFactor="0.2" threshold="0.3" depthNode="0>0|4|2|1" chargeValue="1"/>
		<groundReferenceNode node="0>0|2|0|0|4|0" forceFactor="0.2" threshold="0.3" depthNode="0>0|2|0|0|4|1" chargeValue="1"/>
		<groundReferenceNode node="0>0|2|1|0|4|0" forceFactor="0.2" threshold="0.3" depthNode="0>0|2|1|0|4|1" chargeValue="1"/>
    </groundReferenceNodes>

    <workAreas>
        <workArea type="plow" functionName="processPlowArea" >
            <area startNode="0>0|4|0|0" widthNode="0>0|4|0|1" heightNode="0>0|4|0|2"/>
            <groundReferenceNode index="1"/>
        </workArea>
		<workArea type="plow" functionName="processPlowArea" >
            <area startNode="0>0|2|0|0|2|0" widthNode="0>0|2|0|0|2|1" heightNode="0>0|2|0|0|2|2"/>
            <groundReferenceNode index="2"/>
        </workArea>
		<workArea type="plow" functionName="processPlowArea" >
            <area startNode="0>0|2|1|0|2|0" widthNode="0>0|2|1|0|2|1" heightNode="0>0|2|1|0|2|2"/>
            <groundReferenceNode index="3"/>
        </workArea>
    </workAreas>
	
	 <workParticles>
        <effect workAreaIndex="1">
            <effectNode effectClass="CultivatorMotionPathEffect" effectType="CULTIVATOR" linkNode="0>0|5|0">
                <motionPathEffect textureFilename="$data/effects/cultivator/arrays/sharedCultivatorSweepArray01.dds" numRows="20" rowLength="18" minFade="0.07" isCultivatorSweepEffect="true" />
            </effectNode>
			<effectNode effectClass="CultivatorMotionPathEffect" effectType="CULTIVATOR" linkNode="0>0|5|1">
                <motionPathEffect textureFilename="$data/effects/cultivator/arrays/sharedCultivatorSweepArray01.dds" numRows="20" rowLength="18" minFade="0.07" isCultivatorSweepEffect="true" />
            </effectNode>
			<effectNode effectClass="CultivatorMotionPathEffect" effectType="CULTIVATOR" linkNode="0>0|5|2">
                <motionPathEffect textureFilename="$data/effects/cultivator/arrays/sharedCultivatorSweepArray01.dds" numRows="20" rowLength="18" minFade="0.07" isCultivatorSweepEffect="true" />
            </effectNode>
			<effectNode effectClass="CultivatorMotionPathEffect" effectType="CULTIVATOR" linkNode="0>0|5|3">
                <motionPathEffect textureFilename="$data/effects/cultivator/arrays/sharedCultivatorSweepArray01.dds" numRows="20" rowLength="18" minFade="0.07" isCultivatorSweepEffect="true" />
            </effectNode>
			<effectNode effectClass="CultivatorMotionPathEffect" effectType="CULTIVATOR" linkNode="0>0|5|4">
                <motionPathEffect textureFilename="$data/effects/cultivator/arrays/sharedCultivatorSweepArray01.dds" numRows="20" rowLength="18" minFade="0.07" isCultivatorSweepEffect="true" />
            </effectNode>
			<effectNode effectClass="CultivatorMotionPathEffect" effectType="CULTIVATOR" linkNode="0>0|5|5">
                <motionPathEffect textureFilename="$data/effects/cultivator/arrays/sharedCultivatorSweepArray01.dds" numRows="20" rowLength="18" minFade="0.07" isCultivatorSweepEffect="true" />
            </effectNode>
			<effectNode effectClass="CultivatorMotionPathEffect" effectType="CULTIVATOR" linkNode="0>0|5|6">
                <motionPathEffect textureFilename="$data/effects/cultivator/arrays/sharedCultivatorSweepArray01.dds" numRows="20" rowLength="18" minFade="0.07" isCultivatorSweepEffect="true" />
            </effectNode>
			<effectNode effectClass="CultivatorMotionPathEffect" effectType="CULTIVATOR" linkNode="0>0|5|7">
                <motionPathEffect textureFilename="$data/effects/cultivator/arrays/sharedCultivatorSweepArray01.dds" numRows="20" rowLength="18" minFade="0.07" isCultivatorSweepEffect="true" />
            </effectNode>
			<effectNode effectClass="CultivatorMotionPathEffect" effectType="CULTIVATOR" linkNode="0>0|5|8">
                <motionPathEffect textureFilename="$data/effects/cultivator/arrays/sharedCultivatorSweepArray01.dds" numRows="20" rowLength="18" minFade="0.07" isCultivatorSweepEffect="true" />
            </effectNode>
			<effectNode effectClass="CultivatorMotionPathEffect" effectType="CULTIVATOR" linkNode="0>0|5|9">
                <motionPathEffect textureFilename="$data/effects/cultivator/arrays/sharedCultivatorSweepArray01.dds" numRows="20" rowLength="18" minFade="0.07" isCultivatorSweepEffect="true" />
            </effectNode>
			<effectNode effectClass="CultivatorMotionPathEffect" effectType="CULTIVATOR" linkNode="0>0|5|10">
                <motionPathEffect textureFilename="$data/effects/cultivator/arrays/sharedCultivatorSweepArray01.dds" numRows="20" rowLength="18" minFade="0.07" isCultivatorSweepEffect="true" />
            </effectNode>
			<effectNode effectClass="CultivatorMotionPathEffect" effectType="CULTIVATOR" linkNode="0>0|5|11">
                <motionPathEffect textureFilename="$data/effects/cultivator/arrays/sharedCultivatorSweepArray01.dds" numRows="20" rowLength="18" minFade="0.07" isCultivatorSweepEffect="true" />
            </effectNode>
			<effectNode effectClass="CultivatorMotionPathEffect" effectType="CULTIVATOR" linkNode="0>0|5|12">
                <motionPathEffect textureFilename="$data/effects/cultivator/arrays/sharedCultivatorSweepArray01.dds" numRows="20" rowLength="18" minFade="0.07" isCultivatorSweepEffect="true" />
            </effectNode>
        </effect>

         <effect workAreaIndex="2">
			<effectNode effectClass="CultivatorMotionPathEffect" effectType="CULTIVATOR" linkNode="0>0|2|0|0|3|0">
                <motionPathEffect textureFilename="$data/effects/cultivator/arrays/sharedCultivatorSweepArray01.dds" numRows="20" rowLength="18" minFade="0.07" isCultivatorSweepEffect="true" />
            </effectNode>
			<effectNode effectClass="CultivatorMotionPathEffect" effectType="CULTIVATOR" linkNode="0>0|2|0|0|3|1">
                <motionPathEffect textureFilename="$data/effects/cultivator/arrays/sharedCultivatorSweepArray01.dds" numRows="20" rowLength="18" minFade="0.07" isCultivatorSweepEffect="true" />
            </effectNode>
			<effectNode effectClass="CultivatorMotionPathEffect" effectType="CULTIVATOR" linkNode="0>0|2|0|0|3|2">
                <motionPathEffect textureFilename="$data/effects/cultivator/arrays/sharedCultivatorSweepArray01.dds" numRows="20" rowLength="18" minFade="0.07" isCultivatorSweepEffect="true" />
            </effectNode>
			<effectNode effectClass="CultivatorMotionPathEffect" effectType="CULTIVATOR" linkNode="0>0|2|0|0|3|3">
                <motionPathEffect textureFilename="$data/effects/cultivator/arrays/sharedCultivatorSweepArray01.dds" numRows="20" rowLength="18" minFade="0.07" isCultivatorSweepEffect="true" />
            </effectNode>
			<effectNode effectClass="CultivatorMotionPathEffect" effectType="CULTIVATOR" linkNode="0>0|2|0|0|3|4">
                <motionPathEffect textureFilename="$data/effects/cultivator/arrays/sharedCultivatorSweepArray01.dds" numRows="20" rowLength="18" minFade="0.07" isCultivatorSweepEffect="true" />
            </effectNode>
			<effectNode effectClass="CultivatorMotionPathEffect" effectType="CULTIVATOR" linkNode="0>0|2|0|0|3|5">
                <motionPathEffect textureFilename="$data/effects/cultivator/arrays/sharedCultivatorSweepArray01.dds" numRows="20" rowLength="18" minFade="0.07" isCultivatorSweepEffect="true" />
            </effectNode>
			<effectNode effectClass="CultivatorMotionPathEffect" effectType="CULTIVATOR" linkNode="0>0|2|0|0|3|6">
                <motionPathEffect textureFilename="$data/effects/cultivator/arrays/sharedCultivatorSweepArray01.dds" numRows="20" rowLength="18" minFade="0.07" isCultivatorSweepEffect="true" />
            </effectNode>
			<effectNode effectClass="CultivatorMotionPathEffect" effectType="CULTIVATOR" linkNode="0>0|2|0|0|3|7">
                <motionPathEffect textureFilename="$data/effects/cultivator/arrays/sharedCultivatorSweepArray01.dds" numRows="20" rowLength="18" minFade="0.07" isCultivatorSweepEffect="true" />
            </effectNode>
        </effect>

         <effect workAreaIndex="3">
			<effectNode effectClass="CultivatorMotionPathEffect" effectType="CULTIVATOR" linkNode="0>0|2|1|0|3|0">
                <motionPathEffect textureFilename="$data/effects/cultivator/arrays/sharedCultivatorSweepArray01.dds" numRows="20" rowLength="18" minFade="0.07" isCultivatorSweepEffect="true" />
            </effectNode>
			<effectNode effectClass="CultivatorMotionPathEffect" effectType="CULTIVATOR" linkNode="0>0|2|1|0|3|1">
                <motionPathEffect textureFilename="$data/effects/cultivator/arrays/sharedCultivatorSweepArray01.dds" numRows="20" rowLength="18" minFade="0.07" isCultivatorSweepEffect="true" />
            </effectNode>
			<effectNode effectClass="CultivatorMotionPathEffect" effectType="CULTIVATOR" linkNode="0>0|2|1|0|3|2">
                <motionPathEffect textureFilename="$data/effects/cultivator/arrays/sharedCultivatorSweepArray01.dds" numRows="20" rowLength="18" minFade="0.07" isCultivatorSweepEffect="true" />
            </effectNode>
			<effectNode effectClass="CultivatorMotionPathEffect" effectType="CULTIVATOR" linkNode="0>0|2|1|0|3|3">
                <motionPathEffect textureFilename="$data/effects/cultivator/arrays/sharedCultivatorSweepArray01.dds" numRows="20" rowLength="18" minFade="0.07" isCultivatorSweepEffect="true" />
            </effectNode>
			<effectNode effectClass="CultivatorMotionPathEffect" effectType="CULTIVATOR" linkNode="0>0|2|1|0|3|4">
                <motionPathEffect textureFilename="$data/effects/cultivator/arrays/sharedCultivatorSweepArray01.dds" numRows="20" rowLength="18" minFade="0.07" isCultivatorSweepEffect="true" />
            </effectNode>
			<effectNode effectClass="CultivatorMotionPathEffect" effectType="CULTIVATOR" linkNode="0>0|2|1|0|3|5">
                <motionPathEffect textureFilename="$data/effects/cultivator/arrays/sharedCultivatorSweepArray01.dds" numRows="20" rowLength="18" minFade="0.07" isCultivatorSweepEffect="true" />
            </effectNode>
			<effectNode effectClass="CultivatorMotionPathEffect" effectType="CULTIVATOR" linkNode="0>0|2|1|0|3|6">
                <motionPathEffect textureFilename="$data/effects/cultivator/arrays/sharedCultivatorSweepArray01.dds" numRows="20" rowLength="18" minFade="0.07" isCultivatorSweepEffect="true" />
            </effectNode>
			<effectNode effectClass="CultivatorMotionPathEffect" effectType="CULTIVATOR" linkNode="0>0|2|1|0|3|7">
                <motionPathEffect textureFilename="$data/effects/cultivator/arrays/sharedCultivatorSweepArray01.dds" numRows="20" rowLength="18" minFade="0.07" isCultivatorSweepEffect="true" />
            </effectNode>
        </effect>

        <particle>
            <node node="0>0|5|13" refNodeIndex="1" particleType="SOIL_SMOKE" emitCountScale="2.5"/>
			<node node="0>0|2|0|0|3|8" refNodeIndex="2" particleType="SOIL_SMOKE" emitCountScale="2.5"/>
			<node node="0>0|2|1|0|3|8" refNodeIndex="3" particleType="SOIL_SMOKE" emitCountScale="2.5"/>
        </particle>
    </workParticles>
	
	<foldable>
        <foldingConfigurations>
            <foldingConfiguration price="0" >
                <foldingParts startMoveDirection="1" turnOnFoldDirection="-1" detachingMinLimit="0" detachingMaxLimit="1" loweringMaxLimit="1">
                    <foldingPart animationName="Desdobrar" speedScale="0.7" />
                </foldingParts>
                <size widthOffset="0.6"/>
            </foldingConfiguration>
        </foldingConfigurations>
    </foldable>
	
    <animations>
        <animation name="Desdobrar">	
            <part node="0>0|2|0" startTime="5" endTime="9" startRot="0 0 10" endRot="0 0 170"/>
            <part node="0>0|2|1" startTime="8" endTime="12" startRot="0 0 -10" endRot="0 0 -161"/> 
            
			<part node="0>0|2|0" startTime="0" endTime="2" startRot="0 0 0" endRot="0 0 10"/>
            <part node="0>0|2|1" startTime="0" endTime="2" startRot="0 0 0" endRot="0 0 -10"/>
            
			<part componentJointIndex="1" startTime="5" endTime="6" startRotLimit="0 0 5" endRotLimit="0 0 0" />
            <part componentJointIndex="2" startTime="11" endTime="12" startRotLimit="0 0 5" endRotLimit="0 0 0" />	
            
			<part node="1>0|1" startTime="2.1" endTime="4.2" startRot="0 0 0" endRot="120 0 0"/>
            <part node="2>0|1" startTime="2.1" endTime="4.2" startRot="0 0 0" endRot="120 0 0"/>
            
			<part node="0>0|2|0|0|1|2" startTime="4.4" endTime="4.9" startRot="0 0 0" endRot="-212 0 0"/>
            <part node="0>0|2|1|0|1|2" startTime="4.4" endTime="4.9" startRot="0 0 0" endRot="-212 0 0"/>
            
			<part node="0>0|3|2" startTime="5" endTime="9" startRot="0 0 5.9" endRot="0 0 100"/>
            <part node="0>0|3|3" startTime="8" endTime="12" startRot="0 0 -5.9" endRot="0 0 -93"/>
            
			<part node="0>0|3|2" startTime="0" endTime="2" startRot="0 0 0" endRot="0 0 5.9"/>
            <part node="0>0|3|3" startTime="0" endTime="2" startRot="0 0 0" endRot="0 0 -5.9"/>		
			
			<sound file="$data/sounds/animations/impacts/sheetImp03.ogg" startTime="4.9"  direction="1"  volumeScale="2" pitchScale="0.9" fadeOut="0.1" linkNode="0>0|2|0|0|1|2"/>
			<sound file="$data/sounds/animations/impacts/sheetImp03.ogg" startTime="4.9"  direction="1"  volumeScale="2" pitchScale="0.9" fadeOut="0.1" linkNode="0>0|2|1|0|1|2"/>
			<sound file="$data/sounds/animations/impacts/rattle01.ogg" startTime="2.1"  direction="1"  volumeScale="2" pitchScale="0.9" fadeOut="0.1" linkNode="1>0|1"/>
			<sound file="$data/sounds/animations/impacts/rattle01.ogg" startTime="2.1"  direction="1"  volumeScale="2" pitchScale="0.9" fadeOut="0.1" linkNode="2>0|1"/>
			<sound file="$data/sounds/animations/impacts/metalOpen01.ogg" startTime="4.2"  direction="1"  volumeScale="2" pitchScale="0.9" fadeOut="0.1" linkNode="1>0|1"/>
			<sound file="$data/sounds/animations/impacts/metalOpen01.ogg" startTime="4.2"  direction="1"  volumeScale="2" pitchScale="0.9" fadeOut="0.1" linkNode="2>0|1"/>
			
			<sound template="defaultHydraulicSound"   startTime="5" endTime="8.99" volumeScale="1.0" pitchScale="0.9" fadeOut="0.1" linkNode="0>0|3|0"/>
            <sound template="defaultHydraulicSound"   startTime="8" endTime="11.99" volumeScale="1.0" pitchScale="0.9" fadeOut="0.1" linkNode="0>0|3|1"/>
			<sound template="defaultHydraulicSound"   startTime="0" endTime="2" volumeScale="1.0" pitchScale="0.9" fadeOut="0.1" linkNode="0>0|3|0"/>
            <sound template="defaultHydraulicSound"   startTime="0" endTime="2" volumeScale="1.0" pitchScale="0.9" fadeOut="0.1" linkNode="0>0|3|1"/>
			
			<sound file="$data/sounds/animations/foldStop/foldStopMedVar02.ogg" startTime="8.99"  direction="1"  volumeScale="2" pitchScale="0.9" fadeOut="0.1" linkNode="0>0|2|0|0"/>
			<sound file="$data/sounds/animations/foldStart/foldStartMedVar02.ogg" startTime="8.99"  direction="-1"  volumeScale="2" pitchScale="0.9" fadeOut="0.1" linkNode="0>0|2|0|0"/>
			
			<sound file="$data/sounds/animations/foldStop/foldStopMedVar02.ogg" startTime="11.99"  direction="1"  volumeScale="2" pitchScale="0.9" fadeOut="0.1" linkNode="0>0|2|1|0"/>
			<sound file="$data/sounds/animations/foldStart/foldStartMedVar02.ogg" startTime="11.99"  direction="-1"  volumeScale="2" pitchScale="0.9" fadeOut="0.1" linkNode="0>0|2|1|0"/>
			
			<sound file="$data/sounds/animations/clacks/clackVar6.ogg" startTime="5.01"  direction="1"  volumeScale="2" pitchScale="0.9" fadeOut="0.1" linkNode="0>0|2|0|0"/>
			<sound file="$data/sounds/animations/clacks/clackVar6.ogg" startTime="5.01"  direction="-1"  volumeScale="2" pitchScale="0.9" fadeOut="0.1" linkNode="0>0|2|0|0"/>	
			
			<sound file="$data/sounds/animations/clacks/clackVar6.ogg" startTime="8.01"  direction="1"  volumeScale="2" pitchScale="0.9" fadeOut="0.1" linkNode="0>0|2|1|0"/>
			<sound file="$data/sounds/animations/clacks/clackVar6.ogg" startTime="8.01"  direction="-1"  volumeScale="2" pitchScale="0.9" fadeOut="0.1" linkNode="0>0|2|1|0"/>
			
			<sound file="$data/sounds/animations/clacks/clack2Var01.ogg" startTime="2.1"  direction="1"  volumeScale="2" pitchScale="0.9" fadeOut="0.1" linkNode="0>0|2|0|0"/>
			<sound file="$data/sounds/animations/clacks/clack2Var01.ogg" startTime="2.1"  direction="-1"  volumeScale="2" pitchScale="0.9" fadeOut="0.1" linkNode="0>0|2|0|0"/>		
			<sound file="$data/sounds/animations/clacks/clack2Var01.ogg" startTime="2.1"  direction="1"  volumeScale="2" pitchScale="0.9" fadeOut="0.1" linkNode="0>0|2|1|0"/>
			<sound file="$data/sounds/animations/clacks/clack2Var01.ogg" startTime="2.1"  direction="-1"  volumeScale="2" pitchScale="0.9" fadeOut="0.1" linkNode="0>0|2|1|0"/>
			<sound file="$data/sounds/animations/foldStop/foldStopMedVar02.ogg" startTime="0.01"  direction="1"  volumeScale="2" pitchScale="0.9" fadeOut="0.1" linkNode="0>0|2|0|0"/>
			<sound file="$data/sounds/animations/foldStart/foldStartMedVar02.ogg" startTime="0.01"  direction="-1"  volumeScale="2" pitchScale="0.9" fadeOut="0.1" linkNode="0>0|2|0|0"/>
			<sound file="$data/sounds/animations/foldStop/foldStopMedVar02.ogg" startTime="0.01"  direction="1"  volumeScale="2" pitchScale="0.9" fadeOut="0.1" linkNode="0>0|2|1|0"/>
			<sound file="$data/sounds/animations/foldStart/foldStartMedVar02.ogg" startTime="0.01"  direction="-1"  volumeScale="2" pitchScale="0.9" fadeOut="0.1" linkNode="0>0|2|1|0"/>
        </animation>
		<animation name="laterais">	
            <part node="0>0|2|0" startTime="0" endTime="6" startRot="0 0 0" endRot="0 0 142"/>
            <part node="0>0|2|1" startTime="0" endTime="6" startRot="0 0 0" endRot="0 0 -142"/>

            <part node="0>0|3|2" startTime="0" endTime="6" startRot="0 0 0" endRot="0 0 83.5"/>
            <part node="0>0|3|3" startTime="0" endTime="6" startRot="0 0 0" endRot="0 0 -83.5"/>
			
			<sound template="defaultHydraulicSound" startTime="0.01" endTime="6"  direction="1"  volumeScale="1.0" pitchScale="0.9" fadeOut="0.1" linkNode="0>0|2|0|0|1|2"/>
			<sound template="defaultHydraulicSound" startTime="0.01" endTime="6"  direction="1"  volumeScale="1.0" pitchScale="0.9" fadeOut="0.1" linkNode="0>0|2|1|0|1|2"/>
			<sound template="defaultHydraulicSound" startTime="0.01" endTime="6"  direction="-1"  volumeScale="1.0" pitchScale="0.9" fadeOut="0.1" linkNode="0>0|2|0|0|1|2"/>
			<sound template="defaultHydraulicSound" startTime="0.01" endTime="6"  direction="-1"  volumeScale="1.0" pitchScale="0.9" fadeOut="0.1" linkNode="0>0|2|1|0|1|2"/>
        
		    <sound file="$data/sounds/animations/foldStop/foldStopMedVar02.ogg" startTime="0.1"  direction="-1"  volumeScale="1.2" pitchScale="0.9" fadeOut="0.1" linkNode="0>0|2|0"/>
			<sound file="$data/sounds/animations/foldStart/foldStartMedVar02.ogg" startTime="5.9"  direction="1"  volumeScale="1.2" pitchScale="0.9" fadeOut="0.1" linkNode="0>0|2|0"/>
			
			<sound file="$data/sounds/animations/foldStop/foldStopMedVar02.ogg" startTime="5.9"  direction="-1"  volumeScale="1.2" pitchScale="0.9" fadeOut="0.1" linkNode="0>0|2|0"/>
			<sound file="$data/sounds/animations/foldStart/foldStartMedVar02.ogg" startTime="0.1"  direction="1"  volumeScale="1.2" pitchScale="0.9" fadeOut="0.1" linkNode="0>0|2|0"/>
			
			<sound file="$data/sounds/animations/foldStop/foldStopMedVar02.ogg" startTime="0.1"  direction="-1"  volumeScale="1.2" pitchScale="0.9" fadeOut="0.1" linkNode="0>0|3|2"/>
			<sound file="$data/sounds/animations/foldStart/foldStartMedVar02.ogg" startTime="5.9"  direction="1"  volumeScale="1.2" pitchScale="0.9" fadeOut="0.1" linkNode="0>0|3|2"/>
			
			<sound file="$data/sounds/animations/foldStop/foldStopMedVar02.ogg" startTime="5.9"  direction="1"  volumeScale="1.2" pitchScale="0.9" fadeOut="0.1" linkNode="0>0|3|2"/>
			<sound file="$data/sounds/animations/foldStart/foldStartMedVar02.ogg" startTime="0.1"  direction="-1"  volumeScale="1.2" pitchScale="0.9" fadeOut="0.1" linkNode="0>0|3|2"/>
		</animation>
		<animation name="moveSupport">	
            <part node="0>0|1|3|0" startTime="0" endTime="1" startTrans="0 0.52 0" endTrans="0 0 0"/>
			<part node="0>0|1|3|1|0" startTime="0" endTime="1" endTrans="0 0 0" startTrans="0 0.7 2"/>
			<part node="1>0|2|0" startTime="0" endTime="1" endTrans="0 0 0" startTrans="0 0.7 1.42"/>
			<part node="2>0|2|0" startTime="0" endTime="1" endTrans="0 0 0" startTrans="0 0.7 1.42"/>
			
			<sound template="metalClose" startTime="0.01" direction="-1" volumeScale="0.7" pitchScale="2.8" linkNode="0>0|1|3|0"/>
            <sound template="metalClose" startTime="1" direction="1" volumeScale="0.7" pitchScale="2.8" linkNode="0>0|1|3|0"/>
            <sound template="clackVar1"  startTime="0.01" direction="1"  volumeScale="1.3" pitchScale="1.8" linkNode="0>0|1|3|0"/>
            <sound template="clackVar1"  startTime="1" direction="-1"  volumeScale="1.3" pitchScale="1.8" linkNode="0>0|1|3|0"/>
        </animation>
    </animations>

    <cylindered>
        <movingTools>
            <movingTool node="0>0|2|0" playSound="true" foldMinLimit="0" foldMaxLimit="0.01">
                <controls axis="AXIS_CRANE_TOOL" invertAxis="false" mouseSpeedFactor="0.4" iconName="TOP_DOOR_ROTATE" />
                <animation animSpeed="0.15" animAcceleration="80" animName="laterais" />
                <componentJoint index="1" anchorActor="0" />
                <componentJoint index="2" anchorActor="0" />
            </movingTool>
			<movingTool node="0>0|2|1" playSound="true">
			    <componentJoint index="2" anchorActor="0" />
			</movingTool>
			
			<movingTool node="1>" wheelIndices="7 8"/>
			<movingTool node="2>" wheelIndices="9 10"/>
			
			<movingTool node="1>0|1" wheelIndices="7 8"/>
			<movingTool node="2>0|1" wheelIndices="9 10"/>
		</movingTools>
		<movingParts>
			<movingPart node="0>0|2|0|0" referencePoint="1>0|0" referenceFrame="1>0|0" isActiveDirty="true" scaleZ="true" maxUpdateDistance="-"/>
			<movingPart node="0>0|2|1|0" referencePoint="2>0|0" referenceFrame="2>0|0" isActiveDirty="true" scaleZ="true" maxUpdateDistance="-"/>
			pistao
			<movingPart node="0>0|3|0" referencePoint="0>0|2|0|0|1|0|0" referenceFrame="0>0|2|0|0|1|0|0"  isActiveDirty="true" maxUpdateDistance="50">
                <translatingPart node="0>0|3|0|0"/>
            </movingPart>
			<movingPart node="0>0|3|1" referencePoint="0>0|2|1|0|1|0|0" referenceFrame="0>0|2|1|0|1|0|0"  isActiveDirty="true" maxUpdateDistance="50">
                <translatingPart node="0>0|3|1|0"/>
            </movingPart>
			suportes
			<movingPart node="0>0|2|0|0|1|0" referencePoint="0>0|3|2|0" referenceFrame="0>0|3|2|0"  isActiveDirty="true" scaleZ="true" maxUpdateDistance="-"/>
			
			<movingPart node="0>0|2|1|0|1|0" referencePoint="0>0|3|3|0" referenceFrame="0>0|3|3|0" isActiveDirty="true" scaleZ="true" maxUpdateDistance="-"/>
			mangueiras
			<movingPart node="0>0|7|0" referencePoint="0>0|3|0|1" referenceFrame="0>0|3|0|1"  isActiveDirty="true" scaleZ="true" maxUpdateDistance="-"/>
			<movingPart node="0>0|7|1" referencePoint="0>0|3|0|2" referenceFrame="0>0|3|0|2"  isActiveDirty="true" scaleZ="true" maxUpdateDistance="-"/>
			<movingPart node="0>0|7|2" referencePoint="0>0|3|1|1" referenceFrame="0>0|3|1|1"  isActiveDirty="true" scaleZ="true" maxUpdateDistance="-"/>
			<movingPart node="0>0|7|3" referencePoint="0>0|3|1|2" referenceFrame="0>0|3|1|2"  isActiveDirty="true" scaleZ="true" maxUpdateDistance="-"/>
		</movingParts>
    </cylindered>

    <plow>
        <sounds>
            <work template="DEFAULT_PLOW_WORK" linkNode="0>" volumeScale="1.2"/>
        </sounds>
    </plow>

    <ai>
        <needsLowering value="true" />
        <collisionTrigger node="0>0|4|1" width="11" height="3"/>
        <areaMarkers leftNode="0>0|4|3|0" rightNode="0>0|4|3|1" backNode="0>0|4|3|2" />
        <hasNoFullCoverageArea value="true" />
        <agentAttachment width="0.9" height="0.8" length="1.55" lengthOffset="-0.2"/>
    </ai>

    <foliageBending>
        <bendingNode minX="-5.5" maxX="5.5" minZ="-2.46" maxZ="-0.9" yOffset="0.3" node="0>0"/>
        <bendingNode minX="0" maxX="5.25" minZ="-0.42" maxZ="0.45" yOffset="0" node="0>0|2|0"/>
		<bendingNode minX="-5.25" maxX="0" minZ="-0.42" maxZ="0.45" yOffset="0" node="0>0|2|1"/>     	
    </foliageBending>

    <wearable wearDuration="480" workMultiplier="5" fieldMultiplier="2"/>
    <washable dirtDuration="90" washDuration="1" workMultiplier="3" fieldMultiplier="2"/>

	<baseMaterial>
        <material name="chassi1" baseNode="0>0">
            <shaderParameter name="colorMat0" value="SHARED_GREY2"/>
        </material>
        <material name="chassi2" baseNode="0>0|2|1|0">
            <shaderParameter name="colorMat0" value="SHARED_GREY2"/>
        </material>
		 <material name="chassi3" baseNode="0>0|3|2">
            <shaderParameter name="colorMat0" value="SHARED_GREY2"/>
        </material>
    </baseMaterial>

    <baseMaterialConfigurations price="500" useDefaultColors="true" defaultColorIndex="12">
        <material name="chassi1" shaderParameter="colorMat0" />
		<material name="chassi2" shaderParameter="colorMat0" />
		<material name="chassi3" shaderParameter="colorMat0" />
    </baseMaterialConfigurations>
	
</vehicle>
