﻿<?xml version="1.0" encoding="utf-8" standalone="no"?>
<modDesc descVersion="66">
    <author>Agro Tonho</author>
    <version>1.0.0.0</version>
    <title>
        <en>Lizard SM 72 / SM 82</en>
	</title>
    <description>
        <en>
<![CDATA[Lizard SM 72 and 82 are plows intended for large crops, due to the size of the implements your farm's work will be done faster
- SM 72 working width: 22 meters
- SM 82 working width: 26 meters
- SM 72 power requirement: 330 HP
- SM 82 power requirement: 370 HP
- Price SM 72: 73000
- Price SM 82: 87000
- Working speed: 15 km/h
- Optional rear hitch
- Color options for chassis and wheels
- Additional movement of the sides by the mouse]]>
        </en>
        <de>
<![CDATA[Lizard SM 72 und 82 sind Pflüge für große Ernten, aufgrund der Größe der Geräte wird die Arbeit Ihres Hofes schneller erledigt
- SM 72 Arbeitsbreite: 22 Meter
- SM 82 Arbeitsbreite: 26 Meter
- SM 72 Leistungsbedarf: 330 PS
- SM 82 Leistungsbedarf: 370 PS
- Preis SM 72: 73000
- Preis SM 82: 87000
- Arbeitsgeschwindigkeit: 15 km/h
- Optionaler Heckkraftheber
- Farboptionen für Fahrwerk und Räder
- Zusätzliche Bewegung der Seiten durch die Maus]]>
        </de>
        <br>
<![CDATA[Lizard SM 72 e 82 são arados destinados a grandes lavouras, devido ao tamanho dos implementos o trabalho da sua fazenda será realizado de uma forma mais rápida
- Largura de trabalho SM 72: 22 metros
- Largura de trabalho SM 82: 26 metros
- Necessidade de potência SM 72: 330 Cv
- Necessidade de potência SM 82: 370 Cv
- Preço SM 72: 73000
- Preço SM 82: 87000
- Velocidade de trabalho: 15 km/h
- Opcional de engate traseiro
- Opcionais de cores para chassi e rodas
- Movimento adicional das laterais pelo mouse ]]>
        </br>
        <fr>
<![CDATA[Lizard SM 72 et 82 sont des charrues destinées aux grandes cultures, en raison de la taille des outils le travail de votre ferme sera effectué plus rapidement
- Largeur de travail SM 72 : 22 mètres
- Largeur de travail SM 82 : 26 mètres
- Puissance requise SM 72 : 330 CV
- Puissance requise SM 82 : 370 CV
- Prix SM 72 : 73000
- Prix SM 82 : 87000
- Vitesse de travail : 15 km/h
- Attelage arrière en option
- Options de couleur pour le châssis et les roues
- Mouvement supplémentaire des côtés par la souris]]>
        </fr>
	</description>
    <iconFilename>icone.dds</iconFilename>
    <multiplayer supported="true"/>
    <storeItems>
       <storeItem xmlFilename="LizardSM72.xml"/>
	   <storeItem xmlFilename="LizardSM82.xml"/>
    </storeItems>
</modDesc>
