<?xml version="1.0" encoding="utf-8" standalone="no" ?>
<modDesc descVersion="77">
    <author>Case IH Brasil e Connect Modding</author>
    <version>1.0.0.0</version>
    <title>
        <en>Case IH Magnum Black Edition Limited</en>

    </title>
    <description>
<en>
<![CDATA[To celebrate the 20th anniversary of Magnum production in Brazil, Case IH is launching the Magnum Black Limited Edition, a limited edition tractor now available in Farming Simulator. This exclusive version features a unique design with its black color, luxury cabin with red leather seats, and exclusive tire measurements.
Enjoy this special edition and experience the power and performance of the Magnum AFS Connect in Farming Simulator.

This is an official partnership between Case IH and Connect Modding.

Case IH Magnum 400 Black Limited Edition:
Price: $352,000
Power: 435 hp
Max speed power: 50 km/h
Configurations for front weights, wheel weights, cabin curtains, glass clarity, alert signals, and plates.
Animations: Opening doors, Front hood, steering wheel tilt, and interior curtain adjustment.]]>
</en>
<de>
<![CDATA[Um das 20-jährige Jubiläum der Magnum-Produktion in Brasilien zu feiern, bringt Case IH den Magnum Black Limited Edition auf den Markt, ein limitiertes Traktorenmodell, das nun im Farming Simulator erhältlich ist. Diese exklusive Version zeichnet sich durch ihr einzigartiges Design in Schwarz, eine luxuriöse Kabine mit roten Ledersitzen und exklusive Reifenmaße aus.
Genießen Sie diese Sonderedition und erleben Sie die Kraft und Leistung des Magnum AFS Connect im Farming Simulator.

Dies ist eine offizielle Partnerschaft zwischen Case IH und Connect Modding.

Case IH Magnum 400 Black Limited Edition:
Preis: €352.000 
Leistung: 435 PS
Maximale Geschwindigkeit: 50 km/h
Konfigurationen für Frontgewichte, Radgewichte, Kabinenrollos, Glasqualität, Warnsignale und Platten.
Animationen: Öffnende Türen, Vorderhaube, Lenkradneigung und Einstellung der Innenrollos.]]>
</de>
<br>
<![CDATA[Para comemorar os 20 anos da produção do Magnum no Brasil, a Case IH lança o Magnum Black Limited Edition, uma edição limitada do trator que agora está disponível no Farming Simulator. Essa versão exclusiva apresenta um design único com sua cor preta, cabine de luxo com bancos de couro vermelho e pneus de medidas exclusivas.
Aproveite essa edição especial e experimente a potência e desempenho do Magnum AFS Connect no Farming Simulator.

Essa é uma parceria oficial entre Case IH e Connect Modding

Case IH Magnum 400 Black Limited Edition:
Preço: €352.000 
Potência: 435 cv
Potência máx. velocidade: 50 km/h
Configurações de pesos frontais, pesos de rodas, cortinas de cabine, claridade dos vidros, sinalizadores alertas e chapas.
Animações: Abertura de portas, Capo frontal, inclinação de volante e regulagem de cortinas interas.]]>
</br>
    </description>
    <iconFilename>icon_magnum400_blackEditionSeries.dds</iconFilename>
    <multiplayer supported="true" />

    <storeItems>
        <storeItem xmlFilename="xml/magnum400_blackEditionSeries.xml"/>
    </storeItems>

	<l10n filenamePrefix="xml/l10n">
	</l10n>
</modDesc>