﻿<?xml version="1.0" encoding="utf-8" standalone="no" ?>
<modDesc descVersion="61">
    <author>Blacksheep Modding</author>
    <version>1.0.0.0</version>
    <title>
        <en>LIZARD Subsoiler 6MT/9MT</en>
        <de>LIZARD Untergrundlockerer 6MT/9MT</de>		
        <fr>LIZARD Sous-Soleuse 6MT/9MT</fr>
    </title>
    <description>
        <en>
<![CDATA[Subsoiler with plow function.

LIZARD 6MT:
Working Width: 6m
Price: 17,000.€

LIZARD 9MT:
Working Width: 9m
Price: 19,000.€]]>
        </en>
        <de>
<![CDATA[Untergrundlockerer mit Pflugfunktion.

LIZARD 6MT:
Arbeitsbreite: 6m
Preis: 17,000.€

LIZARD 9MT:
Arbeitsbreite: 9m
Preis: 19,000.€]]>
        </de>
        <fr>
<![CDATA[Sous-soleuse avec fonction charrue.

LIZARD 6MT:
Largeur de travail: 6m
Prix: 17,000.€

LIZARD 9MT:
Largeur de travail: 9m
Prix: 19,000.€]]>
        </fr>		
    </description>
    <iconFilename>icon_Lizard_MT.dds</iconFilename>
    <multiplayer supported="true"/>

    <storeItems>          
           <storeItem xmlFilename="Lizard_MT.xml"/> 		   
    </storeItems>
	
</modDesc>
