<?xml version="1.0" encoding="utf-8" standalone="no" ?>
<modDesc descVersion="73">
	<author>Achimobil</author>
	<version>1.7.0.0</version>
	<title>
		<en>Strautmann SEK 802 Pallet Autoload</en>
		<de>Strautmann SEK 802 Paletten Autoloader</de>
		<ru>Strautmann SEK 802 C Aвтопогрузкой</ru>
		<it>Strautmann SEK 802 Con Caricamento Automatico Di Pallet</it>
	</title>
	<description>
		<en>
<![CDATA[Standard Model with pallet autoload

The mod "Pallet Autoload Specialization" is needed for this as an additional mod, so that the trailer can load everything that is specified in the specialization.

Price: 9.000€
Capacity as tipper: 4.000 - 12.000 liters

Capacity as autoloader varies from the goods to load.
Normal configuration has 1.5m max load height and extreme configuration has 3m max load height.
Some goods have special configurations.

In addition, the Pumps&Hoses and Platinum DCL palettes are loadable when enabled.

Upload on other sites only by myself, linking only with original download link. NO substitute link!
Modifying and re-uploading in whole or in part is not allowed!

Changelog:
1.7.0.0
- Loadingareasize optimized for default and Platinum goods (Require Autoload Version 1.9.0.0)

1.6.0.0
- Translations updated
- Fixed bug with FS22_FillLevelLimiter
- Decal flickering reduced
- Palettes are now also loaded from behind the trailer
- Trigger stabilized
- Added overhang to loading area for pallets and bales so that more fits on the trailer

1.5.0.0
- Autoloader configuration divided into normal (not loaded too high) and extreme (loaded as before very high)
- Better weight and center settings
]]>
		</en>
		<de>
<![CDATA[Standard Model mit Paletten Autoloader.

Der Mod "Paletten Autoloader Spezialisierung" wird hierzu als Zusatzmod benötigt, damit der Anänger alles laden kann, was in der Spezialisierung angegeben ist.

Preis: 9.000€
Kapazität als Kipper: 4.000 - 12.000 Liter

Kapazität als Autoloader ist unterschiedlich je nach Ladegut.
Bei Normaler Konfiguration maximal 1,5m und bei extrem 3m Ladehöhe.
Manche Ladegüter sind speziell eingestellt.

Zusätzlich sind die Paletten des Pumps&Hoses und des Platinum DCLs ladbar, wenn diese aktiviert sind.

Upload auf anderen Seiten nur durch mich selbst, Verlinkung nur mit Original Downloadlink. KEIN Ersatzlink!
Das verändern oder erneutes hochladen, ob ganz oder in Teilen ist nicht gestattet!

Changelog:
1.7.0.0
- Ladeflächengröße optimiert (Erfordert Autoload Version 1.9.0.0)

1.6.0.0
- Übersetzungen aktualisiert
- Fehler mit FS22_FillLevelLimiter behoben
- Decal Flackern verringert
- Paletten werden nun auch von hinter dem Trailer aufgeladen
- Trigger stabilisiert
- Ladefläche für Paletten und Ballen mit Überstand versehen, so dass mehr auf den Anhänger passt

1.5.0.0
- Autoloader Konfiguration geteilt in normal (nicht zu hoch beladen) und extrem (beladen wie bisher sehr hoch)
- Gewicht und Schwerpunkt verbessert

1.4.0.0
- Automatische spanngurte aktiviert (erfodert Autoload 1.5)
- Verbesserte endlade und ladeposition

1.3.0.0
- Rundballen hinzugefügt

1.2.1.0
- Änderungen für ModHub-Veröffentlichung

1.2.0.0
- RU und IT Übersetzungen eingefügt
- Icons aktualisiert

1.1.0.0
- Model überarbeitet wegen Flackernder Decals.
- Größere Farbwahl für das Fahrwerk.
- Farbwahl für Aufbau hinzugefügt
- Trigger Bereiche verkleinert, zur Vermeidung von Überlagerungen beim Fahren.
]]>
		</de>
	</description>
	<iconFilename>icon_sek802.dds</iconFilename>
	<multiplayer supported="true" />
	
	<dependencies>
		<dependency>FS22_aPalletAutoLoader</dependency>
	</dependencies>

	<storeItems>
		<storeItem xmlFilename="sek802.xml" />
	</storeItems>
	
	<vehicleTypes>
		<type name="PalletAutoLoaderTrailer" parent="trailer" filename="$dataS/scripts/vehicles/Vehicle.lua">
			<specialization name="FS22_aPalletAutoLoader.aPalletAutoLoader"/>
		</type>
	</vehicleTypes>	
	
	<l10n>
		<text name="function_PalletAutoload_Trailer"> 
			<en>Trailer with Autoload for pallets</en> 
			<de>Anhänger mit Autoload für Paletten</de> 
			<ru>Прицеп с автопогрузкой поддонов и тюков</ru>
			<it>Rimorchio con caricamento automatico per pallet</it>
		</text>
		<text name="configuration_palletLoadingWagonNormal"> 
			<en>Autoload for pallets normal</en> 
			<de>Autoload für Paletten normal</de> 
			<ru>Нормальная автопогрузка</ru>
			<it>Caricamento automatico per pallet normale</it>
		</text>
		<text name="configuration_palletLoadingWagonMax"> 
			<en>Autoload for pallets extreme</en> 
			<de>Autoload für Paletten extrem</de> 
			<ru>Увеличенный объём автопогрузки</ru>
			<it>Caricamento automatico per pallet estremo</it>
		</text>
		<text name="PalletAutoload_Trailer"> 
			<en>Pallet Autoload</en>
			<de>Paletten Autoloader</de>
			<ru>Автопогрузка поддонов и тюков</ru>
			<it>Caricatore automatico di pallet</it>
		</text>
	</l10n>
</modDesc>