﻿<?xml version="1.0" encoding="utf-8" standalone="no" ?>
<vehicle type="PalletAutoLoaderTrailer" xmlns:xsi="http://www.w3.org/2001/XMLSchema-instance" xsi:noNamespaceSchemaLocation="https://validation.gdn.giants-software.com/xml/fs22/vehicle.xsd">
	<annotation>Copyright (C) GIANTS Software GmbH, All Rights Reserved.</annotation>

	<storeData>
		<name>SEK 802 Pallet Autoloader</name>
		<functions>
			<function>$l10n_function_PalletAutoload_Trailer</function>
		</functions>
		<image>store_sek802.png</image>
		<price>9000</price>
		<lifetime>600</lifetime>
		<rotation>0</rotation>
		<brand>STRAUTMANN</brand>
		<category>trailers</category>
		<shopTranslationOffset>0 -0.093 0</shopTranslationOffset>
		<shopRotationOffset>0.267 0 0</shopRotationOffset>
	</storeData>

	<base>
		<typeDesc>$l10n_PalletAutoload_Trailer</typeDesc>
		<filename>sek802.i3d</filename>
		<size width="3.2" length="7" height="3.6" lengthOffset="-0.1" />
		<components maxMass="12000">
			<component centerOfMass="0 -0.45 -1.2" solverIterationCount="10" mass="6100" />
		</components>
		<schemaOverlay attacherJointPosition="0 0" name="IMPLEMENT" />
		<mapHotspot type="TRAILER" />
		<sounds volumeFactor="1.2" />
	</base>

	<configurationSets>
		<configurationSet name="$l10n_configuration_palletLoadingWagonMax" >
			<configuration name="tensionBelts"  index="2" />
			<configuration name="fillVolume"	index="1" />
			<configuration name="fillUnit"	  index="1" />
			<configuration name="trailer"	   index="1" />
			<configuration name="cover"		 index="1" />
			<configuration name="dischargeable" index="1" />
			<configuration name="aPalletAutoLoader" index="1" />
		</configurationSet>
		<configurationSet name="$l10n_configuration_capacityX" params="4000" isDefault="true">
			<configuration name="tensionBelts"  index="1" />
			<configuration name="fillVolume"	index="2" />
			<configuration name="fillUnit"	  index="2" />
			<configuration name="trailer"	   index="2" />
			<configuration name="cover"		 index="1" />
			<configuration name="dischargeable" index="2" />
			<configuration name="aPalletAutoLoader" index="2" />
		</configurationSet>
		<configurationSet name="$l10n_configuration_capacityX" params="8000">
			<configuration name="tensionBelts"  index="1" />
			<configuration name="fillVolume"	index="3" />
			<configuration name="fillUnit"	  index="3" />
			<configuration name="trailer"	   index="3" />
			<configuration name="dischargeable" index="2" />
			<configuration name="aPalletAutoLoader" index="2" />
		</configurationSet>
		<configurationSet name="$l10n_configuration_capacityX" params="12000">
			<configuration name="tensionBelts"  index="1" />
			<configuration name="fillVolume"	index="4" />
			<configuration name="fillUnit"	  index="4" />
			<configuration name="trailer"	   index="3" />
			<configuration name="dischargeable" index="2" />
			<configuration name="aPalletAutoLoader" index="2" />
		</configurationSet>
		<configurationSet name="$l10n_configuration_palletLoadingWagonNormal" >
			<configuration name="tensionBelts"  index="2" />
			<configuration name="fillVolume"	index="1" />
			<configuration name="fillUnit"	  index="1" />
			<configuration name="trailer"	   index="1" />
			<configuration name="cover"		 index="1" />
			<configuration name="dischargeable" index="1" />
			<configuration name="aPalletAutoLoader" index="3" />
		</configurationSet>
	</configurationSets>
	
	<aPalletAutoLoader>
		<aPalletAutoLoaderConfigurations>
			<aPalletAutoLoaderConfiguration maxObjects="400" useBales="true" useTensionBelts="true" supportedObject="data/objects/pallets" UnloadRightOffset="-3 -1 0" UnloadLeftOffset="3 -1 0">
				<trigger node="triggerNode"/>
				<pickupTriggers>
					<pickupTrigger node="pickupTriggerNode"/>
					<pickupTrigger node="pickupTriggerNode2"/>
					<pickupTrigger node="pickupTriggerNodeBack"/>
				</pickupTriggers>
				<loadArea baseNode="body" leftRightCornerOffset="1.05 0.17 4.4" lenght="4.5" width="2.1" height="3"/>
				<autoLoadObjectSettings>
					<autoLoadObjectSetting name="euroPallet" leftRightCornerOffset="1.05 0.17 4.4" lenght="4.5" width="2.1"/>
					<autoLoadObjectSetting name="liquidTank" leftRightCornerOffset="1.255 0.17 4.4" lenght="4.96" width="2.51" height="2.65"/>
					<autoLoadObjectSetting name="bigBagPallet" leftRightCornerOffset="1.225 0.17 4.4" lenght="4.5" width="2.45"/>
					<autoLoadObjectSetting name="bigBag" leftRightCornerOffset="1.325 0.17 4.4" lenght="4.5" width="2.65" height="1.6"/>
					<autoLoadObjectSetting name="euroPalletOversize" leftRightCornerOffset="1.325 0.17 4.4" lenght="4.5" width="2.65"/>
					<autoLoadObjectSetting name="cottonRoundbale238" leftRightCornerOffset="1.255 0.17 4.4" lenght="4.96" width="2.51" height="2.65"/>
					<autoLoadObjectSetting name="roundbale125" leftRightCornerOffset="1.225 0.17 4.4" lenght="4.7" width="2.45"/>
					<autoLoadObjectSetting name="roundbale150" leftRightCornerOffset="1.55 0.17 4.4" lenght="4.7" width="3.10"/>
					<autoLoadObjectSetting name="roundbale180" leftRightCornerOffset="1.75 0.17 4.4" lenght="5.2" width="3.50"/>
					<autoLoadObjectSetting name="squarebale120" leftRightCornerOffset="1.1 0.17 4.4" lenght="4.7" width="2.2" height="1.8"/>
					<autoLoadObjectSetting name="squarebale180" leftRightCornerOffset="1.255 0.17 4.4" lenght="4.96" width="2.51" height="2.65"/>
					<autoLoadObjectSetting name="squarebale220" leftRightCornerOffset="1.255 0.17 4.4" lenght="4.96" width="2.51" height="2.65"/>
					<autoLoadObjectSetting name="squarebale240" leftRightCornerOffset="1.255 0.17 4.4" lenght="4.96" width="2.51" height="2.65"/>
					<autoLoadObjectSetting name="euroPalletDoubleLength" leftRightCornerOffset="1.2 0.17 4.4" lenght="4.5" width="2.4"/>
					<autoLoadObjectSetting name="barrelPallet" leftRightCornerOffset="1.225 0.17 4.4" lenght="4.5" width="2.45"/>
					<autoLoadObjectSetting name="euroPalletQuadro" leftRightCornerOffset="1.2 0.17 4.4" lenght="4.95" width="2.4" height="2.2"/>
					<autoLoadObjectSetting name="prefabWallPallet" leftRightCornerOffset="1.23 0.17 4.4" lenght="4.5" width="2.46" height="2.2"/>
					<autoLoadObjectSetting name="smallBundledStack" leftRightCornerOffset="1.325 0.17 4.4" lenght="4.7" width="2.65" height="2.2"/>
					<autoLoadObjectSetting name="dogHousePallet" leftRightCornerOffset="1.05 0.17 4.4" lenght="4.5" width="2.1"/>
				</autoLoadObjectSettings>
			</aPalletAutoLoaderConfiguration>
		
			<aPalletAutoLoaderConfiguration>
			</aPalletAutoLoaderConfiguration>
			
			<aPalletAutoLoaderConfiguration maxObjects="200" useBales="true" useTensionBelts="true" supportedObject="data/objects/pallets" UnloadRightOffset="-3 -1 0" UnloadLeftOffset="3 -1 0">
				<trigger node="triggerNode"/>
				<pickupTriggers>
					<pickupTrigger node="pickupTriggerNode"/>
					<pickupTrigger node="pickupTriggerNode2"/>
					<pickupTrigger node="pickupTriggerNodeBack"/>
				</pickupTriggers>
				<loadArea baseNode="body" leftRightCornerOffset="1.05 0.17 4.4" lenght="4.5" width="2.1" height="1.5"/>
				<autoLoadObjectSettings>
					<autoLoadObjectSetting name="euroPallet" leftRightCornerOffset="1.05 0.17 4.4" lenght="4.5" width="2.1"/>
					<autoLoadObjectSetting name="liquidTank" leftRightCornerOffset="1.255 0.17 4.4" lenght="4.96" width="2.51" height="2.65"/>
					<autoLoadObjectSetting name="bigBagPallet" leftRightCornerOffset="1.225 0.17 4.4" lenght="4.5" width="2.45"/>
					<autoLoadObjectSetting name="bigBag" leftRightCornerOffset="1.325 0.17 4.4" lenght="4.5" width="2.65" height="1.6"/>
					<autoLoadObjectSetting name="euroPalletOversize" leftRightCornerOffset="1.325 0.17 4.4" lenght="4.5" width="2.65"/>
					<autoLoadObjectSetting name="cottonRoundbale238" leftRightCornerOffset="1.255 0.17 4.4" lenght="4.96" width="2.51" height="2.65"/>
					<autoLoadObjectSetting name="roundbale125" leftRightCornerOffset="1.225 0.17 4.4" lenght="4.7" width="2.45"/>
					<autoLoadObjectSetting name="roundbale150" leftRightCornerOffset="1.55 0.17 4.4" lenght="4.7" width="3.10"/>
					<autoLoadObjectSetting name="roundbale180" leftRightCornerOffset="1.75 0.17 4.4" lenght="5.2" width="3.50"/>
					<autoLoadObjectSetting name="squarebale120" leftRightCornerOffset="1.1 0.17 4.4" lenght="4.7" width="2.2" height="1.1"/>
					<autoLoadObjectSetting name="squarebale180" leftRightCornerOffset="1.255 0.17 4.4" lenght="4.96" width="2.51" height="2.65"/>
					<autoLoadObjectSetting name="squarebale220" leftRightCornerOffset="1.255 0.17 4.4" lenght="4.96" width="2.51" height="2.65"/>
					<autoLoadObjectSetting name="squarebale240" leftRightCornerOffset="1.255 0.17 4.4" lenght="4.96" width="2.51" height="2.65"/>
					<autoLoadObjectSetting name="euroPalletDoubleLength" leftRightCornerOffset="1.2 0.17 4.4" lenght="4.5" width="2.4"/>
					<autoLoadObjectSetting name="barrelPallet" leftRightCornerOffset="1.225 0.17 4.4" lenght="4.5" width="2.45"/>
					<autoLoadObjectSetting name="euroPalletQuadro" leftRightCornerOffset="1.2 0.17 4.4" lenght="4.95" width="2.4" height="2.2"/>
					<autoLoadObjectSetting name="prefabWallPallet" leftRightCornerOffset="1.23 0.17 4.4" lenght="4.5" width="2.46" height="2.2"/>
					<autoLoadObjectSetting name="smallBundledStack" leftRightCornerOffset="1.325 0.17 4.4" lenght="4.7" width="2.65" height="2.2"/>
					<autoLoadObjectSetting name="dogHousePallet" leftRightCornerOffset="1.05 0.17 4.4" lenght="4.5" width="2.1"/>
				</autoLoadObjectSettings>
			</aPalletAutoLoaderConfiguration>
		</aPalletAutoLoaderConfigurations>
		
	</aPalletAutoLoader>

	<licensePlates>
		<licensePlate node="licensePlate" position="BACK" preferedType="SQUARISH" placementArea="0.06 0.15 0.05 0.16"/>
	</licensePlates>

	<wheels>
		<wheelConfigurations>
			<wheelConfiguration name="$l10n_configuration_valueDefault" price="0" brand="TRELLEBORG" saveId="TRELLEBORG_DEFAULT">
				<wheels>
					<wheel filename="$data/shared/wheels/tires/trelleborg/AW309/500_50R17.xml" isLeft="true" hasTireTracks="true" hasParticles="true">
						<physics tipOcclusionAreaGroupId="1" restLoad="1.1" repr="wheelLeft"  forcePointRatio="0.5" initialCompression="17" suspTravel="0.11" spring="50" damper="50" yOffset="0.01"/>
						<wheelChock parkingNode="wheelChock01" />
						<wheelChock parkingNode="wheelChock02" isInverted="true" />
					</wheel>
					<wheel filename="$data/shared/wheels/tires/trelleborg/AW309/500_50R17.xml" isLeft="false" hasTireTracks="true" hasParticles="true" >
						<physics tipOcclusionAreaGroupId="1" restLoad="1.1" repr="wheelRight" forcePointRatio="0.5" initialCompression="17" suspTravel="0.11" spring="50" damper="50" yOffset="0.01"/>
					</wheel>
				</wheels>
			</wheelConfiguration>

			<wheelConfiguration name="$l10n_configuration_valueDefault" price="0" brand="BKT" saveId="BKT_DEFAULT">
				<wheels baseConfig="TRELLEBORG_DEFAULT">
					<wheel filename="$data/shared/wheels/tires/bkt/ridemaxFL693M/500_50R17.xml">
						<physics yOffset="0.007"/>
						<wheelChock/>
						<wheelChock/>
					</wheel>
					<wheel filename="$data/shared/wheels/tires/bkt/ridemaxFL693M/500_50R17.xml">
						<physics yOffset="0.007"/>
					</wheel>
				</wheels>
			</wheelConfiguration>
		</wheelConfigurations>

		<hubs>
			<color0 useBaseColor="true"/>
			<color1 useBaseColor="true"/>
			<hub linkNode="wheelLeft"  filename="$data/shared/wheels/hubs/hub_n10_5.xml" isLeft="true"  scale="0.3 0.3 0.3" />
			<hub linkNode="wheelRight" filename="$data/shared/wheels/hubs/hub_n10_5.xml" isLeft="false" scale="0.3 0.3 0.3" />
		</hubs>
	</wheels>

	<dynamicallyLoadedParts>
		<dynamicallyLoadedPart node="0" linkNode="wheelChockSupport01_01" filename="$data/shared/assets/wheelChocks/wheelChockSupport01.i3d"/>
		<dynamicallyLoadedPart node="0" linkNode="wheelChockSupport01_02" filename="$data/shared/assets/wheelChocks/wheelChockSupport01.i3d"/>
	</dynamicallyLoadedParts>

	<attachable>
		<inputAttacherJoints>
			<inputAttacherJoint node="attacherJoint" jointType="trailer" attacherHeight="0.88" />
		</inputAttacherJoints>
		<support animationName="moveSupport" />
		<brakeForce force="0.65" maxForce="1.3" maxForceMass="8000"/>
	</attachable>

	<attacherJoints>
		<attacherJoint node="trailerAttacherJoint" jointType="trailer" lowerRotLimit="25 62 80" upperRotationOffset="0" allowsJointLimitMovement="false" canTurnOnImplement="false" >
			<schema position="1 0" rotation="0" invertX="false" />
		</attacherJoint>
		<sounds>
			<attach template="ATTACH_01" />
		</sounds>
	</attacherJoints>

	<connectionHoses>
		<hose inputAttacherJointIndices="1" type="electric" adapterNode="electric_detached" node="electric" length="1" diameter="0.02" color="0.025 0.025 0.025">
			<objectChange node="electric_detached" visibilityActive="false" visibilityInactive="true"/>
		</hose>
		<hose inputAttacherJointIndices="1" type="hydraulicIn" adapterNode="hydraulicIn01_detached" node="hydraulicIn01" length="1" diameter="0.02" color="0.025 0.025 0.025">
			<objectChange node="hydraulicIn01_detached" visibilityActive="false" visibilityInactive="true"/>
		</hose>

		<target attacherJointIndices="1" type="electric" node="electricSocketBack" socket="electric_metal"/>
		<target attacherJointIndices="1" type="hydraulicIn" node="hydraulicSocketBack" socket="hydraulic01"/>
	</connectionHoses>

	<lights>
		<sharedLight linkNode="backlightLeft"  filename="$data/shared/assets/lights/lizard/rearLight13_left.xml" />
		<sharedLight linkNode="backlightRight" filename="$data/shared/assets/lights/lizard/rearLight13_right.xml" />
		<sharedLight linkNode="sideMarker01"   filename="$data/shared/assets/lights/lizard/sideMarker03_left.xml" />
		<sharedLight linkNode="sideMarker02"   filename="$data/shared/assets/lights/lizard/sideMarker03_right.xml" />
		<sharedLight linkNode="sideMarker03"   filename="$data/shared/assets/reflectors/lizard/yellowRound_01.xml" />
		<sharedLight linkNode="sideMarker04"   filename="$data/shared/assets/reflectors/lizard/yellowRound_01.xml" />
		<sharedLight linkNode="sideMarker05"   filename="$data/shared/assets/reflectors/lizard/yellowRound_01.xml" />
		<sharedLight linkNode="sideMarker06"   filename="$data/shared/assets/reflectors/lizard/yellowRound_01.xml" />
		<sharedLight linkNode="sideMarker07"   filename="$data/shared/assets/reflectors/lizard/yellowRound_01.xml" />
		<sharedLight linkNode="sideMarker08"   filename="$data/shared/assets/reflectors/lizard/yellowRound_01.xml" />
		<realLights>
			<high>
				<light node="backLightsHigh1" lightTypes="0" />
				<turnLightLeft node="turnLightLeftBack" />
				<turnLightRight node="turnLightRightBack" />
				<brakeLight node="backLightsHigh1" />
			</high>
		</realLights>
	</lights>

	<animations>
		<animation name="tipAnimationLeft_top">
			<part node="bodyLeft"	  startTime="0.8" endTime="12.8"   startRot="0 0 0"   endRot="0 0 -40" />
			<part node="effectNodesLeft"  startTime="0.8" endTime="12.8"   startRot="0 0 0" endRot="40 0 0" />
			<part node="doorLeft" direction="1" startTime="0" endTime="0.5"   startRot="0 0 0"   endRot="0 0 25" />
			<part node="doorLeft" direction="1" startTime="1.5"   endTime="12.8"   startRot="0 0 25"  endRot="0 0 40" />
			<part node="doorLeft" direction="-1" startTime="0"   endTime="12.8"   startRot="0 0 0"  endRot="0 0 40" />

			<sound template="metalLowVar2"  startTime="0.15"  direction="-1"  volumeScale="4.0" pitchScale="0.9"/>
			<sound template="metalOpen"	 startTime="0.25"  direction="-1"  volumeScale="1.5" pitchScale="0.5"/>
			<sound template="cylinderPunch" startTime="0.15"  direction="0"/>
			<sound template="thudVar2"	  startTime="12.7"  direction="-1"  volumeScale="1.4" pitchScale="0.7"/>
			<sound template="clackVar6"	 startTime="12.79" direction="-1"  volumeScale="0.7" pitchScale="0.3"/>
			<sound template="metalOpen"	 startTime="0.15"  direction="1"   volumeScale="3.5" pitchScale="0.6"/>
			<sound template="metalLowVar2"  startTime="12.79" direction="1"   volumeScale="4.0" pitchScale="0.9"/>
			<sound template="metalOpen"	 startTime="12.70" direction="1"   volumeScale="1.5" pitchScale="0.4"/>
			<sound template="cylinderPunch" startTime="12.79" direction="1"/>
			<sound template="clackVar2"	 startTime="0.05"  direction="0"   volumeScale="1.0" pitchScale="1.7"/>
			<sound template="metalClose"	startTime="0.05"  direction="1"   volumeScale="3.0" pitchScale="0.3"/>
			<sound template="clackVar6"	 startTime="0.8"   direction="1"   volumeScale="1.5" pitchScale="0.6"/>
			<sound template="cylinderPunch" startTime="0.8"   direction="1"   volumeScale="0.5" pitchScale="0.7"/>
			<sound template="metalOpen"	 startTime="0.05"  direction="-1"  volumeScale="2.5" pitchScale="0.5"/>
			<sound template="metalClose"	startTime="0.01"  direction="-1"  volumeScale="2.0" pitchScale="1.1"/>
			<sound template="latchSmall"	startTime="0.03"  direction="-1"  volumeScale="0.1" pitchScale="0.6"/>
		</animation>
		<animation name="tipAnimationLeft_bottom">
			<part node="bodyLeft"	  startTime="0.8" endTime="12.8"   startRot="0 0 0"   endRot="0 0 -40" />
			<part node="effectNodesLeft"  startTime="0.8" endTime="12.8"   startRot="0 0 0" endRot="40 0 0" />
			<part node="doorLeftBottom" direction="1" startTime="0" endTime="0.5"   startRot="0 0 0"   endRot="0 0 25" />
			<part node="doorLeftBottom" direction="1" startTime="1.5"   endTime="12.8"   startRot="0 0 25"  endRot="0 0 40" />
			<part node="doorLeftBottom" direction="-1" startTime="0"   endTime="12.8"   startRot="0 0 0"  endRot="0 0 40" />

			<sound template="metalLowVar2"  startTime="0.15"  direction="-1"  volumeScale="4.0" pitchScale="0.9"/>
			<sound template="metalOpen"	 startTime="0.25"  direction="-1"  volumeScale="1.5" pitchScale="0.5"/>
			<sound template="cylinderPunch" startTime="0.15"  direction="1"/>
			<sound template="thudVar2"	  startTime="12.7"  direction="-1"  volumeScale="1.4" pitchScale="0.7"/>
			<sound template="clackVar6"	 startTime="12.79" direction="-1"  volumeScale="0.7" pitchScale="0.3"/>
			<sound template="metalOpen"	 startTime="0.15"  direction="1"   volumeScale="2.5" pitchScale="1"/>
			<sound template="metalLowVar2"  startTime="12.79" direction="1"   volumeScale="4.0" pitchScale="0.9"/>
			<sound template="metalOpen"	 startTime="12.70" direction="1"   volumeScale="1.5" pitchScale="0.4"/>
			<sound template="cylinderPunch" startTime="12.79" direction="1"/>
			<sound template="clackVar2"	 startTime="0.05"  direction="0"   volumeScale="1.0" pitchScale="1.7"/>
			<sound template="metalClose"	startTime="0.05"  direction="1"   volumeScale="1.0" pitchScale="0.3"/>
			<sound template="clackVar6"	 startTime="0.8"   direction="1"   volumeScale="1.5" pitchScale="0.6"/>
			<sound template="cylinderPunch" startTime="0.8"   direction="1"   volumeScale="0.5" pitchScale="0.7"/>
			<sound template="metalOpen"	 startTime="0.05"  direction="-1"  volumeScale="1.5" pitchScale="1.5"/>
			<sound template="metalClose"	startTime="0.01"  direction="-1"  volumeScale="2.0" pitchScale="0.8"/>
			<sound template="latchSmall"	startTime="0.03"  direction="-1"  volumeScale="0.1" pitchScale="0.6"/>
		</animation>
		<animation name="tipAnimationRight_top">
			<part node="bodyRight"	 startTime="0.8" endTime="12.8"   startRot="0 0 0"   endRot="0 0 40" />
			<part node="effectNodesRight" startTime="0.8" endTime="12.8"   startRot="0 0 0"  endRot="40 0 0" />
			<part node="doorRight" direction="1" startTime="0" endTime="0.5"   startRot="0 0 0"   endRot="0 0 -25" />
			<part node="doorRight" direction="1" startTime="1.5"   endTime="12.8"   startRot="0 0 -25"  endRot="0 0 -40" />
			<part node="doorRight" direction="-1" startTime="0"   endTime="12.8"   startRot="0 0 0"  endRot="0 0 -40" />

			<sound template="metalLowVar2"  startTime="0.15"  direction="-1"  volumeScale="4.0" pitchScale="0.9"/>
			<sound template="metalOpen"	 startTime="0.25"  direction="-1"  volumeScale="1.5" pitchScale="0.5"/>
			<sound template="cylinderPunch" startTime="0.15"  direction="0"/>
			<sound template="thudVar2"	  startTime="12.7"  direction="-1"  volumeScale="1.4" pitchScale="0.7"/>
			<sound template="clackVar6"	 startTime="12.79" direction="-1"  volumeScale="0.7" pitchScale="0.3"/>
			<sound template="metalOpen"	 startTime="0.15"  direction="1"   volumeScale="3.5" pitchScale="0.6"/>
			<sound template="metalLowVar2"  startTime="12.79" direction="1"   volumeScale="4.0" pitchScale="0.9"/>
			<sound template="metalOpen"	 startTime="12.70" direction="1"   volumeScale="1.5" pitchScale="0.4"/>
			<sound template="cylinderPunch" startTime="12.79" direction="1"/>
			<sound template="clackVar2"	 startTime="0.05"  direction="0"   volumeScale="1.0" pitchScale="1.7"/>
			<sound template="metalClose"	startTime="0.05"  direction="1"   volumeScale="3.0" pitchScale="0.3"/>
			<sound template="clackVar6"	 startTime="0.8"   direction="1"   volumeScale="1.5" pitchScale="0.6"/>
			<sound template="cylinderPunch" startTime="0.8"   direction="1"   volumeScale="0.5" pitchScale="0.7"/>
			<sound template="metalOpen"	 startTime="0.05"  direction="-1"  volumeScale="2.5" pitchScale="0.5"/>
			<sound template="metalClose"	startTime="0.01"  direction="-1"  volumeScale="2.0" pitchScale="1.1"/>
			<sound template="latchSmall"	startTime="0.03"  direction="-1"  volumeScale="0.1" pitchScale="0.6"/>
		</animation>
		<animation name="tipAnimationRight_bottom">
			<part node="bodyRight"	 startTime="0.8" endTime="12.8"   startRot="0 0 0"   endRot="0 0 40" />
			<part node="effectNodesRight" startTime="0.8" endTime="12.8"   startRot="0 0 0"  endRot="40 0 0" />
			<part node="doorRightBottom" direction="1" startTime="0" endTime="0.5"   startRot="0 0 0"   endRot="0 0 -25" />
			<part node="doorRightBottom" direction="1" startTime="1.5"   endTime="12.8"   startRot="0 0 -25"  endRot="0 0 -40" />
			<part node="doorRightBottom" direction="-1" startTime="0"   endTime="12.8"   startRot="0 0 0"  endRot="0 0 -40" />

			<sound template="metalLowVar2"  startTime="0.15"  direction="-1"  volumeScale="4.0" pitchScale="0.9"/>
			<sound template="metalOpen"	 startTime="0.25"  direction="-1"  volumeScale="1.5" pitchScale="0.5"/>
			<sound template="cylinderPunch" startTime="0.15"  direction="1"/>
			<sound template="thudVar2"	  startTime="12.7"  direction="-1"  volumeScale="1.4" pitchScale="0.7"/>
			<sound template="clackVar6"	 startTime="12.79" direction="-1"  volumeScale="0.7" pitchScale="0.3"/>
			<sound template="metalOpen"	 startTime="0.15"  direction="1"   volumeScale="2.5" pitchScale="1"/>
			<sound template="metalLowVar2"  startTime="12.79" direction="1"   volumeScale="4.0" pitchScale="0.9"/>
			<sound template="metalOpen"	 startTime="12.70" direction="1"   volumeScale="1.5" pitchScale="0.4"/>
			<sound template="cylinderPunch" startTime="12.79" direction="1"/>
			<sound template="clackVar2"	 startTime="0.05"  direction="0"   volumeScale="1.0" pitchScale="1.7"/>
			<sound template="metalClose"	startTime="0.05"  direction="1"   volumeScale="1.0" pitchScale="0.3"/>
			<sound template="clackVar6"	 startTime="0.8"   direction="1"   volumeScale="1.5" pitchScale="0.6"/>
			<sound template="cylinderPunch" startTime="0.8"   direction="1"   volumeScale="0.5" pitchScale="0.7"/>
			<sound template="metalOpen"	 startTime="0.05"  direction="-1"  volumeScale="1.5" pitchScale="1.5"/>
			<sound template="metalClose"	startTime="0.01"  direction="-1"  volumeScale="2.0" pitchScale="0.8"/>
			<sound template="latchSmall"	startTime="0.03"  direction="-1"  volumeScale="0.1" pitchScale="0.6"/>
		</animation>
		<animation name="tipAnimationBack_top">
			<part node="body"	  startTime="0.8" endTime="12.8"   startRot="0 0 0"  endRot="-45 0 0" />
			<part node="effectNodesBack"  startTime="0.8" endTime="12.8"   startRot="0 0 0"  endRot="45 0 0" />
			<part node="doorBack"  startTime="0"   endTime="0.5" direction="1"  startRot="0 0 0"  endRot="20 0 0" />
			<part node="doorBack"  startTime="1.5" endTime="12.8" direction="1"  startRot="20 0 0" endRot="45 0 0" />
			<part node="doorBack"  startTime="0"   endTime="12.8" direction="-1" startRot="0 0 0" endRot="45 0 0" />

			<sound template="metalLowVar2"  startTime="0.15"  direction="-1"  volumeScale="4.0" pitchScale="0.9"/>
			<sound template="metalOpen"	 startTime="0.25"  direction="-1"  volumeScale="1.5" pitchScale="0.5"/>
			<sound template="cylinderPunch" startTime="0.15"  direction="0"/>
			<sound template="thudVar2"	  startTime="12.7"  direction="-1"  volumeScale="1.4" pitchScale="0.7"/>
			<sound template="clackVar6"	 startTime="12.79" direction="-1"  volumeScale="0.7" pitchScale="0.3"/>
			<sound template="metalOpen"	 startTime="0.15"  direction="1"   volumeScale="3.5" pitchScale="0.6"/>
			<sound template="metalLowVar2"  startTime="12.79" direction="1"   volumeScale="4.0" pitchScale="0.9"/>
			<sound template="metalOpen"	 startTime="12.70" direction="1"   volumeScale="1.5" pitchScale="0.4"/>
			<sound template="cylinderPunch" startTime="12.79" direction="1"/>
			<sound template="clackVar2"	 startTime="0.05"  direction="0"   volumeScale="1.0" pitchScale="1.7"/>
			<sound template="metalClose"	startTime="0.05"  direction="1"   volumeScale="3.0" pitchScale="0.3"/>
			<sound template="clackVar6"	 startTime="0.8"   direction="1"   volumeScale="1.5" pitchScale="0.6"/>
			<sound template="cylinderPunch" startTime="0.8"   direction="1"   volumeScale="0.5" pitchScale="0.7"/>
			<sound template="metalOpen"	 startTime="0.05"  direction="-1"  volumeScale="2.5" pitchScale="0.5"/>
			<sound template="metalClose"	startTime="0.01"  direction="-1"  volumeScale="2.0" pitchScale="1.1"/>
			<sound template="latchSmall"	startTime="0.03"  direction="-1"  volumeScale="0.1" pitchScale="0.6"/>
		</animation>
		<animation name="tipAnimationBack_bottom">
			<part node="body"	  startTime="0.8" endTime="12.8"   startRot="0 0 0"  endRot="-45 0 0" />
			<part node="effectNodesBack"  startTime="0.8" endTime="12.8"   startRot="0 0 0"  endRot="45 0 0" />
			<part node="doorBackBottom"  startTime="0"   endTime="0.5" direction="1"  startRot="0 0 0"  endRot="20 0 0" />
			<part node="doorBackBottom"  startTime="1.5" endTime="12.8" direction="1"  startRot="20 0 0" endRot="45 0 0" />
			<part node="doorBackBottom"  startTime="0"   endTime="12.8" direction="-1" startRot="0 0 0" endRot="45 0 0" />

			<sound template="metalLowVar2"  startTime="0.15"  direction="-1"  volumeScale="4.0" pitchScale="0.9"/>
			<sound template="metalOpen"	 startTime="0.25"  direction="-1"  volumeScale="1.5" pitchScale="0.5"/>
			<sound template="cylinderPunch" startTime="0.15"  direction="1"/>
			<sound template="thudVar2"	  startTime="12.7"  direction="-1"  volumeScale="1.4" pitchScale="0.7"/>
			<sound template="clackVar6"	 startTime="12.79" direction="-1"  volumeScale="0.7" pitchScale="0.3"/>
			<sound template="metalOpen"	 startTime="0.15"  direction="1"   volumeScale="2.5" pitchScale="1"/>
			<sound template="metalLowVar2"  startTime="12.79" direction="1"   volumeScale="4.0" pitchScale="0.9"/>
			<sound template="metalOpen"	 startTime="12.70" direction="1"   volumeScale="1.5" pitchScale="0.4"/>
			<sound template="cylinderPunch" startTime="12.79" direction="1"/>
			<sound template="clackVar2"	 startTime="0.05"  direction="0"   volumeScale="1.0" pitchScale="1.7"/>
			<sound template="metalClose"	startTime="0.05"  direction="1"   volumeScale="1.0" pitchScale="0.3"/>
			<sound template="clackVar6"	 startTime="0.8"   direction="1"   volumeScale="1.5" pitchScale="0.6"/>
			<sound template="cylinderPunch" startTime="0.8"   direction="1"   volumeScale="0.5" pitchScale="0.7"/>
			<sound template="metalOpen"	 startTime="0.05"  direction="-1"  volumeScale="1.5" pitchScale="1.5"/>
			<sound template="metalClose"	startTime="0.01"  direction="-1"  volumeScale="2.0" pitchScale="0.8"/>
			<sound template="latchSmall"	startTime="0.03"  direction="-1"  volumeScale="0.1" pitchScale="0.6"/>
		</animation>
		<animation name="tipAnimationGrainDoor">
			<part node="body"						 startTime="0.8" endTime="24.8"  startRot="0 0 0"  endRot="-45 0 0" />
			<part node="effectGrainDoorRotationJoint" startTime="0.8" endTime="24.8"  startRot="0 0 0"  endRot="45 0 0" />

			<sound template="metalLowVar2"  startTime="0.15"  direction="-1"  volumeScale="4.0" pitchScale="0.9"/>
			<sound template="cylinderPunch" startTime="0.15"  direction="-1"/>
			<sound template="thudVar2"	  startTime="24.6"  direction="-1"  volumeScale="1.4" pitchScale="0.7"/>
			<sound template="clackVar6"	 startTime="24.59" direction="-1"  volumeScale="0.7" pitchScale="0.3"/>
			<sound template="metalLowVar2"  startTime="24.59" direction="1"   volumeScale="4.0" pitchScale="0.9"/>
			<sound template="metalOpen"	 startTime="24.50" direction="1"   volumeScale="1.5" pitchScale="0.4"/>
			<sound template="cylinderPunch" startTime="24.59" direction="1"/>
			<sound template="clackVar2"	 startTime="0.05"  direction="0"   volumeScale="1.0" pitchScale="1.7"/>
			<sound template="clackVar6"	 startTime="0.8"   direction="1"   volumeScale="1.5" pitchScale="0.6"/>
			<sound template="cylinderPunch" startTime="0.8"   direction="1"   volumeScale="0.5" pitchScale="0.7"/>
			<sound template="metalClose"	startTime="0.8"   direction="-1"  volumeScale="2.0" pitchScale="1.1"/>
			<sound template="clackVar6"	 startTime="0.8"   direction="-1"  volumeScale="2.0" pitchScale="0.5"/>
			<sound template="latchSmall"	startTime="0.03"  direction="-1"  volumeScale="0.1" pitchScale="0.6"/>
		</animation>
		<animation name="tipAnimationGrainDoor2">
			<part node="grainDoor" startTime="0" endTime="1.5"  startTrans="0 -0.480 0.019" endTrans="0 -0.221 0.019" />

			<sound template="latchSmall" startTime="0.01" direction="-1" volumeScale="0.2" pitchScale="0.7"/>
			<sound template="slideOpen"  startTime="0.22" direction="1"  volumeScale="3.5" pitchScale="1.5"/>
			<sound template="slideClose" startTime="1.49" direction="-1" volumeScale="3.5" pitchScale="2"/>
			<sound template="metalClose" startTime="1.49" direction="1"  volumeScale="0.8" pitchScale="2"/>
			<sound template="clackVar6"  startTime="1.49" direction="1"  volumeScale="1.3" pitchScale="1"/>
			<sound template="metalClose" startTime="0.01" direction="-1" volumeScale="0.8" pitchScale="1.8"/>
		</animation>
		<animation name="toggleCover">
			<part node="cover" startTime="0"	endTime="0.05" visibility="true" />
			<part node="cover" startTime="0.05" endTime="0.1"  visibility="false" />

			<sound template="fabricCover1" startTime="0.01" direction="1"  volumeScale="1.8" pitchScale="1.3" />
			<sound template="fabricCover2" startTime="0.09" direction="-1" volumeScale="1.8" pitchScale="1.3" />
		</animation>
		<animation name="moveSupport">
			<part node="supportArm" startTime="0.35" endTime="0.7" startTrans="0 -0.410 0" endTrans="0 -0.87 0" />
			<part node="handbrake" startTime="0.0" endTime="0.35" startRot="0 0 0" endRot="75 0 0" />
			<part node="handbrakeRotFront" startTime="0.0" endTime="0.35" startRot="0 0 0" endRot="75 0 0" />
			<part node="handbrakeRotFrontPart" startTime="0.0" endTime="0.35" startRot="0 0 0" endRot="-75 0 0" />
			<part node="handbrakeRotBack" startTime="0.0" endTime="0.35" startRot="0 0 0" endRot="30 0 0" />

			<sound template="metalClose" startTime="0.01" direction="0"  pitchScale="3"   volumeScale="1.2" linkNode="attacherJoint"/>
			<sound template="slideOpen"  startTime="0.3"  direction="1"  pitchScale="1.9" volumeScale="2.2" linkNode="attacherJoint"/>
			<sound template="slideOpen"  startTime="0.69" direction="-1" pitchScale="2.1" volumeScale="2.2" linkNode="attacherJoint"/>
		</animation>
	</animations>

	<cylindered>
		<movingTools>
			<movingTool node="handbrake" playSound="true" >
				<dependentPart node="handbrakePart" />
				<dependentPart node="handbrakeRotFrontRope" />
			</movingTool>
			<movingTool node="handbrakeRotBack" playSound="true" >
				<dependentPart node="handbrakeRopeBack" />
			</movingTool>
			<movingTool node="bodyLeft" playSound="true" >
				<dependentPart node="hydraulicBody" />
			</movingTool>
			<movingTool node="bodyRight" playSound="true" >
				<dependentPart node="hydraulicBody" />
			</movingTool>
			<movingTool node="body" playSound="true" >
				<dependentPart node="hydraulicBody" />
			</movingTool>
			<movingTool node="grainDoor" playSound="true" >
				<dependentPart node="grainDoorOpener" />
			</movingTool>
		</movingTools>

		<movingParts >
			<movingPart node="hydraulicBody" referencePoint="hydraulicBodyRef" referenceFrame="hydraulicBodyRefFrame" limitedAxis="3" >
				<dependentPart node="hydraulicBodyPart" />
			</movingPart>
			<movingPart node="hydraulicBodyPart" referencePoint="hydraulicBodyRef" referenceFrame="hydraulicBodyPartRefFrame" limitedAxis="2" divideTranslatingDistance="false">
				<translatingPart node="hydraulicBodyPartPunch1" maxZTrans="0.59"/>
				<translatingPart node="hydraulicBodyPartPunch2" maxZTrans="0.59"/>
				<translatingPart node="hydraulicBodyPartPunch3" maxZTrans="0.59"/>
			</movingPart>
			<movingPart node="grainDoorOpener" localReferencePoint="grainDoorOpenerPart" referencePoint="grainDoorOpenerRef" referenceFrame="doorBackBottom" >
				<dependentPart node="grainDoorOpenerPart" />
			</movingPart>
			<movingPart node="grainDoorOpenerPart" referencePoint="grainDoorOpenerRef" referenceFrame="grainDoorOpenerRef" />
			<movingPart node="handbrakePart" referencePoint="handbrakePartRef" referenceFrame="handbrakePartRef" scaleZ="true" />
			<movingPart node="handbrakeRotFrontRope" referencePoint="handbrakeRotFrontRopeRef" referenceFrame="handbrakeRotFrontRopeRef" scaleZ="true" />
			<movingPart node="handbrakeRopeBack" referencePoint="handbrakeRopeBackRef" referenceFrame="handbrakeRopeBackRef" scaleZ="true" />
		</movingParts>

		<sounds>
			<actionSound template="hydraulicLayerTone" pitchScale="0.5" volumeScale="1.1" linkNode="hydraulicBodyPart" actionNames="TRANSLATING_POS" nodes="hydraulicBodyPart">
				<pitch dropOffFactor="1.1" dropOffTime="0.2" />
			</actionSound>
			<actionSound template="defaultHydraulicSound" pitchScale="0.4" volumeScale="0.7" linkNode="hydraulicBodyPart" actionNames="TRANSLATING_NEG"	 nodes="hydraulicBodyPart"/>
			<actionSound template="cylinderPunch"		 pitchScale="0.7"				   linkNode="hydraulicBody"	 actionNames="TRANSLATING_END_NEG" nodes="hydraulicBodyPartPunch1"/>
			<actionSound template="cylinderPunch"		 pitchScale="0.7"				   linkNode="hydraulicBody"	 actionNames="TRANSLATING_END_NEG" nodes="hydraulicBodyPartPunch2"/>
			<actionSound template="cylinderPunch"		 pitchScale="0.7"				   linkNode="hydraulicBody"	 actionNames="TRANSLATING_END_NEG" nodes="hydraulicBodyPartPunch3"/>
		</sounds>
	</cylindered>

	<fillUnit>
		<fillUnitConfigurations>
			<fillUnitConfiguration name="$l10n_configuration_valueTrailer0L" price="0" >
				<objectChange node="coverBase" visibilityActive="false" />
				<objectChange node="coverColFront" compoundChildActive="false" />
				<objectChange node="coverColBack" compoundChildActive="false" />
				<objectChange node="frameBottom" visibilityActive="false" />
				<objectChange node="frameTop" visibilityActive="false" />
				<objectChange node="colFrameTopFront" compoundChildActive="false" />
				<objectChange node="colFrameTopBack" compoundChildActive="false" />
				<objectChange node="colFrameTopLeft" compoundChildActive="false" />
				<objectChange node="colFrameTopRight" compoundChildActive="false" />
				<objectChange node="doorLeftTop" visibilityActive="false" />
				<objectChange node="doorLeftBottom" visibilityActive="false" />
				<objectChange node="colLeftDoorBottom" compoundChildActive="false" />
				<objectChange node="colLeftDoorTop" compoundChildActive="false" />
				<objectChange node="doorRightTop" visibilityActive="false" />
				<objectChange node="doorRightBottom" visibilityActive="false" />
				<objectChange node="colRightDoorBottom" compoundChildActive="false" />
				<objectChange node="colRightDoorTop" compoundChildActive="false" />
				<objectChange node="doorBackBottom" visibilityActive="false" />
				<objectChange node="grainDoor" visibilityActive="false" />
				<objectChange node="grainDoorOpener" visibilityActive="false" />
				<objectChange node="colBackDoorBottom" compoundChildActive="false" />
				<objectChange node="doorBackTop" visibilityActive="false" />
				<objectChange node="colBackDoorTop" compoundChildActive="false" />
				<objectChange node="frameMiddle" visibilityActive="false" />
				<objectChange node="colFrameMiddleFront" compoundChildActive="false" />
				<objectChange node="platform" visibilityActive="false" />
				<objectChange node="stairs" visibilityActive="false" />
				<objectChange node="colPlatform1" compoundChildActive="false" />
				<objectChange node="colPlatform2" compoundChildActive="false" />
				<objectChange node="colPlatform3" compoundChildActive="false" />
			</fillUnitConfiguration>

			<fillUnitConfiguration name="$l10n_configuration_capacityX" price="0" params="4000" >
				<fillUnits>
					<fillUnit shopDisplayUnit="CUBICMETER" fillTypeCategories="bulk" capacity="4000" >
						<exactFillRootNode node="exactFillRootNode1" />
						<autoAimTargetNode node="fillAutoAimTarget1" startZ="0.6" endZ="-2.5" invert="false" startPercentage="25"/>
					</fillUnit>
				</fillUnits>
				<objectChange node="coverBase" visibilityActive="false" />
				<objectChange node="coverColFront" compoundChildActive="false" />
				<objectChange node="coverColBack" compoundChildActive="false" />
				<objectChange node="frameTop" visibilityActive="false" />
				<objectChange node="colFrameTopFront" compoundChildActive="false" />
				<objectChange node="colFrameTopBack" compoundChildActive="false" />
				<objectChange node="colFrameTopLeft" compoundChildActive="false" />
				<objectChange node="colFrameTopRight" compoundChildActive="false" />
				<objectChange node="doorLeftTop" visibilityActive="false" />
				<objectChange node="colLeftDoorTop" compoundChildActive="false" />
				<objectChange node="doorRightTop" visibilityActive="false" />
				<objectChange node="colRightDoorTop" compoundChildActive="false" />
				<objectChange node="doorBackTop" visibilityActive="false" />
				<objectChange node="colBackDoorTop" compoundChildActive="false" />
				<objectChange node="frameMiddle" visibilityActive="false" />
				<objectChange node="colFrameMiddleFront" compoundChildActive="false" />
				<objectChange node="platform" visibilityActive="false" />
				<objectChange node="stairs" visibilityActive="true" />
				<objectChange node="colPlatform1" compoundChildActive="false" />
				<objectChange node="colPlatform2" compoundChildActive="false" />
				<objectChange node="colPlatform3" compoundChildActive="false" />
			</fillUnitConfiguration>

			<fillUnitConfiguration name="$l10n_configuration_capacityX" price="2000" params="8000">
				<fillUnits>
					<fillUnit shopDisplayUnit="CUBICMETER" fillTypeCategories="bulk" capacity="8000" >
						<exactFillRootNode node="exactFillRootNode2" />
						<autoAimTargetNode node="fillAutoAimTarget2" startZ="0.6" endZ="-2.5" invert="false" startPercentage="25"/>
					</fillUnit>
				</fillUnits>
				<objectChange node="coverTrans" translationActive="0 -0.6 0" />
				<objectChange node="frameTop" visibilityActive="false" />
				<objectChange node="colFrameTopFront" compoundChildActive="false" />
				<objectChange node="colFrameTopBack" compoundChildActive="false" />
				<objectChange node="colFrameTopLeft" compoundChildActive="false" />
				<objectChange node="colFrameTopRight" compoundChildActive="false" />
				<objectChange node="coverLockLeft1" visibilityActive="false" />
				<objectChange node="coverLockRight1" visibilityActive="false" />
				<objectChange node="coverLockBack1" visibilityActive="false" />
				<objectChange node="platform" visibilityActive="false" />
				<objectChange node="stairs" visibilityActive="true" />
				<objectChange node="colPlatform1" compoundChildActive="false" />
				<objectChange node="colPlatform2" compoundChildActive="false" />
				<objectChange node="colPlatform3" compoundChildActive="false" />
			</fillUnitConfiguration>

			<fillUnitConfiguration name="$l10n_configuration_capacityX" price="4000" params="12000">
				<fillUnits>
					<fillUnit shopDisplayUnit="CUBICMETER" fillTypeCategories="bulk" capacity="12000" >
						<exactFillRootNode node="exactFillRootNode3" />
						<autoAimTargetNode node="fillAutoAimTarget3" startZ="0.6" endZ="-2.5" invert="false" startPercentage="25"/>
					</fillUnit>
				</fillUnits>
				<objectChange node="coverLockLeft2" visibilityActive="false" />
				<objectChange node="coverLockRight2" visibilityActive="false" />
				<objectChange node="coverLockBack2" visibilityActive="false" />
				<objectChange node="platform" visibilityActive="true" />
				<objectChange node="stairs" visibilityActive="true" />
			</fillUnitConfiguration>
		</fillUnitConfigurations>
	</fillUnit>

	<fillVolume>
		<fillVolumeConfigurations>
			<fillVolumeConfiguration />
			<fillVolumeConfiguration>
				<volumes>
					<volume node="fillVolume1" maxDelta="0.23" maxAllowedHeapAngle="18" fillUnitIndex="1" />
				</volumes>
			</fillVolumeConfiguration>
			<fillVolumeConfiguration>
				<volumes>
					<volume node="fillVolume2" maxDelta="0.23" maxAllowedHeapAngle="18" fillUnitIndex="1" />
				</volumes>
			</fillVolumeConfiguration>
			<fillVolumeConfiguration>
				<volumes>
					<volume node="fillVolume3" maxDelta="0.23" maxAllowedHeapAngle="18" fillUnitIndex="1" />
				</volumes>
			</fillVolumeConfiguration>
		</fillVolumeConfigurations>

		<unloadInfos>
			<unloadInfo>
				<node node="unloadInfo01" width="2" length="1.0" />
			</unloadInfo>
			<unloadInfo>
				<node node="unloadInfo02" width="1" length="4.0" />
			</unloadInfo>
			<unloadInfo>
				<node node="unloadInfo03" width="1" length="4.0" />
			</unloadInfo>
		</unloadInfos>
	</fillVolume>

	<trailer>
		<trailerConfigurations>
			<trailerConfiguration>
			</trailerConfiguration>
			<trailerConfiguration>
				<trailer>
					<tipSide name="$l10n_info_tipSideBack" dischargeNodeIndex="1">
						<animation name="tipAnimationBack_bottom" speedScale="1.0" startTipTime="0.02"/>
					</tipSide>
					<tipSide name="$l10n_info_tipSideLeft" dischargeNodeIndex="2" >
						<animation name="tipAnimationLeft_bottom" speedScale="1.0" startTipTime="0.02"/>
					</tipSide>
					<tipSide name="$l10n_info_tipSideRight" dischargeNodeIndex="3" >
						<animation name="tipAnimationRight_bottom" speedScale="1.0" startTipTime="0.02"/>
					</tipSide>
					<tipSide name="$l10n_info_tipSideBackGrainDoor" dischargeNodeIndex="4" >
						<animation name="tipAnimationGrainDoor" speedScale="1.0" />
						<doorAnimation name="tipAnimationGrainDoor2" speedScale="1.0" startTipTime="0.3"/>
					</tipSide>
				</trailer>
			</trailerConfiguration>
			<trailerConfiguration>
				<trailer>
					<tipSide name="$l10n_info_tipSideBack" dischargeNodeIndex="1">
						<animation name="tipAnimationBack_top" speedScale="1.0" startTipTime="0.02"/>
					</tipSide>
					<tipSide name="$l10n_info_tipSideLeft" dischargeNodeIndex="2" >
						<animation name="tipAnimationLeft_top" speedScale="1.0" startTipTime="0.02"/>
					</tipSide>
					<tipSide name="$l10n_info_tipSideRight" dischargeNodeIndex="3" >
						<animation name="tipAnimationRight_top" speedScale="1.0" startTipTime="0.02"/>
					</tipSide>
					<tipSide name="$l10n_info_tipSideBackGrainDoor" dischargeNodeIndex="4" >
						<animation name="tipAnimationGrainDoor" speedScale="1.0" />
						<doorAnimation name="tipAnimationGrainDoor2" speedScale="1.0" startTipTime="0.3"/>
					</tipSide>
				</trailer>
			</trailerConfiguration>
		</trailerConfigurations>
	</trailer>

	<dischargeable> 
		<dischargeableConfigurations>
			<dischargeableConfiguration>
			</dischargeableConfiguration>
			
			<dischargeableConfiguration>
				<dischargeNode node="dischargeNodeBack" emptySpeed="570" fillUnitIndex="1" unloadInfoIndex="1" >
					<info width="2.0" length="0.5" />
					<effects>
						<effectNode effectClass="TipEffect">
							<effectNode effectNode="effectParticleBack" effectClass="ParticleEffect" materialType="unloadingParticle" />
							<effectNode effectNode="effectGrainBack" materialType="unloading" materialTypeId="1" fadeTime="0.5" extraDistanceNode="dischargeNodeBack" extraDistance="0"/>
						</effectNode>
						<effectNode effectNode="effectSmokeBack" materialType="smoke"	 materialTypeId="1" fadeTime="0.5" />
					</effects>
				</dischargeNode>
				<dischargeNode node="dischargeNodeLeft" emptySpeed="570" fillUnitIndex="1" unloadInfoIndex="2" >
					<info width="4" length="0.5" />
					<effects>
						<effectNode effectClass="TipEffect">
							<effectNode effectNode="effectParticleLeft" effectClass="ParticleEffect" materialType="unloadingParticle" />
							<effectNode effectNode="effectGrainLeft" materialType="unloading" materialTypeId="1" fadeTime="0.5" extraDistanceNode="dischargeNodeLeft" extraDistance="0"/>
						</effectNode>
						<effectNode effectNode="effectSmokeLeft" materialType="smoke"	 materialTypeId="1" fadeTime="0.5" />
					</effects>
				</dischargeNode>
				<dischargeNode node="dischargeNodeRight" emptySpeed="570" fillUnitIndex="1" unloadInfoIndex="3" >
					<info width="4" length="0.5" />
					<effects>
						<effectNode effectClass="TipEffect">
							<effectNode effectNode="effectParticleRight" effectClass="ParticleEffect" materialType="unloadingParticle" />
							<effectNode effectNode="effectGrainRight" materialType="unloading" materialTypeId="1" fadeTime="0.5" extraDistanceNode="dischargeNodeRight" extraDistance="0"/>
						</effectNode>
						<effectNode effectNode="effectSmokeRight" materialType="smoke"	 materialTypeId="1" fadeTime="0.5" />
					</effects>
				</dischargeNode>
				<dischargeNode node="dischargeNodeGrainDoor" emptySpeed="265"  fillUnitIndex="1" unloadInfoIndex="1" >
					<info width="0.25" length="0.5" />
					<effects>
						<effectNode effectClass="TipEffect">
							<effectNode effectNode="effectParticleDoor" effectClass="ParticleEffect" materialType="unloadingParticle" />
							<effectNode effectNode="effectGrainDoor" materialType="unloading" materialTypeId="1" fadeTime="0.5" extraDistanceNode="dischargeNodeGrainDoor" extraDistance="0"/>
						</effectNode>
						<effectNode effectNode="effectSmokeDoor" materialType="smoke"	 materialTypeId="1" fadeTime="0.5" />
					</effects>
				</dischargeNode>
			</dischargeableConfiguration>
		</dischargeableConfigurations>
	</dischargeable>

	<tensionBelts>
		<tensionBeltsConfigurations>
			<tensionBeltsConfiguration />
			<tensionBeltsConfiguration>
				<tensionBelts linkNode="tensionBelts" jointNode="0>" width="0.075" maxEdgeLength="0.1" geometryBias="0.01" ratchetPosition="0.2" defaultOffset="0.1" defaultOffsetSide="0.1" defaultHeight="4" activationTrigger="beltActivationTrigger">
					<tensionBelt startNode="tensionBeltStart1" endNode="tensionBeltEnd1" offsetLeft="0.2" />
					<tensionBelt startNode="tensionBeltStart2" endNode="tensionBeltEnd2" />
					<tensionBelt startNode="tensionBeltStart3" endNode="tensionBeltEnd3" />
					<tensionBelt startNode="tensionBeltStart4" endNode="tensionBeltEnd4" />
					<tensionBelt startNode="tensionBeltStart5" endNode="tensionBeltEnd5" offsetRight="0.2" />
					<sounds>
						<addBelt	template="beltOpen" />
						<removeBelt template="beltClose" />
					</sounds>
				</tensionBelts>
			</tensionBeltsConfiguration>
		</tensionBeltsConfigurations>
	</tensionBelts>

	<cover>
		<coverConfigurations>
			<coverConfiguration name="$l10n_configuration_valueNo" price="0">
				<objectChange node="coverBase" visibilityActive="false" />
				<objectChange node="coverColFront" compoundChildActive="false" />
				<objectChange node="coverColBack" compoundChildActive="false" />
				<objectChange node="coverLockLeft2" visibilityActive="false" />
				<objectChange node="coverLockRight2" visibilityActive="false" />
				<objectChange node="coverLockBack2" visibilityActive="false" />
				<objectChange node="coverTrans" visibilityActive="false" />
			</coverConfiguration>
			<coverConfiguration name="$l10n_configuration_valueYes" price="500" openCoverWhileTipping="true">
				<cover openAnimation="toggleCover" fillUnitIndices="1" />
				<objectChange node="coverBase" visibilityActive="true" />
				<objectChange node="coverColFront" compoundChildActive="true" />
				<objectChange node="coverColBack" compoundChildActive="true" />
			</coverConfiguration>
		</coverConfigurations>
	</cover>

	<ai>
		<allowTurnBackward value="false"/>
		<turningRadiusLimitation radius="8"/>
		<agentAttachment jointNode="attacherJoint" rotCenterWheelIndices="1 2" width="2.5" height="3.45" length="5.9" lengthOffset="1"/>
	</ai>

	<foliageBending>
		<bendingNode minX="-1.2" maxX="1.2" minZ="-3.3" maxZ="1.6" yOffset="0.6" />
		<bendingNode minX="-0.2" maxX="0.2" minZ="1.5" maxZ="2.8" yOffset="0.85" />
	</foliageBending>

	<baseMaterial>
		<material name="sek802_mat" baseNode="sek802_vis">
			<shaderParameter name="colorMat0" value="STRAUTMANN_RED1"/>
			<shaderParameter name="colorMat1" value="STRAUTMANN_GREEN1"/>
			<shaderParameter name="colorMat2" value="STRAUTMANN_YELLOW1"/>
		</material>
	</baseMaterial>

	<baseMaterialConfigurations price="0" title="$l10n_configuration_chassisColor" useDefaultColors="true">
		<material name="sek802_mat" shaderParameter="colorMat0"/>

		<baseMaterialConfiguration name="$l10n_ui_colorRed" color="STRAUTMANN_RED1" isDefault="true"/>
		<baseMaterialConfiguration name="$l10n_ui_colorGrey"  color="SHARED_DA_METAL_BLACK"/>
	</baseMaterialConfigurations>

	<designMaterialConfigurations price="0" title="$l10n_configuration_extensionColor" useDefaultColors="true">
		<material name="sek802_mat" shaderParameter="colorMat1"/>

		<designMaterialConfiguration name="$l10n_ui_colorGreen" color="STRAUTMANN_GREEN1" isDefault="true"/>
	</designMaterialConfigurations>

	<wearable wearDuration="480" workMultiplier="5" fieldMultiplier="2"/>
	<washable dirtDuration="90" washDuration="1" workMultiplier="3" fieldMultiplier="2"/>

	<i3dMappings>
		<i3dMapping id="triggerNode" node="0>0|5|0|0|19|1" />
		<i3dMapping id="pickupTriggerNode" node="0>0|5|0|0|19|0" />
		<i3dMapping id="pickupTriggerNode2" node="0>0|5|0|0|19|2" />		
		<i3dMapping id="pickupTriggerNodeBack" node="0>0|5|0|0|19|3" />		
		
		<i3dMapping id="sek802_vis" node="0>0" />
		<i3dMapping id="attacherJoint" node="0>0|0|0" />
		<i3dMapping id="trailerAttacherJoint" node="0>0|0|1" />
		<i3dMapping id="electric" node="0>0|0|2" />
		<i3dMapping id="electric_detached" node="0>0|0|2|0" />
		<i3dMapping id="hydraulicIn01" node="0>0|0|3" />
		<i3dMapping id="hydraulicIn01_detached" node="0>0|0|3|0" />
		<i3dMapping id="supportArm" node="0>0|0|4|0" />
		<i3dMapping id="supportPart" node="0>0|0|4|1" />
		<i3dMapping id="wheelChockSupport01_01" node="0>0|0|5|0" />
		<i3dMapping id="wheelChockSupport01_02" node="0>0|0|5|1" />
		<i3dMapping id="wheelChock01" node="0>0|0|5|2" />
		<i3dMapping id="wheelChock02" node="0>0|0|5|3" />
		<i3dMapping id="electricSocketBack" node="0>0|0|6" />
		<i3dMapping id="hydraulicSocketBack" node="0>0|0|7" />
		<i3dMapping id="wheelLeft" node="0>0|1|0" />
		<i3dMapping id="wheelRight" node="0>0|1|1" />
		<i3dMapping id="sideMarker01" node="0>0|2|0|0" />
		<i3dMapping id="sideMarker02" node="0>0|2|0|1" />
		<i3dMapping id="sideMarker03" node="0>0|2|0|2" />
		<i3dMapping id="sideMarker04" node="0>0|2|0|3" />
		<i3dMapping id="sideMarker05" node="0>0|2|0|4" />
		<i3dMapping id="sideMarker06" node="0>0|2|0|5" />
		<i3dMapping id="sideMarker07" node="0>0|2|0|6" />
		<i3dMapping id="sideMarker08" node="0>0|2|0|7" />
		<i3dMapping id="backlightLeft" node="0>0|2|0|8" />
		<i3dMapping id="backlightRight" node="0>0|2|0|9" />
		<i3dMapping id="backLightsHigh1" node="0>0|2|1" />
		<i3dMapping id="turnLightLeftBack" node="0>0|2|2" />
		<i3dMapping id="turnLightRightBack" node="0>0|2|3" />
		<i3dMapping id="handbrake" node="0>0|3|0" />
		<i3dMapping id="handbrakePart" node="0>0|3|0|0" />
		<i3dMapping id="handbrakeRotFront" node="0>0|3|1" />
		<i3dMapping id="handbrakeRotFrontPart" node="0>0|3|1|0" />
		<i3dMapping id="handbrakeRotFrontRope" node="0>0|3|1|0|0" />
		<i3dMapping id="handbrakePartRef" node="0>0|3|1|0|1" />
		<i3dMapping id="handbrakeRotBack" node="0>0|3|2" />
		<i3dMapping id="handbrakeRopeBack" node="0>0|3|2|0" />
		<i3dMapping id="handbrakeRopeBackRef" node="0>0|3|3" />
		<i3dMapping id="handbrakeRotFrontRopeRef" node="0>0|3|4" />
		<i3dMapping id="licensePlate" node="0>0|4" />
		<i3dMapping id="bodyLeft" node="0>0|5" />
		<i3dMapping id="bodyRight" node="0>0|5|0" />
		<i3dMapping id="body" node="0>0|5|0|0" />
		<i3dMapping id="hydraulicBodyRef" node="0>0|5|0|0|0" />
		<i3dMapping id="tensionBelts" node="0>0|5|0|0|1" />
		<i3dMapping id="tensionBeltStart1" node="0>0|5|0|0|1|0" />
		<i3dMapping id="tensionBeltEnd1" node="0>0|5|0|0|1|0|0" />
		<i3dMapping id="tensionBeltStart2" node="0>0|5|0|0|1|1" />
		<i3dMapping id="tensionBeltEnd2" node="0>0|5|0|0|1|1|0" />
		<i3dMapping id="tensionBeltStart3" node="0>0|5|0|0|1|2" />
		<i3dMapping id="tensionBeltEnd3" node="0>0|5|0|0|1|2|0" />
		<i3dMapping id="tensionBeltStart4" node="0>0|5|0|0|1|3" />
		<i3dMapping id="tensionBeltEnd4" node="0>0|5|0|0|1|3|0" />
		<i3dMapping id="tensionBeltStart5" node="0>0|5|0|0|1|4" />
		<i3dMapping id="tensionBeltEnd5" node="0>0|5|0|0|1|4|0" />
		<i3dMapping id="beltActivationTrigger" node="0>0|5|0|0|1|5" />
		<i3dMapping id="coverTrans" node="0>0|5|0|0|2" />
		<i3dMapping id="coverBase" node="0>0|5|0|0|2|0" />
		<i3dMapping id="coverLockLeft1" node="0>0|5|0|0|2|1" />
		<i3dMapping id="coverLockBack1" node="0>0|5|0|0|2|2" />
		<i3dMapping id="coverLockRight1" node="0>0|5|0|0|2|3" />
		<i3dMapping id="cover" node="0>0|5|0|0|2|4" />
		<i3dMapping id="coverColFront" node="0>0|5|0|0|2|5" />
		<i3dMapping id="coverColBack" node="0>0|5|0|0|2|6" />
		<i3dMapping id="doorBack" node="0>0|5|0|0|3" />
		<i3dMapping id="doorBackBottom" node="0>0|5|0|0|3|0" />
		<i3dMapping id="grainDoor" node="0>0|5|0|0|3|0|0" />
		<i3dMapping id="grainDoorOpenerRef" node="0>0|5|0|0|3|0|0|0" />
		<i3dMapping id="grainDoorOpener" node="0>0|5|0|0|3|0|1" />
		<i3dMapping id="grainDoorOpenerPart" node="0>0|5|0|0|3|0|1|0" />
		<i3dMapping id="colBackDoorBottom" node="0>0|5|0|0|3|0|3" />
		<i3dMapping id="doorBackTop" node="0>0|5|0|0|3|1" />
		<i3dMapping id="colBackDoorTop" node="0>0|5|0|0|3|1|0" />
		<i3dMapping id="coverLockBack2" node="0>0|5|0|0|3|2" />
		<i3dMapping id="doorLeft" node="0>0|5|0|0|4" />
		<i3dMapping id="doorLeftBottom" node="0>0|5|0|0|4|0" />
		<i3dMapping id="colLeftDoorBottom" node="0>0|5|0|0|4|0|1" />
		<i3dMapping id="doorLeftTop" node="0>0|5|0|0|4|1" />
		<i3dMapping id="colLeftDoorTop" node="0>0|5|0|0|4|1|0" />
		<i3dMapping id="coverLockLeft2" node="0>0|5|0|0|4|2" />
		<i3dMapping id="doorRight" node="0>0|5|0|0|5" />
		<i3dMapping id="doorRightBottom" node="0>0|5|0|0|5|0" />
		<i3dMapping id="colRightDoorBottom" node="0>0|5|0|0|5|0|2" />
		<i3dMapping id="doorRightTop" node="0>0|5|0|0|5|1" />
		<i3dMapping id="colRightDoorTop" node="0>0|5|0|0|5|1|0" />
		<i3dMapping id="coverLockRight2" node="0>0|5|0|0|5|2" />
		<i3dMapping id="frameBottom" node="0>0|5|0|0|6" />
		<i3dMapping id="frameMiddle" node="0>0|5|0|0|7" />
		<i3dMapping id="colFrameMiddleFront" node="0>0|5|0|0|7|2" />
		<i3dMapping id="frameTop" node="0>0|5|0|0|8" />
		<i3dMapping id="colFrameTopFront" node="0>0|5|0|0|8|0" />
		<i3dMapping id="colFrameTopBack" node="0>0|5|0|0|8|1" />
		<i3dMapping id="colFrameTopLeft" node="0>0|5|0|0|8|2" />
		<i3dMapping id="colFrameTopRight" node="0>0|5|0|0|8|3" />
		<i3dMapping id="exactFillRootNode1" node="0>0|5|0|0|9|0" />
		<i3dMapping id="exactFillRootNode2" node="0>0|5|0|0|9|1" />
		<i3dMapping id="exactFillRootNode3" node="0>0|5|0|0|9|2" />
		<i3dMapping id="fillAutoAimTarget1" node="0>0|5|0|0|9|3" />
		<i3dMapping id="fillAutoAimTarget2" node="0>0|5|0|0|9|4" />
		<i3dMapping id="fillAutoAimTarget3" node="0>0|5|0|0|9|5" />
		<i3dMapping id="fillVolume1" node="0>0|5|0|0|9|6" />
		<i3dMapping id="fillVolume2" node="0>0|5|0|0|9|7" />
		<i3dMapping id="fillVolume3" node="0>0|5|0|0|9|8" />
		<i3dMapping id="unloadInfo01" node="0>0|5|0|0|9|9" />
		<i3dMapping id="unloadInfo02" node="0>0|5|0|0|9|10" />
		<i3dMapping id="unloadInfo03" node="0>0|5|0|0|9|11" />
		<i3dMapping id="effectNodesBack" node="0>0|5|0|0|10|0|0" />
		<i3dMapping id="effectGrainBack" node="0>0|5|0|0|10|0|0|0" />
		<i3dMapping id="effectSmokeBack" node="0>0|5|0|0|10|0|0|1" />
		<i3dMapping id="effectParticleBack" node="0>0|5|0|0|10|0|1|0" />
		<i3dMapping id="effectNodesLeft" node="0>0|5|0|0|10|1|0" />
		<i3dMapping id="effectGrainLeft" node="0>0|5|0|0|10|1|0|0" />
		<i3dMapping id="effectSmokeLeft" node="0>0|5|0|0|10|1|0|1" />
		<i3dMapping id="effectParticleLeft" node="0>0|5|0|0|10|1|1|0" />
		<i3dMapping id="effectNodesRight" node="0>0|5|0|0|10|2|0" />
		<i3dMapping id="effectGrainRight" node="0>0|5|0|0|10|2|0|0" />
		<i3dMapping id="effectSmokeRight" node="0>0|5|0|0|10|2|0|1" />
		<i3dMapping id="effectParticleRight" node="0>0|5|0|0|10|2|1|0" />
		<i3dMapping id="effectNodesBackGrainDoor" node="0>0|5|0|0|10|3|0" />
		<i3dMapping id="effectGrainDoor" node="0>0|5|0|0|10|3|0|0" />
		<i3dMapping id="effectSmokeDoor" node="0>0|5|0|0|10|3|0|1" />
		<i3dMapping id="effectGrainDoorRotationJoint" node="0>0|5|0|0|10|3|0|2" />
		<i3dMapping id="effectParticleDoor" node="0>0|5|0|0|10|3|1|0" />
		<i3dMapping id="platform" node="0>0|5|0|0|13|0" />
		<i3dMapping id="stairs" node="0>0|5|0|0|13|1" />
		<i3dMapping id="colPlatform1" node="0>0|5|0|0|16" />
		<i3dMapping id="colPlatform2" node="0>0|5|0|0|17" />
		<i3dMapping id="colPlatform3" node="0>0|5|0|0|18" />
		<i3dMapping id="hydraulicBody" node="0>0|6" />
		<i3dMapping id="hydraulicBodyPart" node="0>0|6|0" />
		<i3dMapping id="hydraulicBodyPartPunch1" node="0>0|6|0|0" />
		<i3dMapping id="hydraulicBodyPartPunch2" node="0>0|6|0|0|0" />
		<i3dMapping id="hydraulicBodyPartPunch3" node="0>0|6|0|0|0|0" />
		<i3dMapping id="hydraulicBodyRefFrame" node="0>0|7" />
		<i3dMapping id="hydraulicBodyPartRefFrame" node="0>0|8" />
		<i3dMapping id="dischargeNodeBack" node="0>0|9|0" />
		<i3dMapping id="dischargeNodeGrainDoor" node="0>0|9|1" />
		<i3dMapping id="dischargeNodeLeft" node="0>0|9|2" />
		<i3dMapping id="dischargeNodeRight" node="0>0|9|3" />
	</i3dMappings>
</vehicle>
