<?xml version="1.0" encoding="utf-8" standalone="no" ?>
<modDesc descVersion="67">
    <author>VertexDezign</author>
    <version>1.0.0.0</version>
    <title>
        <en>Schoema Weight Pack</en>
        <de>Schöma Gewichte Pack</de>
    </title>
    <description>
        <en><![CDATA[Schöma Weights Pack

Front Weight 500kg
- Three Point Linkage
- Price:    1200€

Front Weight 850kg
- Three Point Linkage
- Price:    1900€

Front Weight 1200kg
- Trailer Attacher
- Price:    1000€

Front Weight 2000kg
- Trailer Attacher
- Configurable Three Point Linkage
- Configurable up to 2000kg
- Price:    2000€
]]></en>
     	<de><![CDATA[Schöma Gewichte Pack

Frontgewicht 500kg
- Dreipunktaufnahme
- Preis:    1200€

Frontgewicht 850kg
- Dreipunktaufnahme
- Preis:    1900€

Frontgewicht 1200kg
- Rangierkupplung
- Preis:    1000€

Frontgewicht 2000kg
- Rangierkupplung
- Konfigurierbare Dreipunktaufnahme
- Aufballastierbar bis zu 2000kg
- Preis:    2000€
]]></de>
    </description>
    <iconFilename>icon_schoemaWeightsPack.dds</iconFilename>
    <multiplayer supported="true"/>

    <brands>
        <brand name="SCHOEMA" title="Schöma" image="brand_schoema.dds"/>
    </brands>

    <vehicleTypes>
        <type name="implement_attacherJointControl" parent="implement" className="Vehicle" filename="$dataS/scripts/vehicles/Vehicle.lua">	
			<specialization name="attacherJointControl"/>
		</type>
    </vehicleTypes>

    <storeItems>
	    <storeItem xmlFilename="vehicles/schoema/weight500.xml"/>
	    <storeItem xmlFilename="vehicles/schoema/weight850.xml"/>
	    <storeItem xmlFilename="vehicles/schoema/weight1200.xml"/>
	    <storeItem xmlFilename="vehicles/schoema/weight2000.xml"/>
    </storeItems>

    <l10n>
        <text name="configuration_weight">
            <en>Weight</en>
            <de>Gewicht</de>
        </text>
        <text name="configuration_lights">
            <en>Lights</en>
            <de>Beleuchtung</de>
        </text>
        <text name="configuration_implement">
            <en>Three Point Linkage</en>
            <de>Dreipunkt</de>
        </text>
        <text name="configuration_packer">
            <en>Packer</en>
        </text>
        <text name="configuration_800">
            <en>800kg</en>
        </text>
        <text name="configuration_1000">
            <en>1000kg</en>
        </text>
        <text name="configuration_1200">
            <en>1200kg</en>
        </text>
        <text name="configuration_1400">
            <en>1400kg</en>
        </text>
        <text name="configuration_1600">
            <en>1600kg</en>
        </text>
        <text name="configuration_1800">
            <en>1800kg</en>
        </text>
        <text name="configuration_2000">
            <en>2000kg</en>
        </text>
    </l10n>
</modDesc>
