<?xml version="1.0" encoding="utf-8" standalone="no" ?>
<wheel>
    <default>
        <physics radius="0.744" width="0.54" mass="0.185" tireType="mud" frictionScale="1.60" maxLongStiffness="8" maxLatStiffness="100" maxLatStiffnessLoad="2" />
        <tire filename="$data/shared/wheels/tires/mitas/SFT/R30_SFT.i3d" nodeLeft="0|0" nodeRight="0|0" maxDeformation="0.073" isCareWheel="false" tireTrackAtlasIndex="0" />
        <outerRim filename="$data/shared/wheels/rims/rim001.i3d" node="0|0" widthAndDiam="16 30" />
        <innerRim filename="$data/shared/wheels/rims/rim001.i3d" nodeLeft="2|0" nodeRight="2|1" widthAndDiam="16 30" />
    </default>
	<configurations>
        <configuration id="dual" >
            <innerRim filename="-" nodeLeft="-" nodeRight="-" widthAndDiam="-" />
        </configuration>
          </configurations>
</wheel>
