<?xml version="1.0" encoding="utf-8" standalone="no"?>
<!--=====================================================================================================
	BetterContracts GUI additions
	Purpose:	Enhance ingame contracts menu.
	Author:		Mmtrx		
	Changelog:
	 v0.1		17.03.2021	initial beta
	 v1.0.0		20.04.2021	submit for release 
     v1.1.0.4    07.07.2021  (Mmtrx) add user-defined missionVehicles.xml, allow missions with no vehicles
     v1.2.0.0    18.01.2022  (Mmtrx) adapt for FS22
	 v1.2.7.5	 26.02.2023	display other farms active contracts (general table)
======================================================================================================-->
<GUI name="npcDetails">
	<GuiElement type="empty" id="npcbox" size="305px 300px" anchors="0 0 1 1"  hasFrame="true" debugEnabled="false">
		<!-- left column -->
		<GuiElement type="text" profile="betterContractsLeft" id="field" position="5px 273px" />
		<GuiElement type="text" profile="betterContractsLeft" id="widhei" position="5px 240px" text="$l10n_SC_widhei" />
		<GuiElement type="text" profile="betterContractsLeft" id="line3" position="5px 207px" text="$l10n_SC_worktim" />
		<GuiElement type="text" profile="betterContractsLeft" id="line4a" position="5px 174px" />
		<GuiElement type="text" profile="betterContractsLeft" id="line4b" position="5px 141px" />
		<GuiElement type="text" profile="betterContractsLeft" id="line5" position="5px 108px" text="$l10n_SC_price" />
		<GuiElement type="text" profile="betterContractsLeft" id="line6" position="5px 75px" />
		<GuiElement type="text" profile="betterContractsLeft" id="ppmin" position="5px 42px" text="$l10n_SC_profpmin" />

		<!-- right column -->
		<GuiElement type="text" profile="betterContractsRight" id="filltype" position="100px 273px" />
		<GuiElement type="text" profile="betterContractsRight" id="dimen" position="100px 240px" />
		<GuiElement type="text" profile="betterContractsRight" id="etime" position="100px 207px" />
		<GuiElement type="text" profile="betterContractsRight" id="valu4a" position="100px 174px" />
		<GuiElement type="text" profile="betterContractsRight" id="valu4b" position="100px 141px" />
		<GuiElement type="text" profile="betterContractsRight" id="price" position="100px 108px" />
		<GuiElement type="text" profile="betterContractsRight" id="valu6" position="100px 75px" />
		<GuiElement type="text" profile="betterContractsRight" id="valu7" position="100px 42px" />
		<!-- Sort buttons -->
		<GuiElement type="empty" id="sortbox" profile="BCSortbox" size="305px 45px" position="3px 0px" anchors="1 1 0 0" >
			<GuiElement type="boxLayout" profile="ingameMenuMapFilterButtonBox" id="layout" size="200px 42px" position="0px -18px" >
				<GuiElement type="button" profile="BCsortCat" id="sortcat" />
				<GuiElement type="button" profile="BCsortRev" id="sortrev" />
				<GuiElement type="button" profile="BCsortNpc" id="sortnpc" />
				<GuiElement type="button" profile="BCsortProf" id="sortprof" />
				<GuiElement type="button" profile="BCsortpMin" id="sortpmin" />
			</GuiElement>
			<GuiElement type="text" profile="betterContractsLeft" id="sort" position="5px 18px" text="$l10n_SC_sort" debugEnabled="false"/>
		<GuiElement type="text" profile="betterContractsLeft" id="helpsort" size="125px 40px" position="5px -2px" text="" debugEnabled="false"/>
		</GuiElement>
	</GuiElement>

	<!-- active missions display (anchor top right: 1 1 1 1) -->
	<GuiElement type="button" profile="buttonOK" id="mToggle" anchors="1 1 1 1" inputAction="BC_MTOGGLE" size="34px 34px" position="78px -3px" debugEnabled="false" />

	<GuiElement type="empty" positionOrigin="topLeft" id="container" profile="myContainer" anchors="1 1 1 1" debugEnabled="false" >
		<!-- header: -->
		<GuiElement type="flowLayout" profile="myHeaderBox" id="missionHeaderBox" >
			<GuiElement type="tableHeader" profile="myHeaderText1" text="$l10n_ui_farm" />
			<GuiElement type="tableHeader" profile="myHeaderText" text="$l10n_ui_contracts" />
			<GuiElement type="tableHeader" profile="myHeaderText" text="$l10n_ui_fieldNo" />
			<GuiElement type="tableHeader" profile="myHeaderText" text="$l10n_statistic_fillType" />
			<GuiElement type="tableHeader" profile="myHeaderText" text="$l10n_fieldJob_progress" />
		</GuiElement>

		<!-- table + slider: -->
		<GuiElement type="empty" position="0px -40px" debugEnabled="false" >
			<!-- table: -->
			<GuiElement type="table" id="mTable" handleFocus="false" profile="myTable" rowTemplateName="myRowTemplate" columnNames="c1 c2 c3 c4 c5" periodicUpdate="false" updateInterval="20" onUpdate="updateStats">
				<GuiElement type="listItem" profile="myRow" name="myRowTemplate" >
				<GuiElement type="bitmap" profile="myRowBg" debugEnabled="true" >
					<GuiElement type="text" profile="myCell1" name="c1" />
					<GuiElement type="text" profile="myCell" name="c2" position="140px 0px"/>
					<GuiElement type="text" profile="myCell" name="c3" position="250px 0px"/>
					<GuiElement type="text" profile="myCell" name="c4" position="360px 0px"/>
					<GuiElement type="text" profile="myCell" name="c5" position="470px 0px"/>
				</GuiElement>
				</GuiElement>
			</GuiElement>
		</GuiElement>
	</GuiElement>
</GUI>
