﻿<?xml version="1.0" encoding="utf-8" standalone="no" ?>
<vehicle type="balerWrapper" xmlns:xsi="http://www.w3.org/2001/XMLSchema-instance" xsi:noNamespaceSchemaLocation="https://validation.gdn.giants-software.com/xml/schema/vehicle.xsd">
    <annotation>Copyright (C) DD ModPassion, All Rights Reserved.</annotation>
    <storeData>
        <name>IMPRESS 185VC PRO</name>
        <image>$data/store/store_empty.png</image>
        <brand>POETTINGER</brand>
        <category>balers</category>
        <showInStore>false</showInStore>
    </storeData>
    <base>
        <filename>filename/foilWrapRoll.i3d</filename>
    </base>
    <fillUnit>
        <fillUnitConfigurations>
            <fillUnitConfiguration>
                <fillUnits>
                    <fillUnit unitTextOverride="$l10n_unit_mShort" fillTypeCategories="foilWrap" capacity="3000" canBeUnloaded="false" allowFoldingThreshold="6000"/>
                </fillUnits>
            </fillUnitConfiguration>
        </fillUnitConfigurations>
    </fillUnit>
    <baleWrapper>
        <foilWrapAddon>
            <baseNode node="0>0|3|3|0|6|2"/>
            <roll node="0>0|3|3|0|6|2" translation="-1.15197 1.614 -4.1974" rotation="-180 69 180" scale="0.94 0.995 0.94"/>
            <roll node="0>0|3|3|0|6|2" translation="1.15222 1.614 -5.33407" rotation="0 -70 0" scale="0.93 0.995 0.93"/>
            <material node="foil"/>
            <material node="leftOverFoil" editVisibility="false"/>
        </foilWrapAddon>
    </baleWrapper>
    <wearable showOnHud="false"/>
    <washable/>
</vehicle>