﻿<?xml version="1.0" encoding="utf-8" standalone="no" ?>
<modDesc descVersion="63">
    <author>raulycristi1 [VSR Modding Sur]</author>
    <version>1.0.0.1</version>
    <iconFilename>icon.dds</iconFilename>

    <title>
        <en><![CDATA[Silo Neuero Multifruit Pack]]></en>
        <de><![CDATA[Silo Neuero Multifruit Paket]]></de>
        <es><![CDATA[Paquete Silo Neuero Multifrutas]]></es>
    </title>
<description>
<en><![CDATA[Stores All Types of Grain in These Multifruit Silos

Silos Price: NL16-22 - 2000  198,000 €
Silos Price: NL16-22 - 6000  503.000 €
Silos Price: NL16-22 - 16000 1,245,000 €

Capacity: NL16-22 - 2000 2.000.000 Liters
Capacity: NL16-22 - 6000 6,000,000 Liters
Capacity: NL16-22 - 16000 16,000,000 Liters

Maintenance: €50/day

-Changelog 1.0.0.1
Snow no longer Appears in the Dump Zone.
]]></en>
<de><![CDATA[Lagert alle Getreidearten in Diesen Mehrfruchtsilos

Silos Preis: NL16-22 - 2000   198.000 € 
Silos Preis: NL16-22 - 6000   503.000 €
Silos Preis: NL16-22 - 16000  1.245.000 €

Kapazität: NL16-22 - 2000 2.000.000 Liter
Kapazität: NL16-22 - 6000 6.000.000 Liter
Kapazität: NL16-22 - 16000 16.000.000 Liter

Wartung: 50€/Tag

-Änderungsprotokoll 1.0.0.1
In der Müllzone erscheint kein Schnee mehr.
]]></de>
<es><![CDATA[Almacena Todo Tipo de Grano en Estos silos Multifrutas

Precio Silos: NL16-22 - 2000  198.000 €
Precio Silos: NL16-22 - 6000  503.000 €
Precio Silos: NL16-22 - 16000 1.245.000 €

Capacidad: NL16-22 - 2000  2.000.000 Litros
Capacidad: NL16-22 - 6000  6.000.000 Litros
Capacidad: NL16-22 - 16000 16.000.000 Litros

Mantenimiento: 50€/dia

-Registro de Cambios 1.0.0.1
Ya no Aparece nieve en la Zona de Descarga.
]]></es>
</description>	
    <multiplayer supported="true"/>

    <storeItems>
		<storeItem rootNode="placeable" xmlFilename="nl1622_2000.xml"/>
		<storeItem rootNode="placeable" xmlFilename="nl1622_6000.xml"/>
		<storeItem rootNode="placeable" xmlFilename="nl1622_16000.xml"/>
    </storeItems>

</modDesc>
