﻿<?xml version="1.0" encoding="utf-8" standalone="no"?>
<placeable type="silo" xmlns:xsi="http://www.w3.org/2001/XMLSchema-instance" xsi:noNamespaceSchemaLocation="https://validation.gdn.giants-software.com/xml/fs22/placeable.xsd">
    <storeData>
        <name>
            <en>Silo for Bulk</en>
            <de>Silo für Basisfutter</de>
        </name>
        <specs>
            <capacity>35000</capacity>
            <fillTypeCategories>bulk</fillTypeCategories>
        </specs>
        <functions>
            <function>$l10n_function_fillableSilo</function>
            <function>$l10n_function_farmSilo</function>
        </functions>
        <image>image/store_silo.png</image>
        <price>10000</price>
        <dailyUpkeep>10</dailyUpkeep>
        <lifetime>1000</lifetime>
        <rotation>0</rotation>
        <brand>NONE</brand>
        <species>placeable</species>
        <category>silos</category>
        <brush>
            <type>placeable</type>
            <category>buildings</category>
            <tab>silos</tab>
        </brush>
        <vertexBufferMemoryUsage>283136</vertexBufferMemoryUsage>
        <indexBufferMemoryUsage>49408</indexBufferMemoryUsage>
        <textureMemoryUsage>1572864</textureMemoryUsage>
        <audioMemoryUsage>0</audioMemoryUsage>
        <instanceVertexBufferMemoryUsage>0</instanceVertexBufferMemoryUsage>
        <instanceIndexBufferMemoryUsage>0</instanceIndexBufferMemoryUsage>
    </storeData>
    <base>
        <filename>filename/silo.i3d</filename>
        <canBeRenamed>true</canBeRenamed>
    </base>
    <placement useRandomYRotation="false" useManualYRotation="true">
        <testAreas>
            <testArea startNode="0>1|1" endNode="0>1|1|0"/>
        </testAreas>
    </placement>
    <clearAreas>
        <clearArea startNode="0>1|0" widthNode="0>1|0|0" heightNode="0>1|0|1"/>
    </clearAreas>
    <leveling requireLeveling="true" maxSmoothDistance="1" maxSlope="75" maxEdgeAngle="30">
        <levelAreas>
            <levelArea startNode="0>1|0" widthNode="0>1|0|0" heightNode="0>1|0|1"/>
        </levelAreas>
    </leveling>
    <indoorAreas/>
    <tipOcclusionUpdateAreas>
        <tipOcclusionUpdateArea startNode="0>1|0|0" endNode="0>1|0|1"/>
    </tipOcclusionUpdateAreas>
    <ai>
        <updateAreas>
            <updateArea startNode="0>1|0|0" endNode="0>1|0|1"/>
        </updateAreas>
    </ai>
    <infoTrigger triggerNode="0>4|4"/>
    <silo playerActionTrigger="0>4|5">
        <loadingStation node="0>4|1|0|0|0" supportsExtension="false">
            <loadTrigger triggerNode="0>4|1|0|0|0" aiNode="0>4|1|0|0|1" fillTypeCategories="bulk" fillLitersPerSecond="200">
                <effectNode effectClass="PipeEffect" effectNode="0>4|1|0|0|2|0" materialType="pipe" materialTypeId="1" fadeTime="0.5" maxBending="0" controlPoint="3.75 0 0 0"/>
                <effectNode effectNode="0>4|1|0|0|2|1" materialType="smoke" materialTypeId="1" fadeTime="0.5"/>
            </loadTrigger>
        </loadingStation>
        <unloadingStation supportsExtension="false">
            <unloadTrigger fillTypeCategories="bulk" aiNode="0>4|0|0|0|1" exactFillRootNode="0>4|0|0|0|0"/>
        </unloadingStation>
        <storages>
            <storage node="0>4|2" fillTypeCategories="bulk" capacity="35000" supportsMultipleFillTypes="false" isExtension="false"/>
        </storages>
    </silo>
    <hotspots>
        <hotspot type="LOADING" linkNode="0>4|3"/>
    </hotspots>
    <triggerMarkers>
        <triggerMarker node="0>4|6" filename="$data/shared/assets/marker/markerIcons.xml" id="LOAD"/>
        <triggerMarker node="0>4|7" filename="$data/shared/assets/marker/markerIcons.xml" id="UNLOAD"/>
        <triggerMarker node="0>4|5|0" filename="$data/shared/assets/marker/markerIcons.xml" id="WRENCH"/>
    </triggerMarkers>
</placeable>