﻿<?xml version="1.0" encoding="utf-8" standalone="no"?>
<vehicle type="baleWrapper" xmlns:xsi="http://www.w3.org/2001/XMLSchema-instance" xsi:noNamespaceSchemaLocation="https://validation.gdn.giants-software.com/xml/schema/vehicle.xsd">
    <annotation>Copyright (C) DD ModPassion, All Rights Reserved.</annotation>
    <storeData>
        <name>G1015</name>
        <image>data/pdlc_goeweilPack/vehicles/goeweil/g1015/texture.png</image>
        <brand>GOEWEIL</brand>
        <category>baleWrappers</category>
        <showInStore>false</showInStore>
    </storeData>
    <base>
        <filename>filename/foilWrapRoll.i3d</filename>
    </base>
    <fillUnit>
        <fillUnitConfigurations>
            <fillUnitConfiguration>
                <fillUnits>
                    <fillUnit unitTextOverride="$l10n_unit_mShort" fillTypeCategories="foilWrap" capacity="1500" canBeUnloaded="false" allowFoldingThreshold="3000"/>
                    <fillUnit unitTextOverride="$l10n_unit_mShort" fillTypeCategories="foilWrap" capacity="1500" canBeUnloaded="false" allowFoldingThreshold="3000" showOnHud="false" showOnInfoHud="false"/>
                </fillUnits>
            </fillUnitConfiguration>
        </fillUnitConfigurations>
    </fillUnit>
	<baleWrapper>
        <foilWrapAddon storage="fillUnit" configuration="1">
            <baseNode node="0>0" texture="data/pdlc_goeweilPack/vehicles/goeweil/g1015/texture.png"/>
            <baseNode node="0>0|2|0|1"/>
            <roll node="0>0|2|0|1" translation="0.003 0.368 -0.001" rotation="180 43 0" scale="0.915 0.965 0.915"/>
            <material node="0>2|1"/>
            <material node="0>2|2" editVisibility="false"/>
            <storage node="0>0|5|2" translation="0 0.015 0"/>
        </foilWrapAddon>
    </baleWrapper>
    <wearable showOnHud="false"/>
    <washable/>
</vehicle>