﻿<?xml version="1.0" encoding="utf-8" standalone="no" ?>
<modDesc descVersion="67">
    <author>TethysSaturn</author>
	
    <version>1.0.1.1</version>
	
    <title>
        <en>GL860 Multi Planter</en>
		<de>GL860 Multi Setzmaschine</de>
    </title>
    <description>
        <en>
		<![CDATA[GL860 Multi Planter

Sugar cane, poplars or potatoes can be planted/laid with this fictitious planter. To do this, the machine processes seeds, potatoes, poplar saplings or sugar cane.

Working width: 6m
Max. working speed: 12 kph
Fillvolume: 16.000l

Price: 129.500 $

Changelog:
v1.0.1.1    poplar added as seeds, added direct sowing functionality
v1.0.1.0    changed wording in description
v1.0.0.0    initial Modhub release
]]>
		</en>
		<de>
		<![CDATA[GL860 Multi-Setzmaschine

Mit dieser fiktiven Setzmaschine kann Zuckerrohr, Pappeln oder Kartoffeln gesteckt/gelegt werden. Dazu verarbeitet die Maschine Saatgut, Pappelsetzlinge, Kartoffeln bzw. Zuckerrohr.

Arbeitsbreite: 6m
Arbeitsgeschwindigkeit: 12 km/h
Füllvolumen: 16.000l

Preis: 129.500 €

Changelog:
v1.0.1.1    Pappeln als Saatmaterial hinzugefügt, Direktsaatfunktion hinzugefügt
v1.0.1.0    Beschreibung geändert
v1.0.0.0    Modhub Veröffentlichung
]]>
		</de>
    </description>

    <iconFilename>modIcon_GL860.dds</iconFilename>

    <multiplayer supported="true" />

    <storeItems>
		<storeItem xmlFilename="xml/gl860.xml"/>
	</storeItems>
	
	<l10n>
        <text name="function_gl860">
            <en>With this Planter sugarcane, poplar or potatoes can be planted</en>
            <de>Mit dieser Setzmaschine können Pappeln, Zuckerrohr oder Kartoffeln gepflanzt werden</de>
        </text>
	</l10n>

</modDesc>
