<?xml version="1.0" encoding="utf-8" standalone="no" ?>
<modDesc descVersion="69">
    <author>ZoddelZockt</author>
    <version>1.0.0.1</version>
    <title>
		<de>Kalk- Und Rübenschnitzelproduktion</de>
		<en>Lime And Beet Pulp Production</en>
		<fr>Production De Chaux Et De Pulpe De Betterave</fr>
    </title>
    <description>
<en><![CDATA[
Two different production plants offer the possibilities 1. to produce lime and rock powder from stone and 2. to produce beet pulp from beets.

Stonecrusher:
Construction cost: $10.000
Filling volume: 1.000.000 liters per filling type
Production rate: 1.000 stones = 500 lime + 500 rock powder
Cycles per hour: 10

Sugarbeetcrusher:
Construction cost: $10.000
Filling volume: 1.000.000 l per filling type
Production rate: 4.000 sugar beets = 2000 sugar beet pulp
Cycles per hour: 15

Changelog 1.0.0.1:
- Production rate changed
- Rock powder added
(Rock powder can be sold at wholesale from version 1.0.0.3)
]]></en>
<de><![CDATA[
Zwei verschiedene Produktionsanlagen bieten die Möglichkeiten 1. aus Stein Kalk und Steinmehl zu erstellen und 2. aus Rüben Rübenschnitzel.

Stonecrusher:
Baukosten: 10.000 €
Füllvolumen: 1.000.000 l pro Fülltyp
Produktionsrate: 1.000 Steine = 500 Kalk + 500 Steinmehl
Zyklen pro Stunde: 10

Sugarbeetcrusher:
Baukosten: 10.000 €
Füllvolumen: 1.000.000 l pro Fülltyp
Produktionsrate: 4.000 Zuckerrüben = 2000 Zückerrübenschnitzel
Zyklen pro Stunde: 15

Changelog 1.0.0.1:
- Produktionsrate geändert
- Steinmehl hinzugefügt
(Steinmehl kann ab Version 1.0.0.3 am Großhandel verkauft werden)
]]></de>
<fr><![CDATA[
Due installations de production différentes offrent la possibilité de produire 1. de la chaux et de la poudre de pierre à partir de la pierre et 2. de la pulpe de betterave à partir de la betterave.

Le broyeur de pierres :
Coût de construction : 10.000 €
Volume de remplissage : 1.000.000 l par type de remplissage
Taux de production : 1.000 pierres = 500 chaux + 500 farine de pierre
Cycles par heure : 10

Sugarbeetcrusher :
Coûts de construction : 10.000 €
Volume de remplissage : 1.000.000 l par type de remplissage
Taux de production : 4.000 betteraves à sucre = 2000 pulpes de betteraves à sucre
Cycles par heure : 15

Journal des changements 1.0.0.1:
- Taux de production modifié
- Ajout de la farine de roche
(La poudre de roche peut être vendue en gros à partir de la version 1.0.0.3)
]]></fr>
</description>
    <iconFilename>icon.dds</iconFilename>
    <multiplayer supported="true" />

    <storeItems>
        <storeItem xmlFilename="debrisCrusher.xml" />
		<storeItem xmlFilename="sugarbeetCrusher.xml" />
    </storeItems>
	
	<l10n>
		<text name="newfillType01">
		  <de>Steinmehl</de>
		  <en>Rock powder</en>
		  <fr>Poudre de roche</fr>
		</text>
	</l10n>
	
	<fillTypes filename="xml/newfilltypes.xml" />
</modDesc>
