﻿<?xml version="1.0" encoding="utf-8" standalone="no" ?>
<modDesc descVersion="79">
    <author>TrianglesTrouble</author>
    <version>1.2.0.0</version>
	<title>
        <en>Decorative Details Pack</en>
        <de>Dekodetails Pack</de>
    </title>
    <description>
<en><![CDATA[
These are objects taken from all of the basegame-maps and I´ve made them placeable.
The pack contains 66 different objects like shelves, trash, building materials, tools, rocks and more to let your farm look more realistic and detailed.
The prices start at $5 for small objects and go up to $1,300 for the big playground.

NOTICE: For the drainage pipe, adjust the terrain to the object before placing it down.

Changelog 1.1.0.0:
> Added 21 new items
> More realistic pricing
> Deactivated leveling for some objects
> Adjusted icon and description to changes

Changelog 1.2.0.0:
> Added "boughtWithFarmland"-tag to every object to solve selling issues in multiplayer
> Updated to current desc-version

Have fun!
]]></en>
<de><![CDATA[
Dies sind Objekte von allen drei Standardmaps, die ich platzierbar gemacht habe.
Das Pack enthält 66 verschiedene Dekoobjekte wie Regale, Schrottteile, Baumaterialien, Werkzeuge, Steine uvm., um eure Höfe realistischer und belebter aussehen zu lassen.
Die Preise reichen von 5 € für simple Dinge bis hin zu 1.300 € für den großen Spielplatz.

HINWEIS: Für das Entwässerungsrohr ist es sinnvoll, den Boden vor der Platzierung an das Objekt anzupassen.

Changelog 1.1.0.0:
> 21 neue Objekte hinzugefügt
> Realistischere Preise
> Bodenanpassung für manche Objekte ausgeschaltet
> Modicon und Beschreibung an die Änderungen angepasst

Changelog Version 1.2.0.0:
> "boughtWithFarmland"-Tag zu allen Objekten hinzugefügt um Verkaufsprobleme im Multiplayer zu lösen
> desc-Version aktualisiert

Viel Spaß!
]]></de>
    </description>
    <iconFilename>icon_DecorativeDetailsPack.dds</iconFilename>
	<multiplayer supported="true" />
    <storeItems>
        <storeItem xmlFilename="xmls/barrels.xml"/>
        <storeItem xmlFilename="xmls/campfire.xml"/>
        <storeItem xmlFilename="xmls/cargoContainer.xml"/>
        <storeItem xmlFilename="xmls/cartonBoxesStack.xml"/>
        <storeItem xmlFilename="xmls/cementBags.xml"/>
        <storeItem xmlFilename="xmls/concreteParts.xml"/>
        <storeItem xmlFilename="xmls/concretePavingStones.xml"/>
        <storeItem xmlFilename="xmls/concretePipesPile.xml"/>
        <storeItem xmlFilename="xmls/constructionWaste.xml"/>
        <storeItem xmlFilename="xmls/drainagePipe.xml"/>
        <storeItem xmlFilename="xmls/electricBox.xml"/>
        <storeItem xmlFilename="xmls/electricBoxLarge.xml"/>
        <storeItem xmlFilename="xmls/electricGenerator.xml"/>
        <storeItem xmlFilename="xmls/farmersSignEN.xml"/>
        <storeItem xmlFilename="xmls/farmersSignFR.xml"/>
        <storeItem xmlFilename="xmls/fireWoodStack.xml"/>
        <storeItem xmlFilename="xmls/fireWoodStack2.xml"/>
        <storeItem xmlFilename="xmls/gardenSwing.xml"/>
        <storeItem xmlFilename="xmls/gasCylinderCage.xml"/>
        <storeItem xmlFilename="xmls/grainSack.xml"/>
        <storeItem xmlFilename="xmls/grainSacksPallet.xml"/>
        <storeItem xmlFilename="xmls/hayFeeder.xml"/>
        <storeItem xmlFilename="xmls/ITRContainer.xml"/>
        <storeItem xmlFilename="xmls/ladder.xml"/>
        <storeItem xmlFilename="xmls/logPile.xml"/>
        <storeItem xmlFilename="xmls/manhole1.xml"/>
        <storeItem xmlFilename="xmls/manhole2.xml"/>
        <storeItem xmlFilename="xmls/metalBox.xml"/>
        <storeItem xmlFilename="xmls/metalRollerBox.xml"/>
        <storeItem xmlFilename="xmls/metalShelves.xml"/>
        <storeItem xmlFilename="xmls/metalTrash1.xml"/>
        <storeItem xmlFilename="xmls/metalTrash2.xml"/>
        <storeItem xmlFilename="xmls/metalTrash3.xml"/>
        <storeItem xmlFilename="xmls/metalTrash4.xml"/>
        <storeItem xmlFilename="xmls/oldEquipment.xml"/>
        <storeItem xmlFilename="xmls/palletStack.xml"/>
        <storeItem xmlFilename="xmls/palletTruckEmpty.xml"/>
        <storeItem xmlFilename="xmls/palletTruckPaintBuckets.xml"/>
        <storeItem xmlFilename="xmls/plasticBox.xml"/>
        <storeItem xmlFilename="xmls/plasticBoxStack.xml"/>
        <storeItem xmlFilename="xmls/playground.xml"/>
        <storeItem xmlFilename="xmls/playgroundLarge.xml"/>
        <storeItem xmlFilename="xmls/rock1.xml"/>
        <storeItem xmlFilename="xmls/rock2.xml"/>
        <storeItem xmlFilename="xmls/rock3.xml"/>
        <storeItem xmlFilename="xmls/saltBags.xml"/>
        <storeItem xmlFilename="xmls/sink.xml"/>
        <storeItem xmlFilename="xmls/tableSaw.xml"/>
        <storeItem xmlFilename="xmls/tire.xml"/>
        <storeItem xmlFilename="xmls/toilet.xml"/>
        <storeItem xmlFilename="xmls/toolTrailer.xml"/>
        <storeItem xmlFilename="xmls/transportBarrow.xml"/>
        <storeItem xmlFilename="xmls/transportFrameBlue.xml"/>
        <storeItem xmlFilename="xmls/transportFrameRed.xml"/>
        <storeItem xmlFilename="xmls/trashContainer.xml"/>
        <storeItem xmlFilename="xmls/wagonWheel.xml"/>
        <storeItem xmlFilename="xmls/waterTank.xml"/>
        <storeItem xmlFilename="xmls/wood1.xml"/>
        <storeItem xmlFilename="xmls/wood2.xml"/>
        <storeItem xmlFilename="xmls/woodenBench.xml"/>
        <storeItem xmlFilename="xmls/woodenBench2.xml"/>
        <storeItem xmlFilename="xmls/woodenBench3.xml"/>
        <storeItem xmlFilename="xmls/woodenBox.xml"/>
        <storeItem xmlFilename="xmls/woodenBoxHydraulicPress.xml"/>
        <storeItem xmlFilename="xmls/woodenShelf.xml"/>
        <storeItem xmlFilename="xmls/workbench.xml"/>
    </storeItems>
	
</modDesc>
