﻿<?xml version="1.0" encoding="utf-8" standalone="no" ?>
<modDesc descVersion="64">

    <author>FiB7</author>
    <version>1.0.0.1</version>

    aggiornamento costo ora
    aggiornamento capacita' 
    aggiornamento costo day 
    aggiornamento ciclo ora 


<title>
<en>Grass Dryer</en>
<de>Gras Trocknung</de>
</title>

    <description>
<en>
<![CDATA[The drying plant turns your grass into hay.

Price: €5,000
Maintenance: 1 €/day
Costs: 1 €/hour

Capacity:
- 500,000 Liters grass
- 2,000,000 Liters hay

Production: 20,000,000 litres /hour]]>
</en>
<de>
<![CDATA[Die Trocknungsanlage macht dein Gras zu Heu.

Preis: 5,000 €
Unterhalt: 1 €/Tag
Betriebskosten: 1 €/Stunde

Kapazität:
- 500.000 Liter Gras
- 2.000.000 Liter Heu

Produktion: 20,000,000 Liter/Stunde]]>
</de>
</description>

    <iconFilename>modIcon.dds</iconFilename>
    <multiplayer supported="true" />

    <storeItems>
        <storeItem xmlFilename="grass_Dryer.xml"/>
    </storeItems>

   <l10n>
<text name="shopItem_grassDryer">
<en>Grass Dryer</en>
<de>Gras Trocknungsanlage</de>
</text>
<text name="function_grassDryer">
<en>Grass is dried to hay</en>
<de>Gras wird zu Heu getrocknet</de>
</text>
</l10n>
</modDesc>
