<?xml version="1.0" encoding="utf-8" standalone="no" ?>
<vehicle type="cutter">

    <storeData>
        <name>CRX 6.00</name>
        <specs>
            <workingWidth>6.00</workingWidth>
        </specs>
        <functions>
            <function>$l10n_function_cutter</function>
        </functions>
        <image>store_Cressoni600.dds</image>
        <price>55000</price>
        <lifetime>600</lifetime>
        <rotation>0</rotation>
        <brand>CRESSONI</brand>
        <category>cutters</category>
        <vertexBufferMemoryUsage>8493824</vertexBufferMemoryUsage>
        <indexBufferMemoryUsage>1374976</indexBufferMemoryUsage>
        <textureMemoryUsage>4259840</textureMemoryUsage>
        <audioMemoryUsage>0</audioMemoryUsage>
        <instanceVertexBufferMemoryUsage>0</instanceVertexBufferMemoryUsage>
        <instanceIndexBufferMemoryUsage>0</instanceIndexBufferMemoryUsage>
	</storeData>
    <base>
        <typeDesc>$l10n_typeDesc_cutter</typeDesc>
        <filename>i3d/CressoniCRX600.i3d</filename>
        <size width="6" length="3"/>
        <speedLimit value="10"/>
        <components>
            <component centerOfMass="0 0 0.5" solverIterationCount="10" mass="2450"/>
            <component centerOfMass="-0.5 0 0.2" solverIterationCount="10" mass="380"/>
            <component centerOfMass="0.5 0 0.2" solverIterationCount="10" mass="380"/>
            <joint component1="1" component2="2" node="rightArmJoint" rotLimit="2 0 0" transLimit="0 0 0" />
            <joint component1="1" component2="3" node="leftArmJoint" rotLimit="2 0 0" transLimit="0 0 0" />
		</components>
        <schemaOverlay attacherJointPosition="0 0" name="COMBINE_HEADER" />
        <mapHotspot type="CUTTER" />
    </base>
	
    <wheels>
        <wheelConfigurations>
            <wheelConfiguration name="$l10n_configuration_valueDefault" price="0" brand="BKT" saveId="BKT_DEFAULT">
                <wheels>
                    <wheel hasTireTracks="false" hasParticles="true" >
                        <physics tipOcclusionAreaGroupId="1" restLoad="0.2" repr="ruota1" mass="0.16" width="0.2" radius="0.275" forcePointRatio="0.5" initialCompression="10" suspTravel="1" spring="10" damper="1" rotationDamping="0.003" brakeFactor="1" frictionScale="0.5" isSynchronized="false"/>
                    </wheel>
                    <wheel hasTireTracks="false" hasParticles="true" >
                        <physics tipOcclusionAreaGroupId="1" restLoad="0.2" repr="ruota2" mass="0.16" width="0.2" radius="0.275" forcePointRatio="0.5" initialCompression="10" suspTravel="1" spring="10" damper="1" rotationDamping="0.003" brakeFactor="1" frictionScale="0.5" isSynchronized="false"/>
                    </wheel>
                </wheels>
            </wheelConfiguration>
        </wheelConfigurations>
    </wheels>
	
    <attachable>
		<inputAttacherJointConfigurations>
            <inputAttacherJointConfiguration name="New Holland CH/CR" price="0">
				<inputAttacherJoint node="attacherJoint1" jointType="cutter" forceSelectionOnAttach="false" >
                <heightNode node="heightNode01" />
                <heightNode node="heightNode02" />
                <heightNode node="heightNode03" />
                <distanceToGround lower="0.50" upper="1.15"/>
				</inputAttacherJoint>
			    <objectChange node="attaccoNH" visibilityActive="true"/>
		        <objectChange node="attaccoRostelmash" visibilityActive="false"/>
			    <objectChange node="attaccoideal" visibilityActive="false"/>
		        <objectChange node="attaccoclaas" visibilityActive="false"/>
            </inputAttacherJointConfiguration>
            <inputAttacherJointConfiguration name="John Deere T560" price="0">
				<inputAttacherJoint node="attacherJoint2" jointType="cutter" forceSelectionOnAttach="false" >
                <heightNode node="heightNode01" />
                <heightNode node="heightNode02" />
                <heightNode node="heightNode03" />
                <distanceToGround lower="0.15" upper="1.15"/>
				</inputAttacherJoint>
			    <objectChange node="attaccoNH" visibilityActive="false"/>
		        <objectChange node="attaccoRostelmash" visibilityActive="false"/>
			    <objectChange node="attaccoideal" visibilityActive="false"/>
		        <objectChange node="attaccoclaas" visibilityActive="false"/>
            </inputAttacherJointConfiguration>
            <inputAttacherJointConfiguration name="Claas Lexion" price="0">
				<inputAttacherJoint node="attacherJoint3" jointType="cutter" forceSelectionOnAttach="false" >
                <heightNode node="heightNode01" />
                <heightNode node="heightNode02" />
                <heightNode node="heightNode03" />
                <distanceToGround lower="0.35" upper="1.15"/>
				</inputAttacherJoint>
			    <objectChange node="attaccoNH" visibilityActive="false"/>
		        <objectChange node="attaccoRostelmash" visibilityActive="false"/>
			    <objectChange node="attaccoideal" visibilityActive="false"/>
		        <objectChange node="attaccoclaas" visibilityActive="true"/>
            </inputAttacherJointConfiguration>
            <inputAttacherJointConfiguration name="Claas Trion" price="0">
				<inputAttacherJoint node="attacherJoint4" jointType="cutter" forceSelectionOnAttach="false" >
                <heightNode node="heightNode01" />
                <heightNode node="heightNode02" />
                <heightNode node="heightNode03" />
                <distanceToGround lower="0.35" upper="0.85"/>
				</inputAttacherJoint>
			    <objectChange node="attaccoNH" visibilityActive="false"/>
		        <objectChange node="attaccoRostelmash" visibilityActive="false"/>
			    <objectChange node="attaccoideal" visibilityActive="false"/>
		        <objectChange node="attaccoclaas" visibilityActive="true"/>
            </inputAttacherJointConfiguration>
            <inputAttacherJointConfiguration name="Case IH Axial-Flow" price="0">
				<inputAttacherJoint node="attacherJoint5" jointType="cutter" forceSelectionOnAttach="false" >
                <heightNode node="heightNode01" />
                <heightNode node="heightNode02" />
                <heightNode node="heightNode03" />
                <distanceToGround lower="0.35" upper="1.15"/>
				</inputAttacherJoint>
			    <objectChange node="attaccoNH" visibilityActive="true"/>
		        <objectChange node="attaccoRostelmash" visibilityActive="false"/>
			    <objectChange node="attaccoideal" visibilityActive="false"/>
		        <objectChange node="attaccoclaas" visibilityActive="false"/>
            </inputAttacherJointConfiguration>
            <inputAttacherJointConfiguration name="Fendt/MF Ideal" price="0">
				<inputAttacherJoint node="attacherJoint6" jointType="cutter" forceSelectionOnAttach="false" >
                <heightNode node="heightNode01" />
                <heightNode node="heightNode02" />
                <heightNode node="heightNode03" />
                <distanceToGround lower="0.55" upper="1.45"/>
				</inputAttacherJoint>
			    <objectChange node="attaccoNH" visibilityActive="false"/>
		        <objectChange node="attaccoRostelmash" visibilityActive="false"/>
			    <objectChange node="attaccoideal" visibilityActive="true"/>
		        <objectChange node="attaccoclaas" visibilityActive="false"/>
            </inputAttacherJointConfiguration>
        </inputAttacherJointConfigurations>
		<brakeForce force="10.2" maxForce="30.2" maxForceMass="46000"/>
    </attachable>
	
	<lights>
        <sharedLight linkNode="lightDX1"  filename="$data/shared/assets/lights/lizard/frontLight07_left.xml" />
        <sharedLight linkNode="lightSX1"  filename="$data/shared/assets/lights/lizard/frontLight07_right.xml" />	
        <realLights>
            <high>
                <light node="backLightsHigh1" lightTypes="0"/>
                <turnLightLeft node="turnLightRightBack"/>
                <turnLightRight node="turnLightLeftBack"/>
                <light node="backLightsHigh2" lightTypes="0"/>
            </high>
        </realLights>
    </lights>
	
    <powerTakeOffs>
        <input inputAttacherJointIndices="1" inputNode="pto" aboveAttacher="true" ptoName="RIGHT_PTO"/>
    </powerTakeOffs>
	
    <connectionHoses>
        <hose inputAttacherJointIndices="1" type="hydraulicIn"  node="connector1"  length="0.8" diameter="0.016" straighteningFactor="0.3" >
        </hose>
        <hose inputAttacherJointIndices="1" type="hydraulicOut" node="connector2" length="0.8" diameter="0.016" straighteningFactor="0.3" >
        </hose>
        <hose inputAttacherJointIndices="1" type="hydraulicIn" node="connector3" length="0.8" diameter="0.016" straighteningFactor="0.3" >
        </hose>
        <hose inputAttacherJointIndices="1" type="hydraulicOut" node="connector4" length="0.8" diameter="0.016" straighteningFactor="0.3">
        </hose>
    </connectionHoses>
	
	<groundReferenceNodes>
        <groundReferenceNode node="groundReferenceNode" threshold="0.5" />
    </groundReferenceNodes>
	
    <powerConsumer ptoRpm="540" neededMaxPtoPower="100"/>
	
    <workAreas>
        <workArea type="cutter" functionName="processCutterArea" disableBackwards="true" >
            <area startNode="workAreaStart" widthNode="workAreaWidth" heightNode="workAreaHeight" />
            <groundReferenceNode index="1" />
            <testAreas autoGenerate="true" zOffset="0.5" xOffset="0" length="0.6" numAreas="8" areaWidthScale="0.25"/>
        </workArea>
    </workAreas>
	
    <foldable>
        <foldingConfigurations>
            <foldingConfiguration>
                <foldingParts startMoveDirection="1" turnOnFoldMaxLimit="0.1" turnOnFoldMinLimit="0" loadMovingToolStatesMaxLimit="-1" loadMovingToolStatesMinLimit="-1">
                    <foldingPart animationName="folding" speedScale="1" />
                </foldingParts>
            </foldingConfiguration>
            <foldingConfiguration>
                <foldingParts startMoveDirection="1" turnOnFoldMaxLimit="0.1" turnOnFoldMinLimit="0" loadMovingToolStatesMaxLimit="-1" loadMovingToolStatesMinLimit="-1">
                    <foldingPart animationName="foldingJD" speedScale="1" />
                </foldingParts>
            </foldingConfiguration>
        </foldingConfigurations>
    </foldable>
	
    <animations>
 		<animation name="foldingJD">
            <part componentJointIndex="1" startTime="0" endTime="23" startRotLimit="4 0 0" endRotLimit="1 0 0"/>
            <part componentJointIndex="2" startTime="0" endTime="23" startRotLimit="4 0 0" endRotLimit="1 0 0"/>
			<part node="tuboAspoSX6" startTime="0" endTime="4" endRot="0 0 0" direction="1" tangentType="spline" />
			<part node="tuboAspoDX6" startTime="0" endTime="4" endRot="0 0 0" direction="1" tangentType="spline" />
			<part node="puntaDX" startTime="0" endTime="1" startRot="0 0 90" endRot="0 0 0" tangentType="spline" />
			<part node="puntaSX" startTime="0" endTime="1.5" startRot="0 0 -90" endRot="0 0 0" tangentType="spline" />
			<part node="cressoniRight6mt" startTime="0.5" endTime="8" startRot="0 0 0" endRot="0 0 90" tangentType="spline" />
			<part node="braccioCressoni2" startTime="0.5" endTime="8" startRot="0 0 0" endRot="0 0 90" tangentType="spline" />
			<part node="braccioCressoni1" startTime="0.5" endTime="8" startRot="0 0 0" endRot="0 0 90" tangentType="spline" />
			<part node="cressoniLeft6mt" startTime="9" endTime="16" startTrans="0 0 0" endTrans="-1.5 0 0" tangentType="spline"/>
			<part node="cressoniRight6mt" startTime="17" endTime="23" startRot="0 0 90" endRot="0 0 179.999" tangentType="spline" />
			<part node="braccioCressoni2" startTime="17" endTime="23" startRot="0 0 90" endRot="0 0 179.999" tangentType="spline" />
			<part node="braccioCressoni1" startTime="17" endTime="23" startRot="0 0 90" endRot="0 0 179.999" tangentType="spline" />
			<part node="gancioBloccaggioInf" startTime="0" endTime="1" startRot="0 0 0" endRot="0 -35 0" tangentType="spline" />
			<part node="gancioBloccaggioInf" startTime="4" endTime="8" startRot="0 -35 0" endRot="0 0 0" tangentType="spline" />
            <part node="cableTray" startTime="9" endTime="16" shaderParameter="lengthAndRadius" shaderStartValues="1.74 0.1 0 0" shaderEndValues="0.99 0.1 0 0" tangentType="spline"/>
			
	        <sound template="hydraulicLayerTone" startTime="0.5" endTime="8" direction="1"   volumeScale="2"   pitchScale="0.8" fadeIn="0.1" fadeOut="0.2"/>
	        <sound template="hydraulicLayerTone" startTime="0.5" endTime="8" direction="-1"   volumeScale="2"   pitchScale="0.8" fadeIn="0.1" fadeOut="0.2"/>
	        <sound template="hydraulicLayerTone" startTime="9" endTime="16" direction="1"   volumeScale="2"   pitchScale="0.8" fadeIn="0.1" fadeOut="0.2"/>
	        <sound template="hydraulicLayerTone" startTime="9" endTime="16" direction="-1"   volumeScale="2"   pitchScale="0.8" fadeIn="0.1" fadeOut="0.2"/>
	        <sound template="hydraulicLayerTone" startTime="17" endTime="23" direction="1"   volumeScale="2"   pitchScale="0.8" fadeIn="0.1" fadeOut="0.2"/>
	        <sound template="hydraulicLayerTone" startTime="17" endTime="23" direction="-1"   volumeScale="2"   pitchScale="0.8" fadeIn="0.1" fadeOut="0.2"/>
			<sound template="clackVar4"          startTime="0" direction="1"  volumeScale="4"   pitchScale="0.8" />
            <sound template="clackVar4"          startTime="1" direction="-1"  volumeScale="4"   pitchScale="0.8" />	
			<sound template="clackVar4"          startTime="0.5" direction="1"  volumeScale="4"   pitchScale="0.8" />
            <sound template="clackVar4"          startTime="0.5" direction="-1"  volumeScale="4"   pitchScale="0.8" />	
			<sound template="clackVar4"          startTime="8" direction="1"  volumeScale="4"   pitchScale="0.8" />
            <sound template="clackVar4"          startTime="8" direction="-1"  volumeScale="4"   pitchScale="0.8" />
			<sound template="clackVar4"          startTime="9" direction="1"  volumeScale="4"   pitchScale="0.8" />
            <sound template="clackVar4"          startTime="9" direction="-1"  volumeScale="4"   pitchScale="0.8" />	
			<sound template="clackVar4"          startTime="16" direction="1"  volumeScale="4"   pitchScale="0.8" />
            <sound template="clackVar4"          startTime="16" direction="-1"  volumeScale="4"   pitchScale="0.8" />	
			<sound template="clackVar4"          startTime="17" direction="1"  volumeScale="4"   pitchScale="0.8" />
            <sound template="clackVar4"          startTime="17" direction="-1"  volumeScale="4"   pitchScale="0.8" />	
			<sound template="clackVar4"          startTime="23" direction="1"  volumeScale="4"   pitchScale="0.8" />
            <sound template="clackVar4"          startTime="23" direction="-1"  volumeScale="4"   pitchScale="0.8" />
            <sound template="cylinderPunch"          startTime="8" direction="1"  volumeScale="1.5"   pitchScale="0.8" />
			<sound template="cylinderPunch"          startTime="16" direction="1"  volumeScale="1.5"   pitchScale="0.8" />	
            <sound template="cylinderPunch"          startTime="23" direction="1"  volumeScale="1.5"   pitchScale="0.8" />		
            <sound template="cylinderPunch"          startTime="0.5" direction="-1"  volumeScale="1.5"   pitchScale="0.8" />
			<sound template="cylinderPunch"          startTime="9" direction="-1"  volumeScale="1.5"   pitchScale="0.8" />	
            <sound template="cylinderPunch"          startTime="17" direction="-1"  volumeScale="1.5"   pitchScale="0.8" />							
		</animation>
 		<animation name="folding">
            <part componentJointIndex="1" startTime="0" endTime="23" startRotLimit="4 0 0" endRotLimit="1 0 0"/>
            <part componentJointIndex="2" startTime="0" endTime="23" startRotLimit="4 0 0" endRotLimit="1 0 0"/>
			<part node="tuboAspoSX6" startTime="0" endTime="4" endRot="0 0 0" direction="1" tangentType="spline" />
			<part node="tuboAspoDX6" startTime="0" endTime="4" endRot="0 0 0" direction="1" tangentType="spline" />
			<part node="puntaDX" startTime="0" endTime="1" startRot="0 0 90" endRot="0 0 0" tangentType="spline" />
			<part node="puntaSX" startTime="0" endTime="1.5" startRot="0 0 -90" endRot="0 0 0" tangentType="spline" />
			<part node="cressoniRight6mt" startTime="0.5" endTime="8" startRot="0 0 0" endRot="0 0 90" tangentType="spline" />
			<part node="braccioCressoni2" startTime="0.5" endTime="8" startRot="0 0 0" endRot="0 0 90" tangentType="spline" />
			<part node="braccioCressoni1" startTime="0.5" endTime="8" startRot="0 0 0" endRot="0 0 90" tangentType="spline" />
			<part node="cressoniLeft6mt" startTime="9" endTime="16" startTrans="0 0 0" endTrans="-1.5 0 0" tangentType="spline"/>
			<part node="cressoniRight6mt" startTime="17" endTime="23" startRot="0 0 90" endRot="0 0 179.999" tangentType="spline" />
			<part node="braccioCressoni2" startTime="17" endTime="23" startRot="0 0 90" endRot="0 0 179.999" tangentType="spline" />
			<part node="braccioCressoni1" startTime="17" endTime="23" startRot="0 0 90" endRot="0 0 179.999" tangentType="spline" />
			<part node="gancioBloccaggioInf" startTime="0" endTime="1" startRot="0 0 0" endRot="0 -35 0" tangentType="spline" />
			<part node="gancioBloccaggioInf" startTime="4" endTime="8" startRot="0 -35 0" endRot="0 0 0" tangentType="spline" />
            <part node="cableTray" startTime="9" endTime="16" shaderParameter="lengthAndRadius" shaderStartValues="1.74 0.1 0 0" shaderEndValues="0.99 0.1 0 0" tangentType="spline"/>
			
	        <sound template="hydraulicLayerTone" startTime="0.5" endTime="8" direction="1"   volumeScale="2"   pitchScale="0.8" fadeIn="0.1" fadeOut="0.2"/>
	        <sound template="hydraulicLayerTone" startTime="0.5" endTime="8" direction="-1"   volumeScale="2"   pitchScale="0.8" fadeIn="0.1" fadeOut="0.2"/>
	        <sound template="hydraulicLayerTone" startTime="9" endTime="16" direction="1"   volumeScale="2"   pitchScale="0.8" fadeIn="0.1" fadeOut="0.2"/>
	        <sound template="hydraulicLayerTone" startTime="9" endTime="16" direction="-1"   volumeScale="2"   pitchScale="0.8" fadeIn="0.1" fadeOut="0.2"/>
	        <sound template="hydraulicLayerTone" startTime="17" endTime="23" direction="1"   volumeScale="2"   pitchScale="0.8" fadeIn="0.1" fadeOut="0.2"/>
	        <sound template="hydraulicLayerTone" startTime="17" endTime="23" direction="-1"   volumeScale="2"   pitchScale="0.8" fadeIn="0.1" fadeOut="0.2"/>
			<sound template="clackVar4"          startTime="0" direction="1"  volumeScale="4"   pitchScale="0.8" />
            <sound template="clackVar4"          startTime="1" direction="-1"  volumeScale="4"   pitchScale="0.8" />	
			<sound template="clackVar4"          startTime="0.5" direction="1"  volumeScale="4"   pitchScale="0.8" />
            <sound template="clackVar4"          startTime="0.5" direction="-1"  volumeScale="4"   pitchScale="0.8" />	
			<sound template="clackVar4"          startTime="8" direction="1"  volumeScale="4"   pitchScale="0.8" />
            <sound template="clackVar4"          startTime="8" direction="-1"  volumeScale="4"   pitchScale="0.8" />
			<sound template="clackVar4"          startTime="9" direction="1"  volumeScale="4"   pitchScale="0.8" />
            <sound template="clackVar4"          startTime="9" direction="-1"  volumeScale="4"   pitchScale="0.8" />	
			<sound template="clackVar4"          startTime="16" direction="1"  volumeScale="4"   pitchScale="0.8" />
            <sound template="clackVar4"          startTime="16" direction="-1"  volumeScale="4"   pitchScale="0.8" />	
			<sound template="clackVar4"          startTime="17" direction="1"  volumeScale="4"   pitchScale="0.8" />
            <sound template="clackVar4"          startTime="17" direction="-1"  volumeScale="4"   pitchScale="0.8" />	
			<sound template="clackVar4"          startTime="23" direction="1"  volumeScale="4"   pitchScale="0.8" />
            <sound template="clackVar4"          startTime="23" direction="-1"  volumeScale="4"   pitchScale="0.8" />
            <sound template="cylinderPunch"          startTime="8" direction="1"  volumeScale="1.5"   pitchScale="0.8" />
			<sound template="cylinderPunch"          startTime="16" direction="1"  volumeScale="1.5"   pitchScale="0.8" />	
            <sound template="cylinderPunch"          startTime="23" direction="1"  volumeScale="1.5"   pitchScale="0.8" />		
            <sound template="cylinderPunch"          startTime="0.5" direction="-1"  volumeScale="1.5"   pitchScale="0.8" />
			<sound template="cylinderPunch"          startTime="9" direction="-1"  volumeScale="1.5"   pitchScale="0.8" />	
            <sound template="cylinderPunch"          startTime="17" direction="-1"  volumeScale="1.5"   pitchScale="0.8" />								
		</animation>
		<animation name="AspoUpDown">
			<part node="tuboAspoSX6" startTime="0" endTime="6" startRot="0 0 0" endRot="-25 0 0" tangentType="spline" />
			<part node="tuboAspoDX6" startTime="0" endTime="6" startRot="0 0 0" endRot="-25 0 0" tangentType="spline" />
			<part node="braccioCarterSX" startTime="0" endTime="6" startRot="0 0 0" endRot="0 25 0" tangentType="spline" />
			<part node="braccioCarterDX" startTime="0" endTime="6" startRot="0 0 0" endRot="0 25 0" tangentType="spline" />
			
	        <sound template="hydraulicLayerTone" startTime="0.1" endTime="6" direction="1"   volumeScale="2"   pitchScale="0.8" fadeIn="0.1" fadeOut="0.2"/>
	        <sound template="hydraulicLayerTone" startTime="0.1" endTime="6" direction="-1"   volumeScale="2"   pitchScale="0.8" fadeIn="0.1" fadeOut="0.2"/>
            <sound template="clackVar4"          startTime="0.1" direction="-1"  volumeScale="1.5"   pitchScale="0.8" />		
            <sound template="clackVar4"          startTime="6" direction="1"  volumeScale="1.5"   pitchScale="0.8" />
		</animation> 
		<animation name="knifeAnimation" looping="true">
			<part node="lamaDX6mt" startTime="0" endTime="1" startTrans="-1.53 0.104 0.351" endTrans="-1.472 0.104 0.351"/>
			<part node="lamaDX6mt" startTime="1" endTime="2" startTrans="-1.472 0.104 0.351" endTrans="-1.53 0.104 0.351"/>
			<part node="lamaSX6mt" startTime="0" endTime="1" startTrans="1.514 0.104 0.35" endTrans="1.472 0.104 0.35"/>
			<part node="lamaSX6mt" startTime="1" endTime="2" startTrans="1.472 0.104 0.35" endTrans="1.514 0.104 0.35"/>
			<part node="AzionamentoLamaDX" startTime="0" endTime="1" startRot="0 0 -8" endRot="0 0 0"/>
			<part node="AzionamentoLamaDX" startTime="1" endTime="2" startRot="0 0 0" endRot="0 0 -8"/>
			<part node="AzionamentoLamaSX" startTime="0" endTime="1" startRot="0 0 0" endRot="0 0 -8"/>
			<part node="AzionamentoLamaSX" startTime="1" endTime="2" startRot="0 0 -8" endRot="0 0 0"/>
		</animation> 
		<animation name="braccioAvantiIndietro">
			<part node="motoreAspoSX" startTime="0" endTime="6" startTrans="0 0 0" endTrans="0 0 0.3" tangentType="spline"/>
			<part node="motoreAspoDX" startTime="0" endTime="6" startTrans="0 0 0" endTrans="0 0 0.3" tangentType="spline"/>
			
	        <sound template="hydraulicLayerTone" startTime="0.1" endTime="6" direction="1"   volumeScale="2"   pitchScale="0.8" fadeIn="0.1" fadeOut="0.2"/>
	        <sound template="hydraulicLayerTone" startTime="0.1" endTime="6" direction="-1"   volumeScale="2"   pitchScale="0.8" fadeIn="0.1" fadeOut="0.2"/>
            <sound template="clackVar4"          startTime="0.1" direction="-1"  volumeScale="1.5"   pitchScale="0.8" />		
            <sound template="clackVar4"          startTime="6" direction="1"  volumeScale="1.5"   pitchScale="0.8" />
		</animation> 
	</animations>

   <cylindered loadMovingToolStatesAfterFolding="true" loadMovingToolStatesFoldTime="0">
        <movingTools>
			<movingTool node="tuboAspoSX6" playSound="true" foldMinLimit="0" foldMaxLimit="0.01">
                <controls axis="AXIS_CUTTER_REEL" invertAxis="false" mouseSpeedFactor="0.9" iconName="REEL_TRANSLATE_X"/>
                <animation animSpeed="0.5" animAcceleration="1" animName="AspoUpDown" animStartTime="0" />
				<dependentMovingTool node="tuboAspoDX6" speedScale="1"/>
                <dependentPart node="pistoneMeccSX"/>
			</movingTool>
			<movingTool node="motoreAspoSX"  playSound="true" foldMinLimit="0" foldMaxLimit="0.01">
                <controls axis="AXIS_CUTTER_REEL2" invertAxis="true" mouseSpeedFactor="0.9" iconName="REEL_TRANSLATE_Y" />
                <animation animSpeed="0.5" animAcceleration="1" animName="braccioAvantiIndietro" animStartTime="0" />
				<dependentMovingTool node="motoreAspoDX" speedScale="1"/>
                <dependentPart node="pistone2SX"/>
                <dependentPart node="pistoneIntSX"/>
            </movingTool>		
            <movingTool node="leftArmJoint" playSound="true">
                <dependentPart node="PuntaMobileSX" />
                <componentJoint index="2" anchorActor="0" />
            </movingTool>
            <movingTool node="rightArmJoint" playSound="true">
                <dependentPart node="PuntaMobileDX" />
                <componentJoint index="1" anchorActor="0" />
            </movingTool>
			<movingTool node="tuboAspoDX6">
                <dependentPart node="pistoneMeccDX"/>
            </movingTool>
			<movingTool node="motoreAspoDX">
                <dependentPart node="pistone2DX"/>
                <dependentPart node="pistoneIntDX"/>
            </movingTool>
			<movingTool node="aspo6mtSX">
                <dependentPart node="dentiAspo1SX"/>
                <dependentPart node="dentiAspo2SX"/>
                <dependentPart node="dentiAspo3SX"/>
                <dependentPart node="dentiAspo4SX"/>
                <dependentPart node="dentiAspo5SX"/>
                <dependentPart node="listello1SX6"/>
                <dependentPart node="listello2SX6"/>
                <dependentPart node="listello3SX6"/>
                <dependentPart node="listello4SX6"/>
                <dependentPart node="listello5SX6"/>
            </movingTool>
			<movingTool node="aspo6mtDX">
                <dependentPart node="dentiAspo1DX"/>
                <dependentPart node="dentiAspo2DX"/>
                <dependentPart node="dentiAspo3DX"/>
                <dependentPart node="dentiAspo4DX"/>
                <dependentPart node="dentiAspo5DX"/>
                <dependentPart node="listello1DX6"/>
                <dependentPart node="listello2DX6"/>
                <dependentPart node="listello3DX6"/>
                <dependentPart node="listello4DX6"/>
                <dependentPart node="listello5DX6"/>
            </movingTool>
			<movingTool node="cressoniRight6mt">
                <dependentPart node="rightArmJoint" />
            </movingTool>
			<movingTool node="cressoniLeft6mt">
                <dependentPart node="leftArmJoint" />
            </movingTool>
			<movingTool node="braccioCarterSX">
                <dependentPart node="frame1SX"/>
                <dependentPart node="pistone1SX"/>
            </movingTool>
			<movingTool node="braccioCarterDX">
                <dependentPart node="frame1DX"/>
                <dependentPart node="pistone1DX"/>
            </movingTool>
			<movingTool node="gancioBloccaggioInf">
                <dependentPart node="pistoneGancio"/>
            </movingTool>
			<movingTool node="PuntaMobileSX">
                <dependentPart node="StrutturaMollaSX" />
            </movingTool>
			<movingTool node="PuntaMobileDX">
                <dependentPart node="StrutturaMollaDX" />
            </movingTool>
			<movingTool node="StrutturaMollaSX">
                <dependentPart node="MollaPuntamobileSX" />
            </movingTool>
			<movingTool node="StrutturaMollaDX">
                <dependentPart node="MollaPuntamobileDX" />
            </movingTool>
		</movingTools>
		
        <movingParts>
			<movingPart node="dentiAspo1DX" referenceFrame="0>"/>
            <movingPart node="dentiAspo2DX" referenceFrame="0>"/>
            <movingPart node="dentiAspo3DX" referenceFrame="0>"/>
            <movingPart node="dentiAspo4DX" referenceFrame="0>"/>
            <movingPart node="dentiAspo5DX" referenceFrame="0>"/>
			<movingPart node="dentiAspo1SX" referenceFrame="0>"/>
            <movingPart node="dentiAspo2SX" referenceFrame="0>"/>
            <movingPart node="dentiAspo3SX" referenceFrame="0>"/>
            <movingPart node="dentiAspo4SX" referenceFrame="0>"/>
            <movingPart node="dentiAspo5SX" referenceFrame="0>"/>
			<movingPart node="pistoneMeccSX" referencePoint="pistoneMeccSXref" referenceFrame="pistoneMeccSXref">
			<translatingPart node="steloMeccSX"/>
			</movingPart>
			<movingPart node="pistone2SX" referencePoint="pistone2SXref" referenceFrame="pistone2SXref">
			<translatingPart node="stelo2SX"/>
			</movingPart>
			<movingPart node="pistoneIntSX" referencePoint="pistoneIntSXref" referenceFrame="pistoneIntSXref">
			<translatingPart node="steloIntSX"/>
			</movingPart>
			<movingPart node="pistoneMeccDX" referencePoint="pistoneMeccDXref" referenceFrame="pistoneMeccDXref">
			<translatingPart node="steloMeccDX"/>
			</movingPart>
			<movingPart node="pistone2DX" referencePoint="pistone2DXref" referenceFrame="pistone2DXref">
			<translatingPart node="stelo2DX"/>
			</movingPart>
			<movingPart node="pistoneIntDX" referencePoint="pistoneIntDXref" referenceFrame="pistoneIntDXref">
			<translatingPart node="steloIntDX"/>
			</movingPart>
			<movingPart node="pistone1SX" referencePoint="pistone1SXref" referenceFrame="pistone1SXref">
			<translatingPart node="stelo1SX"/>
			</movingPart>
			<movingPart node="pistone1DX" referencePoint="pistone1DXref" referenceFrame="pistone1DXref">
			<translatingPart node="stelo1DX"/>
			</movingPart>
			<movingPart node="pistoneGancio" referencePoint="pistoneGancioRef" referenceFrame="pistoneGancioRef">
			<translatingPart node="steloGancio"/>
			</movingPart>
            <movingPart node="frame1SX" referencePoint="frame1SXref" referenceFrame="frame1SXref" isActiveDirty="true" maxUpdateDistance="350" scaleZ="true" />
	        <movingPart node="frame1DX" referencePoint="frame1DXref" referenceFrame="frame1DXref" isActiveDirty="true" maxUpdateDistance="350" scaleZ="true" />
            <movingPart node="listello1SX6" referencePoint="listello1SXref" referenceFrame="listello1SXref" isActiveDirty="true" maxUpdateDistance="350" scaleZ="true" />
            <movingPart node="listello2SX6" referencePoint="listello2SXref" referenceFrame="listello2SXref" isActiveDirty="true" maxUpdateDistance="350" scaleZ="true" />
            <movingPart node="listello3SX6" referencePoint="listello3SXref" referenceFrame="listello3SXref" isActiveDirty="true" maxUpdateDistance="350" scaleZ="true" />
            <movingPart node="listello4SX6" referencePoint="listello4SXref" referenceFrame="listello4SXref" isActiveDirty="true" maxUpdateDistance="350" scaleZ="true" />
            <movingPart node="listello5SX6" referencePoint="listello5SXref" referenceFrame="listello5SXref" isActiveDirty="true" maxUpdateDistance="350" scaleZ="true" />
            <movingPart node="listello1DX6" referencePoint="listello1DXref" referenceFrame="listello1DXref" isActiveDirty="true" maxUpdateDistance="350" scaleZ="true" />
            <movingPart node="listello2DX6" referencePoint="listello2DXref" referenceFrame="listello2DXref" isActiveDirty="true" maxUpdateDistance="350" scaleZ="true" />
            <movingPart node="listello3DX6" referencePoint="listello3DXref" referenceFrame="listello3DXref" isActiveDirty="true" maxUpdateDistance="350" scaleZ="true" />
            <movingPart node="listello4DX6" referencePoint="listello4DXref" referenceFrame="listello4DXref" isActiveDirty="true" maxUpdateDistance="350" scaleZ="true" />
            <movingPart node="listello5DX6" referencePoint="listello5DXref" referenceFrame="listello5DXref" isActiveDirty="true" maxUpdateDistance="350" scaleZ="true" />
            <movingPart node="MollaPuntamobileSX" referencePoint="refMollaSX" referenceFrame="refMollaSX" isActiveDirty="true" maxUpdateDistance="350" scaleZ="true" />
            <movingPart node="MollaPuntamobileDX" referencePoint="refMollaDX" referenceFrame="refMollaDX" isActiveDirty="true" maxUpdateDistance="350" scaleZ="true" />
			<movingPart node="StrutturaMollaDX" referencePoint="refSupportoMollaDX" referenceFrame="refSupportoMollaDX">
			<translatingPart node="SupportoMollaDX"/>
			</movingPart>
			<movingPart node="StrutturaMollaSX" referencePoint="refSupportoMollaSX" referenceFrame="refSupportoMollaSX">
			<translatingPart node="SupportoMollaSX"/>
			</movingPart>
		</movingParts>
    </cylindered>
	
    <cutter fruitTypeCategories="grainHeader">
		<effect>
            <effectNode effectClass="CutterMotionPathEffect" effectType="CUTTER" linkNode="effectCenter">
                <motionPathEffect textureFilename="$data/vehicles/johnDeere/header625X/drumArray.dds" numRows="32" rowLength="42" minFade="0.06" textureRealWidth="17" speedScale="0.16"/>
            </effectNode>
            <effectNode effectClass="ParticleEffect" effectNode="smokeEmitter" particleType="SMOKE" materialType="smokeParticle" emitCountScale="0.1" worldSpace="false" useCuttingWidth="false"/>
        </effect>

        <spikedDrums>
            <spikedDrum node="tuboCoclea6mtSX" spline="mainDrumSpline">
                <spike node="PunteCoclea1"/>
                <spike node="PunteCoclea2"/>
                <spike node="PunteCoclea3"/>
                <spike node="PunteCoclea4"/>
                <spike node="PunteCoclea5"/>
                <spike node="PunteCoclea6"/>
                <spike node="PunteCoclea7"/>
                <spike node="PunteCoclea8"/>
                <spike node="PunteCoclea9"/>
                <spike node="PunteCoclea10"/>
                <spike node="PunteCoclea11"/>
                <spike node="PunteCoclea12"/>
                <spike node="PunteCoclea13"/>
                <spike node="PunteCoclea14"/>
                <spike node="PunteCoclea15"/>
                <spike node="PunteCoclea16"/>
                <spike node="PunteCoclea17"/>
                <spike node="PunteCoclea18"/>
                <spike node="PunteCoclea19"/>
                <spike node="PunteCoclea20"/>
                <spike node="PunteCoclea21"/>
                <spike node="PunteCoclea22"/>
                <spike node="PunteCoclea23"/>
                <spike node="PunteCoclea24"/>
                <spike node="PunteCoclea25"/>
                <spike node="PunteCoclea26"/>
                <spike node="PunteCoclea27"/>
                <spike node="PunteCoclea28"/>
                <spike node="PunteCoclea29"/>
                <spike node="PunteCoclea30"/>
                <spike node="PunteCoclea31"/>
                <spike node="PunteCoclea32"/>
                <spike node="PunteCoclea33"/>
                <spike node="PunteCoclea34"/>
                <spike node="PunteCoclea35"/>
                <spike node="PunteCoclea36"/>
                <spike node="PunteCoclea37"/>
                <spike node="PunteCoclea38"/>
                <spike node="PunteCoclea39"/>
                <spike node="PunteCoclea40"/>
            </spikedDrum>
        </spikedDrums>

        <animationNodes>
            <animationNode node="aspo6mtSX"  rotAxis="1" rotSpeed="210"  turnOnFadeTime="2" turnOffFadeTime="3"/>
            <animationNode node="aspo6mtDX"  rotAxis="1" rotSpeed="210"  turnOnFadeTime="2" turnOffFadeTime="3"/>
            <animationNode node="rotAspoEstDX"  rotAxis="1" rotSpeed="210"  turnOnFadeTime="2" turnOffFadeTime="3"/>
            <animationNode node="rotAspoEstSX"  rotAxis="1" rotSpeed="210"  turnOnFadeTime="2" turnOffFadeTime="3"/>
            <animationNode node="tuboCoclea6mtSX" rotAxis="1" rotSpeed="600"  turnOnFadeTime="2" turnOffFadeTime="3"/>
            <animationNode node="tuboCoclea6mtDX" rotAxis="1" rotSpeed="600"  turnOnFadeTime="2" turnOffFadeTime="3"/>
        </animationNodes>

        <automaticTilt raycastNode1="heightNode03" raycastNode2="heightNode02"/>
        <sounds>
            <cut template="cropCutting" />
        </sounds>
    </cutter>
	
    <turnOnVehicle turnOffIfNotAllowed="true" turnedOnByAttacherVehicle="true">
        <turnedOnAnimation name="knifeAnimation" speedScale="12" turnOnFadeTime="6" turnOffFadeTime="6"/>
        <sounds>
            <start template="HARVESTER_TOOL_START" volumeScale="1.5" />
            <work template="HARVESTER_TOOL_WORK" volumeScale="1.5" />
            <stop template="HARVESTER_TOOL_STOP" volumeScale="1.5" />
        </sounds>
    </turnOnVehicle>
	
    <dynamicMount forceLimitScale="1"/>

    <ai>
        <areaMarkers leftNode="aiMarkerLeft" rightNode="aiMarkerRight" backNode="aiMarkerBack" />
        <sizeMarkers leftNode="sizeMarkerLeft" rightNode="sizeMarkerRight" backNode="sizeMarkerBack" />
        <collisionTrigger node="aiCollisionTrigger" width="6.0" height="2.0"/>
        <agentAttachment width="6.6" height="2.8" length="3" lengthOffset="0.3"/>
    </ai>
	
    <foliageBending>
		<bendingNode minX="-2.8" maxX="0.8" minZ="0.1" maxZ="1.6" yOffset="-1" node="cressoniRight6mt" />
		<bendingNode minX="0" maxX="3.20" minZ="-0.7" maxZ="1" yOffset="0.3" node="cressoniLeft6mt" />
	</foliageBending>

	<designConfigurations title="$l10n_barraSicurezza">
		<designConfiguration name="$l10n_configuration_valueNo" price="0">
			<objectChange node="StaffaSegnaletica" visibilityActive="false"/>
		</designConfiguration>
		<designConfiguration name="$l10n_configuration_valueYes" price="450">
			<objectChange node="StaffaSegnaletica" visibilityActive="true"/>
		</designConfiguration>
	</designConfigurations>
	<design2Configurations title="$l10n_serbatoioSupplementare">
		<design2Configuration name="$l10n_configuration_valueNo" price="0">
			<objectChange node="SerbatoioOprional" visibilityActive="false"/>
		</design2Configuration>
		<design2Configuration name="$l10n_configuration_valueYes" price="2000">
			<objectChange node="SerbatoioOprional" visibilityActive="true"/>
			<objectChange node="dynamicHoses9" visibilityActive="false"/>
		</design2Configuration>
	</design2Configurations>

	<configurationSets>
        <configurationSet name="New Holland">
			<configuration name="baseMaterial"  index="1" />
            <configuration name="designMaterial" index="2" />
			<configuration name="vehicleType"  index="1" />
            <configuration name="folding" index="1"/>
		</configurationSet>
		<configurationSet name="John Deere">
			<configuration name="baseMaterial"  index="2" />
            <configuration name="designMaterial" index="1" />
			<configuration name="vehicleType"  index="1" />
            <configuration name="folding" index="2"/>
		</configurationSet>
		<configurationSet name="Claas">
			<configuration name="baseMaterial"  index="4" />
            <configuration name="designMaterial" index="4" />
			<configuration name="vehicleType"  index="2" />
            <configuration name="folding" index="1"/>
		</configurationSet>
		<configurationSet name="Case">
			<configuration name="baseMaterial"  index="3" />
            <configuration name="designMaterial" index="1" />
			<configuration name="vehicleType"  index="1" />
            <configuration name="folding" index="1"/>
		</configurationSet>
		<configurationSet name="AGCO Ideal">
			<configuration name="baseMaterial"  index="5" />
            <configuration name="designMaterial" index="1" />
			<configuration name="vehicleType"  index="1" />
            <configuration name="folding" index="1"/>
		</configurationSet>
		<configurationSet name="Fendt">
			<configuration name="baseMaterial"  index="6" />
            <configuration name="designMaterial" index="1" />
			<configuration name="vehicleType"  index="1" />
            <configuration name="folding" index="1"/>
		</configurationSet>
		<configurationSet name="Massey Ferguson">
			<configuration name="baseMaterial"  index="7" />
            <configuration name="designMaterial" index="1" />
			<configuration name="vehicleType"  index="1" />
            <configuration name="folding" index="1"/>
		</configurationSet>
		<configurationSet name="Rostselmash">
			<configuration name="baseMaterial"  index="8" />
            <configuration name="designMaterial" index="1" />
			<configuration name="vehicleType"  index="1" />
            <configuration name="folding" index="1"/>
		</configurationSet>
		<configurationSet name="Laverda">
			<configuration name="baseMaterial"  index="9" />
            <configuration name="designMaterial" index="1" />
			<configuration name="vehicleType"  index="1" />
            <configuration name="folding" index="1"/>
		</configurationSet>
    </configurationSets>
	
	<baseMaterial>
        <material name="PunteCressoni_mat" baseNode="CarterSX">
            <shaderParameter name="colorMat0" value="CLAAS_GREEN1"/>
			<shaderParameter name="colorMat3" value="NEWHOLLAND_YELLOW1"/>
        </material>
    </baseMaterial>

	<baseMaterialConfigurations useDefaultColors="false"  defaultColorIndex="0">
        <baseMaterialConfiguration name="New Holland" color="NEWHOLLAND_YELLOW1" material="0" price="0"/>
		<baseMaterialConfiguration name="John Deere" color="JOHNDEERE_GREEN1" material="0" price="0"/>
		<baseMaterialConfiguration name="Case" color="CASEIH_RED1" material="0" price="0"/>
		<baseMaterialConfiguration name="Claas" color="CLAAS_GREEN1" material="0" price="0"/>
		<baseMaterialConfiguration name="AGCO Ideal" color="AGCO_GREY1" material="0" price="0"/>
        <baseMaterialConfiguration name="Fendt" color="FENDT_NEWGREEN1" material="0" price="0"/>
		<baseMaterialConfiguration name="Massey Ferguson" color="MASSEYFERGUSON_RED" material="0" price="0"/>
		<baseMaterialConfiguration name="Rostselmash" color="ROSTSELMASH_RED1" material="0" price="0"/>
		<baseMaterialConfiguration name="Laverda" color="MASSEYFERGUSON_RED" material="0" price="0"/>
		<material name="PunteCressoni_mat" shaderParameter="colorMat0" />
	</baseMaterialConfigurations>
	
	<designMaterialConfigurations useDefaultColors="false" defaultColorIndex="0">
        <designMaterialConfiguration name="New Holland" color="NEWHOLLAND_YELLOW1" material="0" />
		<designMaterialConfiguration name="John Deere" color="NEWHOLLAND_BLACK1" material="0" />
		<designMaterialConfiguration name="Case" color="MASSEYFERGUSON_RED" material="0"/>
		<designMaterialConfiguration name="Claas" color="CLAAS_DARKGREY1" material="0"/>
		<designMaterialConfiguration name="AGCO Ideal" color="AGCO_GREY1" material="0"/>
		<designMaterialConfiguration name="Claas_1" color="CLAAS_GREEN1" material="0"/>
		<material name="PunteCressoni_mat" shaderParameter="colorMat3" />
	</designMaterialConfigurations>
	
    <wearable wearDuration="480" workMultiplier="2" fieldMultiplier="1"/>
    <washable dirtDuration="90" washDuration="1" workMultiplier="3" fieldMultiplier="2"/>

<i3dMappings>
  <i3dMapping id="cressoni_CRX" node="0>" />
  <i3dMapping id="Cressoni_vis" node="0>0" />
  <i3dMapping id="attachable" node="0>0|0" />
  <i3dMapping id="attaccoNH" node="0>0|0|0" />
  <i3dMapping id="attacherJoint1" node="0>0|0|0|0" />
  <i3dMapping id="attaccoRostelmash" node="0>0|0|1" />
  <i3dMapping id="attacherJoint2" node="0>0|0|1|0" />
  <i3dMapping id="attaccoclaas" node="0>0|0|2" />
  <i3dMapping id="attacherJoint3" node="0>0|0|2|0" />
  <i3dMapping id="attacherJoint4" node="0>0|0|2|1" />
  <i3dMapping id="attaccoideal" node="0>0|0|3" />
  <i3dMapping id="attacherJoint5" node="0>0|0|3|0" />
  <i3dMapping id="attacherJoint6" node="0>0|0|3|1" />
  <i3dMapping id="heightNode01" node="0>0|0|4" />
  <i3dMapping id="heightNode02" node="0>0|0|5" />
  <i3dMapping id="heightNode03" node="0>0|0|6" />
  <i3dMapping id="ptoRef" node="0>0|0|7" />
  <i3dMapping id="movingParts_0" node="0>0|1" />
  <i3dMapping id="braccioCressoniFreeze_0" node="0>0|1|0" />
  <i3dMapping id="braccioCressoni1" node="0>0|1|0|0" />
  <i3dMapping id="joint2" node="0>0|1|0|0|0" />
  <i3dMapping id="dynamicHoses2" node="0>0|1|0|0|1" />
  <i3dMapping id="joint3" node="0>0|1|0|0|1|0" />
  <i3dMapping id="MHbraccioCressoni1" node="0>0|1|0|0|2" />
  <i3dMapping id="decalsbraccioCressoni1" node="0>0|1|0|0|3" />
  <i3dMapping id="CollbraccioCressoni1" node="0>0|1|0|0|4" />
  <i3dMapping id="braccioCressoniFreeze_1" node="0>0|1|1" />
  <i3dMapping id="braccioCressoni2" node="0>0|1|1|0" />
  <i3dMapping id="cressoniRight" node="0>0|1|1|0|0" />
  <i3dMapping id="cressoniRight6mt" node="0>0|1|1|0|0|0" />
  <i3dMapping id="SlittaGranoDX6mt" node="0>0|1|1|0|0|0|0" />
  <i3dMapping id="SlitteSojaFlexDX6mt" node="0>0|1|1|0|0|0|1" />
  <i3dMapping id="armSlitteGranoDX6mt" node="0>0|1|1|0|0|0|2" />
  <i3dMapping id="BultsarmSlitteGranoDX6mt" node="0>0|1|1|0|0|0|2|0" />
  <i3dMapping id="armSlitteSojaFlexDX6mt" node="0>0|1|1|0|0|0|3" />
  <i3dMapping id="BultsarmSlitteSojaFlexDX6mt" node="0>0|1|1|0|0|0|3|0" />
  <i3dMapping id="visualDX" node="0>0|1|1|0|0|0|4" />
  <i3dMapping id="visDX" node="0>0|1|1|0|0|0|4|0" />
  <i3dMapping id="CarterDX" node="0>0|1|1|0|0|0|4|1" />
  <i3dMapping id="decalsCarterDX_0" node="0>0|1|1|0|0|0|4|1|0" />
  <i3dMapping id="decalsCarterDX_1" node="0>0|1|1|0|0|0|4|1|1" />
  <i3dMapping id="catarifCarterDX" node="0>0|1|1|0|0|0|4|1|2" />
  <i3dMapping id="CollCarterDX" node="0>0|1|1|0|0|0|4|1|3" />
  <i3dMapping id="BultscarterDX" node="0>0|1|1|0|0|0|4|1|4" />
  <i3dMapping id="transform_0" node="0>0|1|1|0|0|0|4|1|5" />
  <i3dMapping id="StrutturaMollaDX" node="0>0|1|1|0|0|0|4|1|5|0" />
  <i3dMapping id="SupportoMollaDX" node="0>0|1|1|0|0|0|4|1|5|0|0" />
  <i3dMapping id="refMollaDX" node="0>0|1|1|0|0|0|4|1|5|0|0|0" />
  <i3dMapping id="MollaPuntamobileDX" node="0>0|1|1|0|0|0|4|1|5|0|1" />
  <i3dMapping id="PTO" node="0>0|1|1|0|0|0|4|2" />
  <i3dMapping id="movingParts_1" node="0>0|1|1|0|0|0|5" />
  <i3dMapping id="tuboAspoDX6" node="0>0|1|1|0|0|0|5|0" />
  <i3dMapping id="braccioDX" node="0>0|1|1|0|0|0|5|0|0" />
  <i3dMapping id="frame1DX" node="0>0|1|1|0|0|0|5|0|0|0" />
  <i3dMapping id="transform_1" node="0>0|1|1|0|0|0|5|0|0|1" />
  <i3dMapping id="motoreAspoDX" node="0>0|1|1|0|0|0|5|0|0|1|0" />
  <i3dMapping id="transform_2" node="0>0|1|1|0|0|0|5|0|0|1|0|0" />
  <i3dMapping id="rotAspoEstDX" node="0>0|1|1|0|0|0|5|0|0|1|0|0|0" />
  <i3dMapping id="aspoEsternoDX6" node="0>0|1|1|0|0|0|5|0|0|1|0|0|0|0" />
  <i3dMapping id="transform_3" node="0>0|1|1|0|0|0|5|0|0|1|0|0|0|0|0" />
  <i3dMapping id="listello1DX6" node="0>0|1|1|0|0|0|5|0|0|1|0|0|0|0|0|0" />
  <i3dMapping id="transform_4" node="0>0|1|1|0|0|0|5|0|0|1|0|0|0|0|1" />
  <i3dMapping id="listello2DX6" node="0>0|1|1|0|0|0|5|0|0|1|0|0|0|0|1|0" />
  <i3dMapping id="transform_5" node="0>0|1|1|0|0|0|5|0|0|1|0|0|0|0|2" />
  <i3dMapping id="listello3DX6" node="0>0|1|1|0|0|0|5|0|0|1|0|0|0|0|2|0" />
  <i3dMapping id="transform_6" node="0>0|1|1|0|0|0|5|0|0|1|0|0|0|0|3" />
  <i3dMapping id="listello4DX6" node="0>0|1|1|0|0|0|5|0|0|1|0|0|0|0|3|0" />
  <i3dMapping id="transform_7" node="0>0|1|1|0|0|0|5|0|0|1|0|0|0|0|4" />
  <i3dMapping id="listello5DX6" node="0>0|1|1|0|0|0|5|0|0|1|0|0|0|0|4|0" />
  <i3dMapping id="BultsAspoEsternoDX6" node="0>0|1|1|0|0|0|5|0|0|1|0|0|0|1" />
  <i3dMapping id="regAspoIntDX" node="0>0|1|1|0|0|0|5|0|0|1|0|1" />
  <i3dMapping id="coronaRegolazioneAspoDX6" node="0>0|1|1|0|0|0|5|0|0|1|0|2" />
  <i3dMapping id="transform_8" node="0>0|1|1|0|0|0|5|0|0|1|0|3" />
  <i3dMapping id="aspo6mtDX" node="0>0|1|1|0|0|0|5|0|0|1|0|3|0" />
  <i3dMapping id="transform_9" node="0>0|1|1|0|0|0|5|0|0|1|0|3|0|0" />
  <i3dMapping id="dentiAspo1DX" node="0>0|1|1|0|0|0|5|0|0|1|0|3|0|0|0" />
  <i3dMapping id="BultsdentiAspo1DX" node="0>0|1|1|0|0|0|5|0|0|1|0|3|0|0|0|0" />
  <i3dMapping id="transform_10" node="0>0|1|1|0|0|0|5|0|0|1|0|3|0|1" />
  <i3dMapping id="dentiAspo2DX" node="0>0|1|1|0|0|0|5|0|0|1|0|3|0|1|0" />
  <i3dMapping id="BultsdentiAspo2DX" node="0>0|1|1|0|0|0|5|0|0|1|0|3|0|1|0|0" />
  <i3dMapping id="transform_11" node="0>0|1|1|0|0|0|5|0|0|1|0|3|0|2" />
  <i3dMapping id="dentiAspo3DX" node="0>0|1|1|0|0|0|5|0|0|1|0|3|0|2|0" />
  <i3dMapping id="BultsdentiAspo3DX" node="0>0|1|1|0|0|0|5|0|0|1|0|3|0|2|0|0" />
  <i3dMapping id="transform_12" node="0>0|1|1|0|0|0|5|0|0|1|0|3|0|3" />
  <i3dMapping id="dentiAspo4DX" node="0>0|1|1|0|0|0|5|0|0|1|0|3|0|3|0" />
  <i3dMapping id="BultsdentiAspo4DX" node="0>0|1|1|0|0|0|5|0|0|1|0|3|0|3|0|0" />
  <i3dMapping id="transform_13" node="0>0|1|1|0|0|0|5|0|0|1|0|3|0|4" />
  <i3dMapping id="dentiAspo5DX" node="0>0|1|1|0|0|0|5|0|0|1|0|3|0|4|0" />
  <i3dMapping id="BultsdentiAspo5DX" node="0>0|1|1|0|0|0|5|0|0|1|0|3|0|4|0|0" />
  <i3dMapping id="listello1DXref" node="0>0|1|1|0|0|0|5|0|0|1|0|3|0|5" />
  <i3dMapping id="listello2DXref" node="0>0|1|1|0|0|0|5|0|0|1|0|3|0|6" />
  <i3dMapping id="listello3DXref" node="0>0|1|1|0|0|0|5|0|0|1|0|3|0|7" />
  <i3dMapping id="listello4DXref" node="0>0|1|1|0|0|0|5|0|0|1|0|3|0|8" />
  <i3dMapping id="listello5DXref" node="0>0|1|1|0|0|0|5|0|0|1|0|3|0|9" />
  <i3dMapping id="BultsAspo6mtDX" node="0>0|1|1|0|0|0|5|0|0|1|0|3|0|10" />
  <i3dMapping id="coll_dx_sup" node="0>0|1|1|0|0|0|5|0|0|1|0|4" />
  <i3dMapping id="pistoneIntDXref" node="0>0|1|1|0|0|0|5|0|0|1|0|5" />
  <i3dMapping id="pistone2DXref" node="0>0|1|1|0|0|0|5|0|0|1|0|6" />
  <i3dMapping id="joint16" node="0>0|1|1|0|0|0|5|0|0|1|0|7" />
  <i3dMapping id="decalmotoreAspoDX" node="0>0|1|1|0|0|0|5|0|0|1|0|8" />
  <i3dMapping id="catarifrMotoreAspoDx" node="0>0|1|1|0|0|0|5|0|0|1|0|9" />
  <i3dMapping id="BultsmotoreAspoDX" node="0>0|1|1|0|0|0|5|0|0|1|0|10" />
  <i3dMapping id="transform_14" node="0>0|1|1|0|0|0|5|0|0|2" />
  <i3dMapping id="pistone2DX" node="0>0|1|1|0|0|0|5|0|0|2|0" />
  <i3dMapping id="stelo2DX" node="0>0|1|1|0|0|0|5|0|0|2|0|0" />
  <i3dMapping id="joint12" node="0>0|1|1|0|0|0|5|0|0|2|0|1" />
  <i3dMapping id="BultsbraccioDX" node="0>0|1|1|0|0|0|5|0|0|3" />
  <i3dMapping id="braccioIntDX" node="0>0|1|1|0|0|0|5|0|1" />
  <i3dMapping id="transform_15" node="0>0|1|1|0|0|0|5|0|1|0" />
  <i3dMapping id="pistoneIntDX" node="0>0|1|1|0|0|0|5|0|1|0|0" />
  <i3dMapping id="steloIntDX" node="0>0|1|1|0|0|0|5|0|1|0|0|0" />
  <i3dMapping id="joint8" node="0>0|1|1|0|0|0|5|0|1|0|0|1" />
  <i3dMapping id="pistoneMeccDXref" node="0>0|1|1|0|0|0|5|0|1|1" />
  <i3dMapping id="BultsbraccioIntDX" node="0>0|1|1|0|0|0|5|0|1|2" />
  <i3dMapping id="transform_16" node="0>0|1|1|0|0|0|5|1" />
  <i3dMapping id="AzionamentoLamaDX" node="0>0|1|1|0|0|0|5|1|0" />
  <i3dMapping id="BultsAzionamentoLamaDX" node="0>0|1|1|0|0|0|5|1|0|0" />
  <i3dMapping id="lamaDX6mt" node="0>0|1|1|0|0|0|5|2" />
  <i3dMapping id="SetLameRight" node="0>0|1|1|0|0|0|5|2|0" />
  <i3dMapping id="BultslamaDX6mt" node="0>0|1|1|0|0|0|5|2|1" />
  <i3dMapping id="pistone1DX" node="0>0|1|1|0|0|0|5|3" />
  <i3dMapping id="stelo1DX" node="0>0|1|1|0|0|0|5|3|0" />
  <i3dMapping id="joint14" node="0>0|1|1|0|0|0|5|3|1" />
  <i3dMapping id="pistoneMeccDX" node="0>0|1|1|0|0|0|5|4" />
  <i3dMapping id="steloMeccDX" node="0>0|1|1|0|0|0|5|4|0" />
  <i3dMapping id="CocleaCressoniDX" node="0>0|1|1|0|0|0|5|5" />
  <i3dMapping id="tuboCoclea6mtDX" node="0>0|1|1|0|0|0|5|5|0" />
  <i3dMapping id="CocleaCressoniUNIDX" node="0>0|1|1|0|0|0|5|5|0|0" />
  <i3dMapping id="punte_0" node="0>0|1|1|0|0|0|5|5|0|0|0" />
  <i3dMapping id="transform_17" node="0>0|1|1|0|0|0|5|5|0|0|0|0" />
  <i3dMapping id="PunteCoclea21" node="0>0|1|1|0|0|0|5|5|0|0|0|0|0" />
  <i3dMapping id="transform_18" node="0>0|1|1|0|0|0|5|5|0|0|0|1" />
  <i3dMapping id="PunteCoclea22" node="0>0|1|1|0|0|0|5|5|0|0|0|1|0" />
  <i3dMapping id="transform_19" node="0>0|1|1|0|0|0|5|5|0|0|0|2" />
  <i3dMapping id="PunteCoclea23" node="0>0|1|1|0|0|0|5|5|0|0|0|2|0" />
  <i3dMapping id="transform_20" node="0>0|1|1|0|0|0|5|5|0|0|0|3" />
  <i3dMapping id="PunteCoclea24" node="0>0|1|1|0|0|0|5|5|0|0|0|3|0" />
  <i3dMapping id="transform_21" node="0>0|1|1|0|0|0|5|5|0|0|0|4" />
  <i3dMapping id="PunteCoclea25" node="0>0|1|1|0|0|0|5|5|0|0|0|4|0" />
  <i3dMapping id="transform_22" node="0>0|1|1|0|0|0|5|5|0|0|0|5" />
  <i3dMapping id="PunteCoclea26" node="0>0|1|1|0|0|0|5|5|0|0|0|5|0" />
  <i3dMapping id="transform_23" node="0>0|1|1|0|0|0|5|5|0|0|0|6" />
  <i3dMapping id="PunteCoclea27" node="0>0|1|1|0|0|0|5|5|0|0|0|6|0" />
  <i3dMapping id="transform_24" node="0>0|1|1|0|0|0|5|5|0|0|0|7" />
  <i3dMapping id="PunteCoclea28" node="0>0|1|1|0|0|0|5|5|0|0|0|7|0" />
  <i3dMapping id="transform_25" node="0>0|1|1|0|0|0|5|5|0|0|0|8" />
  <i3dMapping id="PunteCoclea29" node="0>0|1|1|0|0|0|5|5|0|0|0|8|0" />
  <i3dMapping id="transform_26" node="0>0|1|1|0|0|0|5|5|0|0|0|9" />
  <i3dMapping id="PunteCoclea30" node="0>0|1|1|0|0|0|5|5|0|0|0|9|0" />
  <i3dMapping id="transform_27" node="0>0|1|1|0|0|0|5|5|0|0|0|10" />
  <i3dMapping id="PunteCoclea31" node="0>0|1|1|0|0|0|5|5|0|0|0|10|0" />
  <i3dMapping id="transform_28" node="0>0|1|1|0|0|0|5|5|0|0|0|11" />
  <i3dMapping id="PunteCoclea32" node="0>0|1|1|0|0|0|5|5|0|0|0|11|0" />
  <i3dMapping id="transform_29" node="0>0|1|1|0|0|0|5|5|0|0|0|12" />
  <i3dMapping id="PunteCoclea33" node="0>0|1|1|0|0|0|5|5|0|0|0|12|0" />
  <i3dMapping id="transform_30" node="0>0|1|1|0|0|0|5|5|0|0|0|13" />
  <i3dMapping id="PunteCoclea34" node="0>0|1|1|0|0|0|5|5|0|0|0|13|0" />
  <i3dMapping id="transform_31" node="0>0|1|1|0|0|0|5|5|0|0|0|14" />
  <i3dMapping id="PunteCoclea35" node="0>0|1|1|0|0|0|5|5|0|0|0|14|0" />
  <i3dMapping id="transform_32" node="0>0|1|1|0|0|0|5|5|0|0|0|15" />
  <i3dMapping id="PunteCoclea36" node="0>0|1|1|0|0|0|5|5|0|0|0|15|0" />
  <i3dMapping id="transform_33" node="0>0|1|1|0|0|0|5|5|0|0|0|16" />
  <i3dMapping id="PunteCoclea37" node="0>0|1|1|0|0|0|5|5|0|0|0|16|0" />
  <i3dMapping id="transform_34" node="0>0|1|1|0|0|0|5|5|0|0|0|17" />
  <i3dMapping id="PunteCoclea38" node="0>0|1|1|0|0|0|5|5|0|0|0|17|0" />
  <i3dMapping id="transform_35" node="0>0|1|1|0|0|0|5|5|0|0|0|18" />
  <i3dMapping id="PunteCoclea39" node="0>0|1|1|0|0|0|5|5|0|0|0|18|0" />
  <i3dMapping id="transform_36" node="0>0|1|1|0|0|0|5|5|0|0|0|19" />
  <i3dMapping id="PunteCoclea40" node="0>0|1|1|0|0|0|5|5|0|0|0|19|0" />
  <i3dMapping id="BultsCocleaCressoniUNIDX" node="0>0|1|1|0|0|0|5|5|0|0|1" />
  <i3dMapping id="transform_37" node="0>0|1|1|0|0|0|5|6" />
  <i3dMapping id="braccioCarterDX" node="0>0|1|1|0|0|0|5|6|0" />
  <i3dMapping id="pistone1DXref" node="0>0|1|1|0|0|0|5|6|0|0" />
  <i3dMapping id="frame1DXref" node="0>0|1|1|0|0|0|5|6|0|1" />
  <i3dMapping id="BultsbraccioCarterDX" node="0>0|1|1|0|0|0|5|6|0|2" />
  <i3dMapping id="pto" node="0>0|1|1|0|0|0|6" />
  <i3dMapping id="joint4" node="0>0|1|1|0|0|0|7" />
  <i3dMapping id="dynamicHoses3" node="0>0|1|1|0|0|0|8" />
  <i3dMapping id="joint5" node="0>0|1|1|0|0|0|8|0" />
  <i3dMapping id="joint6" node="0>0|1|1|0|0|0|8|1" />
  <i3dMapping id="dynamicHoses4" node="0>0|1|1|0|0|0|9" />
  <i3dMapping id="joint7" node="0>0|1|1|0|0|0|9|0" />
  <i3dMapping id="dynamicHoses6" node="0>0|1|1|0|0|0|10" />
  <i3dMapping id="joint11" node="0>0|1|1|0|0|0|10|0" />
  <i3dMapping id="dynamicHoses7" node="0>0|1|1|0|0|0|11" />
  <i3dMapping id="joint13" node="0>0|1|1|0|0|0|11|0" />
  <i3dMapping id="dynamicHoses8" node="0>0|1|1|0|0|0|12" />
  <i3dMapping id="joint15" node="0>0|1|1|0|0|0|12|0" />
  <i3dMapping id="MHcressoniRight6mt" node="0>0|1|1|0|0|0|13" />
  <i3dMapping id="decalsCressoniRight6mt" node="0>0|1|1|0|0|0|14" />
  <i3dMapping id="decalright2cressoniRight6m" node="0>0|1|1|0|0|0|15" />
  <i3dMapping id="decalrightcressoniRight6m" node="0>0|1|1|0|0|0|16" />
  <i3dMapping id="BultsDecalRight" node="0>0|1|1|0|0|0|16|0" />
  <i3dMapping id="rightArmJointRot" node="0>0|1|1|0|0|0|17" />
  <i3dMapping id="rightArmJoint" node="0>0|1|1|0|0|0|17|0" />
  <i3dMapping id="CollcressoniRight6mt" node="0>0|1|1|0|0|0|18" />
  <i3dMapping id="BultscressoniRight6mt" node="0>0|1|1|0|0|0|19" />
  <i3dMapping id="decalsbraccioCressoni2" node="0>0|1|1|0|1" />
  <i3dMapping id="CollbraccioCressoni2" node="0>0|1|1|0|2" />
  <i3dMapping id="cressoniLeft" node="0>0|1|2" />
  <i3dMapping id="cressoniLeft6mt" node="0>0|1|2|0" />
  <i3dMapping id="SlitteSojaFlexSX6mt" node="0>0|1|2|0|0" />
  <i3dMapping id="armSlitteGranoSX6mt" node="0>0|1|2|0|1" />
  <i3dMapping id="BultsarmSlitteGranoSX6mt" node="0>0|1|2|0|1|0" />
  <i3dMapping id="transform_38" node="0>0|1|2|0|2" />
  <i3dMapping id="SlittaGranoSX6mt" node="0>0|1|2|0|2|0" />
  <i3dMapping id="armSlitteSojaFlexSX6mt" node="0>0|1|2|0|3" />
  <i3dMapping id="BultsarmSlitteSojaFlexSX6mt" node="0>0|1|2|0|3|0" />
  <i3dMapping id="transform_39" node="0>0|1|2|0|4" />
  <i3dMapping id="pistoneGancio" node="0>0|1|2|0|4|0" />
  <i3dMapping id="steloGancio" node="0>0|1|2|0|4|0|0" />
  <i3dMapping id="joint26" node="0>0|1|2|0|4|0|1" />
  <i3dMapping id="transform_40" node="0>0|1|2|0|5" />
  <i3dMapping id="gancioBloccaggioInf" node="0>0|1|2|0|5|0" />
  <i3dMapping id="pistoneGancioRef" node="0>0|1|2|0|5|0|0" />
  <i3dMapping id="visualSX" node="0>0|1|2|0|6" />
  <i3dMapping id="visSX" node="0>0|1|2|0|6|0" />
  <i3dMapping id="CarterSX" node="0>0|1|2|0|6|1" />
  <i3dMapping id="decalsCarterSX_0" node="0>0|1|2|0|6|1|0" />
  <i3dMapping id="decalsCarterSX_1" node="0>0|1|2|0|6|1|1" />
  <i3dMapping id="catarifCarterSX" node="0>0|1|2|0|6|1|2" />
  <i3dMapping id="CollCarterSX" node="0>0|1|2|0|6|1|3" />
  <i3dMapping id="BultscarterSX" node="0>0|1|2|0|6|1|4" />
  <i3dMapping id="transform_41" node="0>0|1|2|0|6|1|5" />
  <i3dMapping id="StrutturaMollaSX" node="0>0|1|2|0|6|1|5|0" />
  <i3dMapping id="SupportoMollaSX" node="0>0|1|2|0|6|1|5|0|0" />
  <i3dMapping id="refMollaSX" node="0>0|1|2|0|6|1|5|0|0|0" />
  <i3dMapping id="MollaPuntamobileSX" node="0>0|1|2|0|6|1|5|0|1" />
  <i3dMapping id="SerbatoioOprional" node="0>0|1|2|0|6|2" />
  <i3dMapping id="BultsSerbatoio" node="0>0|1|2|0|6|2|0" />
  <i3dMapping id="RaccordiSerbatoio" node="0>0|1|2|0|6|2|1" />
  <i3dMapping id="dynamicHoses12" node="0>0|1|2|0|6|2|2" />
  <i3dMapping id="dynamicHoses13_joint" node="0>0|1|2|0|6|2|3" />
  <i3dMapping id="dynamicHoses13" node="0>0|1|2|0|6|2|3|0" />
  <i3dMapping id="joint23" node="0>0|1|2|0|6|2|3|1" />
  <i3dMapping id="movingParts_2" node="0>0|1|2|0|7" />
  <i3dMapping id="tuboAspoSX6" node="0>0|1|2|0|7|0" />
  <i3dMapping id="braccioIntSX" node="0>0|1|2|0|7|0|0" />
  <i3dMapping id="transform_42" node="0>0|1|2|0|7|0|0|0" />
  <i3dMapping id="pistoneIntSX" node="0>0|1|2|0|7|0|0|0|0" />
  <i3dMapping id="steloIntSX" node="0>0|1|2|0|7|0|0|0|0|0" />
  <i3dMapping id="transform_43" node="0>0|1|2|0|7|0|0|0|0|1" />
  <i3dMapping id="joint10" node="0>0|1|2|0|7|0|0|0|0|2" />
  <i3dMapping id="pistoneMeccSXref" node="0>0|1|2|0|7|0|0|1" />
  <i3dMapping id="BultsbraccioIntSX" node="0>0|1|2|0|7|0|0|2" />
  <i3dMapping id="braccioSX" node="0>0|1|2|0|7|0|1" />
  <i3dMapping id="frame1SX" node="0>0|1|2|0|7|0|1|0" />
  <i3dMapping id="transform_44" node="0>0|1|2|0|7|0|1|1" />
  <i3dMapping id="motoreAspoSX" node="0>0|1|2|0|7|0|1|1|0" />
  <i3dMapping id="transform_45" node="0>0|1|2|0|7|0|1|1|0|0" />
  <i3dMapping id="rotAspoEstSX" node="0>0|1|2|0|7|0|1|1|0|0|0" />
  <i3dMapping id="aspoEsternoSX6" node="0>0|1|2|0|7|0|1|1|0|0|0|0" />
  <i3dMapping id="transform_46" node="0>0|1|2|0|7|0|1|1|0|0|0|0|0" />
  <i3dMapping id="listello1SX6" node="0>0|1|2|0|7|0|1|1|0|0|0|0|0|0" />
  <i3dMapping id="transform_47" node="0>0|1|2|0|7|0|1|1|0|0|0|0|1" />
  <i3dMapping id="listello2SX6" node="0>0|1|2|0|7|0|1|1|0|0|0|0|1|0" />
  <i3dMapping id="transform_48" node="0>0|1|2|0|7|0|1|1|0|0|0|0|2" />
  <i3dMapping id="listello3SX6" node="0>0|1|2|0|7|0|1|1|0|0|0|0|2|0" />
  <i3dMapping id="transform_49" node="0>0|1|2|0|7|0|1|1|0|0|0|0|3" />
  <i3dMapping id="listello4SX6" node="0>0|1|2|0|7|0|1|1|0|0|0|0|3|0" />
  <i3dMapping id="transform_50" node="0>0|1|2|0|7|0|1|1|0|0|0|0|4" />
  <i3dMapping id="listello5SX6" node="0>0|1|2|0|7|0|1|1|0|0|0|0|4|0" />
  <i3dMapping id="BultsAspoEsternoSX6" node="0>0|1|2|0|7|0|1|1|0|0|0|0|5" />
  <i3dMapping id="coronaRegolazioneAspoSX6" node="0>0|1|2|0|7|0|1|1|0|1" />
  <i3dMapping id="transform_51" node="0>0|1|2|0|7|0|1|1|0|2" />
  <i3dMapping id="aspo6mtSX" node="0>0|1|2|0|7|0|1|1|0|2|0" />
  <i3dMapping id="transform_52" node="0>0|1|2|0|7|0|1|1|0|2|0|0" />
  <i3dMapping id="dentiAspo1SX" node="0>0|1|2|0|7|0|1|1|0|2|0|0|0" />
  <i3dMapping id="BultsdentiAspo1SX" node="0>0|1|2|0|7|0|1|1|0|2|0|0|0|0" />
  <i3dMapping id="transform_53" node="0>0|1|2|0|7|0|1|1|0|2|0|1" />
  <i3dMapping id="dentiAspo2SX" node="0>0|1|2|0|7|0|1|1|0|2|0|1|0" />
  <i3dMapping id="BultsdentiAspo2SX" node="0>0|1|2|0|7|0|1|1|0|2|0|1|0|0" />
  <i3dMapping id="transform_54" node="0>0|1|2|0|7|0|1|1|0|2|0|2" />
  <i3dMapping id="dentiAspo3SX" node="0>0|1|2|0|7|0|1|1|0|2|0|2|0" />
  <i3dMapping id="BultsdentiAspo3SX" node="0>0|1|2|0|7|0|1|1|0|2|0|2|0|0" />
  <i3dMapping id="transform_55" node="0>0|1|2|0|7|0|1|1|0|2|0|3" />
  <i3dMapping id="dentiAspo4SX" node="0>0|1|2|0|7|0|1|1|0|2|0|3|0" />
  <i3dMapping id="BultsdentiAspo4SX" node="0>0|1|2|0|7|0|1|1|0|2|0|3|0|0" />
  <i3dMapping id="transform_56" node="0>0|1|2|0|7|0|1|1|0|2|0|4" />
  <i3dMapping id="dentiAspo5SX" node="0>0|1|2|0|7|0|1|1|0|2|0|4|0" />
  <i3dMapping id="BultsdentiAspo5SX" node="0>0|1|2|0|7|0|1|1|0|2|0|4|0|0" />
  <i3dMapping id="listello1SXref" node="0>0|1|2|0|7|0|1|1|0|2|0|5" />
  <i3dMapping id="listello2SXref" node="0>0|1|2|0|7|0|1|1|0|2|0|6" />
  <i3dMapping id="listello3SXref" node="0>0|1|2|0|7|0|1|1|0|2|0|7" />
  <i3dMapping id="listello4SXref" node="0>0|1|2|0|7|0|1|1|0|2|0|8" />
  <i3dMapping id="listello5SXref" node="0>0|1|2|0|7|0|1|1|0|2|0|9" />
  <i3dMapping id="BultsAspo6mtSX" node="0>0|1|2|0|7|0|1|1|0|2|0|10" />
  <i3dMapping id="regAspoIntSX" node="0>0|1|2|0|7|0|1|1|0|3" />
  <i3dMapping id="coll_sx_sup" node="0>0|1|2|0|7|0|1|1|0|4" />
  <i3dMapping id="pistone2SXref" node="0>0|1|2|0|7|0|1|1|0|5" />
  <i3dMapping id="pistoneIntSXref" node="0>0|1|2|0|7|0|1|1|0|6" />
  <i3dMapping id="joint22" node="0>0|1|2|0|7|0|1|1|0|7" />
  <i3dMapping id="StaffaSegnaletica" node="0>0|1|2|0|7|0|1|1|0|8" />
  <i3dMapping id="lights" node="0>0|1|2|0|7|0|1|1|0|8|0" />
  <i3dMapping id="shared_0" node="0>0|1|2|0|7|0|1|1|0|8|0|0" />
  <i3dMapping id="lightSX1" node="0>0|1|2|0|7|0|1|1|0|8|0|0|0" />
  <i3dMapping id="turnLightLeftBack" node="0>0|1|2|0|7|0|1|1|0|8|0|0|0|0" />
  <i3dMapping id="backLightsHigh1" node="0>0|1|2|0|7|0|1|1|0|8|0|0|0|1" />
  <i3dMapping id="shared_1" node="0>0|1|2|0|7|0|1|1|0|8|0|1" />
  <i3dMapping id="lightDX1" node="0>0|1|2|0|7|0|1|1|0|8|0|1|0" />
  <i3dMapping id="turnLightRightBack" node="0>0|1|2|0|7|0|1|1|0|8|0|1|0|0" />
  <i3dMapping id="backLightsHigh2" node="0>0|1|2|0|7|0|1|1|0|8|0|1|0|1" />
  <i3dMapping id="decalmotoreAspoSX" node="0>0|1|2|0|7|0|1|1|0|9" />
  <i3dMapping id="catarifrMotoreAspoSx" node="0>0|1|2|0|7|0|1|1|0|10" />
  <i3dMapping id="BultsmotoreAspoSX" node="0>0|1|2|0|7|0|1|1|0|11" />
  <i3dMapping id="joint24" node="0>0|1|2|0|7|0|1|1|0|12" />
  <i3dMapping id="pistone2SX" node="0>0|1|2|0|7|0|1|2" />
  <i3dMapping id="stelo2SX" node="0>0|1|2|0|7|0|1|2|0" />
  <i3dMapping id="joint18" node="0>0|1|2|0|7|0|1|2|1" />
  <i3dMapping id="BultsbraccioSX" node="0>0|1|2|0|7|0|1|3" />
  <i3dMapping id="transform_57" node="0>0|1|2|0|7|1" />
  <i3dMapping id="AzionamentoLamaSX" node="0>0|1|2|0|7|1|0" />
  <i3dMapping id="BultsAzionamentoLamaSX" node="0>0|1|2|0|7|1|0|0" />
  <i3dMapping id="lamaSX6mt" node="0>0|1|2|0|7|2" />
  <i3dMapping id="SetLameLeft" node="0>0|1|2|0|7|2|0" />
  <i3dMapping id="SetLameCenter" node="0>0|1|2|0|7|2|1" />
  <i3dMapping id="BultslamaSX6mt" node="0>0|1|2|0|7|2|2" />
  <i3dMapping id="transform_58" node="0>0|1|2|0|7|3" />
  <i3dMapping id="pistone1SX" node="0>0|1|2|0|7|3|0" />
  <i3dMapping id="stelo1SX" node="0>0|1|2|0|7|3|0|0" />
  <i3dMapping id="joint20" node="0>0|1|2|0|7|3|0|1" />
  <i3dMapping id="transform_59" node="0>0|1|2|0|7|4" />
  <i3dMapping id="pistoneMeccSX" node="0>0|1|2|0|7|4|0" />
  <i3dMapping id="steloMeccSX" node="0>0|1|2|0|7|4|0|0" />
  <i3dMapping id="CocleaCressoniSX" node="0>0|1|2|0|7|5" />
  <i3dMapping id="tuboCoclea6mtSX" node="0>0|1|2|0|7|5|0" />
  <i3dMapping id="CocleaCressoniUNISX" node="0>0|1|2|0|7|5|0|0" />
  <i3dMapping id="punte_1" node="0>0|1|2|0|7|5|0|0|0" />
  <i3dMapping id="transform_60" node="0>0|1|2|0|7|5|0|0|0|0" />
  <i3dMapping id="PunteCoclea1" node="0>0|1|2|0|7|5|0|0|0|0|0" />
  <i3dMapping id="transform_61" node="0>0|1|2|0|7|5|0|0|0|0|0|0" />
  <i3dMapping id="transform_62" node="0>0|1|2|0|7|5|0|0|0|1" />
  <i3dMapping id="PunteCoclea2" node="0>0|1|2|0|7|5|0|0|0|1|0" />
  <i3dMapping id="transform_63" node="0>0|1|2|0|7|5|0|0|0|2" />
  <i3dMapping id="PunteCoclea3" node="0>0|1|2|0|7|5|0|0|0|2|0" />
  <i3dMapping id="transform_64" node="0>0|1|2|0|7|5|0|0|0|3" />
  <i3dMapping id="PunteCoclea4" node="0>0|1|2|0|7|5|0|0|0|3|0" />
  <i3dMapping id="transform_65" node="0>0|1|2|0|7|5|0|0|0|4" />
  <i3dMapping id="PunteCoclea5" node="0>0|1|2|0|7|5|0|0|0|4|0" />
  <i3dMapping id="transform_66" node="0>0|1|2|0|7|5|0|0|0|5" />
  <i3dMapping id="PunteCoclea6" node="0>0|1|2|0|7|5|0|0|0|5|0" />
  <i3dMapping id="transform_67" node="0>0|1|2|0|7|5|0|0|0|6" />
  <i3dMapping id="PunteCoclea7" node="0>0|1|2|0|7|5|0|0|0|6|0" />
  <i3dMapping id="transform_68" node="0>0|1|2|0|7|5|0|0|0|7" />
  <i3dMapping id="PunteCoclea8" node="0>0|1|2|0|7|5|0|0|0|7|0" />
  <i3dMapping id="transform_69" node="0>0|1|2|0|7|5|0|0|0|8" />
  <i3dMapping id="PunteCoclea9" node="0>0|1|2|0|7|5|0|0|0|8|0" />
  <i3dMapping id="transform_70" node="0>0|1|2|0|7|5|0|0|0|9" />
  <i3dMapping id="PunteCoclea10" node="0>0|1|2|0|7|5|0|0|0|9|0" />
  <i3dMapping id="transform_71" node="0>0|1|2|0|7|5|0|0|0|10" />
  <i3dMapping id="PunteCoclea11" node="0>0|1|2|0|7|5|0|0|0|10|0" />
  <i3dMapping id="transform_72" node="0>0|1|2|0|7|5|0|0|0|11" />
  <i3dMapping id="PunteCoclea12" node="0>0|1|2|0|7|5|0|0|0|11|0" />
  <i3dMapping id="transform_73" node="0>0|1|2|0|7|5|0|0|0|12" />
  <i3dMapping id="PunteCoclea13" node="0>0|1|2|0|7|5|0|0|0|12|0" />
  <i3dMapping id="transform_74" node="0>0|1|2|0|7|5|0|0|0|13" />
  <i3dMapping id="PunteCoclea14" node="0>0|1|2|0|7|5|0|0|0|13|0" />
  <i3dMapping id="transform_75" node="0>0|1|2|0|7|5|0|0|0|14" />
  <i3dMapping id="PunteCoclea15" node="0>0|1|2|0|7|5|0|0|0|14|0" />
  <i3dMapping id="transform_76" node="0>0|1|2|0|7|5|0|0|0|15" />
  <i3dMapping id="PunteCoclea16" node="0>0|1|2|0|7|5|0|0|0|15|0" />
  <i3dMapping id="transform_77" node="0>0|1|2|0|7|5|0|0|0|16" />
  <i3dMapping id="PunteCoclea17" node="0>0|1|2|0|7|5|0|0|0|16|0" />
  <i3dMapping id="transform_78" node="0>0|1|2|0|7|5|0|0|0|17" />
  <i3dMapping id="PunteCoclea18" node="0>0|1|2|0|7|5|0|0|0|17|0" />
  <i3dMapping id="transform_79" node="0>0|1|2|0|7|5|0|0|0|18" />
  <i3dMapping id="PunteCoclea19" node="0>0|1|2|0|7|5|0|0|0|18|0" />
  <i3dMapping id="transform_80" node="0>0|1|2|0|7|5|0|0|0|19" />
  <i3dMapping id="PunteCoclea20" node="0>0|1|2|0|7|5|0|0|0|19|0" />
  <i3dMapping id="BultsCocleaCressoniUNISX" node="0>0|1|2|0|7|5|0|0|1" />
  <i3dMapping id="transform_81" node="0>0|1|2|0|7|6" />
  <i3dMapping id="braccioCarterSX" node="0>0|1|2|0|7|6|0" />
  <i3dMapping id="pistone1SXref" node="0>0|1|2|0|7|6|0|0" />
  <i3dMapping id="frame1SXref" node="0>0|1|2|0|7|6|0|1" />
  <i3dMapping id="transform_82" node="0>0|1|2|0|7|6|0|2" />
  <i3dMapping id="BultsbraccioCarterSX" node="0>0|1|2|0|7|6|0|3" />
  <i3dMapping id="dynamicHoses5" node="0>0|1|2|0|8" />
  <i3dMapping id="joint9" node="0>0|1|2|0|8|0" />
  <i3dMapping id="dynamicHoses10" node="0>0|1|2|0|9" />
  <i3dMapping id="joint19" node="0>0|1|2|0|9|0" />
  <i3dMapping id="dynamicHoses11" node="0>0|1|2|0|10" />
  <i3dMapping id="joint17" node="0>0|1|2|0|10|0" />
  <i3dMapping id="dynamicHoses9" node="0>0|1|2|0|11" />
  <i3dMapping id="joint21" node="0>0|1|2|0|11|0" />
  <i3dMapping id="transform_83" node="0>0|1|2|0|12" />
  <i3dMapping id="cableTray" node="0>0|1|2|0|12|0" />
  <i3dMapping id="hosesFix3" node="0>0|1|2|0|12|1" />
  <i3dMapping id="MHcressoniLeft6mt" node="0>0|1|2|0|13" />
  <i3dMapping id="decalscressoniLeft6mt" node="0>0|1|2|0|14" />
  <i3dMapping id="decalsleft2cressoniLeft6mt" node="0>0|1|2|0|15" />
  <i3dMapping id="leftArmJointRot" node="0>0|1|2|0|16" />
  <i3dMapping id="leftArmJoint" node="0>0|1|2|0|16|0" />
  <i3dMapping id="CollcressoniLeft6mt" node="0>0|1|2|0|17" />
  <i3dMapping id="BultscressoniLeft6mt" node="0>0|1|2|0|18" />
  <i3dMapping id="dynamicHoses14" node="0>0|1|2|0|19" />
  <i3dMapping id="joint25" node="0>0|1|2|0|19|0" />
  <i3dMapping id="mainDrumSpline" node="0>0|2" />
  <i3dMapping id="hydraulics" node="0>0|3" />
  <i3dMapping id="pistone6mt" node="0>0|3|0" />
  <i3dMapping id="dynamicHoses1" node="0>0|3|1" />
  <i3dMapping id="joint1" node="0>0|3|1|0" />
  <i3dMapping id="hosesFix" node="0>0|3|2" />
  <i3dMapping id="hosesFix2" node="0>0|3|3" />
  <i3dMapping id="effectNodes" node="0>0|4" />
  <i3dMapping id="effectCenter" node="0>0|4|0" />
  <i3dMapping id="effectLeft" node="0>0|4|1" />
  <i3dMapping id="effectRight" node="0>0|4|2" />
  <i3dMapping id="smokeEmitter" node="0>0|4|3" />
  <i3dMapping id="cutterMotionPathEffect" node="0>0|4|4" />
  <i3dMapping id="workAreas" node="0>0|5" />
  <i3dMapping id="workAreaStart" node="0>0|5|0" />
  <i3dMapping id="workAreaWidth" node="0>0|5|1" />
  <i3dMapping id="workAreaHeight" node="0>0|5|2" />
  <i3dMapping id="groundReferenceNode" node="0>0|5|3" />
  <i3dMapping id="ai" node="0>0|6" />
  <i3dMapping id="aiMarker" node="0>0|6|0" />
  <i3dMapping id="aiMarkerLeft" node="0>0|6|0|0" />
  <i3dMapping id="aiMarkerRight" node="0>0|6|0|1" />
  <i3dMapping id="aiMarkerBack" node="0>0|6|0|2" />
  <i3dMapping id="aiCollisionTrigger" node="0>0|6|1" />
  <i3dMapping id="sizeMarkers" node="0>0|6|2" />
  <i3dMapping id="sizeMarkerLeft" node="0>0|6|2|0" />
  <i3dMapping id="sizeMarkerRight" node="0>0|6|2|1" />
  <i3dMapping id="sizeMarkerBack" node="0>0|6|2|2" />
  <i3dMapping id="MHCressoni_vis" node="0>0|7" />
  <i3dMapping id="decalscressoni_vis" node="0>0|7|0" />
  <i3dMapping id="decalsCressoni_vis" node="0>0|7|1" />
  <i3dMapping id="connectors" node="0>0|7|2" />
  <i3dMapping id="connector1" node="0>0|7|2|0" />
  <i3dMapping id="connector2" node="0>0|7|2|1" />
  <i3dMapping id="connector3" node="0>0|7|2|2" />
  <i3dMapping id="connector4" node="0>0|7|2|3" />
  <i3dMapping id="BultsCressoni_vis" node="0>0|7|3" />
  <i3dMapping id="Cressoni_rightArm_component2" node="1>" />
  <i3dMapping id="ruota1" node="1>0" />
  <i3dMapping id="rightArm02Ref" node="1>1" />
  <i3dMapping id="PuntaMobileDX" node="1>2" />
  <i3dMapping id="transform_84" node="1>2|0" />
  <i3dMapping id="puntaDX" node="1>2|0|0" />
  <i3dMapping id="CollPuntaDX" node="1>2|0|0|0" />
  <i3dMapping id="BultsPuntaMobileDX" node="1>2|1" />
  <i3dMapping id="refSupportoMollaDX" node="1>2|2" />
  <i3dMapping id="Cressoni_leftArm_component3" node="2>" />
  <i3dMapping id="ruota2" node="2>0" />
  <i3dMapping id="leftArm02Ref" node="2>1" />
  <i3dMapping id="transform_85" node="2>2" />
  <i3dMapping id="PuntaMobileSX" node="2>2|0" />
  <i3dMapping id="transform_86" node="2>2|0|0" />
  <i3dMapping id="puntaSX" node="2>2|0|0|0" />
  <i3dMapping id="CollPuntaSX" node="2>2|0|0|0|0" />
  <i3dMapping id="BultsPuntaMobileSX" node="2>2|0|1" />
  <i3dMapping id="refSupportoMollaSX" node="2>2|0|2" />
</i3dMappings>
</vehicle>