﻿<?xml version="1.0" encoding="utf-8" standalone="no" ?>
<modDesc descVersion="64">
    <author>AgroTron Modding</author>
    <version>1.1.0.0</version>
    <title>
        <en>Krone Profiliner Flatbed</en>
        <de>Krone Profiliner Flachbett</de>
    </title>
    <description>
       <en><![CDATA[Krone Profiliner Flatbed

Price: 21500 €

- Choice of colors
- Trailer
- Design
- Wheels

The mod "Pallet Autoload Specialization" is needed for this as an additional mod, so that the trailer can load everything that is specified in the specialization.

Changelog 1.1.0.0
- Fixed back lights
- Added liftable axle
- Added new rims
- Added new colors
]]></en>
<de> <![CDATA[Krone Profiliner Flachbett

Preis: 21500 €

- Auswahl an Farben
- Anhänger
- Ausführung
- Räder

Der Mod "Pallet Autoload Specialization" wird hierfür als zusätzlicher Mod benötigt, damit der Anhänger alles laden kann, was in der Spezialisierung angegeben ist.

Änderungsliste 1.1.0.0
- Rücklichter repariert
- Anhebbare Achse hinzugefügt
- Neue Felgen hinzugefügt
- Neue Farben hinzugefügt
]]></de>
    </description>
    <iconFilename>icon_profiLiner.png</iconFilename>
    <multiplayer supported="true" />
    
    <dependencies>
        <dependency>FS22_aPalletAutoLoader</dependency>
    </dependencies>
    
    <l10n>
        <text name="function_PalletAutoload_Trailer"> 
            <en>Trailer with Autoload for pallets</en> 
            <de>Anhänger mit Autoload für Paletten</de> 
            <ru>Прицеп с автопогрузкой поддонов</ru>
            <it>Rimorchio con caricamento automatico per pallet</it>
        </text>
        <text name="configuration_palletLoadingWagon"> 
            <en>Autoload for pallets</en> 
            <de>Autoload für Paletten</de> 
            <ru>С автопогрузкой поддонов</ru>
            <it>Caricamento automatico per pallet</it>
        </text>
        <text name="PalletAutoload_Trailer"> 
            <en>Pallet Autoload</en>
            <de>Paletten Autoloader</de>
            <ru>Автопогрузка поддонов</ru>
            <it>Caricatore automatico di pallet</it>
        </text>
		<text name="configuration_aPalletAutoloader_active">
			<en>AL: Tension belts</en>
			<de>AL: Spanngurte</de>
		</text>
		<text name="configuration_tensionBelt_on">
			<en>Automatic</en>
			<de>Automatisch</de>
		</text>
		<text name="configuration_tensionBelt_off">
			<en>Manually</en>
			<de>Manuell</de>
		</text>
		<text name="configuration_black">            <en>Black</en>          <de>Schwarz</de>       </text>
        <text name="configuration_white">            <en>White</en>          <de>Weiß</de>          </text>
        <text name="configuration_silver">           <en>Silver</en>         <de>Silber</de>        </text>
		<text name="configuration_silver1">           <en>Silver</en>         <de>Silber</de>        </text>
		<text name="configuration_silver2">           <en>Silver</en>         <de>Silber</de>        </text>
        <text name="configuration_green">            <en>Green</en>          <de>Grün</de>          </text>
        <text name="configuration_communal">         <en>Communal</en>       <de>Kommunal</de>      </text>
		<text name="configuration_red">            <en>Red</en>          <de>Rot</de>       </text>
		<text name="configuration_blue">            <en>Blue</en>          <de>Blau</de>          </text>
		<text name="configuration_blue2">            <en>Blue</en>          <de>Blau</de>          </text>
		<text name="configuration_blue3">            <en>Blue</en>          <de>Blau</de>          </text>
		<text name="configuration_yellow">            <en>Yellow</en>          <de>Gelb</de>          </text>
		<text name="configuration_yellow2">            <en>Yellow</en>          <de>Gelb</de>          </text>
		<text name="configuration_krone_default">            <en>Krone Default</en>          <de>Krone Standart</de>          </text>
		<text name="configuration_krone_custom">            <en>Krone Custom</en>          <de>Krone Benutzerdefinierte</de>          </text>
    </l10n>
    
    <storeItems>
        <storeItem xmlFilename="profiLiner.xml"/>
    </storeItems>
    
    <vehicleTypes>
        <type name="PalletAutoLoaderTrailer" parent="trailer" filename="$dataS/scripts/vehicles/Vehicle.lua">
            <specialization name="FS22_aPalletAutoLoader.aPalletAutoLoader"/>
        </type>
    </vehicleTypes>  
</modDesc>
