﻿<?xml version="1.0" encoding="utf-8" standalone="no" ?>
<vehicle type="PalletAutoLoaderTrailer" xmlns:xsi="http://www.w3.org/2001/XMLSchema-instance" xsi:noNamespaceSchemaLocation="../../../../shared/xml/schema/vehicle.xsd">
    <annotation>Copyright (C) GIANTS Software GmbH, All Rights Reserved.</annotation>
    <storeData>
        <name>            <en>Profi Liner</en>
        </name>
        <specs>
            <combination filterCategory="trucks"/>
            <combination xmlFilename="$data/vehicles/krampe/dolly10L/dolly10L.xml"/>
        </specs>
        <functions>
            <function>$l10n_function_PalletAutoload_Trailer</function>
        </functions>
        <image>store_profiLiner.dds</image>
        <price>21500</price>
        <lifetime>600</lifetime>
        <rotation>0</rotation>
        <brand>KRONETRAILER</brand>
        <category>baleLoaders</category>
        <shopTranslationOffset>0 0.124 0</shopTranslationOffset>
        <shopRotationOffset>-1.601 0 0</shopRotationOffset>
      
        <vertexBufferMemoryUsage>2109440</vertexBufferMemoryUsage>
        <indexBufferMemoryUsage>310784</indexBufferMemoryUsage>
        <textureMemoryUsage>2031616</textureMemoryUsage>
        <audioMemoryUsage>0</audioMemoryUsage>
        <instanceVertexBufferMemoryUsage>0</instanceVertexBufferMemoryUsage>
        <instanceIndexBufferMemoryUsage>0</instanceIndexBufferMemoryUsage>
    </storeData>
    <base>
        <typeDesc>$l10n_typeDesc_trailer</typeDesc>
        <filename>profiLiner.i3d</filename>
        <size width="3.5" length="14.2" height="4.15" lengthOffset="0.05"/>
        <components>
            <component centerOfMass="0 0.4 -1" solverIterationCount="10" mass="7000"/>
        </components>
        <schemaOverlay attacherJointPosition="0 0" name="IMPLEMENT"/>
    </base>
	
	<aPalletAutoLoader>
		<aPalletAutoLoaderConfigurations title="$l10n_configuration_aPalletAutoloader_active">
			<aPalletAutoLoaderConfiguration name="$l10n_configuration_tensionBelt_on" maxObjects="80" maxMass="80" useBales="true" useTensionBelts="true" supportedObject="data/objects/pallets">
				<trigger node="0>2|2"/>
				<pickupTriggers>
					<pickupTrigger node="0>2|0"/>
					<pickupTrigger node="0>2|1"/>
				</pickupTriggers>
                <loadArea baseNode="0>2|3" leftRightCornerOffset="1.2 0 0" lenght="13" width="2.4" height="2.7"/>
			</aPalletAutoLoaderConfiguration>
			
			<aPalletAutoLoaderConfiguration name="$l10n_configuration_tensionBelt_off" maxObjects="80" maxMass="80" useBales="true" useTensionBelts="false" supportedObject="data/objects/pallets">
				<trigger node="0>2|2"/>
				<pickupTriggers>
					<pickupTrigger node="0>2|0"/>
					<pickupTrigger node="0>2|1"/>
				</pickupTriggers>
                <loadArea baseNode="0>2|3" leftRightCornerOffset="1.2 0 0" lenght="13" width="2.4" height="2.7"/>
			</aPalletAutoLoaderConfiguration>
		</aPalletAutoLoaderConfigurations>
	</aPalletAutoLoader>
    
    <wheels>
        <wheelConfigurations>
            <wheelConfiguration name="$l10n_configuration_krone_default" price="0" brand="CONTINENTAL" saveId="CONTINENTAL_DEFAULT">
                <wheels>
                    <wheel filename="$data/shared/wheels/tires/continental/contiCrossTracHS3/385_65R22_5.xml" isLeft="true" hasTireTracks="true" configId="truckTrailerKrone">
                        <physics tipOcclusionAreaGroupId="1" restLoad="1.1" repr="wheelFrontLeft" forcePointRatio="0.5" initialCompression="25" suspTravel="0.075" spring="50" damper="35" yOffset="-0.059"/>
                    </wheel>
                    <wheel filename="$data/shared/wheels/tires/continental/contiCrossTracHS3/385_65R22_5.xml" isLeft="false" hasTireTracks="true" configId="truckTrailerKrone">
                        <physics tipOcclusionAreaGroupId="1" restLoad="1.1" repr="wheelFrontRight" forcePointRatio="0.5" initialCompression="25" suspTravel="0.075" spring="50" damper="35" yOffset="-0.059"/>
                    </wheel>
                    <wheel filename="$data/shared/wheels/tires/continental/contiCrossTracHS3/385_65R22_5.xml" isLeft="true" hasTireTracks="true" hasParticles="true" configId="truckTrailerKrone">
                        <physics tipOcclusionAreaGroupId="1" restLoad="1.1" repr="wheelMiddleLeft" forcePointRatio="0.5" initialCompression="25" suspTravel="0.075" spring="50" damper="35" yOffset="-0.027"/>
                    </wheel>
                    <wheel filename="$data/shared/wheels/tires/continental/contiCrossTracHS3/385_65R22_5.xml" isLeft="false" hasTireTracks="true" hasParticles="true" configId="truckTrailerKrone">
                        <physics tipOcclusionAreaGroupId="1" restLoad="1.1" repr="wheelMiddleRight" forcePointRatio="0.5" initialCompression="25" suspTravel="0.075" spring="50" damper="35" yOffset="-0.027"/>
                    </wheel>
                    <wheel filename="$data/shared/wheels/tires/continental/contiCrossTracHS3/385_65R22_5.xml" isLeft="true" hasTireTracks="true" hasParticles="true" configId="truckTrailerKrone">
                        <physics tipOcclusionAreaGroupId="1" restLoad="1.1" repr="wheelBackLeft" forcePointRatio="0.5" initialCompression="25" suspTravel="0.075" spring="50" damper="35" yOffset="0.006"/>
                        <wheelChock parkingNode="wheelChock01_01"/>
                        <wheelChock parkingNode="wheelChock01_02" isInverted="true"/>
                    </wheel>
                    <wheel filename="$data/shared/wheels/tires/continental/contiCrossTracHS3/385_65R22_5.xml" isLeft="false" hasTireTracks="true" hasParticles="true" configId="truckTrailerKrone">
                        <physics tipOcclusionAreaGroupId="1" restLoad="1.1" repr="wheelBackRight" forcePointRatio="0.5" initialCompression="25" suspTravel="0.075" spring="50" damper="35" yOffset="0.006"/>
                    </wheel>
                </wheels>
				<objectChange node="0>0|1|9" visibilityActive="true" visibilityInactive="false"/>
            </wheelConfiguration>
			<wheelConfiguration name="$l10n_configuration_krone_custom" price="0" brand="CONTINENTAL" >
                <wheels>
                    <wheel filename="wheels/385_65R22_5.xml" isLeft="true" hasTireTracks="true" >
                        <physics tipOcclusionAreaGroupId="1" restLoad="1.1" repr="wheelFrontLeft" forcePointRatio="0.5" initialCompression="25" suspTravel="0.075" spring="50" damper="35" yOffset="-0.059"/>
                    </wheel>
                    <wheel filename="wheels/385_65R22_5.xml" isLeft="false" hasTireTracks="true" >
                        <physics tipOcclusionAreaGroupId="1" restLoad="1.1" repr="wheelFrontRight" forcePointRatio="0.5" initialCompression="25" suspTravel="0.075" spring="50" damper="35" yOffset="-0.059"/>
                    </wheel>
                    <wheel filename="wheels/385_65R22_5.xml" isLeft="true" hasTireTracks="true" hasParticles="true" >
                        <physics tipOcclusionAreaGroupId="1" restLoad="1.1" repr="wheelMiddleLeft" forcePointRatio="0.5" initialCompression="25" suspTravel="0.075" spring="50" damper="35" yOffset="-0.027"/>
                    </wheel>
                    <wheel filename="wheels/385_65R22_5.xml" isLeft="false" hasTireTracks="true" hasParticles="true" >
                        <physics tipOcclusionAreaGroupId="1" restLoad="1.1" repr="wheelMiddleRight" forcePointRatio="0.5" initialCompression="25" suspTravel="0.075" spring="50" damper="35" yOffset="-0.027"/>
                    </wheel>
                    <wheel filename="wheels/385_65R22_5.xml" isLeft="true" hasTireTracks="true" hasParticles="true" >
                        <physics tipOcclusionAreaGroupId="1" restLoad="1.1" repr="wheelBackLeft" forcePointRatio="0.5" initialCompression="25" suspTravel="0.075" spring="50" damper="35" yOffset="0.006"/>
                        <wheelChock parkingNode="wheelChock01_01"/>
                        <wheelChock parkingNode="wheelChock01_02" isInverted="true"/>
                    </wheel>
                    <wheel filename="wheels/385_65R22_5.xml" isLeft="false" hasTireTracks="true" hasParticles="true" >
                        <physics tipOcclusionAreaGroupId="1" restLoad="1.1" repr="wheelBackRight" forcePointRatio="0.5" initialCompression="25" suspTravel="0.075" spring="50" damper="35" yOffset="0.006"/>
                    </wheel>
                </wheels>
				<objectChange node="wheelFrontLeft" translationActive="1.03 0.505 -1.181"/>
                <objectChange node="wheelFrontRight" translationActive="-1.03 0.505 -1.181"/>
                <objectChange node="wheelMiddleLeft" translationActive="1.03 0.505 -2.491"/>
                <objectChange node="wheelMiddleRight" translationActive="-1.03 0.505 -2.491"/>
				<objectChange node="wheelBackLeft" translationActive="1.03 0.505 -3.801"/>
				<objectChange node="wheelBackRight" translationActive="-1.03 0.505 -3.801"/>
            </wheelConfiguration>
        </wheelConfigurations>
        <dynamicallyLoadedWheels>
            <dynamicallyLoadedWheel linkNode="extraWheel" filename="$data/shared/wheels/tires/continental/contiCrossTracHS3/385_65R22_5.xml" configId="truckTrailerKrone"/>
        </dynamicallyLoadedWheels>
    </wheels>
    <attachable>
        <inputAttacherJoints>
            <inputAttacherJoint node="attacherJoint" jointType="semitrailer" attacherHeight="1.33"/>
        </inputAttacherJoints>
        <support animationName="moveSupport"/>
        <brakeForce force="0.8"/>
    </attachable>
    <lights>
        <sharedLight linkNode="yellowRound_02_01" filename="$data/shared/assets/reflectors/lizard/yellowRound_02.xml"/>
        <sharedLight linkNode="yellowRound_02_02" filename="$data/shared/assets/reflectors/lizard/yellowRound_02.xml"/>
        <sharedLight linkNode="sideMarker08Orange_01" filename="$data/shared/assets/lights/lizard/sideMarker08Orange.xml"/>
        <sharedLight linkNode="sideMarker08Orange_02" filename="$data/shared/assets/lights/lizard/sideMarker08Orange.xml"/>
        <sharedLight linkNode="sideMarker08Orange_03" filename="$data/shared/assets/lights/lizard/sideMarker08Orange.xml"/>
        <sharedLight linkNode="sideMarker08Orange_04" filename="$data/shared/assets/lights/lizard/sideMarker08Orange.xml"/>
        <sharedLight linkNode="sideMarker08Orange_05" filename="$data/shared/assets/lights/lizard/sideMarker08Orange.xml"/>
        <sharedLight linkNode="sideMarker08Orange_06" filename="$data/shared/assets/lights/lizard/sideMarker08Orange.xml"/>
        <sharedLight linkNode="sideMarker08Orange_07" filename="$data/shared/assets/lights/lizard/sideMarker08Orange.xml"/>
        <sharedLight linkNode="sideMarker08Orange_08" filename="$data/shared/assets/lights/lizard/sideMarker08Orange.xml"/>
        <sharedLight linkNode="sideMarker08White_01" filename="$data/shared/assets/lights/lizard/sideMarker08White.xml"/>
        <sharedLight linkNode="sideMarker08White_02" filename="$data/shared/assets/lights/lizard/sideMarker08White.xml"/>
        <sharedLight linkNode="hellaWorkingLightSquare_02_01" filename="$data/shared/assets/lights/hella/hellaWorkingLightSquare_01_reverse.xml">
            <rotationNode name="rotationNode1" rotation="-70 0 0"/>
        </sharedLight>
        <sharedLight linkNode="hellaWorkingLightSquare_02_02" filename="$data/shared/assets/lights/hella/hellaWorkingLightSquare_01_reverse.xml">
            <rotationNode name="rotationNode1" rotation="-70 0 0"/>
        </sharedLight>
        <realLights>
            <high>
                <light node="backLightsHigh1" lightTypes="0"/>
                <light node="licensePlateLightHigh" lightTypes="0"/>
                <brakeLight node="backLightsHigh1"/>
                <turnLightLeft node="turnLightLeftBack"/>
                <turnLightRight node="turnLightRightBack"/>
                <reverseLight node="reverseLightHigh1"/>
            </high>
        </realLights>
        <defaultLights>
            <defaultLight shaderNode="defaultLight_static" lightTypes="0"/>
            <defaultLight shaderNode="numberPlateLightsGlass_static" lightTypes="0"/>
        </defaultLights>
        <brakeLights>
            <brakeLight shaderNode="brakelight_static"/>
        </brakeLights>
        <turnLights>
            <turnLightLeft shaderNode="turnLightLeft_static"/>
            <turnLightRight shaderNode="turnLightRight_static"/>
        </turnLights>
        <reverseLights>
            <reverseLight shaderNode="reverseLight_static"/>
        </reverseLights>
    </lights>
    <licensePlates>
        <licensePlate node="licensePlateBack" position="BACK" preferedType="ELONGATED" placementArea="0.055 0.255 0.055 0.255" frame="false"/>
    </licensePlates>
    <connectionHoses>
        <hose inputAttacherJointIndices="1" type="airDoubleRed" node="airRed" length="1.3" diameter="0.015" minCenterPointOffset="0 0 0.4" maxCenterPointOffset="0 0 2" straighteningFactor="2" isTwoPointHose="false" outgoingAdapter="DEFAULT" socket="air_red"/>
        <hose inputAttacherJointIndices="1" type="airDoubleYellow" node="airYellow" length="1.3" diameter="0.015" minCenterPointOffset="0 0 0.4" maxCenterPointOffset="0 0 2" straighteningFactor="2" isTwoPointHose="false" outgoingAdapter="DEFAULT" socket="air_yellow"/>
        <hose inputAttacherJointIndices="1" type="electric" node="electric" length="1.0" diameter="0.008" minCenterPointOffset="0 0 0.4" maxCenterPointOffset="0 0 2" straighteningFactor="2" isTwoPointHose="false" outgoingAdapter="DEFAULT">
            <objectChange node="electricCover" rotationActive="-70 0 0" rotationInactive="0 0 0"/>
        </hose>
    </connectionHoses>
   
    <animations>
        <animation name="moveSupport">
            <part node="supportArm" startTime="0.5" endTime="1.0" startTrans="0 0.587 2.859" endTrans="0 0.12 2.859"/>
            <part node="0>0|0|3" startTime="0" endTime="0.5" startRot="0 0 0" endRot="0 90 0" tangentType="spline"/>
            <part node="0>0|0|3|0" startTime="0.5" endTime="1.0" startRot="0 0 0" endRot="0 0 -720" tangentType="spline"/>
            <part node="0>0|0|3" startTime="1.0" endTime="1.5" startRot="0 90 0" endRot="0 0 0" tangentType="spline"/>
            <sound template="slideOpen" startTime="0.4" direction="1" volumeScale="4" pitchScale="1.5" linkNode="attacherJoint"/>
            <sound template="slideOpen" startTime="1" direction="-1" volumeScale="4" pitchScale="1.5" linkNode="attacherJoint"/>
            <sound template="clackVar6" startTime="0.99" direction="1" volumeScale="2" pitchScale="0.7" linkNode="attacherJoint"/>
            <sound template="clackVar6" startTime="0.5" direction="-1" volumeScale="2" pitchScale="0.7" linkNode="attacherJoint"/>
        </animation>
    </animations>
	
	<cylindered>
		<movingTools>
			<movingTool node="0>0|1|0" playSound="true" wheelIndices="1 2">
                <controls axis="AXIS_CRANE_ARM2" invertAxis="true" mouseSpeedFactor="0.1" />
                <translation transSpeed="0.3" transAcceleration="60" transMax="0.17" transMin="0" startTrans="0" translationAxis="2" />					
			</movingTool>		
        </movingTools>
        <sounds>
            <hydraulic template="DEFAULT_SOWING_AIR_BLOWER" linkNode="profiLiner_main_component1"/>
        </sounds>
    </cylindered>		
   
    <tensionBelts>
        <tensionBeltsConfigurations>
            <tensionBeltsConfiguration>
                <tensionBelts linkNode="tensionBelts" jointNode="profiLiner_main_component1" maxEdgeLength="0.1" geometryBias="0.01" ratchetPosition="0.2" defaultOffset="0.1" defaultOffsetSide="0.1" defaultHeight="4" activationTrigger="beltActivationTrigger">
                    <tensionBelt startNode="startPoint01" endNode="startPoint01End" offsetLeft="0.2">
                        <intersectionNode node="startPoint01Intersection01"/>
                        <intersectionNode node="startPoint01Intersection02"/>
                    </tensionBelt>
                    <tensionBelt startNode="startPoint02" endNode="startPoint02End">
                        <intersectionNode node="startPoint02Intersection01"/>
                        <intersectionNode node="startPoint02Intersection02"/>
                    </tensionBelt>
                    <tensionBelt startNode="startPoint03" endNode="startPoint03End">
                        <intersectionNode node="startPoint03Intersection01"/>
                        <intersectionNode node="startPoint03Intersection02"/>
                    </tensionBelt>
                    <tensionBelt startNode="startPoint04" endNode="startPoint04End">
                        <intersectionNode node="startPoint04Intersection01"/>
                        <intersectionNode node="startPoint04Intersection02"/>
                    </tensionBelt>
                    <tensionBelt startNode="startPoint05" endNode="startPoint05End">
                        <intersectionNode node="startPoint05Intersection01"/>
                        <intersectionNode node="startPoint05Intersection02"/>
                    </tensionBelt>
                    <tensionBelt startNode="startPoint06" endNode="startPoint06End">
                        <intersectionNode node="startPoint06Intersection01"/>
                        <intersectionNode node="startPoint06Intersection02"/>
                    </tensionBelt>
                    <tensionBelt startNode="startPoint07" endNode="startPoint07End">
                        <intersectionNode node="startPoint07Intersection01"/>
                        <intersectionNode node="startPoint07Intersection02"/>
                    </tensionBelt>
                    <tensionBelt startNode="startPoint08" endNode="startPoint08End">
                        <intersectionNode node="startPoint08Intersection01"/>
                        <intersectionNode node="startPoint08Intersection02"/>
                    </tensionBelt>
                    <tensionBelt startNode="startPoint09" endNode="startPoint09End">
                        <intersectionNode node="startPoint09Intersection01"/>
                        <intersectionNode node="startPoint09Intersection02"/>
                    </tensionBelt>
                    <tensionBelt startNode="startPoint10" endNode="startPoint10End">
                        <intersectionNode node="startPoint10Intersection01"/>
                        <intersectionNode node="startPoint10Intersection02"/>
                    </tensionBelt>
                    <tensionBelt startNode="startPoint11" endNode="startPoint11End">
                        <intersectionNode node="startPoint11Intersection01"/>
                        <intersectionNode node="startPoint11Intersection02"/>
                    </tensionBelt>
                    <tensionBelt startNode="startPoint12" endNode="startPoint12End" offsetRight="0.2">
                        <intersectionNode node="startPoint12Intersection01"/>
                        <intersectionNode node="startPoint12Intersection02"/>
                    </tensionBelt>
                    <sounds>
                        <toggleBelt template="beltClose"/>
                        <addBelt template="beltOpen"/>
                        <removeBelt template="beltClose"/>
                    </sounds>
                </tensionBelts>
            </tensionBeltsConfiguration>
        </tensionBeltsConfigurations>
    </tensionBelts>
    <foliageBending>
        <bendingNode minX="-1.3" maxX="1.3" minZ="-6.9" maxZ="3.1" yOffset="0.5"/>
        <bendingNode minX="-1.32" maxX="1.32" minZ="3.05" maxZ="7" yOffset="1"/>
    </foliageBending>
    <baseMaterial>
        <material name="profiLiner_mat" baseNode="profiLiner_vis">
            <shaderParameter name="colorMat0" value="KRONE_BLUE5"/>
            <shaderParameter name="colorMat1" value="0.9 0.9 0.9 0"/>
        </material>
        <material name="profiLinerAlpha_mat" baseNode="alpha">
            <shaderParameter name="colorMat0" value="KRONE_BLUE5"/>
            <shaderParameter name="colorMat1" value="0.9 0.9 0.9 0"/>
        </material>
    </baseMaterial>
	
    <designMaterialConfigurations price="500" useDefaultColors="true" title="$l10n_configuration_chassisColor">
        <material name="profiLiner_mat" shaderParameter="colorMat0"/>
        <material name="profiLinerAlpha_mat" shaderParameter="colorMat0"/>
        <designMaterialConfiguration name="$l10n_ui_colorBlack" color="SHARED_DA_METAL_BLACK"/>
        <designMaterialConfiguration name="$l10n_ui_colorBlue" color="KRONE_BLUE5"/>
		<designMaterialConfiguration name="$l10n_configuration_black" color="0.0446 0.0446 0.0446 0"/>
		<designMaterialConfiguration name="$l10n_configuration_blue" color="0.1070 0.2086 0.2462 0"/>
		<designMaterialConfiguration name="$l10n_configuration_blue2" color="NEWHOLLAND_BLUE1" material="0"/>
		<designMaterialConfiguration name="$l10n_configuration_blue3" color="0.0084 0.0119 0.0152 0"/>
		<designMaterialConfiguration name="$l10n_configuration_green" color="0.1070 0.2462 0.0296 0"/>
		<designMaterialConfiguration name="$l10n_configuration_red" color="0.3889 0.0097 0.0097 0"/>
		<designMaterialConfiguration name="$l10n_configuration_yellow" color="0.8966 0.6126 0.1532 0"/>
		<designMaterialConfiguration name="$l10n_configuration_yellow2" color="0.8671 0.6121 0.0430 0"/>
		<designMaterialConfiguration name="$l10n_configuration_communal" color="0.8994 0.1975 0.0097 0"/>
    </designMaterialConfigurations>
    <designMaterial2Configurations price="500" useDefaultColors="true">
        <material name="profiLiner_mat" shaderParameter="colorMat1"/>
        <material name="profiLinerAlpha_mat" shaderParameter="colorMat1"/>
		<designMaterial2Configuration name="$l10n_ui_colorBlack" color="SHARED_DA_METAL_BLACK"/>
        <designMaterial2Configuration name="$l10n_ui_colorBlue" color="KRONE_BLUE5"/>
		<designMaterial2Configuration name="$l10n_configuration_black" color="0.0446 0.0446 0.0446 0"/>
		<designMaterial2Configuration name="$l10n_configuration_blue" color="0.1070 0.2086 0.2462 0"/>
		<designMaterial2Configuration name="$l10n_configuration_blue2" color="NEWHOLLAND_BLUE1" material="0"/>
		<designMaterial2Configuration name="$l10n_configuration_blue3" color="0.0084 0.0119 0.0152 0"/>
		<designMaterial2Configuration name="$l10n_configuration_green" color="0.1070 0.2462 0.0296 0"/>
		<designMaterial2Configuration name="$l10n_configuration_red" color="0.3889 0.0097 0.0097 0"/>
		<designMaterial2Configuration name="$l10n_configuration_yellow" color="0.8966 0.6126 0.1532 0"/>
		<designMaterial2Configuration name="$l10n_configuration_yellow2" color="0.8671 0.6121 0.0430 0"/>
		<designMaterial2Configuration name="$l10n_configuration_communal" color="0.8994 0.1975 0.0097 0"/>
    </designMaterial2Configurations>
	<rimColorConfigurations useDefaultColors="false">
        <rimColorConfiguration name="$l10n_ui_colorGrey" color="SHARED_WHITE1" material="18" price="0"/>
        <rimColorConfiguration name="$l10n_ui_colorBlack" color="SHARED_DA_METAL_BLACK" material="6" price="0"/>
		<rimColorConfiguration name="$l10n_ui_colorChrome" color="SHARED_WHITE2" material="3" price="250"/>
        <rimColorConfiguration name="$l10n_ui_colorWhite" color="SHARED_WHITE2" material="0" price="250"/>
        <rimColorConfiguration name="$l10n_configuration_black" color="SHARED_GREY5" material="10" price="250"/>
		<rimColorConfiguration name="$l10n_configuration_silver" color="0.95 0.95 1" material="3" price="250"/>
		<rimColorConfiguration name="$l10n_configuration_silver1" material="8" color="1 1 1 8" price="250" />
        <rimColorConfiguration name="$l10n_configuration_silver2" material="27" color="1 1 1 4" price="250" />
    </rimColorConfigurations>
    <ai>
        <agentAttachment jointNode="attacherJoint" rotCenterWheelIndices="1 2 3 4" width="2.7" height="4" length="13.9" lengthOffset="1.8"/>
    </ai>
    <wearable wearDuration="480" workMultiplier="5" fieldMultiplier="2"/>
    <washable dirtDuration="90" washDuration="1" workMultiplier="3" fieldMultiplier="2"/>
    <i3dMappings>
        <i3dMapping id="profiLiner_main_component1" node="0>"/>
        <i3dMapping id="profiLiner_vis" node="0>0"/>
        <i3dMapping id="attacherJoint" node="0>0|0|0"/>
        <i3dMapping id="supportArm" node="0>0|0|1"/>
        <i3dMapping id="supportCol" node="0>0|0|1|1"/>
        <i3dMapping id="electricCover" node="0>0|0|2|0"/>
        <i3dMapping id="electric" node="0>0|0|2|1"/>
        <i3dMapping id="airYellow" node="0>0|0|2|2"/>
        <i3dMapping id="airRed" node="0>0|0|2|3"/>
        <i3dMapping id="supportHandle" node="0>0|0|3"/>
        <i3dMapping id="supportHandleArm" node="0>0|0|3|0"/>
        <i3dMapping id="wheelFrontLeft" node="0>0|1|0|0"/>
        <i3dMapping id="wheelFrontRight" node="0>0|1|0|1"/>
        <i3dMapping id="wheelMiddleLeft" node="0>0|1|2"/>
        <i3dMapping id="wheelMiddleRight" node="0>0|1|3"/>
        <i3dMapping id="wheelBackLeft" node="0>0|1|4"/>
        <i3dMapping id="wheelBackRight" node="0>0|1|5"/>
        <i3dMapping id="extraWheel" node="0>0|1|6|0"/>
        <i3dMapping id="wheelChock01_01" node="0>0|1|7"/>
        <i3dMapping id="wheelChock01_02" node="0>0|1|8"/>
        <i3dMapping id="turnLightLeft_static" node="0>0|2|0|0"/>
        <i3dMapping id="turnLightRight_static" node="0>0|2|0|1"/>
        <i3dMapping id="reverseLight_static" node="0>0|2|0|2"/>
		<i3dMapping id="brakelight_static" node="0>0|2|0|3"/>
        <i3dMapping id="defaultLight_static" node="0>0|2|0|4"/>
        <i3dMapping id="numberPlateLightsGlass_static" node="0>0|2|0|5"/>
        <i3dMapping id="sideMarker08White_02" node="0>0|2|1|0"/>
        <i3dMapping id="sideMarker08White_01" node="0>0|2|1|1"/>
        <i3dMapping id="sideMarker08Orange_08" node="0>0|2|1|2"/>
        <i3dMapping id="sideMarker08Orange_07" node="0>0|2|1|3"/>
        <i3dMapping id="sideMarker08Orange_06" node="0>0|2|1|4"/>
        <i3dMapping id="sideMarker08Orange_05" node="0>0|2|1|5"/>
        <i3dMapping id="sideMarker08Orange_04" node="0>0|2|1|6"/>
        <i3dMapping id="sideMarker08Orange_03" node="0>0|2|1|7"/>
        <i3dMapping id="sideMarker08Orange_02" node="0>0|2|1|8"/>
        <i3dMapping id="sideMarker08Orange_01" node="0>0|2|1|9"/>
        <i3dMapping id="hellaWorkingLightSquare_02_02" node="0>0|2|1|10"/>
        <i3dMapping id="hellaWorkingLightSquare_02_01" node="0>0|2|1|11"/>
        <i3dMapping id="yellowRound_02_02" node="0>0|2|1|12"/>
        <i3dMapping id="yellowRound_02_01" node="0>0|2|1|13"/>
        <i3dMapping id="backLightsHigh1" node="0>0|2|2|0"/>
        <i3dMapping id="turnLightLeftBack" node="0>0|2|3|0"/>
        <i3dMapping id="turnLightRightBack" node="0>0|2|3|1"/>
        <i3dMapping id="reverseLightHigh1" node="0>0|2|4|0"/>
        <i3dMapping id="licensePlateLightHigh" node="0>0|2|5"/>
        <i3dMapping id="tensionBelts" node="0>0|4"/>
        <i3dMapping id="startPoint01" node="0>0|4|0"/>
        <i3dMapping id="startPoint01End" node="0>0|4|0|0"/>
        <i3dMapping id="startPoint01Intersection01" node="0>0|4|0|1"/>
        <i3dMapping id="startPoint01Intersection02" node="0>0|4|0|2"/>
        <i3dMapping id="startPoint02" node="0>0|4|1"/>
        <i3dMapping id="startPoint02End" node="0>0|4|1|0"/>
        <i3dMapping id="startPoint02Intersection01" node="0>0|4|1|1"/>
        <i3dMapping id="startPoint02Intersection02" node="0>0|4|1|2"/>
        <i3dMapping id="startPoint03" node="0>0|4|2"/>
        <i3dMapping id="startPoint03End" node="0>0|4|2|0"/>
        <i3dMapping id="startPoint03Intersection01" node="0>0|4|2|1"/>
        <i3dMapping id="startPoint03Intersection02" node="0>0|4|2|2"/>
        <i3dMapping id="startPoint04" node="0>0|4|3"/>
        <i3dMapping id="startPoint04End" node="0>0|4|3|0"/>
        <i3dMapping id="startPoint04Intersection01" node="0>0|4|3|1"/>
        <i3dMapping id="startPoint04Intersection02" node="0>0|4|3|2"/>
        <i3dMapping id="startPoint05" node="0>0|4|4"/>
        <i3dMapping id="startPoint05End" node="0>0|4|4|0"/>
        <i3dMapping id="startPoint05Intersection01" node="0>0|4|4|1"/>
        <i3dMapping id="startPoint05Intersection02" node="0>0|4|4|2"/>
        <i3dMapping id="startPoint06" node="0>0|4|5"/>
        <i3dMapping id="startPoint06End" node="0>0|4|5|0"/>
        <i3dMapping id="startPoint06Intersection01" node="0>0|4|5|1"/>
        <i3dMapping id="startPoint06Intersection02" node="0>0|4|5|2"/>
        <i3dMapping id="startPoint07" node="0>0|4|6"/>
        <i3dMapping id="startPoint07End" node="0>0|4|6|0"/>
        <i3dMapping id="startPoint07Intersection01" node="0>0|4|6|1"/>
        <i3dMapping id="startPoint07Intersection02" node="0>0|4|6|2"/>
        <i3dMapping id="startPoint08" node="0>0|4|7"/>
        <i3dMapping id="startPoint08End" node="0>0|4|7|0"/>
        <i3dMapping id="startPoint08Intersection01" node="0>0|4|7|1"/>
        <i3dMapping id="startPoint08Intersection02" node="0>0|4|7|2"/>
        <i3dMapping id="startPoint09" node="0>0|4|8"/>
        <i3dMapping id="startPoint09End" node="0>0|4|8|0"/>
        <i3dMapping id="startPoint09Intersection01" node="0>0|4|8|1"/>
        <i3dMapping id="startPoint09Intersection02" node="0>0|4|8|2"/>
        <i3dMapping id="startPoint10" node="0>0|4|9"/>
        <i3dMapping id="startPoint10End" node="0>0|4|9|0"/>
        <i3dMapping id="startPoint10Intersection01" node="0>0|4|9|1"/>
        <i3dMapping id="startPoint10Intersection02" node="0>0|4|9|2"/>
        <i3dMapping id="startPoint11" node="0>0|4|10"/>
        <i3dMapping id="startPoint11End" node="0>0|4|10|0"/>
        <i3dMapping id="startPoint11Intersection01" node="0>0|4|10|1"/>
        <i3dMapping id="startPoint11Intersection02" node="0>0|4|10|2"/>
        <i3dMapping id="startPoint12" node="0>0|4|11"/>
        <i3dMapping id="startPoint12End" node="0>0|4|11|0"/>
        <i3dMapping id="startPoint12Intersection01" node="0>0|4|11|1"/>
        <i3dMapping id="startPoint12Intersection02" node="0>0|4|11|2"/>
        <i3dMapping id="beltActivationTrigger" node="0>0|4|12"/>
        <i3dMapping id="alpha" node="0>0|5|0"/>
        <i3dMapping id="licensePlateBack" node="0>0|6"/>
    </i3dMappings>
</vehicle>
