<?xml version="1.0" encoding="UTF-8"?>

<missionVehicles overwrite="false">
	<mission type="harvest">
		<!-- sugarBeetMission -->
		<group fieldSize="small" variant="SUGARBEET">
			<vehicle filename="terraDosT4_40/terraDosT4_40.xml"/> <!-- combine -->
			<vehicle filename="HR12/5.4m/hr12_AllInOne.xml" /> <!-- header -->
			<vehicle filename="HR12/5.4m/hr12SB.xml" /> <!-- header -->
			<vehicle filename="$data/vehicles/newHolland/t8/t8.xml"><!-- tractor -->
				<configuration name="motor" id="3" />
			</vehicle>
			<vehicle filename="$data/vehicles/agco/weight1500/weight1500.xml"><!-- weight -->
				<configuration name="baseMaterial" id="8" />
			</vehicle>
			<vehicle filename="RRW500_Multi/rrw500.xml" /> <!-- trailer -->
			<vehicle filename="hr12Trailer/hr12Trailer.xml" /> <!-- trailer -->
		</group>
		
		<group fieldSize="small" variant="SUGARBEET">
			<vehicle filename="terraDosT4_40/terraDosT4_40.xml" > <!-- combine -->
			<configuration name="designMaterial" id="43"/>
        <configuration name="baseColor" id="42"/>
        <configuration name="rimColor" id="69"/>
        <configuration name="baseMaterial" id="84"/>
		</vehicle>
			<vehicle filename="HR12/5.4m/hr12_AllInOne.xml" > <!-- header -->
			<configuration name="baseMaterial" id="84"/>
			</vehicle>
			<vehicle filename="HR12/5.4m/hr12SB.xml" /> <!-- header -->
			<vehicle filename="$data/vehicles/masseyFerguson/series8S/series8S.xml"><!-- tractor -->
				<configuration name="motor" id="6" />
			</vehicle>
			<vehicle filename="$data/vehicles/agco/weight1500/weight1500.xml">
				<!-- weight -->
				<configuration name="baseMaterial" id="7" />
			</vehicle>
			<vehicle filename="RRW500_Multi/rrw500.xml" > <!-- trailer -->
			<configuration name="designMaterial" id="84"/>
        <configuration name="baseColor" id="74"/>
        <configuration name="rimColor" id="2"/>
        <configuration name="baseMaterial" id="84"/>
		</vehicle>
		<vehicle filename="hr12Trailer/hr12Trailer.xml" > <!-- trailer -->
			<configuration name="rimColor" id="2"/>
        <configuration name="baseColor" id="69"/>
        <configuration name="baseMaterial" id="84"/>
		</vehicle>
		</group>

		<group fieldSize="medium" variant="SUGARBEET" rewardScale="1.5">
			<vehicle filename="terraDosT4_40/terraDosT4_40.xml" /> <!-- combine -->
			<vehicle filename="HR12/5.4m/hr12_AllInOne.xml" /> <!-- header -->
			<vehicle filename="$data/vehicles/newHolland/t8/t8.xml"><!-- tractor -->
				<configuration name="motor" id="3" />
			</vehicle>
			<vehicle filename="$data/vehicles/agco/weight1500/weight1500.xml"><!-- weight -->
				<configuration name="baseMaterial" id="8" />
			</vehicle>
			<vehicle filename="RRW500_Multi/rrw500.xml" /> <!-- trailer -->
			<vehicle filename="hr12Trailer/hr12Trailer.xml" /> <!-- trailer -->
		</group>
		
		<group fieldSize="medium" variant="SUGARBEET" rewardScale="1.5">
			<vehicle filename="terraDosT4_40/terraDosT4_40.xml" > <!-- combine -->
			<configuration name="designMaterial" id="43"/>
        <configuration name="baseColor" id="42"/>
        <configuration name="rimColor" id="69"/>
        <configuration name="baseMaterial" id="84"/>
		</vehicle>
			<vehicle filename="HR12/5.4m/hr12_AllInOne.xml" > <!-- header -->
			<configuration name="baseMaterial" id="84"/>
			</vehicle>
			<vehicle filename="HR12/5.4m/hr12SB.xml" /> <!-- header -->
			<vehicle filename="$data/vehicles/masseyFerguson/series8S/series8S.xml"><!-- tractor -->
				<configuration name="motor" id="6" />
			</vehicle>
			<vehicle filename="$data/vehicles/agco/weight1500/weight1500.xml">
				<!-- weight -->
				<configuration name="baseMaterial" id="7" />
			</vehicle>
			<vehicle filename="RRW500_Multi/rrw500.xml" > <!-- trailer -->
			<configuration name="designMaterial" id="84"/>
        <configuration name="baseColor" id="74"/>
        <configuration name="rimColor" id="2"/>
        <configuration name="baseMaterial" id="84"/>
		</vehicle>
		<vehicle filename="hr12Trailer/hr12Trailer.xml" > <!-- trailer -->
			<configuration name="rimColor" id="2"/>
        <configuration name="baseColor" id="69"/>
        <configuration name="baseMaterial" id="84"/>
		</vehicle>
		</group>

		<group fieldSize="large" variant="SUGARBEET">
			<vehicle filename="terraDosT4_40/terraDosT4_40.xml" /> <!-- combine -->
			<vehicle filename="HR12/5.4m/hr12_AllInOne.xml" /> <!-- header -->
			<vehicle filename="HR12/5.4m/hr12SB.xml" /> <!-- header -->
			<vehicle filename="$data/vehicles/newHolland/t8/t8.xml"><!-- tractor -->
				<configuration name="motor" id="3" />
			</vehicle>
			<vehicle filename="$data/vehicles/agco/weight1500/weight1500.xml"><!-- weight -->
				<configuration name="baseMaterial" id="8" />
			</vehicle>
			<vehicle filename="RRW500_Multi/rrw500.xml" /> <!-- trailer -->
			<vehicle filename="hr12Trailer/hr12Trailer.xml" /> <!-- trailer -->
		</group>
		
		<group fieldSize="large" variant="SUGARBEET" rewardScale="1.5">
		<vehicle filename="terraDosT4_40/terraDosT4_40.xml" > <!-- combine -->
			<configuration name="designMaterial" id="43"/>
        <configuration name="baseColor" id="42"/>
        <configuration name="rimColor" id="69"/>
        <configuration name="baseMaterial" id="84"/>
		</vehicle>
			<vehicle filename="HR12/5.4m/hr12_AllInOne.xml" > <!-- header -->
			<configuration name="baseMaterial" id="84"/>
			</vehicle>
			<vehicle filename="HR12/5.4m/hr12SB.xml" /> <!-- header -->
			<vehicle filename="$data/vehicles/masseyFerguson/series8S/series8S.xml"><!-- tractor -->
				<configuration name="motor" id="6" />
			</vehicle>
			<vehicle filename="$data/vehicles/agco/weight1500/weight1500.xml">
				<!-- weight -->
				<configuration name="baseMaterial" id="7" />
			</vehicle>
			<vehicle filename="RRW500_Multi/rrw500.xml" > <!-- trailer -->
			<configuration name="designMaterial" id="84"/>
        <configuration name="baseColor" id="74"/>
        <configuration name="rimColor" id="2"/>
        <configuration name="baseMaterial" id="84"/>
		</vehicle>
		<vehicle filename="hr12Trailer/hr12Trailer.xml" > <!-- trailer -->
			<configuration name="rimColor" id="2"/>
        <configuration name="baseColor" id="69"/>
        <configuration name="baseMaterial" id="84"/>
		</vehicle>
		</group>
		
		<!-- carrotMission -->
		<group fieldSize="small" variant="CARROT">
			<vehicle filename="terraDosT4_40/terraDosT4_40.xml" /> <!-- combine -->
			<vehicle filename="HR12/5.4m/hr12_AllInOne.xml" /> <!-- header -->
			<vehicle filename="$data/vehicles/newHolland/t8/t8.xml">
				<!-- tractor -->
				<configuration name="motor" id="3" />
			</vehicle>
			<vehicle filename="$data/vehicles/agco/weight1500/weight1500.xml">
				<!-- weight -->
				<configuration name="baseMaterial" id="8" />
			</vehicle>
			<vehicle filename="RRW500_Multi/rrw500.xml" /> <!-- trailer -->
			<vehicle filename="hr12Trailer/hr12Trailer.xml" /> <!-- trailer -->
		</group>
		
		<group fieldSize="small" variant="CARROT">
		<vehicle filename="terraDosT4_40/terraDosT4_40.xml" > <!-- combine -->
			<configuration name="designMaterial" id="43"/>
        <configuration name="baseColor" id="42"/>
        <configuration name="rimColor" id="69"/>
        <configuration name="baseMaterial" id="84"/>
		</vehicle>
			<vehicle filename="HR12/5.4m/hr12_AllInOne.xml" > <!-- header -->
			<configuration name="baseMaterial" id="84"/>
			</vehicle>
			<vehicle filename="$data/vehicles/masseyFerguson/series8S/series8S.xml"><!-- tractor -->
				<configuration name="motor" id="6" />
			</vehicle>
			<vehicle filename="$data/vehicles/agco/weight1500/weight1500.xml">
				<!-- weight -->
				<configuration name="baseMaterial" id="7" />
			</vehicle>
			<vehicle filename="RRW500_Multi/rrw500.xml" > <!-- trailer -->
			<configuration name="designMaterial" id="84"/>
        <configuration name="baseColor" id="74"/>
        <configuration name="rimColor" id="2"/>
        <configuration name="baseMaterial" id="84"/>
		</vehicle>
		<vehicle filename="hr12Trailer/hr12Trailer.xml" > <!-- trailer -->
			<configuration name="rimColor" id="2"/>
        <configuration name="baseColor" id="69"/>
        <configuration name="baseMaterial" id="84"/>
		</vehicle>
		</group>

		<group fieldSize="medium" variant="CARROT" rewardScale="1.5">
			<vehicle filename="terraDosT4_40/terraDosT4_40.xml" /> <!-- combine -->
			<vehicle filename="HR12/5.4m/hr12_AllInOne.xml" /> <!-- header -->
			<vehicle filename="$data/vehicles/newHolland/t8/t8.xml">
				<!-- tractor -->
				<configuration name="wheel" id="1" />
				<configuration name="motor" id="3" />
			</vehicle>
			<vehicle filename="$data/vehicles/agco/weight1500/weight1500.xml">
				<!-- weight -->
				<configuration name="baseMaterial" id="8" />
			</vehicle>
			<vehicle filename="RRW500_Multi/rrw500.xml" /> <!-- trailer -->
			<vehicle filename="hr12Trailer/hr12Trailer.xml" /> <!-- trailer -->
		</group>
		
		<group fieldSize="medium" variant="CARROT">
		<vehicle filename="terraDosT4_40/terraDosT4_40.xml" > <!-- combine -->
			<configuration name="designMaterial" id="43"/>
        <configuration name="baseColor" id="42"/>
        <configuration name="rimColor" id="69"/>
        <configuration name="baseMaterial" id="84"/>
		</vehicle>
			<vehicle filename="HR12/5.4m/hr12_AllInOne.xml" > <!-- header -->
			<configuration name="baseMaterial" id="84"/>
			</vehicle>
			<vehicle filename="$data/vehicles/masseyFerguson/series8S/series8S.xml"><!-- tractor -->
				<configuration name="motor" id="6" />
			</vehicle>
			<vehicle filename="$data/vehicles/agco/weight1500/weight1500.xml">
				<!-- weight -->
				<configuration name="baseMaterial" id="7" />
			</vehicle>
			<vehicle filename="RRW500_Multi/rrw500.xml" > <!-- trailer -->
			<configuration name="designMaterial" id="84"/>
        <configuration name="baseColor" id="74"/>
        <configuration name="rimColor" id="2"/>
        <configuration name="baseMaterial" id="84"/>
		</vehicle>
		<vehicle filename="hr12Trailer/hr12Trailer.xml" > <!-- trailer -->
			<configuration name="rimColor" id="2"/>
        <configuration name="baseColor" id="69"/>
        <configuration name="baseMaterial" id="84"/>
		</vehicle>
		</group>

		<group fieldSize="large" variant="CARROT">
			<vehicle filename="terraDosT4_40/terraDosT4_40.xml" /> <!-- combine -->
			<vehicle filename="HR12/5.4m/hr12_AllInOne.xml" /> <!-- header -->
			<vehicle filename="$data/vehicles/newHolland/t8/t8.xml">
				<!-- tractor -->
				<configuration name="wheel" id="1" />
				<configuration name="motor" id="3" />
			</vehicle>
			<vehicle filename="$data/vehicles/agco/weight1500/weight1500.xml">
				<!-- weight -->
				<configuration name="baseMaterial" id="8" />
			</vehicle>
			<vehicle filename="RRW500_Multi/rrw500.xml" /> <!-- trailer -->
			<vehicle filename="hr12Trailer/hr12Trailer.xml" /> <!-- trailer -->
		</group>
		
		<group fieldSize="large" variant="CARROT">
		<vehicle filename="terraDosT4_40/terraDosT4_40.xml" > <!-- combine -->
			<configuration name="designMaterial" id="43"/>
        <configuration name="baseColor" id="42"/>
        <configuration name="rimColor" id="69"/>
        <configuration name="baseMaterial" id="84"/>
		</vehicle>
			<vehicle filename="HR12/5.4m/hr12_AllInOne.xml" > <!-- header -->
			<configuration name="baseMaterial" id="84"/>
			</vehicle>
			<vehicle filename="$data/vehicles/masseyFerguson/series8S/series8S.xml"><!-- tractor -->
				<configuration name="motor" id="6" />
			</vehicle>
			<vehicle filename="$data/vehicles/agco/weight1500/weight1500.xml">
				<!-- weight -->
				<configuration name="baseMaterial" id="7" />
			</vehicle>
			<vehicle filename="RRW500_Multi/rrw500.xml" > <!-- trailer -->
			<configuration name="designMaterial" id="84"/>
        <configuration name="baseColor" id="74"/>
        <configuration name="rimColor" id="2"/>
        <configuration name="baseMaterial" id="84"/>
		</vehicle>
		<vehicle filename="hr12Trailer/hr12Trailer.xml" > <!-- trailer -->
			<configuration name="rimColor" id="2"/>
        <configuration name="baseColor" id="69"/>
        <configuration name="baseMaterial" id="84"/>
		</vehicle>
		</group>
		
		<!-- parsnipMission -->
		<group fieldSize="small" variant="PARSNIP">
			<vehicle filename="terraDosT4_40/terraDosT4_40.xml" /> <!-- combine -->
			<vehicle filename="HR12/5.4m/hr12_AllInOne.xml" /> <!-- header -->
			<vehicle filename="$data/vehicles/newHolland/t8/t8.xml">
				<!-- tractor -->
				<configuration name="wheel" id="1" />
				<configuration name="motor" id="3" />
			</vehicle>
			<vehicle filename="$data/vehicles/agco/weight1500/weight1500.xml">
				<!-- weight -->
				<configuration name="baseMaterial" id="8" />
			</vehicle>
			<vehicle filename="RRW500_Multi/rrw500.xml" /> <!-- trailer -->
			<vehicle filename="hr12Trailer/hr12Trailer.xml" /> <!-- trailer -->
			
		</group>
		
		<group fieldSize="small" variant="PARSNIP">
		<vehicle filename="terraDosT4_40/terraDosT4_40.xml" > <!-- combine -->
			<configuration name="designMaterial" id="43"/>
        <configuration name="baseColor" id="42"/>
        <configuration name="rimColor" id="69"/>
        <configuration name="baseMaterial" id="84"/>
		</vehicle>
			<vehicle filename="HR12/5.4m/hr12_AllInOne.xml" > <!-- header -->
			<configuration name="baseMaterial" id="84"/>
			</vehicle>
			<vehicle filename="$data/vehicles/masseyFerguson/series8S/series8S.xml"><!-- tractor -->
				<configuration name="motor" id="6" />
			</vehicle>
			<vehicle filename="$data/vehicles/agco/weight1500/weight1500.xml">
				<!-- weight -->
				<configuration name="baseMaterial" id="7" />
			</vehicle>
			<vehicle filename="RRW500_Multi/rrw500.xml" > <!-- trailer -->
			<configuration name="designMaterial" id="84"/>
        <configuration name="baseColor" id="74"/>
        <configuration name="rimColor" id="2"/>
        <configuration name="baseMaterial" id="84"/>
		</vehicle>
		<vehicle filename="hr12Trailer/hr12Trailer.xml" > <!-- trailer -->
			<configuration name="rimColor" id="2"/>
        <configuration name="baseColor" id="69"/>
        <configuration name="baseMaterial" id="84"/>
		</vehicle>
		</group>

		<group fieldSize="medium" variant="PARSNIP" rewardScale="1.5">
			<vehicle filename="terraDosT4_40/terraDosT4_40.xml" /> <!-- combine -->
			<vehicle filename="HR12/5.4m/hr12_AllInOne.xml" /> <!-- header -->
			<vehicle filename="$data/vehicles/newHolland/t8/t8.xml">
				<!-- tractor -->
				<configuration name="wheel" id="1" />
				<configuration name="motor" id="3" />
			</vehicle>
			<vehicle filename="$data/vehicles/agco/weight1500/weight1500.xml">
				<!-- weight -->
				<configuration name="baseMaterial" id="8" />
			</vehicle>
			<vehicle filename="RRW500_Multi/rrw500.xml" /> <!-- trailer -->
			<vehicle filename="hr12Trailer/hr12Trailer.xml" /> <!-- trailer -->
		</group>
		
		<group fieldSize="medium" variant="PARSNIP">
		<vehicle filename="terraDosT4_40/terraDosT4_40.xml" > <!-- combine -->
			<configuration name="designMaterial" id="43"/>
        <configuration name="baseColor" id="42"/>
        <configuration name="rimColor" id="69"/>
        <configuration name="baseMaterial" id="84"/>
		</vehicle>
			<vehicle filename="HR12/5.4m/hr12_AllInOne.xml" > <!-- header -->
			<configuration name="baseMaterial" id="84"/>
			</vehicle>
			<vehicle filename="$data/vehicles/masseyFerguson/series8S/series8S.xml"><!-- tractor -->
				<configuration name="motor" id="6" />
			</vehicle>
			<vehicle filename="$data/vehicles/agco/weight1500/weight1500.xml">
				<!-- weight -->
				<configuration name="baseMaterial" id="7" />
			</vehicle>
			<vehicle filename="RRW500_Multi/rrw500.xml" > <!-- trailer -->
			<configuration name="designMaterial" id="84"/>
        <configuration name="baseColor" id="74"/>
        <configuration name="rimColor" id="2"/>
        <configuration name="baseMaterial" id="84"/>
		</vehicle>
		<vehicle filename="hr12Trailer/hr12Trailer.xml" > <!-- trailer -->
			<configuration name="rimColor" id="2"/>
        <configuration name="baseColor" id="69"/>
        <configuration name="baseMaterial" id="84"/>
		</vehicle>
		</group>

		<group fieldSize="large" variant="PARSNIP">
			<vehicle filename="terraDosT4_40/terraDosT4_40.xml" /> <!-- combine -->
			<vehicle filename="HR12/5.4m/hr12_AllInOne.xml" /> <!-- header -->
			<vehicle filename="$data/vehicles/newHolland/t8/t8.xml">
				<!-- tractor -->
				<configuration name="wheel" id="1" />
				<configuration name="motor" id="3" />
			</vehicle>
			<vehicle filename="$data/vehicles/agco/weight1500/weight1500.xml">
				<!-- weight -->
				<configuration name="baseMaterial" id="8" />
			</vehicle>
			<vehicle filename="RRW500_Multi/rrw500.xml" /> <!-- trailer -->
			<vehicle filename="hr12Trailer/hr12Trailer.xml" /> <!-- trailer -->
		</group>
		
		<group fieldSize="large" variant="PARSNIP">
		<vehicle filename="terraDosT4_40/terraDosT4_40.xml" > <!-- combine -->
			<configuration name="designMaterial" id="43"/>
        <configuration name="baseColor" id="42"/>
        <configuration name="rimColor" id="69"/>
        <configuration name="baseMaterial" id="84"/>
		</vehicle>
			<vehicle filename="HR12/5.4m/hr12_AllInOne.xml" > <!-- header -->
			<configuration name="baseMaterial" id="84"/>
			</vehicle>
			<vehicle filename="$data/vehicles/masseyFerguson/series8S/series8S.xml"><!-- tractor -->
				<configuration name="motor" id="6" />
			</vehicle>
			<vehicle filename="$data/vehicles/agco/weight1500/weight1500.xml">
				<!-- weight -->
				<configuration name="baseMaterial" id="7" />
			</vehicle>
			<vehicle filename="RRW500_Multi/rrw500.xml" > <!-- trailer -->
			<configuration name="designMaterial" id="84"/>
        <configuration name="baseColor" id="74"/>
        <configuration name="rimColor" id="2"/>
        <configuration name="baseMaterial" id="84"/>
		</vehicle>
		<vehicle filename="hr12Trailer/hr12Trailer.xml" > <!-- trailer -->
			<configuration name="rimColor" id="2"/>
        <configuration name="baseColor" id="69"/>
        <configuration name="baseMaterial" id="84"/>
		</vehicle>
		</group>
		
		<!-- beetrootMission -->
		<group fieldSize="small" variant="BEETROOT">
			<vehicle filename="terraDosT4_40/terraDosT4_40.xml" /> <!-- combine -->
			<vehicle filename="HR12/5.4m/hr12_AllInOne.xml" /> <!-- header -->
			<vehicle filename="$data/vehicles/newHolland/t8/t8.xml">
				<!-- tractor -->
				<configuration name="wheel" id="1" />
				<configuration name="motor" id="3" />
			</vehicle>
			<vehicle filename="$data/vehicles/agco/weight1500/weight1500.xml">
				<!-- weight -->
				<configuration name="baseMaterial" id="8" />
			</vehicle>
			<vehicle filename="RRW500_Multi/rrw500.xml" /> <!-- trailer -->
			<vehicle filename="hr12Trailer/hr12Trailer.xml" /> <!-- trailer -->
			
		</group>
		
		<group fieldSize="small" variant="BEETROOT">
		<vehicle filename="terraDosT4_40/terraDosT4_40.xml" > <!-- combine -->
			<configuration name="designMaterial" id="43"/>
        <configuration name="baseColor" id="42"/>
        <configuration name="rimColor" id="69"/>
        <configuration name="baseMaterial" id="84"/>
		</vehicle>
			<vehicle filename="HR12/5.4m/hr12_AllInOne.xml" > <!-- header -->
			<configuration name="baseMaterial" id="84"/>
			</vehicle>
			<vehicle filename="$data/vehicles/masseyFerguson/series8S/series8S.xml"><!-- tractor -->
				<configuration name="motor" id="6" />
			</vehicle>
			<vehicle filename="$data/vehicles/agco/weight1500/weight1500.xml">
				<!-- weight -->
				<configuration name="baseMaterial" id="7" />
			</vehicle>
			<vehicle filename="RRW500_Multi/rrw500.xml" > <!-- trailer -->
			<configuration name="designMaterial" id="84"/>
        <configuration name="baseColor" id="74"/>
        <configuration name="rimColor" id="2"/>
        <configuration name="baseMaterial" id="84"/>
		</vehicle>
		<vehicle filename="hr12Trailer/hr12Trailer.xml" > <!-- trailer -->
			<configuration name="rimColor" id="2"/>
        <configuration name="baseColor" id="69"/>
        <configuration name="baseMaterial" id="84"/>
		</vehicle>
		</group>

		<group fieldSize="medium" variant="BEETROOT" rewardScale="1.5">
			<vehicle filename="terraDosT4_40/terraDosT4_40.xml" /> <!-- combine -->
			<vehicle filename="HR12/5.4m/hr12_AllInOne.xml" /> <!-- header -->
			<vehicle filename="$data/vehicles/newHolland/t8/t8.xml">
				<!-- tractor -->
				<configuration name="wheel" id="1" />
				<configuration name="motor" id="3" />
			</vehicle>
			<vehicle filename="$data/vehicles/agco/weight1500/weight1500.xml">
				<!-- weight -->
				<configuration name="baseMaterial" id="8" />
			</vehicle>
			<vehicle filename="RRW500_Multi/rrw500.xml" /> <!-- trailer -->
			<vehicle filename="hr12Trailer/hr12Trailer.xml" /> <!-- trailer -->
		</group>
		
		<group fieldSize="medium" variant="BEETROOT">
		<vehicle filename="terraDosT4_40/terraDosT4_40.xml" > <!-- combine -->
			<configuration name="designMaterial" id="43"/>
        <configuration name="baseColor" id="42"/>
        <configuration name="rimColor" id="69"/>
        <configuration name="baseMaterial" id="84"/>
		</vehicle>
			<vehicle filename="HR12/5.4m/hr12_AllInOne.xml" > <!-- header -->
			<configuration name="baseMaterial" id="84"/>
			</vehicle>
			<vehicle filename="$data/vehicles/masseyFerguson/series8S/series8S.xml"><!-- tractor -->
				<configuration name="motor" id="6" />
			</vehicle>
			<vehicle filename="$data/vehicles/agco/weight1500/weight1500.xml">
				<!-- weight -->
				<configuration name="baseMaterial" id="7" />
			</vehicle>
			<vehicle filename="RRW500_Multi/rrw500.xml" > <!-- trailer -->
			<configuration name="designMaterial" id="84"/>
        <configuration name="baseColor" id="74"/>
        <configuration name="rimColor" id="2"/>
        <configuration name="baseMaterial" id="84"/>
		</vehicle>
		<vehicle filename="hr12Trailer/hr12Trailer.xml" > <!-- trailer -->
			<configuration name="rimColor" id="2"/>
        <configuration name="baseColor" id="69"/>
        <configuration name="baseMaterial" id="84"/>
		</vehicle>
		</group>

		<group fieldSize="large" variant="BEETROOT">
			<vehicle filename="terraDosT4_40/terraDosT4_40.xml" /> <!-- combine -->
			<vehicle filename="HR12/5.4m/hr12_AllInOne.xml" /> <!-- header -->
			<vehicle filename="$data/vehicles/newHolland/t8/t8.xml">
				<!-- tractor -->
				<configuration name="wheel" id="1" />
				<configuration name="motor" id="3" />
			</vehicle>
			<vehicle filename="$data/vehicles/agco/weight1500/weight1500.xml">
				<!-- weight -->
				<configuration name="baseMaterial" id="8" />
			</vehicle>
			<vehicle filename="RRW500_Multi/rrw500.xml" /> <!-- trailer -->
			<vehicle filename="hr12Trailer/hr12Trailer.xml" /> <!-- trailer -->
		</group>
		
		<group fieldSize="large" variant="BEETROOT">
		<vehicle filename="terraDosT4_40/terraDosT4_40.xml" > <!-- combine -->
			<configuration name="designMaterial" id="43"/>
        <configuration name="baseColor" id="42"/>
        <configuration name="rimColor" id="69"/>
        <configuration name="baseMaterial" id="84"/>
		</vehicle>
			<vehicle filename="HR12/5.4m/hr12_AllInOne.xml" > <!-- header -->
			<configuration name="baseMaterial" id="84"/>
			</vehicle>
			<vehicle filename="$data/vehicles/masseyFerguson/series8S/series8S.xml"><!-- tractor -->
				<configuration name="motor" id="6" />
			</vehicle>
			<vehicle filename="$data/vehicles/agco/weight1500/weight1500.xml">
				<!-- weight -->
				<configuration name="baseMaterial" id="7" />
			</vehicle>
			<vehicle filename="RRW500_Multi/rrw500.xml" > <!-- trailer -->
			<configuration name="designMaterial" id="84"/>
        <configuration name="baseColor" id="74"/>
        <configuration name="rimColor" id="2"/>
        <configuration name="baseMaterial" id="84"/>
		</vehicle>
		<vehicle filename="hr12Trailer/hr12Trailer.xml" > <!-- trailer -->
			<configuration name="rimColor" id="2"/>
        <configuration name="baseColor" id="69"/>
        <configuration name="baseMaterial" id="84"/>
		</vehicle>
		</group>
		
		
		

		<!-- potatoMission -->
		<group fieldSize="small" variant="POTATO">
			<vehicle filename="terraDosT4_40/terraDosT4_40.xml" /> <!-- combine -->
			<vehicle filename="HR12/5.4m/hr12_AllInOne.xml" /> <!-- header -->
			<vehicle filename="HR12/5.4m/hr12P.xml" /> <!-- header -->
			<vehicle filename="$data/vehicles/newHolland/t8/t8.xml">
				<!-- tractor -->
				<configuration name="wheel" id="1" />
				<configuration name="motor" id="3" />
			</vehicle>
			<vehicle filename="$data/vehicles/agco/weight1500/weight1500.xml">
				<!-- weight -->
				<configuration name="baseMaterial" id="8" />
			</vehicle>
			<vehicle filename="RRW500_Multi/rrw500.xml" /> <!-- trailer -->
			<vehicle filename="hr12Trailer/hr12Trailer.xml" /> <!-- trailer -->
		</group>
		
		<group fieldSize="small" variant="POTATO">
		<vehicle filename="terraDosT4_40/terraDosT4_40.xml" > <!-- combine -->
			<configuration name="designMaterial" id="43"/>
        <configuration name="baseColor" id="42"/>
        <configuration name="rimColor" id="69"/>
        <configuration name="baseMaterial" id="84"/>
		</vehicle>
			<vehicle filename="HR12/5.4m/hr12_AllInOne.xml" > <!-- header -->
			<configuration name="baseMaterial" id="84"/>
			</vehicle>
			<vehicle filename="HR12/5.4m/hr12P.xml" /> <!-- header -->
			<vehicle filename="$data/vehicles/masseyFerguson/series8S/series8S.xml"><!-- tractor -->
				<configuration name="motor" id="6" />
			</vehicle>
			<vehicle filename="$data/vehicles/agco/weight1500/weight1500.xml">
				<!-- weight -->
				<configuration name="baseMaterial" id="7" />
			</vehicle>
			<vehicle filename="RRW500_Multi/rrw500.xml" > <!-- trailer -->
			<configuration name="designMaterial" id="84"/>
        <configuration name="baseColor" id="74"/>
        <configuration name="rimColor" id="2"/>
        <configuration name="baseMaterial" id="84"/>
		</vehicle>
		<vehicle filename="hr12Trailer/hr12Trailer.xml" > <!-- trailer -->
			<configuration name="rimColor" id="2"/>
        <configuration name="baseColor" id="69"/>
        <configuration name="baseMaterial" id="84"/>
		</vehicle>
		</group>
		
		<group fieldSize="medium" variant="POTATO">
			<vehicle filename="terraDosT4_40/terraDosT4_40.xml" /> <!-- combine -->
			<vehicle filename="HR12/5.4m/hr12_AllInOne.xml" /> <!-- header -->
			<vehicle filename="HR12/5.4m/hr12P.xml" /> <!-- header -->
			<vehicle filename="$data/vehicles/newHolland/t8/t8.xml">
				<!-- tractor -->
				<configuration name="wheel" id="1" />
				<configuration name="motor" id="3" />
			</vehicle>
			<vehicle filename="$data/vehicles/agco/weight1500/weight1500.xml">
				<!-- weight -->
				<configuration name="baseMaterial" id="8" />
			</vehicle>
			<vehicle filename="RRW500_Multi/rrw500.xml" /> <!-- trailer -->
			<vehicle filename="hr12Trailer/hr12Trailer.xml" /> <!-- trailer -->
		</group>
		
		<group fieldSize="medium" variant="POTATO">
		<vehicle filename="terraDosT4_40/terraDosT4_40.xml" > <!-- combine -->
			<configuration name="designMaterial" id="43"/>
        <configuration name="baseColor" id="42"/>
        <configuration name="rimColor" id="69"/>
        <configuration name="baseMaterial" id="84"/>
		</vehicle>
			<vehicle filename="HR12/5.4m/hr12_AllInOne.xml" > <!-- header -->
			<configuration name="baseMaterial" id="84"/>
			</vehicle>
			<vehicle filename="HR12/5.4m/hr12P.xml" /> <!-- header -->
			<vehicle filename="$data/vehicles/masseyFerguson/series8S/series8S.xml"><!-- tractor -->
				<configuration name="motor" id="6" />
			</vehicle>
			<vehicle filename="$data/vehicles/agco/weight1500/weight1500.xml">
				<!-- weight -->
				<configuration name="baseMaterial" id="7" />
			</vehicle>
			<vehicle filename="RRW500_Multi/rrw500.xml" > <!-- trailer -->
			<configuration name="designMaterial" id="84"/>
        <configuration name="baseColor" id="74"/>
        <configuration name="rimColor" id="2"/>
        <configuration name="baseMaterial" id="84"/>
		</vehicle>
		<vehicle filename="hr12Trailer/hr12Trailer.xml" > <!-- trailer -->
			<configuration name="rimColor" id="2"/>
        <configuration name="baseColor" id="69"/>
        <configuration name="baseMaterial" id="84"/>
		</vehicle>
		</group>
		
		<group fieldSize="large" variant="POTATO">
			<vehicle filename="terraDosT4_40/terraDosT4_40.xml" /> <!-- combine -->
			<vehicle filename="HR12/5.4m/hr12_AllInOne.xml" /> <!-- header -->
			<vehicle filename="HR12/5.4m/hr12P.xml" /> <!-- header -->
			<vehicle filename="$data/vehicles/newHolland/t8/t8.xml">
				<!-- tractor -->
				<configuration name="wheel" id="1" />
				<configuration name="motor" id="3" />
			</vehicle>
			<vehicle filename="$data/vehicles/agco/weight1500/weight1500.xml">
				<!-- weight -->
				<configuration name="baseMaterial" id="8" />
			</vehicle>
			<vehicle filename="RRW500_Multi/rrw500.xml" /> <!-- trailer -->
			<vehicle filename="hr12Trailer/hr12Trailer.xml" /> <!-- trailer -->
		</group>
		
		<group fieldSize="large" variant="POTATO">
		<vehicle filename="terraDosT4_40/terraDosT4_40.xml" > <!-- combine -->
			<configuration name="designMaterial" id="43"/>
        <configuration name="baseColor" id="42"/>
        <configuration name="rimColor" id="69"/>
        <configuration name="baseMaterial" id="84"/>
		</vehicle>
			<vehicle filename="HR12/5.4m/hr12_AllInOne.xml" > <!-- header -->
			<configuration name="baseMaterial" id="84"/>
			</vehicle>
			<vehicle filename="HR12/5.4m/hr12P.xml" /> <!-- header -->
			<vehicle filename="$data/vehicles/masseyFerguson/series8S/series8S.xml"><!-- tractor -->
				<configuration name="motor" id="6" />
			</vehicle>
			<vehicle filename="$data/vehicles/agco/weight1500/weight1500.xml">
				<!-- weight -->
				<configuration name="baseMaterial" id="7" />
			</vehicle>
			<vehicle filename="RRW500_Multi/rrw500.xml" > <!-- trailer -->
			<configuration name="designMaterial" id="84"/>
        <configuration name="baseColor" id="74"/>
        <configuration name="rimColor" id="2"/>
        <configuration name="baseMaterial" id="84"/>
		</vehicle>
		<vehicle filename="hr12Trailer/hr12Trailer.xml" > <!-- trailer -->
			<configuration name="rimColor" id="2"/>
        <configuration name="baseColor" id="69"/>
        <configuration name="baseMaterial" id="84"/>
		</vehicle>
		</group>
		
		<!-- cottonMission -->
		<group fieldSize="small" variant="COTTON">
			<vehicle filename="terraDosT4_40/terraDosT4_40.xml" /> <!-- combine -->
			<vehicle filename="HR12/5.4m/hr12_AllInOne.xml" /> <!-- header -->
			<vehicle filename="$data/vehicles/newHolland/t8/t8.xml">
				<!-- tractor -->
				<configuration name="wheel" id="1" />
				<configuration name="motor" id="3" />
			</vehicle>
			<vehicle filename="$data/vehicles/agco/weight1500/weight1500.xml">
				<!-- weight -->
				<configuration name="baseMaterial" id="8" />
			</vehicle>
			<vehicle filename="RRW500_Multi/rrw500.xml" /> <!-- trailer -->
			<vehicle filename="hr12Trailer/hr12Trailer.xml" /> <!-- trailer -->
		</group>
		
		<group fieldSize="small" variant="COTTON">
		<vehicle filename="terraDosT4_40/terraDosT4_40.xml" > <!-- combine -->
			<configuration name="designMaterial" id="43"/>
        <configuration name="baseColor" id="42"/>
        <configuration name="rimColor" id="69"/>
        <configuration name="baseMaterial" id="84"/>
		</vehicle>
			<vehicle filename="HR12/5.4m/hr12_AllInOne.xml" > <!-- header -->
			<configuration name="baseMaterial" id="84"/>
			</vehicle>
			<vehicle filename="$data/vehicles/masseyFerguson/series8S/series8S.xml"><!-- tractor -->
				<configuration name="motor" id="6" />
			</vehicle>
			<vehicle filename="$data/vehicles/agco/weight1500/weight1500.xml">
				<!-- weight -->
				<configuration name="baseMaterial" id="7" />
			</vehicle>
			<vehicle filename="RRW500_Multi/rrw500.xml" > <!-- trailer -->
			<configuration name="designMaterial" id="84"/>
        <configuration name="baseColor" id="74"/>
        <configuration name="rimColor" id="2"/>
        <configuration name="baseMaterial" id="84"/>
		</vehicle>
		<vehicle filename="hr12Trailer/hr12Trailer.xml" > <!-- trailer -->
			<configuration name="rimColor" id="2"/>
        <configuration name="baseColor" id="69"/>
        <configuration name="baseMaterial" id="84"/>
		</vehicle>
		</group>
		
		<group fieldSize="medium" variant="COTTON">
			<vehicle filename="terraDosT4_40/terraDosT4_40.xml" /> <!-- combine -->
			<vehicle filename="HR12/5.4m/hr12_AllInOne.xml" /> <!-- header -->
			<vehicle filename="$data/vehicles/newHolland/t8/t8.xml">
				<!-- tractor -->
				<configuration name="wheel" id="1" />
				<configuration name="motor" id="3" />
			</vehicle>
			<vehicle filename="$data/vehicles/agco/weight1500/weight1500.xml">
				<!-- weight -->
				<configuration name="baseMaterial" id="8" />
			</vehicle>
			<vehicle filename="RRW500_Multi/rrw500.xml" /> <!-- trailer -->
			<vehicle filename="hr12Trailer/hr12Trailer.xml" /> <!-- trailer -->
		</group>
		
		<group fieldSize="medium" variant="COTTON">
		<vehicle filename="terraDosT4_40/terraDosT4_40.xml" > <!-- combine -->
			<configuration name="designMaterial" id="43"/>
        <configuration name="baseColor" id="42"/>
        <configuration name="rimColor" id="69"/>
        <configuration name="baseMaterial" id="84"/>
		</vehicle>
			<vehicle filename="HR12/5.4m/hr12_AllInOne.xml" > <!-- header -->
			<configuration name="baseMaterial" id="84"/>
			</vehicle>
			<vehicle filename="$data/vehicles/masseyFerguson/series8S/series8S.xml"><!-- tractor -->
				<configuration name="motor" id="6" />
			</vehicle>
			<vehicle filename="$data/vehicles/agco/weight1500/weight1500.xml">
				<!-- weight -->
				<configuration name="baseMaterial" id="7" />
			</vehicle>
			<vehicle filename="RRW500_Multi/rrw500.xml" > <!-- trailer -->
			<configuration name="designMaterial" id="84"/>
        <configuration name="baseColor" id="74"/>
        <configuration name="rimColor" id="2"/>
        <configuration name="baseMaterial" id="84"/>
		</vehicle>
		<vehicle filename="hr12Trailer/hr12Trailer.xml" > <!-- trailer -->
			<configuration name="rimColor" id="2"/>
        <configuration name="baseColor" id="69"/>
        <configuration name="baseMaterial" id="84"/>
		</vehicle>
		</group>
		
		<group fieldSize="large" variant="COTTON">
			<vehicle filename="terraDosT4_40/terraDosT4_40.xml" /> <!-- combine -->
			<vehicle filename="HR12/5.4m/hr12_AllInOne.xml" /> <!-- header -->
			<vehicle filename="$data/vehicles/newHolland/t8/t8.xml">
				<!-- tractor -->
				
				<configuration name="motor" id="3" />
			</vehicle>
			<vehicle filename="$data/vehicles/agco/weight1500/weight1500.xml">
				<!-- weight -->
				<configuration name="baseMaterial" id="8" />
			</vehicle>
			<vehicle filename="RRW500_Multi/rrw500.xml" /> <!-- trailer -->
			<vehicle filename="hr12Trailer/hr12Trailer.xml" /> <!-- trailer -->
		</group>
		
		<group fieldSize="large" variant="COTTON">
		<vehicle filename="terraDosT4_40/terraDosT4_40.xml" > <!-- combine -->
			<configuration name="designMaterial" id="43"/>
        <configuration name="baseColor" id="42"/>
        <configuration name="rimColor" id="69"/>
        <configuration name="baseMaterial" id="84"/>
		</vehicle>
			<vehicle filename="HR12/5.4m/hr12_AllInOne.xml" > <!-- header -->
			<configuration name="baseMaterial" id="84"/>
			</vehicle>
			<vehicle filename="$data/vehicles/masseyFerguson/series8S/series8S.xml"><!-- tractor -->
				<configuration name="motor" id="6" />
			</vehicle>
			<vehicle filename="$data/vehicles/agco/weight1500/weight1500.xml">
				<!-- weight -->
				<configuration name="baseMaterial" id="7" />
			</vehicle>
			<vehicle filename="RRW500_Multi/rrw500.xml" > <!-- trailer -->
			<configuration name="designMaterial" id="84"/>
        <configuration name="baseColor" id="74"/>
        <configuration name="rimColor" id="2"/>
        <configuration name="baseMaterial" id="84"/>
		</vehicle>
		<vehicle filename="hr12Trailer/hr12Trailer.xml" > <!-- trailer -->
			<configuration name="rimColor" id="2"/>
        <configuration name="baseColor" id="69"/>
        <configuration name="baseMaterial" id="84"/>
		</vehicle>
		</group>
		
		
	</mission>
	
	<mission type="chaff">
		<!-- maizeMission -->
		<group fieldSize="small" variant="MAIZE">
			<vehicle filename="terraDosT4_40/terraDosT4_40_Forage.xml" /> <!-- combine -->
			<vehicle filename="forageHeaders/orbis900.xml" /> <!-- header -->
			<vehicle filename="$data/vehicles/johnDeere/series8R/series8R.xml">
				<!-- tractor -->
				<configuration name="attacherJoint" id="2"/>
				<configuration name="motor" id="5" />
			</vehicle>
			<vehicle filename="RRW500_Multi/rrw500.xml" > <!-- trailer -->
			<configuration name="baseColor" id="77"/>
        <configuration name="designMaterial" id="96"/>
		<configuration name="rimColor" id="78"/>
		<configuration name="baseMaterial" id="96"/>
		</vehicle>
		<vehicle filename="$data/objects/pallets/bonsilage/bonsilagePallet.xml" /> <!-- additive -->
			
		</group>

		

		<group fieldSize="medium" variant="MAIZE">  
			<vehicle filename="terraDosT4_40/terraDosT4_40_Forage.xml" /> <!-- combine -->
			<vehicle filename="forageHeaders/orbis900_F.xml" /> <!-- header -->
			<vehicle filename="$data/vehicles/johnDeere/series8R/series8R.xml">
				<!-- tractor -->
				<configuration name="attacherJoint" id="2"/>
				<configuration name="motor" id="5" />
			</vehicle>
			<vehicle filename="RRW500_Multi/rrw500.xml" > <!-- trailer -->
			<configuration name="baseColor" id="77"/>
        <configuration name="designMaterial" id="96"/>
		<configuration name="rimColor" id="78"/>
		<configuration name="baseMaterial" id="96"/>
		</vehicle>
		<vehicle filename="$data/objects/pallets/bonsilage/bonsilagePallet.xml" /> <!-- additive -->
			
		</group>

		

		<group fieldSize="large" variant="MAIZE"> 	
			<vehicle filename="terraDosT4_40/terraDosT4_40_Forage.xml" /> <!-- combine -->
			<vehicle filename="forageHeaders/orbis900_F.xml" /> <!-- header -->
			<vehicle filename="$data/vehicles/johnDeere/series8R/series8R.xml">
				<!-- tractor -->
				<configuration name="attacherJoint" id="2"/>
				<configuration name="motor" id="5" />
			</vehicle>
			<vehicle filename="RRW500_Multi/rrw500.xml" > <!-- trailer -->
			<configuration name="baseColor" id="77"/>
        <configuration name="designMaterial" id="96"/>
		<configuration name="rimColor" id="78"/>
		<configuration name="baseMaterial" id="96"/>
		</vehicle>
		<vehicle filename="$data/objects/pallets/bonsilage/bonsilagePallet.xml" /> <!-- additive -->
			
		</group>

		

		<!-- grain Mission -->
		<group fieldSize="small" variant="GRAIN">
			<vehicle filename="terraDosT4_40/terraDosT4_40_Forage.xml" /> <!-- combine -->
			<vehicle filename="forageHeaders/orbis900.xml" /> <!-- header -->
			<vehicle filename="$data/vehicles/johnDeere/series8R/series8R.xml">
				<!-- tractor -->
				<configuration name="attacherJoint" id="2"/>
				<configuration name="motor" id="5" />
			</vehicle>
			<vehicle filename="RRW500_Multi/rrw500.xml" > <!-- trailer -->
			<configuration name="baseColor" id="77"/>
        <configuration name="designMaterial" id="96"/>
		<configuration name="rimColor" id="78"/>
		<configuration name="baseMaterial" id="96"/>
		</vehicle>
		<vehicle filename="$data/objects/pallets/bonsilage/bonsilagePallet.xml" /> <!-- additive -->
			
		</group>

		<group fieldSize="medium" variant="GRAIN">  
			<vehicle filename="terraDosT4_40/terraDosT4_40_Forage.xml" /> <!-- combine -->
			<vehicle filename="forageHeaders/orbis900_F.xml" /> <!-- header -->
			<vehicle filename="$data/vehicles/johnDeere/series8R/series8R.xml">
				<!-- tractor -->
				<configuration name="attacherJoint" id="2"/>
				<configuration name="motor" id="5" />
			</vehicle>
			<vehicle filename="RRW500_Multi/rrw500.xml" > <!-- trailer -->
			<configuration name="baseColor" id="77"/>
        <configuration name="designMaterial" id="96"/>
		<configuration name="rimColor" id="78"/>
		<configuration name="baseMaterial" id="96"/>
		</vehicle>
		<vehicle filename="$data/objects/pallets/bonsilage/bonsilagePallet.xml" /> <!-- additive -->
			
		</group>

		

		<group fieldSize="large" variant="GRAIN"> 	
			<vehicle filename="terraDosT4_40/terraDosT4_40_Forage.xml" /> <!-- combine -->
			<vehicle filename="forageHeaders/orbis900_F.xml" /> <!-- header -->
			<vehicle filename="$data/vehicles/johnDeere/series8R/series8R.xml">
				<!-- tractor -->
				<configuration name="attacherJoint" id="2"/>
				<configuration name="motor" id="5" />
			</vehicle>
			<vehicle filename="RRW500_Multi/rrw500.xml" > <!-- trailer -->
			<configuration name="baseColor" id="77"/>
        <configuration name="designMaterial" id="96"/>
		<configuration name="rimColor" id="78"/>
		<configuration name="baseMaterial" id="96"/>
		</vehicle>
        <vehicle filename="$data/objects/pallets/bonsilage/bonsilagePallet.xml" /> <!-- additive -->		
		</group>

		

		
	</mission>
</missionVehicles>