﻿<?xml version="1.0" encoding="utf-8" standalone="no" ?>
<modDesc descVersion="79">
    <author>MarkThor</author>
    <version>1.0.0.1</version>
	
	<title>
        <en>T4-40 Multi Harvester Pack</en>
		<de>Terra Dos T4-40 Mähdrescher Pack</de>
		<fr>Terra Dos T4-40 Moissonneuse Multiple Pack</fr>
		<es>Terra Dos T4-40 Multi Cosechadora Pack</es>
    </title>
	
    <description>
<en>
<![CDATA[Now with access to new machining technology, the Holmer TerraDos T4-40 is now able to harvest multiple crops thanks to interchangeable adapted headers
- Holmer T4-40 Multi found in Beet Technology
- Price, from:$200,000
- Engine power: 696HP - 2350HP
- Speed 60kph - 200kph
- Capacity configurations of 60 thousand litres, 250 thousand litres or 1million litres
- Colour configurations
- Tyre configurations (all crop safe)

- Headers are 5.4m, with a choice of 9mph,18mph or Unreal
- Header prices are:$10,000, $15,000 and $20,000
- Trailer included, price : $8,000
- Harvest the following
- Beetroots
- Carrots
- Cotton
- Parsnips
- Potatoes
- SugarBeets
- SugarCane
- Each header is found in the relevant store category, with the exception of the carrot and parsnip headers, which can be found in the miscellaneous category

Changelog 1.0.0.1:

- Improved AI worker
- Added equipment configurations for contract missions (Beetroot, Carrot, Parsnip, SugarBeet, Potato and Cotton Harvesting)
- Added equipment configurations for forage contract missions (You need the Forage Contracts mod for this to work)(PC ONLY)
- Beetroots, carrots, cotton, parsnips, potatoes, sugarbeets and sugarcane can now be harvested with a single header found in Beet Technology category, still available in 3 speed options
- To be able to harvest potatoes, sugarbeets and sugarcane you need the relevent topper addon which you will find in those categories or through the combinations tab, each is $250. Once purchased, you will find a parts crate that you can attach to the front of the header. Just select the addon and detach when finished
- There is an option to add a potato, sugarbeet or sugarcane decal to your header to identify it if you have one of the addons
- Added T4-40 Forage Harvester, find this in Forage Harvesters, price from $200,000
- Added a 9 metre forage header available in 9mph for $25,000, 18mph for $30,000, or Unreal for $35,000, find this in Forage Harvester Headers category, forage header can also harvest grass
- Added a 9 metre poplar header available in 9mph for $25,000, 18mph for $30,000, or Unreal for $35,000, find this in Forage Harvester Headers category
- Added a Lizard RRW 500 Multi to cart all crops from the field, price from : $50,000
- Added a pin hitch to the header trailer so you can daisy chain]]>
</en>
<de>
<![CDATA[Dank einer neuen Bearbeitungstechnologie kann die Holmer TerraDos T4-40 dank austauschbarer, angepasster Köpfe nun mehrere Kulturen ernten
- Holmer T4-40 Multi gefunden in Rüben-Technologie
- Preis, von:€200.000
- Motorleistung: 696HP - 2350HP
- Kapazitätskonfigurationen von 60 Tausend Litern, 250 Tausend Litern oder 1 Million Litern
- Farbe Konfigurationen
- Konfigurationen der Bereifung (alle Kulturen sicher)

- Header sind 5.4m, mit einer Auswahl von 9mph, 18mph oder Unreal
- Kopfpreise sind: €10.000, €15.000 und €20,000
- Inklusive Anhänger, Preis : €8,000
- Ernten Sie Folgendes
- Rote Beete
- Mohrrüben
- Baumwolle
- Pastinaken
- Kartoffeln
- Zuckerrüben
- Zuckerrohr
- Jede Kopfzeile befindet sich in der entsprechenden Geschäftskategorie, mit Ausnahme der Karotten- und Pastinaken-Kopfzeilen, die in der Kategorie Verschiedenes zu finden sind

Änderungsliste 1.0.0.1:

- Zusätzliche Ausrüstungskonfigurationen für Vertragsmissionen (Rüben-, Karotten-, Pastinaken-, Zuckerrüben-, Kartoffel- und Baumwollernte)
- Ausrüstungskonfigurationen für Futtervertragsmissionen wurden hinzugefügt (Sie benötigen die Mod "Forage Contracts", damit dies funktioniert) (NUR PC)
- Rote Beete, Karotten, Baumwolle, Pastinaken, Kartoffeln, Zuckerrüben und Zuckerrohr können nun mit einem einzigen Erntegerät geerntet werden, das in der Kategorie "Rübentechnologie" zu finden ist und weiterhin in 3 Geschwindigkeitsoptionen verfügbar ist
- Um Kartoffeln, Zuckerrüben und Zuckerrohr ernten zu können, benötigen Sie das entsprechende Topper-Addon, das Sie in diesen Kategorien oder über die Registerkarte "Kombinationen" finden, jedes kostet €250. Nach dem Kauf finden Sie eine Teilekiste, die Sie an der Vorderseite des Headers anbringen können. Wählen Sie einfach das Addon und lösen Sie es, wenn Sie fertig sind.
- Es besteht die Möglichkeit, einen Kartoffel-, Zuckerrüben- oder Zuckerrohraufkleber auf den Header zu kleben, um ihn zu identifizieren, wenn Sie eines der Addons haben
- T4-40 Feldhäcksler hinzugefügt, zu finden in Feldhäcksler, Preis ab €200.000
- Ein 9-Meter-Feldhäcksler wurde hinzugefügt, erhältlich in 9mph für €25.000, 18mph für €30.000 oder Unreal für €35.000, zu finden in der Kategorie Feldhäcksler, Feldhäcksler können auch Gras ernten
- Ein 9 Meter langer Pappelvorsatz wurde hinzugefügt, erhältlich in 9mph für €25,000, 18mph für €30,000 oder Unreal für €35,000, zu finden in der Kategorie Futtererntemaschinenvorsätze
- Ein Lizard RRW 500 Multi wurde hinzugefügt, um alle Erntegüter vom Feld zu transportieren, Preis: €50.000
- Hinzufügen einer Bolzenkupplung für den Anhänger, so dass Sie eine Verkettung vornehmen können]]>
</de>
<fr>
<![CDATA[Bénéficiant d'une nouvelle technologie d'usinage, le Holmer TerraDos T4-40 est désormais capable de récolter plusieurs cultures grâce à des collecteurs interchangeables adaptés
- Holmer T4-40 Multi trouvé dans Technologie de la betterave
- Prix, à partir de: €200,000
- Puissance du moteur : 696HP - 2350HP
- Configurations de capacité de 60 000 litres, 250 000 litres ou 1 million de litres
- Configurations des couleurs
- Configurations des pneus (toutes les cultures sont sans danger)

- Les collecteurs sont de 5,4 m, avec un choix de 9mph, 18mph ou Unreal
- Les prix de l'en-tête sont les suivants : €10,000, €15,000 et €20,000.
- Remorque incluse, prix : €8,000
- Récolte des éléments suivants
- Betteraves
- Carottes
- Coton
- Panais
- Pommes de terre
- Betteraves à sucre
- Canne à sucre
- Chaque en-tête se trouve dans la catégorie de magasin correspondante, à l'exception des en-têtes carotte et panais, qui se trouvent dans la catégorie divers.

Changement 1.0.0.1 :

- Ajout de configurations d'équipement pour les missions contractuelles (récolte de betteraves, de carottes, de panais, de betteraves à sucre, de pommes de terre et de coton)
- Ajout de configurations d'équipement pour les missions de contrat de fourrage (Vous avez besoin du mod Forage Contracts pour que cela fonctionne) (PC UNIQUEMENT)
- Les betteraves, les carottes, le coton, le panais, les pommes de terre, les betteraves à sucre et la canne à sucre peuvent désormais être récoltées avec une seule tête de récolte trouvée dans la catégorie Technologie de la betterave, toujours disponible en 3 options de vitesse.
- Pour pouvoir récolter les pommes de terre, les betteraves à sucre et la canne à sucre, vous avez besoin de l'addon topper correspondant que vous trouverez dans ces catégories ou dans l'onglet des combinaisons, chacun coûtant €250 . Une fois l'achat effectué, vous trouverez une caisse de pièces détachées que vous pourrez fixer à l'avant de l'en-tête. Il suffit de sélectionner l'addon et de le détacher lorsque vous avez terminé.
- Il y a une option pour ajouter un décalque de pomme de terre, de betterave à sucre ou de canne à sucre à votre collecteur pour l'identifier si vous avez l'un de ces addons.
- Ajout d'une ensileuse T4-40, trouvée dans Ensileuses, prix à partir de €200,000
- Ajout d'une ensileuse de 9 mètres disponible en 9mph pour 25 000 €, 18mph pour 30 000 €, ou Unreal pour 35 000 €, disponible dans la catégorie Ensileuses, l'ensileuse peut aussi récolter de l'herbe.
- Ajout d'un collecteur de peupliers de 9 mètres disponible en 9mph pour €25,000, 18mph pour €30,000, ou Unreal pour €35,000, trouvez-le dans la catégorie des collecteurs d'ensileuses.
- Ajout d'un Lizard RRW 500 Multi pour transporter toutes les récoltes du champ, prix : €50,000
- Ajout d'un attelage à broche à la remorque de tête afin de pouvoir l'attacher en guirlande.]]>
</fr>
<es>
<![CDATA[Ahora, con acceso a una nueva tecnología de mecanizado, el Holmer TerraDos T4-40 es capaz de cosechar múltiples cultivos gracias a los cabezales adaptados intercambiables
- Holmer T4-40 Multi encontrado en Tecnología de la remolacha
- Precio, de:€200.000
- Potencia del motor: 696HP - 2350HP
- Configuraciones de capacidad de 60 mil litros, 250 mil litros o 1 millón de litros
- Configuraciones de color
- Configuraciones de neumáticos (todos los cultivos seguros)

- Cabezales de 5,4 m, a elegir entre 9 mph,18 mph o Unreal
- Los precios de las cabeceras son:€10.000, €15,000 y €20,000
- Remolque incluido, precio : €8,000
- Coseche lo siguiente
- Remolachas
- Zanahorias
- Algodón
- Chirivías
- Patatas
- Remolacha azucarera
- Caña de azúcar
- Cada cabecera se encuentra en la categoría de tienda correspondiente, a excepción de las cabeceras de zanahoria y chirivía, que se encuentran en la categoría de varios

Cambios 1.0.0.1:

- Añadidas configuraciones de equipo para misiones de contrato (Remolacha, Zanahoria, Chirivía, Remolacha Azucarera, Patata y Cosecha de Algodón).
- Añadidas configuraciones de equipo para las misiones de contrato de forraje (Necesitas el mod de Contratos de Forraje para que esto funcione)(SOLO PC)
- Las remolachas, zanahorias, algodón, chirivías, patatas, remolachas azucareras y caña de azúcar ahora se pueden cosechar con un solo cabezal que se encuentra en la categoría Tecnología de remolacha, aún disponible en 3 opciones de velocidad
- Para poder cosechar patatas, remolacha azucarera y caña de azúcar se necesita el correspondiente complemento topper que encontrará en esas categorías o a través de la pestaña de combinaciones, cada uno cuesta €250. Una vez adquirida, encontrarás una caja de piezas que puedes acoplar a la parte delantera del cabezal. Sólo tienes que seleccionar el addon y separar cuando haya terminado.
- Hay una opción para añadir una patata, remolacha o caña de azúcar calcomanía a su cabecera para identificarlo si usted tiene uno de los addons
- Añadida picadora de forraje T4-40, encuéntrala en Picadoras de forraje, precio desde €200.000
- Añadido un cabezal forrajero de 9 metros disponible en 9mph por €25.000, 18mph por €30.000, o Unreal por €35.000, encuéntrelo en la categoría Cabezales de Picadoras, el cabezal forrajero también puede cosechar hierba
- Añadido un cabezal de álamo de 9 metros disponible en 9 mph por €25.000 , 18 mph por €30.000 , o Unreal por €35.000 , encuéntrelo en la categoría Cabezales Picadores de Forraje
- Añadido un Lizard RRW 500 Multi para acarrear todas las cosechas del campo, precio : €50,000
- Añadido un enganche de pasador para el remolque de cabecera para que pueda margarita en cadena]]>
</es>	
    </description>
	
    <multiplayer supported="true" />	
	
    <iconFilename>icon_terraDosT4_40.dds</iconFilename>
    <storeItems>
	    <storeItem  xmlFilename="terraDosT4_40/terraDosT4_40.xml"/>
		<storeItem  xmlFilename="HR12/5.4m/hr12P.xml"/>
		<storeItem  xmlFilename="HR12/5.4m/hr12SB.xml"/>
		<storeItem  xmlFilename="HR12/5.4m/hr12SC.xml"/>
        <storeItem  xmlFilename="HR12/5.4m/hr12_AllInOne.xml"/>
		<storeItem  xmlFilename="HR12/5.4m/hr12_AllInOne_F.xml"/>
		<storeItem  xmlFilename="HR12/5.4m/hr12_AllInOne_U.xml"/>
		<storeItem  xmlFilename="hr12Trailer/hr12Trailer.xml"/>
		<storeItem  xmlFilename="terraDosT4_40/terraDosT4_40_Forage.xml"/>
		<storeItem  xmlFilename="forageHeaders/orbis900.xml"/>
		<storeItem  xmlFilename="forageHeaders/orbis900_F.xml"/>
		<storeItem  xmlFilename="forageHeaders/orbis900_U.xml"/>
		<storeItem  xmlFilename="forageHeaders/orbis900Pop.xml"/>
		<storeItem  xmlFilename="forageHeaders/orbis900Pop_F.xml"/>
		<storeItem  xmlFilename="forageHeaders/orbis900Pop_U.xml"/>
		<storeItem  xmlFilename="RRW500_Multi/rrw500.xml"/>
		
		
		
	</storeItems>
	<missionVehicles filename="missions.xml" />
	<brands>
		<brand name="LIZARDLOGISTICS" title="Lizard Logistics" image="$data/store/brands/brand_lizardLogistics.dds"/>
	</brands>
	<l10n filenamePrefix="translations/l10n"/>
	
	


</modDesc>
